0
SECTION
2
HEADER
9
$HANDSEED
5
6ECD
9
$INSUNITS
70
6
9
$ACADVER
1
AC1021
9
$DWGCODEPAGE
3
UTF-8
0
ENDSEC
0
SECTION
2
CLASSES
0
ENDSEC
0
SECTION
2
TABLES
0
TABLE
2
LTYPE
5
6ECB
330
0
100
AcDbSymbolTable
70
5
0
LTYPE
5
6A2E
330
6ECB
100
AcDbSymbolTableRecord
100
AcDbLinetypeTableRecord
2
CONTINUOUS
3
______
70
0
72
65
73
0
40
0
0
LTYPE
5
6A2F
330
6ECB
100
AcDbSymbolTableRecord
100
AcDbLinetypeTableRecord
2
DASHED
3
_ _ _ 
70
0
72
65
73
2
40
10
49
5
74
0
49
-5
74
0
0
LTYPE
5
6A30
330
6ECB
100
AcDbSymbolTableRecord
100
AcDbLinetypeTableRecord
2
DOTTED
3
. . . 
70
0
72
65
73
2
40
5
49
0
74
0
49
-5
74
0
0
LTYPE
5
6A32
330
6ECB
100
AcDbSymbolTableRecord
100
AcDbLinetypeTableRecord
2
ByBlock
3

70
0
72
65
73
0
40
0
0
LTYPE
5
6A33
330
6ECB
100
AcDbSymbolTableRecord
100
AcDbLinetypeTableRecord
2
ByLayer
3

70
0
72
65
73
0
40
0
0
ENDTAB
0
TABLE
2
LAYER
5
6ECC
330
0
100
AcDbSymbolTable
70
27
0
LAYER
5
6A31
330
6ECC
100
AcDbSymbolTableRecord
100
AcDbLayerTableRecord
2
0
62
7
70
0
6
CONTINUOUS
390
1
0
LAYER
5
6A44
330
6ECC
100
AcDbSymbolTableRecord
100
AcDbLayerTableRecord
2
ZEMIN_PLATFORM
62
8
70
0
6
CONTINUOUS
390
1
0
LAYER
5
6A45
330
6ECC
100
AcDbSymbolTableRecord
100
AcDbLayerTableRecord
2
KORKULUK_KAPI
62
4
70
0
6
CONTINUOUS
390
1
0
LAYER
5
6A46
330
6ECC
100
AcDbSymbolTableRecord
100
AcDbLayerTableRecord
2
CELIK_KIRIS_KOLON
62
9
70
0
6
CONTINUOUS
390
1
0
LAYER
5
6A47
330
6ECC
100
AcDbSymbolTableRecord
100
AcDbLayerTableRecord
2
MONTAJ_BORULARI
62
2
70
0
6
CONTINUOUS
390
1
0
LAYER
5
6A48
330
6ECC
100
AcDbSymbolTableRecord
100
AcDbLayerTableRecord
2
KABLO_TAVALARI
62
6
70
0
6
CONTINUOUS
390
1
0
LAYER
5
6A49
330
6ECC
100
AcDbSymbolTableRecord
100
AcDbLayerTableRecord
2
YURUYUS_KORIDORU
62
3
70
0
6
DASHED
390
1
0
LAYER
5
6A4A
330
6ECC
100
AcDbSymbolTableRecord
100
AcDbLayerTableRecord
2
OLCULER
62
1
70
0
6
CONTINUOUS
390
1
0
LAYER
5
6A4B
330
6ECC
100
AcDbSymbolTableRecord
100
AcDbLayerTableRecord
2
METIN_BILGI
62
7
70
0
6
CONTINUOUS
390
1
0
LAYER
5
6A4C
330
6ECC
100
AcDbSymbolTableRecord
100
AcDbLayerTableRecord
2
EKP_TURKCELL_RRU
62
5
70
0
6
CONTINUOUS
390
1
0
LAYER
5
6A4D
330
6ECC
100
AcDbSymbolTableRecord
100
AcDbLayerTableRecord
2
EKP_VODAFONE_RRU
62
1
70
0
6
CONTINUOUS
390
1
0
LAYER
5
6A4E
330
6ECC
100
AcDbSymbolTableRecord
100
AcDbLayerTableRecord
2
EKP_TURK_TELEKOM_RRU
62
4
70
0
6
CONTINUOUS
390
1
0
LAYER
5
6A4F
330
6ECC
100
AcDbSymbolTableRecord
100
AcDbLayerTableRecord
2
EKP_POI_TASIYICI_SASE
62
30
70
0
6
CONTINUOUS
390
1
0
LAYER
5
6A50
330
6ECC
100
AcDbSymbolTableRecord
100
AcDbLayerTableRecord
2
EKP_POI_MODULLERI
62
40
70
0
6
CONTINUOUS
390
1
0
LAYER
5
6A51
330
6ECC
100
AcDbSymbolTableRecord
100
AcDbLayerTableRecord
2
EKP_RECTIFIER_ELTEK_20U
62
3
70
0
6
CONTINUOUS
390
1
0
LAYER
5
6A52
330
6ECC
100
AcDbSymbolTableRecord
100
AcDbLayerTableRecord
2
EKP_RECTIFIER_MTS9304A
62
94
70
0
6
CONTINUOUS
390
1
0
LAYER
5
6A53
330
6ECC
100
AcDbSymbolTableRecord
100
AcDbLayerTableRecord
2
BLOK_OZEL_PLATFORM
62
140
70
0
6
CONTINUOUS
390
1
0
LAYER
5
6A54
330
6ECC
100
AcDbSymbolTableRecord
100
AcDbLayerTableRecord
2
EKP_MATSING_ANTEN
62
2
70
0
6
CONTINUOUS
390
1
0
LAYER
5
6A55
330
6ECC
100
AcDbSymbolTableRecord
100
AcDbLayerTableRecord
2
EKP_PANEL_ANTEN
62
6
70
0
6
CONTINUOUS
390
1
0
LAYER
5
6A56
330
6ECC
100
AcDbSymbolTableRecord
100
AcDbLayerTableRecord
2
EKP_ANTEN_TASIYICI_KOL
62
141
70
0
6
CONTINUOUS
390
1
0
LAYER
5
6A57
330
6ECC
100
AcDbSymbolTableRecord
100
AcDbLayerTableRecord
2
EKP_DIGER_EKIPMANLAR
62
7
70
0
6
CONTINUOUS
390
1
0
LAYER
5
6A58
330
6ECC
100
AcDbSymbolTableRecord
100
AcDbLayerTableRecord
2
TAVA_PROFILI
62
6
70
0
6
CONTINUOUS
390
1
0
LAYER
5
6A59
330
6ECC
100
AcDbSymbolTableRecord
100
AcDbLayerTableRecord
2
TAVA_KONSOL
62
9
70
0
6
CONTINUOUS
390
1
0
LAYER
5
6A5A
330
6ECC
100
AcDbSymbolTableRecord
100
AcDbLayerTableRecord
2
DIKEY_KABLO_MERDIVENI
62
4
70
0
6
CONTINUOUS
390
1
0
LAYER
5
6A5B
330
6ECC
100
AcDbSymbolTableRecord
100
AcDbLayerTableRecord
2
GEMICI_MERDIVENI
62
2
70
0
6
CONTINUOUS
390
1
0
LAYER
5
6A5C
330
6ECC
100
AcDbSymbolTableRecord
100
AcDbLayerTableRecord
2
KBL_ENERJI_2X25
62
5
70
0
6
CONTINUOUS
390
1
0
LAYER
5
6A5D
330
6ECC
100
AcDbSymbolTableRecord
100
AcDbLayerTableRecord
2
KABLO_KLEMENS
62
1
70
0
6
CONTINUOUS
390
1
0
ENDTAB
0
TABLE
2
VPORT
5
6A34
330
0
100
AcDbSymbolTable
70
1
0
VPORT
5
6A3A
330
6A34
100
AcDbSymbolTableRecord
100
AcDbViewportTableRecord
2
*ACTIVE
40
1000
70
0
0
ENDTAB
0
TABLE
2
STYLE
5
6A35
330
0
100
AcDbSymbolTable
70
3
0
STYLE
5
6A3B
330
6A35
100
AcDbSymbolTableRecord
100
AcDbTextStyleTableRecord
2
standard
70
0
40
0
41
1
50
0
71
0
42
1
3
calibrib.ttf
4

1001
ACAD
1000
Calibri
1071
33554466
0
STYLE
5
6A3C
330
6A35
100
AcDbSymbolTableRecord
100
AcDbTextStyleTableRecord
2
STANDARD
70
0
40
0
41
1
50
0
71
0
42
1
3
calibrib.ttf
4

1001
ACAD
1000
Calibri
1071
33554466
0
STYLE
5
6A3D
330
6A35
100
AcDbSymbolTableRecord
100
AcDbTextStyleTableRecord
2
CALIBRI_BOLD
70
0
40
0
41
1
50
0
71
0
42
1
3
calibrib.ttf
4

1001
ACAD
1000
Calibri
1071
33554466
0
ENDTAB
0
TABLE
2
VIEW
5
6A36
330
0
100
AcDbSymbolTable
70
0
0
ENDTAB
0
TABLE
2
UCS
5
6A37
330
0
100
AcDbSymbolTable
70
0
0
ENDTAB
0
TABLE
2
APPID
5
6A38
330
0
100
AcDbSymbolTable
70
1
0
APPID
5
6A3E
330
6A38
100
AcDbSymbolTableRecord
100
AcDbRegAppTableRecord
2
ACAD
70
0
0
ENDTAB
0
TABLE
2
DIMSTYLE
5
6A39
330
0
100
AcDbSymbolTable
100
AcDbDimStyleTable
70
0
71
1
0
ENDTAB
0
TABLE
2
BLOCK_RECORD
5
6EC8
330
0
100
AcDbSymbolTable
70
2
0
BLOCK_RECORD
5
6EC9
330
6EC8
100
AcDbSymbolTableRecord
100
AcDbBlockTableRecord
2
*Model_Space
70
0
280
0
281
1
0
BLOCK_RECORD
5
6ECA
330
6EC8
100
AcDbSymbolTableRecord
100
AcDbBlockTableRecord
2
*Paper_Space
70
0
280
0
281
1
0
ENDTAB
0
ENDSEC
0
SECTION
2
BLOCKS
0
BLOCK
5
6A3F
330
0
100
AcDbEntity
100
AcDbBlockBegin
2
*Model_Space
70
0
10
0
20
0
30
0
3
*Model_Space
1

0
ENDBLK
5
6A40
330
0
100
AcDbEntity
100
AcDbBlockEnd
0
BLOCK
5
6A41
330
0
100
AcDbEntity
100
AcDbBlockBegin
2
*Paper_Space
70
0
10
0
20
0
30
0
3
*Paper_Space
1

0
ENDBLK
5
6A42
330
0
100
AcDbEntity
100
AcDbBlockEnd
0
ENDSEC
0
SECTION
2
ENTITIES
0
LWPOLYLINE
5
6A64
330
6A3F
100
AcDbEntity
100
AcDbPolyline
8
ZEMIN_PLATFORM
6
ByLayer
62
256
370
-1
90
4
70
1
10
-3.7
20
0.1
10
-3.7
20
1.3
10
3.7
20
1.3
10
3.7
20
0.1
0
LINE
5
6A65
330
6A3F
100
AcDbEntity
100
AcDbLine
8
ZEMIN_PLATFORM
10
-3.5
20
0.1
30
0
11
-3.5
21
1.3
31
0
0
LINE
5
6A66
330
6A3F
100
AcDbEntity
100
AcDbLine
8
ZEMIN_PLATFORM
10
-3
20
0.1
30
0
11
-3
21
1.3
31
0
0
LINE
5
6A67
330
6A3F
100
AcDbEntity
100
AcDbLine
8
ZEMIN_PLATFORM
10
-2.5
20
0.1
30
0
11
-2.5
21
1.3
31
0
0
LINE
5
6A68
330
6A3F
100
AcDbEntity
100
AcDbLine
8
ZEMIN_PLATFORM
10
-2
20
0.1
30
0
11
-2
21
1.3
31
0
0
LINE
5
6A69
330
6A3F
100
AcDbEntity
100
AcDbLine
8
ZEMIN_PLATFORM
10
-1.5
20
0.1
30
0
11
-1.5
21
1.3
31
0
0
LINE
5
6A6A
330
6A3F
100
AcDbEntity
100
AcDbLine
8
ZEMIN_PLATFORM
10
-1
20
0.1
30
0
11
-1
21
1.3
31
0
0
LINE
5
6A6B
330
6A3F
100
AcDbEntity
100
AcDbLine
8
ZEMIN_PLATFORM
10
-0.5
20
0.1
30
0
11
-0.5
21
1.3
31
0
0
LINE
5
6A6C
330
6A3F
100
AcDbEntity
100
AcDbLine
8
ZEMIN_PLATFORM
10
0
20
0.1
30
0
11
0
21
1.3
31
0
0
LINE
5
6A6D
330
6A3F
100
AcDbEntity
100
AcDbLine
8
ZEMIN_PLATFORM
10
0.5
20
0.1
30
0
11
0.5
21
1.3
31
0
0
LINE
5
6A6E
330
6A3F
100
AcDbEntity
100
AcDbLine
8
ZEMIN_PLATFORM
10
1
20
0.1
30
0
11
1
21
1.3
31
0
0
LINE
5
6A6F
330
6A3F
100
AcDbEntity
100
AcDbLine
8
ZEMIN_PLATFORM
10
1.5
20
0.1
30
0
11
1.5
21
1.3
31
0
0
LINE
5
6A70
330
6A3F
100
AcDbEntity
100
AcDbLine
8
ZEMIN_PLATFORM
10
2
20
0.1
30
0
11
2
21
1.3
31
0
0
LINE
5
6A71
330
6A3F
100
AcDbEntity
100
AcDbLine
8
ZEMIN_PLATFORM
10
2.5
20
0.1
30
0
11
2.5
21
1.3
31
0
0
LINE
5
6A72
330
6A3F
100
AcDbEntity
100
AcDbLine
8
ZEMIN_PLATFORM
10
3
20
0.1
30
0
11
3
21
1.3
31
0
0
LINE
5
6A73
330
6A3F
100
AcDbEntity
100
AcDbLine
8
ZEMIN_PLATFORM
10
3.5
20
0.1
30
0
11
3.5
21
1.3
31
0
0
LWPOLYLINE
5
6A76
330
6A3F
100
AcDbEntity
100
AcDbPolyline
8
ZEMIN_PLATFORM
6
ByLayer
62
256
370
-1
90
4
70
1
10
-1.6
20
-0.7000000000000001
10
-1.6
20
0.09999999999999998
10
-0.5
20
0.09999999999999998
10
-0.5
20
-0.7000000000000001
0
LINE
5
6A77
330
6A3F
100
AcDbEntity
100
AcDbLine
8
ZEMIN_PLATFORM
10
-1.5
20
-0.7000000000000001
30
0
11
-1.5
21
0.1
31
0
0
LINE
5
6A78
330
6A3F
100
AcDbEntity
100
AcDbLine
8
ZEMIN_PLATFORM
10
-1.2
20
-0.7000000000000001
30
0
11
-1.2
21
0.1
31
0
0
LINE
5
6A79
330
6A3F
100
AcDbEntity
100
AcDbLine
8
ZEMIN_PLATFORM
10
-0.9
20
-0.7000000000000001
30
0
11
-0.9
21
0.1
31
0
0
LINE
5
6A7A
330
6A3F
100
AcDbEntity
100
AcDbLine
8
ZEMIN_PLATFORM
10
-0.6
20
-0.7000000000000001
30
0
11
-0.6
21
0.1
31
0
0
LWPOLYLINE
5
6DDC
330
6A3F
100
AcDbEntity
100
AcDbPolyline
8
ZEMIN_PLATFORM
6
ByLayer
62
256
370
-1
90
4
70
1
10
-3.7
20
-6.62
10
-3.7
20
-6.5
10
3.7
20
-6.5
10
3.7
20
-6.62
0
TEXT
5
6DDD
330
6A3F
100
AcDbEntity
100
AcDbText
8
ZEMIN_PLATFORM
10
-0.2
20
-6.56
30
0
40
0.12
1
ALT KEDI YOLU TABANI (KOT: +20.00m)
50
0
7
STANDARD
72
1
11
-0.2
21
-6.56
31
0
100
AcDbText
73
0
0
LWPOLYLINE
5
6DDE
330
6A3F
100
AcDbEntity
100
AcDbPolyline
8
ZEMIN_PLATFORM
6
ByLayer
62
256
370
-1
90
4
70
1
10
-3.7
20
0.88
10
-3.7
20
1
10
3.7
20
1
10
3.7
20
0.88
0
TEXT
5
6DDF
330
6A3F
100
AcDbEntity
100
AcDbText
8
ZEMIN_PLATFORM
10
-0.2
20
1.04
30
0
40
0.12
1
ORTA / UST KEDI YOLU TABANI (KOT: +27.50m)
50
0
7
STANDARD
72
1
11
-0.2
21
1.04
31
0
100
AcDbText
73
0
0
LINE
5
6DE0
330
6A3F
100
AcDbEntity
100
AcDbLine
8
KORKULUK_KAPI
10
-3.7
20
2.1
30
0
11
3.7
21
2.1
31
0
0
LINE
5
6DE1
330
6A3F
100
AcDbEntity
100
AcDbLine
8
KORKULUK_KAPI
10
-3.7
20
-5.4
30
0
11
3.7
21
-5.4
31
0
0
LWPOLYLINE
5
6A74
330
6A3F
100
AcDbEntity
100
AcDbPolyline
8
CELIK_KIRIS_KOLON
6
ByLayer
62
256
370
-1
90
4
70
1
10
-6.5
20
2.35
10
-6.5
20
2.475
10
6.5
20
2.475
10
6.5
20
2.35
0
TEXT
5
6A75
330
6A3F
100
AcDbEntity
100
AcDbText
8
CELIK_KIRIS_KOLON
10
0
20
2.6
30
0
40
0.24
1
SKORBORD GOVDESI VE EKRAN HATTI (13.0m x 8.0m)
50
0
7
STANDARD
72
1
11
0
21
2.6
31
0
100
AcDbText
73
0
0
LWPOLYLINE
5
6D92
330
6A3F
100
AcDbEntity
100
AcDbPolyline
8
CELIK_KIRIS_KOLON
6
ByLayer
62
256
370
-1
90
4
70
1
10
-6.5
20
-6
10
-6.5
20
2
10
6.5
20
2
10
6.5
20
-6
0
TEXT
5
6D93
330
6A3F
100
AcDbEntity
100
AcDbText
8
CELIK_KIRIS_KOLON
10
0
20
-2
30
0
40
0.4
1
SKORBORD EKRANI (13.0m x 8.0m)
50
0
7
STANDARD
72
1
11
0
21
-2
31
0
100
AcDbText
73
0
0
LWPOLYLINE
5
6A5E
330
6A3F
100
AcDbEntity
100
AcDbPolyline
8
MONTAJ_BORULARI
6
ByLayer
62
256
370
-1
90
4
70
1
10
-25
20
-1.3
10
-25
20
0.19999999999999996
10
25
20
0.19999999999999996
10
25
20
-1.3
0
LINE
5
6A5F
330
6A3F
100
AcDbEntity
100
AcDbLine
8
MONTAJ_BORULARI
10
-25
20
-0.55
30
0
11
25
21
-0.55
31
0
0
TEXT
5
6A60
330
6A3F
100
AcDbEntity
100
AcDbText
8
MONTAJ_BORULARI
10
0
20
-0.55
30
0
40
0.22
1
ARKA TASIYICI DEV BORU (DIA 1500mm, L=50m)
50
0
7
STANDARD
72
1
11
0
21
-0.55
31
0
100
AcDbText
73
0
0
LWPOLYLINE
5
6A61
330
6A3F
100
AcDbEntity
100
AcDbPolyline
8
MONTAJ_BORULARI
6
ByLayer
62
256
370
-1
90
4
70
1
10
-25
20
0.92
10
-25
20
2.42
10
25
20
2.42
10
25
20
0.92
0
LINE
5
6A62
330
6A3F
100
AcDbEntity
100
AcDbLine
8
MONTAJ_BORULARI
10
-25
20
1.67
30
0
11
25
21
1.67
31
0
0
TEXT
5
6A63
330
6A3F
100
AcDbEntity
100
AcDbText
8
MONTAJ_BORULARI
10
0
20
1.67
30
0
40
0.22
1
ON TASIYICI DEV BORU (DIA 1500mm, L=50m, SKORBORD TARAFI)
50
0
7
STANDARD
72
1
11
0
21
1.67
31
0
100
AcDbText
73
0
0
LWPOLYLINE
5
6D90
330
6A3F
100
AcDbEntity
100
AcDbPolyline
8
MONTAJ_BORULARI
6
ByLayer
62
256
370
-1
90
4
70
1
10
-25
20
-8
10
-25
20
-6.5
10
25
20
-6.5
10
25
20
-8
0
TEXT
5
6D91
330
6A3F
100
AcDbEntity
100
AcDbText
8
MONTAJ_BORULARI
10
0
20
-7.25
30
0
40
0.26
1
50m TASIYICI SILINDIR KESITI (DIA 1500mm)
50
0
7
STANDARD
72
1
11
0
21
-7.25
31
0
100
AcDbText
73
0
0
LWPOLYLINE
5
6D94
330
6A3F
100
AcDbEntity
100
AcDbPolyline
8
MONTAJ_BORULARI
6
ByLayer
62
256
370
-1
90
4
70
1
10
-2.79
20
-6.5
10
-2.79
20
-6.485
10
-2.6100000000000003
20
-6.485
10
-2.6100000000000003
20
-6.5
0
LWPOLYLINE
5
6D95
330
6A3F
100
AcDbEntity
100
AcDbPolyline
8
MONTAJ_BORULARI
6
ByLayer
62
256
370
-1
90
4
70
1
10
-2.73
20
-6.485
10
-2.73
20
-5.8
10
-2.6700000000000004
20
-5.8
10
-2.6700000000000004
20
-6.485
0
LWPOLYLINE
5
6D96
330
6A3F
100
AcDbEntity
100
AcDbPolyline
8
MONTAJ_BORULARI
6
ByLayer
62
256
370
-1
90
4
70
1
10
-2.75
20
-6.25
10
-2.75
20
-6.15
10
-2.73
20
-6.15
10
-2.73
20
-6.25
0
LWPOLYLINE
5
6D9A
330
6A3F
100
AcDbEntity
100
AcDbPolyline
8
MONTAJ_BORULARI
6
ByLayer
62
256
370
-1
90
4
70
1
10
-2.55
20
-6.5
10
-2.55
20
-6.485
10
-2.37
20
-6.485
10
-2.37
20
-6.5
0
LWPOLYLINE
5
6D9B
330
6A3F
100
AcDbEntity
100
AcDbPolyline
8
MONTAJ_BORULARI
6
ByLayer
62
256
370
-1
90
4
70
1
10
-2.4899999999999998
20
-6.485
10
-2.4899999999999998
20
-5.8
10
-2.43
20
-5.8
10
-2.43
20
-6.485
0
LWPOLYLINE
5
6D9C
330
6A3F
100
AcDbEntity
100
AcDbPolyline
8
MONTAJ_BORULARI
6
ByLayer
62
256
370
-1
90
4
70
1
10
-2.51
20
-6.25
10
-2.51
20
-6.15
10
-2.4899999999999998
20
-6.15
10
-2.4899999999999998
20
-6.25
0
LWPOLYLINE
5
6DA0
330
6A3F
100
AcDbEntity
100
AcDbPolyline
8
MONTAJ_BORULARI
6
ByLayer
62
256
370
-1
90
4
70
1
10
-2.1
20
-6.5
10
-2.1
20
-6.485
10
-1.9200000000000002
20
-6.485
10
-1.9200000000000002
20
-6.5
0
LWPOLYLINE
5
6DA1
330
6A3F
100
AcDbEntity
100
AcDbPolyline
8
MONTAJ_BORULARI
6
ByLayer
62
256
370
-1
90
4
70
1
10
-2.04
20
-6.485
10
-2.04
20
-5.8
10
-1.9800000000000002
20
-5.8
10
-1.9800000000000002
20
-6.485
0
LWPOLYLINE
5
6DA2
330
6A3F
100
AcDbEntity
100
AcDbPolyline
8
MONTAJ_BORULARI
6
ByLayer
62
256
370
-1
90
4
70
1
10
-2.06
20
-6.25
10
-2.06
20
-6.15
10
-2.04
20
-6.15
10
-2.04
20
-6.25
0
LWPOLYLINE
5
6DA6
330
6A3F
100
AcDbEntity
100
AcDbPolyline
8
MONTAJ_BORULARI
6
ByLayer
62
256
370
-1
90
4
70
1
10
-1.8900000000000001
20
-6.5
10
-1.8900000000000001
20
-6.485
10
-1.71
20
-6.485
10
-1.71
20
-6.5
0
LWPOLYLINE
5
6DA7
330
6A3F
100
AcDbEntity
100
AcDbPolyline
8
MONTAJ_BORULARI
6
ByLayer
62
256
370
-1
90
4
70
1
10
-1.83
20
-6.485
10
-1.83
20
-5.8
10
-1.77
20
-5.8
10
-1.77
20
-6.485
0
LWPOLYLINE
5
6DA8
330
6A3F
100
AcDbEntity
100
AcDbPolyline
8
MONTAJ_BORULARI
6
ByLayer
62
256
370
-1
90
4
70
1
10
-1.85
20
-6.25
10
-1.85
20
-6.15
10
-1.83
20
-6.15
10
-1.83
20
-6.25
0
LWPOLYLINE
5
6DAC
330
6A3F
100
AcDbEntity
100
AcDbPolyline
8
MONTAJ_BORULARI
6
ByLayer
62
256
370
-1
90
4
70
1
10
-1.6700000000000002
20
-6.5
10
-1.6700000000000002
20
-6.485
10
-1.49
20
-6.485
10
-1.49
20
-6.5
0
LWPOLYLINE
5
6DAD
330
6A3F
100
AcDbEntity
100
AcDbPolyline
8
MONTAJ_BORULARI
6
ByLayer
62
256
370
-1
90
4
70
1
10
-1.61
20
-6.485
10
-1.61
20
-5.8
10
-1.55
20
-5.8
10
-1.55
20
-6.485
0
LWPOLYLINE
5
6DAE
330
6A3F
100
AcDbEntity
100
AcDbPolyline
8
MONTAJ_BORULARI
6
ByLayer
62
256
370
-1
90
4
70
1
10
-1.6300000000000003
20
-6.25
10
-1.6300000000000003
20
-6.15
10
-1.61
20
-6.15
10
-1.61
20
-6.25
0
LWPOLYLINE
5
6DB2
330
6A3F
100
AcDbEntity
100
AcDbPolyline
8
MONTAJ_BORULARI
6
ByLayer
62
256
370
-1
90
4
70
1
10
-1.4500000000000002
20
-6.5
10
-1.4500000000000002
20
-6.485
10
-1.27
20
-6.485
10
-1.27
20
-6.5
0
LWPOLYLINE
5
6DB3
330
6A3F
100
AcDbEntity
100
AcDbPolyline
8
MONTAJ_BORULARI
6
ByLayer
62
256
370
-1
90
4
70
1
10
-1.3900000000000001
20
-6.485
10
-1.3900000000000001
20
-5.8
10
-1.33
20
-5.8
10
-1.33
20
-6.485
0
LWPOLYLINE
5
6DB4
330
6A3F
100
AcDbEntity
100
AcDbPolyline
8
MONTAJ_BORULARI
6
ByLayer
62
256
370
-1
90
4
70
1
10
-1.4100000000000001
20
-6.25
10
-1.4100000000000001
20
-6.15
10
-1.3900000000000001
20
-6.15
10
-1.3900000000000001
20
-6.25
0
LWPOLYLINE
5
6DB8
330
6A3F
100
AcDbEntity
100
AcDbPolyline
8
MONTAJ_BORULARI
6
ByLayer
62
256
370
-1
90
4
70
1
10
1.27
20
-6.5
10
1.27
20
-6.485
10
1.4500000000000002
20
-6.485
10
1.4500000000000002
20
-6.5
0
LWPOLYLINE
5
6DB9
330
6A3F
100
AcDbEntity
100
AcDbPolyline
8
MONTAJ_BORULARI
6
ByLayer
62
256
370
-1
90
4
70
1
10
1.33
20
-6.485
10
1.33
20
-5.8
10
1.3900000000000001
20
-5.8
10
1.3900000000000001
20
-6.485
0
LWPOLYLINE
5
6DBA
330
6A3F
100
AcDbEntity
100
AcDbPolyline
8
MONTAJ_BORULARI
6
ByLayer
62
256
370
-1
90
4
70
1
10
1.3900000000000001
20
-6.25
10
1.3900000000000001
20
-6.15
10
1.4100000000000001
20
-6.15
10
1.4100000000000001
20
-6.25
0
LWPOLYLINE
5
6DBE
330
6A3F
100
AcDbEntity
100
AcDbPolyline
8
MONTAJ_BORULARI
6
ByLayer
62
256
370
-1
90
4
70
1
10
1.49
20
-6.5
10
1.49
20
-6.485
10
1.6700000000000002
20
-6.485
10
1.6700000000000002
20
-6.5
0
LWPOLYLINE
5
6DBF
330
6A3F
100
AcDbEntity
100
AcDbPolyline
8
MONTAJ_BORULARI
6
ByLayer
62
256
370
-1
90
4
70
1
10
1.55
20
-6.485
10
1.55
20
-5.8
10
1.61
20
-5.8
10
1.61
20
-6.485
0
LWPOLYLINE
5
6DC0
330
6A3F
100
AcDbEntity
100
AcDbPolyline
8
MONTAJ_BORULARI
6
ByLayer
62
256
370
-1
90
4
70
1
10
1.61
20
-6.25
10
1.61
20
-6.15
10
1.6300000000000001
20
-6.15
10
1.6300000000000001
20
-6.25
0
LWPOLYLINE
5
6DC4
330
6A3F
100
AcDbEntity
100
AcDbPolyline
8
MONTAJ_BORULARI
6
ByLayer
62
256
370
-1
90
4
70
1
10
1.71
20
-6.5
10
1.71
20
-6.485
10
1.8900000000000001
20
-6.485
10
1.8900000000000001
20
-6.5
0
LWPOLYLINE
5
6DC5
330
6A3F
100
AcDbEntity
100
AcDbPolyline
8
MONTAJ_BORULARI
6
ByLayer
62
256
370
-1
90
4
70
1
10
1.77
20
-6.485
10
1.77
20
-5.8
10
1.83
20
-5.8
10
1.83
20
-6.485
0
LWPOLYLINE
5
6DC6
330
6A3F
100
AcDbEntity
100
AcDbPolyline
8
MONTAJ_BORULARI
6
ByLayer
62
256
370
-1
90
4
70
1
10
1.83
20
-6.25
10
1.83
20
-6.15
10
1.85
20
-6.15
10
1.85
20
-6.25
0
LWPOLYLINE
5
6DCA
330
6A3F
100
AcDbEntity
100
AcDbPolyline
8
MONTAJ_BORULARI
6
ByLayer
62
256
370
-1
90
4
70
1
10
1.9200000000000002
20
-6.5
10
1.9200000000000002
20
-6.485
10
2.1
20
-6.485
10
2.1
20
-6.5
0
LWPOLYLINE
5
6DCB
330
6A3F
100
AcDbEntity
100
AcDbPolyline
8
MONTAJ_BORULARI
6
ByLayer
62
256
370
-1
90
4
70
1
10
1.9800000000000002
20
-6.485
10
1.9800000000000002
20
-5.8
10
2.04
20
-5.8
10
2.04
20
-6.485
0
LWPOLYLINE
5
6DCC
330
6A3F
100
AcDbEntity
100
AcDbPolyline
8
MONTAJ_BORULARI
6
ByLayer
62
256
370
-1
90
4
70
1
10
2.04
20
-6.25
10
2.04
20
-6.15
10
2.06
20
-6.15
10
2.06
20
-6.25
0
LWPOLYLINE
5
6DD0
330
6A3F
100
AcDbEntity
100
AcDbPolyline
8
MONTAJ_BORULARI
6
ByLayer
62
256
370
-1
90
4
70
1
10
2.37
20
-6.5
10
2.37
20
-6.485
10
2.55
20
-6.485
10
2.55
20
-6.5
0
LWPOLYLINE
5
6DD1
330
6A3F
100
AcDbEntity
100
AcDbPolyline
8
MONTAJ_BORULARI
6
ByLayer
62
256
370
-1
90
4
70
1
10
2.43
20
-6.485
10
2.43
20
-5.8
10
2.4899999999999998
20
-5.8
10
2.4899999999999998
20
-6.485
0
LWPOLYLINE
5
6DD2
330
6A3F
100
AcDbEntity
100
AcDbPolyline
8
MONTAJ_BORULARI
6
ByLayer
62
256
370
-1
90
4
70
1
10
2.4899999999999998
20
-6.25
10
2.4899999999999998
20
-6.15
10
2.51
20
-6.15
10
2.51
20
-6.25
0
LWPOLYLINE
5
6DD6
330
6A3F
100
AcDbEntity
100
AcDbPolyline
8
MONTAJ_BORULARI
6
ByLayer
62
256
370
-1
90
4
70
1
10
2.6100000000000003
20
-6.5
10
2.6100000000000003
20
-6.485
10
2.79
20
-6.485
10
2.79
20
-6.5
0
LWPOLYLINE
5
6DD7
330
6A3F
100
AcDbEntity
100
AcDbPolyline
8
MONTAJ_BORULARI
6
ByLayer
62
256
370
-1
90
4
70
1
10
2.6700000000000004
20
-6.485
10
2.6700000000000004
20
-5.8
10
2.73
20
-5.8
10
2.73
20
-6.485
0
LWPOLYLINE
5
6DD8
330
6A3F
100
AcDbEntity
100
AcDbPolyline
8
MONTAJ_BORULARI
6
ByLayer
62
256
370
-1
90
4
70
1
10
2.73
20
-6.25
10
2.73
20
-6.15
10
2.75
20
-6.15
10
2.75
20
-6.25
0
LINE
5
6D78
330
6A3F
100
AcDbEntity
100
AcDbLine
8
OLCULER
10
-25
20
-1.4000000000000001
30
0
11
-25
21
-2.24
31
0
0
LINE
5
6D79
330
6A3F
100
AcDbEntity
100
AcDbLine
8
OLCULER
10
25
20
-1.4000000000000001
30
0
11
25
21
-2.24
31
0
0
LINE
5
6D7A
330
6A3F
100
AcDbEntity
100
AcDbLine
8
OLCULER
10
-25
20
-2.2
30
0
11
25
21
-2.2
31
0
0
LINE
5
6D7B
330
6A3F
100
AcDbEntity
100
AcDbLine
8
OLCULER
10
-25.028
20
-2.228
30
0
11
-24.972
21
-2.172
31
0
0
LINE
5
6D7C
330
6A3F
100
AcDbEntity
100
AcDbLine
8
OLCULER
10
24.972
20
-2.228
30
0
11
25.028
21
-2.172
31
0
0
TEXT
5
6D7D
330
6A3F
100
AcDbEntity
100
AcDbText
8
OLCULER
10
0
20
-2.2840000000000003
30
0
40
0.06
1
50000 mm (50m SILINDIR TASIYICI BOYU)
50
0
7
STANDARD
72
1
11
0
21
-2.2840000000000003
31
0
100
AcDbText
73
2
0
LINE
5
6D7E
330
6A3F
100
AcDbEntity
100
AcDbLine
8
OLCULER
10
-3.7
20
0
30
0
11
-3.7
21
-0.54
31
0
0
LINE
5
6D7F
330
6A3F
100
AcDbEntity
100
AcDbLine
8
OLCULER
10
3.7
20
0
30
0
11
3.7
21
-0.54
31
0
0
LINE
5
6D80
330
6A3F
100
AcDbEntity
100
AcDbLine
8
OLCULER
10
-3.7
20
-0.5
30
0
11
3.7
21
-0.5
31
0
0
LINE
5
6D81
330
6A3F
100
AcDbEntity
100
AcDbLine
8
OLCULER
10
-3.728
20
-0.528
30
0
11
-3.672
21
-0.472
31
0
0
LINE
5
6D82
330
6A3F
100
AcDbEntity
100
AcDbLine
8
OLCULER
10
3.672
20
-0.528
30
0
11
3.728
21
-0.472
31
0
0
TEXT
5
6D83
330
6A3F
100
AcDbEntity
100
AcDbText
8
OLCULER
10
0
20
-0.584
30
0
40
0.06
1
7400 mm (KEDI YOLU BOYU)
50
0
7
STANDARD
72
1
11
0
21
-0.584
31
0
100
AcDbText
73
2
0
LINE
5
6D84
330
6A3F
100
AcDbEntity
100
AcDbLine
8
OLCULER
10
-6.5
20
2.8000000000000003
30
0
11
-6.5
21
3.3400000000000003
31
0
0
LINE
5
6D85
330
6A3F
100
AcDbEntity
100
AcDbLine
8
OLCULER
10
6.5
20
2.8000000000000003
30
0
11
6.5
21
3.3400000000000003
31
0
0
LINE
5
6D86
330
6A3F
100
AcDbEntity
100
AcDbLine
8
OLCULER
10
-6.5
20
3.3000000000000003
30
0
11
6.5
21
3.3000000000000003
31
0
0
LINE
5
6D87
330
6A3F
100
AcDbEntity
100
AcDbLine
8
OLCULER
10
-6.528
20
3.2720000000000002
30
0
11
-6.472
21
3.3280000000000003
31
0
0
LINE
5
6D88
330
6A3F
100
AcDbEntity
100
AcDbLine
8
OLCULER
10
6.472
20
3.2720000000000002
30
0
11
6.528
21
3.3280000000000003
31
0
0
TEXT
5
6D89
330
6A3F
100
AcDbEntity
100
AcDbText
8
OLCULER
10
0
20
3.3240000000000003
30
0
40
0.06
1
13000 mm (SKORBORD GENISLIGI)
50
0
7
STANDARD
72
1
11
0
21
3.3240000000000003
31
0
100
AcDbText
73
2
0
LINE
5
6D8A
330
6A3F
100
AcDbEntity
100
AcDbLine
8
OLCULER
10
-3.7
20
0.1
30
0
11
-4.34
21
0.1
31
0
0
LINE
5
6D8B
330
6A3F
100
AcDbEntity
100
AcDbLine
8
OLCULER
10
-3.7
20
1.3
30
0
11
-4.34
21
1.3
31
0
0
LINE
5
6D8C
330
6A3F
100
AcDbEntity
100
AcDbLine
8
OLCULER
10
-4.3
20
0.1
30
0
11
-4.3
21
1.3
31
0
0
LINE
5
6D8D
330
6A3F
100
AcDbEntity
100
AcDbLine
8
OLCULER
10
-4.327999999999999
20
0.07200000000000001
30
0
11
-4.272
21
0.128
31
0
0
LINE
5
6D8E
330
6A3F
100
AcDbEntity
100
AcDbLine
8
OLCULER
10
-4.327999999999999
20
1.272
30
0
11
-4.272
21
1.328
31
0
0
TEXT
5
6D8F
330
6A3F
100
AcDbEntity
100
AcDbText
8
OLCULER
10
-4.342
20
0.7000000000000001
30
0
40
0.06
1
1200 mm
50
90
7
STANDARD
72
1
11
-4.342
21
0.7000000000000001
31
0
100
AcDbText
73
2
0
LINE
5
6E61
330
6A3F
100
AcDbEntity
100
AcDbLine
8
OLCULER
10
-2.2
20
-6.5
30
0
11
-2.54
21
-6.5
31
0
0
LINE
5
6E62
330
6A3F
100
AcDbEntity
100
AcDbLine
8
OLCULER
10
-2.2
20
1
30
0
11
-2.54
21
1
31
0
0
LINE
5
6E63
330
6A3F
100
AcDbEntity
100
AcDbLine
8
OLCULER
10
-2.5
20
-6.5
30
0
11
-2.5
21
1
31
0
0
LINE
5
6E64
330
6A3F
100
AcDbEntity
100
AcDbLine
8
OLCULER
10
-2.528
20
-6.528
30
0
11
-2.472
21
-6.472
31
0
0
LINE
5
6E65
330
6A3F
100
AcDbEntity
100
AcDbLine
8
OLCULER
10
-2.528
20
0.972
30
0
11
-2.472
21
1.028
31
0
0
TEXT
5
6E66
330
6A3F
100
AcDbEntity
100
AcDbText
8
OLCULER
10
-2.542
20
-2.75
30
0
40
0.06
1
7500 mm (DUSEY KABLO INIS FARKI)
50
90
7
STANDARD
72
1
11
-2.542
21
-2.75
31
0
100
AcDbText
73
2
0
LINE
5
6E67
330
6A3F
100
AcDbEntity
100
AcDbLine
8
OLCULER
10
-1.95
20
-6.65
30
0
11
-1.95
21
-6.79
31
0
0
LINE
5
6E68
330
6A3F
100
AcDbEntity
100
AcDbLine
8
OLCULER
10
-1.55
20
-6.65
30
0
11
-1.55
21
-6.79
31
0
0
LINE
5
6E69
330
6A3F
100
AcDbEntity
100
AcDbLine
8
OLCULER
10
-1.95
20
-6.75
30
0
11
-1.55
21
-6.75
31
0
0
LINE
5
6E6A
330
6A3F
100
AcDbEntity
100
AcDbLine
8
OLCULER
10
-1.978
20
-6.778
30
0
11
-1.922
21
-6.722
31
0
0
LINE
5
6E6B
330
6A3F
100
AcDbEntity
100
AcDbLine
8
OLCULER
10
-1.578
20
-6.778
30
0
11
-1.522
21
-6.722
31
0
0
TEXT
5
6E6C
330
6A3F
100
AcDbEntity
100
AcDbText
8
OLCULER
10
-1.75
20
-6.834
30
0
40
0.06
1
400 mm
50
0
7
STANDARD
72
1
11
-1.75
21
-6.834
31
0
100
AcDbText
73
2
0
TEXT
5
6E6D
330
6A3F
100
AcDbEntity
100
AcDbText
8
METIN_BILGI
10
-1.75
20
-2.5
30
0
40
0.14
1
DIKEY KABLO MERDIVENI (14 ADET 2x25mm2 KABLO INISI)
50
90
7
STANDARD
72
1
11
-1.75
21
-2.5
31
0
100
AcDbText
73
0
0
LWPOLYLINE
5
6E6E
330
6A3F
100
AcDbEntity
100
AcDbPolyline
8
METIN_BILGI
6
ByLayer
62
256
370
-1
90
4
70
1
10
-15
20
4.5
10
-15
20
6.7
10
-7
20
6.7
10
-7
20
4.5
0
LINE
5
6E6F
330
6A3F
100
AcDbEntity
100
AcDbLine
8
METIN_BILGI
10
-15
20
5.9
30
0
11
-7
21
5.9
31
0
0
LINE
5
6E70
330
6A3F
100
AcDbEntity
100
AcDbLine
8
METIN_BILGI
10
-15
20
5.2
30
0
11
-7
21
5.2
31
0
0
LINE
5
6E71
330
6A3F
100
AcDbEntity
100
AcDbLine
8
METIN_BILGI
10
-10.5
20
4.5
30
0
11
-10.5
21
5.9
31
0
0
TEXT
5
6E72
330
6A3F
100
AcDbEntity
100
AcDbText
8
METIN_BILGI
10
-14.8
20
6.15
30
0
40
0.32
1
GALATASARAY STADYUMU GSM ALTYAPI PROJESI
50
0
7
STANDARD
100
AcDbText
0
TEXT
5
6E73
330
6A3F
100
AcDbEntity
100
AcDbText
8
METIN_BILGI
10
-14.8
20
5.45
30
0
40
0.26
1
ALAN: SCOREBOARD KESITI VE KEDI YOLU (DETAYLI YERLESIM) (ALAN 2)
50
0
7
STANDARD
100
AcDbText
0
TEXT
5
6E74
330
6A3F
100
AcDbEntity
100
AcDbText
8
METIN_BILGI
10
-14.8
20
4.78
30
0
40
0.2
1
OLCEK: 1:1 m (1:1 m)
50
0
7
STANDARD
100
AcDbText
0
TEXT
5
6E75
330
6A3F
100
AcDbEntity
100
AcDbText
8
METIN_BILGI
10
-10.3
20
5.45
30
0
40
0.18
1
CIZIM: ANTIGRAVITY CAD / BIM
50
0
7
STANDARD
100
AcDbText
0
TEXT
5
6E76
330
6A3F
100
AcDbEntity
100
AcDbText
8
METIN_BILGI
10
-10.3
20
4.78
30
0
40
0.18
1
TARIH: 2026-10-04
50
0
7
STANDARD
100
AcDbText
0
CIRCLE
5
6E77
330
6A3F
100
AcDbEntity
100
AcDbCircle
8
METIN_BILGI
10
-16.5
20
5.6
30
0
40
0.8
0
LINE
5
6E78
330
6A3F
100
AcDbEntity
100
AcDbLine
8
METIN_BILGI
10
-16.5
20
4.88
30
0
11
-16.5
21
6.319999999999999
31
0
0
LINE
5
6E79
330
6A3F
100
AcDbEntity
100
AcDbLine
8
METIN_BILGI
10
-16.5
20
6.319999999999999
30
0
11
-16.75
21
5.8999999999999995
31
0
0
LINE
5
6E7A
330
6A3F
100
AcDbEntity
100
AcDbLine
8
METIN_BILGI
10
-16.5
20
6.319999999999999
30
0
11
-16.25
21
5.8999999999999995
31
0
0
TEXT
5
6E7B
330
6A3F
100
AcDbEntity
100
AcDbText
8
METIN_BILGI
10
-16.5
20
6.6
30
0
40
0.3
1
K
50
0
7
STANDARD
72
1
11
-16.5
21
6.6
31
0
100
AcDbText
73
2
0
LWPOLYLINE
5
6E7C
330
6A3F
100
AcDbEntity
100
AcDbPolyline
8
METIN_BILGI
6
ByLayer
62
256
370
-1
90
4
70
1
10
-4
20
4
10
-4
20
10
10
7.199999999999999
20
10
10
7.199999999999999
20
4
0
TEXT
5
6E7D
330
6A3F
100
AcDbEntity
100
AcDbText
8
METIN_BILGI
10
-3.8
20
9.7
30
0
40
0.24
1
EKIPMAN VE ALTYAPI YERLESIM CETVELI (BOM)
50
0
7
STANDARD
100
AcDbText
0
LINE
5
6E7E
330
6A3F
100
AcDbEntity
100
AcDbLine
8
METIN_BILGI
10
-4
20
9.6
30
0
11
7.199999999999999
21
9.6
31
0
0
LINE
5
6E7F
330
6A3F
100
AcDbEntity
100
AcDbLine
8
METIN_BILGI
10
-4
20
9.2
30
0
11
7.199999999999999
21
9.2
31
0
0
LINE
5
6E80
330
6A3F
100
AcDbEntity
100
AcDbLine
8
METIN_BILGI
10
-2.8
20
4
30
0
11
-2.8
21
9.6
31
0
0
LINE
5
6E81
330
6A3F
100
AcDbEntity
100
AcDbLine
8
METIN_BILGI
10
3.2
20
4
30
0
11
3.2
21
9.6
31
0
0
LINE
5
6E82
330
6A3F
100
AcDbEntity
100
AcDbLine
8
METIN_BILGI
10
5.7
20
4
30
0
11
5.7
21
9.6
31
0
0
TEXT
5
6E83
330
6A3F
100
AcDbEntity
100
AcDbText
8
METIN_BILGI
10
-3.9
20
9.32
30
0
40
0.18
1
NO
50
0
7
STANDARD
100
AcDbText
0
TEXT
5
6E84
330
6A3F
100
AcDbEntity
100
AcDbText
8
METIN_BILGI
10
-2.6999999999999997
20
9.32
30
0
40
0.18
1
EKIPMAN TANIMI
50
0
7
STANDARD
100
AcDbText
0
TEXT
5
6E85
330
6A3F
100
AcDbEntity
100
AcDbText
8
METIN_BILGI
10
3.3000000000000003
20
9.32
30
0
40
0.18
1
BOYUTLAR (GxDxY)
50
0
7
STANDARD
100
AcDbText
0
TEXT
5
6E86
330
6A3F
100
AcDbEntity
100
AcDbText
8
METIN_BILGI
10
5.8
20
9.32
30
0
40
0.18
1
ADET
50
0
7
STANDARD
100
AcDbText
0
LINE
5
6E87
330
6A3F
100
AcDbEntity
100
AcDbLine
8
METIN_BILGI
10
-4
20
8.799999999999999
30
0
11
7.199999999999999
21
8.799999999999999
31
0
0
TEXT
5
6E88
330
6A3F
100
AcDbEntity
100
AcDbText
8
METIN_BILGI
10
-3.9
20
8.919999999999998
30
0
40
0.16
1
1
50
0
7
STANDARD
100
AcDbText
0
TEXT
5
6E89
330
6A3F
100
AcDbEntity
100
AcDbText
8
METIN_BILGI
10
-2.6999999999999997
20
8.919999999999998
30
0
40
0.16
1
Turkcell RRU Tek Tek Moduller (Skorbord/Yanlar)
50
0
7
STANDARD
100
AcDbText
0
TEXT
5
6E8A
330
6A3F
100
AcDbEntity
100
AcDbText
8
METIN_BILGI
10
3.3000000000000003
20
8.919999999999998
30
0
40
0.16
1
398x145x533 mm
50
0
7
STANDARD
100
AcDbText
0
TEXT
5
6E8B
330
6A3F
100
AcDbEntity
100
AcDbText
8
METIN_BILGI
10
5.8
20
8.919999999999998
30
0
40
0.16
1
12
50
0
7
STANDARD
100
AcDbText
0
LINE
5
6E8C
330
6A3F
100
AcDbEntity
100
AcDbLine
8
METIN_BILGI
10
-4
20
8.399999999999999
30
0
11
7.199999999999999
21
8.399999999999999
31
0
0
TEXT
5
6E8D
330
6A3F
100
AcDbEntity
100
AcDbText
8
METIN_BILGI
10
-3.9
20
8.519999999999998
30
0
40
0.16
1
2
50
0
7
STANDARD
100
AcDbText
0
TEXT
5
6E8E
330
6A3F
100
AcDbEntity
100
AcDbText
8
METIN_BILGI
10
-2.6999999999999997
20
8.519999999999998
30
0
40
0.16
1
Vodafone RRU Tek Tek Moduller (Skorbord/Yanlar)
50
0
7
STANDARD
100
AcDbText
0
TEXT
5
6E8F
330
6A3F
100
AcDbEntity
100
AcDbText
8
METIN_BILGI
10
3.3000000000000003
20
8.519999999999998
30
0
40
0.16
1
432x135x480 mm
50
0
7
STANDARD
100
AcDbText
0
TEXT
5
6E90
330
6A3F
100
AcDbEntity
100
AcDbText
8
METIN_BILGI
10
5.8
20
8.519999999999998
30
0
40
0.16
1
28
50
0
7
STANDARD
100
AcDbText
0
LINE
5
6E91
330
6A3F
100
AcDbEntity
100
AcDbLine
8
METIN_BILGI
10
-4
20
8
30
0
11
7.199999999999999
21
8
31
0
0
TEXT
5
6E92
330
6A3F
100
AcDbEntity
100
AcDbText
8
METIN_BILGI
10
-3.9
20
8.12
30
0
40
0.16
1
3
50
0
7
STANDARD
100
AcDbText
0
TEXT
5
6E93
330
6A3F
100
AcDbEntity
100
AcDbText
8
METIN_BILGI
10
-2.6999999999999997
20
8.12
30
0
40
0.16
1
Turk Telekom RRU Tek Tek Moduller (Skorbord/Yanlar)
50
0
7
STANDARD
100
AcDbText
0
TEXT
5
6E94
330
6A3F
100
AcDbEntity
100
AcDbText
8
METIN_BILGI
10
3.3000000000000003
20
8.12
30
0
40
0.16
1
356x140x480 mm
50
0
7
STANDARD
100
AcDbText
0
TEXT
5
6E95
330
6A3F
100
AcDbEntity
100
AcDbText
8
METIN_BILGI
10
5.8
20
8.12
30
0
40
0.16
1
16
50
0
7
STANDARD
100
AcDbText
0
LINE
5
6E96
330
6A3F
100
AcDbEntity
100
AcDbLine
8
METIN_BILGI
10
-4
20
7.6
30
0
11
7.199999999999999
21
7.6
31
0
0
TEXT
5
6E97
330
6A3F
100
AcDbEntity
100
AcDbText
8
METIN_BILGI
10
-3.9
20
7.72
30
0
40
0.16
1
4
50
0
7
STANDARD
100
AcDbText
0
TEXT
5
6E98
330
6A3F
100
AcDbEntity
100
AcDbText
8
METIN_BILGI
10
-2.6999999999999997
20
7.72
30
0
40
0.16
1
Canovate 19" POI Rack Tasiyici Saseleri
50
0
7
STANDARD
100
AcDbText
0
TEXT
5
6E99
330
6A3F
100
AcDbEntity
100
AcDbText
8
METIN_BILGI
10
3.3000000000000003
20
7.72
30
0
40
0.16
1
600x700x1480 mm
50
0
7
STANDARD
100
AcDbText
0
TEXT
5
6E9A
330
6A3F
100
AcDbEntity
100
AcDbText
8
METIN_BILGI
10
5.8
20
7.72
30
0
40
0.16
1
8
50
0
7
STANDARD
100
AcDbText
0
LINE
5
6E9B
330
6A3F
100
AcDbEntity
100
AcDbLine
8
METIN_BILGI
10
-4
20
7.199999999999999
30
0
11
7.199999999999999
21
7.199999999999999
31
0
0
TEXT
5
6E9C
330
6A3F
100
AcDbEntity
100
AcDbText
8
METIN_BILGI
10
-3.9
20
7.319999999999999
30
0
40
0.16
1
5
50
0
7
STANDARD
100
AcDbText
0
TEXT
5
6E9D
330
6A3F
100
AcDbEntity
100
AcDbText
8
METIN_BILGI
10
-2.6999999999999997
20
7.319999999999999
30
0
40
0.16
1
Prose CB-12-POI-64F-A12 Modulleri
50
0
7
STANDARD
100
AcDbText
0
TEXT
5
6E9E
330
6A3F
100
AcDbEntity
100
AcDbText
8
METIN_BILGI
10
3.3000000000000003
20
7.319999999999999
30
0
40
0.16
1
400x350x260 mm
50
0
7
STANDARD
100
AcDbText
0
TEXT
5
6E9F
330
6A3F
100
AcDbEntity
100
AcDbText
8
METIN_BILGI
10
5.8
20
7.319999999999999
30
0
40
0.16
1
32
50
0
7
STANDARD
100
AcDbText
0
LINE
5
6EA0
330
6A3F
100
AcDbEntity
100
AcDbLine
8
METIN_BILGI
10
-4
20
6.799999999999999
30
0
11
7.199999999999999
21
6.799999999999999
31
0
0
TEXT
5
6EA1
330
6A3F
100
AcDbEntity
100
AcDbText
8
METIN_BILGI
10
-3.9
20
6.919999999999999
30
0
40
0.16
1
6
50
0
7
STANDARD
100
AcDbText
0
TEXT
5
6EA2
330
6A3F
100
AcDbEntity
100
AcDbText
8
METIN_BILGI
10
-2.6999999999999997
20
6.919999999999999
30
0
40
0.16
1
Eltek 20U Rectifier (Kapak/Kilit/Sogutucu)
50
0
7
STANDARD
100
AcDbText
0
TEXT
5
6EA3
330
6A3F
100
AcDbEntity
100
AcDbText
8
METIN_BILGI
10
3.3000000000000003
20
6.919999999999999
30
0
40
0.16
1
680x710x1300 mm
50
0
7
STANDARD
100
AcDbText
0
TEXT
5
6EA4
330
6A3F
100
AcDbEntity
100
AcDbText
8
METIN_BILGI
10
5.8
20
6.919999999999999
30
0
40
0.16
1
6
50
0
7
STANDARD
100
AcDbText
0
LINE
5
6EA5
330
6A3F
100
AcDbEntity
100
AcDbLine
8
METIN_BILGI
10
-4
20
6.3999999999999995
30
0
11
7.199999999999999
21
6.3999999999999995
31
0
0
TEXT
5
6EA6
330
6A3F
100
AcDbEntity
100
AcDbText
8
METIN_BILGI
10
-3.9
20
6.52
30
0
40
0.16
1
7
50
0
7
STANDARD
100
AcDbText
0
TEXT
5
6EA7
330
6A3F
100
AcDbEntity
100
AcDbText
8
METIN_BILGI
10
-2.6999999999999997
20
6.52
30
0
40
0.16
1
MTS9304A 12U Rectifier (Kapak/Panjur)
50
0
7
STANDARD
100
AcDbText
0
TEXT
5
6EA8
330
6A3F
100
AcDbEntity
100
AcDbText
8
METIN_BILGI
10
3.3000000000000003
20
6.52
30
0
40
0.16
1
690x720x1250 mm
50
0
7
STANDARD
100
AcDbText
0
TEXT
5
6EA9
330
6A3F
100
AcDbEntity
100
AcDbText
8
METIN_BILGI
10
5.8
20
6.52
30
0
40
0.16
1
3
50
0
7
STANDARD
100
AcDbText
0
LINE
5
6EAA
330
6A3F
100
AcDbEntity
100
AcDbLine
8
METIN_BILGI
10
-4
20
6
30
0
11
7.199999999999999
21
6
31
0
0
TEXT
5
6EAB
330
6A3F
100
AcDbEntity
100
AcDbText
8
METIN_BILGI
10
-3.9
20
6.12
30
0
40
0.16
1
8
50
0
7
STANDARD
100
AcDbText
0
TEXT
5
6EAC
330
6A3F
100
AcDbEntity
100
AcDbText
8
METIN_BILGI
10
-2.6999999999999997
20
6.12
30
0
40
0.16
1
Matsing 4-Beam Kure Antenler (45 Egimli/Asili)
50
0
7
STANDARD
100
AcDbText
0
TEXT
5
6EAD
330
6A3F
100
AcDbEntity
100
AcDbText
8
METIN_BILGI
10
3.3000000000000003
20
6.12
30
0
40
0.16
1
617x721x1635 mm
50
0
7
STANDARD
100
AcDbText
0
TEXT
5
6EAE
330
6A3F
100
AcDbEntity
100
AcDbText
8
METIN_BILGI
10
5.8
20
6.12
30
0
40
0.16
1
6
50
0
7
STANDARD
100
AcDbText
0
LINE
5
6EAF
330
6A3F
100
AcDbEntity
100
AcDbLine
8
METIN_BILGI
10
-4
20
5.6
30
0
11
7.199999999999999
21
5.6
31
0
0
TEXT
5
6EB0
330
6A3F
100
AcDbEntity
100
AcDbText
8
METIN_BILGI
10
-3.9
20
5.72
30
0
40
0.16
1
9
50
0
7
STANDARD
100
AcDbText
0
TEXT
5
6EB1
330
6A3F
100
AcDbEntity
100
AcDbText
8
METIN_BILGI
10
-2.6999999999999997
20
5.72
30
0
40
0.16
1
Tabla-2 Celik Montaj Tablalari (11-Boru)
50
0
7
STANDARD
100
AcDbText
0
TEXT
5
6EB2
330
6A3F
100
AcDbEntity
100
AcDbText
8
METIN_BILGI
10
3.3000000000000003
20
5.72
30
0
40
0.16
1
1500x1200x50 mm
50
0
7
STANDARD
100
AcDbText
0
TEXT
5
6EB3
330
6A3F
100
AcDbEntity
100
AcDbText
8
METIN_BILGI
10
5.8
20
5.72
30
0
40
0.16
1
4
50
0
7
STANDARD
100
AcDbText
0
LINE
5
6EB4
330
6A3F
100
AcDbEntity
100
AcDbLine
8
METIN_BILGI
10
-4
20
5.199999999999999
30
0
11
7.199999999999999
21
5.199999999999999
31
0
0
TEXT
5
6EB5
330
6A3F
100
AcDbEntity
100
AcDbText
8
METIN_BILGI
10
-3.9
20
5.319999999999999
30
0
40
0.16
1
10
50
0
7
STANDARD
100
AcDbText
0
TEXT
5
6EB6
330
6A3F
100
AcDbEntity
100
AcDbText
8
METIN_BILGI
10
-2.6999999999999997
20
5.319999999999999
30
0
40
0.16
1
500mm Agir Hizmet Tipi Kablo Tavasi (TS EN 61537)
50
0
7
STANDARD
100
AcDbText
0
TEXT
5
6EB7
330
6A3F
100
AcDbEntity
100
AcDbText
8
METIN_BILGI
10
3.3000000000000003
20
5.319999999999999
30
0
40
0.16
1
500x150x2.0 mm
50
0
7
STANDARD
100
AcDbText
0
TEXT
5
6EB8
330
6A3F
100
AcDbEntity
100
AcDbText
8
METIN_BILGI
10
5.8
20
5.319999999999999
30
0
40
0.16
1
62 m
50
0
7
STANDARD
100
AcDbText
0
LINE
5
6EB9
330
6A3F
100
AcDbEntity
100
AcDbLine
8
METIN_BILGI
10
-4
20
4.799999999999999
30
0
11
7.199999999999999
21
4.799999999999999
31
0
0
TEXT
5
6EBA
330
6A3F
100
AcDbEntity
100
AcDbText
8
METIN_BILGI
10
-3.9
20
4.919999999999999
30
0
40
0.16
1
11
50
0
7
STANDARD
100
AcDbText
0
TEXT
5
6EBB
330
6A3F
100
AcDbEntity
100
AcDbText
8
METIN_BILGI
10
-2.6999999999999997
20
4.919999999999999
30
0
40
0.16
1
Dikey Kablo Merdiveni (C-Ray Tasiyicili, Askili)
50
0
7
STANDARD
100
AcDbText
0
TEXT
5
6EBC
330
6A3F
100
AcDbEntity
100
AcDbText
8
METIN_BILGI
10
3.3000000000000003
20
4.919999999999999
30
0
40
0.16
1
450x70 mm (H=7.6m)
50
0
7
STANDARD
100
AcDbText
0
TEXT
5
6EBD
330
6A3F
100
AcDbEntity
100
AcDbText
8
METIN_BILGI
10
5.8
20
4.919999999999999
30
0
40
0.16
1
1 Adet
50
0
7
STANDARD
100
AcDbText
0
LINE
5
6EBE
330
6A3F
100
AcDbEntity
100
AcDbLine
8
METIN_BILGI
10
-4
20
4.3999999999999995
30
0
11
7.199999999999999
21
4.3999999999999995
31
0
0
TEXT
5
6EBF
330
6A3F
100
AcDbEntity
100
AcDbText
8
METIN_BILGI
10
-3.9
20
4.52
30
0
40
0.16
1
12
50
0
7
STANDARD
100
AcDbText
0
TEXT
5
6EC0
330
6A3F
100
AcDbEntity
100
AcDbText
8
METIN_BILGI
10
-2.6999999999999997
20
4.52
30
0
40
0.16
1
2x25 mm2 DC Enerji Besleme Kablosu (Halojen Free)
50
0
7
STANDARD
100
AcDbText
0
TEXT
5
6EC1
330
6A3F
100
AcDbEntity
100
AcDbText
8
METIN_BILGI
10
3.3000000000000003
20
4.52
30
0
40
0.16
1
OD 21 mm (Bakir Cok Telli)
50
0
7
STANDARD
100
AcDbText
0
TEXT
5
6EC2
330
6A3F
100
AcDbEntity
100
AcDbText
8
METIN_BILGI
10
5.8
20
4.52
30
0
40
0.16
1
950 m (14 Hat)
50
0
7
STANDARD
100
AcDbText
0
LINE
5
6EC3
330
6A3F
100
AcDbEntity
100
AcDbLine
8
METIN_BILGI
10
-4
20
3.999999999999999
30
0
11
7.199999999999999
21
3.999999999999999
31
0
0
TEXT
5
6EC4
330
6A3F
100
AcDbEntity
100
AcDbText
8
METIN_BILGI
10
-3.9
20
4.119999999999999
30
0
40
0.16
1
13
50
0
7
STANDARD
100
AcDbText
0
TEXT
5
6EC5
330
6A3F
100
AcDbEntity
100
AcDbText
8
METIN_BILGI
10
-2.6999999999999997
20
4.119999999999999
30
0
40
0.16
1
Paslanmaz / Poliamid Ciftli Kablo Klemensleri
50
0
7
STANDARD
100
AcDbText
0
TEXT
5
6EC6
330
6A3F
100
AcDbEntity
100
AcDbText
8
METIN_BILGI
10
3.3000000000000003
20
4.119999999999999
30
0
40
0.16
1
21 mm Cap Uyumlu
50
0
7
STANDARD
100
AcDbText
0
TEXT
5
6EC7
330
6A3F
100
AcDbEntity
100
AcDbText
8
METIN_BILGI
10
5.8
20
4.119999999999999
30
0
40
0.16
1
112 Adet
50
0
7
STANDARD
100
AcDbText
0
LWPOLYLINE
5
6AD3
330
6A3F
100
AcDbEntity
100
AcDbPolyline
8
EKP_TURKCELL_RRU
6
ByLayer
62
256
370
-1
90
4
70
1
10
-2.796137444768548
20
1.7329999999050054
10
-2.796137444768548
20
2.3099999986588955
10
-2.6111374423843623
20
2.3099999986588955
10
-2.6111374423843623
20
1.7329999999050054
0
LINE
5
6AD4
330
6A3F
100
AcDbEntity
100
AcDbLine
8
EKP_TURKCELL_RRU
10
-2.762837444339395
20
1.7329999999050054
30
0
11
-2.762837444339395
21
2.3099999986588955
31
0
0
LINE
5
6AD5
330
6A3F
100
AcDbEntity
100
AcDbLine
8
EKP_TURKCELL_RRU
10
-2.7406374440532923
20
2.0214999992819505
30
0
11
-2.666637443099618
21
2.0214999992819505
31
0
0
LINE
5
6AD6
330
6A3F
100
AcDbEntity
100
AcDbLine
8
EKP_TURKCELL_RRU
10
-2.703637443576455
20
1.9844999988051133
30
0
11
-2.703637443576455
21
2.0584999997587876
31
0
0
TEXT
5
6AD7
330
6A3F
100
AcDbEntity
100
AcDbText
8
EKP_TURKCELL_RRU
10
-2.703637443576455
20
2.0484999992819506
30
0
40
0.045
1
Turkcell LTE RRU4485 - 4G (Kisa Kenar Montaj)
50
0
7
STANDARD
72
1
11
-2.703637443576455
21
2.0484999992819506
31
0
100
AcDbText
73
2
0
LWPOLYLINE
5
6AE2
330
6A3F
100
AcDbEntity
100
AcDbPolyline
8
EKP_TURKCELL_RRU
6
ByLayer
62
256
370
-1
90
4
70
1
10
-2.5571182475121725
20
1.7329999999050054
10
-2.5571182475121725
20
2.3099999986588955
10
-2.3721182451279867
20
2.3099999986588955
10
-2.3721182451279867
20
1.7329999999050054
0
LINE
5
6AE3
330
6A3F
100
AcDbEntity
100
AcDbLine
8
EKP_TURKCELL_RRU
10
-2.5238182470830193
20
1.7329999999050054
30
0
11
-2.5238182470830193
21
2.3099999986588955
31
0
0
LINE
5
6AE4
330
6A3F
100
AcDbEntity
100
AcDbLine
8
EKP_TURKCELL_RRU
10
-2.501618246796917
20
2.0214999992819505
30
0
11
-2.4276182458432425
21
2.0214999992819505
31
0
0
LINE
5
6AE5
330
6A3F
100
AcDbEntity
100
AcDbLine
8
EKP_TURKCELL_RRU
10
-2.4646182463200796
20
1.9844999988051133
30
0
11
-2.4646182463200796
21
2.0584999997587876
31
0
0
TEXT
5
6AE6
330
6A3F
100
AcDbEntity
100
AcDbText
8
EKP_TURKCELL_RRU
10
-2.4646182463200796
20
2.0484999992819506
30
0
40
0.045
1
Turkcell LTE RRU4485 - 4G (Kisa Kenar Montaj)
50
0
7
STANDARD
72
1
11
-2.4646182463200796
21
2.0484999992819506
31
0
100
AcDbText
73
2
0
LWPOLYLINE
5
6AF6
330
6A3F
100
AcDbEntity
100
AcDbPolyline
8
EKP_TURKCELL_RRU
6
ByLayer
62
256
370
-1
90
4
70
1
10
1.7610870088442583
20
1.7329999999050054
10
1.7610870088442583
20
2.3099999986588955
10
1.946087011228444
20
2.3099999986588955
10
1.946087011228444
20
1.7329999999050054
0
LINE
5
6AF7
330
6A3F
100
AcDbEntity
100
AcDbLine
8
EKP_TURKCELL_RRU
10
1.7943870092734118
20
1.7329999999050054
30
0
11
1.7943870092734118
21
2.3099999986588955
31
0
0
LINE
5
6AF8
330
6A3F
100
AcDbEntity
100
AcDbLine
8
EKP_TURKCELL_RRU
10
1.816587009559514
20
2.0214999992819505
30
0
11
1.8905870105131883
21
2.0214999992819505
31
0
0
LINE
5
6AF9
330
6A3F
100
AcDbEntity
100
AcDbLine
8
EKP_TURKCELL_RRU
10
1.8535870100363512
20
1.9844999988051133
30
0
11
1.8535870100363512
21
2.0584999997587876
31
0
0
TEXT
5
6AFA
330
6A3F
100
AcDbEntity
100
AcDbText
8
EKP_TURKCELL_RRU
10
1.8535870100363512
20
2.0484999992819506
30
0
40
0.045
1
Turkcell LTE RRU4485 - 4G (Kisa Kenar Montaj)
50
0
7
STANDARD
72
1
11
1.8535870100363512
21
2.0484999992819506
31
0
100
AcDbText
73
2
0
LWPOLYLINE
5
6AFB
330
6A3F
100
AcDbEntity
100
AcDbPolyline
8
EKP_TURKCELL_RRU
6
ByLayer
62
256
370
-1
90
4
70
1
10
1.9790340865439717
20
1.7329999999050054
10
1.9790340865439717
20
2.3099999986588955
10
2.1640340889281573
20
2.3099999986588955
10
2.1640340889281573
20
1.7329999999050054
0
LINE
5
6AFC
330
6A3F
100
AcDbEntity
100
AcDbLine
8
EKP_TURKCELL_RRU
10
2.012334086973125
20
1.7329999999050054
30
0
11
2.012334086973125
21
2.3099999986588955
31
0
0
LINE
5
6AFD
330
6A3F
100
AcDbEntity
100
AcDbLine
8
EKP_TURKCELL_RRU
10
2.0345340872592272
20
2.0214999992819505
30
0
11
2.1085340882129016
21
2.0214999992819505
31
0
0
LINE
5
6AFE
330
6A3F
100
AcDbEntity
100
AcDbLine
8
EKP_TURKCELL_RRU
10
2.0715340877360644
20
1.9844999988051133
30
0
11
2.0715340877360644
21
2.0584999997587876
31
0
0
TEXT
5
6AFF
330
6A3F
100
AcDbEntity
100
AcDbText
8
EKP_TURKCELL_RRU
10
2.0715340877360644
20
2.0484999992819506
30
0
40
0.045
1
Turkcell LTE RRU4485 - 4G (Kisa Kenar Montaj)
50
0
7
STANDARD
72
1
11
2.0715340877360644
21
2.0484999992819506
31
0
100
AcDbText
73
2
0
LWPOLYLINE
5
6C07
330
6A3F
100
AcDbEntity
100
AcDbPolyline
8
EKP_TURKCELL_RRU
6
ByLayer
62
256
370
-1
90
4
70
1
10
-13.809999999329449
20
-60.01249999791385
10
-13.809999999329449
20
-59.867500002086175
10
-13.301999999046327
20
-59.867500002086175
10
-13.301999999046327
20
-60.01249999791385
0
LINE
5
6C08
330
6A3F
100
AcDbEntity
100
AcDbLine
8
EKP_TURKCELL_RRU
10
-13.809999999329449
20
-59.986399998664865
30
0
11
-13.301999999046327
21
-59.986399998664865
31
0
0
LINE
5
6C09
330
6A3F
100
AcDbEntity
100
AcDbLine
8
EKP_TURKCELL_RRU
10
-13.584999998353423
20
-59.94000000000001
30
0
11
-13.527000000022353
21
-59.94000000000001
31
0
0
LINE
5
6C0A
330
6A3F
100
AcDbEntity
100
AcDbLine
8
EKP_TURKCELL_RRU
10
-13.555999999187888
20
-59.96899999916555
30
0
11
-13.555999999187888
21
-59.91100000083448
31
0
0
TEXT
5
6C0B
330
6A3F
100
AcDbEntity
100
AcDbText
8
EKP_TURKCELL_RRU
10
-13.555999999187888
20
-59.91564000070096
30
0
40
0.04059999883174897
1
Turkcell RRU (Sol Boru 5, Ust)
50
0
7
STANDARD
72
1
11
-13.555999999187888
21
-59.91564000070096
31
0
100
AcDbText
73
2
0
LWPOLYLINE
5
6C0C
330
6A3F
100
AcDbEntity
100
AcDbPolyline
8
EKP_TURKCELL_RRU
6
ByLayer
62
256
370
-1
90
4
70
1
10
-13.809999999329449
20
-60.19249999791385
10
-13.809999999329449
20
-60.047500002086174
10
-13.301999999046327
20
-60.047500002086174
10
-13.301999999046327
20
-60.19249999791385
0
LINE
5
6C0D
330
6A3F
100
AcDbEntity
100
AcDbLine
8
EKP_TURKCELL_RRU
10
-13.809999999329449
20
-60.166399998664865
30
0
11
-13.301999999046327
21
-60.166399998664865
31
0
0
LINE
5
6C0E
330
6A3F
100
AcDbEntity
100
AcDbLine
8
EKP_TURKCELL_RRU
10
-13.584999998353423
20
-60.12000000000001
30
0
11
-13.527000000022353
21
-60.12000000000001
31
0
0
LINE
5
6C0F
330
6A3F
100
AcDbEntity
100
AcDbLine
8
EKP_TURKCELL_RRU
10
-13.555999999187888
20
-60.14899999916555
30
0
11
-13.555999999187888
21
-60.09100000083448
31
0
0
TEXT
5
6C10
330
6A3F
100
AcDbEntity
100
AcDbText
8
EKP_TURKCELL_RRU
10
-13.555999999187888
20
-60.09564000070096
30
0
40
0.04059999883174897
1
Turkcell RRU (Sol Boru 6, Alt)
50
0
7
STANDARD
72
1
11
-13.555999999187888
21
-60.09564000070096
31
0
100
AcDbText
73
2
0
LWPOLYLINE
5
6C11
330
6A3F
100
AcDbEntity
100
AcDbPolyline
8
EKP_TURKCELL_RRU
6
ByLayer
62
256
370
-1
90
4
70
1
10
-13.809999999329449
20
-60.19249999791385
10
-13.809999999329449
20
-60.047500002086174
10
-13.301999999046327
20
-60.047500002086174
10
-13.301999999046327
20
-60.19249999791385
0
LINE
5
6C12
330
6A3F
100
AcDbEntity
100
AcDbLine
8
EKP_TURKCELL_RRU
10
-13.809999999329449
20
-60.166399998664865
30
0
11
-13.301999999046327
21
-60.166399998664865
31
0
0
LINE
5
6C13
330
6A3F
100
AcDbEntity
100
AcDbLine
8
EKP_TURKCELL_RRU
10
-13.584999998353423
20
-60.12000000000001
30
0
11
-13.527000000022353
21
-60.12000000000001
31
0
0
LINE
5
6C14
330
6A3F
100
AcDbEntity
100
AcDbLine
8
EKP_TURKCELL_RRU
10
-13.555999999187888
20
-60.14899999916555
30
0
11
-13.555999999187888
21
-60.09100000083448
31
0
0
TEXT
5
6C15
330
6A3F
100
AcDbEntity
100
AcDbText
8
EKP_TURKCELL_RRU
10
-13.555999999187888
20
-60.09564000070096
30
0
40
0.04059999883174897
1
Turkcell RRU (Sol Boru 6, Ust)
50
0
7
STANDARD
72
1
11
-13.555999999187888
21
-60.09564000070096
31
0
100
AcDbText
73
2
0
LWPOLYLINE
5
6C34
330
6A3F
100
AcDbEntity
100
AcDbPolyline
8
EKP_TURKCELL_RRU
6
ByLayer
62
256
370
-1
90
4
70
1
10
-12.898000000953674
20
-59.92249999791384
10
-12.898000000953674
20
-59.777500002086164
10
-12.390000000670552
20
-59.777500002086164
10
-12.390000000670552
20
-59.92249999791384
0
LINE
5
6C35
330
6A3F
100
AcDbEntity
100
AcDbLine
8
EKP_TURKCELL_RRU
10
-12.898000000953674
20
-59.896399998664855
30
0
11
-12.390000000670552
21
-59.896399998664855
31
0
0
LINE
5
6C36
330
6A3F
100
AcDbEntity
100
AcDbLine
8
EKP_TURKCELL_RRU
10
-12.672999999977648
20
-59.85
30
0
11
-12.615000001646578
21
-59.85
31
0
0
LINE
5
6C37
330
6A3F
100
AcDbEntity
100
AcDbLine
8
EKP_TURKCELL_RRU
10
-12.644000000812113
20
-59.878999999165536
30
0
11
-12.644000000812113
21
-59.82100000083447
31
0
0
TEXT
5
6C38
330
6A3F
100
AcDbEntity
100
AcDbText
8
EKP_TURKCELL_RRU
10
-12.644000000812113
20
-59.82564000070095
30
0
40
0.04059999883174897
1
Turkcell RRU (Sag Boru 4, Alt)
50
0
7
STANDARD
72
1
11
-12.644000000812113
21
-59.82564000070095
31
0
100
AcDbText
73
2
0
LWPOLYLINE
5
6C39
330
6A3F
100
AcDbEntity
100
AcDbPolyline
8
EKP_TURKCELL_RRU
6
ByLayer
62
256
370
-1
90
4
70
1
10
-12.898000000953674
20
-59.92249999791384
10
-12.898000000953674
20
-59.777500002086164
10
-12.390000000670552
20
-59.777500002086164
10
-12.390000000670552
20
-59.92249999791384
0
LINE
5
6C3A
330
6A3F
100
AcDbEntity
100
AcDbLine
8
EKP_TURKCELL_RRU
10
-12.898000000953674
20
-59.896399998664855
30
0
11
-12.390000000670552
21
-59.896399998664855
31
0
0
LINE
5
6C3B
330
6A3F
100
AcDbEntity
100
AcDbLine
8
EKP_TURKCELL_RRU
10
-12.672999999977648
20
-59.85
30
0
11
-12.615000001646578
21
-59.85
31
0
0
LINE
5
6C3C
330
6A3F
100
AcDbEntity
100
AcDbLine
8
EKP_TURKCELL_RRU
10
-12.644000000812113
20
-59.878999999165536
30
0
11
-12.644000000812113
21
-59.82100000083447
31
0
0
TEXT
5
6C3D
330
6A3F
100
AcDbEntity
100
AcDbText
8
EKP_TURKCELL_RRU
10
-12.644000000812113
20
-59.82564000070095
30
0
40
0.04059999883174897
1
Turkcell RRU (Sag Boru 4, Ust)
50
0
7
STANDARD
72
1
11
-12.644000000812113
21
-59.82564000070095
31
0
100
AcDbText
73
2
0
LWPOLYLINE
5
6C3E
330
6A3F
100
AcDbEntity
100
AcDbPolyline
8
EKP_TURKCELL_RRU
6
ByLayer
62
256
370
-1
90
4
70
1
10
-12.898000000953674
20
-60.10249999791384
10
-12.898000000953674
20
-59.957500002086164
10
-12.390000000670552
20
-59.957500002086164
10
-12.390000000670552
20
-60.10249999791384
0
LINE
5
6C3F
330
6A3F
100
AcDbEntity
100
AcDbLine
8
EKP_TURKCELL_RRU
10
-12.898000000953674
20
-60.076399998664854
30
0
11
-12.390000000670552
21
-60.076399998664854
31
0
0
LINE
5
6C40
330
6A3F
100
AcDbEntity
100
AcDbLine
8
EKP_TURKCELL_RRU
10
-12.672999999977648
20
-60.03
30
0
11
-12.615000001646578
21
-60.03
31
0
0
LINE
5
6C41
330
6A3F
100
AcDbEntity
100
AcDbLine
8
EKP_TURKCELL_RRU
10
-12.644000000812113
20
-60.058999999165536
30
0
11
-12.644000000812113
21
-60.001000000834466
31
0
0
TEXT
5
6C42
330
6A3F
100
AcDbEntity
100
AcDbText
8
EKP_TURKCELL_RRU
10
-12.644000000812113
20
-60.00564000070095
30
0
40
0.04059999883174897
1
Turkcell RRU (Sag Boru 5, Alt)
50
0
7
STANDARD
72
1
11
-12.644000000812113
21
-60.00564000070095
31
0
100
AcDbText
73
2
0
LWPOLYLINE
5
6C7E
330
6A3F
100
AcDbEntity
100
AcDbPolyline
8
EKP_TURKCELL_RRU
6
ByLayer
62
256
370
-1
90
4
70
1
10
12.390000000670552
20
-60.01249999791385
10
12.390000000670552
20
-59.867500002086175
10
12.898000000953674
20
-59.867500002086175
10
12.898000000953674
20
-60.01249999791385
0
LINE
5
6C7F
330
6A3F
100
AcDbEntity
100
AcDbLine
8
EKP_TURKCELL_RRU
10
12.390000000670552
20
-59.986399998664865
30
0
11
12.898000000953674
21
-59.986399998664865
31
0
0
LINE
5
6C80
330
6A3F
100
AcDbEntity
100
AcDbLine
8
EKP_TURKCELL_RRU
10
12.615000001646578
20
-59.94000000000001
30
0
11
12.672999999977648
21
-59.94000000000001
31
0
0
LINE
5
6C81
330
6A3F
100
AcDbEntity
100
AcDbLine
8
EKP_TURKCELL_RRU
10
12.644000000812113
20
-59.96899999916555
30
0
11
12.644000000812113
21
-59.91100000083448
31
0
0
TEXT
5
6C82
330
6A3F
100
AcDbEntity
100
AcDbText
8
EKP_TURKCELL_RRU
10
12.644000000812113
20
-59.91564000070096
30
0
40
0.04059999883174897
1
Turkcell RRU (Sol Boru 5, Ust)
50
0
7
STANDARD
72
1
11
12.644000000812113
21
-59.91564000070096
31
0
100
AcDbText
73
2
0
LWPOLYLINE
5
6C83
330
6A3F
100
AcDbEntity
100
AcDbPolyline
8
EKP_TURKCELL_RRU
6
ByLayer
62
256
370
-1
90
4
70
1
10
12.390000000670552
20
-60.19249999791385
10
12.390000000670552
20
-60.047500002086174
10
12.898000000953674
20
-60.047500002086174
10
12.898000000953674
20
-60.19249999791385
0
LINE
5
6C84
330
6A3F
100
AcDbEntity
100
AcDbLine
8
EKP_TURKCELL_RRU
10
12.390000000670552
20
-60.166399998664865
30
0
11
12.898000000953674
21
-60.166399998664865
31
0
0
LINE
5
6C85
330
6A3F
100
AcDbEntity
100
AcDbLine
8
EKP_TURKCELL_RRU
10
12.615000001646578
20
-60.12000000000001
30
0
11
12.672999999977648
21
-60.12000000000001
31
0
0
LINE
5
6C86
330
6A3F
100
AcDbEntity
100
AcDbLine
8
EKP_TURKCELL_RRU
10
12.644000000812113
20
-60.14899999916555
30
0
11
12.644000000812113
21
-60.09100000083448
31
0
0
TEXT
5
6C87
330
6A3F
100
AcDbEntity
100
AcDbText
8
EKP_TURKCELL_RRU
10
12.644000000812113
20
-60.09564000070096
30
0
40
0.04059999883174897
1
Turkcell RRU (Sol Boru 6, Alt)
50
0
7
STANDARD
72
1
11
12.644000000812113
21
-60.09564000070096
31
0
100
AcDbText
73
2
0
LWPOLYLINE
5
6C88
330
6A3F
100
AcDbEntity
100
AcDbPolyline
8
EKP_TURKCELL_RRU
6
ByLayer
62
256
370
-1
90
4
70
1
10
12.390000000670552
20
-60.19249999791385
10
12.390000000670552
20
-60.047500002086174
10
12.898000000953674
20
-60.047500002086174
10
12.898000000953674
20
-60.19249999791385
0
LINE
5
6C89
330
6A3F
100
AcDbEntity
100
AcDbLine
8
EKP_TURKCELL_RRU
10
12.390000000670552
20
-60.166399998664865
30
0
11
12.898000000953674
21
-60.166399998664865
31
0
0
LINE
5
6C8A
330
6A3F
100
AcDbEntity
100
AcDbLine
8
EKP_TURKCELL_RRU
10
12.615000001646578
20
-60.12000000000001
30
0
11
12.672999999977648
21
-60.12000000000001
31
0
0
LINE
5
6C8B
330
6A3F
100
AcDbEntity
100
AcDbLine
8
EKP_TURKCELL_RRU
10
12.644000000812113
20
-60.14899999916555
30
0
11
12.644000000812113
21
-60.09100000083448
31
0
0
TEXT
5
6C8C
330
6A3F
100
AcDbEntity
100
AcDbText
8
EKP_TURKCELL_RRU
10
12.644000000812113
20
-60.09564000070096
30
0
40
0.04059999883174897
1
Turkcell RRU (Sol Boru 6, Ust)
50
0
7
STANDARD
72
1
11
12.644000000812113
21
-60.09564000070096
31
0
100
AcDbText
73
2
0
LWPOLYLINE
5
6CAB
330
6A3F
100
AcDbEntity
100
AcDbPolyline
8
EKP_TURKCELL_RRU
6
ByLayer
62
256
370
-1
90
4
70
1
10
13.301999999046325
20
-59.92249999791384
10
13.301999999046325
20
-59.777500002086164
10
13.809999999329447
20
-59.777500002086164
10
13.809999999329447
20
-59.92249999791384
0
LINE
5
6CAC
330
6A3F
100
AcDbEntity
100
AcDbLine
8
EKP_TURKCELL_RRU
10
13.301999999046325
20
-59.896399998664855
30
0
11
13.809999999329447
21
-59.896399998664855
31
0
0
LINE
5
6CAD
330
6A3F
100
AcDbEntity
100
AcDbLine
8
EKP_TURKCELL_RRU
10
13.527000000022351
20
-59.85
30
0
11
13.584999998353421
21
-59.85
31
0
0
LINE
5
6CAE
330
6A3F
100
AcDbEntity
100
AcDbLine
8
EKP_TURKCELL_RRU
10
13.555999999187886
20
-59.878999999165536
30
0
11
13.555999999187886
21
-59.82100000083447
31
0
0
TEXT
5
6CAF
330
6A3F
100
AcDbEntity
100
AcDbText
8
EKP_TURKCELL_RRU
10
13.555999999187886
20
-59.82564000070095
30
0
40
0.04059999883174897
1
Turkcell RRU (Sag Boru 4, Alt)
50
0
7
STANDARD
72
1
11
13.555999999187886
21
-59.82564000070095
31
0
100
AcDbText
73
2
0
LWPOLYLINE
5
6CB0
330
6A3F
100
AcDbEntity
100
AcDbPolyline
8
EKP_TURKCELL_RRU
6
ByLayer
62
256
370
-1
90
4
70
1
10
13.301999999046325
20
-59.92249999791384
10
13.301999999046325
20
-59.777500002086164
10
13.809999999329447
20
-59.777500002086164
10
13.809999999329447
20
-59.92249999791384
0
LINE
5
6CB1
330
6A3F
100
AcDbEntity
100
AcDbLine
8
EKP_TURKCELL_RRU
10
13.301999999046325
20
-59.896399998664855
30
0
11
13.809999999329447
21
-59.896399998664855
31
0
0
LINE
5
6CB2
330
6A3F
100
AcDbEntity
100
AcDbLine
8
EKP_TURKCELL_RRU
10
13.527000000022351
20
-59.85
30
0
11
13.584999998353421
21
-59.85
31
0
0
LINE
5
6CB3
330
6A3F
100
AcDbEntity
100
AcDbLine
8
EKP_TURKCELL_RRU
10
13.555999999187886
20
-59.878999999165536
30
0
11
13.555999999187886
21
-59.82100000083447
31
0
0
TEXT
5
6CB4
330
6A3F
100
AcDbEntity
100
AcDbText
8
EKP_TURKCELL_RRU
10
13.555999999187886
20
-59.82564000070095
30
0
40
0.04059999883174897
1
Turkcell RRU (Sag Boru 4, Ust)
50
0
7
STANDARD
72
1
11
13.555999999187886
21
-59.82564000070095
31
0
100
AcDbText
73
2
0
LWPOLYLINE
5
6CB5
330
6A3F
100
AcDbEntity
100
AcDbPolyline
8
EKP_TURKCELL_RRU
6
ByLayer
62
256
370
-1
90
4
70
1
10
13.301999999046325
20
-60.10249999791384
10
13.301999999046325
20
-59.957500002086164
10
13.809999999329447
20
-59.957500002086164
10
13.809999999329447
20
-60.10249999791384
0
LINE
5
6CB6
330
6A3F
100
AcDbEntity
100
AcDbLine
8
EKP_TURKCELL_RRU
10
13.301999999046325
20
-60.076399998664854
30
0
11
13.809999999329447
21
-60.076399998664854
31
0
0
LINE
5
6CB7
330
6A3F
100
AcDbEntity
100
AcDbLine
8
EKP_TURKCELL_RRU
10
13.527000000022351
20
-60.03
30
0
11
13.584999998353421
21
-60.03
31
0
0
LINE
5
6CB8
330
6A3F
100
AcDbEntity
100
AcDbLine
8
EKP_TURKCELL_RRU
10
13.555999999187886
20
-60.058999999165536
30
0
11
13.555999999187886
21
-60.001000000834466
31
0
0
TEXT
5
6CB9
330
6A3F
100
AcDbEntity
100
AcDbText
8
EKP_TURKCELL_RRU
10
13.555999999187886
20
-60.00564000070095
30
0
40
0.04059999883174897
1
Turkcell RRU (Sag Boru 5, Alt)
50
0
7
STANDARD
72
1
11
13.555999999187886
21
-60.00564000070095
31
0
100
AcDbText
73
2
0
LWPOLYLINE
5
6D97
330
6A3F
100
AcDbEntity
100
AcDbPolyline
8
EKP_TURKCELL_RRU
6
ByLayer
62
256
370
-1
90
4
70
1
10
-3.13
20
-6.45
10
-3.13
20
-5.95
10
-2.75
20
-5.95
10
-2.75
20
-6.45
0
LWPOLYLINE
5
6D98
330
6A3F
100
AcDbEntity
100
AcDbPolyline
8
EKP_TURKCELL_RRU
6
ByLayer
62
256
370
-1
90
4
70
1
10
-3.016
20
-5.95
10
-3.016
20
-5.92
10
-2.864
20
-5.92
10
-2.864
20
-5.95
0
TEXT
5
6D99
330
6A3F
100
AcDbEntity
100
AcDbText
8
EKP_TURKCELL_RRU
10
-2.94
20
-6.2
30
0
40
0.045
1
TCELL
50
0
7
STANDARD
72
1
11
-2.94
21
-6.2
31
0
100
AcDbText
73
2
0
LWPOLYLINE
5
6D9D
330
6A3F
100
AcDbEntity
100
AcDbPolyline
8
EKP_TURKCELL_RRU
6
ByLayer
62
256
370
-1
90
4
70
1
10
-2.8899999999999997
20
-6.45
10
-2.8899999999999997
20
-5.95
10
-2.51
20
-5.95
10
-2.51
20
-6.45
0
LWPOLYLINE
5
6D9E
330
6A3F
100
AcDbEntity
100
AcDbPolyline
8
EKP_TURKCELL_RRU
6
ByLayer
62
256
370
-1
90
4
70
1
10
-2.776
20
-5.95
10
-2.776
20
-5.92
10
-2.6239999999999997
20
-5.92
10
-2.6239999999999997
20
-5.95
0
TEXT
5
6D9F
330
6A3F
100
AcDbEntity
100
AcDbText
8
EKP_TURKCELL_RRU
10
-2.6999999999999997
20
-6.2
30
0
40
0.045
1
TCELL
50
0
7
STANDARD
72
1
11
-2.6999999999999997
21
-6.2
31
0
100
AcDbText
73
2
0
LWPOLYLINE
5
6DD3
330
6A3F
100
AcDbEntity
100
AcDbPolyline
8
EKP_TURKCELL_RRU
6
ByLayer
62
256
370
-1
90
4
70
1
10
2.51
20
-6.45
10
2.51
20
-5.95
10
2.8899999999999997
20
-5.95
10
2.8899999999999997
20
-6.45
0
LWPOLYLINE
5
6DD4
330
6A3F
100
AcDbEntity
100
AcDbPolyline
8
EKP_TURKCELL_RRU
6
ByLayer
62
256
370
-1
90
4
70
1
10
2.6239999999999997
20
-5.95
10
2.6239999999999997
20
-5.92
10
2.776
20
-5.92
10
2.776
20
-5.95
0
TEXT
5
6DD5
330
6A3F
100
AcDbEntity
100
AcDbText
8
EKP_TURKCELL_RRU
10
2.6999999999999997
20
-6.2
30
0
40
0.045
1
TCELL
50
0
7
STANDARD
72
1
11
2.6999999999999997
21
-6.2
31
0
100
AcDbText
73
2
0
LWPOLYLINE
5
6DD9
330
6A3F
100
AcDbEntity
100
AcDbPolyline
8
EKP_TURKCELL_RRU
6
ByLayer
62
256
370
-1
90
4
70
1
10
2.75
20
-6.45
10
2.75
20
-5.95
10
3.13
20
-5.95
10
3.13
20
-6.45
0
LWPOLYLINE
5
6DDA
330
6A3F
100
AcDbEntity
100
AcDbPolyline
8
EKP_TURKCELL_RRU
6
ByLayer
62
256
370
-1
90
4
70
1
10
2.864
20
-5.95
10
2.864
20
-5.92
10
3.016
20
-5.92
10
3.016
20
-5.95
0
TEXT
5
6DDB
330
6A3F
100
AcDbEntity
100
AcDbText
8
EKP_TURKCELL_RRU
10
2.94
20
-6.2
30
0
40
0.045
1
TCELL
50
0
7
STANDARD
72
1
11
2.94
21
-6.2
31
0
100
AcDbText
73
2
0
LWPOLYLINE
5
6AD8
330
6A3F
100
AcDbEntity
100
AcDbPolyline
8
EKP_VODAFONE_RRU
6
ByLayer
62
256
370
-1
90
4
70
1
10
-1.8828099294516736
20
1.6989999999050054
10
-1.8828099294516736
20
2.3099999986588955
10
-1.7078099324319058
20
2.3099999986588955
10
-1.7078099324319058
20
1.6989999999050054
0
LINE
5
6AD9
330
6A3F
100
AcDbEntity
100
AcDbLine
8
EKP_VODAFONE_RRU
10
-1.8513099299881155
20
1.6989999999050054
30
0
11
-1.8513099299881155
21
2.3099999986588955
31
0
0
LINE
5
6ADA
330
6A3F
100
AcDbEntity
100
AcDbLine
8
EKP_VODAFONE_RRU
10
-1.8303099303457433
20
2.0044999992819506
30
0
11
-1.760309931537836
21
2.0044999992819506
31
0
0
LINE
5
6ADB
330
6A3F
100
AcDbEntity
100
AcDbLine
8
EKP_VODAFONE_RRU
10
-1.7953099309417897
20
1.969499999877997
30
0
11
-1.7953099309417897
21
2.039499998685904
31
0
0
TEXT
5
6ADC
330
6A3F
100
AcDbEntity
100
AcDbText
8
EKP_VODAFONE_RRU
10
-1.7953099309417897
20
2.0314999992819507
30
0
40
0.045
1
Vodafone RRU5526t (Kisa Kenar Montaj)
50
0
7
STANDARD
72
1
11
-1.7953099309417897
21
2.0314999992819507
31
0
100
AcDbText
73
2
0
LWPOLYLINE
5
6AE7
330
6A3F
100
AcDbEntity
100
AcDbPolyline
8
EKP_VODAFONE_RRU
6
ByLayer
62
256
370
-1
90
4
70
1
10
-1.665367791005843
20
1.6989999999050054
10
-1.665367791005843
20
2.3099999986588955
10
-1.4903677939860753
20
2.3099999986588955
10
-1.4903677939860753
20
1.6989999999050054
0
LINE
5
6AE8
330
6A3F
100
AcDbEntity
100
AcDbLine
8
EKP_VODAFONE_RRU
10
-1.633867791542285
20
1.6989999999050054
30
0
11
-1.633867791542285
21
2.3099999986588955
31
0
0
LINE
5
6AE9
330
6A3F
100
AcDbEntity
100
AcDbLine
8
EKP_VODAFONE_RRU
10
-1.6128677918999128
20
2.0044999992819506
30
0
11
-1.5428677930920056
21
2.0044999992819506
31
0
0
LINE
5
6AEA
330
6A3F
100
AcDbEntity
100
AcDbLine
8
EKP_VODAFONE_RRU
10
-1.5778677924959592
20
1.969499999877997
30
0
11
-1.5778677924959592
21
2.039499998685904
31
0
0
TEXT
5
6AEB
330
6A3F
100
AcDbEntity
100
AcDbText
8
EKP_VODAFONE_RRU
10
-1.5778677924959592
20
2.0314999992819507
30
0
40
0.045
1
Vodafone RRU5526t (Kisa Kenar Montaj)
50
0
7
STANDARD
72
1
11
-1.5778677924959592
21
2.0314999992819507
31
0
100
AcDbText
73
2
0
LWPOLYLINE
5
6AF1
330
6A3F
100
AcDbEntity
100
AcDbPolyline
8
EKP_VODAFONE_RRU
6
ByLayer
62
256
370
-1
90
4
70
1
10
-1.447499998509884
20
1.6989999999050054
10
-1.447499998509884
20
2.3099999986588955
10
-1.2725000014901162
20
2.3099999986588955
10
-1.2725000014901162
20
1.6989999999050054
0
LINE
5
6AF2
330
6A3F
100
AcDbEntity
100
AcDbLine
8
EKP_VODAFONE_RRU
10
-1.415999999046326
20
1.6989999999050054
30
0
11
-1.415999999046326
21
2.3099999986588955
31
0
0
LINE
5
6AF3
330
6A3F
100
AcDbEntity
100
AcDbLine
8
EKP_VODAFONE_RRU
10
-1.3949999994039537
20
2.0044999992819506
30
0
11
-1.3250000005960465
21
2.0044999992819506
31
0
0
LINE
5
6AF4
330
6A3F
100
AcDbEntity
100
AcDbLine
8
EKP_VODAFONE_RRU
10
-1.36
20
1.969499999877997
30
0
11
-1.36
21
2.039499998685904
31
0
0
TEXT
5
6AF5
330
6A3F
100
AcDbEntity
100
AcDbText
8
EKP_VODAFONE_RRU
10
-1.36
20
2.0314999992819507
30
0
40
0.045
1
Vodafone RRU5526t (Kisa Kenar Montaj)
50
0
7
STANDARD
72
1
11
-1.36
21
2.0314999992819507
31
0
100
AcDbText
73
2
0
LWPOLYLINE
5
6B0A
330
6A3F
100
AcDbEntity
100
AcDbPolyline
8
EKP_VODAFONE_RRU
6
ByLayer
62
256
370
-1
90
4
70
1
10
2.8625000014901163
20
1.6989999999050054
10
2.8625000014901163
20
2.3099999986588955
10
3.037499998509884
20
2.3099999986588955
10
3.037499998509884
20
1.6989999999050054
0
LINE
5
6B0B
330
6A3F
100
AcDbEntity
100
AcDbLine
8
EKP_VODAFONE_RRU
10
2.8940000009536746
20
1.6989999999050054
30
0
11
2.8940000009536746
21
2.3099999986588955
31
0
0
LINE
5
6B0C
330
6A3F
100
AcDbEntity
100
AcDbLine
8
EKP_VODAFONE_RRU
10
2.915000000596047
20
2.0044999992819506
30
0
11
2.9849999994039536
21
2.0044999992819506
31
0
0
LINE
5
6B0D
330
6A3F
100
AcDbEntity
100
AcDbLine
8
EKP_VODAFONE_RRU
10
2.95
20
1.969499999877997
30
0
11
2.95
21
2.039499998685904
31
0
0
TEXT
5
6B0E
330
6A3F
100
AcDbEntity
100
AcDbText
8
EKP_VODAFONE_RRU
10
2.95
20
2.0314999992819507
30
0
40
0.045
1
Vodafone RRU5526t (Kisa Kenar Montaj)
50
0
7
STANDARD
72
1
11
2.95
21
2.0314999992819507
31
0
100
AcDbText
73
2
0
LWPOLYLINE
5
6B0F
330
6A3F
100
AcDbEntity
100
AcDbPolyline
8
EKP_VODAFONE_RRU
6
ByLayer
62
256
370
-1
90
4
70
1
10
3.082500001490116
20
1.6989999999050054
10
3.082500001490116
20
2.3099999986588955
10
3.257499998509884
20
2.3099999986588955
10
3.257499998509884
20
1.6989999999050054
0
LINE
5
6B10
330
6A3F
100
AcDbEntity
100
AcDbLine
8
EKP_VODAFONE_RRU
10
3.1140000009536744
20
1.6989999999050054
30
0
11
3.1140000009536744
21
2.3099999986588955
31
0
0
LINE
5
6B11
330
6A3F
100
AcDbEntity
100
AcDbLine
8
EKP_VODAFONE_RRU
10
3.1350000005960466
20
2.0044999992819506
30
0
11
3.2049999994039533
21
2.0044999992819506
31
0
0
LINE
5
6B12
330
6A3F
100
AcDbEntity
100
AcDbLine
8
EKP_VODAFONE_RRU
10
3.17
20
1.969499999877997
30
0
11
3.17
21
2.039499998685904
31
0
0
TEXT
5
6B13
330
6A3F
100
AcDbEntity
100
AcDbText
8
EKP_VODAFONE_RRU
10
3.17
20
2.0314999992819507
30
0
40
0.045
1
Vodafone RRU5526t (Kisa Kenar Montaj)
50
0
7
STANDARD
72
1
11
3.17
21
2.0314999992819507
31
0
100
AcDbText
73
2
0
LWPOLYLINE
5
6B14
330
6A3F
100
AcDbEntity
100
AcDbPolyline
8
EKP_VODAFONE_RRU
6
ByLayer
62
256
370
-1
90
4
70
1
10
2.6422652546752503
20
1.6989999999050054
10
2.6422652546752503
20
2.3099999986588955
10
2.817265251695018
20
2.3099999986588955
10
2.817265251695018
20
1.6989999999050054
0
LINE
5
6B15
330
6A3F
100
AcDbEntity
100
AcDbLine
8
EKP_VODAFONE_RRU
10
2.6737652541388086
20
1.6989999999050054
30
0
11
2.6737652541388086
21
2.3099999986588955
31
0
0
LINE
5
6B16
330
6A3F
100
AcDbEntity
100
AcDbLine
8
EKP_VODAFONE_RRU
10
2.694765253781181
20
2.0044999992819506
30
0
11
2.7647652525890876
21
2.0044999992819506
31
0
0
LINE
5
6B17
330
6A3F
100
AcDbEntity
100
AcDbLine
8
EKP_VODAFONE_RRU
10
2.729765253185134
20
1.969499999877997
30
0
11
2.729765253185134
21
2.039499998685904
31
0
0
TEXT
5
6B18
330
6A3F
100
AcDbEntity
100
AcDbText
8
EKP_VODAFONE_RRU
10
2.729765253185134
20
2.0314999992819507
30
0
40
0.045
1
Vodafone RRU5526t (Kisa Kenar Montaj)
50
0
7
STANDARD
72
1
11
2.729765253185134
21
2.0314999992819507
31
0
100
AcDbText
73
2
0
LWPOLYLINE
5
6BDA
330
6A3F
100
AcDbEntity
100
AcDbPolyline
8
EKP_VODAFONE_RRU
6
ByLayer
62
256
370
-1
90
4
70
1
10
-13.809999999329449
20
-59.28750000268221
10
-13.809999999329449
20
-59.15249999731779
10
-13.267999994397165
20
-59.15249999731779
10
-13.267999994397165
20
-59.28750000268221
0
LINE
5
6BDB
330
6A3F
100
AcDbEntity
100
AcDbLine
8
EKP_VODAFONE_RRU
10
-13.809999999329449
20
-59.26320000171661
30
0
11
-13.267999994397165
21
-59.26320000171661
31
0
0
LINE
5
6BDC
330
6A3F
100
AcDbEntity
100
AcDbLine
8
EKP_VODAFONE_RRU
10
-13.56599999793619
20
-59.22
30
0
11
-13.511999995790424
21
-59.22
31
0
0
LINE
5
6BDD
330
6A3F
100
AcDbEntity
100
AcDbLine
8
EKP_VODAFONE_RRU
10
-13.538999996863307
20
-59.247000001072884
30
0
11
-13.538999996863307
21
-59.192999998927114
31
0
0
TEXT
5
6BDE
330
6A3F
100
AcDbEntity
100
AcDbText
8
EKP_VODAFONE_RRU
10
-13.538999996863307
20
-59.197319999098774
30
0
40
0.03780000150203705
1
Vodafone RRU (Sol Boru 1, Alt)
50
0
7
STANDARD
72
1
11
-13.538999996863307
21
-59.197319999098774
31
0
100
AcDbText
73
2
0
LWPOLYLINE
5
6BDF
330
6A3F
100
AcDbEntity
100
AcDbPolyline
8
EKP_VODAFONE_RRU
6
ByLayer
62
256
370
-1
90
4
70
1
10
-13.809999999329449
20
-59.28750000268221
10
-13.809999999329449
20
-59.15249999731779
10
-13.267999994397165
20
-59.15249999731779
10
-13.267999994397165
20
-59.28750000268221
0
LINE
5
6BE0
330
6A3F
100
AcDbEntity
100
AcDbLine
8
EKP_VODAFONE_RRU
10
-13.809999999329449
20
-59.26320000171661
30
0
11
-13.267999994397165
21
-59.26320000171661
31
0
0
LINE
5
6BE1
330
6A3F
100
AcDbEntity
100
AcDbLine
8
EKP_VODAFONE_RRU
10
-13.56599999793619
20
-59.22
30
0
11
-13.511999995790424
21
-59.22
31
0
0
LINE
5
6BE2
330
6A3F
100
AcDbEntity
100
AcDbLine
8
EKP_VODAFONE_RRU
10
-13.538999996863307
20
-59.247000001072884
30
0
11
-13.538999996863307
21
-59.192999998927114
31
0
0
TEXT
5
6BE3
330
6A3F
100
AcDbEntity
100
AcDbText
8
EKP_VODAFONE_RRU
10
-13.538999996863307
20
-59.197319999098774
30
0
40
0.03780000150203705
1
Vodafone RRU (Sol Boru 1, Ust)
50
0
7
STANDARD
72
1
11
-13.538999996863307
21
-59.197319999098774
31
0
100
AcDbText
73
2
0
LWPOLYLINE
5
6BE4
330
6A3F
100
AcDbEntity
100
AcDbPolyline
8
EKP_VODAFONE_RRU
6
ByLayer
62
256
370
-1
90
4
70
1
10
-13.809999999329449
20
-59.46750000268221
10
-13.809999999329449
20
-59.33249999731779
10
-13.267999994397165
20
-59.33249999731779
10
-13.267999994397165
20
-59.46750000268221
0
LINE
5
6BE5
330
6A3F
100
AcDbEntity
100
AcDbLine
8
EKP_VODAFONE_RRU
10
-13.809999999329449
20
-59.44320000171661
30
0
11
-13.267999994397165
21
-59.44320000171661
31
0
0
LINE
5
6BE6
330
6A3F
100
AcDbEntity
100
AcDbLine
8
EKP_VODAFONE_RRU
10
-13.56599999793619
20
-59.4
30
0
11
-13.511999995790424
21
-59.4
31
0
0
LINE
5
6BE7
330
6A3F
100
AcDbEntity
100
AcDbLine
8
EKP_VODAFONE_RRU
10
-13.538999996863307
20
-59.427000001072884
30
0
11
-13.538999996863307
21
-59.37299999892711
31
0
0
TEXT
5
6BE8
330
6A3F
100
AcDbEntity
100
AcDbText
8
EKP_VODAFONE_RRU
10
-13.538999996863307
20
-59.37731999909877
30
0
40
0.03780000150203705
1
Vodafone RRU (Sol Boru 2, Alt)
50
0
7
STANDARD
72
1
11
-13.538999996863307
21
-59.37731999909877
31
0
100
AcDbText
73
2
0
LWPOLYLINE
5
6BE9
330
6A3F
100
AcDbEntity
100
AcDbPolyline
8
EKP_VODAFONE_RRU
6
ByLayer
62
256
370
-1
90
4
70
1
10
-13.809999999329449
20
-59.46750000268221
10
-13.809999999329449
20
-59.33249999731779
10
-13.267999994397165
20
-59.33249999731779
10
-13.267999994397165
20
-59.46750000268221
0
LINE
5
6BEA
330
6A3F
100
AcDbEntity
100
AcDbLine
8
EKP_VODAFONE_RRU
10
-13.809999999329449
20
-59.44320000171661
30
0
11
-13.267999994397165
21
-59.44320000171661
31
0
0
LINE
5
6BEB
330
6A3F
100
AcDbEntity
100
AcDbLine
8
EKP_VODAFONE_RRU
10
-13.56599999793619
20
-59.4
30
0
11
-13.511999995790424
21
-59.4
31
0
0
LINE
5
6BEC
330
6A3F
100
AcDbEntity
100
AcDbLine
8
EKP_VODAFONE_RRU
10
-13.538999996863307
20
-59.427000001072884
30
0
11
-13.538999996863307
21
-59.37299999892711
31
0
0
TEXT
5
6BED
330
6A3F
100
AcDbEntity
100
AcDbText
8
EKP_VODAFONE_RRU
10
-13.538999996863307
20
-59.37731999909877
30
0
40
0.03780000150203705
1
Vodafone RRU (Sol Boru 2, Ust)
50
0
7
STANDARD
72
1
11
-13.538999996863307
21
-59.37731999909877
31
0
100
AcDbText
73
2
0
LWPOLYLINE
5
6BEE
330
6A3F
100
AcDbEntity
100
AcDbPolyline
8
EKP_VODAFONE_RRU
6
ByLayer
62
256
370
-1
90
4
70
1
10
-13.809999999329449
20
-59.64750000268221
10
-13.809999999329449
20
-59.51249999731779
10
-13.267999994397165
20
-59.51249999731779
10
-13.267999994397165
20
-59.64750000268221
0
LINE
5
6BEF
330
6A3F
100
AcDbEntity
100
AcDbLine
8
EKP_VODAFONE_RRU
10
-13.809999999329449
20
-59.62320000171661
30
0
11
-13.267999994397165
21
-59.62320000171661
31
0
0
LINE
5
6BF0
330
6A3F
100
AcDbEntity
100
AcDbLine
8
EKP_VODAFONE_RRU
10
-13.56599999793619
20
-59.58
30
0
11
-13.511999995790424
21
-59.58
31
0
0
LINE
5
6BF1
330
6A3F
100
AcDbEntity
100
AcDbLine
8
EKP_VODAFONE_RRU
10
-13.538999996863307
20
-59.60700000107288
30
0
11
-13.538999996863307
21
-59.55299999892711
31
0
0
TEXT
5
6BF2
330
6A3F
100
AcDbEntity
100
AcDbText
8
EKP_VODAFONE_RRU
10
-13.538999996863307
20
-59.55731999909877
30
0
40
0.03780000150203705
1
Vodafone RRU (Sol Boru 3, Alt)
50
0
7
STANDARD
72
1
11
-13.538999996863307
21
-59.55731999909877
31
0
100
AcDbText
73
2
0
LWPOLYLINE
5
6BF3
330
6A3F
100
AcDbEntity
100
AcDbPolyline
8
EKP_VODAFONE_RRU
6
ByLayer
62
256
370
-1
90
4
70
1
10
-13.809999999329449
20
-59.64750000268221
10
-13.809999999329449
20
-59.51249999731779
10
-13.267999994397165
20
-59.51249999731779
10
-13.267999994397165
20
-59.64750000268221
0
LINE
5
6BF4
330
6A3F
100
AcDbEntity
100
AcDbLine
8
EKP_VODAFONE_RRU
10
-13.809999999329449
20
-59.62320000171661
30
0
11
-13.267999994397165
21
-59.62320000171661
31
0
0
LINE
5
6BF5
330
6A3F
100
AcDbEntity
100
AcDbLine
8
EKP_VODAFONE_RRU
10
-13.56599999793619
20
-59.58
30
0
11
-13.511999995790424
21
-59.58
31
0
0
LINE
5
6BF6
330
6A3F
100
AcDbEntity
100
AcDbLine
8
EKP_VODAFONE_RRU
10
-13.538999996863307
20
-59.60700000107288
30
0
11
-13.538999996863307
21
-59.55299999892711
31
0
0
TEXT
5
6BF7
330
6A3F
100
AcDbEntity
100
AcDbText
8
EKP_VODAFONE_RRU
10
-13.538999996863307
20
-59.55731999909877
30
0
40
0.03780000150203705
1
Vodafone RRU (Sol Boru 3, Ust)
50
0
7
STANDARD
72
1
11
-13.538999996863307
21
-59.55731999909877
31
0
100
AcDbText
73
2
0
LWPOLYLINE
5
6BF8
330
6A3F
100
AcDbEntity
100
AcDbPolyline
8
EKP_VODAFONE_RRU
6
ByLayer
62
256
370
-1
90
4
70
1
10
-13.809999999329449
20
-59.827500002682214
10
-13.809999999329449
20
-59.692499997317796
10
-13.267999994397165
20
-59.692499997317796
10
-13.267999994397165
20
-59.827500002682214
0
LINE
5
6BF9
330
6A3F
100
AcDbEntity
100
AcDbLine
8
EKP_VODAFONE_RRU
10
-13.809999999329449
20
-59.80320000171662
30
0
11
-13.267999994397165
21
-59.80320000171662
31
0
0
LINE
5
6BFA
330
6A3F
100
AcDbEntity
100
AcDbLine
8
EKP_VODAFONE_RRU
10
-13.56599999793619
20
-59.760000000000005
30
0
11
-13.511999995790424
21
-59.760000000000005
31
0
0
LINE
5
6BFB
330
6A3F
100
AcDbEntity
100
AcDbLine
8
EKP_VODAFONE_RRU
10
-13.538999996863307
20
-59.78700000107289
30
0
11
-13.538999996863307
21
-59.73299999892712
31
0
0
TEXT
5
6BFC
330
6A3F
100
AcDbEntity
100
AcDbText
8
EKP_VODAFONE_RRU
10
-13.538999996863307
20
-59.73731999909878
30
0
40
0.03780000150203705
1
Vodafone RRU (Sol Boru 4, Alt)
50
0
7
STANDARD
72
1
11
-13.538999996863307
21
-59.73731999909878
31
0
100
AcDbText
73
2
0
LWPOLYLINE
5
6BFD
330
6A3F
100
AcDbEntity
100
AcDbPolyline
8
EKP_VODAFONE_RRU
6
ByLayer
62
256
370
-1
90
4
70
1
10
-13.809999999329449
20
-59.827500002682214
10
-13.809999999329449
20
-59.692499997317796
10
-13.267999994397165
20
-59.692499997317796
10
-13.267999994397165
20
-59.827500002682214
0
LINE
5
6BFE
330
6A3F
100
AcDbEntity
100
AcDbLine
8
EKP_VODAFONE_RRU
10
-13.809999999329449
20
-59.80320000171662
30
0
11
-13.267999994397165
21
-59.80320000171662
31
0
0
LINE
5
6BFF
330
6A3F
100
AcDbEntity
100
AcDbLine
8
EKP_VODAFONE_RRU
10
-13.56599999793619
20
-59.760000000000005
30
0
11
-13.511999995790424
21
-59.760000000000005
31
0
0
LINE
5
6C00
330
6A3F
100
AcDbEntity
100
AcDbLine
8
EKP_VODAFONE_RRU
10
-13.538999996863307
20
-59.78700000107289
30
0
11
-13.538999996863307
21
-59.73299999892712
31
0
0
TEXT
5
6C01
330
6A3F
100
AcDbEntity
100
AcDbText
8
EKP_VODAFONE_RRU
10
-13.538999996863307
20
-59.73731999909878
30
0
40
0.03780000150203705
1
Vodafone RRU (Sol Boru 4, Ust)
50
0
7
STANDARD
72
1
11
-13.538999996863307
21
-59.73731999909878
31
0
100
AcDbText
73
2
0
LWPOLYLINE
5
6C02
330
6A3F
100
AcDbEntity
100
AcDbPolyline
8
EKP_VODAFONE_RRU
6
ByLayer
62
256
370
-1
90
4
70
1
10
-13.809999999329449
20
-60.00750000268222
10
-13.809999999329449
20
-59.8724999973178
10
-13.267999994397165
20
-59.8724999973178
10
-13.267999994397165
20
-60.00750000268222
0
LINE
5
6C03
330
6A3F
100
AcDbEntity
100
AcDbLine
8
EKP_VODAFONE_RRU
10
-13.809999999329449
20
-59.983200001716625
30
0
11
-13.267999994397165
21
-59.983200001716625
31
0
0
LINE
5
6C04
330
6A3F
100
AcDbEntity
100
AcDbLine
8
EKP_VODAFONE_RRU
10
-13.56599999793619
20
-59.94000000000001
30
0
11
-13.511999995790424
21
-59.94000000000001
31
0
0
LINE
5
6C05
330
6A3F
100
AcDbEntity
100
AcDbLine
8
EKP_VODAFONE_RRU
10
-13.538999996863307
20
-59.9670000010729
30
0
11
-13.538999996863307
21
-59.91299999892713
31
0
0
TEXT
5
6C06
330
6A3F
100
AcDbEntity
100
AcDbText
8
EKP_VODAFONE_RRU
10
-13.538999996863307
20
-59.91731999909879
30
0
40
0.03780000150203705
1
Vodafone RRU (Sol Boru 5, Alt)
50
0
7
STANDARD
72
1
11
-13.538999996863307
21
-59.91731999909879
31
0
100
AcDbText
73
2
0
LWPOLYLINE
5
6C51
330
6A3F
100
AcDbEntity
100
AcDbPolyline
8
EKP_VODAFONE_RRU
6
ByLayer
62
256
370
-1
90
4
70
1
10
12.390000000670552
20
-59.28750000268221
10
12.390000000670552
20
-59.15249999731779
10
12.932000005602836
20
-59.15249999731779
10
12.932000005602836
20
-59.28750000268221
0
LINE
5
6C52
330
6A3F
100
AcDbEntity
100
AcDbLine
8
EKP_VODAFONE_RRU
10
12.390000000670552
20
-59.26320000171661
30
0
11
12.932000005602836
21
-59.26320000171661
31
0
0
LINE
5
6C53
330
6A3F
100
AcDbEntity
100
AcDbLine
8
EKP_VODAFONE_RRU
10
12.63400000206381
20
-59.22
30
0
11
12.688000004209577
21
-59.22
31
0
0
LINE
5
6C54
330
6A3F
100
AcDbEntity
100
AcDbLine
8
EKP_VODAFONE_RRU
10
12.661000003136694
20
-59.247000001072884
30
0
11
12.661000003136694
21
-59.192999998927114
31
0
0
TEXT
5
6C55
330
6A3F
100
AcDbEntity
100
AcDbText
8
EKP_VODAFONE_RRU
10
12.661000003136694
20
-59.197319999098774
30
0
40
0.03780000150203705
1
Vodafone RRU (Sol Boru 1, Alt)
50
0
7
STANDARD
72
1
11
12.661000003136694
21
-59.197319999098774
31
0
100
AcDbText
73
2
0
LWPOLYLINE
5
6C56
330
6A3F
100
AcDbEntity
100
AcDbPolyline
8
EKP_VODAFONE_RRU
6
ByLayer
62
256
370
-1
90
4
70
1
10
12.390000000670552
20
-59.28750000268221
10
12.390000000670552
20
-59.15249999731779
10
12.932000005602836
20
-59.15249999731779
10
12.932000005602836
20
-59.28750000268221
0
LINE
5
6C57
330
6A3F
100
AcDbEntity
100
AcDbLine
8
EKP_VODAFONE_RRU
10
12.390000000670552
20
-59.26320000171661
30
0
11
12.932000005602836
21
-59.26320000171661
31
0
0
LINE
5
6C58
330
6A3F
100
AcDbEntity
100
AcDbLine
8
EKP_VODAFONE_RRU
10
12.63400000206381
20
-59.22
30
0
11
12.688000004209577
21
-59.22
31
0
0
LINE
5
6C59
330
6A3F
100
AcDbEntity
100
AcDbLine
8
EKP_VODAFONE_RRU
10
12.661000003136694
20
-59.247000001072884
30
0
11
12.661000003136694
21
-59.192999998927114
31
0
0
TEXT
5
6C5A
330
6A3F
100
AcDbEntity
100
AcDbText
8
EKP_VODAFONE_RRU
10
12.661000003136694
20
-59.197319999098774
30
0
40
0.03780000150203705
1
Vodafone RRU (Sol Boru 1, Ust)
50
0
7
STANDARD
72
1
11
12.661000003136694
21
-59.197319999098774
31
0
100
AcDbText
73
2
0
LWPOLYLINE
5
6C5B
330
6A3F
100
AcDbEntity
100
AcDbPolyline
8
EKP_VODAFONE_RRU
6
ByLayer
62
256
370
-1
90
4
70
1
10
12.390000000670552
20
-59.46750000268221
10
12.390000000670552
20
-59.33249999731779
10
12.932000005602836
20
-59.33249999731779
10
12.932000005602836
20
-59.46750000268221
0
LINE
5
6C5C
330
6A3F
100
AcDbEntity
100
AcDbLine
8
EKP_VODAFONE_RRU
10
12.390000000670552
20
-59.44320000171661
30
0
11
12.932000005602836
21
-59.44320000171661
31
0
0
LINE
5
6C5D
330
6A3F
100
AcDbEntity
100
AcDbLine
8
EKP_VODAFONE_RRU
10
12.63400000206381
20
-59.4
30
0
11
12.688000004209577
21
-59.4
31
0
0
LINE
5
6C5E
330
6A3F
100
AcDbEntity
100
AcDbLine
8
EKP_VODAFONE_RRU
10
12.661000003136694
20
-59.427000001072884
30
0
11
12.661000003136694
21
-59.37299999892711
31
0
0
TEXT
5
6C5F
330
6A3F
100
AcDbEntity
100
AcDbText
8
EKP_VODAFONE_RRU
10
12.661000003136694
20
-59.37731999909877
30
0
40
0.03780000150203705
1
Vodafone RRU (Sol Boru 2, Alt)
50
0
7
STANDARD
72
1
11
12.661000003136694
21
-59.37731999909877
31
0
100
AcDbText
73
2
0
LWPOLYLINE
5
6C60
330
6A3F
100
AcDbEntity
100
AcDbPolyline
8
EKP_VODAFONE_RRU
6
ByLayer
62
256
370
-1
90
4
70
1
10
12.390000000670552
20
-59.46750000268221
10
12.390000000670552
20
-59.33249999731779
10
12.932000005602836
20
-59.33249999731779
10
12.932000005602836
20
-59.46750000268221
0
LINE
5
6C61
330
6A3F
100
AcDbEntity
100
AcDbLine
8
EKP_VODAFONE_RRU
10
12.390000000670552
20
-59.44320000171661
30
0
11
12.932000005602836
21
-59.44320000171661
31
0
0
LINE
5
6C62
330
6A3F
100
AcDbEntity
100
AcDbLine
8
EKP_VODAFONE_RRU
10
12.63400000206381
20
-59.4
30
0
11
12.688000004209577
21
-59.4
31
0
0
LINE
5
6C63
330
6A3F
100
AcDbEntity
100
AcDbLine
8
EKP_VODAFONE_RRU
10
12.661000003136694
20
-59.427000001072884
30
0
11
12.661000003136694
21
-59.37299999892711
31
0
0
TEXT
5
6C64
330
6A3F
100
AcDbEntity
100
AcDbText
8
EKP_VODAFONE_RRU
10
12.661000003136694
20
-59.37731999909877
30
0
40
0.03780000150203705
1
Vodafone RRU (Sol Boru 2, Ust)
50
0
7
STANDARD
72
1
11
12.661000003136694
21
-59.37731999909877
31
0
100
AcDbText
73
2
0
LWPOLYLINE
5
6C65
330
6A3F
100
AcDbEntity
100
AcDbPolyline
8
EKP_VODAFONE_RRU
6
ByLayer
62
256
370
-1
90
4
70
1
10
12.390000000670552
20
-59.64750000268221
10
12.390000000670552
20
-59.51249999731779
10
12.932000005602836
20
-59.51249999731779
10
12.932000005602836
20
-59.64750000268221
0
LINE
5
6C66
330
6A3F
100
AcDbEntity
100
AcDbLine
8
EKP_VODAFONE_RRU
10
12.390000000670552
20
-59.62320000171661
30
0
11
12.932000005602836
21
-59.62320000171661
31
0
0
LINE
5
6C67
330
6A3F
100
AcDbEntity
100
AcDbLine
8
EKP_VODAFONE_RRU
10
12.63400000206381
20
-59.58
30
0
11
12.688000004209577
21
-59.58
31
0
0
LINE
5
6C68
330
6A3F
100
AcDbEntity
100
AcDbLine
8
EKP_VODAFONE_RRU
10
12.661000003136694
20
-59.60700000107288
30
0
11
12.661000003136694
21
-59.55299999892711
31
0
0
TEXT
5
6C69
330
6A3F
100
AcDbEntity
100
AcDbText
8
EKP_VODAFONE_RRU
10
12.661000003136694
20
-59.55731999909877
30
0
40
0.03780000150203705
1
Vodafone RRU (Sol Boru 3, Alt)
50
0
7
STANDARD
72
1
11
12.661000003136694
21
-59.55731999909877
31
0
100
AcDbText
73
2
0
LWPOLYLINE
5
6C6A
330
6A3F
100
AcDbEntity
100
AcDbPolyline
8
EKP_VODAFONE_RRU
6
ByLayer
62
256
370
-1
90
4
70
1
10
12.390000000670552
20
-59.64750000268221
10
12.390000000670552
20
-59.51249999731779
10
12.932000005602836
20
-59.51249999731779
10
12.932000005602836
20
-59.64750000268221
0
LINE
5
6C6B
330
6A3F
100
AcDbEntity
100
AcDbLine
8
EKP_VODAFONE_RRU
10
12.390000000670552
20
-59.62320000171661
30
0
11
12.932000005602836
21
-59.62320000171661
31
0
0
LINE
5
6C6C
330
6A3F
100
AcDbEntity
100
AcDbLine
8
EKP_VODAFONE_RRU
10
12.63400000206381
20
-59.58
30
0
11
12.688000004209577
21
-59.58
31
0
0
LINE
5
6C6D
330
6A3F
100
AcDbEntity
100
AcDbLine
8
EKP_VODAFONE_RRU
10
12.661000003136694
20
-59.60700000107288
30
0
11
12.661000003136694
21
-59.55299999892711
31
0
0
TEXT
5
6C6E
330
6A3F
100
AcDbEntity
100
AcDbText
8
EKP_VODAFONE_RRU
10
12.661000003136694
20
-59.55731999909877
30
0
40
0.03780000150203705
1
Vodafone RRU (Sol Boru 3, Ust)
50
0
7
STANDARD
72
1
11
12.661000003136694
21
-59.55731999909877
31
0
100
AcDbText
73
2
0
LWPOLYLINE
5
6C6F
330
6A3F
100
AcDbEntity
100
AcDbPolyline
8
EKP_VODAFONE_RRU
6
ByLayer
62
256
370
-1
90
4
70
1
10
12.390000000670552
20
-59.827500002682214
10
12.390000000670552
20
-59.692499997317796
10
12.932000005602836
20
-59.692499997317796
10
12.932000005602836
20
-59.827500002682214
0
LINE
5
6C70
330
6A3F
100
AcDbEntity
100
AcDbLine
8
EKP_VODAFONE_RRU
10
12.390000000670552
20
-59.80320000171662
30
0
11
12.932000005602836
21
-59.80320000171662
31
0
0
LINE
5
6C71
330
6A3F
100
AcDbEntity
100
AcDbLine
8
EKP_VODAFONE_RRU
10
12.63400000206381
20
-59.760000000000005
30
0
11
12.688000004209577
21
-59.760000000000005
31
0
0
LINE
5
6C72
330
6A3F
100
AcDbEntity
100
AcDbLine
8
EKP_VODAFONE_RRU
10
12.661000003136694
20
-59.78700000107289
30
0
11
12.661000003136694
21
-59.73299999892712
31
0
0
TEXT
5
6C73
330
6A3F
100
AcDbEntity
100
AcDbText
8
EKP_VODAFONE_RRU
10
12.661000003136694
20
-59.73731999909878
30
0
40
0.03780000150203705
1
Vodafone RRU (Sol Boru 4, Alt)
50
0
7
STANDARD
72
1
11
12.661000003136694
21
-59.73731999909878
31
0
100
AcDbText
73
2
0
LWPOLYLINE
5
6C74
330
6A3F
100
AcDbEntity
100
AcDbPolyline
8
EKP_VODAFONE_RRU
6
ByLayer
62
256
370
-1
90
4
70
1
10
12.390000000670552
20
-59.827500002682214
10
12.390000000670552
20
-59.692499997317796
10
12.932000005602836
20
-59.692499997317796
10
12.932000005602836
20
-59.827500002682214
0
LINE
5
6C75
330
6A3F
100
AcDbEntity
100
AcDbLine
8
EKP_VODAFONE_RRU
10
12.390000000670552
20
-59.80320000171662
30
0
11
12.932000005602836
21
-59.80320000171662
31
0
0
LINE
5
6C76
330
6A3F
100
AcDbEntity
100
AcDbLine
8
EKP_VODAFONE_RRU
10
12.63400000206381
20
-59.760000000000005
30
0
11
12.688000004209577
21
-59.760000000000005
31
0
0
LINE
5
6C77
330
6A3F
100
AcDbEntity
100
AcDbLine
8
EKP_VODAFONE_RRU
10
12.661000003136694
20
-59.78700000107289
30
0
11
12.661000003136694
21
-59.73299999892712
31
0
0
TEXT
5
6C78
330
6A3F
100
AcDbEntity
100
AcDbText
8
EKP_VODAFONE_RRU
10
12.661000003136694
20
-59.73731999909878
30
0
40
0.03780000150203705
1
Vodafone RRU (Sol Boru 4, Ust)
50
0
7
STANDARD
72
1
11
12.661000003136694
21
-59.73731999909878
31
0
100
AcDbText
73
2
0
LWPOLYLINE
5
6C79
330
6A3F
100
AcDbEntity
100
AcDbPolyline
8
EKP_VODAFONE_RRU
6
ByLayer
62
256
370
-1
90
4
70
1
10
12.390000000670552
20
-60.00750000268222
10
12.390000000670552
20
-59.8724999973178
10
12.932000005602836
20
-59.8724999973178
10
12.932000005602836
20
-60.00750000268222
0
LINE
5
6C7A
330
6A3F
100
AcDbEntity
100
AcDbLine
8
EKP_VODAFONE_RRU
10
12.390000000670552
20
-59.983200001716625
30
0
11
12.932000005602836
21
-59.983200001716625
31
0
0
LINE
5
6C7B
330
6A3F
100
AcDbEntity
100
AcDbLine
8
EKP_VODAFONE_RRU
10
12.63400000206381
20
-59.94000000000001
30
0
11
12.688000004209577
21
-59.94000000000001
31
0
0
LINE
5
6C7C
330
6A3F
100
AcDbEntity
100
AcDbLine
8
EKP_VODAFONE_RRU
10
12.661000003136694
20
-59.9670000010729
30
0
11
12.661000003136694
21
-59.91299999892713
31
0
0
TEXT
5
6C7D
330
6A3F
100
AcDbEntity
100
AcDbText
8
EKP_VODAFONE_RRU
10
12.661000003136694
20
-59.91731999909879
30
0
40
0.03780000150203705
1
Vodafone RRU (Sol Boru 5, Alt)
50
0
7
STANDARD
72
1
11
12.661000003136694
21
-59.91731999909879
31
0
100
AcDbText
73
2
0
LWPOLYLINE
5
6DA9
330
6A3F
100
AcDbEntity
100
AcDbPolyline
8
EKP_VODAFONE_RRU
6
ByLayer
62
256
370
-1
90
4
70
1
10
-2.23
20
-6.45
10
-2.23
20
-5.95
10
-1.85
20
-5.95
10
-1.85
20
-6.45
0
LWPOLYLINE
5
6DAA
330
6A3F
100
AcDbEntity
100
AcDbPolyline
8
EKP_VODAFONE_RRU
6
ByLayer
62
256
370
-1
90
4
70
1
10
-2.116
20
-5.95
10
-2.116
20
-5.92
10
-1.964
20
-5.92
10
-1.964
20
-5.95
0
TEXT
5
6DAB
330
6A3F
100
AcDbEntity
100
AcDbText
8
EKP_VODAFONE_RRU
10
-2.04
20
-6.2
30
0
40
0.045
1
VODA
50
0
7
STANDARD
72
1
11
-2.04
21
-6.2
31
0
100
AcDbText
73
2
0
LWPOLYLINE
5
6DAF
330
6A3F
100
AcDbEntity
100
AcDbPolyline
8
EKP_VODAFONE_RRU
6
ByLayer
62
256
370
-1
90
4
70
1
10
-2.0100000000000002
20
-6.45
10
-2.0100000000000002
20
-5.95
10
-1.6300000000000003
20
-5.95
10
-1.6300000000000003
20
-6.45
0
LWPOLYLINE
5
6DB0
330
6A3F
100
AcDbEntity
100
AcDbPolyline
8
EKP_VODAFONE_RRU
6
ByLayer
62
256
370
-1
90
4
70
1
10
-1.8960000000000004
20
-5.95
10
-1.8960000000000004
20
-5.92
10
-1.7440000000000002
20
-5.92
10
-1.7440000000000002
20
-5.95
0
TEXT
5
6DB1
330
6A3F
100
AcDbEntity
100
AcDbText
8
EKP_VODAFONE_RRU
10
-1.8200000000000003
20
-6.2
30
0
40
0.045
1
VODA
50
0
7
STANDARD
72
1
11
-1.8200000000000003
21
-6.2
31
0
100
AcDbText
73
2
0
LWPOLYLINE
5
6DB5
330
6A3F
100
AcDbEntity
100
AcDbPolyline
8
EKP_VODAFONE_RRU
6
ByLayer
62
256
370
-1
90
4
70
1
10
-1.79
20
-6.45
10
-1.79
20
-5.95
10
-1.4100000000000001
20
-5.95
10
-1.4100000000000001
20
-6.45
0
LWPOLYLINE
5
6DB6
330
6A3F
100
AcDbEntity
100
AcDbPolyline
8
EKP_VODAFONE_RRU
6
ByLayer
62
256
370
-1
90
4
70
1
10
-1.6760000000000002
20
-5.95
10
-1.6760000000000002
20
-5.92
10
-1.524
20
-5.92
10
-1.524
20
-5.95
0
TEXT
5
6DB7
330
6A3F
100
AcDbEntity
100
AcDbText
8
EKP_VODAFONE_RRU
10
-1.6
20
-6.2
30
0
40
0.045
1
VODA
50
0
7
STANDARD
72
1
11
-1.6
21
-6.2
31
0
100
AcDbText
73
2
0
LWPOLYLINE
5
6DBB
330
6A3F
100
AcDbEntity
100
AcDbPolyline
8
EKP_VODAFONE_RRU
6
ByLayer
62
256
370
-1
90
4
70
1
10
1.4100000000000001
20
-6.45
10
1.4100000000000001
20
-5.95
10
1.79
20
-5.95
10
1.79
20
-6.45
0
LWPOLYLINE
5
6DBC
330
6A3F
100
AcDbEntity
100
AcDbPolyline
8
EKP_VODAFONE_RRU
6
ByLayer
62
256
370
-1
90
4
70
1
10
1.524
20
-5.95
10
1.524
20
-5.92
10
1.6760000000000002
20
-5.92
10
1.6760000000000002
20
-5.95
0
TEXT
5
6DBD
330
6A3F
100
AcDbEntity
100
AcDbText
8
EKP_VODAFONE_RRU
10
1.6
20
-6.2
30
0
40
0.045
1
VODA
50
0
7
STANDARD
72
1
11
1.6
21
-6.2
31
0
100
AcDbText
73
2
0
LWPOLYLINE
5
6DC1
330
6A3F
100
AcDbEntity
100
AcDbPolyline
8
EKP_VODAFONE_RRU
6
ByLayer
62
256
370
-1
90
4
70
1
10
1.6300000000000001
20
-6.45
10
1.6300000000000001
20
-5.95
10
2.0100000000000002
20
-5.95
10
2.0100000000000002
20
-6.45
0
LWPOLYLINE
5
6DC2
330
6A3F
100
AcDbEntity
100
AcDbPolyline
8
EKP_VODAFONE_RRU
6
ByLayer
62
256
370
-1
90
4
70
1
10
1.7440000000000002
20
-5.95
10
1.7440000000000002
20
-5.92
10
1.8960000000000001
20
-5.92
10
1.8960000000000001
20
-5.95
0
TEXT
5
6DC3
330
6A3F
100
AcDbEntity
100
AcDbText
8
EKP_VODAFONE_RRU
10
1.82
20
-6.2
30
0
40
0.045
1
VODA
50
0
7
STANDARD
72
1
11
1.82
21
-6.2
31
0
100
AcDbText
73
2
0
LWPOLYLINE
5
6DC7
330
6A3F
100
AcDbEntity
100
AcDbPolyline
8
EKP_VODAFONE_RRU
6
ByLayer
62
256
370
-1
90
4
70
1
10
1.85
20
-6.45
10
1.85
20
-5.95
10
2.23
20
-5.95
10
2.23
20
-6.45
0
LWPOLYLINE
5
6DC8
330
6A3F
100
AcDbEntity
100
AcDbPolyline
8
EKP_VODAFONE_RRU
6
ByLayer
62
256
370
-1
90
4
70
1
10
1.964
20
-5.95
10
1.964
20
-5.92
10
2.116
20
-5.92
10
2.116
20
-5.95
0
TEXT
5
6DC9
330
6A3F
100
AcDbEntity
100
AcDbText
8
EKP_VODAFONE_RRU
10
2.04
20
-6.2
30
0
40
0.045
1
VODA
50
0
7
STANDARD
72
1
11
2.04
21
-6.2
31
0
100
AcDbText
73
2
0
LWPOLYLINE
5
6ADD
330
6A3F
100
AcDbEntity
100
AcDbPolyline
8
EKP_TURK_TELEKOM_RRU
6
ByLayer
62
256
370
-1
90
4
70
1
10
-2.308534750265415
20
1.7749999999050052
10
-2.308534750265415
20
2.3099999986588955
10
-2.1285347431128576
20
2.3099999986588955
10
-2.1285347431128576
20
1.7749999999050052
0
LINE
5
6ADE
330
6A3F
100
AcDbEntity
100
AcDbLine
8
EKP_TURK_TELEKOM_RRU
10
-2.2761347489779546
20
1.7749999999050052
30
0
11
-2.2761347489779546
21
2.3099999986588955
31
0
0
LINE
5
6ADF
330
6A3F
100
AcDbEntity
100
AcDbLine
8
EKP_TURK_TELEKOM_RRU
10
-2.2545347481196476
20
2.0424999992819504
30
0
11
-2.182534745258625
21
2.0424999992819504
31
0
0
LINE
5
6AE0
330
6A3F
100
AcDbEntity
100
AcDbLine
8
EKP_TURK_TELEKOM_RRU
10
-2.2185347466891363
20
2.006499997851439
30
0
11
-2.2185347466891363
21
2.0785000007124617
31
0
0
TEXT
5
6AE1
330
6A3F
100
AcDbEntity
100
AcDbText
8
EKP_TURK_TELEKOM_RRU
10
-2.2185347466891363
20
2.0694999992819505
30
0
40
0.045
1
Turk Telekom NR RRU 5818W (Kisa Kenar Montaj)
50
0
7
STANDARD
72
1
11
-2.2185347466891363
21
2.0694999992819505
31
0
100
AcDbText
73
2
0
LWPOLYLINE
5
6AEC
330
6A3F
100
AcDbEntity
100
AcDbPolyline
8
EKP_TURK_TELEKOM_RRU
6
ByLayer
62
256
370
-1
90
4
70
1
10
-2.1018188012036862
20
1.7749999999050052
10
-2.1018188012036862
20
2.3099999986588955
10
-1.9218187940511289
20
2.3099999986588955
10
-1.9218187940511289
20
1.7749999999050052
0
LINE
5
6AED
330
6A3F
100
AcDbEntity
100
AcDbLine
8
EKP_TURK_TELEKOM_RRU
10
-2.069418799916226
20
1.7749999999050052
30
0
11
-2.069418799916226
21
2.3099999986588955
31
0
0
LINE
5
6AEE
330
6A3F
100
AcDbEntity
100
AcDbLine
8
EKP_TURK_TELEKOM_RRU
10
-2.047818799057919
20
2.0424999992819504
30
0
11
-1.975818796196896
21
2.0424999992819504
31
0
0
LINE
5
6AEF
330
6A3F
100
AcDbEntity
100
AcDbLine
8
EKP_TURK_TELEKOM_RRU
10
-2.0118187976274076
20
2.006499997851439
30
0
11
-2.0118187976274076
21
2.0785000007124617
31
0
0
TEXT
5
6AF0
330
6A3F
100
AcDbEntity
100
AcDbText
8
EKP_TURK_TELEKOM_RRU
10
-2.0118187976274076
20
2.0694999992819505
30
0
40
0.045
1
Turk Telekom NR RRU 5818W (Kisa Kenar Montaj)
50
0
7
STANDARD
72
1
11
-2.0118187976274076
21
2.0694999992819505
31
0
100
AcDbText
73
2
0
LWPOLYLINE
5
6B00
330
6A3F
100
AcDbEntity
100
AcDbPolyline
8
EKP_TURK_TELEKOM_RRU
6
ByLayer
62
256
370
-1
90
4
70
1
10
2.1999999964237213
20
1.7749999999050052
10
2.1999999964237213
20
2.3099999986588955
10
2.3800000035762787
20
2.3099999986588955
10
2.3800000035762787
20
1.7749999999050052
0
LINE
5
6B01
330
6A3F
100
AcDbEntity
100
AcDbLine
8
EKP_TURK_TELEKOM_RRU
10
2.2323999977111817
20
1.7749999999050052
30
0
11
2.2323999977111817
21
2.3099999986588955
31
0
0
LINE
5
6B02
330
6A3F
100
AcDbEntity
100
AcDbLine
8
EKP_TURK_TELEKOM_RRU
10
2.2539999985694887
20
2.0424999992819504
30
0
11
2.3260000014305113
21
2.0424999992819504
31
0
0
LINE
5
6B03
330
6A3F
100
AcDbEntity
100
AcDbLine
8
EKP_TURK_TELEKOM_RRU
10
2.29
20
2.006499997851439
30
0
11
2.29
21
2.0785000007124617
31
0
0
TEXT
5
6B04
330
6A3F
100
AcDbEntity
100
AcDbText
8
EKP_TURK_TELEKOM_RRU
10
2.29
20
2.0694999992819505
30
0
40
0.045
1
Turk Telekom NR RRU 5818W (Kisa Kenar Montaj)
50
0
7
STANDARD
72
1
11
2.29
21
2.0694999992819505
31
0
100
AcDbText
73
2
0
LWPOLYLINE
5
6B05
330
6A3F
100
AcDbEntity
100
AcDbPolyline
8
EKP_TURK_TELEKOM_RRU
6
ByLayer
62
256
370
-1
90
4
70
1
10
2.4199999964237215
20
1.7749999999050052
10
2.4199999964237215
20
2.3099999986588955
10
2.600000003576279
20
2.3099999986588955
10
2.600000003576279
20
1.7749999999050052
0
LINE
5
6B06
330
6A3F
100
AcDbEntity
100
AcDbLine
8
EKP_TURK_TELEKOM_RRU
10
2.452399997711182
20
1.7749999999050052
30
0
11
2.452399997711182
21
2.3099999986588955
31
0
0
LINE
5
6B07
330
6A3F
100
AcDbEntity
100
AcDbLine
8
EKP_TURK_TELEKOM_RRU
10
2.473999998569489
20
2.0424999992819504
30
0
11
2.5460000014305115
21
2.0424999992819504
31
0
0
LINE
5
6B08
330
6A3F
100
AcDbEntity
100
AcDbLine
8
EKP_TURK_TELEKOM_RRU
10
2.5100000000000002
20
2.006499997851439
30
0
11
2.5100000000000002
21
2.0785000007124617
31
0
0
TEXT
5
6B09
330
6A3F
100
AcDbEntity
100
AcDbText
8
EKP_TURK_TELEKOM_RRU
10
2.5100000000000002
20
2.0694999992819505
30
0
40
0.045
1
Turk Telekom NR RRU 5818W (Kisa Kenar Montaj)
50
0
7
STANDARD
72
1
11
2.5100000000000002
21
2.0694999992819505
31
0
100
AcDbText
73
2
0
LWPOLYLINE
5
6C16
330
6A3F
100
AcDbEntity
100
AcDbPolyline
8
EKP_TURK_TELEKOM_RRU
6
ByLayer
62
256
370
-1
90
4
70
1
10
-12.856000003099442
20
-59.380000000298025
10
-12.856000003099442
20
-59.23999999970198
10
-12.390000000670552
20
-59.23999999970198
10
-12.390000000670552
20
-59.380000000298025
0
LINE
5
6C17
330
6A3F
100
AcDbEntity
100
AcDbLine
8
EKP_TURK_TELEKOM_RRU
10
-12.856000003099442
20
-59.354800000190735
30
0
11
-12.390000000670552
21
-59.354800000190735
31
0
0
LINE
5
6C18
330
6A3F
100
AcDbEntity
100
AcDbLine
8
EKP_TURK_TELEKOM_RRU
10
-12.651000002004206
20
-59.31
30
0
11
-12.595000001765786
21
-59.31
31
0
0
LINE
5
6C19
330
6A3F
100
AcDbEntity
100
AcDbLine
8
EKP_TURK_TELEKOM_RRU
10
-12.623000001884996
20
-59.33800000011921
30
0
11
-12.623000001884996
21
-59.281999999880796
31
0
0
TEXT
5
6C1A
330
6A3F
100
AcDbEntity
100
AcDbText
8
EKP_TURK_TELEKOM_RRU
10
-12.623000001884996
20
-59.28647999989987
30
0
40
0.03920000016689301
1
Turk Telekom RRU (Sag Boru 1, Alt)
50
0
7
STANDARD
72
1
11
-12.623000001884996
21
-59.28647999989987
31
0
100
AcDbText
73
2
0
LWPOLYLINE
5
6C1B
330
6A3F
100
AcDbEntity
100
AcDbPolyline
8
EKP_TURK_TELEKOM_RRU
6
ByLayer
62
256
370
-1
90
4
70
1
10
-12.856000003099442
20
-59.380000000298025
10
-12.856000003099442
20
-59.23999999970198
10
-12.390000000670552
20
-59.23999999970198
10
-12.390000000670552
20
-59.380000000298025
0
LINE
5
6C1C
330
6A3F
100
AcDbEntity
100
AcDbLine
8
EKP_TURK_TELEKOM_RRU
10
-12.856000003099442
20
-59.354800000190735
30
0
11
-12.390000000670552
21
-59.354800000190735
31
0
0
LINE
5
6C1D
330
6A3F
100
AcDbEntity
100
AcDbLine
8
EKP_TURK_TELEKOM_RRU
10
-12.651000002004206
20
-59.31
30
0
11
-12.595000001765786
21
-59.31
31
0
0
LINE
5
6C1E
330
6A3F
100
AcDbEntity
100
AcDbLine
8
EKP_TURK_TELEKOM_RRU
10
-12.623000001884996
20
-59.33800000011921
30
0
11
-12.623000001884996
21
-59.281999999880796
31
0
0
TEXT
5
6C1F
330
6A3F
100
AcDbEntity
100
AcDbText
8
EKP_TURK_TELEKOM_RRU
10
-12.623000001884996
20
-59.28647999989987
30
0
40
0.03920000016689301
1
Turk Telekom RRU (Sag Boru 1, Ust)
50
0
7
STANDARD
72
1
11
-12.623000001884996
21
-59.28647999989987
31
0
100
AcDbText
73
2
0
LWPOLYLINE
5
6C20
330
6A3F
100
AcDbEntity
100
AcDbPolyline
8
EKP_TURK_TELEKOM_RRU
6
ByLayer
62
256
370
-1
90
4
70
1
10
-12.856000003099442
20
-59.560000000298025
10
-12.856000003099442
20
-59.41999999970198
10
-12.390000000670552
20
-59.41999999970198
10
-12.390000000670552
20
-59.560000000298025
0
LINE
5
6C21
330
6A3F
100
AcDbEntity
100
AcDbLine
8
EKP_TURK_TELEKOM_RRU
10
-12.856000003099442
20
-59.534800000190735
30
0
11
-12.390000000670552
21
-59.534800000190735
31
0
0
LINE
5
6C22
330
6A3F
100
AcDbEntity
100
AcDbLine
8
EKP_TURK_TELEKOM_RRU
10
-12.651000002004206
20
-59.49
30
0
11
-12.595000001765786
21
-59.49
31
0
0
LINE
5
6C23
330
6A3F
100
AcDbEntity
100
AcDbLine
8
EKP_TURK_TELEKOM_RRU
10
-12.623000001884996
20
-59.51800000011921
30
0
11
-12.623000001884996
21
-59.461999999880796
31
0
0
TEXT
5
6C24
330
6A3F
100
AcDbEntity
100
AcDbText
8
EKP_TURK_TELEKOM_RRU
10
-12.623000001884996
20
-59.46647999989987
30
0
40
0.03920000016689301
1
Turk Telekom RRU (Sag Boru 2, Alt)
50
0
7
STANDARD
72
1
11
-12.623000001884996
21
-59.46647999989987
31
0
100
AcDbText
73
2
0
LWPOLYLINE
5
6C25
330
6A3F
100
AcDbEntity
100
AcDbPolyline
8
EKP_TURK_TELEKOM_RRU
6
ByLayer
62
256
370
-1
90
4
70
1
10
-12.856000003099442
20
-59.560000000298025
10
-12.856000003099442
20
-59.41999999970198
10
-12.390000000670552
20
-59.41999999970198
10
-12.390000000670552
20
-59.560000000298025
0
LINE
5
6C26
330
6A3F
100
AcDbEntity
100
AcDbLine
8
EKP_TURK_TELEKOM_RRU
10
-12.856000003099442
20
-59.534800000190735
30
0
11
-12.390000000670552
21
-59.534800000190735
31
0
0
LINE
5
6C27
330
6A3F
100
AcDbEntity
100
AcDbLine
8
EKP_TURK_TELEKOM_RRU
10
-12.651000002004206
20
-59.49
30
0
11
-12.595000001765786
21
-59.49
31
0
0
LINE
5
6C28
330
6A3F
100
AcDbEntity
100
AcDbLine
8
EKP_TURK_TELEKOM_RRU
10
-12.623000001884996
20
-59.51800000011921
30
0
11
-12.623000001884996
21
-59.461999999880796
31
0
0
TEXT
5
6C29
330
6A3F
100
AcDbEntity
100
AcDbText
8
EKP_TURK_TELEKOM_RRU
10
-12.623000001884996
20
-59.46647999989987
30
0
40
0.03920000016689301
1
Turk Telekom RRU (Sag Boru 2, Ust)
50
0
7
STANDARD
72
1
11
-12.623000001884996
21
-59.46647999989987
31
0
100
AcDbText
73
2
0
LWPOLYLINE
5
6C2A
330
6A3F
100
AcDbEntity
100
AcDbPolyline
8
EKP_TURK_TELEKOM_RRU
6
ByLayer
62
256
370
-1
90
4
70
1
10
-12.856000003099442
20
-59.740000000298025
10
-12.856000003099442
20
-59.59999999970198
10
-12.390000000670552
20
-59.59999999970198
10
-12.390000000670552
20
-59.740000000298025
0
LINE
5
6C2B
330
6A3F
100
AcDbEntity
100
AcDbLine
8
EKP_TURK_TELEKOM_RRU
10
-12.856000003099442
20
-59.714800000190735
30
0
11
-12.390000000670552
21
-59.714800000190735
31
0
0
LINE
5
6C2C
330
6A3F
100
AcDbEntity
100
AcDbLine
8
EKP_TURK_TELEKOM_RRU
10
-12.651000002004206
20
-59.67
30
0
11
-12.595000001765786
21
-59.67
31
0
0
LINE
5
6C2D
330
6A3F
100
AcDbEntity
100
AcDbLine
8
EKP_TURK_TELEKOM_RRU
10
-12.623000001884996
20
-59.69800000011921
30
0
11
-12.623000001884996
21
-59.641999999880795
31
0
0
TEXT
5
6C2E
330
6A3F
100
AcDbEntity
100
AcDbText
8
EKP_TURK_TELEKOM_RRU
10
-12.623000001884996
20
-59.64647999989987
30
0
40
0.03920000016689301
1
Turk Telekom RRU (Sag Boru 3, Alt)
50
0
7
STANDARD
72
1
11
-12.623000001884996
21
-59.64647999989987
31
0
100
AcDbText
73
2
0
LWPOLYLINE
5
6C2F
330
6A3F
100
AcDbEntity
100
AcDbPolyline
8
EKP_TURK_TELEKOM_RRU
6
ByLayer
62
256
370
-1
90
4
70
1
10
-12.856000003099442
20
-59.740000000298025
10
-12.856000003099442
20
-59.59999999970198
10
-12.390000000670552
20
-59.59999999970198
10
-12.390000000670552
20
-59.740000000298025
0
LINE
5
6C30
330
6A3F
100
AcDbEntity
100
AcDbLine
8
EKP_TURK_TELEKOM_RRU
10
-12.856000003099442
20
-59.714800000190735
30
0
11
-12.390000000670552
21
-59.714800000190735
31
0
0
LINE
5
6C31
330
6A3F
100
AcDbEntity
100
AcDbLine
8
EKP_TURK_TELEKOM_RRU
10
-12.651000002004206
20
-59.67
30
0
11
-12.595000001765786
21
-59.67
31
0
0
LINE
5
6C32
330
6A3F
100
AcDbEntity
100
AcDbLine
8
EKP_TURK_TELEKOM_RRU
10
-12.623000001884996
20
-59.69800000011921
30
0
11
-12.623000001884996
21
-59.641999999880795
31
0
0
TEXT
5
6C33
330
6A3F
100
AcDbEntity
100
AcDbText
8
EKP_TURK_TELEKOM_RRU
10
-12.623000001884996
20
-59.64647999989987
30
0
40
0.03920000016689301
1
Turk Telekom RRU (Sag Boru 3, Ust)
50
0
7
STANDARD
72
1
11
-12.623000001884996
21
-59.64647999989987
31
0
100
AcDbText
73
2
0
LWPOLYLINE
5
6C8D
330
6A3F
100
AcDbEntity
100
AcDbPolyline
8
EKP_TURK_TELEKOM_RRU
6
ByLayer
62
256
370
-1
90
4
70
1
10
13.343999996900559
20
-59.380000000298025
10
13.343999996900559
20
-59.23999999970198
10
13.809999999329449
20
-59.23999999970198
10
13.809999999329449
20
-59.380000000298025
0
LINE
5
6C8E
330
6A3F
100
AcDbEntity
100
AcDbLine
8
EKP_TURK_TELEKOM_RRU
10
13.343999996900559
20
-59.354800000190735
30
0
11
13.809999999329449
21
-59.354800000190735
31
0
0
LINE
5
6C8F
330
6A3F
100
AcDbEntity
100
AcDbLine
8
EKP_TURK_TELEKOM_RRU
10
13.548999997995793
20
-59.31
30
0
11
13.604999998234213
21
-59.31
31
0
0
LINE
5
6C90
330
6A3F
100
AcDbEntity
100
AcDbLine
8
EKP_TURK_TELEKOM_RRU
10
13.576999998115003
20
-59.33800000011921
30
0
11
13.576999998115003
21
-59.281999999880796
31
0
0
TEXT
5
6C91
330
6A3F
100
AcDbEntity
100
AcDbText
8
EKP_TURK_TELEKOM_RRU
10
13.576999998115003
20
-59.28647999989987
30
0
40
0.03920000016689301
1
Turk Telekom RRU (Sag Boru 1, Alt)
50
0
7
STANDARD
72
1
11
13.576999998115003
21
-59.28647999989987
31
0
100
AcDbText
73
2
0
LWPOLYLINE
5
6C92
330
6A3F
100
AcDbEntity
100
AcDbPolyline
8
EKP_TURK_TELEKOM_RRU
6
ByLayer
62
256
370
-1
90
4
70
1
10
13.343999996900559
20
-59.380000000298025
10
13.343999996900559
20
-59.23999999970198
10
13.809999999329449
20
-59.23999999970198
10
13.809999999329449
20
-59.380000000298025
0
LINE
5
6C93
330
6A3F
100
AcDbEntity
100
AcDbLine
8
EKP_TURK_TELEKOM_RRU
10
13.343999996900559
20
-59.354800000190735
30
0
11
13.809999999329449
21
-59.354800000190735
31
0
0
LINE
5
6C94
330
6A3F
100
AcDbEntity
100
AcDbLine
8
EKP_TURK_TELEKOM_RRU
10
13.548999997995793
20
-59.31
30
0
11
13.604999998234213
21
-59.31
31
0
0
LINE
5
6C95
330
6A3F
100
AcDbEntity
100
AcDbLine
8
EKP_TURK_TELEKOM_RRU
10
13.576999998115003
20
-59.33800000011921
30
0
11
13.576999998115003
21
-59.281999999880796
31
0
0
TEXT
5
6C96
330
6A3F
100
AcDbEntity
100
AcDbText
8
EKP_TURK_TELEKOM_RRU
10
13.576999998115003
20
-59.28647999989987
30
0
40
0.03920000016689301
1
Turk Telekom RRU (Sag Boru 1, Ust)
50
0
7
STANDARD
72
1
11
13.576999998115003
21
-59.28647999989987
31
0
100
AcDbText
73
2
0
LWPOLYLINE
5
6C97
330
6A3F
100
AcDbEntity
100
AcDbPolyline
8
EKP_TURK_TELEKOM_RRU
6
ByLayer
62
256
370
-1
90
4
70
1
10
13.343999996900559
20
-59.560000000298025
10
13.343999996900559
20
-59.41999999970198
10
13.809999999329449
20
-59.41999999970198
10
13.809999999329449
20
-59.560000000298025
0
LINE
5
6C98
330
6A3F
100
AcDbEntity
100
AcDbLine
8
EKP_TURK_TELEKOM_RRU
10
13.343999996900559
20
-59.534800000190735
30
0
11
13.809999999329449
21
-59.534800000190735
31
0
0
LINE
5
6C99
330
6A3F
100
AcDbEntity
100
AcDbLine
8
EKP_TURK_TELEKOM_RRU
10
13.548999997995793
20
-59.49
30
0
11
13.604999998234213
21
-59.49
31
0
0
LINE
5
6C9A
330
6A3F
100
AcDbEntity
100
AcDbLine
8
EKP_TURK_TELEKOM_RRU
10
13.576999998115003
20
-59.51800000011921
30
0
11
13.576999998115003
21
-59.461999999880796
31
0
0
TEXT
5
6C9B
330
6A3F
100
AcDbEntity
100
AcDbText
8
EKP_TURK_TELEKOM_RRU
10
13.576999998115003
20
-59.46647999989987
30
0
40
0.03920000016689301
1
Turk Telekom RRU (Sag Boru 2, Alt)
50
0
7
STANDARD
72
1
11
13.576999998115003
21
-59.46647999989987
31
0
100
AcDbText
73
2
0
LWPOLYLINE
5
6C9C
330
6A3F
100
AcDbEntity
100
AcDbPolyline
8
EKP_TURK_TELEKOM_RRU
6
ByLayer
62
256
370
-1
90
4
70
1
10
13.343999996900559
20
-59.560000000298025
10
13.343999996900559
20
-59.41999999970198
10
13.809999999329449
20
-59.41999999970198
10
13.809999999329449
20
-59.560000000298025
0
LINE
5
6C9D
330
6A3F
100
AcDbEntity
100
AcDbLine
8
EKP_TURK_TELEKOM_RRU
10
13.343999996900559
20
-59.534800000190735
30
0
11
13.809999999329449
21
-59.534800000190735
31
0
0
LINE
5
6C9E
330
6A3F
100
AcDbEntity
100
AcDbLine
8
EKP_TURK_TELEKOM_RRU
10
13.548999997995793
20
-59.49
30
0
11
13.604999998234213
21
-59.49
31
0
0
LINE
5
6C9F
330
6A3F
100
AcDbEntity
100
AcDbLine
8
EKP_TURK_TELEKOM_RRU
10
13.576999998115003
20
-59.51800000011921
30
0
11
13.576999998115003
21
-59.461999999880796
31
0
0
TEXT
5
6CA0
330
6A3F
100
AcDbEntity
100
AcDbText
8
EKP_TURK_TELEKOM_RRU
10
13.576999998115003
20
-59.46647999989987
30
0
40
0.03920000016689301
1
Turk Telekom RRU (Sag Boru 2, Ust)
50
0
7
STANDARD
72
1
11
13.576999998115003
21
-59.46647999989987
31
0
100
AcDbText
73
2
0
LWPOLYLINE
5
6CA1
330
6A3F
100
AcDbEntity
100
AcDbPolyline
8
EKP_TURK_TELEKOM_RRU
6
ByLayer
62
256
370
-1
90
4
70
1
10
13.343999996900559
20
-59.740000000298025
10
13.343999996900559
20
-59.59999999970198
10
13.809999999329449
20
-59.59999999970198
10
13.809999999329449
20
-59.740000000298025
0
LINE
5
6CA2
330
6A3F
100
AcDbEntity
100
AcDbLine
8
EKP_TURK_TELEKOM_RRU
10
13.343999996900559
20
-59.714800000190735
30
0
11
13.809999999329449
21
-59.714800000190735
31
0
0
LINE
5
6CA3
330
6A3F
100
AcDbEntity
100
AcDbLine
8
EKP_TURK_TELEKOM_RRU
10
13.548999997995793
20
-59.67
30
0
11
13.604999998234213
21
-59.67
31
0
0
LINE
5
6CA4
330
6A3F
100
AcDbEntity
100
AcDbLine
8
EKP_TURK_TELEKOM_RRU
10
13.576999998115003
20
-59.69800000011921
30
0
11
13.576999998115003
21
-59.641999999880795
31
0
0
TEXT
5
6CA5
330
6A3F
100
AcDbEntity
100
AcDbText
8
EKP_TURK_TELEKOM_RRU
10
13.576999998115003
20
-59.64647999989987
30
0
40
0.03920000016689301
1
Turk Telekom RRU (Sag Boru 3, Alt)
50
0
7
STANDARD
72
1
11
13.576999998115003
21
-59.64647999989987
31
0
100
AcDbText
73
2
0
LWPOLYLINE
5
6CA6
330
6A3F
100
AcDbEntity
100
AcDbPolyline
8
EKP_TURK_TELEKOM_RRU
6
ByLayer
62
256
370
-1
90
4
70
1
10
13.343999996900559
20
-59.740000000298025
10
13.343999996900559
20
-59.59999999970198
10
13.809999999329449
20
-59.59999999970198
10
13.809999999329449
20
-59.740000000298025
0
LINE
5
6CA7
330
6A3F
100
AcDbEntity
100
AcDbLine
8
EKP_TURK_TELEKOM_RRU
10
13.343999996900559
20
-59.714800000190735
30
0
11
13.809999999329449
21
-59.714800000190735
31
0
0
LINE
5
6CA8
330
6A3F
100
AcDbEntity
100
AcDbLine
8
EKP_TURK_TELEKOM_RRU
10
13.548999997995793
20
-59.67
30
0
11
13.604999998234213
21
-59.67
31
0
0
LINE
5
6CA9
330
6A3F
100
AcDbEntity
100
AcDbLine
8
EKP_TURK_TELEKOM_RRU
10
13.576999998115003
20
-59.69800000011921
30
0
11
13.576999998115003
21
-59.641999999880795
31
0
0
TEXT
5
6CAA
330
6A3F
100
AcDbEntity
100
AcDbText
8
EKP_TURK_TELEKOM_RRU
10
13.576999998115003
20
-59.64647999989987
30
0
40
0.03920000016689301
1
Turk Telekom RRU (Sag Boru 3, Ust)
50
0
7
STANDARD
72
1
11
13.576999998115003
21
-59.64647999989987
31
0
100
AcDbText
73
2
0
LWPOLYLINE
5
6DA3
330
6A3F
100
AcDbEntity
100
AcDbPolyline
8
EKP_TURK_TELEKOM_RRU
6
ByLayer
62
256
370
-1
90
4
70
1
10
-2.44
20
-6.45
10
-2.44
20
-5.95
10
-2.06
20
-5.95
10
-2.06
20
-6.45
0
LWPOLYLINE
5
6DA4
330
6A3F
100
AcDbEntity
100
AcDbPolyline
8
EKP_TURK_TELEKOM_RRU
6
ByLayer
62
256
370
-1
90
4
70
1
10
-2.326
20
-5.95
10
-2.326
20
-5.92
10
-2.174
20
-5.92
10
-2.174
20
-5.95
0
TEXT
5
6DA5
330
6A3F
100
AcDbEntity
100
AcDbText
8
EKP_TURK_TELEKOM_RRU
10
-2.25
20
-6.2
30
0
40
0.045
1
TT
50
0
7
STANDARD
72
1
11
-2.25
21
-6.2
31
0
100
AcDbText
73
2
0
LWPOLYLINE
5
6DCD
330
6A3F
100
AcDbEntity
100
AcDbPolyline
8
EKP_TURK_TELEKOM_RRU
6
ByLayer
62
256
370
-1
90
4
70
1
10
2.06
20
-6.45
10
2.06
20
-5.95
10
2.44
20
-5.95
10
2.44
20
-6.45
0
LWPOLYLINE
5
6DCE
330
6A3F
100
AcDbEntity
100
AcDbPolyline
8
EKP_TURK_TELEKOM_RRU
6
ByLayer
62
256
370
-1
90
4
70
1
10
2.174
20
-5.95
10
2.174
20
-5.92
10
2.326
20
-5.92
10
2.326
20
-5.95
0
TEXT
5
6DCF
330
6A3F
100
AcDbEntity
100
AcDbText
8
EKP_TURK_TELEKOM_RRU
10
2.25
20
-6.2
30
0
40
0.045
1
TT
50
0
7
STANDARD
72
1
11
2.25
21
-6.2
31
0
100
AcDbText
73
2
0
LWPOLYLINE
5
6B19
330
6A3F
100
AcDbEntity
100
AcDbPolyline
8
EKP_POI_TASIYICI_SASE
6
ByLayer
62
256
370
-1
90
4
70
1
10
-3.5975434525137775
20
0.6099872568126187
10
-3.5975434525137775
20
1.2299872574086652
10
-2.8975434644347065
20
1.2299872574086652
10
-2.8975434644347065
20
0.6099872568126187
0
LWPOLYLINE
5
6B1A
330
6A3F
100
AcDbEntity
100
AcDbPolyline
8
EKP_POI_TASIYICI_SASE
6
ByLayer
62
256
370
-1
90
4
70
1
10
-3.5975434525137775
20
0.6099872568126187
10
-3.5975434525137775
20
0.6699872568126186
10
-3.5375434525137774
20
0.6699872568126186
10
-3.5375434525137774
20
0.6099872568126187
0
LWPOLYLINE
5
6B1B
330
6A3F
100
AcDbEntity
100
AcDbPolyline
8
EKP_POI_TASIYICI_SASE
6
ByLayer
62
256
370
-1
90
4
70
1
10
-2.9575434644347065
20
0.6099872568126187
10
-2.9575434644347065
20
0.6699872568126186
10
-2.8975434644347065
20
0.6699872568126186
10
-2.8975434644347065
20
0.6099872568126187
0
LWPOLYLINE
5
6B1C
330
6A3F
100
AcDbEntity
100
AcDbPolyline
8
EKP_POI_TASIYICI_SASE
6
ByLayer
62
256
370
-1
90
4
70
1
10
-3.5975434525137775
20
1.1699872574086652
10
-3.5975434525137775
20
1.2299872574086652
10
-3.5375434525137774
20
1.2299872574086652
10
-3.5375434525137774
20
1.1699872574086652
0
LWPOLYLINE
5
6B1D
330
6A3F
100
AcDbEntity
100
AcDbPolyline
8
EKP_POI_TASIYICI_SASE
6
ByLayer
62
256
370
-1
90
4
70
1
10
-2.9575434644347065
20
1.1699872574086652
10
-2.9575434644347065
20
1.2299872574086652
10
-2.8975434644347065
20
1.2299872574086652
10
-2.8975434644347065
20
1.1699872574086652
0
LWPOLYLINE
5
6B1E
330
6A3F
100
AcDbEntity
100
AcDbPolyline
8
EKP_POI_TASIYICI_SASE
6
ByLayer
62
256
370
-1
90
4
70
1
10
-3.5138434584742417
20
0.6699872568126186
10
-3.5138434584742417
20
1.1699872574086652
10
-3.488843458474242
20
1.1699872574086652
10
-3.488843458474242
20
0.6699872568126186
0
LWPOLYLINE
5
6B1F
330
6A3F
100
AcDbEntity
100
AcDbPolyline
8
EKP_POI_TASIYICI_SASE
6
ByLayer
62
256
370
-1
90
4
70
1
10
-3.006243458474242
20
0.6699872568126186
10
-3.006243458474242
20
1.1699872574086652
10
-2.981243458474242
20
1.1699872574086652
10
-2.981243458474242
20
0.6699872568126186
0
TEXT
5
6B20
330
6A3F
100
AcDbEntity
100
AcDbText
8
EKP_POI_TASIYICI_SASE
10
-3.247543458474242
20
0.919987257110642
30
0
40
0.055
1
4 POI Rack Blok (4x POI Dolu) (Alan 4)
50
0
7
STANDARD
72
1
11
-3.247543458474242
21
0.919987257110642
31
0
100
AcDbText
73
2
0
LWPOLYLINE
5
6B35
330
6A3F
100
AcDbEntity
100
AcDbPolyline
8
EKP_POI_TASIYICI_SASE
6
ByLayer
62
256
370
-1
90
4
70
1
10
2.8000449930533247
20
0.5923812993710783
10
2.8000449930533247
20
1.2123812999671248
10
3.5000449811323957
20
1.2123812999671248
10
3.5000449811323957
20
0.5923812993710783
0
LWPOLYLINE
5
6B36
330
6A3F
100
AcDbEntity
100
AcDbPolyline
8
EKP_POI_TASIYICI_SASE
6
ByLayer
62
256
370
-1
90
4
70
1
10
2.8000449930533247
20
0.5923812993710783
10
2.8000449930533247
20
0.6523812993710782
10
2.8600449930533247
20
0.6523812993710782
10
2.8600449930533247
20
0.5923812993710783
0
LWPOLYLINE
5
6B37
330
6A3F
100
AcDbEntity
100
AcDbPolyline
8
EKP_POI_TASIYICI_SASE
6
ByLayer
62
256
370
-1
90
4
70
1
10
3.4400449811323957
20
0.5923812993710783
10
3.4400449811323957
20
0.6523812993710782
10
3.5000449811323957
20
0.6523812993710782
10
3.5000449811323957
20
0.5923812993710783
0
LWPOLYLINE
5
6B38
330
6A3F
100
AcDbEntity
100
AcDbPolyline
8
EKP_POI_TASIYICI_SASE
6
ByLayer
62
256
370
-1
90
4
70
1
10
2.8000449930533247
20
1.1523812999671248
10
2.8000449930533247
20
1.2123812999671248
10
2.8600449930533247
20
1.2123812999671248
10
2.8600449930533247
20
1.1523812999671248
0
LWPOLYLINE
5
6B39
330
6A3F
100
AcDbEntity
100
AcDbPolyline
8
EKP_POI_TASIYICI_SASE
6
ByLayer
62
256
370
-1
90
4
70
1
10
3.4400449811323957
20
1.1523812999671248
10
3.4400449811323957
20
1.2123812999671248
10
3.5000449811323957
20
1.2123812999671248
10
3.5000449811323957
20
1.1523812999671248
0
LWPOLYLINE
5
6B3A
330
6A3F
100
AcDbEntity
100
AcDbPolyline
8
EKP_POI_TASIYICI_SASE
6
ByLayer
62
256
370
-1
90
4
70
1
10
2.8837449870928604
20
0.6523812993710782
10
2.8837449870928604
20
1.1523812999671248
10
2.9087449870928603
20
1.1523812999671248
10
2.9087449870928603
20
0.6523812993710782
0
LWPOLYLINE
5
6B3B
330
6A3F
100
AcDbEntity
100
AcDbPolyline
8
EKP_POI_TASIYICI_SASE
6
ByLayer
62
256
370
-1
90
4
70
1
10
3.39134498709286
20
0.6523812993710782
10
3.39134498709286
20
1.1523812999671248
10
3.41634498709286
20
1.1523812999671248
10
3.41634498709286
20
0.6523812993710782
0
TEXT
5
6B3C
330
6A3F
100
AcDbEntity
100
AcDbText
8
EKP_POI_TASIYICI_SASE
10
3.15004498709286
20
0.9023812996691016
30
0
40
0.055
1
4 POI Rack Blok (4x POI Dolu) (Alan 4)
50
0
7
STANDARD
72
1
11
3.15004498709286
21
0.9023812996691016
31
0
100
AcDbText
73
2
0
LWPOLYLINE
5
6B78
330
6A3F
100
AcDbEntity
100
AcDbPolyline
8
EKP_POI_TASIYICI_SASE
6
ByLayer
62
256
370
-1
90
4
70
1
10
-16.210000000298024
20
-60.21999999403954
10
-16.210000000298024
20
-59.52000000596047
10
-15.589999999701977
20
-59.52000000596047
10
-15.589999999701977
20
-60.21999999403954
0
LWPOLYLINE
5
6B79
330
6A3F
100
AcDbEntity
100
AcDbPolyline
8
EKP_POI_TASIYICI_SASE
6
ByLayer
62
256
370
-1
90
4
70
1
10
-16.210000000298024
20
-60.21999999403954
10
-16.210000000298024
20
-60.15999999403954
10
-16.150000000298025
20
-60.15999999403954
10
-16.150000000298025
20
-60.21999999403954
0
LWPOLYLINE
5
6B7A
330
6A3F
100
AcDbEntity
100
AcDbPolyline
8
EKP_POI_TASIYICI_SASE
6
ByLayer
62
256
370
-1
90
4
70
1
10
-15.649999999701977
20
-60.21999999403954
10
-15.649999999701977
20
-60.15999999403954
10
-15.589999999701977
20
-60.15999999403954
10
-15.589999999701977
20
-60.21999999403954
0
LWPOLYLINE
5
6B7B
330
6A3F
100
AcDbEntity
100
AcDbPolyline
8
EKP_POI_TASIYICI_SASE
6
ByLayer
62
256
370
-1
90
4
70
1
10
-16.210000000298024
20
-59.58000000596047
10
-16.210000000298024
20
-59.52000000596047
10
-16.150000000298025
20
-59.52000000596047
10
-16.150000000298025
20
-59.58000000596047
0
LWPOLYLINE
5
6B7C
330
6A3F
100
AcDbEntity
100
AcDbPolyline
8
EKP_POI_TASIYICI_SASE
6
ByLayer
62
256
370
-1
90
4
70
1
10
-15.649999999701977
20
-59.58000000596047
10
-15.649999999701977
20
-59.52000000596047
10
-15.589999999701977
20
-59.52000000596047
10
-15.589999999701977
20
-59.58000000596047
0
LWPOLYLINE
5
6B7D
330
6A3F
100
AcDbEntity
100
AcDbPolyline
8
EKP_POI_TASIYICI_SASE
6
ByLayer
62
256
370
-1
90
4
70
1
10
-16.1663
20
-60.15999999403954
10
-16.1663
20
-59.58000000596047
10
-16.1413
20
-59.58000000596047
10
-16.1413
20
-60.15999999403954
0
LWPOLYLINE
5
6B7E
330
6A3F
100
AcDbEntity
100
AcDbPolyline
8
EKP_POI_TASIYICI_SASE
6
ByLayer
62
256
370
-1
90
4
70
1
10
-15.6587
20
-60.15999999403954
10
-15.6587
20
-59.58000000596047
10
-15.6337
20
-59.58000000596047
10
-15.6337
20
-60.15999999403954
0
TEXT
5
6B7F
330
6A3F
100
AcDbEntity
100
AcDbText
8
EKP_POI_TASIYICI_SASE
10
-15.9
20
-59.870000000000005
30
0
40
0.055
1
30U POI Rack (4 POI) - Dogrudan Beton Zemin (Alan 4 - Sol #1)
50
0
7
STANDARD
72
1
11
-15.9
21
-59.870000000000005
31
0
100
AcDbText
73
2
0
LWPOLYLINE
5
6B94
330
6A3F
100
AcDbEntity
100
AcDbPolyline
8
EKP_POI_TASIYICI_SASE
6
ByLayer
62
256
370
-1
90
4
70
1
10
-15.460000000298024
20
-60.21999999403954
10
-15.460000000298024
20
-59.52000000596047
10
-14.839999999701977
20
-59.52000000596047
10
-14.839999999701977
20
-60.21999999403954
0
LWPOLYLINE
5
6B95
330
6A3F
100
AcDbEntity
100
AcDbPolyline
8
EKP_POI_TASIYICI_SASE
6
ByLayer
62
256
370
-1
90
4
70
1
10
-15.460000000298024
20
-60.21999999403954
10
-15.460000000298024
20
-60.15999999403954
10
-15.400000000298023
20
-60.15999999403954
10
-15.400000000298023
20
-60.21999999403954
0
LWPOLYLINE
5
6B96
330
6A3F
100
AcDbEntity
100
AcDbPolyline
8
EKP_POI_TASIYICI_SASE
6
ByLayer
62
256
370
-1
90
4
70
1
10
-14.899999999701977
20
-60.21999999403954
10
-14.899999999701977
20
-60.15999999403954
10
-14.839999999701977
20
-60.15999999403954
10
-14.839999999701977
20
-60.21999999403954
0
LWPOLYLINE
5
6B97
330
6A3F
100
AcDbEntity
100
AcDbPolyline
8
EKP_POI_TASIYICI_SASE
6
ByLayer
62
256
370
-1
90
4
70
1
10
-15.460000000298024
20
-59.58000000596047
10
-15.460000000298024
20
-59.52000000596047
10
-15.400000000298023
20
-59.52000000596047
10
-15.400000000298023
20
-59.58000000596047
0
LWPOLYLINE
5
6B98
330
6A3F
100
AcDbEntity
100
AcDbPolyline
8
EKP_POI_TASIYICI_SASE
6
ByLayer
62
256
370
-1
90
4
70
1
10
-14.899999999701977
20
-59.58000000596047
10
-14.899999999701977
20
-59.52000000596047
10
-14.839999999701977
20
-59.52000000596047
10
-14.839999999701977
20
-59.58000000596047
0
LWPOLYLINE
5
6B99
330
6A3F
100
AcDbEntity
100
AcDbPolyline
8
EKP_POI_TASIYICI_SASE
6
ByLayer
62
256
370
-1
90
4
70
1
10
-15.416300000000001
20
-60.15999999403954
10
-15.416300000000001
20
-59.58000000596047
10
-15.391300000000001
20
-59.58000000596047
10
-15.391300000000001
20
-60.15999999403954
0
LWPOLYLINE
5
6B9A
330
6A3F
100
AcDbEntity
100
AcDbPolyline
8
EKP_POI_TASIYICI_SASE
6
ByLayer
62
256
370
-1
90
4
70
1
10
-14.9087
20
-60.15999999403954
10
-14.9087
20
-59.58000000596047
10
-14.8837
20
-59.58000000596047
10
-14.8837
20
-60.15999999403954
0
TEXT
5
6B9B
330
6A3F
100
AcDbEntity
100
AcDbText
8
EKP_POI_TASIYICI_SASE
10
-15.15
20
-59.870000000000005
30
0
40
0.055
1
30U POI Rack (4 POI) - Dogrudan Beton Zemin (Alan 4 - Sol #2)
50
0
7
STANDARD
72
1
11
-15.15
21
-59.870000000000005
31
0
100
AcDbText
73
2
0
LWPOLYLINE
5
6BB0
330
6A3F
100
AcDbEntity
100
AcDbPolyline
8
EKP_POI_TASIYICI_SASE
6
ByLayer
62
256
370
-1
90
4
70
1
10
-14.710000000298024
20
-60.21999999403954
10
-14.710000000298024
20
-59.52000000596047
10
-14.089999999701977
20
-59.52000000596047
10
-14.089999999701977
20
-60.21999999403954
0
LWPOLYLINE
5
6BB1
330
6A3F
100
AcDbEntity
100
AcDbPolyline
8
EKP_POI_TASIYICI_SASE
6
ByLayer
62
256
370
-1
90
4
70
1
10
-14.710000000298024
20
-60.21999999403954
10
-14.710000000298024
20
-60.15999999403954
10
-14.650000000298023
20
-60.15999999403954
10
-14.650000000298023
20
-60.21999999403954
0
LWPOLYLINE
5
6BB2
330
6A3F
100
AcDbEntity
100
AcDbPolyline
8
EKP_POI_TASIYICI_SASE
6
ByLayer
62
256
370
-1
90
4
70
1
10
-14.149999999701977
20
-60.21999999403954
10
-14.149999999701977
20
-60.15999999403954
10
-14.089999999701977
20
-60.15999999403954
10
-14.089999999701977
20
-60.21999999403954
0
LWPOLYLINE
5
6BB3
330
6A3F
100
AcDbEntity
100
AcDbPolyline
8
EKP_POI_TASIYICI_SASE
6
ByLayer
62
256
370
-1
90
4
70
1
10
-14.710000000298024
20
-59.58000000596047
10
-14.710000000298024
20
-59.52000000596047
10
-14.650000000298023
20
-59.52000000596047
10
-14.650000000298023
20
-59.58000000596047
0
LWPOLYLINE
5
6BB4
330
6A3F
100
AcDbEntity
100
AcDbPolyline
8
EKP_POI_TASIYICI_SASE
6
ByLayer
62
256
370
-1
90
4
70
1
10
-14.149999999701977
20
-59.58000000596047
10
-14.149999999701977
20
-59.52000000596047
10
-14.089999999701977
20
-59.52000000596047
10
-14.089999999701977
20
-59.58000000596047
0
LWPOLYLINE
5
6BB5
330
6A3F
100
AcDbEntity
100
AcDbPolyline
8
EKP_POI_TASIYICI_SASE
6
ByLayer
62
256
370
-1
90
4
70
1
10
-14.666300000000001
20
-60.15999999403954
10
-14.666300000000001
20
-59.58000000596047
10
-14.641300000000001
20
-59.58000000596047
10
-14.641300000000001
20
-60.15999999403954
0
LWPOLYLINE
5
6BB6
330
6A3F
100
AcDbEntity
100
AcDbPolyline
8
EKP_POI_TASIYICI_SASE
6
ByLayer
62
256
370
-1
90
4
70
1
10
-14.1587
20
-60.15999999403954
10
-14.1587
20
-59.58000000596047
10
-14.1337
20
-59.58000000596047
10
-14.1337
20
-60.15999999403954
0
TEXT
5
6BB7
330
6A3F
100
AcDbEntity
100
AcDbText
8
EKP_POI_TASIYICI_SASE
10
-14.4
20
-59.870000000000005
30
0
40
0.055
1
30U POI Rack (4 POI) - Dogrudan Beton Zemin (Alan 4 - Sol #3)
50
0
7
STANDARD
72
1
11
-14.4
21
-59.870000000000005
31
0
100
AcDbText
73
2
0
LWPOLYLINE
5
6CBA
330
6A3F
100
AcDbEntity
100
AcDbPolyline
8
EKP_POI_TASIYICI_SASE
6
ByLayer
62
256
370
-1
90
4
70
1
10
14.089999999701977
20
-60.21999999403954
10
14.089999999701977
20
-59.52000000596047
10
14.710000000298024
20
-59.52000000596047
10
14.710000000298024
20
-60.21999999403954
0
LWPOLYLINE
5
6CBB
330
6A3F
100
AcDbEntity
100
AcDbPolyline
8
EKP_POI_TASIYICI_SASE
6
ByLayer
62
256
370
-1
90
4
70
1
10
14.089999999701977
20
-60.21999999403954
10
14.089999999701977
20
-60.15999999403954
10
14.149999999701977
20
-60.15999999403954
10
14.149999999701977
20
-60.21999999403954
0
LWPOLYLINE
5
6CBC
330
6A3F
100
AcDbEntity
100
AcDbPolyline
8
EKP_POI_TASIYICI_SASE
6
ByLayer
62
256
370
-1
90
4
70
1
10
14.650000000298023
20
-60.21999999403954
10
14.650000000298023
20
-60.15999999403954
10
14.710000000298024
20
-60.15999999403954
10
14.710000000298024
20
-60.21999999403954
0
LWPOLYLINE
5
6CBD
330
6A3F
100
AcDbEntity
100
AcDbPolyline
8
EKP_POI_TASIYICI_SASE
6
ByLayer
62
256
370
-1
90
4
70
1
10
14.089999999701977
20
-59.58000000596047
10
14.089999999701977
20
-59.52000000596047
10
14.149999999701977
20
-59.52000000596047
10
14.149999999701977
20
-59.58000000596047
0
LWPOLYLINE
5
6CBE
330
6A3F
100
AcDbEntity
100
AcDbPolyline
8
EKP_POI_TASIYICI_SASE
6
ByLayer
62
256
370
-1
90
4
70
1
10
14.650000000298023
20
-59.58000000596047
10
14.650000000298023
20
-59.52000000596047
10
14.710000000298024
20
-59.52000000596047
10
14.710000000298024
20
-59.58000000596047
0
LWPOLYLINE
5
6CBF
330
6A3F
100
AcDbEntity
100
AcDbPolyline
8
EKP_POI_TASIYICI_SASE
6
ByLayer
62
256
370
-1
90
4
70
1
10
14.1337
20
-60.15999999403954
10
14.1337
20
-59.58000000596047
10
14.1587
20
-59.58000000596047
10
14.1587
20
-60.15999999403954
0
LWPOLYLINE
5
6CC0
330
6A3F
100
AcDbEntity
100
AcDbPolyline
8
EKP_POI_TASIYICI_SASE
6
ByLayer
62
256
370
-1
90
4
70
1
10
14.641300000000001
20
-60.15999999403954
10
14.641300000000001
20
-59.58000000596047
10
14.666300000000001
20
-59.58000000596047
10
14.666300000000001
20
-60.15999999403954
0
TEXT
5
6CC1
330
6A3F
100
AcDbEntity
100
AcDbText
8
EKP_POI_TASIYICI_SASE
10
14.4
20
-59.870000000000005
30
0
40
0.055
1
30U POI Rack (4 POI) - Dogrudan Beton Zemin (Alan 4 - Sag #3)
50
0
7
STANDARD
72
1
11
14.4
21
-59.870000000000005
31
0
100
AcDbText
73
2
0
LWPOLYLINE
5
6CD6
330
6A3F
100
AcDbEntity
100
AcDbPolyline
8
EKP_POI_TASIYICI_SASE
6
ByLayer
62
256
370
-1
90
4
70
1
10
14.839999999701977
20
-60.21999999403954
10
14.839999999701977
20
-59.52000000596047
10
15.460000000298024
20
-59.52000000596047
10
15.460000000298024
20
-60.21999999403954
0
LWPOLYLINE
5
6CD7
330
6A3F
100
AcDbEntity
100
AcDbPolyline
8
EKP_POI_TASIYICI_SASE
6
ByLayer
62
256
370
-1
90
4
70
1
10
14.839999999701977
20
-60.21999999403954
10
14.839999999701977
20
-60.15999999403954
10
14.899999999701977
20
-60.15999999403954
10
14.899999999701977
20
-60.21999999403954
0
LWPOLYLINE
5
6CD8
330
6A3F
100
AcDbEntity
100
AcDbPolyline
8
EKP_POI_TASIYICI_SASE
6
ByLayer
62
256
370
-1
90
4
70
1
10
15.400000000298023
20
-60.21999999403954
10
15.400000000298023
20
-60.15999999403954
10
15.460000000298024
20
-60.15999999403954
10
15.460000000298024
20
-60.21999999403954
0
LWPOLYLINE
5
6CD9
330
6A3F
100
AcDbEntity
100
AcDbPolyline
8
EKP_POI_TASIYICI_SASE
6
ByLayer
62
256
370
-1
90
4
70
1
10
14.839999999701977
20
-59.58000000596047
10
14.839999999701977
20
-59.52000000596047
10
14.899999999701977
20
-59.52000000596047
10
14.899999999701977
20
-59.58000000596047
0
LWPOLYLINE
5
6CDA
330
6A3F
100
AcDbEntity
100
AcDbPolyline
8
EKP_POI_TASIYICI_SASE
6
ByLayer
62
256
370
-1
90
4
70
1
10
15.400000000298023
20
-59.58000000596047
10
15.400000000298023
20
-59.52000000596047
10
15.460000000298024
20
-59.52000000596047
10
15.460000000298024
20
-59.58000000596047
0
LWPOLYLINE
5
6CDB
330
6A3F
100
AcDbEntity
100
AcDbPolyline
8
EKP_POI_TASIYICI_SASE
6
ByLayer
62
256
370
-1
90
4
70
1
10
14.8837
20
-60.15999999403954
10
14.8837
20
-59.58000000596047
10
14.9087
20
-59.58000000596047
10
14.9087
20
-60.15999999403954
0
LWPOLYLINE
5
6CDC
330
6A3F
100
AcDbEntity
100
AcDbPolyline
8
EKP_POI_TASIYICI_SASE
6
ByLayer
62
256
370
-1
90
4
70
1
10
15.391300000000001
20
-60.15999999403954
10
15.391300000000001
20
-59.58000000596047
10
15.416300000000001
20
-59.58000000596047
10
15.416300000000001
20
-60.15999999403954
0
TEXT
5
6CDD
330
6A3F
100
AcDbEntity
100
AcDbText
8
EKP_POI_TASIYICI_SASE
10
15.15
20
-59.870000000000005
30
0
40
0.055
1
30U POI Rack (4 POI) - Dogrudan Beton Zemin (Alan 4 - Sag #2)
50
0
7
STANDARD
72
1
11
15.15
21
-59.870000000000005
31
0
100
AcDbText
73
2
0
LWPOLYLINE
5
6CF2
330
6A3F
100
AcDbEntity
100
AcDbPolyline
8
EKP_POI_TASIYICI_SASE
6
ByLayer
62
256
370
-1
90
4
70
1
10
15.589999999701977
20
-60.21999999403954
10
15.589999999701977
20
-59.52000000596047
10
16.210000000298024
20
-59.52000000596047
10
16.210000000298024
20
-60.21999999403954
0
LWPOLYLINE
5
6CF3
330
6A3F
100
AcDbEntity
100
AcDbPolyline
8
EKP_POI_TASIYICI_SASE
6
ByLayer
62
256
370
-1
90
4
70
1
10
15.589999999701977
20
-60.21999999403954
10
15.589999999701977
20
-60.15999999403954
10
15.649999999701977
20
-60.15999999403954
10
15.649999999701977
20
-60.21999999403954
0
LWPOLYLINE
5
6CF4
330
6A3F
100
AcDbEntity
100
AcDbPolyline
8
EKP_POI_TASIYICI_SASE
6
ByLayer
62
256
370
-1
90
4
70
1
10
16.150000000298025
20
-60.21999999403954
10
16.150000000298025
20
-60.15999999403954
10
16.210000000298024
20
-60.15999999403954
10
16.210000000298024
20
-60.21999999403954
0
LWPOLYLINE
5
6CF5
330
6A3F
100
AcDbEntity
100
AcDbPolyline
8
EKP_POI_TASIYICI_SASE
6
ByLayer
62
256
370
-1
90
4
70
1
10
15.589999999701977
20
-59.58000000596047
10
15.589999999701977
20
-59.52000000596047
10
15.649999999701977
20
-59.52000000596047
10
15.649999999701977
20
-59.58000000596047
0
LWPOLYLINE
5
6CF6
330
6A3F
100
AcDbEntity
100
AcDbPolyline
8
EKP_POI_TASIYICI_SASE
6
ByLayer
62
256
370
-1
90
4
70
1
10
16.150000000298025
20
-59.58000000596047
10
16.150000000298025
20
-59.52000000596047
10
16.210000000298024
20
-59.52000000596047
10
16.210000000298024
20
-59.58000000596047
0
LWPOLYLINE
5
6CF7
330
6A3F
100
AcDbEntity
100
AcDbPolyline
8
EKP_POI_TASIYICI_SASE
6
ByLayer
62
256
370
-1
90
4
70
1
10
15.6337
20
-60.15999999403954
10
15.6337
20
-59.58000000596047
10
15.6587
20
-59.58000000596047
10
15.6587
20
-60.15999999403954
0
LWPOLYLINE
5
6CF8
330
6A3F
100
AcDbEntity
100
AcDbPolyline
8
EKP_POI_TASIYICI_SASE
6
ByLayer
62
256
370
-1
90
4
70
1
10
16.1413
20
-60.15999999403954
10
16.1413
20
-59.58000000596047
10
16.1663
20
-59.58000000596047
10
16.1663
20
-60.15999999403954
0
TEXT
5
6CF9
330
6A3F
100
AcDbEntity
100
AcDbText
8
EKP_POI_TASIYICI_SASE
10
15.9
20
-59.870000000000005
30
0
40
0.055
1
30U POI Rack (4 POI) - Dogrudan Beton Zemin (Alan 4 - Sag #1)
50
0
7
STANDARD
72
1
11
15.9
21
-59.870000000000005
31
0
100
AcDbText
73
2
0
LWPOLYLINE
5
6B21
330
6A3F
100
AcDbEntity
100
AcDbPolyline
8
EKP_POI_MODULLERI
6
ByLayer
62
256
370
-1
90
4
70
1
10
-3.4225434554940097
20
0.6799872575576769
10
-3.4225434554940097
20
1.1599872566636071
10
-3.0475434582879775
20
1.1599872566636071
10
-3.0475434582879775
20
0.6799872575576769
0
LINE
5
6B22
330
6A3F
100
AcDbEntity
100
AcDbLine
8
EKP_POI_MODULLERI
10
-3.366293455913105
20
0.6799872575576769
30
0
11
-3.366293455913105
21
1.1599872566636071
31
0
0
LINE
5
6B23
330
6A3F
100
AcDbEntity
100
AcDbLine
8
EKP_POI_MODULLERI
10
-3.3025434563880793
20
0.919987257110642
30
0
11
-3.167543457393908
21
0.919987257110642
31
0
0
LINE
5
6B24
330
6A3F
100
AcDbEntity
100
AcDbLine
8
EKP_POI_MODULLERI
10
-3.2350434568909936
20
0.8524872576135561
30
0
11
-3.2350434568909936
21
0.9874872566077278
31
0
0
TEXT
5
6B25
330
6A3F
100
AcDbEntity
100
AcDbText
8
EKP_POI_MODULLERI
10
-3.2350434568909936
20
0.946987257110642
30
0
40
0.045
1
POI Modul 1 (CB-12-POI-64F-A12)
50
0
7
STANDARD
72
1
11
-3.2350434568909936
21
0.946987257110642
31
0
100
AcDbText
73
2
0
LWPOLYLINE
5
6B26
330
6A3F
100
AcDbEntity
100
AcDbPolyline
8
EKP_POI_MODULLERI
6
ByLayer
62
256
370
-1
90
4
70
1
10
-3.4225434554940097
20
0.6799872575576769
10
-3.4225434554940097
20
1.1599872566636071
10
-3.0475434582879775
20
1.1599872566636071
10
-3.0475434582879775
20
0.6799872575576769
0
LINE
5
6B27
330
6A3F
100
AcDbEntity
100
AcDbLine
8
EKP_POI_MODULLERI
10
-3.366293455913105
20
0.6799872575576769
30
0
11
-3.366293455913105
21
1.1599872566636071
31
0
0
LINE
5
6B28
330
6A3F
100
AcDbEntity
100
AcDbLine
8
EKP_POI_MODULLERI
10
-3.3025434563880793
20
0.919987257110642
30
0
11
-3.167543457393908
21
0.919987257110642
31
0
0
LINE
5
6B29
330
6A3F
100
AcDbEntity
100
AcDbLine
8
EKP_POI_MODULLERI
10
-3.2350434568909936
20
0.8524872576135561
30
0
11
-3.2350434568909936
21
0.9874872566077278
31
0
0
TEXT
5
6B2A
330
6A3F
100
AcDbEntity
100
AcDbText
8
EKP_POI_MODULLERI
10
-3.2350434568909936
20
0.946987257110642
30
0
40
0.045
1
POI Modul 2 (CB-12-POI-64F-A12)
50
0
7
STANDARD
72
1
11
-3.2350434568909936
21
0.946987257110642
31
0
100
AcDbText
73
2
0
LWPOLYLINE
5
6B2B
330
6A3F
100
AcDbEntity
100
AcDbPolyline
8
EKP_POI_MODULLERI
6
ByLayer
62
256
370
-1
90
4
70
1
10
-3.4225434554940097
20
0.6799872575576769
10
-3.4225434554940097
20
1.1599872566636071
10
-3.0475434582879775
20
1.1599872566636071
10
-3.0475434582879775
20
0.6799872575576769
0
LINE
5
6B2C
330
6A3F
100
AcDbEntity
100
AcDbLine
8
EKP_POI_MODULLERI
10
-3.366293455913105
20
0.6799872575576769
30
0
11
-3.366293455913105
21
1.1599872566636071
31
0
0
LINE
5
6B2D
330
6A3F
100
AcDbEntity
100
AcDbLine
8
EKP_POI_MODULLERI
10
-3.3025434563880793
20
0.919987257110642
30
0
11
-3.167543457393908
21
0.919987257110642
31
0
0
LINE
5
6B2E
330
6A3F
100
AcDbEntity
100
AcDbLine
8
EKP_POI_MODULLERI
10
-3.2350434568909936
20
0.8524872576135561
30
0
11
-3.2350434568909936
21
0.9874872566077278
31
0
0
TEXT
5
6B2F
330
6A3F
100
AcDbEntity
100
AcDbText
8
EKP_POI_MODULLERI
10
-3.2350434568909936
20
0.946987257110642
30
0
40
0.045
1
POI Modul 3 (CB-12-POI-64F-A12)
50
0
7
STANDARD
72
1
11
-3.2350434568909936
21
0.946987257110642
31
0
100
AcDbText
73
2
0
LWPOLYLINE
5
6B30
330
6A3F
100
AcDbEntity
100
AcDbPolyline
8
EKP_POI_MODULLERI
6
ByLayer
62
256
370
-1
90
4
70
1
10
-3.4225434554940097
20
0.6799872575576769
10
-3.4225434554940097
20
1.1599872566636071
10
-3.0475434582879775
20
1.1599872566636071
10
-3.0475434582879775
20
0.6799872575576769
0
LINE
5
6B31
330
6A3F
100
AcDbEntity
100
AcDbLine
8
EKP_POI_MODULLERI
10
-3.366293455913105
20
0.6799872575576769
30
0
11
-3.366293455913105
21
1.1599872566636071
31
0
0
LINE
5
6B32
330
6A3F
100
AcDbEntity
100
AcDbLine
8
EKP_POI_MODULLERI
10
-3.3025434563880793
20
0.919987257110642
30
0
11
-3.167543457393908
21
0.919987257110642
31
0
0
LINE
5
6B33
330
6A3F
100
AcDbEntity
100
AcDbLine
8
EKP_POI_MODULLERI
10
-3.2350434568909936
20
0.8524872576135561
30
0
11
-3.2350434568909936
21
0.9874872566077278
31
0
0
TEXT
5
6B34
330
6A3F
100
AcDbEntity
100
AcDbText
8
EKP_POI_MODULLERI
10
-3.2350434568909936
20
0.946987257110642
30
0
40
0.045
1
POI Modul 4 (CB-12-POI-64F-A12)
50
0
7
STANDARD
72
1
11
-3.2350434568909936
21
0.946987257110642
31
0
100
AcDbText
73
2
0
LWPOLYLINE
5
6B3D
330
6A3F
100
AcDbEntity
100
AcDbPolyline
8
EKP_POI_MODULLERI
6
ByLayer
62
256
370
-1
90
4
70
1
10
2.9500449869065957
20
0.6623813001161365
10
2.9500449869065957
20
1.1423812992220668
10
3.325044984112628
20
1.1423812992220668
10
3.325044984112628
20
0.6623813001161365
0
LINE
5
6B3E
330
6A3F
100
AcDbEntity
100
AcDbLine
8
EKP_POI_MODULLERI
10
3.0062949864875006
20
0.6623813001161365
30
0
11
3.0062949864875006
21
1.1423812992220668
31
0
0
LINE
5
6B3F
330
6A3F
100
AcDbEntity
100
AcDbLine
8
EKP_POI_MODULLERI
10
3.070044986012526
20
0.9023812996691016
30
0
11
3.2050449850066975
21
0.9023812996691016
31
0
0
LINE
5
6B40
330
6A3F
100
AcDbEntity
100
AcDbLine
8
EKP_POI_MODULLERI
10
3.137544985509612
20
0.8348813001720158
30
0
11
3.137544985509612
21
0.9698812991661875
31
0
0
TEXT
5
6B41
330
6A3F
100
AcDbEntity
100
AcDbText
8
EKP_POI_MODULLERI
10
3.137544985509612
20
0.9293812996691017
30
0
40
0.045
1
POI Modul 1 (CB-12-POI-64F-A12)
50
0
7
STANDARD
72
1
11
3.137544985509612
21
0.9293812996691017
31
0
100
AcDbText
73
2
0
LWPOLYLINE
5
6B42
330
6A3F
100
AcDbEntity
100
AcDbPolyline
8
EKP_POI_MODULLERI
6
ByLayer
62
256
370
-1
90
4
70
1
10
2.9500449869065957
20
0.6623813001161365
10
2.9500449869065957
20
1.1423812992220668
10
3.325044984112628
20
1.1423812992220668
10
3.325044984112628
20
0.6623813001161365
0
LINE
5
6B43
330
6A3F
100
AcDbEntity
100
AcDbLine
8
EKP_POI_MODULLERI
10
3.0062949864875006
20
0.6623813001161365
30
0
11
3.0062949864875006
21
1.1423812992220668
31
0
0
LINE
5
6B44
330
6A3F
100
AcDbEntity
100
AcDbLine
8
EKP_POI_MODULLERI
10
3.070044986012526
20
0.9023812996691016
30
0
11
3.2050449850066975
21
0.9023812996691016
31
0
0
LINE
5
6B45
330
6A3F
100
AcDbEntity
100
AcDbLine
8
EKP_POI_MODULLERI
10
3.137544985509612
20
0.8348813001720158
30
0
11
3.137544985509612
21
0.9698812991661875
31
0
0
TEXT
5
6B46
330
6A3F
100
AcDbEntity
100
AcDbText
8
EKP_POI_MODULLERI
10
3.137544985509612
20
0.9293812996691017
30
0
40
0.045
1
POI Modul 2 (CB-12-POI-64F-A12)
50
0
7
STANDARD
72
1
11
3.137544985509612
21
0.9293812996691017
31
0
100
AcDbText
73
2
0
LWPOLYLINE
5
6B47
330
6A3F
100
AcDbEntity
100
AcDbPolyline
8
EKP_POI_MODULLERI
6
ByLayer
62
256
370
-1
90
4
70
1
10
2.9500449869065957
20
0.6623813001161365
10
2.9500449869065957
20
1.1423812992220668
10
3.325044984112628
20
1.1423812992220668
10
3.325044984112628
20
0.6623813001161365
0
LINE
5
6B48
330
6A3F
100
AcDbEntity
100
AcDbLine
8
EKP_POI_MODULLERI
10
3.0062949864875006
20
0.6623813001161365
30
0
11
3.0062949864875006
21
1.1423812992220668
31
0
0
LINE
5
6B49
330
6A3F
100
AcDbEntity
100
AcDbLine
8
EKP_POI_MODULLERI
10
3.070044986012526
20
0.9023812996691016
30
0
11
3.2050449850066975
21
0.9023812996691016
31
0
0
LINE
5
6B4A
330
6A3F
100
AcDbEntity
100
AcDbLine
8
EKP_POI_MODULLERI
10
3.137544985509612
20
0.8348813001720158
30
0
11
3.137544985509612
21
0.9698812991661875
31
0
0
TEXT
5
6B4B
330
6A3F
100
AcDbEntity
100
AcDbText
8
EKP_POI_MODULLERI
10
3.137544985509612
20
0.9293812996691017
30
0
40
0.045
1
POI Modul 3 (CB-12-POI-64F-A12)
50
0
7
STANDARD
72
1
11
3.137544985509612
21
0.9293812996691017
31
0
100
AcDbText
73
2
0
LWPOLYLINE
5
6B4C
330
6A3F
100
AcDbEntity
100
AcDbPolyline
8
EKP_POI_MODULLERI
6
ByLayer
62
256
370
-1
90
4
70
1
10
2.9500449869065957
20
0.6623813001161365
10
2.9500449869065957
20
1.1423812992220668
10
3.325044984112628
20
1.1423812992220668
10
3.325044984112628
20
0.6623813001161365
0
LINE
5
6B4D
330
6A3F
100
AcDbEntity
100
AcDbLine
8
EKP_POI_MODULLERI
10
3.0062949864875006
20
0.6623813001161365
30
0
11
3.0062949864875006
21
1.1423812992220668
31
0
0
LINE
5
6B4E
330
6A3F
100
AcDbEntity
100
AcDbLine
8
EKP_POI_MODULLERI
10
3.070044986012526
20
0.9023812996691016
30
0
11
3.2050449850066975
21
0.9023812996691016
31
0
0
LINE
5
6B4F
330
6A3F
100
AcDbEntity
100
AcDbLine
8
EKP_POI_MODULLERI
10
3.137544985509612
20
0.8348813001720158
30
0
11
3.137544985509612
21
0.9698812991661875
31
0
0
TEXT
5
6B50
330
6A3F
100
AcDbEntity
100
AcDbText
8
EKP_POI_MODULLERI
10
3.137544985509612
20
0.9293812996691017
30
0
40
0.045
1
POI Modul 4 (CB-12-POI-64F-A12)
50
0
7
STANDARD
72
1
11
3.137544985509612
21
0.9293812996691017
31
0
100
AcDbText
73
2
0
LWPOLYLINE
5
6B80
330
6A3F
100
AcDbEntity
100
AcDbPolyline
8
EKP_POI_MODULLERI
6
ByLayer
62
256
370
-1
90
4
70
1
10
-16.139999999552966
20
-60.04499999701977
10
-16.139999999552966
20
-59.66999999981374
10
-15.660000000447035
20
-59.66999999981374
10
-15.660000000447035
20
-60.04499999701977
0
LINE
5
6B81
330
6A3F
100
AcDbEntity
100
AcDbLine
8
EKP_POI_MODULLERI
10
-16.139999999552966
20
-59.988749997438866
30
0
11
-15.660000000447035
21
-59.988749997438866
31
0
0
LINE
5
6B82
330
6A3F
100
AcDbEntity
100
AcDbLine
8
EKP_POI_MODULLERI
10
-15.967499999497086
20
-59.857499998416756
30
0
11
-15.832500000502915
21
-59.857499998416756
31
0
0
LINE
5
6B83
330
6A3F
100
AcDbEntity
100
AcDbLine
8
EKP_POI_MODULLERI
10
-15.9
20
-59.924999997913844
30
0
11
-15.9
21
-59.78999999891967
31
0
0
TEXT
5
6B84
330
6A3F
100
AcDbEntity
100
AcDbText
8
EKP_POI_MODULLERI
10
-15.9
20
-59.830499998416755
30
0
40
0.045
1
POI Modul 1 (CB-12-POI-64F-A12)
50
0
7
STANDARD
72
1
11
-15.9
21
-59.830499998416755
31
0
100
AcDbText
73
2
0
LWPOLYLINE
5
6B85
330
6A3F
100
AcDbEntity
100
AcDbPolyline
8
EKP_POI_MODULLERI
6
ByLayer
62
256
370
-1
90
4
70
1
10
-16.139999999552966
20
-60.04499999701977
10
-16.139999999552966
20
-59.66999999981374
10
-15.660000000447035
20
-59.66999999981374
10
-15.660000000447035
20
-60.04499999701977
0
LINE
5
6B86
330
6A3F
100
AcDbEntity
100
AcDbLine
8
EKP_POI_MODULLERI
10
-16.139999999552966
20
-59.988749997438866
30
0
11
-15.660000000447035
21
-59.988749997438866
31
0
0
LINE
5
6B87
330
6A3F
100
AcDbEntity
100
AcDbLine
8
EKP_POI_MODULLERI
10
-15.967499999497086
20
-59.857499998416756
30
0
11
-15.832500000502915
21
-59.857499998416756
31
0
0
LINE
5
6B88
330
6A3F
100
AcDbEntity
100
AcDbLine
8
EKP_POI_MODULLERI
10
-15.9
20
-59.924999997913844
30
0
11
-15.9
21
-59.78999999891967
31
0
0
TEXT
5
6B89
330
6A3F
100
AcDbEntity
100
AcDbText
8
EKP_POI_MODULLERI
10
-15.9
20
-59.830499998416755
30
0
40
0.045
1
POI Modul 2 (CB-12-POI-64F-A12)
50
0
7
STANDARD
72
1
11
-15.9
21
-59.830499998416755
31
0
100
AcDbText
73
2
0
LWPOLYLINE
5
6B8A
330
6A3F
100
AcDbEntity
100
AcDbPolyline
8
EKP_POI_MODULLERI
6
ByLayer
62
256
370
-1
90
4
70
1
10
-16.139999999552966
20
-60.04499999701977
10
-16.139999999552966
20
-59.66999999981374
10
-15.660000000447035
20
-59.66999999981374
10
-15.660000000447035
20
-60.04499999701977
0
LINE
5
6B8B
330
6A3F
100
AcDbEntity
100
AcDbLine
8
EKP_POI_MODULLERI
10
-16.139999999552966
20
-59.988749997438866
30
0
11
-15.660000000447035
21
-59.988749997438866
31
0
0
LINE
5
6B8C
330
6A3F
100
AcDbEntity
100
AcDbLine
8
EKP_POI_MODULLERI
10
-15.967499999497086
20
-59.857499998416756
30
0
11
-15.832500000502915
21
-59.857499998416756
31
0
0
LINE
5
6B8D
330
6A3F
100
AcDbEntity
100
AcDbLine
8
EKP_POI_MODULLERI
10
-15.9
20
-59.924999997913844
30
0
11
-15.9
21
-59.78999999891967
31
0
0
TEXT
5
6B8E
330
6A3F
100
AcDbEntity
100
AcDbText
8
EKP_POI_MODULLERI
10
-15.9
20
-59.830499998416755
30
0
40
0.045
1
POI Modul 3 (CB-12-POI-64F-A12)
50
0
7
STANDARD
72
1
11
-15.9
21
-59.830499998416755
31
0
100
AcDbText
73
2
0
LWPOLYLINE
5
6B8F
330
6A3F
100
AcDbEntity
100
AcDbPolyline
8
EKP_POI_MODULLERI
6
ByLayer
62
256
370
-1
90
4
70
1
10
-16.139999999552966
20
-60.04499999701977
10
-16.139999999552966
20
-59.66999999981374
10
-15.660000000447035
20
-59.66999999981374
10
-15.660000000447035
20
-60.04499999701977
0
LINE
5
6B90
330
6A3F
100
AcDbEntity
100
AcDbLine
8
EKP_POI_MODULLERI
10
-16.139999999552966
20
-59.988749997438866
30
0
11
-15.660000000447035
21
-59.988749997438866
31
0
0
LINE
5
6B91
330
6A3F
100
AcDbEntity
100
AcDbLine
8
EKP_POI_MODULLERI
10
-15.967499999497086
20
-59.857499998416756
30
0
11
-15.832500000502915
21
-59.857499998416756
31
0
0
LINE
5
6B92
330
6A3F
100
AcDbEntity
100
AcDbLine
8
EKP_POI_MODULLERI
10
-15.9
20
-59.924999997913844
30
0
11
-15.9
21
-59.78999999891967
31
0
0
TEXT
5
6B93
330
6A3F
100
AcDbEntity
100
AcDbText
8
EKP_POI_MODULLERI
10
-15.9
20
-59.830499998416755
30
0
40
0.045
1
POI Modul 4 (CB-12-POI-64F-A12)
50
0
7
STANDARD
72
1
11
-15.9
21
-59.830499998416755
31
0
100
AcDbText
73
2
0
LWPOLYLINE
5
6B9C
330
6A3F
100
AcDbEntity
100
AcDbPolyline
8
EKP_POI_MODULLERI
6
ByLayer
62
256
370
-1
90
4
70
1
10
-15.389999999552966
20
-60.04499999701977
10
-15.389999999552966
20
-59.66999999981374
10
-14.910000000447035
20
-59.66999999981374
10
-14.910000000447035
20
-60.04499999701977
0
LINE
5
6B9D
330
6A3F
100
AcDbEntity
100
AcDbLine
8
EKP_POI_MODULLERI
10
-15.389999999552966
20
-59.988749997438866
30
0
11
-14.910000000447035
21
-59.988749997438866
31
0
0
LINE
5
6B9E
330
6A3F
100
AcDbEntity
100
AcDbLine
8
EKP_POI_MODULLERI
10
-15.217499999497086
20
-59.857499998416756
30
0
11
-15.082500000502915
21
-59.857499998416756
31
0
0
LINE
5
6B9F
330
6A3F
100
AcDbEntity
100
AcDbLine
8
EKP_POI_MODULLERI
10
-15.15
20
-59.924999997913844
30
0
11
-15.15
21
-59.78999999891967
31
0
0
TEXT
5
6BA0
330
6A3F
100
AcDbEntity
100
AcDbText
8
EKP_POI_MODULLERI
10
-15.15
20
-59.830499998416755
30
0
40
0.045
1
POI Modul 1 (CB-12-POI-64F-A12)
50
0
7
STANDARD
72
1
11
-15.15
21
-59.830499998416755
31
0
100
AcDbText
73
2
0
LWPOLYLINE
5
6BA1
330
6A3F
100
AcDbEntity
100
AcDbPolyline
8
EKP_POI_MODULLERI
6
ByLayer
62
256
370
-1
90
4
70
1
10
-15.389999999552966
20
-60.04499999701977
10
-15.389999999552966
20
-59.66999999981374
10
-14.910000000447035
20
-59.66999999981374
10
-14.910000000447035
20
-60.04499999701977
0
LINE
5
6BA2
330
6A3F
100
AcDbEntity
100
AcDbLine
8
EKP_POI_MODULLERI
10
-15.389999999552966
20
-59.988749997438866
30
0
11
-14.910000000447035
21
-59.988749997438866
31
0
0
LINE
5
6BA3
330
6A3F
100
AcDbEntity
100
AcDbLine
8
EKP_POI_MODULLERI
10
-15.217499999497086
20
-59.857499998416756
30
0
11
-15.082500000502915
21
-59.857499998416756
31
0
0
LINE
5
6BA4
330
6A3F
100
AcDbEntity
100
AcDbLine
8
EKP_POI_MODULLERI
10
-15.15
20
-59.924999997913844
30
0
11
-15.15
21
-59.78999999891967
31
0
0
TEXT
5
6BA5
330
6A3F
100
AcDbEntity
100
AcDbText
8
EKP_POI_MODULLERI
10
-15.15
20
-59.830499998416755
30
0
40
0.045
1
POI Modul 2 (CB-12-POI-64F-A12)
50
0
7
STANDARD
72
1
11
-15.15
21
-59.830499998416755
31
0
100
AcDbText
73
2
0
LWPOLYLINE
5
6BA6
330
6A3F
100
AcDbEntity
100
AcDbPolyline
8
EKP_POI_MODULLERI
6
ByLayer
62
256
370
-1
90
4
70
1
10
-15.389999999552966
20
-60.04499999701977
10
-15.389999999552966
20
-59.66999999981374
10
-14.910000000447035
20
-59.66999999981374
10
-14.910000000447035
20
-60.04499999701977
0
LINE
5
6BA7
330
6A3F
100
AcDbEntity
100
AcDbLine
8
EKP_POI_MODULLERI
10
-15.389999999552966
20
-59.988749997438866
30
0
11
-14.910000000447035
21
-59.988749997438866
31
0
0
LINE
5
6BA8
330
6A3F
100
AcDbEntity
100
AcDbLine
8
EKP_POI_MODULLERI
10
-15.217499999497086
20
-59.857499998416756
30
0
11
-15.082500000502915
21
-59.857499998416756
31
0
0
LINE
5
6BA9
330
6A3F
100
AcDbEntity
100
AcDbLine
8
EKP_POI_MODULLERI
10
-15.15
20
-59.924999997913844
30
0
11
-15.15
21
-59.78999999891967
31
0
0
TEXT
5
6BAA
330
6A3F
100
AcDbEntity
100
AcDbText
8
EKP_POI_MODULLERI
10
-15.15
20
-59.830499998416755
30
0
40
0.045
1
POI Modul 3 (CB-12-POI-64F-A12)
50
0
7
STANDARD
72
1
11
-15.15
21
-59.830499998416755
31
0
100
AcDbText
73
2
0
LWPOLYLINE
5
6BAB
330
6A3F
100
AcDbEntity
100
AcDbPolyline
8
EKP_POI_MODULLERI
6
ByLayer
62
256
370
-1
90
4
70
1
10
-15.389999999552966
20
-60.04499999701977
10
-15.389999999552966
20
-59.66999999981374
10
-14.910000000447035
20
-59.66999999981374
10
-14.910000000447035
20
-60.04499999701977
0
LINE
5
6BAC
330
6A3F
100
AcDbEntity
100
AcDbLine
8
EKP_POI_MODULLERI
10
-15.389999999552966
20
-59.988749997438866
30
0
11
-14.910000000447035
21
-59.988749997438866
31
0
0
LINE
5
6BAD
330
6A3F
100
AcDbEntity
100
AcDbLine
8
EKP_POI_MODULLERI
10
-15.217499999497086
20
-59.857499998416756
30
0
11
-15.082500000502915
21
-59.857499998416756
31
0
0
LINE
5
6BAE
330
6A3F
100
AcDbEntity
100
AcDbLine
8
EKP_POI_MODULLERI
10
-15.15
20
-59.924999997913844
30
0
11
-15.15
21
-59.78999999891967
31
0
0
TEXT
5
6BAF
330
6A3F
100
AcDbEntity
100
AcDbText
8
EKP_POI_MODULLERI
10
-15.15
20
-59.830499998416755
30
0
40
0.045
1
POI Modul 4 (CB-12-POI-64F-A12)
50
0
7
STANDARD
72
1
11
-15.15
21
-59.830499998416755
31
0
100
AcDbText
73
2
0
LWPOLYLINE
5
6BB8
330
6A3F
100
AcDbEntity
100
AcDbPolyline
8
EKP_POI_MODULLERI
6
ByLayer
62
256
370
-1
90
4
70
1
10
-14.639999999552966
20
-60.04499999701977
10
-14.639999999552966
20
-59.66999999981374
10
-14.160000000447035
20
-59.66999999981374
10
-14.160000000447035
20
-60.04499999701977
0
LINE
5
6BB9
330
6A3F
100
AcDbEntity
100
AcDbLine
8
EKP_POI_MODULLERI
10
-14.639999999552966
20
-59.988749997438866
30
0
11
-14.160000000447035
21
-59.988749997438866
31
0
0
LINE
5
6BBA
330
6A3F
100
AcDbEntity
100
AcDbLine
8
EKP_POI_MODULLERI
10
-14.467499999497086
20
-59.857499998416756
30
0
11
-14.332500000502915
21
-59.857499998416756
31
0
0
LINE
5
6BBB
330
6A3F
100
AcDbEntity
100
AcDbLine
8
EKP_POI_MODULLERI
10
-14.4
20
-59.924999997913844
30
0
11
-14.4
21
-59.78999999891967
31
0
0
TEXT
5
6BBC
330
6A3F
100
AcDbEntity
100
AcDbText
8
EKP_POI_MODULLERI
10
-14.4
20
-59.830499998416755
30
0
40
0.045
1
POI Modul 1 (CB-12-POI-64F-A12)
50
0
7
STANDARD
72
1
11
-14.4
21
-59.830499998416755
31
0
100
AcDbText
73
2
0
LWPOLYLINE
5
6BBD
330
6A3F
100
AcDbEntity
100
AcDbPolyline
8
EKP_POI_MODULLERI
6
ByLayer
62
256
370
-1
90
4
70
1
10
-14.639999999552966
20
-60.04499999701977
10
-14.639999999552966
20
-59.66999999981374
10
-14.160000000447035
20
-59.66999999981374
10
-14.160000000447035
20
-60.04499999701977
0
LINE
5
6BBE
330
6A3F
100
AcDbEntity
100
AcDbLine
8
EKP_POI_MODULLERI
10
-14.639999999552966
20
-59.988749997438866
30
0
11
-14.160000000447035
21
-59.988749997438866
31
0
0
LINE
5
6BBF
330
6A3F
100
AcDbEntity
100
AcDbLine
8
EKP_POI_MODULLERI
10
-14.467499999497086
20
-59.857499998416756
30
0
11
-14.332500000502915
21
-59.857499998416756
31
0
0
LINE
5
6BC0
330
6A3F
100
AcDbEntity
100
AcDbLine
8
EKP_POI_MODULLERI
10
-14.4
20
-59.924999997913844
30
0
11
-14.4
21
-59.78999999891967
31
0
0
TEXT
5
6BC1
330
6A3F
100
AcDbEntity
100
AcDbText
8
EKP_POI_MODULLERI
10
-14.4
20
-59.830499998416755
30
0
40
0.045
1
POI Modul 2 (CB-12-POI-64F-A12)
50
0
7
STANDARD
72
1
11
-14.4
21
-59.830499998416755
31
0
100
AcDbText
73
2
0
LWPOLYLINE
5
6BC2
330
6A3F
100
AcDbEntity
100
AcDbPolyline
8
EKP_POI_MODULLERI
6
ByLayer
62
256
370
-1
90
4
70
1
10
-14.639999999552966
20
-60.04499999701977
10
-14.639999999552966
20
-59.66999999981374
10
-14.160000000447035
20
-59.66999999981374
10
-14.160000000447035
20
-60.04499999701977
0
LINE
5
6BC3
330
6A3F
100
AcDbEntity
100
AcDbLine
8
EKP_POI_MODULLERI
10
-14.639999999552966
20
-59.988749997438866
30
0
11
-14.160000000447035
21
-59.988749997438866
31
0
0
LINE
5
6BC4
330
6A3F
100
AcDbEntity
100
AcDbLine
8
EKP_POI_MODULLERI
10
-14.467499999497086
20
-59.857499998416756
30
0
11
-14.332500000502915
21
-59.857499998416756
31
0
0
LINE
5
6BC5
330
6A3F
100
AcDbEntity
100
AcDbLine
8
EKP_POI_MODULLERI
10
-14.4
20
-59.924999997913844
30
0
11
-14.4
21
-59.78999999891967
31
0
0
TEXT
5
6BC6
330
6A3F
100
AcDbEntity
100
AcDbText
8
EKP_POI_MODULLERI
10
-14.4
20
-59.830499998416755
30
0
40
0.045
1
POI Modul 3 (CB-12-POI-64F-A12)
50
0
7
STANDARD
72
1
11
-14.4
21
-59.830499998416755
31
0
100
AcDbText
73
2
0
LWPOLYLINE
5
6BC7
330
6A3F
100
AcDbEntity
100
AcDbPolyline
8
EKP_POI_MODULLERI
6
ByLayer
62
256
370
-1
90
4
70
1
10
-14.639999999552966
20
-60.04499999701977
10
-14.639999999552966
20
-59.66999999981374
10
-14.160000000447035
20
-59.66999999981374
10
-14.160000000447035
20
-60.04499999701977
0
LINE
5
6BC8
330
6A3F
100
AcDbEntity
100
AcDbLine
8
EKP_POI_MODULLERI
10
-14.639999999552966
20
-59.988749997438866
30
0
11
-14.160000000447035
21
-59.988749997438866
31
0
0
LINE
5
6BC9
330
6A3F
100
AcDbEntity
100
AcDbLine
8
EKP_POI_MODULLERI
10
-14.467499999497086
20
-59.857499998416756
30
0
11
-14.332500000502915
21
-59.857499998416756
31
0
0
LINE
5
6BCA
330
6A3F
100
AcDbEntity
100
AcDbLine
8
EKP_POI_MODULLERI
10
-14.4
20
-59.924999997913844
30
0
11
-14.4
21
-59.78999999891967
31
0
0
TEXT
5
6BCB
330
6A3F
100
AcDbEntity
100
AcDbText
8
EKP_POI_MODULLERI
10
-14.4
20
-59.830499998416755
30
0
40
0.045
1
POI Modul 4 (CB-12-POI-64F-A12)
50
0
7
STANDARD
72
1
11
-14.4
21
-59.830499998416755
31
0
100
AcDbText
73
2
0
LWPOLYLINE
5
6CC2
330
6A3F
100
AcDbEntity
100
AcDbPolyline
8
EKP_POI_MODULLERI
6
ByLayer
62
256
370
-1
90
4
70
1
10
14.160000000447035
20
-60.04499999701977
10
14.160000000447035
20
-59.66999999981374
10
14.639999999552966
20
-59.66999999981374
10
14.639999999552966
20
-60.04499999701977
0
LINE
5
6CC3
330
6A3F
100
AcDbEntity
100
AcDbLine
8
EKP_POI_MODULLERI
10
14.160000000447035
20
-59.988749997438866
30
0
11
14.639999999552966
21
-59.988749997438866
31
0
0
LINE
5
6CC4
330
6A3F
100
AcDbEntity
100
AcDbLine
8
EKP_POI_MODULLERI
10
14.332500000502915
20
-59.857499998416756
30
0
11
14.467499999497086
21
-59.857499998416756
31
0
0
LINE
5
6CC5
330
6A3F
100
AcDbEntity
100
AcDbLine
8
EKP_POI_MODULLERI
10
14.4
20
-59.924999997913844
30
0
11
14.4
21
-59.78999999891967
31
0
0
TEXT
5
6CC6
330
6A3F
100
AcDbEntity
100
AcDbText
8
EKP_POI_MODULLERI
10
14.4
20
-59.830499998416755
30
0
40
0.045
1
POI Modul 1 (CB-12-POI-64F-A12)
50
0
7
STANDARD
72
1
11
14.4
21
-59.830499998416755
31
0
100
AcDbText
73
2
0
LWPOLYLINE
5
6CC7
330
6A3F
100
AcDbEntity
100
AcDbPolyline
8
EKP_POI_MODULLERI
6
ByLayer
62
256
370
-1
90
4
70
1
10
14.160000000447035
20
-60.04499999701977
10
14.160000000447035
20
-59.66999999981374
10
14.639999999552966
20
-59.66999999981374
10
14.639999999552966
20
-60.04499999701977
0
LINE
5
6CC8
330
6A3F
100
AcDbEntity
100
AcDbLine
8
EKP_POI_MODULLERI
10
14.160000000447035
20
-59.988749997438866
30
0
11
14.639999999552966
21
-59.988749997438866
31
0
0
LINE
5
6CC9
330
6A3F
100
AcDbEntity
100
AcDbLine
8
EKP_POI_MODULLERI
10
14.332500000502915
20
-59.857499998416756
30
0
11
14.467499999497086
21
-59.857499998416756
31
0
0
LINE
5
6CCA
330
6A3F
100
AcDbEntity
100
AcDbLine
8
EKP_POI_MODULLERI
10
14.4
20
-59.924999997913844
30
0
11
14.4
21
-59.78999999891967
31
0
0
TEXT
5
6CCB
330
6A3F
100
AcDbEntity
100
AcDbText
8
EKP_POI_MODULLERI
10
14.4
20
-59.830499998416755
30
0
40
0.045
1
POI Modul 2 (CB-12-POI-64F-A12)
50
0
7
STANDARD
72
1
11
14.4
21
-59.830499998416755
31
0
100
AcDbText
73
2
0
LWPOLYLINE
5
6CCC
330
6A3F
100
AcDbEntity
100
AcDbPolyline
8
EKP_POI_MODULLERI
6
ByLayer
62
256
370
-1
90
4
70
1
10
14.160000000447035
20
-60.04499999701977
10
14.160000000447035
20
-59.66999999981374
10
14.639999999552966
20
-59.66999999981374
10
14.639999999552966
20
-60.04499999701977
0
LINE
5
6CCD
330
6A3F
100
AcDbEntity
100
AcDbLine
8
EKP_POI_MODULLERI
10
14.160000000447035
20
-59.988749997438866
30
0
11
14.639999999552966
21
-59.988749997438866
31
0
0
LINE
5
6CCE
330
6A3F
100
AcDbEntity
100
AcDbLine
8
EKP_POI_MODULLERI
10
14.332500000502915
20
-59.857499998416756
30
0
11
14.467499999497086
21
-59.857499998416756
31
0
0
LINE
5
6CCF
330
6A3F
100
AcDbEntity
100
AcDbLine
8
EKP_POI_MODULLERI
10
14.4
20
-59.924999997913844
30
0
11
14.4
21
-59.78999999891967
31
0
0
TEXT
5
6CD0
330
6A3F
100
AcDbEntity
100
AcDbText
8
EKP_POI_MODULLERI
10
14.4
20
-59.830499998416755
30
0
40
0.045
1
POI Modul 3 (CB-12-POI-64F-A12)
50
0
7
STANDARD
72
1
11
14.4
21
-59.830499998416755
31
0
100
AcDbText
73
2
0
LWPOLYLINE
5
6CD1
330
6A3F
100
AcDbEntity
100
AcDbPolyline
8
EKP_POI_MODULLERI
6
ByLayer
62
256
370
-1
90
4
70
1
10
14.160000000447035
20
-60.04499999701977
10
14.160000000447035
20
-59.66999999981374
10
14.639999999552966
20
-59.66999999981374
10
14.639999999552966
20
-60.04499999701977
0
LINE
5
6CD2
330
6A3F
100
AcDbEntity
100
AcDbLine
8
EKP_POI_MODULLERI
10
14.160000000447035
20
-59.988749997438866
30
0
11
14.639999999552966
21
-59.988749997438866
31
0
0
LINE
5
6CD3
330
6A3F
100
AcDbEntity
100
AcDbLine
8
EKP_POI_MODULLERI
10
14.332500000502915
20
-59.857499998416756
30
0
11
14.467499999497086
21
-59.857499998416756
31
0
0
LINE
5
6CD4
330
6A3F
100
AcDbEntity
100
AcDbLine
8
EKP_POI_MODULLERI
10
14.4
20
-59.924999997913844
30
0
11
14.4
21
-59.78999999891967
31
0
0
TEXT
5
6CD5
330
6A3F
100
AcDbEntity
100
AcDbText
8
EKP_POI_MODULLERI
10
14.4
20
-59.830499998416755
30
0
40
0.045
1
POI Modul 4 (CB-12-POI-64F-A12)
50
0
7
STANDARD
72
1
11
14.4
21
-59.830499998416755
31
0
100
AcDbText
73
2
0
LWPOLYLINE
5
6CDE
330
6A3F
100
AcDbEntity
100
AcDbPolyline
8
EKP_POI_MODULLERI
6
ByLayer
62
256
370
-1
90
4
70
1
10
14.910000000447035
20
-60.04499999701977
10
14.910000000447035
20
-59.66999999981374
10
15.389999999552966
20
-59.66999999981374
10
15.389999999552966
20
-60.04499999701977
0
LINE
5
6CDF
330
6A3F
100
AcDbEntity
100
AcDbLine
8
EKP_POI_MODULLERI
10
14.910000000447035
20
-59.988749997438866
30
0
11
15.389999999552966
21
-59.988749997438866
31
0
0
LINE
5
6CE0
330
6A3F
100
AcDbEntity
100
AcDbLine
8
EKP_POI_MODULLERI
10
15.082500000502915
20
-59.857499998416756
30
0
11
15.217499999497086
21
-59.857499998416756
31
0
0
LINE
5
6CE1
330
6A3F
100
AcDbEntity
100
AcDbLine
8
EKP_POI_MODULLERI
10
15.15
20
-59.924999997913844
30
0
11
15.15
21
-59.78999999891967
31
0
0
TEXT
5
6CE2
330
6A3F
100
AcDbEntity
100
AcDbText
8
EKP_POI_MODULLERI
10
15.15
20
-59.830499998416755
30
0
40
0.045
1
POI Modul 1 (CB-12-POI-64F-A12)
50
0
7
STANDARD
72
1
11
15.15
21
-59.830499998416755
31
0
100
AcDbText
73
2
0
LWPOLYLINE
5
6CE3
330
6A3F
100
AcDbEntity
100
AcDbPolyline
8
EKP_POI_MODULLERI
6
ByLayer
62
256
370
-1
90
4
70
1
10
14.910000000447035
20
-60.04499999701977
10
14.910000000447035
20
-59.66999999981374
10
15.389999999552966
20
-59.66999999981374
10
15.389999999552966
20
-60.04499999701977
0
LINE
5
6CE4
330
6A3F
100
AcDbEntity
100
AcDbLine
8
EKP_POI_MODULLERI
10
14.910000000447035
20
-59.988749997438866
30
0
11
15.389999999552966
21
-59.988749997438866
31
0
0
LINE
5
6CE5
330
6A3F
100
AcDbEntity
100
AcDbLine
8
EKP_POI_MODULLERI
10
15.082500000502915
20
-59.857499998416756
30
0
11
15.217499999497086
21
-59.857499998416756
31
0
0
LINE
5
6CE6
330
6A3F
100
AcDbEntity
100
AcDbLine
8
EKP_POI_MODULLERI
10
15.15
20
-59.924999997913844
30
0
11
15.15
21
-59.78999999891967
31
0
0
TEXT
5
6CE7
330
6A3F
100
AcDbEntity
100
AcDbText
8
EKP_POI_MODULLERI
10
15.15
20
-59.830499998416755
30
0
40
0.045
1
POI Modul 2 (CB-12-POI-64F-A12)
50
0
7
STANDARD
72
1
11
15.15
21
-59.830499998416755
31
0
100
AcDbText
73
2
0
LWPOLYLINE
5
6CE8
330
6A3F
100
AcDbEntity
100
AcDbPolyline
8
EKP_POI_MODULLERI
6
ByLayer
62
256
370
-1
90
4
70
1
10
14.910000000447035
20
-60.04499999701977
10
14.910000000447035
20
-59.66999999981374
10
15.389999999552966
20
-59.66999999981374
10
15.389999999552966
20
-60.04499999701977
0
LINE
5
6CE9
330
6A3F
100
AcDbEntity
100
AcDbLine
8
EKP_POI_MODULLERI
10
14.910000000447035
20
-59.988749997438866
30
0
11
15.389999999552966
21
-59.988749997438866
31
0
0
LINE
5
6CEA
330
6A3F
100
AcDbEntity
100
AcDbLine
8
EKP_POI_MODULLERI
10
15.082500000502915
20
-59.857499998416756
30
0
11
15.217499999497086
21
-59.857499998416756
31
0
0
LINE
5
6CEB
330
6A3F
100
AcDbEntity
100
AcDbLine
8
EKP_POI_MODULLERI
10
15.15
20
-59.924999997913844
30
0
11
15.15
21
-59.78999999891967
31
0
0
TEXT
5
6CEC
330
6A3F
100
AcDbEntity
100
AcDbText
8
EKP_POI_MODULLERI
10
15.15
20
-59.830499998416755
30
0
40
0.045
1
POI Modul 3 (CB-12-POI-64F-A12)
50
0
7
STANDARD
72
1
11
15.15
21
-59.830499998416755
31
0
100
AcDbText
73
2
0
LWPOLYLINE
5
6CED
330
6A3F
100
AcDbEntity
100
AcDbPolyline
8
EKP_POI_MODULLERI
6
ByLayer
62
256
370
-1
90
4
70
1
10
14.910000000447035
20
-60.04499999701977
10
14.910000000447035
20
-59.66999999981374
10
15.389999999552966
20
-59.66999999981374
10
15.389999999552966
20
-60.04499999701977
0
LINE
5
6CEE
330
6A3F
100
AcDbEntity
100
AcDbLine
8
EKP_POI_MODULLERI
10
14.910000000447035
20
-59.988749997438866
30
0
11
15.389999999552966
21
-59.988749997438866
31
0
0
LINE
5
6CEF
330
6A3F
100
AcDbEntity
100
AcDbLine
8
EKP_POI_MODULLERI
10
15.082500000502915
20
-59.857499998416756
30
0
11
15.217499999497086
21
-59.857499998416756
31
0
0
LINE
5
6CF0
330
6A3F
100
AcDbEntity
100
AcDbLine
8
EKP_POI_MODULLERI
10
15.15
20
-59.924999997913844
30
0
11
15.15
21
-59.78999999891967
31
0
0
TEXT
5
6CF1
330
6A3F
100
AcDbEntity
100
AcDbText
8
EKP_POI_MODULLERI
10
15.15
20
-59.830499998416755
30
0
40
0.045
1
POI Modul 4 (CB-12-POI-64F-A12)
50
0
7
STANDARD
72
1
11
15.15
21
-59.830499998416755
31
0
100
AcDbText
73
2
0
LWPOLYLINE
5
6CFA
330
6A3F
100
AcDbEntity
100
AcDbPolyline
8
EKP_POI_MODULLERI
6
ByLayer
62
256
370
-1
90
4
70
1
10
15.660000000447035
20
-60.04499999701977
10
15.660000000447035
20
-59.66999999981374
10
16.139999999552966
20
-59.66999999981374
10
16.139999999552966
20
-60.04499999701977
0
LINE
5
6CFB
330
6A3F
100
AcDbEntity
100
AcDbLine
8
EKP_POI_MODULLERI
10
15.660000000447035
20
-59.988749997438866
30
0
11
16.139999999552966
21
-59.988749997438866
31
0
0
LINE
5
6CFC
330
6A3F
100
AcDbEntity
100
AcDbLine
8
EKP_POI_MODULLERI
10
15.832500000502915
20
-59.857499998416756
30
0
11
15.967499999497086
21
-59.857499998416756
31
0
0
LINE
5
6CFD
330
6A3F
100
AcDbEntity
100
AcDbLine
8
EKP_POI_MODULLERI
10
15.9
20
-59.924999997913844
30
0
11
15.9
21
-59.78999999891967
31
0
0
TEXT
5
6CFE
330
6A3F
100
AcDbEntity
100
AcDbText
8
EKP_POI_MODULLERI
10
15.9
20
-59.830499998416755
30
0
40
0.045
1
POI Modul 1 (CB-12-POI-64F-A12)
50
0
7
STANDARD
72
1
11
15.9
21
-59.830499998416755
31
0
100
AcDbText
73
2
0
LWPOLYLINE
5
6CFF
330
6A3F
100
AcDbEntity
100
AcDbPolyline
8
EKP_POI_MODULLERI
6
ByLayer
62
256
370
-1
90
4
70
1
10
15.660000000447035
20
-60.04499999701977
10
15.660000000447035
20
-59.66999999981374
10
16.139999999552966
20
-59.66999999981374
10
16.139999999552966
20
-60.04499999701977
0
LINE
5
6D00
330
6A3F
100
AcDbEntity
100
AcDbLine
8
EKP_POI_MODULLERI
10
15.660000000447035
20
-59.988749997438866
30
0
11
16.139999999552966
21
-59.988749997438866
31
0
0
LINE
5
6D01
330
6A3F
100
AcDbEntity
100
AcDbLine
8
EKP_POI_MODULLERI
10
15.832500000502915
20
-59.857499998416756
30
0
11
15.967499999497086
21
-59.857499998416756
31
0
0
LINE
5
6D02
330
6A3F
100
AcDbEntity
100
AcDbLine
8
EKP_POI_MODULLERI
10
15.9
20
-59.924999997913844
30
0
11
15.9
21
-59.78999999891967
31
0
0
TEXT
5
6D03
330
6A3F
100
AcDbEntity
100
AcDbText
8
EKP_POI_MODULLERI
10
15.9
20
-59.830499998416755
30
0
40
0.045
1
POI Modul 2 (CB-12-POI-64F-A12)
50
0
7
STANDARD
72
1
11
15.9
21
-59.830499998416755
31
0
100
AcDbText
73
2
0
LWPOLYLINE
5
6D04
330
6A3F
100
AcDbEntity
100
AcDbPolyline
8
EKP_POI_MODULLERI
6
ByLayer
62
256
370
-1
90
4
70
1
10
15.660000000447035
20
-60.04499999701977
10
15.660000000447035
20
-59.66999999981374
10
16.139999999552966
20
-59.66999999981374
10
16.139999999552966
20
-60.04499999701977
0
LINE
5
6D05
330
6A3F
100
AcDbEntity
100
AcDbLine
8
EKP_POI_MODULLERI
10
15.660000000447035
20
-59.988749997438866
30
0
11
16.139999999552966
21
-59.988749997438866
31
0
0
LINE
5
6D06
330
6A3F
100
AcDbEntity
100
AcDbLine
8
EKP_POI_MODULLERI
10
15.832500000502915
20
-59.857499998416756
30
0
11
15.967499999497086
21
-59.857499998416756
31
0
0
LINE
5
6D07
330
6A3F
100
AcDbEntity
100
AcDbLine
8
EKP_POI_MODULLERI
10
15.9
20
-59.924999997913844
30
0
11
15.9
21
-59.78999999891967
31
0
0
TEXT
5
6D08
330
6A3F
100
AcDbEntity
100
AcDbText
8
EKP_POI_MODULLERI
10
15.9
20
-59.830499998416755
30
0
40
0.045
1
POI Modul 3 (CB-12-POI-64F-A12)
50
0
7
STANDARD
72
1
11
15.9
21
-59.830499998416755
31
0
100
AcDbText
73
2
0
LWPOLYLINE
5
6D09
330
6A3F
100
AcDbEntity
100
AcDbPolyline
8
EKP_POI_MODULLERI
6
ByLayer
62
256
370
-1
90
4
70
1
10
15.660000000447035
20
-60.04499999701977
10
15.660000000447035
20
-59.66999999981374
10
16.139999999552966
20
-59.66999999981374
10
16.139999999552966
20
-60.04499999701977
0
LINE
5
6D0A
330
6A3F
100
AcDbEntity
100
AcDbLine
8
EKP_POI_MODULLERI
10
15.660000000447035
20
-59.988749997438866
30
0
11
16.139999999552966
21
-59.988749997438866
31
0
0
LINE
5
6D0B
330
6A3F
100
AcDbEntity
100
AcDbLine
8
EKP_POI_MODULLERI
10
15.832500000502915
20
-59.857499998416756
30
0
11
15.967499999497086
21
-59.857499998416756
31
0
0
LINE
5
6D0C
330
6A3F
100
AcDbEntity
100
AcDbLine
8
EKP_POI_MODULLERI
10
15.9
20
-59.924999997913844
30
0
11
15.9
21
-59.78999999891967
31
0
0
TEXT
5
6D0D
330
6A3F
100
AcDbEntity
100
AcDbText
8
EKP_POI_MODULLERI
10
15.9
20
-59.830499998416755
30
0
40
0.045
1
POI Modul 4 (CB-12-POI-64F-A12)
50
0
7
STANDARD
72
1
11
15.9
21
-59.830499998416755
31
0
100
AcDbText
73
2
0
LWPOLYLINE
5
6B5E
330
6A3F
100
AcDbEntity
100
AcDbPolyline
8
EKP_RECTIFIER_ELTEK_20U
6
ByLayer
62
256
370
-1
90
4
70
1
10
-20.231477638677394
20
-60.26760782034951
10
-20.231477638677394
20
-59.56060781688499
10
-19.551477631524836
20
-59.56060781688499
10
-19.551477631524836
20
-60.26760782034951
0
LINE
5
6B5F
330
6A3F
100
AcDbEntity
100
AcDbLine
8
EKP_RECTIFIER_ELTEK_20U
10
-20.197477638319764
20
-60.29260782034951
30
0
11
-19.585477631882465
21
-60.29260782034951
31
0
0
LINE
5
6B60
330
6A3F
100
AcDbEntity
100
AcDbLine
8
EKP_RECTIFIER_ELTEK_20U
10
-20.197477638319764
20
-60.26760782034951
30
0
11
-20.197477638319764
21
-60.29260782034951
31
0
0
LINE
5
6B61
330
6A3F
100
AcDbEntity
100
AcDbLine
8
EKP_RECTIFIER_ELTEK_20U
10
-19.585477631882465
20
-60.26760782034951
30
0
11
-19.585477631882465
21
-60.29260782034951
31
0
0
LWPOLYLINE
5
6B62
330
6A3F
100
AcDbEntity
100
AcDbPolyline
8
EKP_RECTIFIER_ELTEK_20U
6
ByLayer
62
256
370
-1
90
4
70
1
10
-19.721477633312976
20
-60.30510782034951
10
-19.721477633312976
20
-60.26910782034951
10
-19.681477633312976
20
-60.26910782034951
10
-19.681477633312976
20
-60.30510782034951
0
LWPOLYLINE
5
6B63
330
6A3F
100
AcDbEntity
100
AcDbPolyline
8
EKP_RECTIFIER_ELTEK_20U
6
ByLayer
62
256
370
-1
90
4
70
1
10
-19.551477631524836
20
-60.12620781965661
10
-19.551477631524836
20
-59.70200781757789
10
-19.491477631524837
20
-59.70200781757789
10
-19.491477631524837
20
-60.12620781965661
0
LINE
5
6B64
330
6A3F
100
AcDbEntity
100
AcDbLine
8
EKP_RECTIFIER_ELTEK_20U
10
-19.539477631524836
20
-60.02015781913693
30
0
11
-19.503477631524838
21
-60.02015781913693
31
0
0
LINE
5
6B65
330
6A3F
100
AcDbEntity
100
AcDbLine
8
EKP_RECTIFIER_ELTEK_20U
10
-19.539477631524836
20
-59.91410781861725
30
0
11
-19.503477631524838
21
-59.91410781861725
31
0
0
LINE
5
6B66
330
6A3F
100
AcDbEntity
100
AcDbLine
8
EKP_RECTIFIER_ELTEK_20U
10
-19.539477631524836
20
-59.80805781809757
30
0
11
-19.503477631524838
21
-59.80805781809757
31
0
0
LWPOLYLINE
5
6B67
330
6A3F
100
AcDbEntity
100
AcDbPolyline
8
EKP_RECTIFIER_ELTEK_20U
6
ByLayer
62
256
370
-1
90
4
70
1
10
-20.216477638677393
20
-60.25260782034951
10
-20.216477638677393
20
-59.57560781688499
10
-19.566477631524837
20
-59.57560781688499
10
-19.566477631524837
20
-60.25260782034951
0
LINE
5
6B68
330
6A3F
100
AcDbEntity
100
AcDbLine
8
EKP_RECTIFIER_ELTEK_20U
10
-19.993477636174
20
-59.91410781861725
30
0
11
-19.78947763402823
21
-59.91410781861725
31
0
0
LINE
5
6B69
330
6A3F
100
AcDbEntity
100
AcDbLine
8
EKP_RECTIFIER_ELTEK_20U
10
-19.891477635101115
20
-60.020157819136934
30
0
11
-19.891477635101115
21
-59.80805781809757
31
0
0
TEXT
5
6B6A
330
6A3F
100
AcDbEntity
100
AcDbText
8
EKP_RECTIFIER_ELTEK_20U
10
-19.891477635101115
20
-59.91410781861725
30
0
40
0.065
1
20U Outdoor DC Guc Kaynagi (Eltek Flatpack2 24kW) (Alan 4 - Sol #1)
50
0
7
STANDARD
72
1
11
-19.891477635101115
21
-59.91410781861725
31
0
100
AcDbText
73
2
0
LWPOLYLINE
5
6B6B
330
6A3F
100
AcDbEntity
100
AcDbPolyline
8
EKP_RECTIFIER_ELTEK_20U
6
ByLayer
62
256
370
-1
90
4
70
1
10
-21.192499131205622
20
-60.28615610763331
10
-21.192499131205622
20
-59.57915610416879
10
-20.512499124053065
20
-59.57915610416879
10
-20.512499124053065
20
-60.28615610763331
0
LINE
5
6B6C
330
6A3F
100
AcDbEntity
100
AcDbLine
8
EKP_RECTIFIER_ELTEK_20U
10
-21.158499130847993
20
-60.31115610763331
30
0
11
-20.546499124410694
21
-60.31115610763331
31
0
0
LINE
5
6B6D
330
6A3F
100
AcDbEntity
100
AcDbLine
8
EKP_RECTIFIER_ELTEK_20U
10
-21.158499130847993
20
-60.28615610763331
30
0
11
-21.158499130847993
21
-60.31115610763331
31
0
0
LINE
5
6B6E
330
6A3F
100
AcDbEntity
100
AcDbLine
8
EKP_RECTIFIER_ELTEK_20U
10
-20.546499124410694
20
-60.28615610763331
30
0
11
-20.546499124410694
21
-60.31115610763331
31
0
0
LWPOLYLINE
5
6B6F
330
6A3F
100
AcDbEntity
100
AcDbPolyline
8
EKP_RECTIFIER_ELTEK_20U
6
ByLayer
62
256
370
-1
90
4
70
1
10
-20.682499125841204
20
-60.32365610763331
10
-20.682499125841204
20
-60.28765610763331
10
-20.642499125841205
20
-60.28765610763331
10
-20.642499125841205
20
-60.32365610763331
0
LWPOLYLINE
5
6B70
330
6A3F
100
AcDbEntity
100
AcDbPolyline
8
EKP_RECTIFIER_ELTEK_20U
6
ByLayer
62
256
370
-1
90
4
70
1
10
-20.512499124053065
20
-60.144756106940406
10
-20.512499124053065
20
-59.72055610486169
10
-20.452499124053066
20
-59.72055610486169
10
-20.452499124053066
20
-60.144756106940406
0
LINE
5
6B71
330
6A3F
100
AcDbEntity
100
AcDbLine
8
EKP_RECTIFIER_ELTEK_20U
10
-20.500499124053064
20
-60.038706106420726
30
0
11
-20.464499124053066
21
-60.038706106420726
31
0
0
LINE
5
6B72
330
6A3F
100
AcDbEntity
100
AcDbLine
8
EKP_RECTIFIER_ELTEK_20U
10
-20.500499124053064
20
-59.932656105901046
30
0
11
-20.464499124053066
21
-59.932656105901046
31
0
0
LINE
5
6B73
330
6A3F
100
AcDbEntity
100
AcDbLine
8
EKP_RECTIFIER_ELTEK_20U
10
-20.500499124053064
20
-59.82660610538137
30
0
11
-20.464499124053066
21
-59.82660610538137
31
0
0
LWPOLYLINE
5
6B74
330
6A3F
100
AcDbEntity
100
AcDbPolyline
8
EKP_RECTIFIER_ELTEK_20U
6
ByLayer
62
256
370
-1
90
4
70
1
10
-21.17749913120562
20
-60.27115610763331
10
-21.17749913120562
20
-59.59415610416879
10
-20.527499124053065
20
-59.59415610416879
10
-20.527499124053065
20
-60.27115610763331
0
LINE
5
6B75
330
6A3F
100
AcDbEntity
100
AcDbLine
8
EKP_RECTIFIER_ELTEK_20U
10
-20.954499128702228
20
-59.932656105901046
30
0
11
-20.75049912655646
21
-59.932656105901046
31
0
0
LINE
5
6B76
330
6A3F
100
AcDbEntity
100
AcDbLine
8
EKP_RECTIFIER_ELTEK_20U
10
-20.852499127629343
20
-60.038706106420726
30
0
11
-20.852499127629343
21
-59.826606105381366
31
0
0
TEXT
5
6B77
330
6A3F
100
AcDbEntity
100
AcDbText
8
EKP_RECTIFIER_ELTEK_20U
10
-20.852499127629343
20
-59.932656105901046
30
0
40
0.065
1
20U Outdoor DC Guc Kaynagi (Eltek Flatpack2 24kW) (Alan 4 - Sol #2)
50
0
7
STANDARD
72
1
11
-20.852499127629343
21
-59.932656105901046
31
0
100
AcDbText
73
2
0
LWPOLYLINE
5
6D1B
330
6A3F
100
AcDbEntity
100
AcDbPolyline
8
EKP_RECTIFIER_ELTEK_20U
6
ByLayer
62
256
370
-1
90
4
70
1
10
19.555991241325547
20
-60.28132413702225
10
19.555991241325547
20
-59.57432413355773
10
20.235991248478104
20
-59.57432413355773
10
20.235991248478104
20
-60.28132413702225
0
LINE
5
6D1C
330
6A3F
100
AcDbEntity
100
AcDbLine
8
EKP_RECTIFIER_ELTEK_20U
10
19.589991241683176
20
-60.30632413702225
30
0
11
20.201991248120475
21
-60.30632413702225
31
0
0
LINE
5
6D1D
330
6A3F
100
AcDbEntity
100
AcDbLine
8
EKP_RECTIFIER_ELTEK_20U
10
19.589991241683176
20
-60.28132413702225
30
0
11
19.589991241683176
21
-60.30632413702225
31
0
0
LINE
5
6D1E
330
6A3F
100
AcDbEntity
100
AcDbLine
8
EKP_RECTIFIER_ELTEK_20U
10
20.201991248120475
20
-60.28132413702225
30
0
11
20.201991248120475
21
-60.30632413702225
31
0
0
LWPOLYLINE
5
6D1F
330
6A3F
100
AcDbEntity
100
AcDbPolyline
8
EKP_RECTIFIER_ELTEK_20U
6
ByLayer
62
256
370
-1
90
4
70
1
10
20.065991246689965
20
-60.318824137022254
10
20.065991246689965
20
-60.28282413702225
10
20.105991246689964
20
-60.28282413702225
10
20.105991246689964
20
-60.318824137022254
0
LWPOLYLINE
5
6D20
330
6A3F
100
AcDbEntity
100
AcDbPolyline
8
EKP_RECTIFIER_ELTEK_20U
6
ByLayer
62
256
370
-1
90
4
70
1
10
20.235991248478104
20
-60.13992413632935
10
20.235991248478104
20
-59.715724134250635
10
20.295991248478103
20
-59.715724134250635
10
20.295991248478103
20
-60.13992413632935
0
LINE
5
6D21
330
6A3F
100
AcDbEntity
100
AcDbLine
8
EKP_RECTIFIER_ELTEK_20U
10
20.247991248478105
20
-60.03387413580967
30
0
11
20.283991248478102
21
-60.03387413580967
31
0
0
LINE
5
6D22
330
6A3F
100
AcDbEntity
100
AcDbLine
8
EKP_RECTIFIER_ELTEK_20U
10
20.247991248478105
20
-59.927824135289995
30
0
11
20.283991248478102
21
-59.927824135289995
31
0
0
LINE
5
6D23
330
6A3F
100
AcDbEntity
100
AcDbLine
8
EKP_RECTIFIER_ELTEK_20U
10
20.247991248478105
20
-59.821774134770315
30
0
11
20.283991248478102
21
-59.821774134770315
31
0
0
LWPOLYLINE
5
6D24
330
6A3F
100
AcDbEntity
100
AcDbPolyline
8
EKP_RECTIFIER_ELTEK_20U
6
ByLayer
62
256
370
-1
90
4
70
1
10
19.570991241325547
20
-60.26632413702225
10
19.570991241325547
20
-59.58932413355773
10
20.220991248478104
20
-59.58932413355773
10
20.220991248478104
20
-60.26632413702225
0
LINE
5
6D25
330
6A3F
100
AcDbEntity
100
AcDbLine
8
EKP_RECTIFIER_ELTEK_20U
10
19.79399124382894
20
-59.927824135289995
30
0
11
19.99799124597471
21
-59.927824135289995
31
0
0
LINE
5
6D26
330
6A3F
100
AcDbEntity
100
AcDbLine
8
EKP_RECTIFIER_ELTEK_20U
10
19.895991244901825
20
-60.033874135809675
30
0
11
19.895991244901825
21
-59.821774134770315
31
0
0
TEXT
5
6D27
330
6A3F
100
AcDbEntity
100
AcDbText
8
EKP_RECTIFIER_ELTEK_20U
10
19.895991244901825
20
-59.927824135289995
30
0
40
0.065
1
20U Outdoor DC Guc Kaynagi (Eltek Flatpack2 24kW) (Alan 4 - Sag #1)
50
0
7
STANDARD
72
1
11
19.895991244901825
21
-59.927824135289995
31
0
100
AcDbText
73
2
0
LWPOLYLINE
5
6D28
330
6A3F
100
AcDbEntity
100
AcDbPolyline
8
EKP_RECTIFIER_ELTEK_20U
6
ByLayer
62
256
370
-1
90
4
70
1
10
20.566794167745243
20
-60.289520724827526
10
20.566794167745243
20
-59.582520721363004
10
21.2467941748978
20
-59.582520721363004
10
21.2467941748978
20
-60.289520724827526
0
LINE
5
6D29
330
6A3F
100
AcDbEntity
100
AcDbLine
8
EKP_RECTIFIER_ELTEK_20U
10
20.600794168102873
20
-60.314520724827524
30
0
11
21.21279417454017
21
-60.314520724827524
31
0
0
LINE
5
6D2A
330
6A3F
100
AcDbEntity
100
AcDbLine
8
EKP_RECTIFIER_ELTEK_20U
10
20.600794168102873
20
-60.289520724827526
30
0
11
20.600794168102873
21
-60.314520724827524
31
0
0
LINE
5
6D2B
330
6A3F
100
AcDbEntity
100
AcDbLine
8
EKP_RECTIFIER_ELTEK_20U
10
21.21279417454017
20
-60.289520724827526
30
0
11
21.21279417454017
21
-60.314520724827524
31
0
0
LWPOLYLINE
5
6D2C
330
6A3F
100
AcDbEntity
100
AcDbPolyline
8
EKP_RECTIFIER_ELTEK_20U
6
ByLayer
62
256
370
-1
90
4
70
1
10
21.07679417310966
20
-60.32702072482753
10
21.07679417310966
20
-60.291020724827526
10
21.11679417310966
20
-60.291020724827526
10
21.11679417310966
20
-60.32702072482753
0
LWPOLYLINE
5
6D2D
330
6A3F
100
AcDbEntity
100
AcDbPolyline
8
EKP_RECTIFIER_ELTEK_20U
6
ByLayer
62
256
370
-1
90
4
70
1
10
21.2467941748978
20
-60.14812072413462
10
21.2467941748978
20
-59.72392072205591
10
21.3067941748978
20
-59.72392072205591
10
21.3067941748978
20
-60.14812072413462
0
LINE
5
6D2E
330
6A3F
100
AcDbEntity
100
AcDbLine
8
EKP_RECTIFIER_ELTEK_20U
10
21.2587941748978
20
-60.04207072361494
30
0
11
21.2947941748978
21
-60.04207072361494
31
0
0
LINE
5
6D2F
330
6A3F
100
AcDbEntity
100
AcDbLine
8
EKP_RECTIFIER_ELTEK_20U
10
21.2587941748978
20
-59.93602072309527
30
0
11
21.2947941748978
21
-59.93602072309527
31
0
0
LINE
5
6D30
330
6A3F
100
AcDbEntity
100
AcDbLine
8
EKP_RECTIFIER_ELTEK_20U
10
21.2587941748978
20
-59.82997072257559
30
0
11
21.2947941748978
21
-59.82997072257559
31
0
0
LWPOLYLINE
5
6D31
330
6A3F
100
AcDbEntity
100
AcDbPolyline
8
EKP_RECTIFIER_ELTEK_20U
6
ByLayer
62
256
370
-1
90
4
70
1
10
20.581794167745244
20
-60.274520724827525
10
20.581794167745244
20
-59.597520721363004
10
21.2317941748978
20
-59.597520721363004
10
21.2317941748978
20
-60.274520724827525
0
LINE
5
6D32
330
6A3F
100
AcDbEntity
100
AcDbLine
8
EKP_RECTIFIER_ELTEK_20U
10
20.804794170248638
20
-59.93602072309527
30
0
11
21.008794172394406
21
-59.93602072309527
31
0
0
LINE
5
6D33
330
6A3F
100
AcDbEntity
100
AcDbLine
8
EKP_RECTIFIER_ELTEK_20U
10
20.906794171321522
20
-60.04207072361495
30
0
11
20.906794171321522
21
-59.82997072257559
31
0
0
TEXT
5
6D34
330
6A3F
100
AcDbEntity
100
AcDbText
8
EKP_RECTIFIER_ELTEK_20U
10
20.906794171321522
20
-59.93602072309527
30
0
40
0.065
1
20U Outdoor DC Guc Kaynagi (Eltek Flatpack2 24kW) (Alan 4 - Sag #2)
50
0
7
STANDARD
72
1
11
20.906794171321522
21
-59.93602072309527
31
0
100
AcDbText
73
2
0
LWPOLYLINE
5
6D42
330
6A3F
100
AcDbEntity
100
AcDbPolyline
8
EKP_RECTIFIER_ELTEK_20U
6
ByLayer
62
256
370
-1
90
4
70
1
10
1.4599999964237214
20
-60.24000000357627
10
1.4599999964237214
20
-59.53300000011175
10
2.140000003576279
20
-59.53300000011175
10
2.140000003576279
20
-60.24000000357627
0
LINE
5
6D43
330
6A3F
100
AcDbEntity
100
AcDbLine
8
EKP_RECTIFIER_ELTEK_20U
10
1.4939999967813493
20
-60.26500000357627
30
0
11
2.106000003218651
21
-60.26500000357627
31
0
0
LINE
5
6D44
330
6A3F
100
AcDbEntity
100
AcDbLine
8
EKP_RECTIFIER_ELTEK_20U
10
1.4939999967813493
20
-60.24000000357627
30
0
11
1.4939999967813493
21
-60.26500000357627
31
0
0
LINE
5
6D45
330
6A3F
100
AcDbEntity
100
AcDbLine
8
EKP_RECTIFIER_ELTEK_20U
10
2.106000003218651
20
-60.24000000357627
30
0
11
2.106000003218651
21
-60.26500000357627
31
0
0
LWPOLYLINE
5
6D46
330
6A3F
100
AcDbEntity
100
AcDbPolyline
8
EKP_RECTIFIER_ELTEK_20U
6
ByLayer
62
256
370
-1
90
4
70
1
10
1.9700000017881396
20
-60.27750000357627
10
1.9700000017881396
20
-60.24150000357627
10
2.0100000017881396
20
-60.24150000357627
10
2.0100000017881396
20
-60.27750000357627
0
LWPOLYLINE
5
6D47
330
6A3F
100
AcDbEntity
100
AcDbPolyline
8
EKP_RECTIFIER_ELTEK_20U
6
ByLayer
62
256
370
-1
90
4
70
1
10
2.140000003576279
20
-60.098600002883366
10
2.140000003576279
20
-59.67440000080465
10
2.200000003576279
20
-59.67440000080465
10
2.200000003576279
20
-60.098600002883366
0
LINE
5
6D48
330
6A3F
100
AcDbEntity
100
AcDbLine
8
EKP_RECTIFIER_ELTEK_20U
10
2.152000003576279
20
-59.992550002363686
30
0
11
2.188000003576279
21
-59.992550002363686
31
0
0
LINE
5
6D49
330
6A3F
100
AcDbEntity
100
AcDbLine
8
EKP_RECTIFIER_ELTEK_20U
10
2.152000003576279
20
-59.88650000184401
30
0
11
2.188000003576279
21
-59.88650000184401
31
0
0
LINE
5
6D4A
330
6A3F
100
AcDbEntity
100
AcDbLine
8
EKP_RECTIFIER_ELTEK_20U
10
2.152000003576279
20
-59.78045000132433
30
0
11
2.188000003576279
21
-59.78045000132433
31
0
0
LWPOLYLINE
5
6D4B
330
6A3F
100
AcDbEntity
100
AcDbPolyline
8
EKP_RECTIFIER_ELTEK_20U
6
ByLayer
62
256
370
-1
90
4
70
1
10
1.4749999964237213
20
-60.22500000357627
10
1.4749999964237213
20
-59.54800000011175
10
2.125000003576279
20
-59.54800000011175
10
2.125000003576279
20
-60.22500000357627
0
LINE
5
6D4C
330
6A3F
100
AcDbEntity
100
AcDbLine
8
EKP_RECTIFIER_ELTEK_20U
10
1.6979999989271166
20
-59.88650000184401
30
0
11
1.902000001072884
21
-59.88650000184401
31
0
0
LINE
5
6D4D
330
6A3F
100
AcDbEntity
100
AcDbLine
8
EKP_RECTIFIER_ELTEK_20U
10
1.8000000000000003
20
-59.99255000236369
30
0
11
1.8000000000000003
21
-59.78045000132433
31
0
0
TEXT
5
6D4E
330
6A3F
100
AcDbEntity
100
AcDbText
8
EKP_RECTIFIER_ELTEK_20U
10
1.8000000000000003
20
-59.88650000184401
30
0
40
0.065
1
20U Outdoor DC Guc Kaynagi (Eltek Flatpack2 24kW) (Alan 4 - Orta #1)
50
0
7
STANDARD
72
1
11
1.8000000000000003
21
-59.88650000184401
31
0
100
AcDbText
73
2
0
LWPOLYLINE
5
6D4F
330
6A3F
100
AcDbEntity
100
AcDbPolyline
8
EKP_RECTIFIER_ELTEK_20U
6
ByLayer
62
256
370
-1
90
4
70
1
10
2.2599999964237214
20
-60.24000000357627
10
2.2599999964237214
20
-59.53300000011175
10
2.9400000035762788
20
-59.53300000011175
10
2.9400000035762788
20
-60.24000000357627
0
LINE
5
6D50
330
6A3F
100
AcDbEntity
100
AcDbLine
8
EKP_RECTIFIER_ELTEK_20U
10
2.2939999967813494
20
-60.26500000357627
30
0
11
2.906000003218651
21
-60.26500000357627
31
0
0
LINE
5
6D51
330
6A3F
100
AcDbEntity
100
AcDbLine
8
EKP_RECTIFIER_ELTEK_20U
10
2.2939999967813494
20
-60.24000000357627
30
0
11
2.2939999967813494
21
-60.26500000357627
31
0
0
LINE
5
6D52
330
6A3F
100
AcDbEntity
100
AcDbLine
8
EKP_RECTIFIER_ELTEK_20U
10
2.906000003218651
20
-60.24000000357627
30
0
11
2.906000003218651
21
-60.26500000357627
31
0
0
LWPOLYLINE
5
6D53
330
6A3F
100
AcDbEntity
100
AcDbPolyline
8
EKP_RECTIFIER_ELTEK_20U
6
ByLayer
62
256
370
-1
90
4
70
1
10
2.7700000017881394
20
-60.27750000357627
10
2.7700000017881394
20
-60.24150000357627
10
2.8100000017881395
20
-60.24150000357627
10
2.8100000017881395
20
-60.27750000357627
0
LWPOLYLINE
5
6D54
330
6A3F
100
AcDbEntity
100
AcDbPolyline
8
EKP_RECTIFIER_ELTEK_20U
6
ByLayer
62
256
370
-1
90
4
70
1
10
2.9400000035762788
20
-60.098600002883366
10
2.9400000035762788
20
-59.67440000080465
10
3.000000003576279
20
-59.67440000080465
10
3.000000003576279
20
-60.098600002883366
0
LINE
5
6D55
330
6A3F
100
AcDbEntity
100
AcDbLine
8
EKP_RECTIFIER_ELTEK_20U
10
2.952000003576279
20
-59.992550002363686
30
0
11
2.988000003576279
21
-59.992550002363686
31
0
0
LINE
5
6D56
330
6A3F
100
AcDbEntity
100
AcDbLine
8
EKP_RECTIFIER_ELTEK_20U
10
2.952000003576279
20
-59.88650000184401
30
0
11
2.988000003576279
21
-59.88650000184401
31
0
0
LINE
5
6D57
330
6A3F
100
AcDbEntity
100
AcDbLine
8
EKP_RECTIFIER_ELTEK_20U
10
2.952000003576279
20
-59.78045000132433
30
0
11
2.988000003576279
21
-59.78045000132433
31
0
0
LWPOLYLINE
5
6D58
330
6A3F
100
AcDbEntity
100
AcDbPolyline
8
EKP_RECTIFIER_ELTEK_20U
6
ByLayer
62
256
370
-1
90
4
70
1
10
2.2749999964237215
20
-60.22500000357627
10
2.2749999964237215
20
-59.54800000011175
10
2.9250000035762787
20
-59.54800000011175
10
2.9250000035762787
20
-60.22500000357627
0
LINE
5
6D59
330
6A3F
100
AcDbEntity
100
AcDbLine
8
EKP_RECTIFIER_ELTEK_20U
10
2.4979999989271167
20
-59.88650000184401
30
0
11
2.7020000010728835
21
-59.88650000184401
31
0
0
LINE
5
6D5A
330
6A3F
100
AcDbEntity
100
AcDbLine
8
EKP_RECTIFIER_ELTEK_20U
10
2.6
20
-59.99255000236369
30
0
11
2.6
21
-59.78045000132433
31
0
0
TEXT
5
6D5B
330
6A3F
100
AcDbEntity
100
AcDbText
8
EKP_RECTIFIER_ELTEK_20U
10
2.6
20
-59.88650000184401
30
0
40
0.065
1
20U Outdoor DC Guc Kaynagi (Eltek Flatpack2 24kW) (Alan 4 - Orta #2)
50
0
7
STANDARD
72
1
11
2.6
21
-59.88650000184401
31
0
100
AcDbText
73
2
0
LWPOLYLINE
5
6B51
330
6A3F
100
AcDbEntity
100
AcDbPolyline
8
EKP_RECTIFIER_MTS9304A
6
ByLayer
62
256
370
-1
90
4
70
1
10
-19.24936769762576
20
-60.26877808069026
10
-19.24936769762576
20
-59.54877808221763
10
-18.559367700009947
20
-59.54877808221763
10
-18.559367700009947
20
-60.26877808069026
0
LINE
5
6B52
330
6A3F
100
AcDbEntity
100
AcDbLine
8
EKP_RECTIFIER_MTS9304A
10
-19.21486769774497
20
-60.29377808069026
30
0
11
-18.593867699890737
21
-60.29377808069026
31
0
0
LINE
5
6B53
330
6A3F
100
AcDbEntity
100
AcDbLine
8
EKP_RECTIFIER_MTS9304A
10
-19.21486769774497
20
-60.26877808069026
30
0
11
-19.21486769774497
21
-60.29377808069026
31
0
0
LINE
5
6B54
330
6A3F
100
AcDbEntity
100
AcDbLine
8
EKP_RECTIFIER_MTS9304A
10
-18.593867699890737
20
-60.26877808069026
30
0
11
-18.593867699890737
21
-60.29377808069026
31
0
0
LWPOLYLINE
5
6B55
330
6A3F
100
AcDbEntity
100
AcDbPolyline
8
EKP_RECTIFIER_MTS9304A
6
ByLayer
62
256
370
-1
90
4
70
1
10
-18.7318676994139
20
-60.30627808069026
10
-18.7318676994139
20
-60.27027808069026
10
-18.6918676994139
20
-60.27027808069026
10
-18.6918676994139
20
-60.30627808069026
0
LWPOLYLINE
5
6B56
330
6A3F
100
AcDbEntity
100
AcDbPolyline
8
EKP_RECTIFIER_MTS9304A
6
ByLayer
62
256
370
-1
90
4
70
1
10
-18.559367700009947
20
-60.12477808099573
10
-18.559367700009947
20
-59.69277808191215
10
-18.499367700009948
20
-59.69277808191215
10
-18.499367700009948
20
-60.12477808099573
0
LINE
5
6B57
330
6A3F
100
AcDbEntity
100
AcDbLine
8
EKP_RECTIFIER_MTS9304A
10
-18.547367700009946
20
-60.016778081224835
30
0
11
-18.51136770000995
21
-60.016778081224835
31
0
0
LINE
5
6B58
330
6A3F
100
AcDbEntity
100
AcDbLine
8
EKP_RECTIFIER_MTS9304A
10
-18.547367700009946
20
-59.908778081453946
30
0
11
-18.51136770000995
21
-59.908778081453946
31
0
0
LINE
5
6B59
330
6A3F
100
AcDbEntity
100
AcDbLine
8
EKP_RECTIFIER_MTS9304A
10
-18.547367700009946
20
-59.80077808168305
30
0
11
-18.51136770000995
21
-59.80077808168305
31
0
0
LWPOLYLINE
5
6B5A
330
6A3F
100
AcDbEntity
100
AcDbPolyline
8
EKP_RECTIFIER_MTS9304A
6
ByLayer
62
256
370
-1
90
4
70
1
10
-19.23436769762576
20
-60.25377808069026
10
-19.23436769762576
20
-59.56377808221763
10
-18.574367700009947
20
-59.56377808221763
10
-18.574367700009947
20
-60.25377808069026
0
LINE
5
6B5B
330
6A3F
100
AcDbEntity
100
AcDbLine
8
EKP_RECTIFIER_MTS9304A
10
-19.007867698460228
20
-59.908778081453946
30
0
11
-18.80086769917548
21
-59.908778081453946
31
0
0
LINE
5
6B5C
330
6A3F
100
AcDbEntity
100
AcDbLine
8
EKP_RECTIFIER_MTS9304A
10
-18.904367698817854
20
-60.01677808122484
30
0
11
-18.904367698817854
21
-59.80077808168305
31
0
0
TEXT
5
6B5D
330
6A3F
100
AcDbEntity
100
AcDbText
8
EKP_RECTIFIER_MTS9304A
10
-18.904367698817854
20
-59.908778081453946
30
0
40
0.065
1
MTS9304A-HX10AX 12U Outdoor Rectifier Kabini (Alan 4 - Sol)
50
0
7
STANDARD
72
1
11
-18.904367698817854
21
-59.908778081453946
31
0
100
AcDbText
73
2
0
LWPOLYLINE
5
6D0E
330
6A3F
100
AcDbEntity
100
AcDbPolyline
8
EKP_RECTIFIER_MTS9304A
6
ByLayer
62
256
370
-1
90
4
70
1
10
18.59445213667559
20
-60.33347605214297
10
18.59445213667559
20
-59.61347605367034
10
19.284452134291403
20
-59.61347605367034
10
19.284452134291403
20
-60.33347605214297
0
LINE
5
6D0F
330
6A3F
100
AcDbEntity
100
AcDbLine
8
EKP_RECTIFIER_MTS9304A
10
18.62895213655638
20
-60.35847605214297
30
0
11
19.249952134410613
21
-60.35847605214297
31
0
0
LINE
5
6D10
330
6A3F
100
AcDbEntity
100
AcDbLine
8
EKP_RECTIFIER_MTS9304A
10
18.62895213655638
20
-60.33347605214297
30
0
11
18.62895213655638
21
-60.35847605214297
31
0
0
LINE
5
6D11
330
6A3F
100
AcDbEntity
100
AcDbLine
8
EKP_RECTIFIER_MTS9304A
10
19.249952134410613
20
-60.33347605214297
30
0
11
19.249952134410613
21
-60.35847605214297
31
0
0
LWPOLYLINE
5
6D12
330
6A3F
100
AcDbEntity
100
AcDbPolyline
8
EKP_RECTIFIER_MTS9304A
6
ByLayer
62
256
370
-1
90
4
70
1
10
19.11195213488745
20
-60.37097605214297
10
19.11195213488745
20
-60.33497605214297
10
19.15195213488745
20
-60.33497605214297
10
19.15195213488745
20
-60.37097605214297
0
LWPOLYLINE
5
6D13
330
6A3F
100
AcDbEntity
100
AcDbPolyline
8
EKP_RECTIFIER_MTS9304A
6
ByLayer
62
256
370
-1
90
4
70
1
10
19.284452134291403
20
-60.18947605244844
10
19.284452134291403
20
-59.75747605336486
10
19.3444521342914
20
-59.75747605336486
10
19.3444521342914
20
-60.18947605244844
0
LINE
5
6D14
330
6A3F
100
AcDbEntity
100
AcDbLine
8
EKP_RECTIFIER_MTS9304A
10
19.296452134291403
20
-60.081476052677544
30
0
11
19.3324521342914
21
-60.081476052677544
31
0
0
LINE
5
6D15
330
6A3F
100
AcDbEntity
100
AcDbLine
8
EKP_RECTIFIER_MTS9304A
10
19.296452134291403
20
-59.973476052906655
30
0
11
19.3324521342914
21
-59.973476052906655
31
0
0
LINE
5
6D16
330
6A3F
100
AcDbEntity
100
AcDbLine
8
EKP_RECTIFIER_MTS9304A
10
19.296452134291403
20
-59.86547605313576
30
0
11
19.3324521342914
21
-59.86547605313576
31
0
0
LWPOLYLINE
5
6D17
330
6A3F
100
AcDbEntity
100
AcDbPolyline
8
EKP_RECTIFIER_MTS9304A
6
ByLayer
62
256
370
-1
90
4
70
1
10
18.60945213667559
20
-60.31847605214297
10
18.60945213667559
20
-59.62847605367034
10
19.269452134291402
20
-59.62847605367034
10
19.269452134291402
20
-60.31847605214297
0
LINE
5
6D18
330
6A3F
100
AcDbEntity
100
AcDbLine
8
EKP_RECTIFIER_MTS9304A
10
18.835952135841122
20
-59.973476052906655
30
0
11
19.04295213512587
21
-59.973476052906655
31
0
0
LINE
5
6D19
330
6A3F
100
AcDbEntity
100
AcDbLine
8
EKP_RECTIFIER_MTS9304A
10
18.939452135483496
20
-60.08147605267755
30
0
11
18.939452135483496
21
-59.86547605313576
31
0
0
TEXT
5
6D1A
330
6A3F
100
AcDbEntity
100
AcDbText
8
EKP_RECTIFIER_MTS9304A
10
18.939452135483496
20
-59.973476052906655
30
0
40
0.065
1
MTS9304A-HX10AX 12U Outdoor Rectifier Kabini (Alan 4 - Sag)
50
0
7
STANDARD
72
1
11
18.939452135483496
21
-59.973476052906655
31
0
100
AcDbText
73
2
0
LWPOLYLINE
5
6D35
330
6A3F
100
AcDbEntity
100
AcDbPolyline
8
EKP_RECTIFIER_MTS9304A
6
ByLayer
62
256
370
-1
90
4
70
1
10
0.6550000011920929
20
-60.244999998807906
10
0.6550000011920929
20
-59.525000000335275
10
1.344999998807907
20
-59.525000000335275
10
1.344999998807907
20
-60.244999998807906
0
LINE
5
6D36
330
6A3F
100
AcDbEntity
100
AcDbLine
8
EKP_RECTIFIER_MTS9304A
10
0.6895000010728836
20
-60.269999998807904
30
0
11
1.3104999989271164
21
-60.269999998807904
31
0
0
LINE
5
6D37
330
6A3F
100
AcDbEntity
100
AcDbLine
8
EKP_RECTIFIER_MTS9304A
10
0.6895000010728836
20
-60.244999998807906
30
0
11
0.6895000010728836
21
-60.269999998807904
31
0
0
LINE
5
6D38
330
6A3F
100
AcDbEntity
100
AcDbLine
8
EKP_RECTIFIER_MTS9304A
10
1.3104999989271164
20
-60.244999998807906
30
0
11
1.3104999989271164
21
-60.269999998807904
31
0
0
LWPOLYLINE
5
6D39
330
6A3F
100
AcDbEntity
100
AcDbPolyline
8
EKP_RECTIFIER_MTS9304A
6
ByLayer
62
256
370
-1
90
4
70
1
10
1.1724999994039536
20
-60.28249999880791
10
1.1724999994039536
20
-60.246499998807906
10
1.2124999994039536
20
-60.246499998807906
10
1.2124999994039536
20
-60.28249999880791
0
LWPOLYLINE
5
6D3A
330
6A3F
100
AcDbEntity
100
AcDbPolyline
8
EKP_RECTIFIER_MTS9304A
6
ByLayer
62
256
370
-1
90
4
70
1
10
1.344999998807907
20
-60.10099999911338
10
1.344999998807907
20
-59.6690000000298
10
1.4049999988079072
20
-59.6690000000298
10
1.4049999988079072
20
-60.10099999911338
0
LINE
5
6D3B
330
6A3F
100
AcDbEntity
100
AcDbLine
8
EKP_RECTIFIER_MTS9304A
10
1.3569999988079071
20
-59.99299999934248
30
0
11
1.3929999988079071
21
-59.99299999934248
31
0
0
LINE
5
6D3C
330
6A3F
100
AcDbEntity
100
AcDbLine
8
EKP_RECTIFIER_MTS9304A
10
1.3569999988079071
20
-59.88499999957159
30
0
11
1.3929999988079071
21
-59.88499999957159
31
0
0
LINE
5
6D3D
330
6A3F
100
AcDbEntity
100
AcDbLine
8
EKP_RECTIFIER_MTS9304A
10
1.3569999988079071
20
-59.776999999800694
30
0
11
1.3929999988079071
21
-59.776999999800694
31
0
0
LWPOLYLINE
5
6D3E
330
6A3F
100
AcDbEntity
100
AcDbPolyline
8
EKP_RECTIFIER_MTS9304A
6
ByLayer
62
256
370
-1
90
4
70
1
10
0.6700000011920929
20
-60.229999998807905
10
0.6700000011920929
20
-59.540000000335276
10
1.3299999988079072
20
-59.540000000335276
10
1.3299999988079072
20
-60.229999998807905
0
LINE
5
6D3F
330
6A3F
100
AcDbEntity
100
AcDbLine
8
EKP_RECTIFIER_MTS9304A
10
0.8965000003576279
20
-59.88499999957159
30
0
11
1.1034999996423722
21
-59.88499999957159
31
0
0
LINE
5
6D40
330
6A3F
100
AcDbEntity
100
AcDbLine
8
EKP_RECTIFIER_MTS9304A
10
1
20
-59.99299999934249
30
0
11
1
21
-59.776999999800694
31
0
0
TEXT
5
6D41
330
6A3F
100
AcDbEntity
100
AcDbText
8
EKP_RECTIFIER_MTS9304A
10
1
20
-59.88499999957159
30
0
40
0.065
1
MTS9304A-HX10AX 12U Outdoor Rectifier Kabini (Alan 4 - Orta)
50
0
7
STANDARD
72
1
11
1
21
-59.88499999957159
31
0
100
AcDbText
73
2
0
LWPOLYLINE
5
6BCC
330
6A3F
100
AcDbEntity
100
AcDbPolyline
8
BLOK_OZEL_PLATFORM
6
ByLayer
62
256
370
-1
90
4
70
1
10
-13.859999999776482
20
-60.25550002384186
10
-13.859999999776482
20
-59.055499976158146
10
-12.840000000223517
20
-59.055499976158146
10
-12.840000000223517
20
-60.25550002384186
0
LINE
5
6BCD
330
6A3F
100
AcDbEntity
100
AcDbLine
8
BLOK_OZEL_PLATFORM
10
-13.604999999888241
20
-60.25550002384186
30
0
11
-13.604999999888241
21
-59.055499976158146
31
0
0
LINE
5
6BCE
330
6A3F
100
AcDbEntity
100
AcDbLine
8
BLOK_OZEL_PLATFORM
10
-13.35
20
-60.25550002384186
30
0
11
-13.35
21
-59.055499976158146
31
0
0
LINE
5
6BCF
330
6A3F
100
AcDbEntity
100
AcDbLine
8
BLOK_OZEL_PLATFORM
10
-13.095000000111758
20
-60.25550002384186
30
0
11
-13.095000000111758
21
-59.055499976158146
31
0
0
LINE
5
6BD0
330
6A3F
100
AcDbEntity
100
AcDbLine
8
BLOK_OZEL_PLATFORM
10
-13.859999999776482
20
-59.85550000794729
30
0
11
-12.840000000223517
21
-59.85550000794729
31
0
0
LINE
5
6BD1
330
6A3F
100
AcDbEntity
100
AcDbLine
8
BLOK_OZEL_PLATFORM
10
-13.859999999776482
20
-59.455499992052715
30
0
11
-12.840000000223517
21
-59.455499992052715
31
0
0
TEXT
5
6BD2
330
6A3F
100
AcDbEntity
100
AcDbText
8
BLOK_OZEL_PLATFORM
10
-13.35
20
-59.6555
30
0
40
0.075
1
Tabla-2 (Duz 120cm)
50
0
7
STANDARD
72
1
11
-13.35
21
-59.6555
31
0
100
AcDbText
73
2
0
LWPOLYLINE
5
6BD3
330
6A3F
100
AcDbEntity
100
AcDbPolyline
8
BLOK_OZEL_PLATFORM
6
ByLayer
62
256
370
-1
90
4
70
1
10
-13.359999999776482
20
-60.25550002384186
10
-13.359999999776482
20
-59.055499976158146
10
-12.340000000223517
20
-59.055499976158146
10
-12.340000000223517
20
-60.25550002384186
0
LINE
5
6BD4
330
6A3F
100
AcDbEntity
100
AcDbLine
8
BLOK_OZEL_PLATFORM
10
-13.104999999888241
20
-60.25550002384186
30
0
11
-13.104999999888241
21
-59.055499976158146
31
0
0
LINE
5
6BD5
330
6A3F
100
AcDbEntity
100
AcDbLine
8
BLOK_OZEL_PLATFORM
10
-12.85
20
-60.25550002384186
30
0
11
-12.85
21
-59.055499976158146
31
0
0
LINE
5
6BD6
330
6A3F
100
AcDbEntity
100
AcDbLine
8
BLOK_OZEL_PLATFORM
10
-12.595000000111758
20
-60.25550002384186
30
0
11
-12.595000000111758
21
-59.055499976158146
31
0
0
LINE
5
6BD7
330
6A3F
100
AcDbEntity
100
AcDbLine
8
BLOK_OZEL_PLATFORM
10
-13.359999999776482
20
-59.85550000794729
30
0
11
-12.340000000223517
21
-59.85550000794729
31
0
0
LINE
5
6BD8
330
6A3F
100
AcDbEntity
100
AcDbLine
8
BLOK_OZEL_PLATFORM
10
-13.359999999776482
20
-59.455499992052715
30
0
11
-12.340000000223517
21
-59.455499992052715
31
0
0
TEXT
5
6BD9
330
6A3F
100
AcDbEntity
100
AcDbText
8
BLOK_OZEL_PLATFORM
10
-12.85
20
-59.6555
30
0
40
0.075
1
Tabla-2 (Duz 120cm)
50
0
7
STANDARD
72
1
11
-12.85
21
-59.6555
31
0
100
AcDbText
73
2
0
LWPOLYLINE
5
6C43
330
6A3F
100
AcDbEntity
100
AcDbPolyline
8
BLOK_OZEL_PLATFORM
6
ByLayer
62
256
370
-1
90
4
70
1
10
12.340000000223517
20
-60.25550002384186
10
12.340000000223517
20
-59.055499976158146
10
13.359999999776482
20
-59.055499976158146
10
13.359999999776482
20
-60.25550002384186
0
LINE
5
6C44
330
6A3F
100
AcDbEntity
100
AcDbLine
8
BLOK_OZEL_PLATFORM
10
12.595000000111758
20
-60.25550002384186
30
0
11
12.595000000111758
21
-59.055499976158146
31
0
0
LINE
5
6C45
330
6A3F
100
AcDbEntity
100
AcDbLine
8
BLOK_OZEL_PLATFORM
10
12.85
20
-60.25550002384186
30
0
11
12.85
21
-59.055499976158146
31
0
0
LINE
5
6C46
330
6A3F
100
AcDbEntity
100
AcDbLine
8
BLOK_OZEL_PLATFORM
10
13.104999999888241
20
-60.25550002384186
30
0
11
13.104999999888241
21
-59.055499976158146
31
0
0
LINE
5
6C47
330
6A3F
100
AcDbEntity
100
AcDbLine
8
BLOK_OZEL_PLATFORM
10
12.340000000223517
20
-59.85550000794729
30
0
11
13.359999999776482
21
-59.85550000794729
31
0
0
LINE
5
6C48
330
6A3F
100
AcDbEntity
100
AcDbLine
8
BLOK_OZEL_PLATFORM
10
12.340000000223517
20
-59.455499992052715
30
0
11
13.359999999776482
21
-59.455499992052715
31
0
0
TEXT
5
6C49
330
6A3F
100
AcDbEntity
100
AcDbText
8
BLOK_OZEL_PLATFORM
10
12.85
20
-59.6555
30
0
40
0.075
1
Tabla-2 (Duz 120cm)
50
0
7
STANDARD
72
1
11
12.85
21
-59.6555
31
0
100
AcDbText
73
2
0
LWPOLYLINE
5
6C4A
330
6A3F
100
AcDbEntity
100
AcDbPolyline
8
BLOK_OZEL_PLATFORM
6
ByLayer
62
256
370
-1
90
4
70
1
10
12.840000000223517
20
-60.25550002384186
10
12.840000000223517
20
-59.055499976158146
10
13.859999999776482
20
-59.055499976158146
10
13.859999999776482
20
-60.25550002384186
0
LINE
5
6C4B
330
6A3F
100
AcDbEntity
100
AcDbLine
8
BLOK_OZEL_PLATFORM
10
13.095000000111758
20
-60.25550002384186
30
0
11
13.095000000111758
21
-59.055499976158146
31
0
0
LINE
5
6C4C
330
6A3F
100
AcDbEntity
100
AcDbLine
8
BLOK_OZEL_PLATFORM
10
13.35
20
-60.25550002384186
30
0
11
13.35
21
-59.055499976158146
31
0
0
LINE
5
6C4D
330
6A3F
100
AcDbEntity
100
AcDbLine
8
BLOK_OZEL_PLATFORM
10
13.604999999888241
20
-60.25550002384186
30
0
11
13.604999999888241
21
-59.055499976158146
31
0
0
LINE
5
6C4E
330
6A3F
100
AcDbEntity
100
AcDbLine
8
BLOK_OZEL_PLATFORM
10
12.840000000223517
20
-59.85550000794729
30
0
11
13.859999999776482
21
-59.85550000794729
31
0
0
LINE
5
6C4F
330
6A3F
100
AcDbEntity
100
AcDbLine
8
BLOK_OZEL_PLATFORM
10
12.840000000223517
20
-59.455499992052715
30
0
11
13.859999999776482
21
-59.455499992052715
31
0
0
TEXT
5
6C50
330
6A3F
100
AcDbEntity
100
AcDbText
8
BLOK_OZEL_PLATFORM
10
13.35
20
-59.6555
30
0
40
0.075
1
Tabla-2 (Duz 120cm)
50
0
7
STANDARD
72
1
11
13.35
21
-59.6555
31
0
100
AcDbText
73
2
0
CIRCLE
5
6AC6
330
6A3F
100
AcDbEntity
100
AcDbCircle
8
EKP_MATSING_ANTEN
10
-20
20
-0.9139902189050981
30
0
40
0.8491378093155854
0
LINE
5
6AC7
330
6A3F
100
AcDbEntity
100
AcDbLine
8
EKP_MATSING_ANTEN
10
-20.976508480712923
20
-0.9139902189050981
30
0
11
-19.023491519287077
21
-0.9139902189050981
31
0
0
LINE
5
6AC8
330
6A3F
100
AcDbEntity
100
AcDbLine
8
EKP_MATSING_ANTEN
10
-20
20
-1.8904986996180213
30
0
11
-20
21
0.06251826180782494
31
0
0
LWPOLYLINE
5
6AC9
330
6A3F
100
AcDbEntity
100
AcDbPolyline
8
EKP_MATSING_ANTEN
6
ByLayer
62
256
370
-1
90
4
70
1
10
-20.212284452328895
20
-1.9754124805495799
10
-20.212284452328895
20
-1.7631280282206836
10
-19.787715547671105
20
-1.7631280282206836
10
-19.787715547671105
20
-1.9754124805495799
0
CIRCLE
5
6ACA
330
6A3F
100
AcDbEntity
100
AcDbCircle
8
EKP_MATSING_ANTEN
10
-20
20
-2.0154124805495797
30
0
40
0.04
0
TEXT
5
6ACB
330
6A3F
100
AcDbEntity
100
AcDbText
8
EKP_MATSING_ANTEN
10
-20
20
-0.9139902189050981
30
0
40
0.07
1
Matsing 4-Beam Lens Anten (Sol - Skorboard Tersi 45° Egim)
50
0
7
STANDARD
72
1
11
-20
21
-0.9139902189050981
31
0
100
AcDbText
73
2
0
CIRCLE
5
6ACD
330
6A3F
100
AcDbEntity
100
AcDbCircle
8
EKP_MATSING_ANTEN
10
20
20
-0.9139902189050981
30
0
40
0.8491378093155854
0
LINE
5
6ACE
330
6A3F
100
AcDbEntity
100
AcDbLine
8
EKP_MATSING_ANTEN
10
19.023491519287077
20
-0.9139902189050981
30
0
11
20.976508480712923
21
-0.9139902189050981
31
0
0
LINE
5
6ACF
330
6A3F
100
AcDbEntity
100
AcDbLine
8
EKP_MATSING_ANTEN
10
20
20
-1.8904986996180213
30
0
11
20
21
0.06251826180782494
31
0
0
LWPOLYLINE
5
6AD0
330
6A3F
100
AcDbEntity
100
AcDbPolyline
8
EKP_MATSING_ANTEN
6
ByLayer
62
256
370
-1
90
4
70
1
10
19.787715547671105
20
-1.9754124805495799
10
19.787715547671105
20
-1.7631280282206836
10
20.212284452328895
20
-1.7631280282206836
10
20.212284452328895
20
-1.9754124805495799
0
CIRCLE
5
6AD1
330
6A3F
100
AcDbEntity
100
AcDbCircle
8
EKP_MATSING_ANTEN
10
20
20
-2.0154124805495797
30
0
40
0.04
0
TEXT
5
6AD2
330
6A3F
100
AcDbEntity
100
AcDbText
8
EKP_MATSING_ANTEN
10
20
20
-0.9139902189050981
30
0
40
0.07
1
Matsing 4-Beam Lens Anten (Sag - Skorboard Tersi 45° Egim)
50
0
7
STANDARD
72
1
11
20
21
-0.9139902189050981
31
0
100
AcDbText
73
2
0
CIRCLE
5
6D5D
330
6A3F
100
AcDbEntity
100
AcDbCircle
8
EKP_MATSING_ANTEN
10
-16.5
20
-22.999762539597274
30
0
40
0.9138283013761423
0
LINE
5
6D5E
330
6A3F
100
AcDbEntity
100
AcDbLine
8
EKP_MATSING_ANTEN
10
-17.550902546582563
20
-22.999762539597274
30
0
11
-15.449097453417437
21
-22.999762539597274
31
0
0
LINE
5
6D5F
330
6A3F
100
AcDbEntity
100
AcDbLine
8
EKP_MATSING_ANTEN
10
-16.5
20
-24.050665086179837
30
0
11
-16.5
21
-21.94885999301471
31
0
0
LWPOLYLINE
5
6D60
330
6A3F
100
AcDbEntity
100
AcDbPolyline
8
EKP_MATSING_ANTEN
6
ByLayer
62
256
370
-1
90
4
70
1
10
-16.728457075344036
20
-24.142047916317452
10
-16.728457075344036
20
-23.913590840973416
10
-16.271542924655964
20
-23.913590840973416
10
-16.271542924655964
20
-24.142047916317452
0
CIRCLE
5
6D61
330
6A3F
100
AcDbEntity
100
AcDbCircle
8
EKP_MATSING_ANTEN
10
-16.5
20
-24.18204791631745
30
0
40
0.04
0
TEXT
5
6D62
330
6A3F
100
AcDbEntity
100
AcDbText
8
EKP_MATSING_ANTEN
10
-16.5
20
-22.999762539597274
30
0
40
0.07
1
Matsing 4-Beam Lens Anten (MS-MBA-4.4.2)
50
0
7
STANDARD
72
1
11
-16.5
21
-22.999762539597274
31
0
100
AcDbText
73
2
0
CIRCLE
5
6D64
330
6A3F
100
AcDbEntity
100
AcDbCircle
8
EKP_MATSING_ANTEN
10
-16.5
20
-20.009762539597272
30
0
40
0.9138283013761423
0
LINE
5
6D65
330
6A3F
100
AcDbEntity
100
AcDbLine
8
EKP_MATSING_ANTEN
10
-17.550902546582563
20
-20.009762539597272
30
0
11
-15.449097453417437
21
-20.009762539597272
31
0
0
LINE
5
6D66
330
6A3F
100
AcDbEntity
100
AcDbLine
8
EKP_MATSING_ANTEN
10
-16.5
20
-21.060665086179835
30
0
11
-16.5
21
-18.95885999301471
31
0
0
LWPOLYLINE
5
6D67
330
6A3F
100
AcDbEntity
100
AcDbPolyline
8
EKP_MATSING_ANTEN
6
ByLayer
62
256
370
-1
90
4
70
1
10
-16.728457075344036
20
-21.15204791631745
10
-16.728457075344036
20
-20.923590840973414
10
-16.271542924655964
20
-20.923590840973414
10
-16.271542924655964
20
-21.15204791631745
0
CIRCLE
5
6D68
330
6A3F
100
AcDbEntity
100
AcDbCircle
8
EKP_MATSING_ANTEN
10
-16.5
20
-21.19204791631745
30
0
40
0.04
0
TEXT
5
6D69
330
6A3F
100
AcDbEntity
100
AcDbText
8
EKP_MATSING_ANTEN
10
-16.5
20
-20.009762539597272
30
0
40
0.07
1
Matsing 4-Beam Lens Anten (MS-MBA-4.4.2)
50
0
7
STANDARD
72
1
11
-16.5
21
-20.009762539597272
31
0
100
AcDbText
73
2
0
CIRCLE
5
6D6B
330
6A3F
100
AcDbEntity
100
AcDbCircle
8
EKP_MATSING_ANTEN
10
16.5
20
-22.999762539597274
30
0
40
0.9138283013761423
0
LINE
5
6D6C
330
6A3F
100
AcDbEntity
100
AcDbLine
8
EKP_MATSING_ANTEN
10
15.449097453417437
20
-22.999762539597274
30
0
11
17.550902546582563
21
-22.999762539597274
31
0
0
LINE
5
6D6D
330
6A3F
100
AcDbEntity
100
AcDbLine
8
EKP_MATSING_ANTEN
10
16.5
20
-24.050665086179837
30
0
11
16.5
21
-21.94885999301471
31
0
0
LWPOLYLINE
5
6D6E
330
6A3F
100
AcDbEntity
100
AcDbPolyline
8
EKP_MATSING_ANTEN
6
ByLayer
62
256
370
-1
90
4
70
1
10
16.271542924655964
20
-24.142047916317452
10
16.271542924655964
20
-23.913590840973416
10
16.728457075344036
20
-23.913590840973416
10
16.728457075344036
20
-24.142047916317452
0
CIRCLE
5
6D6F
330
6A3F
100
AcDbEntity
100
AcDbCircle
8
EKP_MATSING_ANTEN
10
16.5
20
-24.18204791631745
30
0
40
0.04
0
TEXT
5
6D70
330
6A3F
100
AcDbEntity
100
AcDbText
8
EKP_MATSING_ANTEN
10
16.5
20
-22.999762539597274
30
0
40
0.07
1
Matsing 4-Beam Lens Anten (MS-MBA-4.4.2)
50
0
7
STANDARD
72
1
11
16.5
21
-22.999762539597274
31
0
100
AcDbText
73
2
0
CIRCLE
5
6D72
330
6A3F
100
AcDbEntity
100
AcDbCircle
8
EKP_MATSING_ANTEN
10
16.5
20
-20.009762539597272
30
0
40
0.9138283013761423
0
LINE
5
6D73
330
6A3F
100
AcDbEntity
100
AcDbLine
8
EKP_MATSING_ANTEN
10
15.449097453417437
20
-20.009762539597272
30
0
11
17.550902546582563
21
-20.009762539597272
31
0
0
LINE
5
6D74
330
6A3F
100
AcDbEntity
100
AcDbLine
8
EKP_MATSING_ANTEN
10
16.5
20
-21.060665086179835
30
0
11
16.5
21
-18.95885999301471
31
0
0
LWPOLYLINE
5
6D75
330
6A3F
100
AcDbEntity
100
AcDbPolyline
8
EKP_MATSING_ANTEN
6
ByLayer
62
256
370
-1
90
4
70
1
10
16.271542924655964
20
-21.15204791631745
10
16.271542924655964
20
-20.923590840973414
10
16.728457075344036
20
-20.923590840973414
10
16.728457075344036
20
-21.15204791631745
0
CIRCLE
5
6D76
330
6A3F
100
AcDbEntity
100
AcDbCircle
8
EKP_MATSING_ANTEN
10
16.5
20
-21.19204791631745
30
0
40
0.04
0
TEXT
5
6D77
330
6A3F
100
AcDbEntity
100
AcDbText
8
EKP_MATSING_ANTEN
10
16.5
20
-20.009762539597272
30
0
40
0.07
1
Matsing 4-Beam Lens Anten (MS-MBA-4.4.2)
50
0
7
STANDARD
72
1
11
16.5
21
-20.009762539597272
31
0
100
AcDbText
73
2
0
LWPOLYLINE
5
6AC5
330
6A3F
100
AcDbEntity
100
AcDbPolyline
8
EKP_ANTEN_TASIYICI_KOL
6
ByLayer
62
256
370
-1
90
4
70
1
10
-20.323619157075882
20
-1.7631280282206836
10
-20.323619157075882
20
0.29500000178813934
10
-19.676380842924118
20
0.29500000178813934
10
-19.676380842924118
20
-1.7631280282206836
0
LWPOLYLINE
5
6ACC
330
6A3F
100
AcDbEntity
100
AcDbPolyline
8
EKP_ANTEN_TASIYICI_KOL
6
ByLayer
62
256
370
-1
90
4
70
1
10
19.676380842924118
20
-1.7631280282206836
10
19.676380842924118
20
0.29500000178813934
10
20.323619157075882
20
0.29500000178813934
10
20.323619157075882
20
-1.7631280282206836
0
LWPOLYLINE
5
6D5C
330
6A3F
100
AcDbEntity
100
AcDbPolyline
8
EKP_ANTEN_TASIYICI_KOL
6
ByLayer
62
256
370
-1
90
4
70
1
10
-16.823619157075882
20
-23.913590840973413
10
-16.823619157075882
20
-22.05475069368481
10
-16.176380842924118
20
-22.05475069368481
10
-16.176380842924118
20
-23.913590840973413
0
LWPOLYLINE
5
6D63
330
6A3F
100
AcDbEntity
100
AcDbPolyline
8
EKP_ANTEN_TASIYICI_KOL
6
ByLayer
62
256
370
-1
90
4
70
1
10
-16.823619157075882
20
-20.923590840973414
10
-16.823619157075882
20
-19.06475069368481
10
-16.176380842924118
20
-19.06475069368481
10
-16.176380842924118
20
-20.923590840973414
0
LWPOLYLINE
5
6D6A
330
6A3F
100
AcDbEntity
100
AcDbPolyline
8
EKP_ANTEN_TASIYICI_KOL
6
ByLayer
62
256
370
-1
90
4
70
1
10
16.176380842924118
20
-23.913590840973413
10
16.176380842924118
20
-22.05475069368481
10
16.823619157075882
20
-22.05475069368481
10
16.823619157075882
20
-23.913590840973413
0
LWPOLYLINE
5
6D71
330
6A3F
100
AcDbEntity
100
AcDbPolyline
8
EKP_ANTEN_TASIYICI_KOL
6
ByLayer
62
256
370
-1
90
4
70
1
10
16.176380842924118
20
-20.923590840973414
10
16.176380842924118
20
-19.06475069368481
10
16.823619157075882
20
-19.06475069368481
10
16.823619157075882
20
-20.923590840973414
0
LWPOLYLINE
5
6A8B
330
6A3F
100
AcDbEntity
100
AcDbPolyline
8
TAVA_PROFILI
6
ByLayer
62
256
370
-1
90
4
70
1
10
-0.25
20
-0.1
10
-0.25
20
24.9
10
0.25
20
24.9
10
0.25
20
-0.1
0
LINE
5
6A8C
330
6A3F
100
AcDbEntity
100
AcDbLine
8
TAVA_PROFILI
10
-0.23500000000000001
20
-0.1
30
0
11
-0.23500000000000001
21
24.900000000000002
31
0
0
LINE
5
6A8D
330
6A3F
100
AcDbEntity
100
AcDbLine
8
TAVA_PROFILI
10
0.23500000000000001
20
-0.1
30
0
11
0.23500000000000001
21
24.900000000000002
31
0
0
LWPOLYLINE
5
6A97
330
6A3F
100
AcDbEntity
100
AcDbPolyline
8
TAVA_PROFILI
6
ByLayer
62
256
370
-1
90
4
70
1
10
-1.75
20
-0.35000000000000003
10
-1.75
20
0.14999999999999997
10
0
20
0.14999999999999997
10
0
20
-0.35000000000000003
0
LINE
5
6A98
330
6A3F
100
AcDbEntity
100
AcDbLine
8
TAVA_PROFILI
10
-1.75
20
-0.335
30
0
11
0
21
-0.335
31
0
0
LINE
5
6A99
330
6A3F
100
AcDbEntity
100
AcDbLine
8
TAVA_PROFILI
10
-1.75
20
0.135
30
0
11
0
21
0.135
31
0
0
TEXT
5
6AC3
330
6A3F
100
AcDbEntity
100
AcDbText
8
TAVA_PROFILI
10
0.38
20
3.5
30
0
40
0.11
1
500mm AGIR HIZMET CATI MAKASI TAVASI VE TRAVERS KONSOL TASIYICILAR
50
90
7
STANDARD
72
1
11
0.38
21
3.5
31
0
100
AcDbText
73
0
0
TEXT
5
6AC4
330
6A3F
100
AcDbEntity
100
AcDbText
8
TAVA_PROFILI
10
-0.875
20
-0.42
30
0
40
0.11
1
500mm KOPRU GECIS TAVASI (CATI MAKASINDAN DIKEY MERDIVENE)
50
0
7
STANDARD
72
1
11
-0.875
21
-0.42
31
0
100
AcDbText
73
0
0
LWPOLYLINE
5
6E27
330
6A3F
100
AcDbEntity
100
AcDbPolyline
8
TAVA_PROFILI
6
ByLayer
62
256
370
-1
90
4
70
1
10
-0.25
20
1.15
10
-0.25
20
1.2999999999999998
10
0.25
20
1.2999999999999998
10
0.25
20
1.15
0
TEXT
5
6E28
330
6A3F
100
AcDbEntity
100
AcDbText
8
TAVA_PROFILI
10
0
20
1.33
30
0
40
0.12
1
ORTADAKI CATI TASIYICISI 500mm KABLO TAVASI KESITI
50
0
7
STANDARD
72
1
11
0
21
1.33
31
0
100
AcDbText
73
0
0
LWPOLYLINE
5
6E29
330
6A3F
100
AcDbEntity
100
AcDbPolyline
8
TAVA_PROFILI
6
ByLayer
62
256
370
-1
90
4
70
1
10
-1.75
20
1.15
10
-1.75
20
1.27
10
0
20
1.27
10
0
20
1.15
0
TEXT
5
6E2A
330
6A3F
100
AcDbEntity
100
AcDbText
8
TAVA_PROFILI
10
-0.9
20
1.18
30
0
40
0.1
1
500mm GECIS KOPRU TAVASI
50
0
7
STANDARD
72
1
11
-0.9
21
1.18
31
0
100
AcDbText
73
0
0
LWPOLYLINE
5
6A89
330
6A3F
100
AcDbEntity
100
AcDbPolyline
8
TAVA_KONSOL
6
ByLayer
62
256
370
-1
90
4
70
1
10
-1.72
20
-0.32
10
-1.72
20
-0.28
10
-1.6
20
-0.28
10
-1.6
20
-0.32
0
LWPOLYLINE
5
6A8E
330
6A3F
100
AcDbEntity
100
AcDbPolyline
8
TAVA_KONSOL
6
ByLayer
62
256
370
-1
90
4
70
1
10
-0.33
20
-0.04
10
-0.33
20
0.04
10
0.33
20
0.04
10
0.33
20
-0.04
0
LWPOLYLINE
5
6A8F
330
6A3F
100
AcDbEntity
100
AcDbPolyline
8
TAVA_KONSOL
6
ByLayer
62
256
370
-1
90
4
70
1
10
-0.33
20
2.96
10
-0.33
20
3.04
10
0.33
20
3.04
10
0.33
20
2.96
0
LWPOLYLINE
5
6A90
330
6A3F
100
AcDbEntity
100
AcDbPolyline
8
TAVA_KONSOL
6
ByLayer
62
256
370
-1
90
4
70
1
10
-0.33
20
5.96
10
-0.33
20
6.04
10
0.33
20
6.04
10
0.33
20
5.96
0
LWPOLYLINE
5
6A91
330
6A3F
100
AcDbEntity
100
AcDbPolyline
8
TAVA_KONSOL
6
ByLayer
62
256
370
-1
90
4
70
1
10
-0.33
20
8.96
10
-0.33
20
9.040000000000001
10
0.33
20
9.040000000000001
10
0.33
20
8.96
0
LWPOLYLINE
5
6A92
330
6A3F
100
AcDbEntity
100
AcDbPolyline
8
TAVA_KONSOL
6
ByLayer
62
256
370
-1
90
4
70
1
10
-0.33
20
11.96
10
-0.33
20
12.040000000000001
10
0.33
20
12.040000000000001
10
0.33
20
11.96
0
LWPOLYLINE
5
6A93
330
6A3F
100
AcDbEntity
100
AcDbPolyline
8
TAVA_KONSOL
6
ByLayer
62
256
370
-1
90
4
70
1
10
-0.33
20
14.96
10
-0.33
20
15.040000000000001
10
0.33
20
15.040000000000001
10
0.33
20
14.96
0
LWPOLYLINE
5
6A94
330
6A3F
100
AcDbEntity
100
AcDbPolyline
8
TAVA_KONSOL
6
ByLayer
62
256
370
-1
90
4
70
1
10
-0.33
20
17.96
10
-0.33
20
18.04
10
0.33
20
18.04
10
0.33
20
17.96
0
LWPOLYLINE
5
6A95
330
6A3F
100
AcDbEntity
100
AcDbPolyline
8
TAVA_KONSOL
6
ByLayer
62
256
370
-1
90
4
70
1
10
-0.33
20
20.96
10
-0.33
20
21.04
10
0.33
20
21.04
10
0.33
20
20.96
0
LWPOLYLINE
5
6A96
330
6A3F
100
AcDbEntity
100
AcDbPolyline
8
TAVA_KONSOL
6
ByLayer
62
256
370
-1
90
4
70
1
10
-0.33
20
23.96
10
-0.33
20
24.04
10
0.33
20
24.04
10
0.33
20
23.96
0
LWPOLYLINE
5
6A9A
330
6A3F
100
AcDbEntity
100
AcDbPolyline
8
TAVA_KONSOL
6
ByLayer
62
256
370
-1
90
4
70
1
10
-1.78
20
-0.39
10
-1.78
20
0.18999999999999995
10
-1.72
20
0.18999999999999995
10
-1.72
20
-0.39
0
LWPOLYLINE
5
6A9B
330
6A3F
100
AcDbEntity
100
AcDbPolyline
8
TAVA_KONSOL
6
ByLayer
62
256
370
-1
90
4
70
1
10
-1.18
20
-0.39
10
-1.18
20
0.18999999999999995
10
-1.1199999999999999
20
0.18999999999999995
10
-1.1199999999999999
20
-0.39
0
LWPOLYLINE
5
6A9C
330
6A3F
100
AcDbEntity
100
AcDbPolyline
8
TAVA_KONSOL
6
ByLayer
62
256
370
-1
90
4
70
1
10
-0.58
20
-0.39
10
-0.58
20
0.18999999999999995
10
-0.52
20
0.18999999999999995
10
-0.52
20
-0.39
0
LWPOLYLINE
5
6A9D
330
6A3F
100
AcDbEntity
100
AcDbPolyline
8
TAVA_KONSOL
6
ByLayer
62
256
370
-1
90
4
70
1
10
-0.03
20
-0.39
10
-0.03
20
0.18999999999999995
10
0.03
20
0.18999999999999995
10
0.03
20
-0.39
0
LWPOLYLINE
5
6E22
330
6A3F
100
AcDbEntity
100
AcDbPolyline
8
TAVA_KONSOL
6
ByLayer
62
256
370
-1
90
4
70
1
10
-1.55
20
-6.02
10
-1.55
20
-5.9799999999999995
10
-1.4300000000000002
20
-5.9799999999999995
10
-1.4300000000000002
20
-6.02
0
LWPOLYLINE
5
6E23
330
6A3F
100
AcDbEntity
100
AcDbPolyline
8
TAVA_KONSOL
6
ByLayer
62
256
370
-1
90
4
70
1
10
-1.55
20
-4.52
10
-1.55
20
-4.4799999999999995
10
-1.4300000000000002
20
-4.4799999999999995
10
-1.4300000000000002
20
-4.52
0
LWPOLYLINE
5
6E24
330
6A3F
100
AcDbEntity
100
AcDbPolyline
8
TAVA_KONSOL
6
ByLayer
62
256
370
-1
90
4
70
1
10
-1.55
20
-3.02
10
-1.55
20
-2.98
10
-1.4300000000000002
20
-2.98
10
-1.4300000000000002
20
-3.02
0
LWPOLYLINE
5
6E25
330
6A3F
100
AcDbEntity
100
AcDbPolyline
8
TAVA_KONSOL
6
ByLayer
62
256
370
-1
90
4
70
1
10
-1.55
20
-1.5199999999999996
10
-1.55
20
-1.4799999999999995
10
-1.4300000000000002
20
-1.4799999999999995
10
-1.4300000000000002
20
-1.5199999999999996
0
LWPOLYLINE
5
6E26
330
6A3F
100
AcDbEntity
100
AcDbPolyline
8
TAVA_KONSOL
6
ByLayer
62
256
370
-1
90
4
70
1
10
-1.55
20
-0.019999999999999574
10
-1.55
20
0.020000000000000427
10
-1.4300000000000002
20
0.020000000000000427
10
-1.4300000000000002
20
-0.019999999999999574
0
LWPOLYLINE
5
6A82
330
6A3F
100
AcDbEntity
100
AcDbPolyline
8
DIKEY_KABLO_MERDIVENI
6
ByLayer
62
256
370
-1
90
4
70
1
10
-1.78
20
-0.5
10
-1.78
20
-0.09999999999999998
10
-1.72
20
-0.09999999999999998
10
-1.72
20
-0.5
0
LINE
5
6A83
330
6A3F
100
AcDbEntity
100
AcDbLine
8
DIKEY_KABLO_MERDIVENI
10
-1.78
20
-0.5
30
0
11
-1.72
21
-0.5
31
0
0
LINE
5
6A84
330
6A3F
100
AcDbEntity
100
AcDbLine
8
DIKEY_KABLO_MERDIVENI
10
-1.78
20
-0.1
30
0
11
-1.72
21
-0.1
31
0
0
LINE
5
6A85
330
6A3F
100
AcDbEntity
100
AcDbLine
8
DIKEY_KABLO_MERDIVENI
10
-1.78
20
-0.45
30
0
11
-1.72
21
-0.45
31
0
0
LINE
5
6A86
330
6A3F
100
AcDbEntity
100
AcDbLine
8
DIKEY_KABLO_MERDIVENI
10
-1.78
20
-0.35000000000000003
30
0
11
-1.72
21
-0.35000000000000003
31
0
0
LINE
5
6A87
330
6A3F
100
AcDbEntity
100
AcDbLine
8
DIKEY_KABLO_MERDIVENI
10
-1.78
20
-0.25
30
0
11
-1.72
21
-0.25
31
0
0
LINE
5
6A88
330
6A3F
100
AcDbEntity
100
AcDbLine
8
DIKEY_KABLO_MERDIVENI
10
-1.78
20
-0.15
30
0
11
-1.72
21
-0.15
31
0
0
TEXT
5
6A8A
330
6A3F
100
AcDbEntity
100
AcDbText
8
DIKEY_KABLO_MERDIVENI
10
-1.95
20
-0.3
30
0
40
0.11
1
DIKEY KABLO MERDIVENI (W=400mm, ALT KEDI YOLUNA INIS)
50
0
7
STANDARD
72
2
11
-1.95
21
-0.3
31
0
100
AcDbText
73
0
0
LINE
5
6E07
330
6A3F
100
AcDbEntity
100
AcDbLine
8
DIKEY_KABLO_MERDIVENI
10
-1.95
20
-6.5
30
0
11
-1.95
21
1.15
31
0
0
LINE
5
6E08
330
6A3F
100
AcDbEntity
100
AcDbLine
8
DIKEY_KABLO_MERDIVENI
10
-1.55
20
-6.5
30
0
11
-1.55
21
1.15
31
0
0
LINE
5
6E09
330
6A3F
100
AcDbEntity
100
AcDbLine
8
DIKEY_KABLO_MERDIVENI
10
-1.95
20
-6.35
30
0
11
-1.55
21
-6.35
31
0
0
LINE
5
6E0A
330
6A3F
100
AcDbEntity
100
AcDbLine
8
DIKEY_KABLO_MERDIVENI
10
-1.95
20
-6.05
30
0
11
-1.55
21
-6.05
31
0
0
LINE
5
6E0B
330
6A3F
100
AcDbEntity
100
AcDbLine
8
DIKEY_KABLO_MERDIVENI
10
-1.95
20
-5.75
30
0
11
-1.55
21
-5.75
31
0
0
LINE
5
6E0C
330
6A3F
100
AcDbEntity
100
AcDbLine
8
DIKEY_KABLO_MERDIVENI
10
-1.95
20
-5.45
30
0
11
-1.55
21
-5.45
31
0
0
LINE
5
6E0D
330
6A3F
100
AcDbEntity
100
AcDbLine
8
DIKEY_KABLO_MERDIVENI
10
-1.95
20
-5.15
30
0
11
-1.55
21
-5.15
31
0
0
LINE
5
6E0E
330
6A3F
100
AcDbEntity
100
AcDbLine
8
DIKEY_KABLO_MERDIVENI
10
-1.95
20
-4.85
30
0
11
-1.55
21
-4.85
31
0
0
LINE
5
6E0F
330
6A3F
100
AcDbEntity
100
AcDbLine
8
DIKEY_KABLO_MERDIVENI
10
-1.95
20
-4.55
30
0
11
-1.55
21
-4.55
31
0
0
LINE
5
6E10
330
6A3F
100
AcDbEntity
100
AcDbLine
8
DIKEY_KABLO_MERDIVENI
10
-1.95
20
-4.25
30
0
11
-1.55
21
-4.25
31
0
0
LINE
5
6E11
330
6A3F
100
AcDbEntity
100
AcDbLine
8
DIKEY_KABLO_MERDIVENI
10
-1.95
20
-3.9499999999999997
30
0
11
-1.55
21
-3.9499999999999997
31
0
0
LINE
5
6E12
330
6A3F
100
AcDbEntity
100
AcDbLine
8
DIKEY_KABLO_MERDIVENI
10
-1.95
20
-3.65
30
0
11
-1.55
21
-3.65
31
0
0
LINE
5
6E13
330
6A3F
100
AcDbEntity
100
AcDbLine
8
DIKEY_KABLO_MERDIVENI
10
-1.95
20
-3.35
30
0
11
-1.55
21
-3.35
31
0
0
LINE
5
6E14
330
6A3F
100
AcDbEntity
100
AcDbLine
8
DIKEY_KABLO_MERDIVENI
10
-1.95
20
-3.05
30
0
11
-1.55
21
-3.05
31
0
0
LINE
5
6E15
330
6A3F
100
AcDbEntity
100
AcDbLine
8
DIKEY_KABLO_MERDIVENI
10
-1.95
20
-2.75
30
0
11
-1.55
21
-2.75
31
0
0
LINE
5
6E16
330
6A3F
100
AcDbEntity
100
AcDbLine
8
DIKEY_KABLO_MERDIVENI
10
-1.95
20
-2.45
30
0
11
-1.55
21
-2.45
31
0
0
LINE
5
6E17
330
6A3F
100
AcDbEntity
100
AcDbLine
8
DIKEY_KABLO_MERDIVENI
10
-1.95
20
-2.1499999999999995
30
0
11
-1.55
21
-2.1499999999999995
31
0
0
LINE
5
6E18
330
6A3F
100
AcDbEntity
100
AcDbLine
8
DIKEY_KABLO_MERDIVENI
10
-1.95
20
-1.8499999999999996
30
0
11
-1.55
21
-1.8499999999999996
31
0
0
LINE
5
6E19
330
6A3F
100
AcDbEntity
100
AcDbLine
8
DIKEY_KABLO_MERDIVENI
10
-1.95
20
-1.5499999999999998
30
0
11
-1.55
21
-1.5499999999999998
31
0
0
LINE
5
6E1A
330
6A3F
100
AcDbEntity
100
AcDbLine
8
DIKEY_KABLO_MERDIVENI
10
-1.95
20
-1.25
30
0
11
-1.55
21
-1.25
31
0
0
LINE
5
6E1B
330
6A3F
100
AcDbEntity
100
AcDbLine
8
DIKEY_KABLO_MERDIVENI
10
-1.95
20
-0.9500000000000002
30
0
11
-1.55
21
-0.9500000000000002
31
0
0
LINE
5
6E1C
330
6A3F
100
AcDbEntity
100
AcDbLine
8
DIKEY_KABLO_MERDIVENI
10
-1.95
20
-0.6499999999999995
30
0
11
-1.55
21
-0.6499999999999995
31
0
0
LINE
5
6E1D
330
6A3F
100
AcDbEntity
100
AcDbLine
8
DIKEY_KABLO_MERDIVENI
10
-1.95
20
-0.34999999999999964
30
0
11
-1.55
21
-0.34999999999999964
31
0
0
LINE
5
6E1E
330
6A3F
100
AcDbEntity
100
AcDbLine
8
DIKEY_KABLO_MERDIVENI
10
-1.95
20
-0.04999999999999982
30
0
11
-1.55
21
-0.04999999999999982
31
0
0
LINE
5
6E1F
330
6A3F
100
AcDbEntity
100
AcDbLine
8
DIKEY_KABLO_MERDIVENI
10
-1.95
20
0.25
30
0
11
-1.55
21
0.25
31
0
0
LINE
5
6E20
330
6A3F
100
AcDbEntity
100
AcDbLine
8
DIKEY_KABLO_MERDIVENI
10
-1.95
20
0.5499999999999998
30
0
11
-1.55
21
0.5499999999999998
31
0
0
LINE
5
6E21
330
6A3F
100
AcDbEntity
100
AcDbLine
8
DIKEY_KABLO_MERDIVENI
10
-1.95
20
0.8500000000000005
30
0
11
-1.55
21
0.8500000000000005
31
0
0
CIRCLE
5
6A7B
330
6A3F
100
AcDbEntity
100
AcDbCircle
8
GEMICI_MERDIVENI
10
-1.45
20
-0.1
30
0
40
0.022
0
CIRCLE
5
6A7C
330
6A3F
100
AcDbEntity
100
AcDbCircle
8
GEMICI_MERDIVENI
10
-1.45
20
-0.6
30
0
40
0.022
0
LINE
5
6A7D
330
6A3F
100
AcDbEntity
100
AcDbLine
8
GEMICI_MERDIVENI
10
-1.45
20
-0.6
30
0
11
-1.45
21
-0.1
31
0
0
CIRCLE
5
6A7E
330
6A3F
100
AcDbEntity
100
AcDbCircle
8
GEMICI_MERDIVENI
10
-1.85
20
-0.35000000000000003
30
0
40
0.35000000000000003
0
LINE
5
6A7F
330
6A3F
100
AcDbEntity
100
AcDbLine
8
GEMICI_MERDIVENI
10
-1.45
20
-0.6
30
0
11
-1.85
21
-0.7000000000000001
31
0
0
LINE
5
6A80
330
6A3F
100
AcDbEntity
100
AcDbLine
8
GEMICI_MERDIVENI
10
-1.45
20
-0.1
30
0
11
-1.85
21
0
31
0
0
TEXT
5
6A81
330
6A3F
100
AcDbEntity
100
AcDbText
8
GEMICI_MERDIVENI
10
-1.45
20
-0.74
30
0
40
0.11
1
GEMICI MERDIVENI (OVAL KORUMA KAFESLI)
50
0
7
STANDARD
72
1
11
-1.45
21
-0.74
31
0
100
AcDbText
73
0
0
LINE
5
6DE2
330
6A3F
100
AcDbEntity
100
AcDbLine
8
GEMICI_MERDIVENI
10
-1.47
20
-6.5
30
0
11
-1.47
21
2.1
31
0
0
LINE
5
6DE3
330
6A3F
100
AcDbEntity
100
AcDbLine
8
GEMICI_MERDIVENI
10
-1.43
20
-6.5
30
0
11
-1.43
21
2.1
31
0
0
LINE
5
6DE4
330
6A3F
100
AcDbEntity
100
AcDbLine
8
GEMICI_MERDIVENI
10
-1.47
20
-6.22
30
0
11
-1.43
21
-6.22
31
0
0
LINE
5
6DE5
330
6A3F
100
AcDbEntity
100
AcDbLine
8
GEMICI_MERDIVENI
10
-1.47
20
-5.9399999999999995
30
0
11
-1.43
21
-5.9399999999999995
31
0
0
LINE
5
6DE6
330
6A3F
100
AcDbEntity
100
AcDbLine
8
GEMICI_MERDIVENI
10
-1.47
20
-5.66
30
0
11
-1.43
21
-5.66
31
0
0
LINE
5
6DE7
330
6A3F
100
AcDbEntity
100
AcDbLine
8
GEMICI_MERDIVENI
10
-1.47
20
-5.38
30
0
11
-1.43
21
-5.38
31
0
0
LINE
5
6DE8
330
6A3F
100
AcDbEntity
100
AcDbLine
8
GEMICI_MERDIVENI
10
-1.47
20
-5.1
30
0
11
-1.43
21
-5.1
31
0
0
LINE
5
6DE9
330
6A3F
100
AcDbEntity
100
AcDbLine
8
GEMICI_MERDIVENI
10
-1.47
20
-4.82
30
0
11
-1.43
21
-4.82
31
0
0
LINE
5
6DEA
330
6A3F
100
AcDbEntity
100
AcDbLine
8
GEMICI_MERDIVENI
10
-1.47
20
-4.54
30
0
11
-1.43
21
-4.54
31
0
0
LINE
5
6DEB
330
6A3F
100
AcDbEntity
100
AcDbLine
8
GEMICI_MERDIVENI
10
-1.47
20
-4.26
30
0
11
-1.43
21
-4.26
31
0
0
LINE
5
6DEC
330
6A3F
100
AcDbEntity
100
AcDbLine
8
GEMICI_MERDIVENI
10
-1.47
20
-3.98
30
0
11
-1.43
21
-3.98
31
0
0
LINE
5
6DED
330
6A3F
100
AcDbEntity
100
AcDbLine
8
GEMICI_MERDIVENI
10
-1.47
20
-3.6999999999999997
30
0
11
-1.43
21
-3.6999999999999997
31
0
0
LINE
5
6DEE
330
6A3F
100
AcDbEntity
100
AcDbLine
8
GEMICI_MERDIVENI
10
-1.47
20
-3.42
30
0
11
-1.43
21
-3.42
31
0
0
LINE
5
6DEF
330
6A3F
100
AcDbEntity
100
AcDbLine
8
GEMICI_MERDIVENI
10
-1.47
20
-3.14
30
0
11
-1.43
21
-3.14
31
0
0
LINE
5
6DF0
330
6A3F
100
AcDbEntity
100
AcDbLine
8
GEMICI_MERDIVENI
10
-1.47
20
-2.86
30
0
11
-1.43
21
-2.86
31
0
0
LINE
5
6DF1
330
6A3F
100
AcDbEntity
100
AcDbLine
8
GEMICI_MERDIVENI
10
-1.47
20
-2.58
30
0
11
-1.43
21
-2.58
31
0
0
LINE
5
6DF2
330
6A3F
100
AcDbEntity
100
AcDbLine
8
GEMICI_MERDIVENI
10
-1.47
20
-2.3
30
0
11
-1.43
21
-2.3
31
0
0
LINE
5
6DF3
330
6A3F
100
AcDbEntity
100
AcDbLine
8
GEMICI_MERDIVENI
10
-1.47
20
-2.0199999999999996
30
0
11
-1.43
21
-2.0199999999999996
31
0
0
LINE
5
6DF4
330
6A3F
100
AcDbEntity
100
AcDbLine
8
GEMICI_MERDIVENI
10
-1.47
20
-1.7400000000000002
30
0
11
-1.43
21
-1.7400000000000002
31
0
0
LINE
5
6DF5
330
6A3F
100
AcDbEntity
100
AcDbLine
8
GEMICI_MERDIVENI
10
-1.47
20
-1.46
30
0
11
-1.43
21
-1.46
31
0
0
LINE
5
6DF6
330
6A3F
100
AcDbEntity
100
AcDbLine
8
GEMICI_MERDIVENI
10
-1.47
20
-1.1799999999999997
30
0
11
-1.43
21
-1.1799999999999997
31
0
0
LINE
5
6DF7
330
6A3F
100
AcDbEntity
100
AcDbLine
8
GEMICI_MERDIVENI
10
-1.47
20
-0.8999999999999995
30
0
11
-1.43
21
-0.8999999999999995
31
0
0
LINE
5
6DF8
330
6A3F
100
AcDbEntity
100
AcDbLine
8
GEMICI_MERDIVENI
10
-1.47
20
-0.6200000000000001
30
0
11
-1.43
21
-0.6200000000000001
31
0
0
LINE
5
6DF9
330
6A3F
100
AcDbEntity
100
AcDbLine
8
GEMICI_MERDIVENI
10
-1.47
20
-0.33999999999999986
30
0
11
-1.43
21
-0.33999999999999986
31
0
0
LINE
5
6DFA
330
6A3F
100
AcDbEntity
100
AcDbLine
8
GEMICI_MERDIVENI
10
-1.47
20
-0.05999999999999961
30
0
11
-1.43
21
-0.05999999999999961
31
0
0
LINE
5
6DFB
330
6A3F
100
AcDbEntity
100
AcDbLine
8
GEMICI_MERDIVENI
10
-1.47
20
0.21999999999999975
30
0
11
-1.43
21
0.21999999999999975
31
0
0
LINE
5
6DFC
330
6A3F
100
AcDbEntity
100
AcDbLine
8
GEMICI_MERDIVENI
10
-1.47
20
0.5
30
0
11
-1.43
21
0.5
31
0
0
LINE
5
6DFD
330
6A3F
100
AcDbEntity
100
AcDbLine
8
GEMICI_MERDIVENI
10
-1.47
20
0.7800000000000002
30
0
11
-1.43
21
0.7800000000000002
31
0
0
LWPOLYLINE
5
6DFE
330
6A3F
100
AcDbEntity
100
AcDbPolyline
8
GEMICI_MERDIVENI
6
ByLayer
62
256
370
-1
90
4
70
1
10
-1.58
20
-4.3
10
-1.58
20
-4.27
10
-1.32
20
-4.27
10
-1.32
20
-4.3
0
LWPOLYLINE
5
6DFF
330
6A3F
100
AcDbEntity
100
AcDbPolyline
8
GEMICI_MERDIVENI
6
ByLayer
62
256
370
-1
90
4
70
1
10
-1.58
20
-3.4
10
-1.58
20
-3.37
10
-1.32
20
-3.37
10
-1.32
20
-3.4
0
LWPOLYLINE
5
6E00
330
6A3F
100
AcDbEntity
100
AcDbPolyline
8
GEMICI_MERDIVENI
6
ByLayer
62
256
370
-1
90
4
70
1
10
-1.58
20
-2.5
10
-1.58
20
-2.47
10
-1.32
20
-2.47
10
-1.32
20
-2.5
0
LWPOLYLINE
5
6E01
330
6A3F
100
AcDbEntity
100
AcDbPolyline
8
GEMICI_MERDIVENI
6
ByLayer
62
256
370
-1
90
4
70
1
10
-1.58
20
-1.5999999999999996
10
-1.58
20
-1.5699999999999996
10
-1.32
20
-1.5699999999999996
10
-1.32
20
-1.5999999999999996
0
LWPOLYLINE
5
6E02
330
6A3F
100
AcDbEntity
100
AcDbPolyline
8
GEMICI_MERDIVENI
6
ByLayer
62
256
370
-1
90
4
70
1
10
-1.58
20
-0.7000000000000002
10
-1.58
20
-0.6700000000000002
10
-1.32
20
-0.6700000000000002
10
-1.32
20
-0.7000000000000002
0
LWPOLYLINE
5
6E03
330
6A3F
100
AcDbEntity
100
AcDbPolyline
8
GEMICI_MERDIVENI
6
ByLayer
62
256
370
-1
90
4
70
1
10
-1.58
20
0.20000000000000018
10
-1.58
20
0.23000000000000018
10
-1.32
20
0.23000000000000018
10
-1.32
20
0.20000000000000018
0
LWPOLYLINE
5
6E04
330
6A3F
100
AcDbEntity
100
AcDbPolyline
8
GEMICI_MERDIVENI
6
ByLayer
62
256
370
-1
90
4
70
1
10
-1.58
20
1.1000000000000005
10
-1.58
20
1.1300000000000006
10
-1.32
20
1.1300000000000006
10
-1.32
20
1.1000000000000005
0
LWPOLYLINE
5
6E05
330
6A3F
100
AcDbEntity
100
AcDbPolyline
8
GEMICI_MERDIVENI
6
ByLayer
62
256
370
-1
90
4
70
1
10
-1.58
20
2
10
-1.58
20
2.03
10
-1.32
20
2.03
10
-1.32
20
2
0
TEXT
5
6E06
330
6A3F
100
AcDbEntity
100
AcDbText
8
GEMICI_MERDIVENI
10
-1.45
20
2.25
30
0
40
0.13
1
GEMICI MERDIVENI
50
0
7
STANDARD
72
1
11
-1.45
21
2.25
31
0
100
AcDbText
73
0
0
LINE
5
6A9E
330
6A3F
100
AcDbEntity
100
AcDbLine
8
KBL_ENERJI_2X25
10
-0.18
20
24.900000000000002
30
0
11
-0.18
21
-0.05
31
0
0
LINE
5
6A9F
330
6A3F
100
AcDbEntity
100
AcDbLine
8
KBL_ENERJI_2X25
10
-0.18
20
-0.05
30
0
11
-1.7
21
-0.12
31
0
0
LINE
5
6AA0
330
6A3F
100
AcDbEntity
100
AcDbLine
8
KBL_ENERJI_2X25
10
-0.12
20
24.900000000000002
30
0
11
-0.12
21
-0.05
31
0
0
LINE
5
6AA1
330
6A3F
100
AcDbEntity
100
AcDbLine
8
KBL_ENERJI_2X25
10
-0.12
20
-0.05
30
0
11
-1.7
21
-0.14400000000000002
31
0
0
LINE
5
6AA2
330
6A3F
100
AcDbEntity
100
AcDbLine
8
KBL_ENERJI_2X25
10
-0.06
20
24.900000000000002
30
0
11
-0.06
21
-0.05
31
0
0
LINE
5
6AA3
330
6A3F
100
AcDbEntity
100
AcDbLine
8
KBL_ENERJI_2X25
10
-0.06
20
-0.05
30
0
11
-1.7
21
-0.168
31
0
0
LINE
5
6AA4
330
6A3F
100
AcDbEntity
100
AcDbLine
8
KBL_ENERJI_2X25
10
0
20
24.900000000000002
30
0
11
0
21
-0.05
31
0
0
LINE
5
6AA5
330
6A3F
100
AcDbEntity
100
AcDbLine
8
KBL_ENERJI_2X25
10
0
20
-0.05
30
0
11
-1.7
21
-0.192
31
0
0
LINE
5
6AA6
330
6A3F
100
AcDbEntity
100
AcDbLine
8
KBL_ENERJI_2X25
10
0.06
20
24.900000000000002
30
0
11
0.06
21
-0.05
31
0
0
LINE
5
6AA7
330
6A3F
100
AcDbEntity
100
AcDbLine
8
KBL_ENERJI_2X25
10
0.06
20
-0.05
30
0
11
-1.7
21
-0.216
31
0
0
LINE
5
6AA8
330
6A3F
100
AcDbEntity
100
AcDbLine
8
KBL_ENERJI_2X25
10
0.12
20
24.900000000000002
30
0
11
0.12
21
-0.05
31
0
0
LINE
5
6AA9
330
6A3F
100
AcDbEntity
100
AcDbLine
8
KBL_ENERJI_2X25
10
0.12
20
-0.05
30
0
11
-1.7
21
-0.24
31
0
0
LINE
5
6AAA
330
6A3F
100
AcDbEntity
100
AcDbLine
8
KBL_ENERJI_2X25
10
0.18
20
24.900000000000002
30
0
11
0.18
21
-0.05
31
0
0
LINE
5
6AAB
330
6A3F
100
AcDbEntity
100
AcDbLine
8
KBL_ENERJI_2X25
10
0.18
20
-0.05
30
0
11
-1.7
21
-0.264
31
0
0
LINE
5
6AAC
330
6A3F
100
AcDbEntity
100
AcDbLine
8
KBL_ENERJI_2X25
10
-0.18
20
24.900000000000002
30
0
11
-0.18
21
-0.05
31
0
0
LINE
5
6AAD
330
6A3F
100
AcDbEntity
100
AcDbLine
8
KBL_ENERJI_2X25
10
-0.18
20
-0.05
30
0
11
-1.7
21
-0.28800000000000003
31
0
0
LINE
5
6AAE
330
6A3F
100
AcDbEntity
100
AcDbLine
8
KBL_ENERJI_2X25
10
-0.12
20
24.900000000000002
30
0
11
-0.12
21
-0.05
31
0
0
LINE
5
6AAF
330
6A3F
100
AcDbEntity
100
AcDbLine
8
KBL_ENERJI_2X25
10
-0.12
20
-0.05
30
0
11
-1.7
21
-0.312
31
0
0
LINE
5
6AB0
330
6A3F
100
AcDbEntity
100
AcDbLine
8
KBL_ENERJI_2X25
10
-0.06
20
24.900000000000002
30
0
11
-0.06
21
-0.05
31
0
0
LINE
5
6AB1
330
6A3F
100
AcDbEntity
100
AcDbLine
8
KBL_ENERJI_2X25
10
-0.06
20
-0.05
30
0
11
-1.7
21
-0.336
31
0
0
LINE
5
6AB2
330
6A3F
100
AcDbEntity
100
AcDbLine
8
KBL_ENERJI_2X25
10
0
20
24.900000000000002
30
0
11
0
21
-0.05
31
0
0
LINE
5
6AB3
330
6A3F
100
AcDbEntity
100
AcDbLine
8
KBL_ENERJI_2X25
10
0
20
-0.05
30
0
11
-1.7
21
-0.36
31
0
0
LINE
5
6AB4
330
6A3F
100
AcDbEntity
100
AcDbLine
8
KBL_ENERJI_2X25
10
0.06
20
24.900000000000002
30
0
11
0.06
21
-0.05
31
0
0
LINE
5
6AB5
330
6A3F
100
AcDbEntity
100
AcDbLine
8
KBL_ENERJI_2X25
10
0.06
20
-0.05
30
0
11
-1.7
21
-0.384
31
0
0
LINE
5
6AB6
330
6A3F
100
AcDbEntity
100
AcDbLine
8
KBL_ENERJI_2X25
10
0.12
20
24.900000000000002
30
0
11
0.12
21
-0.05
31
0
0
LINE
5
6AB7
330
6A3F
100
AcDbEntity
100
AcDbLine
8
KBL_ENERJI_2X25
10
0.12
20
-0.05
30
0
11
-1.7
21
-0.40800000000000003
31
0
0
LINE
5
6AB8
330
6A3F
100
AcDbEntity
100
AcDbLine
8
KBL_ENERJI_2X25
10
0.18
20
24.900000000000002
30
0
11
0.18
21
-0.05
31
0
0
LINE
5
6AB9
330
6A3F
100
AcDbEntity
100
AcDbLine
8
KBL_ENERJI_2X25
10
0.18
20
-0.05
30
0
11
-1.7
21
-0.432
31
0
0
TEXT
5
6AC2
330
6A3F
100
AcDbEntity
100
AcDbText
8
KBL_ENERJI_2X25
10
0
20
3.5
30
0
40
0.12
1
14 ADET 2x25mm2 DC ENERJI KABLOSU (ORTADAKI CATI TASIYICI TAVASI BOYUNCA)
50
90
7
STANDARD
72
1
11
0
21
3.5
31
0
100
AcDbText
73
0
0
LINE
5
6E2B
330
6A3F
100
AcDbEntity
100
AcDbLine
8
KBL_ENERJI_2X25
10
0
20
1.2
30
0
11
-1.92
21
1.15
31
0
0
LINE
5
6E2C
330
6A3F
100
AcDbEntity
100
AcDbLine
8
KBL_ENERJI_2X25
10
-1.92
20
1.15
30
0
11
-1.92
21
-6.44
31
0
0
LINE
5
6E2D
330
6A3F
100
AcDbEntity
100
AcDbLine
8
KBL_ENERJI_2X25
10
-1.92
20
-6.44
30
0
11
-1.74
21
-6.49
31
0
0
LINE
5
6E2E
330
6A3F
100
AcDbEntity
100
AcDbLine
8
KBL_ENERJI_2X25
10
0
20
1.2
30
0
11
-1.894
21
1.15
31
0
0
LINE
5
6E2F
330
6A3F
100
AcDbEntity
100
AcDbLine
8
KBL_ENERJI_2X25
10
-1.894
20
1.15
30
0
11
-1.894
21
-6.44
31
0
0
LINE
5
6E30
330
6A3F
100
AcDbEntity
100
AcDbLine
8
KBL_ENERJI_2X25
10
-1.894
20
-6.44
30
0
11
-1.714
21
-6.49
31
0
0
LINE
5
6E31
330
6A3F
100
AcDbEntity
100
AcDbLine
8
KBL_ENERJI_2X25
10
0
20
1.2
30
0
11
-1.8679999999999999
21
1.15
31
0
0
LINE
5
6E32
330
6A3F
100
AcDbEntity
100
AcDbLine
8
KBL_ENERJI_2X25
10
-1.8679999999999999
20
1.15
30
0
11
-1.8679999999999999
21
-6.44
31
0
0
LINE
5
6E33
330
6A3F
100
AcDbEntity
100
AcDbLine
8
KBL_ENERJI_2X25
10
-1.8679999999999999
20
-6.44
30
0
11
-1.688
21
-6.49
31
0
0
LINE
5
6E34
330
6A3F
100
AcDbEntity
100
AcDbLine
8
KBL_ENERJI_2X25
10
0
20
1.2
30
0
11
-1.8419999999999999
21
1.15
31
0
0
LINE
5
6E35
330
6A3F
100
AcDbEntity
100
AcDbLine
8
KBL_ENERJI_2X25
10
-1.8419999999999999
20
1.15
30
0
11
-1.8419999999999999
21
-6.44
31
0
0
LINE
5
6E36
330
6A3F
100
AcDbEntity
100
AcDbLine
8
KBL_ENERJI_2X25
10
-1.8419999999999999
20
-6.44
30
0
11
-1.662
21
-6.49
31
0
0
LINE
5
6E37
330
6A3F
100
AcDbEntity
100
AcDbLine
8
KBL_ENERJI_2X25
10
0
20
1.2
30
0
11
-1.8159999999999998
21
1.15
31
0
0
LINE
5
6E38
330
6A3F
100
AcDbEntity
100
AcDbLine
8
KBL_ENERJI_2X25
10
-1.8159999999999998
20
1.15
30
0
11
-1.8159999999999998
21
-6.44
31
0
0
LINE
5
6E39
330
6A3F
100
AcDbEntity
100
AcDbLine
8
KBL_ENERJI_2X25
10
-1.8159999999999998
20
-6.44
30
0
11
-1.636
21
-6.49
31
0
0
LINE
5
6E3A
330
6A3F
100
AcDbEntity
100
AcDbLine
8
KBL_ENERJI_2X25
10
0
20
1.2
30
0
11
-1.79
21
1.15
31
0
0
LINE
5
6E3B
330
6A3F
100
AcDbEntity
100
AcDbLine
8
KBL_ENERJI_2X25
10
-1.79
20
1.15
30
0
11
-1.79
21
-6.44
31
0
0
LINE
5
6E3C
330
6A3F
100
AcDbEntity
100
AcDbLine
8
KBL_ENERJI_2X25
10
-1.79
20
-6.44
30
0
11
-1.61
21
-6.49
31
0
0
LINE
5
6E3D
330
6A3F
100
AcDbEntity
100
AcDbLine
8
KBL_ENERJI_2X25
10
0
20
1.2
30
0
11
-1.764
21
1.15
31
0
0
LINE
5
6E3E
330
6A3F
100
AcDbEntity
100
AcDbLine
8
KBL_ENERJI_2X25
10
-1.764
20
1.15
30
0
11
-1.764
21
-6.44
31
0
0
LINE
5
6E3F
330
6A3F
100
AcDbEntity
100
AcDbLine
8
KBL_ENERJI_2X25
10
-1.764
20
-6.44
30
0
11
-1.584
21
-6.49
31
0
0
LINE
5
6E40
330
6A3F
100
AcDbEntity
100
AcDbLine
8
KBL_ENERJI_2X25
10
0
20
1.2
30
0
11
-1.738
21
1.15
31
0
0
LINE
5
6E41
330
6A3F
100
AcDbEntity
100
AcDbLine
8
KBL_ENERJI_2X25
10
-1.738
20
1.15
30
0
11
-1.738
21
-6.44
31
0
0
LINE
5
6E42
330
6A3F
100
AcDbEntity
100
AcDbLine
8
KBL_ENERJI_2X25
10
-1.738
20
-6.44
30
0
11
-1.558
21
-6.49
31
0
0
LINE
5
6E43
330
6A3F
100
AcDbEntity
100
AcDbLine
8
KBL_ENERJI_2X25
10
0
20
1.2
30
0
11
-1.712
21
1.15
31
0
0
LINE
5
6E44
330
6A3F
100
AcDbEntity
100
AcDbLine
8
KBL_ENERJI_2X25
10
-1.712
20
1.15
30
0
11
-1.712
21
-6.44
31
0
0
LINE
5
6E45
330
6A3F
100
AcDbEntity
100
AcDbLine
8
KBL_ENERJI_2X25
10
-1.712
20
-6.44
30
0
11
-1.532
21
-6.49
31
0
0
LINE
5
6E46
330
6A3F
100
AcDbEntity
100
AcDbLine
8
KBL_ENERJI_2X25
10
0
20
1.2
30
0
11
-1.686
21
1.15
31
0
0
LINE
5
6E47
330
6A3F
100
AcDbEntity
100
AcDbLine
8
KBL_ENERJI_2X25
10
-1.686
20
1.15
30
0
11
-1.686
21
-6.44
31
0
0
LINE
5
6E48
330
6A3F
100
AcDbEntity
100
AcDbLine
8
KBL_ENERJI_2X25
10
-1.686
20
-6.44
30
0
11
-1.506
21
-6.49
31
0
0
LINE
5
6E49
330
6A3F
100
AcDbEntity
100
AcDbLine
8
KBL_ENERJI_2X25
10
0
20
1.2
30
0
11
-1.66
21
1.15
31
0
0
LINE
5
6E4A
330
6A3F
100
AcDbEntity
100
AcDbLine
8
KBL_ENERJI_2X25
10
-1.66
20
1.15
30
0
11
-1.66
21
-6.44
31
0
0
LINE
5
6E4B
330
6A3F
100
AcDbEntity
100
AcDbLine
8
KBL_ENERJI_2X25
10
-1.66
20
-6.44
30
0
11
-1.48
21
-6.49
31
0
0
LINE
5
6E4C
330
6A3F
100
AcDbEntity
100
AcDbLine
8
KBL_ENERJI_2X25
10
0
20
1.2
30
0
11
-1.634
21
1.15
31
0
0
LINE
5
6E4D
330
6A3F
100
AcDbEntity
100
AcDbLine
8
KBL_ENERJI_2X25
10
-1.634
20
1.15
30
0
11
-1.634
21
-6.44
31
0
0
LINE
5
6E4E
330
6A3F
100
AcDbEntity
100
AcDbLine
8
KBL_ENERJI_2X25
10
-1.634
20
-6.44
30
0
11
-1.454
21
-6.49
31
0
0
LINE
5
6E4F
330
6A3F
100
AcDbEntity
100
AcDbLine
8
KBL_ENERJI_2X25
10
0
20
1.2
30
0
11
-1.6079999999999999
21
1.15
31
0
0
LINE
5
6E50
330
6A3F
100
AcDbEntity
100
AcDbLine
8
KBL_ENERJI_2X25
10
-1.6079999999999999
20
1.15
30
0
11
-1.6079999999999999
21
-6.44
31
0
0
LINE
5
6E51
330
6A3F
100
AcDbEntity
100
AcDbLine
8
KBL_ENERJI_2X25
10
-1.6079999999999999
20
-6.44
30
0
11
-1.428
21
-6.49
31
0
0
LINE
5
6E52
330
6A3F
100
AcDbEntity
100
AcDbLine
8
KBL_ENERJI_2X25
10
0
20
1.2
30
0
11
-1.5819999999999999
21
1.15
31
0
0
LINE
5
6E53
330
6A3F
100
AcDbEntity
100
AcDbLine
8
KBL_ENERJI_2X25
10
-1.5819999999999999
20
1.15
30
0
11
-1.5819999999999999
21
-6.44
31
0
0
LINE
5
6E54
330
6A3F
100
AcDbEntity
100
AcDbLine
8
KBL_ENERJI_2X25
10
-1.5819999999999999
20
-6.44
30
0
11
-1.402
21
-6.49
31
0
0
LINE
5
6ABA
330
6A3F
100
AcDbEntity
100
AcDbLine
8
KABLO_KLEMENS
10
-0.22
20
1.5
30
0
11
0.22
21
1.5
31
0
0
LINE
5
6ABB
330
6A3F
100
AcDbEntity
100
AcDbLine
8
KABLO_KLEMENS
10
-0.22
20
4.5
30
0
11
0.22
21
4.5
31
0
0
LINE
5
6ABC
330
6A3F
100
AcDbEntity
100
AcDbLine
8
KABLO_KLEMENS
10
-0.22
20
7.5
30
0
11
0.22
21
7.5
31
0
0
LINE
5
6ABD
330
6A3F
100
AcDbEntity
100
AcDbLine
8
KABLO_KLEMENS
10
-0.22
20
10.5
30
0
11
0.22
21
10.5
31
0
0
LINE
5
6ABE
330
6A3F
100
AcDbEntity
100
AcDbLine
8
KABLO_KLEMENS
10
-0.22
20
13.5
30
0
11
0.22
21
13.5
31
0
0
LINE
5
6ABF
330
6A3F
100
AcDbEntity
100
AcDbLine
8
KABLO_KLEMENS
10
-0.22
20
16.5
30
0
11
0.22
21
16.5
31
0
0
LINE
5
6AC0
330
6A3F
100
AcDbEntity
100
AcDbLine
8
KABLO_KLEMENS
10
-0.22
20
19.5
30
0
11
0.22
21
19.5
31
0
0
LINE
5
6AC1
330
6A3F
100
AcDbEntity
100
AcDbLine
8
KABLO_KLEMENS
10
-0.22
20
22.5
30
0
11
0.22
21
22.5
31
0
0
LINE
5
6E55
330
6A3F
100
AcDbEntity
100
AcDbLine
8
KABLO_KLEMENS
10
-1.935
20
-5.9
30
0
11
-1.565
21
-5.9
31
0
0
LINE
5
6E56
330
6A3F
100
AcDbEntity
100
AcDbLine
8
KABLO_KLEMENS
10
-1.935
20
-5.3
30
0
11
-1.565
21
-5.3
31
0
0
LINE
5
6E57
330
6A3F
100
AcDbEntity
100
AcDbLine
8
KABLO_KLEMENS
10
-1.935
20
-4.7
30
0
11
-1.565
21
-4.7
31
0
0
LINE
5
6E58
330
6A3F
100
AcDbEntity
100
AcDbLine
8
KABLO_KLEMENS
10
-1.935
20
-4.1
30
0
11
-1.565
21
-4.1
31
0
0
LINE
5
6E59
330
6A3F
100
AcDbEntity
100
AcDbLine
8
KABLO_KLEMENS
10
-1.935
20
-3.5
30
0
11
-1.565
21
-3.5
31
0
0
LINE
5
6E5A
330
6A3F
100
AcDbEntity
100
AcDbLine
8
KABLO_KLEMENS
10
-1.935
20
-2.9
30
0
11
-1.565
21
-2.9
31
0
0
LINE
5
6E5B
330
6A3F
100
AcDbEntity
100
AcDbLine
8
KABLO_KLEMENS
10
-1.935
20
-2.3
30
0
11
-1.565
21
-2.3
31
0
0
LINE
5
6E5C
330
6A3F
100
AcDbEntity
100
AcDbLine
8
KABLO_KLEMENS
10
-1.935
20
-1.7000000000000002
30
0
11
-1.565
21
-1.7000000000000002
31
0
0
LINE
5
6E5D
330
6A3F
100
AcDbEntity
100
AcDbLine
8
KABLO_KLEMENS
10
-1.935
20
-1.0999999999999996
30
0
11
-1.565
21
-1.0999999999999996
31
0
0
LINE
5
6E5E
330
6A3F
100
AcDbEntity
100
AcDbLine
8
KABLO_KLEMENS
10
-1.935
20
-0.5
30
0
11
-1.565
21
-0.5
31
0
0
LINE
5
6E5F
330
6A3F
100
AcDbEntity
100
AcDbLine
8
KABLO_KLEMENS
10
-1.935
20
0.10000000000000053
30
0
11
-1.565
21
0.10000000000000053
31
0
0
LINE
5
6E60
330
6A3F
100
AcDbEntity
100
AcDbLine
8
KABLO_KLEMENS
10
-1.935
20
0.7000000000000002
30
0
11
-1.565
21
0.7000000000000002
31
0
0
ENDSEC
0
SECTION
2
OBJECTS
0
DICTIONARY
5
6A2D
330
0
100
AcDbDictionary
281
1
3
ACAD_GROUP
350
6A43
0
DICTIONARY
5
6A43
330
6A2D
100
AcDbDictionary
281
1
0
ENDSEC
0
EOF