0
SECTION
2
HEADER
9
$HANDSEED
5
E02B
9
$INSUNITS
70
6
9
$ACADVER
1
AC1021
9
$DWGCODEPAGE
3
UTF-8
0
ENDSEC
0
SECTION
2
CLASSES
0
ENDSEC
0
SECTION
2
TABLES
0
TABLE
2
LTYPE
5
E029
330
0
100
AcDbSymbolTable
70
5
0
LTYPE
5
D807
330
E029
100
AcDbSymbolTableRecord
100
AcDbLinetypeTableRecord
2
CONTINUOUS
3
______
70
0
72
65
73
0
40
0
0
LTYPE
5
D808
330
E029
100
AcDbSymbolTableRecord
100
AcDbLinetypeTableRecord
2
DASHED
3
_ _ _ 
70
0
72
65
73
2
40
10
49
5
74
0
49
-5
74
0
0
LTYPE
5
D809
330
E029
100
AcDbSymbolTableRecord
100
AcDbLinetypeTableRecord
2
DOTTED
3
. . . 
70
0
72
65
73
2
40
5
49
0
74
0
49
-5
74
0
0
LTYPE
5
D80B
330
E029
100
AcDbSymbolTableRecord
100
AcDbLinetypeTableRecord
2
ByBlock
3

70
0
72
65
73
0
40
0
0
LTYPE
5
D80C
330
E029
100
AcDbSymbolTableRecord
100
AcDbLinetypeTableRecord
2
ByLayer
3

70
0
72
65
73
0
40
0
0
ENDTAB
0
TABLE
2
LAYER
5
E02A
330
0
100
AcDbSymbolTable
70
21
0
LAYER
5
D80A
330
E02A
100
AcDbSymbolTableRecord
100
AcDbLayerTableRecord
2
0
62
7
70
0
6
CONTINUOUS
390
1
0
LAYER
5
D81D
330
E02A
100
AcDbSymbolTableRecord
100
AcDbLayerTableRecord
2
ZEMIN_PLATFORM
62
8
70
0
6
CONTINUOUS
390
1
0
LAYER
5
D81E
330
E02A
100
AcDbSymbolTableRecord
100
AcDbLayerTableRecord
2
KORKULUK_KAPI
62
4
70
0
6
CONTINUOUS
390
1
0
LAYER
5
D81F
330
E02A
100
AcDbSymbolTableRecord
100
AcDbLayerTableRecord
2
CELIK_KIRIS_KOLON
62
9
70
0
6
CONTINUOUS
390
1
0
LAYER
5
D820
330
E02A
100
AcDbSymbolTableRecord
100
AcDbLayerTableRecord
2
MONTAJ_BORULARI
62
2
70
0
6
CONTINUOUS
390
1
0
LAYER
5
D821
330
E02A
100
AcDbSymbolTableRecord
100
AcDbLayerTableRecord
2
KABLO_TAVALARI
62
6
70
0
6
CONTINUOUS
390
1
0
LAYER
5
D822
330
E02A
100
AcDbSymbolTableRecord
100
AcDbLayerTableRecord
2
YURUYUS_KORIDORU
62
3
70
0
6
DASHED
390
1
0
LAYER
5
D823
330
E02A
100
AcDbSymbolTableRecord
100
AcDbLayerTableRecord
2
OLCULER
62
1
70
0
6
CONTINUOUS
390
1
0
LAYER
5
D824
330
E02A
100
AcDbSymbolTableRecord
100
AcDbLayerTableRecord
2
METIN_BILGI
62
7
70
0
6
CONTINUOUS
390
1
0
LAYER
5
D825
330
E02A
100
AcDbSymbolTableRecord
100
AcDbLayerTableRecord
2
EKP_TURKCELL_RRU
62
5
70
0
6
CONTINUOUS
390
1
0
LAYER
5
D826
330
E02A
100
AcDbSymbolTableRecord
100
AcDbLayerTableRecord
2
EKP_VODAFONE_RRU
62
1
70
0
6
CONTINUOUS
390
1
0
LAYER
5
D827
330
E02A
100
AcDbSymbolTableRecord
100
AcDbLayerTableRecord
2
EKP_TURK_TELEKOM_RRU
62
4
70
0
6
CONTINUOUS
390
1
0
LAYER
5
D828
330
E02A
100
AcDbSymbolTableRecord
100
AcDbLayerTableRecord
2
EKP_POI_TASIYICI_SASE
62
30
70
0
6
CONTINUOUS
390
1
0
LAYER
5
D829
330
E02A
100
AcDbSymbolTableRecord
100
AcDbLayerTableRecord
2
EKP_POI_MODULLERI
62
40
70
0
6
CONTINUOUS
390
1
0
LAYER
5
D82A
330
E02A
100
AcDbSymbolTableRecord
100
AcDbLayerTableRecord
2
EKP_RECTIFIER_ELTEK_20U
62
3
70
0
6
CONTINUOUS
390
1
0
LAYER
5
D82B
330
E02A
100
AcDbSymbolTableRecord
100
AcDbLayerTableRecord
2
EKP_RECTIFIER_MTS9304A
62
94
70
0
6
CONTINUOUS
390
1
0
LAYER
5
D82C
330
E02A
100
AcDbSymbolTableRecord
100
AcDbLayerTableRecord
2
BLOK_OZEL_PLATFORM
62
140
70
0
6
CONTINUOUS
390
1
0
LAYER
5
D82D
330
E02A
100
AcDbSymbolTableRecord
100
AcDbLayerTableRecord
2
EKP_MATSING_ANTEN
62
2
70
0
6
CONTINUOUS
390
1
0
LAYER
5
D82E
330
E02A
100
AcDbSymbolTableRecord
100
AcDbLayerTableRecord
2
EKP_PANEL_ANTEN
62
6
70
0
6
CONTINUOUS
390
1
0
LAYER
5
D82F
330
E02A
100
AcDbSymbolTableRecord
100
AcDbLayerTableRecord
2
EKP_ANTEN_TASIYICI_KOL
62
141
70
0
6
CONTINUOUS
390
1
0
LAYER
5
D830
330
E02A
100
AcDbSymbolTableRecord
100
AcDbLayerTableRecord
2
EKP_DIGER_EKIPMANLAR
62
7
70
0
6
CONTINUOUS
390
1
0
ENDTAB
0
TABLE
2
VPORT
5
D80D
330
0
100
AcDbSymbolTable
70
1
0
VPORT
5
D813
330
D80D
100
AcDbSymbolTableRecord
100
AcDbViewportTableRecord
2
*ACTIVE
40
1000
70
0
0
ENDTAB
0
TABLE
2
STYLE
5
D80E
330
0
100
AcDbSymbolTable
70
3
0
STYLE
5
D814
330
D80E
100
AcDbSymbolTableRecord
100
AcDbTextStyleTableRecord
2
standard
70
0
40
0
41
1
50
0
71
0
42
1
3
calibrib.ttf
4

1001
ACAD
1000
Calibri
1071
33554466
0
STYLE
5
D815
330
D80E
100
AcDbSymbolTableRecord
100
AcDbTextStyleTableRecord
2
STANDARD
70
0
40
0
41
1
50
0
71
0
42
1
3
calibrib.ttf
4

1001
ACAD
1000
Calibri
1071
33554466
0
STYLE
5
D816
330
D80E
100
AcDbSymbolTableRecord
100
AcDbTextStyleTableRecord
2
CALIBRI_BOLD
70
0
40
0
41
1
50
0
71
0
42
1
3
calibrib.ttf
4

1001
ACAD
1000
Calibri
1071
33554466
0
ENDTAB
0
TABLE
2
VIEW
5
D80F
330
0
100
AcDbSymbolTable
70
0
0
ENDTAB
0
TABLE
2
UCS
5
D810
330
0
100
AcDbSymbolTable
70
0
0
ENDTAB
0
TABLE
2
APPID
5
D811
330
0
100
AcDbSymbolTable
70
1
0
APPID
5
D817
330
D811
100
AcDbSymbolTableRecord
100
AcDbRegAppTableRecord
2
ACAD
70
0
0
ENDTAB
0
TABLE
2
DIMSTYLE
5
D812
330
0
100
AcDbSymbolTable
100
AcDbDimStyleTable
70
0
71
1
0
ENDTAB
0
TABLE
2
BLOCK_RECORD
5
E026
330
0
100
AcDbSymbolTable
70
2
0
BLOCK_RECORD
5
E027
330
E026
100
AcDbSymbolTableRecord
100
AcDbBlockTableRecord
2
*Model_Space
70
0
280
0
281
1
0
BLOCK_RECORD
5
E028
330
E026
100
AcDbSymbolTableRecord
100
AcDbBlockTableRecord
2
*Paper_Space
70
0
280
0
281
1
0
ENDTAB
0
ENDSEC
0
SECTION
2
BLOCKS
0
BLOCK
5
D818
330
0
100
AcDbEntity
100
AcDbBlockBegin
2
*Model_Space
70
0
10
0
20
0
30
0
3
*Model_Space
1

0
ENDBLK
5
D819
330
0
100
AcDbEntity
100
AcDbBlockEnd
0
BLOCK
5
D81A
330
0
100
AcDbEntity
100
AcDbBlockBegin
2
*Paper_Space
70
0
10
0
20
0
30
0
3
*Paper_Space
1

0
ENDBLK
5
D81B
330
0
100
AcDbEntity
100
AcDbBlockEnd
0
ENDSEC
0
SECTION
2
ENTITIES
0
3DFACE
5
D843
330
D818
100
AcDbEntity
100
AcDbFace
8
MONTAJ_BORULARI
10
-0.775
20
-0.54
30
0
11
-0.7769030116872179
21
-0.5304329141908728
31
0
12
-0.7769030116872179
22
-0.5304329141908728
32
1.85
13
-0.775
23
-0.54
33
1.85
0
LINE
5
D844
330
D818
100
AcDbEntity
100
AcDbLine
8
MONTAJ_BORULARI
10
-0.775
20
-0.54
30
0
11
-0.7769030116872179
21
-0.5304329141908728
31
0
0
LINE
5
D845
330
D818
100
AcDbEntity
100
AcDbLine
8
MONTAJ_BORULARI
10
-0.775
20
-0.54
30
1.85
11
-0.7769030116872179
21
-0.5304329141908728
31
1.85
0
LINE
5
D846
330
D818
100
AcDbEntity
100
AcDbLine
8
MONTAJ_BORULARI
10
-0.775
20
-0.54
30
0
11
-0.775
21
-0.54
31
1.85
0
3DFACE
5
D847
330
D818
100
AcDbEntity
100
AcDbFace
8
MONTAJ_BORULARI
10
-0.7769030116872179
20
-0.5304329141908728
30
0
11
-0.7823223304703364
21
-0.5223223304703364
31
0
12
-0.7823223304703364
22
-0.5223223304703364
32
1.85
13
-0.7769030116872179
23
-0.5304329141908728
33
1.85
0
LINE
5
D848
330
D818
100
AcDbEntity
100
AcDbLine
8
MONTAJ_BORULARI
10
-0.7769030116872179
20
-0.5304329141908728
30
0
11
-0.7823223304703364
21
-0.5223223304703364
31
0
0
LINE
5
D849
330
D818
100
AcDbEntity
100
AcDbLine
8
MONTAJ_BORULARI
10
-0.7769030116872179
20
-0.5304329141908728
30
1.85
11
-0.7823223304703364
21
-0.5223223304703364
31
1.85
0
3DFACE
5
D84A
330
D818
100
AcDbEntity
100
AcDbFace
8
MONTAJ_BORULARI
10
-0.7823223304703364
20
-0.5223223304703364
30
0
11
-0.7904329141908728
21
-0.5169030116872179
31
0
12
-0.7904329141908728
22
-0.5169030116872179
32
1.85
13
-0.7823223304703364
23
-0.5223223304703364
33
1.85
0
LINE
5
D84B
330
D818
100
AcDbEntity
100
AcDbLine
8
MONTAJ_BORULARI
10
-0.7823223304703364
20
-0.5223223304703364
30
0
11
-0.7904329141908728
21
-0.5169030116872179
31
0
0
LINE
5
D84C
330
D818
100
AcDbEntity
100
AcDbLine
8
MONTAJ_BORULARI
10
-0.7823223304703364
20
-0.5223223304703364
30
1.85
11
-0.7904329141908728
21
-0.5169030116872179
31
1.85
0
3DFACE
5
D84D
330
D818
100
AcDbEntity
100
AcDbFace
8
MONTAJ_BORULARI
10
-0.7904329141908728
20
-0.5169030116872179
30
0
11
-0.8
21
-0.515
31
0
12
-0.8
22
-0.515
32
1.85
13
-0.7904329141908728
23
-0.5169030116872179
33
1.85
0
LINE
5
D84E
330
D818
100
AcDbEntity
100
AcDbLine
8
MONTAJ_BORULARI
10
-0.7904329141908728
20
-0.5169030116872179
30
0
11
-0.8
21
-0.515
31
0
0
LINE
5
D84F
330
D818
100
AcDbEntity
100
AcDbLine
8
MONTAJ_BORULARI
10
-0.7904329141908728
20
-0.5169030116872179
30
1.85
11
-0.8
21
-0.515
31
1.85
0
3DFACE
5
D850
330
D818
100
AcDbEntity
100
AcDbFace
8
MONTAJ_BORULARI
10
-0.8
20
-0.515
30
0
11
-0.8095670858091273
21
-0.5169030116872179
31
0
12
-0.8095670858091273
22
-0.5169030116872179
32
1.85
13
-0.8
23
-0.515
33
1.85
0
LINE
5
D851
330
D818
100
AcDbEntity
100
AcDbLine
8
MONTAJ_BORULARI
10
-0.8
20
-0.515
30
0
11
-0.8095670858091273
21
-0.5169030116872179
31
0
0
LINE
5
D852
330
D818
100
AcDbEntity
100
AcDbLine
8
MONTAJ_BORULARI
10
-0.8
20
-0.515
30
1.85
11
-0.8095670858091273
21
-0.5169030116872179
31
1.85
0
LINE
5
D853
330
D818
100
AcDbEntity
100
AcDbLine
8
MONTAJ_BORULARI
10
-0.8
20
-0.515
30
0
11
-0.8
21
-0.515
31
1.85
0
3DFACE
5
D854
330
D818
100
AcDbEntity
100
AcDbFace
8
MONTAJ_BORULARI
10
-0.8095670858091273
20
-0.5169030116872179
30
0
11
-0.8176776695296637
21
-0.5223223304703364
31
0
12
-0.8176776695296637
22
-0.5223223304703364
32
1.85
13
-0.8095670858091273
23
-0.5169030116872179
33
1.85
0
LINE
5
D855
330
D818
100
AcDbEntity
100
AcDbLine
8
MONTAJ_BORULARI
10
-0.8095670858091273
20
-0.5169030116872179
30
0
11
-0.8176776695296637
21
-0.5223223304703364
31
0
0
LINE
5
D856
330
D818
100
AcDbEntity
100
AcDbLine
8
MONTAJ_BORULARI
10
-0.8095670858091273
20
-0.5169030116872179
30
1.85
11
-0.8176776695296637
21
-0.5223223304703364
31
1.85
0
3DFACE
5
D857
330
D818
100
AcDbEntity
100
AcDbFace
8
MONTAJ_BORULARI
10
-0.8176776695296637
20
-0.5223223304703364
30
0
11
-0.8230969883127822
21
-0.5304329141908728
31
0
12
-0.8230969883127822
22
-0.5304329141908728
32
1.85
13
-0.8176776695296637
23
-0.5223223304703364
33
1.85
0
LINE
5
D858
330
D818
100
AcDbEntity
100
AcDbLine
8
MONTAJ_BORULARI
10
-0.8176776695296637
20
-0.5223223304703364
30
0
11
-0.8230969883127822
21
-0.5304329141908728
31
0
0
LINE
5
D859
330
D818
100
AcDbEntity
100
AcDbLine
8
MONTAJ_BORULARI
10
-0.8176776695296637
20
-0.5223223304703364
30
1.85
11
-0.8230969883127822
21
-0.5304329141908728
31
1.85
0
3DFACE
5
D85A
330
D818
100
AcDbEntity
100
AcDbFace
8
MONTAJ_BORULARI
10
-0.8230969883127822
20
-0.5304329141908728
30
0
11
-0.8250000000000001
21
-0.54
31
0
12
-0.8250000000000001
22
-0.54
32
1.85
13
-0.8230969883127822
23
-0.5304329141908728
33
1.85
0
LINE
5
D85B
330
D818
100
AcDbEntity
100
AcDbLine
8
MONTAJ_BORULARI
10
-0.8230969883127822
20
-0.5304329141908728
30
0
11
-0.8250000000000001
21
-0.54
31
0
0
LINE
5
D85C
330
D818
100
AcDbEntity
100
AcDbLine
8
MONTAJ_BORULARI
10
-0.8230969883127822
20
-0.5304329141908728
30
1.85
11
-0.8250000000000001
21
-0.54
31
1.85
0
3DFACE
5
D85D
330
D818
100
AcDbEntity
100
AcDbFace
8
MONTAJ_BORULARI
10
-0.8250000000000001
20
-0.54
30
0
11
-0.8230969883127822
21
-0.5495670858091273
31
0
12
-0.8230969883127822
22
-0.5495670858091273
32
1.85
13
-0.8250000000000001
23
-0.54
33
1.85
0
LINE
5
D85E
330
D818
100
AcDbEntity
100
AcDbLine
8
MONTAJ_BORULARI
10
-0.8250000000000001
20
-0.54
30
0
11
-0.8230969883127822
21
-0.5495670858091273
31
0
0
LINE
5
D85F
330
D818
100
AcDbEntity
100
AcDbLine
8
MONTAJ_BORULARI
10
-0.8250000000000001
20
-0.54
30
1.85
11
-0.8230969883127822
21
-0.5495670858091273
31
1.85
0
LINE
5
D860
330
D818
100
AcDbEntity
100
AcDbLine
8
MONTAJ_BORULARI
10
-0.8250000000000001
20
-0.54
30
0
11
-0.8250000000000001
21
-0.54
31
1.85
0
3DFACE
5
D861
330
D818
100
AcDbEntity
100
AcDbFace
8
MONTAJ_BORULARI
10
-0.8230969883127822
20
-0.5495670858091273
30
0
11
-0.8176776695296637
21
-0.5576776695296637
31
0
12
-0.8176776695296637
22
-0.5576776695296637
32
1.85
13
-0.8230969883127822
23
-0.5495670858091273
33
1.85
0
LINE
5
D862
330
D818
100
AcDbEntity
100
AcDbLine
8
MONTAJ_BORULARI
10
-0.8230969883127822
20
-0.5495670858091273
30
0
11
-0.8176776695296637
21
-0.5576776695296637
31
0
0
LINE
5
D863
330
D818
100
AcDbEntity
100
AcDbLine
8
MONTAJ_BORULARI
10
-0.8230969883127822
20
-0.5495670858091273
30
1.85
11
-0.8176776695296637
21
-0.5576776695296637
31
1.85
0
3DFACE
5
D864
330
D818
100
AcDbEntity
100
AcDbFace
8
MONTAJ_BORULARI
10
-0.8176776695296637
20
-0.5576776695296637
30
0
11
-0.8095670858091273
21
-0.5630969883127822
31
0
12
-0.8095670858091273
22
-0.5630969883127822
32
1.85
13
-0.8176776695296637
23
-0.5576776695296637
33
1.85
0
LINE
5
D865
330
D818
100
AcDbEntity
100
AcDbLine
8
MONTAJ_BORULARI
10
-0.8176776695296637
20
-0.5576776695296637
30
0
11
-0.8095670858091273
21
-0.5630969883127822
31
0
0
LINE
5
D866
330
D818
100
AcDbEntity
100
AcDbLine
8
MONTAJ_BORULARI
10
-0.8176776695296637
20
-0.5576776695296637
30
1.85
11
-0.8095670858091273
21
-0.5630969883127822
31
1.85
0
3DFACE
5
D867
330
D818
100
AcDbEntity
100
AcDbFace
8
MONTAJ_BORULARI
10
-0.8095670858091273
20
-0.5630969883127822
30
0
11
-0.8
21
-0.5650000000000001
31
0
12
-0.8
22
-0.5650000000000001
32
1.85
13
-0.8095670858091273
23
-0.5630969883127822
33
1.85
0
LINE
5
D868
330
D818
100
AcDbEntity
100
AcDbLine
8
MONTAJ_BORULARI
10
-0.8095670858091273
20
-0.5630969883127822
30
0
11
-0.8
21
-0.5650000000000001
31
0
0
LINE
5
D869
330
D818
100
AcDbEntity
100
AcDbLine
8
MONTAJ_BORULARI
10
-0.8095670858091273
20
-0.5630969883127822
30
1.85
11
-0.8
21
-0.5650000000000001
31
1.85
0
3DFACE
5
D86A
330
D818
100
AcDbEntity
100
AcDbFace
8
MONTAJ_BORULARI
10
-0.8
20
-0.5650000000000001
30
0
11
-0.7904329141908728
21
-0.5630969883127822
31
0
12
-0.7904329141908728
22
-0.5630969883127822
32
1.85
13
-0.8
23
-0.5650000000000001
33
1.85
0
LINE
5
D86B
330
D818
100
AcDbEntity
100
AcDbLine
8
MONTAJ_BORULARI
10
-0.8
20
-0.5650000000000001
30
0
11
-0.7904329141908728
21
-0.5630969883127822
31
0
0
LINE
5
D86C
330
D818
100
AcDbEntity
100
AcDbLine
8
MONTAJ_BORULARI
10
-0.8
20
-0.5650000000000001
30
1.85
11
-0.7904329141908728
21
-0.5630969883127822
31
1.85
0
LINE
5
D86D
330
D818
100
AcDbEntity
100
AcDbLine
8
MONTAJ_BORULARI
10
-0.8
20
-0.5650000000000001
30
0
11
-0.8
21
-0.5650000000000001
31
1.85
0
3DFACE
5
D86E
330
D818
100
AcDbEntity
100
AcDbFace
8
MONTAJ_BORULARI
10
-0.7904329141908728
20
-0.5630969883127822
30
0
11
-0.7823223304703364
21
-0.5576776695296637
31
0
12
-0.7823223304703364
22
-0.5576776695296637
32
1.85
13
-0.7904329141908728
23
-0.5630969883127822
33
1.85
0
LINE
5
D86F
330
D818
100
AcDbEntity
100
AcDbLine
8
MONTAJ_BORULARI
10
-0.7904329141908728
20
-0.5630969883127822
30
0
11
-0.7823223304703364
21
-0.5576776695296637
31
0
0
LINE
5
D870
330
D818
100
AcDbEntity
100
AcDbLine
8
MONTAJ_BORULARI
10
-0.7904329141908728
20
-0.5630969883127822
30
1.85
11
-0.7823223304703364
21
-0.5576776695296637
31
1.85
0
3DFACE
5
D871
330
D818
100
AcDbEntity
100
AcDbFace
8
MONTAJ_BORULARI
10
-0.7823223304703364
20
-0.5576776695296637
30
0
11
-0.7769030116872179
21
-0.5495670858091273
31
0
12
-0.7769030116872179
22
-0.5495670858091273
32
1.85
13
-0.7823223304703364
23
-0.5576776695296637
33
1.85
0
LINE
5
D872
330
D818
100
AcDbEntity
100
AcDbLine
8
MONTAJ_BORULARI
10
-0.7823223304703364
20
-0.5576776695296637
30
0
11
-0.7769030116872179
21
-0.5495670858091273
31
0
0
LINE
5
D873
330
D818
100
AcDbEntity
100
AcDbLine
8
MONTAJ_BORULARI
10
-0.7823223304703364
20
-0.5576776695296637
30
1.85
11
-0.7769030116872179
21
-0.5495670858091273
31
1.85
0
3DFACE
5
D874
330
D818
100
AcDbEntity
100
AcDbFace
8
MONTAJ_BORULARI
10
-0.7769030116872179
20
-0.5495670858091273
30
0
11
-0.775
21
-0.54
31
0
12
-0.775
22
-0.54
32
1.85
13
-0.7769030116872179
23
-0.5495670858091273
33
1.85
0
LINE
5
D875
330
D818
100
AcDbEntity
100
AcDbLine
8
MONTAJ_BORULARI
10
-0.7769030116872179
20
-0.5495670858091273
30
0
11
-0.775
21
-0.54
31
0
0
LINE
5
D876
330
D818
100
AcDbEntity
100
AcDbLine
8
MONTAJ_BORULARI
10
-0.7769030116872179
20
-0.5495670858091273
30
1.85
11
-0.775
21
-0.54
31
1.85
0
3DFACE
5
D877
330
D818
100
AcDbEntity
100
AcDbFace
8
MONTAJ_BORULARI
10
-0.775
20
-0.54
30
0
11
-0.7769030116872179
21
-0.5304329141908728
31
0
12
-0.7823223304703364
22
-0.5223223304703364
32
0
13
-0.7823223304703364
23
-0.5223223304703364
33
0
0
3DFACE
5
D878
330
D818
100
AcDbEntity
100
AcDbFace
8
MONTAJ_BORULARI
10
-0.775
20
-0.54
30
1.85
11
-0.7769030116872179
21
-0.5304329141908728
31
1.85
12
-0.7823223304703364
22
-0.5223223304703364
32
1.85
13
-0.7823223304703364
23
-0.5223223304703364
33
1.85
0
3DFACE
5
D879
330
D818
100
AcDbEntity
100
AcDbFace
8
MONTAJ_BORULARI
10
-0.775
20
-0.54
30
0
11
-0.7823223304703364
21
-0.5223223304703364
31
0
12
-0.7904329141908728
22
-0.5169030116872179
32
0
13
-0.7904329141908728
23
-0.5169030116872179
33
0
0
3DFACE
5
D87A
330
D818
100
AcDbEntity
100
AcDbFace
8
MONTAJ_BORULARI
10
-0.775
20
-0.54
30
1.85
11
-0.7823223304703364
21
-0.5223223304703364
31
1.85
12
-0.7904329141908728
22
-0.5169030116872179
32
1.85
13
-0.7904329141908728
23
-0.5169030116872179
33
1.85
0
3DFACE
5
D87B
330
D818
100
AcDbEntity
100
AcDbFace
8
MONTAJ_BORULARI
10
-0.775
20
-0.54
30
0
11
-0.7904329141908728
21
-0.5169030116872179
31
0
12
-0.8
22
-0.515
32
0
13
-0.8
23
-0.515
33
0
0
3DFACE
5
D87C
330
D818
100
AcDbEntity
100
AcDbFace
8
MONTAJ_BORULARI
10
-0.775
20
-0.54
30
1.85
11
-0.7904329141908728
21
-0.5169030116872179
31
1.85
12
-0.8
22
-0.515
32
1.85
13
-0.8
23
-0.515
33
1.85
0
3DFACE
5
D87D
330
D818
100
AcDbEntity
100
AcDbFace
8
MONTAJ_BORULARI
10
-0.775
20
-0.54
30
0
11
-0.8
21
-0.515
31
0
12
-0.8095670858091273
22
-0.5169030116872179
32
0
13
-0.8095670858091273
23
-0.5169030116872179
33
0
0
3DFACE
5
D87E
330
D818
100
AcDbEntity
100
AcDbFace
8
MONTAJ_BORULARI
10
-0.775
20
-0.54
30
1.85
11
-0.8
21
-0.515
31
1.85
12
-0.8095670858091273
22
-0.5169030116872179
32
1.85
13
-0.8095670858091273
23
-0.5169030116872179
33
1.85
0
3DFACE
5
D87F
330
D818
100
AcDbEntity
100
AcDbFace
8
MONTAJ_BORULARI
10
-0.775
20
-0.54
30
0
11
-0.8095670858091273
21
-0.5169030116872179
31
0
12
-0.8176776695296637
22
-0.5223223304703364
32
0
13
-0.8176776695296637
23
-0.5223223304703364
33
0
0
3DFACE
5
D880
330
D818
100
AcDbEntity
100
AcDbFace
8
MONTAJ_BORULARI
10
-0.775
20
-0.54
30
1.85
11
-0.8095670858091273
21
-0.5169030116872179
31
1.85
12
-0.8176776695296637
22
-0.5223223304703364
32
1.85
13
-0.8176776695296637
23
-0.5223223304703364
33
1.85
0
3DFACE
5
D881
330
D818
100
AcDbEntity
100
AcDbFace
8
MONTAJ_BORULARI
10
-0.775
20
-0.54
30
0
11
-0.8176776695296637
21
-0.5223223304703364
31
0
12
-0.8230969883127822
22
-0.5304329141908728
32
0
13
-0.8230969883127822
23
-0.5304329141908728
33
0
0
3DFACE
5
D882
330
D818
100
AcDbEntity
100
AcDbFace
8
MONTAJ_BORULARI
10
-0.775
20
-0.54
30
1.85
11
-0.8176776695296637
21
-0.5223223304703364
31
1.85
12
-0.8230969883127822
22
-0.5304329141908728
32
1.85
13
-0.8230969883127822
23
-0.5304329141908728
33
1.85
0
3DFACE
5
D883
330
D818
100
AcDbEntity
100
AcDbFace
8
MONTAJ_BORULARI
10
-0.775
20
-0.54
30
0
11
-0.8230969883127822
21
-0.5304329141908728
31
0
12
-0.8250000000000001
22
-0.54
32
0
13
-0.8250000000000001
23
-0.54
33
0
0
3DFACE
5
D884
330
D818
100
AcDbEntity
100
AcDbFace
8
MONTAJ_BORULARI
10
-0.775
20
-0.54
30
1.85
11
-0.8230969883127822
21
-0.5304329141908728
31
1.85
12
-0.8250000000000001
22
-0.54
32
1.85
13
-0.8250000000000001
23
-0.54
33
1.85
0
3DFACE
5
D885
330
D818
100
AcDbEntity
100
AcDbFace
8
MONTAJ_BORULARI
10
-0.775
20
-0.54
30
0
11
-0.8250000000000001
21
-0.54
31
0
12
-0.8230969883127822
22
-0.5495670858091273
32
0
13
-0.8230969883127822
23
-0.5495670858091273
33
0
0
3DFACE
5
D886
330
D818
100
AcDbEntity
100
AcDbFace
8
MONTAJ_BORULARI
10
-0.775
20
-0.54
30
1.85
11
-0.8250000000000001
21
-0.54
31
1.85
12
-0.8230969883127822
22
-0.5495670858091273
32
1.85
13
-0.8230969883127822
23
-0.5495670858091273
33
1.85
0
3DFACE
5
D887
330
D818
100
AcDbEntity
100
AcDbFace
8
MONTAJ_BORULARI
10
-0.775
20
-0.54
30
0
11
-0.8230969883127822
21
-0.5495670858091273
31
0
12
-0.8176776695296637
22
-0.5576776695296637
32
0
13
-0.8176776695296637
23
-0.5576776695296637
33
0
0
3DFACE
5
D888
330
D818
100
AcDbEntity
100
AcDbFace
8
MONTAJ_BORULARI
10
-0.775
20
-0.54
30
1.85
11
-0.8230969883127822
21
-0.5495670858091273
31
1.85
12
-0.8176776695296637
22
-0.5576776695296637
32
1.85
13
-0.8176776695296637
23
-0.5576776695296637
33
1.85
0
3DFACE
5
D889
330
D818
100
AcDbEntity
100
AcDbFace
8
MONTAJ_BORULARI
10
-0.775
20
-0.54
30
0
11
-0.8176776695296637
21
-0.5576776695296637
31
0
12
-0.8095670858091273
22
-0.5630969883127822
32
0
13
-0.8095670858091273
23
-0.5630969883127822
33
0
0
3DFACE
5
D88A
330
D818
100
AcDbEntity
100
AcDbFace
8
MONTAJ_BORULARI
10
-0.775
20
-0.54
30
1.85
11
-0.8176776695296637
21
-0.5576776695296637
31
1.85
12
-0.8095670858091273
22
-0.5630969883127822
32
1.85
13
-0.8095670858091273
23
-0.5630969883127822
33
1.85
0
3DFACE
5
D88B
330
D818
100
AcDbEntity
100
AcDbFace
8
MONTAJ_BORULARI
10
-0.775
20
-0.54
30
0
11
-0.8095670858091273
21
-0.5630969883127822
31
0
12
-0.8
22
-0.5650000000000001
32
0
13
-0.8
23
-0.5650000000000001
33
0
0
3DFACE
5
D88C
330
D818
100
AcDbEntity
100
AcDbFace
8
MONTAJ_BORULARI
10
-0.775
20
-0.54
30
1.85
11
-0.8095670858091273
21
-0.5630969883127822
31
1.85
12
-0.8
22
-0.5650000000000001
32
1.85
13
-0.8
23
-0.5650000000000001
33
1.85
0
3DFACE
5
D88D
330
D818
100
AcDbEntity
100
AcDbFace
8
MONTAJ_BORULARI
10
-0.775
20
-0.54
30
0
11
-0.8
21
-0.5650000000000001
31
0
12
-0.7904329141908728
22
-0.5630969883127822
32
0
13
-0.7904329141908728
23
-0.5630969883127822
33
0
0
3DFACE
5
D88E
330
D818
100
AcDbEntity
100
AcDbFace
8
MONTAJ_BORULARI
10
-0.775
20
-0.54
30
1.85
11
-0.8
21
-0.5650000000000001
31
1.85
12
-0.7904329141908728
22
-0.5630969883127822
32
1.85
13
-0.7904329141908728
23
-0.5630969883127822
33
1.85
0
3DFACE
5
D88F
330
D818
100
AcDbEntity
100
AcDbFace
8
MONTAJ_BORULARI
10
-0.775
20
-0.54
30
0
11
-0.7904329141908728
21
-0.5630969883127822
31
0
12
-0.7823223304703364
22
-0.5576776695296637
32
0
13
-0.7823223304703364
23
-0.5576776695296637
33
0
0
3DFACE
5
D890
330
D818
100
AcDbEntity
100
AcDbFace
8
MONTAJ_BORULARI
10
-0.775
20
-0.54
30
1.85
11
-0.7904329141908728
21
-0.5630969883127822
31
1.85
12
-0.7823223304703364
22
-0.5576776695296637
32
1.85
13
-0.7823223304703364
23
-0.5576776695296637
33
1.85
0
3DFACE
5
D891
330
D818
100
AcDbEntity
100
AcDbFace
8
MONTAJ_BORULARI
10
-0.775
20
-0.54
30
0
11
-0.7823223304703364
21
-0.5576776695296637
31
0
12
-0.7769030116872179
22
-0.5495670858091273
32
0
13
-0.7769030116872179
23
-0.5495670858091273
33
0
0
3DFACE
5
D892
330
D818
100
AcDbEntity
100
AcDbFace
8
MONTAJ_BORULARI
10
-0.775
20
-0.54
30
1.85
11
-0.7823223304703364
21
-0.5576776695296637
31
1.85
12
-0.7769030116872179
22
-0.5495670858091273
32
1.85
13
-0.7769030116872179
23
-0.5495670858091273
33
1.85
0
3DFACE
5
D893
330
D818
100
AcDbEntity
100
AcDbFace
8
MONTAJ_BORULARI
10
-0.88
20
-0.62
30
0
11
-0.72
21
-0.62
31
0
12
-0.72
22
-0.46
32
0
13
-0.88
23
-0.46
33
0
0
3DFACE
5
D894
330
D818
100
AcDbEntity
100
AcDbFace
8
MONTAJ_BORULARI
10
-0.88
20
-0.62
30
0.015
11
-0.72
21
-0.62
31
0.015
12
-0.72
22
-0.46
32
0.015
13
-0.88
23
-0.46
33
0.015
0
3DFACE
5
D895
330
D818
100
AcDbEntity
100
AcDbFace
8
MONTAJ_BORULARI
10
-0.88
20
-0.62
30
0
11
-0.72
21
-0.62
31
0
12
-0.72
22
-0.62
32
0.015
13
-0.88
23
-0.62
33
0.015
0
3DFACE
5
D896
330
D818
100
AcDbEntity
100
AcDbFace
8
MONTAJ_BORULARI
10
-0.88
20
-0.46
30
0
11
-0.72
21
-0.46
31
0
12
-0.72
22
-0.46
32
0.015
13
-0.88
23
-0.46
33
0.015
0
3DFACE
5
D897
330
D818
100
AcDbEntity
100
AcDbFace
8
MONTAJ_BORULARI
10
-0.88
20
-0.62
30
0
11
-0.88
21
-0.46
31
0
12
-0.88
22
-0.46
32
0.015
13
-0.88
23
-0.62
33
0.015
0
3DFACE
5
D898
330
D818
100
AcDbEntity
100
AcDbFace
8
MONTAJ_BORULARI
10
-0.72
20
-0.62
30
0
11
-0.72
21
-0.46
31
0
12
-0.72
22
-0.46
32
0.015
13
-0.72
23
-0.62
33
0.015
0
LINE
5
D899
330
D818
100
AcDbEntity
100
AcDbLine
8
MONTAJ_BORULARI
10
-0.88
20
-0.62
30
0
11
-0.72
21
-0.62
31
0
0
LINE
5
D89A
330
D818
100
AcDbEntity
100
AcDbLine
8
MONTAJ_BORULARI
10
-0.72
20
-0.62
30
0
11
-0.72
21
-0.46
31
0
0
LINE
5
D89B
330
D818
100
AcDbEntity
100
AcDbLine
8
MONTAJ_BORULARI
10
-0.72
20
-0.46
30
0
11
-0.88
21
-0.46
31
0
0
LINE
5
D89C
330
D818
100
AcDbEntity
100
AcDbLine
8
MONTAJ_BORULARI
10
-0.88
20
-0.46
30
0
11
-0.88
21
-0.62
31
0
0
LINE
5
D89D
330
D818
100
AcDbEntity
100
AcDbLine
8
MONTAJ_BORULARI
10
-0.88
20
-0.62
30
0.015
11
-0.72
21
-0.62
31
0.015
0
LINE
5
D89E
330
D818
100
AcDbEntity
100
AcDbLine
8
MONTAJ_BORULARI
10
-0.72
20
-0.62
30
0.015
11
-0.72
21
-0.46
31
0.015
0
LINE
5
D89F
330
D818
100
AcDbEntity
100
AcDbLine
8
MONTAJ_BORULARI
10
-0.72
20
-0.46
30
0.015
11
-0.88
21
-0.46
31
0.015
0
LINE
5
D8A0
330
D818
100
AcDbEntity
100
AcDbLine
8
MONTAJ_BORULARI
10
-0.88
20
-0.46
30
0.015
11
-0.88
21
-0.62
31
0.015
0
LINE
5
D8A1
330
D818
100
AcDbEntity
100
AcDbLine
8
MONTAJ_BORULARI
10
-0.88
20
-0.62
30
0
11
-0.88
21
-0.62
31
0.015
0
LINE
5
D8A2
330
D818
100
AcDbEntity
100
AcDbLine
8
MONTAJ_BORULARI
10
-0.72
20
-0.62
30
0
11
-0.72
21
-0.62
31
0.015
0
LINE
5
D8A3
330
D818
100
AcDbEntity
100
AcDbLine
8
MONTAJ_BORULARI
10
-0.72
20
-0.46
30
0
11
-0.72
21
-0.46
31
0.015
0
LINE
5
D8A4
330
D818
100
AcDbEntity
100
AcDbLine
8
MONTAJ_BORULARI
10
-0.88
20
-0.46
30
0
11
-0.88
21
-0.46
31
0.015
0
3DFACE
5
D8A5
330
D818
100
AcDbEntity
100
AcDbFace
8
MONTAJ_BORULARI
10
-0.775
20
-0.36
30
0
11
-0.7769030116872179
21
-0.35043291419087275
31
0
12
-0.7769030116872179
22
-0.35043291419087275
32
1.85
13
-0.775
23
-0.36
33
1.85
0
LINE
5
D8A6
330
D818
100
AcDbEntity
100
AcDbLine
8
MONTAJ_BORULARI
10
-0.775
20
-0.36
30
0
11
-0.7769030116872179
21
-0.35043291419087275
31
0
0
LINE
5
D8A7
330
D818
100
AcDbEntity
100
AcDbLine
8
MONTAJ_BORULARI
10
-0.775
20
-0.36
30
1.85
11
-0.7769030116872179
21
-0.35043291419087275
31
1.85
0
LINE
5
D8A8
330
D818
100
AcDbEntity
100
AcDbLine
8
MONTAJ_BORULARI
10
-0.775
20
-0.36
30
0
11
-0.775
21
-0.36
31
1.85
0
3DFACE
5
D8A9
330
D818
100
AcDbEntity
100
AcDbFace
8
MONTAJ_BORULARI
10
-0.7769030116872179
20
-0.35043291419087275
30
0
11
-0.7823223304703364
21
-0.3423223304703363
31
0
12
-0.7823223304703364
22
-0.3423223304703363
32
1.85
13
-0.7769030116872179
23
-0.35043291419087275
33
1.85
0
LINE
5
D8AA
330
D818
100
AcDbEntity
100
AcDbLine
8
MONTAJ_BORULARI
10
-0.7769030116872179
20
-0.35043291419087275
30
0
11
-0.7823223304703364
21
-0.3423223304703363
31
0
0
LINE
5
D8AB
330
D818
100
AcDbEntity
100
AcDbLine
8
MONTAJ_BORULARI
10
-0.7769030116872179
20
-0.35043291419087275
30
1.85
11
-0.7823223304703364
21
-0.3423223304703363
31
1.85
0
3DFACE
5
D8AC
330
D818
100
AcDbEntity
100
AcDbFace
8
MONTAJ_BORULARI
10
-0.7823223304703364
20
-0.3423223304703363
30
0
11
-0.7904329141908728
21
-0.3369030116872178
31
0
12
-0.7904329141908728
22
-0.3369030116872178
32
1.85
13
-0.7823223304703364
23
-0.3423223304703363
33
1.85
0
LINE
5
D8AD
330
D818
100
AcDbEntity
100
AcDbLine
8
MONTAJ_BORULARI
10
-0.7823223304703364
20
-0.3423223304703363
30
0
11
-0.7904329141908728
21
-0.3369030116872178
31
0
0
LINE
5
D8AE
330
D818
100
AcDbEntity
100
AcDbLine
8
MONTAJ_BORULARI
10
-0.7823223304703364
20
-0.3423223304703363
30
1.85
11
-0.7904329141908728
21
-0.3369030116872178
31
1.85
0
3DFACE
5
D8AF
330
D818
100
AcDbEntity
100
AcDbFace
8
MONTAJ_BORULARI
10
-0.7904329141908728
20
-0.3369030116872178
30
0
11
-0.8
21
-0.33499999999999996
31
0
12
-0.8
22
-0.33499999999999996
32
1.85
13
-0.7904329141908728
23
-0.3369030116872178
33
1.85
0
LINE
5
D8B0
330
D818
100
AcDbEntity
100
AcDbLine
8
MONTAJ_BORULARI
10
-0.7904329141908728
20
-0.3369030116872178
30
0
11
-0.8
21
-0.33499999999999996
31
0
0
LINE
5
D8B1
330
D818
100
AcDbEntity
100
AcDbLine
8
MONTAJ_BORULARI
10
-0.7904329141908728
20
-0.3369030116872178
30
1.85
11
-0.8
21
-0.33499999999999996
31
1.85
0
3DFACE
5
D8B2
330
D818
100
AcDbEntity
100
AcDbFace
8
MONTAJ_BORULARI
10
-0.8
20
-0.33499999999999996
30
0
11
-0.8095670858091273
21
-0.3369030116872178
31
0
12
-0.8095670858091273
22
-0.3369030116872178
32
1.85
13
-0.8
23
-0.33499999999999996
33
1.85
0
LINE
5
D8B3
330
D818
100
AcDbEntity
100
AcDbLine
8
MONTAJ_BORULARI
10
-0.8
20
-0.33499999999999996
30
0
11
-0.8095670858091273
21
-0.3369030116872178
31
0
0
LINE
5
D8B4
330
D818
100
AcDbEntity
100
AcDbLine
8
MONTAJ_BORULARI
10
-0.8
20
-0.33499999999999996
30
1.85
11
-0.8095670858091273
21
-0.3369030116872178
31
1.85
0
LINE
5
D8B5
330
D818
100
AcDbEntity
100
AcDbLine
8
MONTAJ_BORULARI
10
-0.8
20
-0.33499999999999996
30
0
11
-0.8
21
-0.33499999999999996
31
1.85
0
3DFACE
5
D8B6
330
D818
100
AcDbEntity
100
AcDbFace
8
MONTAJ_BORULARI
10
-0.8095670858091273
20
-0.3369030116872178
30
0
11
-0.8176776695296637
21
-0.3423223304703363
31
0
12
-0.8176776695296637
22
-0.3423223304703363
32
1.85
13
-0.8095670858091273
23
-0.3369030116872178
33
1.85
0
LINE
5
D8B7
330
D818
100
AcDbEntity
100
AcDbLine
8
MONTAJ_BORULARI
10
-0.8095670858091273
20
-0.3369030116872178
30
0
11
-0.8176776695296637
21
-0.3423223304703363
31
0
0
LINE
5
D8B8
330
D818
100
AcDbEntity
100
AcDbLine
8
MONTAJ_BORULARI
10
-0.8095670858091273
20
-0.3369030116872178
30
1.85
11
-0.8176776695296637
21
-0.3423223304703363
31
1.85
0
3DFACE
5
D8B9
330
D818
100
AcDbEntity
100
AcDbFace
8
MONTAJ_BORULARI
10
-0.8176776695296637
20
-0.3423223304703363
30
0
11
-0.8230969883127822
21
-0.35043291419087275
31
0
12
-0.8230969883127822
22
-0.35043291419087275
32
1.85
13
-0.8176776695296637
23
-0.3423223304703363
33
1.85
0
LINE
5
D8BA
330
D818
100
AcDbEntity
100
AcDbLine
8
MONTAJ_BORULARI
10
-0.8176776695296637
20
-0.3423223304703363
30
0
11
-0.8230969883127822
21
-0.35043291419087275
31
0
0
LINE
5
D8BB
330
D818
100
AcDbEntity
100
AcDbLine
8
MONTAJ_BORULARI
10
-0.8176776695296637
20
-0.3423223304703363
30
1.85
11
-0.8230969883127822
21
-0.35043291419087275
31
1.85
0
3DFACE
5
D8BC
330
D818
100
AcDbEntity
100
AcDbFace
8
MONTAJ_BORULARI
10
-0.8230969883127822
20
-0.35043291419087275
30
0
11
-0.8250000000000001
21
-0.36
31
0
12
-0.8250000000000001
22
-0.36
32
1.85
13
-0.8230969883127822
23
-0.35043291419087275
33
1.85
0
LINE
5
D8BD
330
D818
100
AcDbEntity
100
AcDbLine
8
MONTAJ_BORULARI
10
-0.8230969883127822
20
-0.35043291419087275
30
0
11
-0.8250000000000001
21
-0.36
31
0
0
LINE
5
D8BE
330
D818
100
AcDbEntity
100
AcDbLine
8
MONTAJ_BORULARI
10
-0.8230969883127822
20
-0.35043291419087275
30
1.85
11
-0.8250000000000001
21
-0.36
31
1.85
0
3DFACE
5
D8BF
330
D818
100
AcDbEntity
100
AcDbFace
8
MONTAJ_BORULARI
10
-0.8250000000000001
20
-0.36
30
0
11
-0.8230969883127822
21
-0.3695670858091272
31
0
12
-0.8230969883127822
22
-0.3695670858091272
32
1.85
13
-0.8250000000000001
23
-0.36
33
1.85
0
LINE
5
D8C0
330
D818
100
AcDbEntity
100
AcDbLine
8
MONTAJ_BORULARI
10
-0.8250000000000001
20
-0.36
30
0
11
-0.8230969883127822
21
-0.3695670858091272
31
0
0
LINE
5
D8C1
330
D818
100
AcDbEntity
100
AcDbLine
8
MONTAJ_BORULARI
10
-0.8250000000000001
20
-0.36
30
1.85
11
-0.8230969883127822
21
-0.3695670858091272
31
1.85
0
LINE
5
D8C2
330
D818
100
AcDbEntity
100
AcDbLine
8
MONTAJ_BORULARI
10
-0.8250000000000001
20
-0.36
30
0
11
-0.8250000000000001
21
-0.36
31
1.85
0
3DFACE
5
D8C3
330
D818
100
AcDbEntity
100
AcDbFace
8
MONTAJ_BORULARI
10
-0.8230969883127822
20
-0.3695670858091272
30
0
11
-0.8176776695296637
21
-0.3776776695296637
31
0
12
-0.8176776695296637
22
-0.3776776695296637
32
1.85
13
-0.8230969883127822
23
-0.3695670858091272
33
1.85
0
LINE
5
D8C4
330
D818
100
AcDbEntity
100
AcDbLine
8
MONTAJ_BORULARI
10
-0.8230969883127822
20
-0.3695670858091272
30
0
11
-0.8176776695296637
21
-0.3776776695296637
31
0
0
LINE
5
D8C5
330
D818
100
AcDbEntity
100
AcDbLine
8
MONTAJ_BORULARI
10
-0.8230969883127822
20
-0.3695670858091272
30
1.85
11
-0.8176776695296637
21
-0.3776776695296637
31
1.85
0
3DFACE
5
D8C6
330
D818
100
AcDbEntity
100
AcDbFace
8
MONTAJ_BORULARI
10
-0.8176776695296637
20
-0.3776776695296637
30
0
11
-0.8095670858091273
21
-0.38309698831278216
31
0
12
-0.8095670858091273
22
-0.38309698831278216
32
1.85
13
-0.8176776695296637
23
-0.3776776695296637
33
1.85
0
LINE
5
D8C7
330
D818
100
AcDbEntity
100
AcDbLine
8
MONTAJ_BORULARI
10
-0.8176776695296637
20
-0.3776776695296637
30
0
11
-0.8095670858091273
21
-0.38309698831278216
31
0
0
LINE
5
D8C8
330
D818
100
AcDbEntity
100
AcDbLine
8
MONTAJ_BORULARI
10
-0.8176776695296637
20
-0.3776776695296637
30
1.85
11
-0.8095670858091273
21
-0.38309698831278216
31
1.85
0
3DFACE
5
D8C9
330
D818
100
AcDbEntity
100
AcDbFace
8
MONTAJ_BORULARI
10
-0.8095670858091273
20
-0.38309698831278216
30
0
11
-0.8
21
-0.385
31
0
12
-0.8
22
-0.385
32
1.85
13
-0.8095670858091273
23
-0.38309698831278216
33
1.85
0
LINE
5
D8CA
330
D818
100
AcDbEntity
100
AcDbLine
8
MONTAJ_BORULARI
10
-0.8095670858091273
20
-0.38309698831278216
30
0
11
-0.8
21
-0.385
31
0
0
LINE
5
D8CB
330
D818
100
AcDbEntity
100
AcDbLine
8
MONTAJ_BORULARI
10
-0.8095670858091273
20
-0.38309698831278216
30
1.85
11
-0.8
21
-0.385
31
1.85
0
3DFACE
5
D8CC
330
D818
100
AcDbEntity
100
AcDbFace
8
MONTAJ_BORULARI
10
-0.8
20
-0.385
30
0
11
-0.7904329141908728
21
-0.38309698831278216
31
0
12
-0.7904329141908728
22
-0.38309698831278216
32
1.85
13
-0.8
23
-0.385
33
1.85
0
LINE
5
D8CD
330
D818
100
AcDbEntity
100
AcDbLine
8
MONTAJ_BORULARI
10
-0.8
20
-0.385
30
0
11
-0.7904329141908728
21
-0.38309698831278216
31
0
0
LINE
5
D8CE
330
D818
100
AcDbEntity
100
AcDbLine
8
MONTAJ_BORULARI
10
-0.8
20
-0.385
30
1.85
11
-0.7904329141908728
21
-0.38309698831278216
31
1.85
0
LINE
5
D8CF
330
D818
100
AcDbEntity
100
AcDbLine
8
MONTAJ_BORULARI
10
-0.8
20
-0.385
30
0
11
-0.8
21
-0.385
31
1.85
0
3DFACE
5
D8D0
330
D818
100
AcDbEntity
100
AcDbFace
8
MONTAJ_BORULARI
10
-0.7904329141908728
20
-0.38309698831278216
30
0
11
-0.7823223304703364
21
-0.3776776695296637
31
0
12
-0.7823223304703364
22
-0.3776776695296637
32
1.85
13
-0.7904329141908728
23
-0.38309698831278216
33
1.85
0
LINE
5
D8D1
330
D818
100
AcDbEntity
100
AcDbLine
8
MONTAJ_BORULARI
10
-0.7904329141908728
20
-0.38309698831278216
30
0
11
-0.7823223304703364
21
-0.3776776695296637
31
0
0
LINE
5
D8D2
330
D818
100
AcDbEntity
100
AcDbLine
8
MONTAJ_BORULARI
10
-0.7904329141908728
20
-0.38309698831278216
30
1.85
11
-0.7823223304703364
21
-0.3776776695296637
31
1.85
0
3DFACE
5
D8D3
330
D818
100
AcDbEntity
100
AcDbFace
8
MONTAJ_BORULARI
10
-0.7823223304703364
20
-0.3776776695296637
30
0
11
-0.7769030116872179
21
-0.3695670858091272
31
0
12
-0.7769030116872179
22
-0.3695670858091272
32
1.85
13
-0.7823223304703364
23
-0.3776776695296637
33
1.85
0
LINE
5
D8D4
330
D818
100
AcDbEntity
100
AcDbLine
8
MONTAJ_BORULARI
10
-0.7823223304703364
20
-0.3776776695296637
30
0
11
-0.7769030116872179
21
-0.3695670858091272
31
0
0
LINE
5
D8D5
330
D818
100
AcDbEntity
100
AcDbLine
8
MONTAJ_BORULARI
10
-0.7823223304703364
20
-0.3776776695296637
30
1.85
11
-0.7769030116872179
21
-0.3695670858091272
31
1.85
0
3DFACE
5
D8D6
330
D818
100
AcDbEntity
100
AcDbFace
8
MONTAJ_BORULARI
10
-0.7769030116872179
20
-0.3695670858091272
30
0
11
-0.775
21
-0.36
31
0
12
-0.775
22
-0.36
32
1.85
13
-0.7769030116872179
23
-0.3695670858091272
33
1.85
0
LINE
5
D8D7
330
D818
100
AcDbEntity
100
AcDbLine
8
MONTAJ_BORULARI
10
-0.7769030116872179
20
-0.3695670858091272
30
0
11
-0.775
21
-0.36
31
0
0
LINE
5
D8D8
330
D818
100
AcDbEntity
100
AcDbLine
8
MONTAJ_BORULARI
10
-0.7769030116872179
20
-0.3695670858091272
30
1.85
11
-0.775
21
-0.36
31
1.85
0
3DFACE
5
D8D9
330
D818
100
AcDbEntity
100
AcDbFace
8
MONTAJ_BORULARI
10
-0.775
20
-0.36
30
0
11
-0.7769030116872179
21
-0.35043291419087275
31
0
12
-0.7823223304703364
22
-0.3423223304703363
32
0
13
-0.7823223304703364
23
-0.3423223304703363
33
0
0
3DFACE
5
D8DA
330
D818
100
AcDbEntity
100
AcDbFace
8
MONTAJ_BORULARI
10
-0.775
20
-0.36
30
1.85
11
-0.7769030116872179
21
-0.35043291419087275
31
1.85
12
-0.7823223304703364
22
-0.3423223304703363
32
1.85
13
-0.7823223304703364
23
-0.3423223304703363
33
1.85
0
3DFACE
5
D8DB
330
D818
100
AcDbEntity
100
AcDbFace
8
MONTAJ_BORULARI
10
-0.775
20
-0.36
30
0
11
-0.7823223304703364
21
-0.3423223304703363
31
0
12
-0.7904329141908728
22
-0.3369030116872178
32
0
13
-0.7904329141908728
23
-0.3369030116872178
33
0
0
3DFACE
5
D8DC
330
D818
100
AcDbEntity
100
AcDbFace
8
MONTAJ_BORULARI
10
-0.775
20
-0.36
30
1.85
11
-0.7823223304703364
21
-0.3423223304703363
31
1.85
12
-0.7904329141908728
22
-0.3369030116872178
32
1.85
13
-0.7904329141908728
23
-0.3369030116872178
33
1.85
0
3DFACE
5
D8DD
330
D818
100
AcDbEntity
100
AcDbFace
8
MONTAJ_BORULARI
10
-0.775
20
-0.36
30
0
11
-0.7904329141908728
21
-0.3369030116872178
31
0
12
-0.8
22
-0.33499999999999996
32
0
13
-0.8
23
-0.33499999999999996
33
0
0
3DFACE
5
D8DE
330
D818
100
AcDbEntity
100
AcDbFace
8
MONTAJ_BORULARI
10
-0.775
20
-0.36
30
1.85
11
-0.7904329141908728
21
-0.3369030116872178
31
1.85
12
-0.8
22
-0.33499999999999996
32
1.85
13
-0.8
23
-0.33499999999999996
33
1.85
0
3DFACE
5
D8DF
330
D818
100
AcDbEntity
100
AcDbFace
8
MONTAJ_BORULARI
10
-0.775
20
-0.36
30
0
11
-0.8
21
-0.33499999999999996
31
0
12
-0.8095670858091273
22
-0.3369030116872178
32
0
13
-0.8095670858091273
23
-0.3369030116872178
33
0
0
3DFACE
5
D8E0
330
D818
100
AcDbEntity
100
AcDbFace
8
MONTAJ_BORULARI
10
-0.775
20
-0.36
30
1.85
11
-0.8
21
-0.33499999999999996
31
1.85
12
-0.8095670858091273
22
-0.3369030116872178
32
1.85
13
-0.8095670858091273
23
-0.3369030116872178
33
1.85
0
3DFACE
5
D8E1
330
D818
100
AcDbEntity
100
AcDbFace
8
MONTAJ_BORULARI
10
-0.775
20
-0.36
30
0
11
-0.8095670858091273
21
-0.3369030116872178
31
0
12
-0.8176776695296637
22
-0.3423223304703363
32
0
13
-0.8176776695296637
23
-0.3423223304703363
33
0
0
3DFACE
5
D8E2
330
D818
100
AcDbEntity
100
AcDbFace
8
MONTAJ_BORULARI
10
-0.775
20
-0.36
30
1.85
11
-0.8095670858091273
21
-0.3369030116872178
31
1.85
12
-0.8176776695296637
22
-0.3423223304703363
32
1.85
13
-0.8176776695296637
23
-0.3423223304703363
33
1.85
0
3DFACE
5
D8E3
330
D818
100
AcDbEntity
100
AcDbFace
8
MONTAJ_BORULARI
10
-0.775
20
-0.36
30
0
11
-0.8176776695296637
21
-0.3423223304703363
31
0
12
-0.8230969883127822
22
-0.35043291419087275
32
0
13
-0.8230969883127822
23
-0.35043291419087275
33
0
0
3DFACE
5
D8E4
330
D818
100
AcDbEntity
100
AcDbFace
8
MONTAJ_BORULARI
10
-0.775
20
-0.36
30
1.85
11
-0.8176776695296637
21
-0.3423223304703363
31
1.85
12
-0.8230969883127822
22
-0.35043291419087275
32
1.85
13
-0.8230969883127822
23
-0.35043291419087275
33
1.85
0
3DFACE
5
D8E5
330
D818
100
AcDbEntity
100
AcDbFace
8
MONTAJ_BORULARI
10
-0.775
20
-0.36
30
0
11
-0.8230969883127822
21
-0.35043291419087275
31
0
12
-0.8250000000000001
22
-0.36
32
0
13
-0.8250000000000001
23
-0.36
33
0
0
3DFACE
5
D8E6
330
D818
100
AcDbEntity
100
AcDbFace
8
MONTAJ_BORULARI
10
-0.775
20
-0.36
30
1.85
11
-0.8230969883127822
21
-0.35043291419087275
31
1.85
12
-0.8250000000000001
22
-0.36
32
1.85
13
-0.8250000000000001
23
-0.36
33
1.85
0
3DFACE
5
D8E7
330
D818
100
AcDbEntity
100
AcDbFace
8
MONTAJ_BORULARI
10
-0.775
20
-0.36
30
0
11
-0.8250000000000001
21
-0.36
31
0
12
-0.8230969883127822
22
-0.3695670858091272
32
0
13
-0.8230969883127822
23
-0.3695670858091272
33
0
0
3DFACE
5
D8E8
330
D818
100
AcDbEntity
100
AcDbFace
8
MONTAJ_BORULARI
10
-0.775
20
-0.36
30
1.85
11
-0.8250000000000001
21
-0.36
31
1.85
12
-0.8230969883127822
22
-0.3695670858091272
32
1.85
13
-0.8230969883127822
23
-0.3695670858091272
33
1.85
0
3DFACE
5
D8E9
330
D818
100
AcDbEntity
100
AcDbFace
8
MONTAJ_BORULARI
10
-0.775
20
-0.36
30
0
11
-0.8230969883127822
21
-0.3695670858091272
31
0
12
-0.8176776695296637
22
-0.3776776695296637
32
0
13
-0.8176776695296637
23
-0.3776776695296637
33
0
0
3DFACE
5
D8EA
330
D818
100
AcDbEntity
100
AcDbFace
8
MONTAJ_BORULARI
10
-0.775
20
-0.36
30
1.85
11
-0.8230969883127822
21
-0.3695670858091272
31
1.85
12
-0.8176776695296637
22
-0.3776776695296637
32
1.85
13
-0.8176776695296637
23
-0.3776776695296637
33
1.85
0
3DFACE
5
D8EB
330
D818
100
AcDbEntity
100
AcDbFace
8
MONTAJ_BORULARI
10
-0.775
20
-0.36
30
0
11
-0.8176776695296637
21
-0.3776776695296637
31
0
12
-0.8095670858091273
22
-0.38309698831278216
32
0
13
-0.8095670858091273
23
-0.38309698831278216
33
0
0
3DFACE
5
D8EC
330
D818
100
AcDbEntity
100
AcDbFace
8
MONTAJ_BORULARI
10
-0.775
20
-0.36
30
1.85
11
-0.8176776695296637
21
-0.3776776695296637
31
1.85
12
-0.8095670858091273
22
-0.38309698831278216
32
1.85
13
-0.8095670858091273
23
-0.38309698831278216
33
1.85
0
3DFACE
5
D8ED
330
D818
100
AcDbEntity
100
AcDbFace
8
MONTAJ_BORULARI
10
-0.775
20
-0.36
30
0
11
-0.8095670858091273
21
-0.38309698831278216
31
0
12
-0.8
22
-0.385
32
0
13
-0.8
23
-0.385
33
0
0
3DFACE
5
D8EE
330
D818
100
AcDbEntity
100
AcDbFace
8
MONTAJ_BORULARI
10
-0.775
20
-0.36
30
1.85
11
-0.8095670858091273
21
-0.38309698831278216
31
1.85
12
-0.8
22
-0.385
32
1.85
13
-0.8
23
-0.385
33
1.85
0
3DFACE
5
D8EF
330
D818
100
AcDbEntity
100
AcDbFace
8
MONTAJ_BORULARI
10
-0.775
20
-0.36
30
0
11
-0.8
21
-0.385
31
0
12
-0.7904329141908728
22
-0.38309698831278216
32
0
13
-0.7904329141908728
23
-0.38309698831278216
33
0
0
3DFACE
5
D8F0
330
D818
100
AcDbEntity
100
AcDbFace
8
MONTAJ_BORULARI
10
-0.775
20
-0.36
30
1.85
11
-0.8
21
-0.385
31
1.85
12
-0.7904329141908728
22
-0.38309698831278216
32
1.85
13
-0.7904329141908728
23
-0.38309698831278216
33
1.85
0
3DFACE
5
D8F1
330
D818
100
AcDbEntity
100
AcDbFace
8
MONTAJ_BORULARI
10
-0.775
20
-0.36
30
0
11
-0.7904329141908728
21
-0.38309698831278216
31
0
12
-0.7823223304703364
22
-0.3776776695296637
32
0
13
-0.7823223304703364
23
-0.3776776695296637
33
0
0
3DFACE
5
D8F2
330
D818
100
AcDbEntity
100
AcDbFace
8
MONTAJ_BORULARI
10
-0.775
20
-0.36
30
1.85
11
-0.7904329141908728
21
-0.38309698831278216
31
1.85
12
-0.7823223304703364
22
-0.3776776695296637
32
1.85
13
-0.7823223304703364
23
-0.3776776695296637
33
1.85
0
3DFACE
5
D8F3
330
D818
100
AcDbEntity
100
AcDbFace
8
MONTAJ_BORULARI
10
-0.775
20
-0.36
30
0
11
-0.7823223304703364
21
-0.3776776695296637
31
0
12
-0.7769030116872179
22
-0.3695670858091272
32
0
13
-0.7769030116872179
23
-0.3695670858091272
33
0
0
3DFACE
5
D8F4
330
D818
100
AcDbEntity
100
AcDbFace
8
MONTAJ_BORULARI
10
-0.775
20
-0.36
30
1.85
11
-0.7823223304703364
21
-0.3776776695296637
31
1.85
12
-0.7769030116872179
22
-0.3695670858091272
32
1.85
13
-0.7769030116872179
23
-0.3695670858091272
33
1.85
0
3DFACE
5
D8F5
330
D818
100
AcDbEntity
100
AcDbFace
8
MONTAJ_BORULARI
10
-0.88
20
-0.44
30
0
11
-0.72
21
-0.44
31
0
12
-0.72
22
-0.28
32
0
13
-0.88
23
-0.28
33
0
0
3DFACE
5
D8F6
330
D818
100
AcDbEntity
100
AcDbFace
8
MONTAJ_BORULARI
10
-0.88
20
-0.44
30
0.015
11
-0.72
21
-0.44
31
0.015
12
-0.72
22
-0.28
32
0.015
13
-0.88
23
-0.28
33
0.015
0
3DFACE
5
D8F7
330
D818
100
AcDbEntity
100
AcDbFace
8
MONTAJ_BORULARI
10
-0.88
20
-0.44
30
0
11
-0.72
21
-0.44
31
0
12
-0.72
22
-0.44
32
0.015
13
-0.88
23
-0.44
33
0.015
0
3DFACE
5
D8F8
330
D818
100
AcDbEntity
100
AcDbFace
8
MONTAJ_BORULARI
10
-0.88
20
-0.28
30
0
11
-0.72
21
-0.28
31
0
12
-0.72
22
-0.28
32
0.015
13
-0.88
23
-0.28
33
0.015
0
3DFACE
5
D8F9
330
D818
100
AcDbEntity
100
AcDbFace
8
MONTAJ_BORULARI
10
-0.88
20
-0.44
30
0
11
-0.88
21
-0.28
31
0
12
-0.88
22
-0.28
32
0.015
13
-0.88
23
-0.44
33
0.015
0
3DFACE
5
D8FA
330
D818
100
AcDbEntity
100
AcDbFace
8
MONTAJ_BORULARI
10
-0.72
20
-0.44
30
0
11
-0.72
21
-0.28
31
0
12
-0.72
22
-0.28
32
0.015
13
-0.72
23
-0.44
33
0.015
0
LINE
5
D8FB
330
D818
100
AcDbEntity
100
AcDbLine
8
MONTAJ_BORULARI
10
-0.88
20
-0.44
30
0
11
-0.72
21
-0.44
31
0
0
LINE
5
D8FC
330
D818
100
AcDbEntity
100
AcDbLine
8
MONTAJ_BORULARI
10
-0.72
20
-0.44
30
0
11
-0.72
21
-0.28
31
0
0
LINE
5
D8FD
330
D818
100
AcDbEntity
100
AcDbLine
8
MONTAJ_BORULARI
10
-0.72
20
-0.28
30
0
11
-0.88
21
-0.28
31
0
0
LINE
5
D8FE
330
D818
100
AcDbEntity
100
AcDbLine
8
MONTAJ_BORULARI
10
-0.88
20
-0.28
30
0
11
-0.88
21
-0.44
31
0
0
LINE
5
D8FF
330
D818
100
AcDbEntity
100
AcDbLine
8
MONTAJ_BORULARI
10
-0.88
20
-0.44
30
0.015
11
-0.72
21
-0.44
31
0.015
0
LINE
5
D900
330
D818
100
AcDbEntity
100
AcDbLine
8
MONTAJ_BORULARI
10
-0.72
20
-0.44
30
0.015
11
-0.72
21
-0.28
31
0.015
0
LINE
5
D901
330
D818
100
AcDbEntity
100
AcDbLine
8
MONTAJ_BORULARI
10
-0.72
20
-0.28
30
0.015
11
-0.88
21
-0.28
31
0.015
0
LINE
5
D902
330
D818
100
AcDbEntity
100
AcDbLine
8
MONTAJ_BORULARI
10
-0.88
20
-0.28
30
0.015
11
-0.88
21
-0.44
31
0.015
0
LINE
5
D903
330
D818
100
AcDbEntity
100
AcDbLine
8
MONTAJ_BORULARI
10
-0.88
20
-0.44
30
0
11
-0.88
21
-0.44
31
0.015
0
LINE
5
D904
330
D818
100
AcDbEntity
100
AcDbLine
8
MONTAJ_BORULARI
10
-0.72
20
-0.44
30
0
11
-0.72
21
-0.44
31
0.015
0
LINE
5
D905
330
D818
100
AcDbEntity
100
AcDbLine
8
MONTAJ_BORULARI
10
-0.72
20
-0.28
30
0
11
-0.72
21
-0.28
31
0.015
0
LINE
5
D906
330
D818
100
AcDbEntity
100
AcDbLine
8
MONTAJ_BORULARI
10
-0.88
20
-0.28
30
0
11
-0.88
21
-0.28
31
0.015
0
3DFACE
5
D907
330
D818
100
AcDbEntity
100
AcDbFace
8
MONTAJ_BORULARI
10
-0.775
20
-0.18
30
0
11
-0.7769030116872179
21
-0.17043291419087275
31
0
12
-0.7769030116872179
22
-0.17043291419087275
32
1.85
13
-0.775
23
-0.18
33
1.85
0
LINE
5
D908
330
D818
100
AcDbEntity
100
AcDbLine
8
MONTAJ_BORULARI
10
-0.775
20
-0.18
30
0
11
-0.7769030116872179
21
-0.17043291419087275
31
0
0
LINE
5
D909
330
D818
100
AcDbEntity
100
AcDbLine
8
MONTAJ_BORULARI
10
-0.775
20
-0.18
30
1.85
11
-0.7769030116872179
21
-0.17043291419087275
31
1.85
0
LINE
5
D90A
330
D818
100
AcDbEntity
100
AcDbLine
8
MONTAJ_BORULARI
10
-0.775
20
-0.18
30
0
11
-0.775
21
-0.18
31
1.85
0
3DFACE
5
D90B
330
D818
100
AcDbEntity
100
AcDbFace
8
MONTAJ_BORULARI
10
-0.7769030116872179
20
-0.17043291419087275
30
0
11
-0.7823223304703364
21
-0.1623223304703363
31
0
12
-0.7823223304703364
22
-0.1623223304703363
32
1.85
13
-0.7769030116872179
23
-0.17043291419087275
33
1.85
0
LINE
5
D90C
330
D818
100
AcDbEntity
100
AcDbLine
8
MONTAJ_BORULARI
10
-0.7769030116872179
20
-0.17043291419087275
30
0
11
-0.7823223304703364
21
-0.1623223304703363
31
0
0
LINE
5
D90D
330
D818
100
AcDbEntity
100
AcDbLine
8
MONTAJ_BORULARI
10
-0.7769030116872179
20
-0.17043291419087275
30
1.85
11
-0.7823223304703364
21
-0.1623223304703363
31
1.85
0
3DFACE
5
D90E
330
D818
100
AcDbEntity
100
AcDbFace
8
MONTAJ_BORULARI
10
-0.7823223304703364
20
-0.1623223304703363
30
0
11
-0.7904329141908728
21
-0.15690301168721782
31
0
12
-0.7904329141908728
22
-0.15690301168721782
32
1.85
13
-0.7823223304703364
23
-0.1623223304703363
33
1.85
0
LINE
5
D90F
330
D818
100
AcDbEntity
100
AcDbLine
8
MONTAJ_BORULARI
10
-0.7823223304703364
20
-0.1623223304703363
30
0
11
-0.7904329141908728
21
-0.15690301168721782
31
0
0
LINE
5
D910
330
D818
100
AcDbEntity
100
AcDbLine
8
MONTAJ_BORULARI
10
-0.7823223304703364
20
-0.1623223304703363
30
1.85
11
-0.7904329141908728
21
-0.15690301168721782
31
1.85
0
3DFACE
5
D911
330
D818
100
AcDbEntity
100
AcDbFace
8
MONTAJ_BORULARI
10
-0.7904329141908728
20
-0.15690301168721782
30
0
11
-0.8
21
-0.155
31
0
12
-0.8
22
-0.155
32
1.85
13
-0.7904329141908728
23
-0.15690301168721782
33
1.85
0
LINE
5
D912
330
D818
100
AcDbEntity
100
AcDbLine
8
MONTAJ_BORULARI
10
-0.7904329141908728
20
-0.15690301168721782
30
0
11
-0.8
21
-0.155
31
0
0
LINE
5
D913
330
D818
100
AcDbEntity
100
AcDbLine
8
MONTAJ_BORULARI
10
-0.7904329141908728
20
-0.15690301168721782
30
1.85
11
-0.8
21
-0.155
31
1.85
0
3DFACE
5
D914
330
D818
100
AcDbEntity
100
AcDbFace
8
MONTAJ_BORULARI
10
-0.8
20
-0.155
30
0
11
-0.8095670858091273
21
-0.15690301168721782
31
0
12
-0.8095670858091273
22
-0.15690301168721782
32
1.85
13
-0.8
23
-0.155
33
1.85
0
LINE
5
D915
330
D818
100
AcDbEntity
100
AcDbLine
8
MONTAJ_BORULARI
10
-0.8
20
-0.155
30
0
11
-0.8095670858091273
21
-0.15690301168721782
31
0
0
LINE
5
D916
330
D818
100
AcDbEntity
100
AcDbLine
8
MONTAJ_BORULARI
10
-0.8
20
-0.155
30
1.85
11
-0.8095670858091273
21
-0.15690301168721782
31
1.85
0
LINE
5
D917
330
D818
100
AcDbEntity
100
AcDbLine
8
MONTAJ_BORULARI
10
-0.8
20
-0.155
30
0
11
-0.8
21
-0.155
31
1.85
0
3DFACE
5
D918
330
D818
100
AcDbEntity
100
AcDbFace
8
MONTAJ_BORULARI
10
-0.8095670858091273
20
-0.15690301168721782
30
0
11
-0.8176776695296637
21
-0.1623223304703363
31
0
12
-0.8176776695296637
22
-0.1623223304703363
32
1.85
13
-0.8095670858091273
23
-0.15690301168721782
33
1.85
0
LINE
5
D919
330
D818
100
AcDbEntity
100
AcDbLine
8
MONTAJ_BORULARI
10
-0.8095670858091273
20
-0.15690301168721782
30
0
11
-0.8176776695296637
21
-0.1623223304703363
31
0
0
LINE
5
D91A
330
D818
100
AcDbEntity
100
AcDbLine
8
MONTAJ_BORULARI
10
-0.8095670858091273
20
-0.15690301168721782
30
1.85
11
-0.8176776695296637
21
-0.1623223304703363
31
1.85
0
3DFACE
5
D91B
330
D818
100
AcDbEntity
100
AcDbFace
8
MONTAJ_BORULARI
10
-0.8176776695296637
20
-0.1623223304703363
30
0
11
-0.8230969883127822
21
-0.17043291419087275
31
0
12
-0.8230969883127822
22
-0.17043291419087275
32
1.85
13
-0.8176776695296637
23
-0.1623223304703363
33
1.85
0
LINE
5
D91C
330
D818
100
AcDbEntity
100
AcDbLine
8
MONTAJ_BORULARI
10
-0.8176776695296637
20
-0.1623223304703363
30
0
11
-0.8230969883127822
21
-0.17043291419087275
31
0
0
LINE
5
D91D
330
D818
100
AcDbEntity
100
AcDbLine
8
MONTAJ_BORULARI
10
-0.8176776695296637
20
-0.1623223304703363
30
1.85
11
-0.8230969883127822
21
-0.17043291419087275
31
1.85
0
3DFACE
5
D91E
330
D818
100
AcDbEntity
100
AcDbFace
8
MONTAJ_BORULARI
10
-0.8230969883127822
20
-0.17043291419087275
30
0
11
-0.8250000000000001
21
-0.18
31
0
12
-0.8250000000000001
22
-0.18
32
1.85
13
-0.8230969883127822
23
-0.17043291419087275
33
1.85
0
LINE
5
D91F
330
D818
100
AcDbEntity
100
AcDbLine
8
MONTAJ_BORULARI
10
-0.8230969883127822
20
-0.17043291419087275
30
0
11
-0.8250000000000001
21
-0.18
31
0
0
LINE
5
D920
330
D818
100
AcDbEntity
100
AcDbLine
8
MONTAJ_BORULARI
10
-0.8230969883127822
20
-0.17043291419087275
30
1.85
11
-0.8250000000000001
21
-0.18
31
1.85
0
3DFACE
5
D921
330
D818
100
AcDbEntity
100
AcDbFace
8
MONTAJ_BORULARI
10
-0.8250000000000001
20
-0.18
30
0
11
-0.8230969883127822
21
-0.18956708580912723
31
0
12
-0.8230969883127822
22
-0.18956708580912723
32
1.85
13
-0.8250000000000001
23
-0.18
33
1.85
0
LINE
5
D922
330
D818
100
AcDbEntity
100
AcDbLine
8
MONTAJ_BORULARI
10
-0.8250000000000001
20
-0.18
30
0
11
-0.8230969883127822
21
-0.18956708580912723
31
0
0
LINE
5
D923
330
D818
100
AcDbEntity
100
AcDbLine
8
MONTAJ_BORULARI
10
-0.8250000000000001
20
-0.18
30
1.85
11
-0.8230969883127822
21
-0.18956708580912723
31
1.85
0
LINE
5
D924
330
D818
100
AcDbEntity
100
AcDbLine
8
MONTAJ_BORULARI
10
-0.8250000000000001
20
-0.18
30
0
11
-0.8250000000000001
21
-0.18
31
1.85
0
3DFACE
5
D925
330
D818
100
AcDbEntity
100
AcDbFace
8
MONTAJ_BORULARI
10
-0.8230969883127822
20
-0.18956708580912723
30
0
11
-0.8176776695296637
21
-0.19767766952966367
31
0
12
-0.8176776695296637
22
-0.19767766952966367
32
1.85
13
-0.8230969883127822
23
-0.18956708580912723
33
1.85
0
LINE
5
D926
330
D818
100
AcDbEntity
100
AcDbLine
8
MONTAJ_BORULARI
10
-0.8230969883127822
20
-0.18956708580912723
30
0
11
-0.8176776695296637
21
-0.19767766952966367
31
0
0
LINE
5
D927
330
D818
100
AcDbEntity
100
AcDbLine
8
MONTAJ_BORULARI
10
-0.8230969883127822
20
-0.18956708580912723
30
1.85
11
-0.8176776695296637
21
-0.19767766952966367
31
1.85
0
3DFACE
5
D928
330
D818
100
AcDbEntity
100
AcDbFace
8
MONTAJ_BORULARI
10
-0.8176776695296637
20
-0.19767766952966367
30
0
11
-0.8095670858091273
21
-0.20309698831278217
31
0
12
-0.8095670858091273
22
-0.20309698831278217
32
1.85
13
-0.8176776695296637
23
-0.19767766952966367
33
1.85
0
LINE
5
D929
330
D818
100
AcDbEntity
100
AcDbLine
8
MONTAJ_BORULARI
10
-0.8176776695296637
20
-0.19767766952966367
30
0
11
-0.8095670858091273
21
-0.20309698831278217
31
0
0
LINE
5
D92A
330
D818
100
AcDbEntity
100
AcDbLine
8
MONTAJ_BORULARI
10
-0.8176776695296637
20
-0.19767766952966367
30
1.85
11
-0.8095670858091273
21
-0.20309698831278217
31
1.85
0
3DFACE
5
D92B
330
D818
100
AcDbEntity
100
AcDbFace
8
MONTAJ_BORULARI
10
-0.8095670858091273
20
-0.20309698831278217
30
0
11
-0.8
21
-0.205
31
0
12
-0.8
22
-0.205
32
1.85
13
-0.8095670858091273
23
-0.20309698831278217
33
1.85
0
LINE
5
D92C
330
D818
100
AcDbEntity
100
AcDbLine
8
MONTAJ_BORULARI
10
-0.8095670858091273
20
-0.20309698831278217
30
0
11
-0.8
21
-0.205
31
0
0
LINE
5
D92D
330
D818
100
AcDbEntity
100
AcDbLine
8
MONTAJ_BORULARI
10
-0.8095670858091273
20
-0.20309698831278217
30
1.85
11
-0.8
21
-0.205
31
1.85
0
3DFACE
5
D92E
330
D818
100
AcDbEntity
100
AcDbFace
8
MONTAJ_BORULARI
10
-0.8
20
-0.205
30
0
11
-0.7904329141908728
21
-0.20309698831278217
31
0
12
-0.7904329141908728
22
-0.20309698831278217
32
1.85
13
-0.8
23
-0.205
33
1.85
0
LINE
5
D92F
330
D818
100
AcDbEntity
100
AcDbLine
8
MONTAJ_BORULARI
10
-0.8
20
-0.205
30
0
11
-0.7904329141908728
21
-0.20309698831278217
31
0
0
LINE
5
D930
330
D818
100
AcDbEntity
100
AcDbLine
8
MONTAJ_BORULARI
10
-0.8
20
-0.205
30
1.85
11
-0.7904329141908728
21
-0.20309698831278217
31
1.85
0
LINE
5
D931
330
D818
100
AcDbEntity
100
AcDbLine
8
MONTAJ_BORULARI
10
-0.8
20
-0.205
30
0
11
-0.8
21
-0.205
31
1.85
0
3DFACE
5
D932
330
D818
100
AcDbEntity
100
AcDbFace
8
MONTAJ_BORULARI
10
-0.7904329141908728
20
-0.20309698831278217
30
0
11
-0.7823223304703364
21
-0.19767766952966367
31
0
12
-0.7823223304703364
22
-0.19767766952966367
32
1.85
13
-0.7904329141908728
23
-0.20309698831278217
33
1.85
0
LINE
5
D933
330
D818
100
AcDbEntity
100
AcDbLine
8
MONTAJ_BORULARI
10
-0.7904329141908728
20
-0.20309698831278217
30
0
11
-0.7823223304703364
21
-0.19767766952966367
31
0
0
LINE
5
D934
330
D818
100
AcDbEntity
100
AcDbLine
8
MONTAJ_BORULARI
10
-0.7904329141908728
20
-0.20309698831278217
30
1.85
11
-0.7823223304703364
21
-0.19767766952966367
31
1.85
0
3DFACE
5
D935
330
D818
100
AcDbEntity
100
AcDbFace
8
MONTAJ_BORULARI
10
-0.7823223304703364
20
-0.19767766952966367
30
0
11
-0.7769030116872179
21
-0.18956708580912726
31
0
12
-0.7769030116872179
22
-0.18956708580912726
32
1.85
13
-0.7823223304703364
23
-0.19767766952966367
33
1.85
0
LINE
5
D936
330
D818
100
AcDbEntity
100
AcDbLine
8
MONTAJ_BORULARI
10
-0.7823223304703364
20
-0.19767766952966367
30
0
11
-0.7769030116872179
21
-0.18956708580912726
31
0
0
LINE
5
D937
330
D818
100
AcDbEntity
100
AcDbLine
8
MONTAJ_BORULARI
10
-0.7823223304703364
20
-0.19767766952966367
30
1.85
11
-0.7769030116872179
21
-0.18956708580912726
31
1.85
0
3DFACE
5
D938
330
D818
100
AcDbEntity
100
AcDbFace
8
MONTAJ_BORULARI
10
-0.7769030116872179
20
-0.18956708580912726
30
0
11
-0.775
21
-0.18
31
0
12
-0.775
22
-0.18
32
1.85
13
-0.7769030116872179
23
-0.18956708580912726
33
1.85
0
LINE
5
D939
330
D818
100
AcDbEntity
100
AcDbLine
8
MONTAJ_BORULARI
10
-0.7769030116872179
20
-0.18956708580912726
30
0
11
-0.775
21
-0.18
31
0
0
LINE
5
D93A
330
D818
100
AcDbEntity
100
AcDbLine
8
MONTAJ_BORULARI
10
-0.7769030116872179
20
-0.18956708580912726
30
1.85
11
-0.775
21
-0.18
31
1.85
0
3DFACE
5
D93B
330
D818
100
AcDbEntity
100
AcDbFace
8
MONTAJ_BORULARI
10
-0.775
20
-0.18
30
0
11
-0.7769030116872179
21
-0.17043291419087275
31
0
12
-0.7823223304703364
22
-0.1623223304703363
32
0
13
-0.7823223304703364
23
-0.1623223304703363
33
0
0
3DFACE
5
D93C
330
D818
100
AcDbEntity
100
AcDbFace
8
MONTAJ_BORULARI
10
-0.775
20
-0.18
30
1.85
11
-0.7769030116872179
21
-0.17043291419087275
31
1.85
12
-0.7823223304703364
22
-0.1623223304703363
32
1.85
13
-0.7823223304703364
23
-0.1623223304703363
33
1.85
0
3DFACE
5
D93D
330
D818
100
AcDbEntity
100
AcDbFace
8
MONTAJ_BORULARI
10
-0.775
20
-0.18
30
0
11
-0.7823223304703364
21
-0.1623223304703363
31
0
12
-0.7904329141908728
22
-0.15690301168721782
32
0
13
-0.7904329141908728
23
-0.15690301168721782
33
0
0
3DFACE
5
D93E
330
D818
100
AcDbEntity
100
AcDbFace
8
MONTAJ_BORULARI
10
-0.775
20
-0.18
30
1.85
11
-0.7823223304703364
21
-0.1623223304703363
31
1.85
12
-0.7904329141908728
22
-0.15690301168721782
32
1.85
13
-0.7904329141908728
23
-0.15690301168721782
33
1.85
0
3DFACE
5
D93F
330
D818
100
AcDbEntity
100
AcDbFace
8
MONTAJ_BORULARI
10
-0.775
20
-0.18
30
0
11
-0.7904329141908728
21
-0.15690301168721782
31
0
12
-0.8
22
-0.155
32
0
13
-0.8
23
-0.155
33
0
0
3DFACE
5
D940
330
D818
100
AcDbEntity
100
AcDbFace
8
MONTAJ_BORULARI
10
-0.775
20
-0.18
30
1.85
11
-0.7904329141908728
21
-0.15690301168721782
31
1.85
12
-0.8
22
-0.155
32
1.85
13
-0.8
23
-0.155
33
1.85
0
3DFACE
5
D941
330
D818
100
AcDbEntity
100
AcDbFace
8
MONTAJ_BORULARI
10
-0.775
20
-0.18
30
0
11
-0.8
21
-0.155
31
0
12
-0.8095670858091273
22
-0.15690301168721782
32
0
13
-0.8095670858091273
23
-0.15690301168721782
33
0
0
3DFACE
5
D942
330
D818
100
AcDbEntity
100
AcDbFace
8
MONTAJ_BORULARI
10
-0.775
20
-0.18
30
1.85
11
-0.8
21
-0.155
31
1.85
12
-0.8095670858091273
22
-0.15690301168721782
32
1.85
13
-0.8095670858091273
23
-0.15690301168721782
33
1.85
0
3DFACE
5
D943
330
D818
100
AcDbEntity
100
AcDbFace
8
MONTAJ_BORULARI
10
-0.775
20
-0.18
30
0
11
-0.8095670858091273
21
-0.15690301168721782
31
0
12
-0.8176776695296637
22
-0.1623223304703363
32
0
13
-0.8176776695296637
23
-0.1623223304703363
33
0
0
3DFACE
5
D944
330
D818
100
AcDbEntity
100
AcDbFace
8
MONTAJ_BORULARI
10
-0.775
20
-0.18
30
1.85
11
-0.8095670858091273
21
-0.15690301168721782
31
1.85
12
-0.8176776695296637
22
-0.1623223304703363
32
1.85
13
-0.8176776695296637
23
-0.1623223304703363
33
1.85
0
3DFACE
5
D945
330
D818
100
AcDbEntity
100
AcDbFace
8
MONTAJ_BORULARI
10
-0.775
20
-0.18
30
0
11
-0.8176776695296637
21
-0.1623223304703363
31
0
12
-0.8230969883127822
22
-0.17043291419087275
32
0
13
-0.8230969883127822
23
-0.17043291419087275
33
0
0
3DFACE
5
D946
330
D818
100
AcDbEntity
100
AcDbFace
8
MONTAJ_BORULARI
10
-0.775
20
-0.18
30
1.85
11
-0.8176776695296637
21
-0.1623223304703363
31
1.85
12
-0.8230969883127822
22
-0.17043291419087275
32
1.85
13
-0.8230969883127822
23
-0.17043291419087275
33
1.85
0
3DFACE
5
D947
330
D818
100
AcDbEntity
100
AcDbFace
8
MONTAJ_BORULARI
10
-0.775
20
-0.18
30
0
11
-0.8230969883127822
21
-0.17043291419087275
31
0
12
-0.8250000000000001
22
-0.18
32
0
13
-0.8250000000000001
23
-0.18
33
0
0
3DFACE
5
D948
330
D818
100
AcDbEntity
100
AcDbFace
8
MONTAJ_BORULARI
10
-0.775
20
-0.18
30
1.85
11
-0.8230969883127822
21
-0.17043291419087275
31
1.85
12
-0.8250000000000001
22
-0.18
32
1.85
13
-0.8250000000000001
23
-0.18
33
1.85
0
3DFACE
5
D949
330
D818
100
AcDbEntity
100
AcDbFace
8
MONTAJ_BORULARI
10
-0.775
20
-0.18
30
0
11
-0.8250000000000001
21
-0.18
31
0
12
-0.8230969883127822
22
-0.18956708580912723
32
0
13
-0.8230969883127822
23
-0.18956708580912723
33
0
0
3DFACE
5
D94A
330
D818
100
AcDbEntity
100
AcDbFace
8
MONTAJ_BORULARI
10
-0.775
20
-0.18
30
1.85
11
-0.8250000000000001
21
-0.18
31
1.85
12
-0.8230969883127822
22
-0.18956708580912723
32
1.85
13
-0.8230969883127822
23
-0.18956708580912723
33
1.85
0
3DFACE
5
D94B
330
D818
100
AcDbEntity
100
AcDbFace
8
MONTAJ_BORULARI
10
-0.775
20
-0.18
30
0
11
-0.8230969883127822
21
-0.18956708580912723
31
0
12
-0.8176776695296637
22
-0.19767766952966367
32
0
13
-0.8176776695296637
23
-0.19767766952966367
33
0
0
3DFACE
5
D94C
330
D818
100
AcDbEntity
100
AcDbFace
8
MONTAJ_BORULARI
10
-0.775
20
-0.18
30
1.85
11
-0.8230969883127822
21
-0.18956708580912723
31
1.85
12
-0.8176776695296637
22
-0.19767766952966367
32
1.85
13
-0.8176776695296637
23
-0.19767766952966367
33
1.85
0
3DFACE
5
D94D
330
D818
100
AcDbEntity
100
AcDbFace
8
MONTAJ_BORULARI
10
-0.775
20
-0.18
30
0
11
-0.8176776695296637
21
-0.19767766952966367
31
0
12
-0.8095670858091273
22
-0.20309698831278217
32
0
13
-0.8095670858091273
23
-0.20309698831278217
33
0
0
3DFACE
5
D94E
330
D818
100
AcDbEntity
100
AcDbFace
8
MONTAJ_BORULARI
10
-0.775
20
-0.18
30
1.85
11
-0.8176776695296637
21
-0.19767766952966367
31
1.85
12
-0.8095670858091273
22
-0.20309698831278217
32
1.85
13
-0.8095670858091273
23
-0.20309698831278217
33
1.85
0
3DFACE
5
D94F
330
D818
100
AcDbEntity
100
AcDbFace
8
MONTAJ_BORULARI
10
-0.775
20
-0.18
30
0
11
-0.8095670858091273
21
-0.20309698831278217
31
0
12
-0.8
22
-0.205
32
0
13
-0.8
23
-0.205
33
0
0
3DFACE
5
D950
330
D818
100
AcDbEntity
100
AcDbFace
8
MONTAJ_BORULARI
10
-0.775
20
-0.18
30
1.85
11
-0.8095670858091273
21
-0.20309698831278217
31
1.85
12
-0.8
22
-0.205
32
1.85
13
-0.8
23
-0.205
33
1.85
0
3DFACE
5
D951
330
D818
100
AcDbEntity
100
AcDbFace
8
MONTAJ_BORULARI
10
-0.775
20
-0.18
30
0
11
-0.8
21
-0.205
31
0
12
-0.7904329141908728
22
-0.20309698831278217
32
0
13
-0.7904329141908728
23
-0.20309698831278217
33
0
0
3DFACE
5
D952
330
D818
100
AcDbEntity
100
AcDbFace
8
MONTAJ_BORULARI
10
-0.775
20
-0.18
30
1.85
11
-0.8
21
-0.205
31
1.85
12
-0.7904329141908728
22
-0.20309698831278217
32
1.85
13
-0.7904329141908728
23
-0.20309698831278217
33
1.85
0
3DFACE
5
D953
330
D818
100
AcDbEntity
100
AcDbFace
8
MONTAJ_BORULARI
10
-0.775
20
-0.18
30
0
11
-0.7904329141908728
21
-0.20309698831278217
31
0
12
-0.7823223304703364
22
-0.19767766952966367
32
0
13
-0.7823223304703364
23
-0.19767766952966367
33
0
0
3DFACE
5
D954
330
D818
100
AcDbEntity
100
AcDbFace
8
MONTAJ_BORULARI
10
-0.775
20
-0.18
30
1.85
11
-0.7904329141908728
21
-0.20309698831278217
31
1.85
12
-0.7823223304703364
22
-0.19767766952966367
32
1.85
13
-0.7823223304703364
23
-0.19767766952966367
33
1.85
0
3DFACE
5
D955
330
D818
100
AcDbEntity
100
AcDbFace
8
MONTAJ_BORULARI
10
-0.775
20
-0.18
30
0
11
-0.7823223304703364
21
-0.19767766952966367
31
0
12
-0.7769030116872179
22
-0.18956708580912726
32
0
13
-0.7769030116872179
23
-0.18956708580912726
33
0
0
3DFACE
5
D956
330
D818
100
AcDbEntity
100
AcDbFace
8
MONTAJ_BORULARI
10
-0.775
20
-0.18
30
1.85
11
-0.7823223304703364
21
-0.19767766952966367
31
1.85
12
-0.7769030116872179
22
-0.18956708580912726
32
1.85
13
-0.7769030116872179
23
-0.18956708580912726
33
1.85
0
3DFACE
5
D957
330
D818
100
AcDbEntity
100
AcDbFace
8
MONTAJ_BORULARI
10
-0.88
20
-0.26
30
0
11
-0.72
21
-0.26
31
0
12
-0.72
22
-0.1
32
0
13
-0.88
23
-0.1
33
0
0
3DFACE
5
D958
330
D818
100
AcDbEntity
100
AcDbFace
8
MONTAJ_BORULARI
10
-0.88
20
-0.26
30
0.015
11
-0.72
21
-0.26
31
0.015
12
-0.72
22
-0.1
32
0.015
13
-0.88
23
-0.1
33
0.015
0
3DFACE
5
D959
330
D818
100
AcDbEntity
100
AcDbFace
8
MONTAJ_BORULARI
10
-0.88
20
-0.26
30
0
11
-0.72
21
-0.26
31
0
12
-0.72
22
-0.26
32
0.015
13
-0.88
23
-0.26
33
0.015
0
3DFACE
5
D95A
330
D818
100
AcDbEntity
100
AcDbFace
8
MONTAJ_BORULARI
10
-0.88
20
-0.1
30
0
11
-0.72
21
-0.1
31
0
12
-0.72
22
-0.1
32
0.015
13
-0.88
23
-0.1
33
0.015
0
3DFACE
5
D95B
330
D818
100
AcDbEntity
100
AcDbFace
8
MONTAJ_BORULARI
10
-0.88
20
-0.26
30
0
11
-0.88
21
-0.1
31
0
12
-0.88
22
-0.1
32
0.015
13
-0.88
23
-0.26
33
0.015
0
3DFACE
5
D95C
330
D818
100
AcDbEntity
100
AcDbFace
8
MONTAJ_BORULARI
10
-0.72
20
-0.26
30
0
11
-0.72
21
-0.1
31
0
12
-0.72
22
-0.1
32
0.015
13
-0.72
23
-0.26
33
0.015
0
LINE
5
D95D
330
D818
100
AcDbEntity
100
AcDbLine
8
MONTAJ_BORULARI
10
-0.88
20
-0.26
30
0
11
-0.72
21
-0.26
31
0
0
LINE
5
D95E
330
D818
100
AcDbEntity
100
AcDbLine
8
MONTAJ_BORULARI
10
-0.72
20
-0.26
30
0
11
-0.72
21
-0.1
31
0
0
LINE
5
D95F
330
D818
100
AcDbEntity
100
AcDbLine
8
MONTAJ_BORULARI
10
-0.72
20
-0.1
30
0
11
-0.88
21
-0.1
31
0
0
LINE
5
D960
330
D818
100
AcDbEntity
100
AcDbLine
8
MONTAJ_BORULARI
10
-0.88
20
-0.1
30
0
11
-0.88
21
-0.26
31
0
0
LINE
5
D961
330
D818
100
AcDbEntity
100
AcDbLine
8
MONTAJ_BORULARI
10
-0.88
20
-0.26
30
0.015
11
-0.72
21
-0.26
31
0.015
0
LINE
5
D962
330
D818
100
AcDbEntity
100
AcDbLine
8
MONTAJ_BORULARI
10
-0.72
20
-0.26
30
0.015
11
-0.72
21
-0.1
31
0.015
0
LINE
5
D963
330
D818
100
AcDbEntity
100
AcDbLine
8
MONTAJ_BORULARI
10
-0.72
20
-0.1
30
0.015
11
-0.88
21
-0.1
31
0.015
0
LINE
5
D964
330
D818
100
AcDbEntity
100
AcDbLine
8
MONTAJ_BORULARI
10
-0.88
20
-0.1
30
0.015
11
-0.88
21
-0.26
31
0.015
0
LINE
5
D965
330
D818
100
AcDbEntity
100
AcDbLine
8
MONTAJ_BORULARI
10
-0.88
20
-0.26
30
0
11
-0.88
21
-0.26
31
0.015
0
LINE
5
D966
330
D818
100
AcDbEntity
100
AcDbLine
8
MONTAJ_BORULARI
10
-0.72
20
-0.26
30
0
11
-0.72
21
-0.26
31
0.015
0
LINE
5
D967
330
D818
100
AcDbEntity
100
AcDbLine
8
MONTAJ_BORULARI
10
-0.72
20
-0.1
30
0
11
-0.72
21
-0.1
31
0.015
0
LINE
5
D968
330
D818
100
AcDbEntity
100
AcDbLine
8
MONTAJ_BORULARI
10
-0.88
20
-0.1
30
0
11
-0.88
21
-0.1
31
0.015
0
3DFACE
5
D969
330
D818
100
AcDbEntity
100
AcDbFace
8
MONTAJ_BORULARI
10
-0.775
20
0
30
0
11
-0.7769030116872179
21
0.009567085809127246
31
0
12
-0.7769030116872179
22
0.009567085809127246
32
1.85
13
-0.775
23
0
33
1.85
0
LINE
5
D96A
330
D818
100
AcDbEntity
100
AcDbLine
8
MONTAJ_BORULARI
10
-0.775
20
0
30
0
11
-0.7769030116872179
21
0.009567085809127246
31
0
0
LINE
5
D96B
330
D818
100
AcDbEntity
100
AcDbLine
8
MONTAJ_BORULARI
10
-0.775
20
0
30
1.85
11
-0.7769030116872179
21
0.009567085809127246
31
1.85
0
LINE
5
D96C
330
D818
100
AcDbEntity
100
AcDbLine
8
MONTAJ_BORULARI
10
-0.775
20
0
30
0
11
-0.775
21
0
31
1.85
0
3DFACE
5
D96D
330
D818
100
AcDbEntity
100
AcDbFace
8
MONTAJ_BORULARI
10
-0.7769030116872179
20
0.009567085809127246
30
0
11
-0.7823223304703364
21
0.017677669529663688
31
0
12
-0.7823223304703364
22
0.017677669529663688
32
1.85
13
-0.7769030116872179
23
0.009567085809127246
33
1.85
0
LINE
5
D96E
330
D818
100
AcDbEntity
100
AcDbLine
8
MONTAJ_BORULARI
10
-0.7769030116872179
20
0.009567085809127246
30
0
11
-0.7823223304703364
21
0.017677669529663688
31
0
0
LINE
5
D96F
330
D818
100
AcDbEntity
100
AcDbLine
8
MONTAJ_BORULARI
10
-0.7769030116872179
20
0.009567085809127246
30
1.85
11
-0.7823223304703364
21
0.017677669529663688
31
1.85
0
3DFACE
5
D970
330
D818
100
AcDbEntity
100
AcDbFace
8
MONTAJ_BORULARI
10
-0.7823223304703364
20
0.017677669529663688
30
0
11
-0.7904329141908728
21
0.02309698831278217
31
0
12
-0.7904329141908728
22
0.02309698831278217
32
1.85
13
-0.7823223304703364
23
0.017677669529663688
33
1.85
0
LINE
5
D971
330
D818
100
AcDbEntity
100
AcDbLine
8
MONTAJ_BORULARI
10
-0.7823223304703364
20
0.017677669529663688
30
0
11
-0.7904329141908728
21
0.02309698831278217
31
0
0
LINE
5
D972
330
D818
100
AcDbEntity
100
AcDbLine
8
MONTAJ_BORULARI
10
-0.7823223304703364
20
0.017677669529663688
30
1.85
11
-0.7904329141908728
21
0.02309698831278217
31
1.85
0
3DFACE
5
D973
330
D818
100
AcDbEntity
100
AcDbFace
8
MONTAJ_BORULARI
10
-0.7904329141908728
20
0.02309698831278217
30
0
11
-0.8
21
0.025
31
0
12
-0.8
22
0.025
32
1.85
13
-0.7904329141908728
23
0.02309698831278217
33
1.85
0
LINE
5
D974
330
D818
100
AcDbEntity
100
AcDbLine
8
MONTAJ_BORULARI
10
-0.7904329141908728
20
0.02309698831278217
30
0
11
-0.8
21
0.025
31
0
0
LINE
5
D975
330
D818
100
AcDbEntity
100
AcDbLine
8
MONTAJ_BORULARI
10
-0.7904329141908728
20
0.02309698831278217
30
1.85
11
-0.8
21
0.025
31
1.85
0
3DFACE
5
D976
330
D818
100
AcDbEntity
100
AcDbFace
8
MONTAJ_BORULARI
10
-0.8
20
0.025
30
0
11
-0.8095670858091273
21
0.02309698831278217
31
0
12
-0.8095670858091273
22
0.02309698831278217
32
1.85
13
-0.8
23
0.025
33
1.85
0
LINE
5
D977
330
D818
100
AcDbEntity
100
AcDbLine
8
MONTAJ_BORULARI
10
-0.8
20
0.025
30
0
11
-0.8095670858091273
21
0.02309698831278217
31
0
0
LINE
5
D978
330
D818
100
AcDbEntity
100
AcDbLine
8
MONTAJ_BORULARI
10
-0.8
20
0.025
30
1.85
11
-0.8095670858091273
21
0.02309698831278217
31
1.85
0
LINE
5
D979
330
D818
100
AcDbEntity
100
AcDbLine
8
MONTAJ_BORULARI
10
-0.8
20
0.025
30
0
11
-0.8
21
0.025
31
1.85
0
3DFACE
5
D97A
330
D818
100
AcDbEntity
100
AcDbFace
8
MONTAJ_BORULARI
10
-0.8095670858091273
20
0.02309698831278217
30
0
11
-0.8176776695296637
21
0.01767766952966369
31
0
12
-0.8176776695296637
22
0.01767766952966369
32
1.85
13
-0.8095670858091273
23
0.02309698831278217
33
1.85
0
LINE
5
D97B
330
D818
100
AcDbEntity
100
AcDbLine
8
MONTAJ_BORULARI
10
-0.8095670858091273
20
0.02309698831278217
30
0
11
-0.8176776695296637
21
0.01767766952966369
31
0
0
LINE
5
D97C
330
D818
100
AcDbEntity
100
AcDbLine
8
MONTAJ_BORULARI
10
-0.8095670858091273
20
0.02309698831278217
30
1.85
11
-0.8176776695296637
21
0.01767766952966369
31
1.85
0
3DFACE
5
D97D
330
D818
100
AcDbEntity
100
AcDbFace
8
MONTAJ_BORULARI
10
-0.8176776695296637
20
0.01767766952966369
30
0
11
-0.8230969883127822
21
0.009567085809127247
31
0
12
-0.8230969883127822
22
0.009567085809127247
32
1.85
13
-0.8176776695296637
23
0.01767766952966369
33
1.85
0
LINE
5
D97E
330
D818
100
AcDbEntity
100
AcDbLine
8
MONTAJ_BORULARI
10
-0.8176776695296637
20
0.01767766952966369
30
0
11
-0.8230969883127822
21
0.009567085809127247
31
0
0
LINE
5
D97F
330
D818
100
AcDbEntity
100
AcDbLine
8
MONTAJ_BORULARI
10
-0.8176776695296637
20
0.01767766952966369
30
1.85
11
-0.8230969883127822
21
0.009567085809127247
31
1.85
0
3DFACE
5
D980
330
D818
100
AcDbEntity
100
AcDbFace
8
MONTAJ_BORULARI
10
-0.8230969883127822
20
0.009567085809127247
30
0
11
-0.8250000000000001
21
3.061616997868383e-18
31
0
12
-0.8250000000000001
22
3.061616997868383e-18
32
1.85
13
-0.8230969883127822
23
0.009567085809127247
33
1.85
0
LINE
5
D981
330
D818
100
AcDbEntity
100
AcDbLine
8
MONTAJ_BORULARI
10
-0.8230969883127822
20
0.009567085809127247
30
0
11
-0.8250000000000001
21
3.061616997868383e-18
31
0
0
LINE
5
D982
330
D818
100
AcDbEntity
100
AcDbLine
8
MONTAJ_BORULARI
10
-0.8230969883127822
20
0.009567085809127247
30
1.85
11
-0.8250000000000001
21
3.061616997868383e-18
31
1.85
0
3DFACE
5
D983
330
D818
100
AcDbEntity
100
AcDbFace
8
MONTAJ_BORULARI
10
-0.8250000000000001
20
3.061616997868383e-18
30
0
11
-0.8230969883127822
21
-0.009567085809127242
31
0
12
-0.8230969883127822
22
-0.009567085809127242
32
1.85
13
-0.8250000000000001
23
3.061616997868383e-18
33
1.85
0
LINE
5
D984
330
D818
100
AcDbEntity
100
AcDbLine
8
MONTAJ_BORULARI
10
-0.8250000000000001
20
3.061616997868383e-18
30
0
11
-0.8230969883127822
21
-0.009567085809127242
31
0
0
LINE
5
D985
330
D818
100
AcDbEntity
100
AcDbLine
8
MONTAJ_BORULARI
10
-0.8250000000000001
20
3.061616997868383e-18
30
1.85
11
-0.8230969883127822
21
-0.009567085809127242
31
1.85
0
LINE
5
D986
330
D818
100
AcDbEntity
100
AcDbLine
8
MONTAJ_BORULARI
10
-0.8250000000000001
20
3.061616997868383e-18
30
0
11
-0.8250000000000001
21
3.061616997868383e-18
31
1.85
0
3DFACE
5
D987
330
D818
100
AcDbEntity
100
AcDbFace
8
MONTAJ_BORULARI
10
-0.8230969883127822
20
-0.009567085809127242
30
0
11
-0.8176776695296637
21
-0.017677669529663688
31
0
12
-0.8176776695296637
22
-0.017677669529663688
32
1.85
13
-0.8230969883127822
23
-0.009567085809127242
33
1.85
0
LINE
5
D988
330
D818
100
AcDbEntity
100
AcDbLine
8
MONTAJ_BORULARI
10
-0.8230969883127822
20
-0.009567085809127242
30
0
11
-0.8176776695296637
21
-0.017677669529663688
31
0
0
LINE
5
D989
330
D818
100
AcDbEntity
100
AcDbLine
8
MONTAJ_BORULARI
10
-0.8230969883127822
20
-0.009567085809127242
30
1.85
11
-0.8176776695296637
21
-0.017677669529663688
31
1.85
0
3DFACE
5
D98A
330
D818
100
AcDbEntity
100
AcDbFace
8
MONTAJ_BORULARI
10
-0.8176776695296637
20
-0.017677669529663688
30
0
11
-0.8095670858091273
21
-0.023096988312782164
31
0
12
-0.8095670858091273
22
-0.023096988312782164
32
1.85
13
-0.8176776695296637
23
-0.017677669529663688
33
1.85
0
LINE
5
D98B
330
D818
100
AcDbEntity
100
AcDbLine
8
MONTAJ_BORULARI
10
-0.8176776695296637
20
-0.017677669529663688
30
0
11
-0.8095670858091273
21
-0.023096988312782164
31
0
0
LINE
5
D98C
330
D818
100
AcDbEntity
100
AcDbLine
8
MONTAJ_BORULARI
10
-0.8176776695296637
20
-0.017677669529663688
30
1.85
11
-0.8095670858091273
21
-0.023096988312782164
31
1.85
0
3DFACE
5
D98D
330
D818
100
AcDbEntity
100
AcDbFace
8
MONTAJ_BORULARI
10
-0.8095670858091273
20
-0.023096988312782164
30
0
11
-0.8
21
-0.025
31
0
12
-0.8
22
-0.025
32
1.85
13
-0.8095670858091273
23
-0.023096988312782164
33
1.85
0
LINE
5
D98E
330
D818
100
AcDbEntity
100
AcDbLine
8
MONTAJ_BORULARI
10
-0.8095670858091273
20
-0.023096988312782164
30
0
11
-0.8
21
-0.025
31
0
0
LINE
5
D98F
330
D818
100
AcDbEntity
100
AcDbLine
8
MONTAJ_BORULARI
10
-0.8095670858091273
20
-0.023096988312782164
30
1.85
11
-0.8
21
-0.025
31
1.85
0
3DFACE
5
D990
330
D818
100
AcDbEntity
100
AcDbFace
8
MONTAJ_BORULARI
10
-0.8
20
-0.025
30
0
11
-0.7904329141908728
21
-0.023096988312782167
31
0
12
-0.7904329141908728
22
-0.023096988312782167
32
1.85
13
-0.8
23
-0.025
33
1.85
0
LINE
5
D991
330
D818
100
AcDbEntity
100
AcDbLine
8
MONTAJ_BORULARI
10
-0.8
20
-0.025
30
0
11
-0.7904329141908728
21
-0.023096988312782167
31
0
0
LINE
5
D992
330
D818
100
AcDbEntity
100
AcDbLine
8
MONTAJ_BORULARI
10
-0.8
20
-0.025
30
1.85
11
-0.7904329141908728
21
-0.023096988312782167
31
1.85
0
LINE
5
D993
330
D818
100
AcDbEntity
100
AcDbLine
8
MONTAJ_BORULARI
10
-0.8
20
-0.025
30
0
11
-0.8
21
-0.025
31
1.85
0
3DFACE
5
D994
330
D818
100
AcDbEntity
100
AcDbFace
8
MONTAJ_BORULARI
10
-0.7904329141908728
20
-0.023096988312782167
30
0
11
-0.7823223304703364
21
-0.01767766952966369
31
0
12
-0.7823223304703364
22
-0.01767766952966369
32
1.85
13
-0.7904329141908728
23
-0.023096988312782167
33
1.85
0
LINE
5
D995
330
D818
100
AcDbEntity
100
AcDbLine
8
MONTAJ_BORULARI
10
-0.7904329141908728
20
-0.023096988312782167
30
0
11
-0.7823223304703364
21
-0.01767766952966369
31
0
0
LINE
5
D996
330
D818
100
AcDbEntity
100
AcDbLine
8
MONTAJ_BORULARI
10
-0.7904329141908728
20
-0.023096988312782167
30
1.85
11
-0.7823223304703364
21
-0.01767766952966369
31
1.85
0
3DFACE
5
D997
330
D818
100
AcDbEntity
100
AcDbFace
8
MONTAJ_BORULARI
10
-0.7823223304703364
20
-0.01767766952966369
30
0
11
-0.7769030116872179
21
-0.009567085809127261
31
0
12
-0.7769030116872179
22
-0.009567085809127261
32
1.85
13
-0.7823223304703364
23
-0.01767766952966369
33
1.85
0
LINE
5
D998
330
D818
100
AcDbEntity
100
AcDbLine
8
MONTAJ_BORULARI
10
-0.7823223304703364
20
-0.01767766952966369
30
0
11
-0.7769030116872179
21
-0.009567085809127261
31
0
0
LINE
5
D999
330
D818
100
AcDbEntity
100
AcDbLine
8
MONTAJ_BORULARI
10
-0.7823223304703364
20
-0.01767766952966369
30
1.85
11
-0.7769030116872179
21
-0.009567085809127261
31
1.85
0
3DFACE
5
D99A
330
D818
100
AcDbEntity
100
AcDbFace
8
MONTAJ_BORULARI
10
-0.7769030116872179
20
-0.009567085809127261
30
0
11
-0.775
21
0
31
0
12
-0.775
22
0
32
1.85
13
-0.7769030116872179
23
-0.009567085809127261
33
1.85
0
LINE
5
D99B
330
D818
100
AcDbEntity
100
AcDbLine
8
MONTAJ_BORULARI
10
-0.7769030116872179
20
-0.009567085809127261
30
0
11
-0.775
21
0
31
0
0
LINE
5
D99C
330
D818
100
AcDbEntity
100
AcDbLine
8
MONTAJ_BORULARI
10
-0.7769030116872179
20
-0.009567085809127261
30
1.85
11
-0.775
21
0
31
1.85
0
3DFACE
5
D99D
330
D818
100
AcDbEntity
100
AcDbFace
8
MONTAJ_BORULARI
10
-0.775
20
0
30
0
11
-0.7769030116872179
21
0.009567085809127246
31
0
12
-0.7823223304703364
22
0.017677669529663688
32
0
13
-0.7823223304703364
23
0.017677669529663688
33
0
0
3DFACE
5
D99E
330
D818
100
AcDbEntity
100
AcDbFace
8
MONTAJ_BORULARI
10
-0.775
20
0
30
1.85
11
-0.7769030116872179
21
0.009567085809127246
31
1.85
12
-0.7823223304703364
22
0.017677669529663688
32
1.85
13
-0.7823223304703364
23
0.017677669529663688
33
1.85
0
3DFACE
5
D99F
330
D818
100
AcDbEntity
100
AcDbFace
8
MONTAJ_BORULARI
10
-0.775
20
0
30
0
11
-0.7823223304703364
21
0.017677669529663688
31
0
12
-0.7904329141908728
22
0.02309698831278217
32
0
13
-0.7904329141908728
23
0.02309698831278217
33
0
0
3DFACE
5
D9A0
330
D818
100
AcDbEntity
100
AcDbFace
8
MONTAJ_BORULARI
10
-0.775
20
0
30
1.85
11
-0.7823223304703364
21
0.017677669529663688
31
1.85
12
-0.7904329141908728
22
0.02309698831278217
32
1.85
13
-0.7904329141908728
23
0.02309698831278217
33
1.85
0
3DFACE
5
D9A1
330
D818
100
AcDbEntity
100
AcDbFace
8
MONTAJ_BORULARI
10
-0.775
20
0
30
0
11
-0.7904329141908728
21
0.02309698831278217
31
0
12
-0.8
22
0.025
32
0
13
-0.8
23
0.025
33
0
0
3DFACE
5
D9A2
330
D818
100
AcDbEntity
100
AcDbFace
8
MONTAJ_BORULARI
10
-0.775
20
0
30
1.85
11
-0.7904329141908728
21
0.02309698831278217
31
1.85
12
-0.8
22
0.025
32
1.85
13
-0.8
23
0.025
33
1.85
0
3DFACE
5
D9A3
330
D818
100
AcDbEntity
100
AcDbFace
8
MONTAJ_BORULARI
10
-0.775
20
0
30
0
11
-0.8
21
0.025
31
0
12
-0.8095670858091273
22
0.02309698831278217
32
0
13
-0.8095670858091273
23
0.02309698831278217
33
0
0
3DFACE
5
D9A4
330
D818
100
AcDbEntity
100
AcDbFace
8
MONTAJ_BORULARI
10
-0.775
20
0
30
1.85
11
-0.8
21
0.025
31
1.85
12
-0.8095670858091273
22
0.02309698831278217
32
1.85
13
-0.8095670858091273
23
0.02309698831278217
33
1.85
0
3DFACE
5
D9A5
330
D818
100
AcDbEntity
100
AcDbFace
8
MONTAJ_BORULARI
10
-0.775
20
0
30
0
11
-0.8095670858091273
21
0.02309698831278217
31
0
12
-0.8176776695296637
22
0.01767766952966369
32
0
13
-0.8176776695296637
23
0.01767766952966369
33
0
0
3DFACE
5
D9A6
330
D818
100
AcDbEntity
100
AcDbFace
8
MONTAJ_BORULARI
10
-0.775
20
0
30
1.85
11
-0.8095670858091273
21
0.02309698831278217
31
1.85
12
-0.8176776695296637
22
0.01767766952966369
32
1.85
13
-0.8176776695296637
23
0.01767766952966369
33
1.85
0
3DFACE
5
D9A7
330
D818
100
AcDbEntity
100
AcDbFace
8
MONTAJ_BORULARI
10
-0.775
20
0
30
0
11
-0.8176776695296637
21
0.01767766952966369
31
0
12
-0.8230969883127822
22
0.009567085809127247
32
0
13
-0.8230969883127822
23
0.009567085809127247
33
0
0
3DFACE
5
D9A8
330
D818
100
AcDbEntity
100
AcDbFace
8
MONTAJ_BORULARI
10
-0.775
20
0
30
1.85
11
-0.8176776695296637
21
0.01767766952966369
31
1.85
12
-0.8230969883127822
22
0.009567085809127247
32
1.85
13
-0.8230969883127822
23
0.009567085809127247
33
1.85
0
3DFACE
5
D9A9
330
D818
100
AcDbEntity
100
AcDbFace
8
MONTAJ_BORULARI
10
-0.775
20
0
30
0
11
-0.8230969883127822
21
0.009567085809127247
31
0
12
-0.8250000000000001
22
3.061616997868383e-18
32
0
13
-0.8250000000000001
23
3.061616997868383e-18
33
0
0
3DFACE
5
D9AA
330
D818
100
AcDbEntity
100
AcDbFace
8
MONTAJ_BORULARI
10
-0.775
20
0
30
1.85
11
-0.8230969883127822
21
0.009567085809127247
31
1.85
12
-0.8250000000000001
22
3.061616997868383e-18
32
1.85
13
-0.8250000000000001
23
3.061616997868383e-18
33
1.85
0
3DFACE
5
D9AB
330
D818
100
AcDbEntity
100
AcDbFace
8
MONTAJ_BORULARI
10
-0.775
20
0
30
0
11
-0.8250000000000001
21
3.061616997868383e-18
31
0
12
-0.8230969883127822
22
-0.009567085809127242
32
0
13
-0.8230969883127822
23
-0.009567085809127242
33
0
0
3DFACE
5
D9AC
330
D818
100
AcDbEntity
100
AcDbFace
8
MONTAJ_BORULARI
10
-0.775
20
0
30
1.85
11
-0.8250000000000001
21
3.061616997868383e-18
31
1.85
12
-0.8230969883127822
22
-0.009567085809127242
32
1.85
13
-0.8230969883127822
23
-0.009567085809127242
33
1.85
0
3DFACE
5
D9AD
330
D818
100
AcDbEntity
100
AcDbFace
8
MONTAJ_BORULARI
10
-0.775
20
0
30
0
11
-0.8230969883127822
21
-0.009567085809127242
31
0
12
-0.8176776695296637
22
-0.017677669529663688
32
0
13
-0.8176776695296637
23
-0.017677669529663688
33
0
0
3DFACE
5
D9AE
330
D818
100
AcDbEntity
100
AcDbFace
8
MONTAJ_BORULARI
10
-0.775
20
0
30
1.85
11
-0.8230969883127822
21
-0.009567085809127242
31
1.85
12
-0.8176776695296637
22
-0.017677669529663688
32
1.85
13
-0.8176776695296637
23
-0.017677669529663688
33
1.85
0
3DFACE
5
D9AF
330
D818
100
AcDbEntity
100
AcDbFace
8
MONTAJ_BORULARI
10
-0.775
20
0
30
0
11
-0.8176776695296637
21
-0.017677669529663688
31
0
12
-0.8095670858091273
22
-0.023096988312782164
32
0
13
-0.8095670858091273
23
-0.023096988312782164
33
0
0
3DFACE
5
D9B0
330
D818
100
AcDbEntity
100
AcDbFace
8
MONTAJ_BORULARI
10
-0.775
20
0
30
1.85
11
-0.8176776695296637
21
-0.017677669529663688
31
1.85
12
-0.8095670858091273
22
-0.023096988312782164
32
1.85
13
-0.8095670858091273
23
-0.023096988312782164
33
1.85
0
3DFACE
5
D9B1
330
D818
100
AcDbEntity
100
AcDbFace
8
MONTAJ_BORULARI
10
-0.775
20
0
30
0
11
-0.8095670858091273
21
-0.023096988312782164
31
0
12
-0.8
22
-0.025
32
0
13
-0.8
23
-0.025
33
0
0
3DFACE
5
D9B2
330
D818
100
AcDbEntity
100
AcDbFace
8
MONTAJ_BORULARI
10
-0.775
20
0
30
1.85
11
-0.8095670858091273
21
-0.023096988312782164
31
1.85
12
-0.8
22
-0.025
32
1.85
13
-0.8
23
-0.025
33
1.85
0
3DFACE
5
D9B3
330
D818
100
AcDbEntity
100
AcDbFace
8
MONTAJ_BORULARI
10
-0.775
20
0
30
0
11
-0.8
21
-0.025
31
0
12
-0.7904329141908728
22
-0.023096988312782167
32
0
13
-0.7904329141908728
23
-0.023096988312782167
33
0
0
3DFACE
5
D9B4
330
D818
100
AcDbEntity
100
AcDbFace
8
MONTAJ_BORULARI
10
-0.775
20
0
30
1.85
11
-0.8
21
-0.025
31
1.85
12
-0.7904329141908728
22
-0.023096988312782167
32
1.85
13
-0.7904329141908728
23
-0.023096988312782167
33
1.85
0
3DFACE
5
D9B5
330
D818
100
AcDbEntity
100
AcDbFace
8
MONTAJ_BORULARI
10
-0.775
20
0
30
0
11
-0.7904329141908728
21
-0.023096988312782167
31
0
12
-0.7823223304703364
22
-0.01767766952966369
32
0
13
-0.7823223304703364
23
-0.01767766952966369
33
0
0
3DFACE
5
D9B6
330
D818
100
AcDbEntity
100
AcDbFace
8
MONTAJ_BORULARI
10
-0.775
20
0
30
1.85
11
-0.7904329141908728
21
-0.023096988312782167
31
1.85
12
-0.7823223304703364
22
-0.01767766952966369
32
1.85
13
-0.7823223304703364
23
-0.01767766952966369
33
1.85
0
3DFACE
5
D9B7
330
D818
100
AcDbEntity
100
AcDbFace
8
MONTAJ_BORULARI
10
-0.775
20
0
30
0
11
-0.7823223304703364
21
-0.01767766952966369
31
0
12
-0.7769030116872179
22
-0.009567085809127261
32
0
13
-0.7769030116872179
23
-0.009567085809127261
33
0
0
3DFACE
5
D9B8
330
D818
100
AcDbEntity
100
AcDbFace
8
MONTAJ_BORULARI
10
-0.775
20
0
30
1.85
11
-0.7823223304703364
21
-0.01767766952966369
31
1.85
12
-0.7769030116872179
22
-0.009567085809127261
32
1.85
13
-0.7769030116872179
23
-0.009567085809127261
33
1.85
0
3DFACE
5
D9B9
330
D818
100
AcDbEntity
100
AcDbFace
8
MONTAJ_BORULARI
10
-0.88
20
-0.08
30
0
11
-0.72
21
-0.08
31
0
12
-0.72
22
0.08
32
0
13
-0.88
23
0.08
33
0
0
3DFACE
5
D9BA
330
D818
100
AcDbEntity
100
AcDbFace
8
MONTAJ_BORULARI
10
-0.88
20
-0.08
30
0.015
11
-0.72
21
-0.08
31
0.015
12
-0.72
22
0.08
32
0.015
13
-0.88
23
0.08
33
0.015
0
3DFACE
5
D9BB
330
D818
100
AcDbEntity
100
AcDbFace
8
MONTAJ_BORULARI
10
-0.88
20
-0.08
30
0
11
-0.72
21
-0.08
31
0
12
-0.72
22
-0.08
32
0.015
13
-0.88
23
-0.08
33
0.015
0
3DFACE
5
D9BC
330
D818
100
AcDbEntity
100
AcDbFace
8
MONTAJ_BORULARI
10
-0.88
20
0.08
30
0
11
-0.72
21
0.08
31
0
12
-0.72
22
0.08
32
0.015
13
-0.88
23
0.08
33
0.015
0
3DFACE
5
D9BD
330
D818
100
AcDbEntity
100
AcDbFace
8
MONTAJ_BORULARI
10
-0.88
20
-0.08
30
0
11
-0.88
21
0.08
31
0
12
-0.88
22
0.08
32
0.015
13
-0.88
23
-0.08
33
0.015
0
3DFACE
5
D9BE
330
D818
100
AcDbEntity
100
AcDbFace
8
MONTAJ_BORULARI
10
-0.72
20
-0.08
30
0
11
-0.72
21
0.08
31
0
12
-0.72
22
0.08
32
0.015
13
-0.72
23
-0.08
33
0.015
0
LINE
5
D9BF
330
D818
100
AcDbEntity
100
AcDbLine
8
MONTAJ_BORULARI
10
-0.88
20
-0.08
30
0
11
-0.72
21
-0.08
31
0
0
LINE
5
D9C0
330
D818
100
AcDbEntity
100
AcDbLine
8
MONTAJ_BORULARI
10
-0.72
20
-0.08
30
0
11
-0.72
21
0.08
31
0
0
LINE
5
D9C1
330
D818
100
AcDbEntity
100
AcDbLine
8
MONTAJ_BORULARI
10
-0.72
20
0.08
30
0
11
-0.88
21
0.08
31
0
0
LINE
5
D9C2
330
D818
100
AcDbEntity
100
AcDbLine
8
MONTAJ_BORULARI
10
-0.88
20
0.08
30
0
11
-0.88
21
-0.08
31
0
0
LINE
5
D9C3
330
D818
100
AcDbEntity
100
AcDbLine
8
MONTAJ_BORULARI
10
-0.88
20
-0.08
30
0.015
11
-0.72
21
-0.08
31
0.015
0
LINE
5
D9C4
330
D818
100
AcDbEntity
100
AcDbLine
8
MONTAJ_BORULARI
10
-0.72
20
-0.08
30
0.015
11
-0.72
21
0.08
31
0.015
0
LINE
5
D9C5
330
D818
100
AcDbEntity
100
AcDbLine
8
MONTAJ_BORULARI
10
-0.72
20
0.08
30
0.015
11
-0.88
21
0.08
31
0.015
0
LINE
5
D9C6
330
D818
100
AcDbEntity
100
AcDbLine
8
MONTAJ_BORULARI
10
-0.88
20
0.08
30
0.015
11
-0.88
21
-0.08
31
0.015
0
LINE
5
D9C7
330
D818
100
AcDbEntity
100
AcDbLine
8
MONTAJ_BORULARI
10
-0.88
20
-0.08
30
0
11
-0.88
21
-0.08
31
0.015
0
LINE
5
D9C8
330
D818
100
AcDbEntity
100
AcDbLine
8
MONTAJ_BORULARI
10
-0.72
20
-0.08
30
0
11
-0.72
21
-0.08
31
0.015
0
LINE
5
D9C9
330
D818
100
AcDbEntity
100
AcDbLine
8
MONTAJ_BORULARI
10
-0.72
20
0.08
30
0
11
-0.72
21
0.08
31
0.015
0
LINE
5
D9CA
330
D818
100
AcDbEntity
100
AcDbLine
8
MONTAJ_BORULARI
10
-0.88
20
0.08
30
0
11
-0.88
21
0.08
31
0.015
0
3DFACE
5
D9CB
330
D818
100
AcDbEntity
100
AcDbFace
8
MONTAJ_BORULARI
10
-0.775
20
0.18
30
0
11
-0.7769030116872179
21
0.18956708580912723
31
0
12
-0.7769030116872179
22
0.18956708580912723
32
1.85
13
-0.775
23
0.18
33
1.85
0
LINE
5
D9CC
330
D818
100
AcDbEntity
100
AcDbLine
8
MONTAJ_BORULARI
10
-0.775
20
0.18
30
0
11
-0.7769030116872179
21
0.18956708580912723
31
0
0
LINE
5
D9CD
330
D818
100
AcDbEntity
100
AcDbLine
8
MONTAJ_BORULARI
10
-0.775
20
0.18
30
1.85
11
-0.7769030116872179
21
0.18956708580912723
31
1.85
0
LINE
5
D9CE
330
D818
100
AcDbEntity
100
AcDbLine
8
MONTAJ_BORULARI
10
-0.775
20
0.18
30
0
11
-0.775
21
0.18
31
1.85
0
3DFACE
5
D9CF
330
D818
100
AcDbEntity
100
AcDbFace
8
MONTAJ_BORULARI
10
-0.7769030116872179
20
0.18956708580912723
30
0
11
-0.7823223304703364
21
0.19767766952966367
31
0
12
-0.7823223304703364
22
0.19767766952966367
32
1.85
13
-0.7769030116872179
23
0.18956708580912723
33
1.85
0
LINE
5
D9D0
330
D818
100
AcDbEntity
100
AcDbLine
8
MONTAJ_BORULARI
10
-0.7769030116872179
20
0.18956708580912723
30
0
11
-0.7823223304703364
21
0.19767766952966367
31
0
0
LINE
5
D9D1
330
D818
100
AcDbEntity
100
AcDbLine
8
MONTAJ_BORULARI
10
-0.7769030116872179
20
0.18956708580912723
30
1.85
11
-0.7823223304703364
21
0.19767766952966367
31
1.85
0
3DFACE
5
D9D2
330
D818
100
AcDbEntity
100
AcDbFace
8
MONTAJ_BORULARI
10
-0.7823223304703364
20
0.19767766952966367
30
0
11
-0.7904329141908728
21
0.20309698831278217
31
0
12
-0.7904329141908728
22
0.20309698831278217
32
1.85
13
-0.7823223304703364
23
0.19767766952966367
33
1.85
0
LINE
5
D9D3
330
D818
100
AcDbEntity
100
AcDbLine
8
MONTAJ_BORULARI
10
-0.7823223304703364
20
0.19767766952966367
30
0
11
-0.7904329141908728
21
0.20309698831278217
31
0
0
LINE
5
D9D4
330
D818
100
AcDbEntity
100
AcDbLine
8
MONTAJ_BORULARI
10
-0.7823223304703364
20
0.19767766952966367
30
1.85
11
-0.7904329141908728
21
0.20309698831278217
31
1.85
0
3DFACE
5
D9D5
330
D818
100
AcDbEntity
100
AcDbFace
8
MONTAJ_BORULARI
10
-0.7904329141908728
20
0.20309698831278217
30
0
11
-0.8
21
0.205
31
0
12
-0.8
22
0.205
32
1.85
13
-0.7904329141908728
23
0.20309698831278217
33
1.85
0
LINE
5
D9D6
330
D818
100
AcDbEntity
100
AcDbLine
8
MONTAJ_BORULARI
10
-0.7904329141908728
20
0.20309698831278217
30
0
11
-0.8
21
0.205
31
0
0
LINE
5
D9D7
330
D818
100
AcDbEntity
100
AcDbLine
8
MONTAJ_BORULARI
10
-0.7904329141908728
20
0.20309698831278217
30
1.85
11
-0.8
21
0.205
31
1.85
0
3DFACE
5
D9D8
330
D818
100
AcDbEntity
100
AcDbFace
8
MONTAJ_BORULARI
10
-0.8
20
0.205
30
0
11
-0.8095670858091273
21
0.20309698831278217
31
0
12
-0.8095670858091273
22
0.20309698831278217
32
1.85
13
-0.8
23
0.205
33
1.85
0
LINE
5
D9D9
330
D818
100
AcDbEntity
100
AcDbLine
8
MONTAJ_BORULARI
10
-0.8
20
0.205
30
0
11
-0.8095670858091273
21
0.20309698831278217
31
0
0
LINE
5
D9DA
330
D818
100
AcDbEntity
100
AcDbLine
8
MONTAJ_BORULARI
10
-0.8
20
0.205
30
1.85
11
-0.8095670858091273
21
0.20309698831278217
31
1.85
0
LINE
5
D9DB
330
D818
100
AcDbEntity
100
AcDbLine
8
MONTAJ_BORULARI
10
-0.8
20
0.205
30
0
11
-0.8
21
0.205
31
1.85
0
3DFACE
5
D9DC
330
D818
100
AcDbEntity
100
AcDbFace
8
MONTAJ_BORULARI
10
-0.8095670858091273
20
0.20309698831278217
30
0
11
-0.8176776695296637
21
0.19767766952966367
31
0
12
-0.8176776695296637
22
0.19767766952966367
32
1.85
13
-0.8095670858091273
23
0.20309698831278217
33
1.85
0
LINE
5
D9DD
330
D818
100
AcDbEntity
100
AcDbLine
8
MONTAJ_BORULARI
10
-0.8095670858091273
20
0.20309698831278217
30
0
11
-0.8176776695296637
21
0.19767766952966367
31
0
0
LINE
5
D9DE
330
D818
100
AcDbEntity
100
AcDbLine
8
MONTAJ_BORULARI
10
-0.8095670858091273
20
0.20309698831278217
30
1.85
11
-0.8176776695296637
21
0.19767766952966367
31
1.85
0
3DFACE
5
D9DF
330
D818
100
AcDbEntity
100
AcDbFace
8
MONTAJ_BORULARI
10
-0.8176776695296637
20
0.19767766952966367
30
0
11
-0.8230969883127822
21
0.18956708580912723
31
0
12
-0.8230969883127822
22
0.18956708580912723
32
1.85
13
-0.8176776695296637
23
0.19767766952966367
33
1.85
0
LINE
5
D9E0
330
D818
100
AcDbEntity
100
AcDbLine
8
MONTAJ_BORULARI
10
-0.8176776695296637
20
0.19767766952966367
30
0
11
-0.8230969883127822
21
0.18956708580912723
31
0
0
LINE
5
D9E1
330
D818
100
AcDbEntity
100
AcDbLine
8
MONTAJ_BORULARI
10
-0.8176776695296637
20
0.19767766952966367
30
1.85
11
-0.8230969883127822
21
0.18956708580912723
31
1.85
0
3DFACE
5
D9E2
330
D818
100
AcDbEntity
100
AcDbFace
8
MONTAJ_BORULARI
10
-0.8230969883127822
20
0.18956708580912723
30
0
11
-0.8250000000000001
21
0.18
31
0
12
-0.8250000000000001
22
0.18
32
1.85
13
-0.8230969883127822
23
0.18956708580912723
33
1.85
0
LINE
5
D9E3
330
D818
100
AcDbEntity
100
AcDbLine
8
MONTAJ_BORULARI
10
-0.8230969883127822
20
0.18956708580912723
30
0
11
-0.8250000000000001
21
0.18
31
0
0
LINE
5
D9E4
330
D818
100
AcDbEntity
100
AcDbLine
8
MONTAJ_BORULARI
10
-0.8230969883127822
20
0.18956708580912723
30
1.85
11
-0.8250000000000001
21
0.18
31
1.85
0
3DFACE
5
D9E5
330
D818
100
AcDbEntity
100
AcDbFace
8
MONTAJ_BORULARI
10
-0.8250000000000001
20
0.18
30
0
11
-0.8230969883127822
21
0.17043291419087275
31
0
12
-0.8230969883127822
22
0.17043291419087275
32
1.85
13
-0.8250000000000001
23
0.18
33
1.85
0
LINE
5
D9E6
330
D818
100
AcDbEntity
100
AcDbLine
8
MONTAJ_BORULARI
10
-0.8250000000000001
20
0.18
30
0
11
-0.8230969883127822
21
0.17043291419087275
31
0
0
LINE
5
D9E7
330
D818
100
AcDbEntity
100
AcDbLine
8
MONTAJ_BORULARI
10
-0.8250000000000001
20
0.18
30
1.85
11
-0.8230969883127822
21
0.17043291419087275
31
1.85
0
LINE
5
D9E8
330
D818
100
AcDbEntity
100
AcDbLine
8
MONTAJ_BORULARI
10
-0.8250000000000001
20
0.18
30
0
11
-0.8250000000000001
21
0.18
31
1.85
0
3DFACE
5
D9E9
330
D818
100
AcDbEntity
100
AcDbFace
8
MONTAJ_BORULARI
10
-0.8230969883127822
20
0.17043291419087275
30
0
11
-0.8176776695296637
21
0.1623223304703363
31
0
12
-0.8176776695296637
22
0.1623223304703363
32
1.85
13
-0.8230969883127822
23
0.17043291419087275
33
1.85
0
LINE
5
D9EA
330
D818
100
AcDbEntity
100
AcDbLine
8
MONTAJ_BORULARI
10
-0.8230969883127822
20
0.17043291419087275
30
0
11
-0.8176776695296637
21
0.1623223304703363
31
0
0
LINE
5
D9EB
330
D818
100
AcDbEntity
100
AcDbLine
8
MONTAJ_BORULARI
10
-0.8230969883127822
20
0.17043291419087275
30
1.85
11
-0.8176776695296637
21
0.1623223304703363
31
1.85
0
3DFACE
5
D9EC
330
D818
100
AcDbEntity
100
AcDbFace
8
MONTAJ_BORULARI
10
-0.8176776695296637
20
0.1623223304703363
30
0
11
-0.8095670858091273
21
0.15690301168721782
31
0
12
-0.8095670858091273
22
0.15690301168721782
32
1.85
13
-0.8176776695296637
23
0.1623223304703363
33
1.85
0
LINE
5
D9ED
330
D818
100
AcDbEntity
100
AcDbLine
8
MONTAJ_BORULARI
10
-0.8176776695296637
20
0.1623223304703363
30
0
11
-0.8095670858091273
21
0.15690301168721782
31
0
0
LINE
5
D9EE
330
D818
100
AcDbEntity
100
AcDbLine
8
MONTAJ_BORULARI
10
-0.8176776695296637
20
0.1623223304703363
30
1.85
11
-0.8095670858091273
21
0.15690301168721782
31
1.85
0
3DFACE
5
D9EF
330
D818
100
AcDbEntity
100
AcDbFace
8
MONTAJ_BORULARI
10
-0.8095670858091273
20
0.15690301168721782
30
0
11
-0.8
21
0.155
31
0
12
-0.8
22
0.155
32
1.85
13
-0.8095670858091273
23
0.15690301168721782
33
1.85
0
LINE
5
D9F0
330
D818
100
AcDbEntity
100
AcDbLine
8
MONTAJ_BORULARI
10
-0.8095670858091273
20
0.15690301168721782
30
0
11
-0.8
21
0.155
31
0
0
LINE
5
D9F1
330
D818
100
AcDbEntity
100
AcDbLine
8
MONTAJ_BORULARI
10
-0.8095670858091273
20
0.15690301168721782
30
1.85
11
-0.8
21
0.155
31
1.85
0
3DFACE
5
D9F2
330
D818
100
AcDbEntity
100
AcDbFace
8
MONTAJ_BORULARI
10
-0.8
20
0.155
30
0
11
-0.7904329141908728
21
0.15690301168721782
31
0
12
-0.7904329141908728
22
0.15690301168721782
32
1.85
13
-0.8
23
0.155
33
1.85
0
LINE
5
D9F3
330
D818
100
AcDbEntity
100
AcDbLine
8
MONTAJ_BORULARI
10
-0.8
20
0.155
30
0
11
-0.7904329141908728
21
0.15690301168721782
31
0
0
LINE
5
D9F4
330
D818
100
AcDbEntity
100
AcDbLine
8
MONTAJ_BORULARI
10
-0.8
20
0.155
30
1.85
11
-0.7904329141908728
21
0.15690301168721782
31
1.85
0
LINE
5
D9F5
330
D818
100
AcDbEntity
100
AcDbLine
8
MONTAJ_BORULARI
10
-0.8
20
0.155
30
0
11
-0.8
21
0.155
31
1.85
0
3DFACE
5
D9F6
330
D818
100
AcDbEntity
100
AcDbFace
8
MONTAJ_BORULARI
10
-0.7904329141908728
20
0.15690301168721782
30
0
11
-0.7823223304703364
21
0.1623223304703363
31
0
12
-0.7823223304703364
22
0.1623223304703363
32
1.85
13
-0.7904329141908728
23
0.15690301168721782
33
1.85
0
LINE
5
D9F7
330
D818
100
AcDbEntity
100
AcDbLine
8
MONTAJ_BORULARI
10
-0.7904329141908728
20
0.15690301168721782
30
0
11
-0.7823223304703364
21
0.1623223304703363
31
0
0
LINE
5
D9F8
330
D818
100
AcDbEntity
100
AcDbLine
8
MONTAJ_BORULARI
10
-0.7904329141908728
20
0.15690301168721782
30
1.85
11
-0.7823223304703364
21
0.1623223304703363
31
1.85
0
3DFACE
5
D9F9
330
D818
100
AcDbEntity
100
AcDbFace
8
MONTAJ_BORULARI
10
-0.7823223304703364
20
0.1623223304703363
30
0
11
-0.7769030116872179
21
0.17043291419087273
31
0
12
-0.7769030116872179
22
0.17043291419087273
32
1.85
13
-0.7823223304703364
23
0.1623223304703363
33
1.85
0
LINE
5
D9FA
330
D818
100
AcDbEntity
100
AcDbLine
8
MONTAJ_BORULARI
10
-0.7823223304703364
20
0.1623223304703363
30
0
11
-0.7769030116872179
21
0.17043291419087273
31
0
0
LINE
5
D9FB
330
D818
100
AcDbEntity
100
AcDbLine
8
MONTAJ_BORULARI
10
-0.7823223304703364
20
0.1623223304703363
30
1.85
11
-0.7769030116872179
21
0.17043291419087273
31
1.85
0
3DFACE
5
D9FC
330
D818
100
AcDbEntity
100
AcDbFace
8
MONTAJ_BORULARI
10
-0.7769030116872179
20
0.17043291419087273
30
0
11
-0.775
21
0.18
31
0
12
-0.775
22
0.18
32
1.85
13
-0.7769030116872179
23
0.17043291419087273
33
1.85
0
LINE
5
D9FD
330
D818
100
AcDbEntity
100
AcDbLine
8
MONTAJ_BORULARI
10
-0.7769030116872179
20
0.17043291419087273
30
0
11
-0.775
21
0.18
31
0
0
LINE
5
D9FE
330
D818
100
AcDbEntity
100
AcDbLine
8
MONTAJ_BORULARI
10
-0.7769030116872179
20
0.17043291419087273
30
1.85
11
-0.775
21
0.18
31
1.85
0
3DFACE
5
D9FF
330
D818
100
AcDbEntity
100
AcDbFace
8
MONTAJ_BORULARI
10
-0.775
20
0.18
30
0
11
-0.7769030116872179
21
0.18956708580912723
31
0
12
-0.7823223304703364
22
0.19767766952966367
32
0
13
-0.7823223304703364
23
0.19767766952966367
33
0
0
3DFACE
5
DA00
330
D818
100
AcDbEntity
100
AcDbFace
8
MONTAJ_BORULARI
10
-0.775
20
0.18
30
1.85
11
-0.7769030116872179
21
0.18956708580912723
31
1.85
12
-0.7823223304703364
22
0.19767766952966367
32
1.85
13
-0.7823223304703364
23
0.19767766952966367
33
1.85
0
3DFACE
5
DA01
330
D818
100
AcDbEntity
100
AcDbFace
8
MONTAJ_BORULARI
10
-0.775
20
0.18
30
0
11
-0.7823223304703364
21
0.19767766952966367
31
0
12
-0.7904329141908728
22
0.20309698831278217
32
0
13
-0.7904329141908728
23
0.20309698831278217
33
0
0
3DFACE
5
DA02
330
D818
100
AcDbEntity
100
AcDbFace
8
MONTAJ_BORULARI
10
-0.775
20
0.18
30
1.85
11
-0.7823223304703364
21
0.19767766952966367
31
1.85
12
-0.7904329141908728
22
0.20309698831278217
32
1.85
13
-0.7904329141908728
23
0.20309698831278217
33
1.85
0
3DFACE
5
DA03
330
D818
100
AcDbEntity
100
AcDbFace
8
MONTAJ_BORULARI
10
-0.775
20
0.18
30
0
11
-0.7904329141908728
21
0.20309698831278217
31
0
12
-0.8
22
0.205
32
0
13
-0.8
23
0.205
33
0
0
3DFACE
5
DA04
330
D818
100
AcDbEntity
100
AcDbFace
8
MONTAJ_BORULARI
10
-0.775
20
0.18
30
1.85
11
-0.7904329141908728
21
0.20309698831278217
31
1.85
12
-0.8
22
0.205
32
1.85
13
-0.8
23
0.205
33
1.85
0
3DFACE
5
DA05
330
D818
100
AcDbEntity
100
AcDbFace
8
MONTAJ_BORULARI
10
-0.775
20
0.18
30
0
11
-0.8
21
0.205
31
0
12
-0.8095670858091273
22
0.20309698831278217
32
0
13
-0.8095670858091273
23
0.20309698831278217
33
0
0
3DFACE
5
DA06
330
D818
100
AcDbEntity
100
AcDbFace
8
MONTAJ_BORULARI
10
-0.775
20
0.18
30
1.85
11
-0.8
21
0.205
31
1.85
12
-0.8095670858091273
22
0.20309698831278217
32
1.85
13
-0.8095670858091273
23
0.20309698831278217
33
1.85
0
3DFACE
5
DA07
330
D818
100
AcDbEntity
100
AcDbFace
8
MONTAJ_BORULARI
10
-0.775
20
0.18
30
0
11
-0.8095670858091273
21
0.20309698831278217
31
0
12
-0.8176776695296637
22
0.19767766952966367
32
0
13
-0.8176776695296637
23
0.19767766952966367
33
0
0
3DFACE
5
DA08
330
D818
100
AcDbEntity
100
AcDbFace
8
MONTAJ_BORULARI
10
-0.775
20
0.18
30
1.85
11
-0.8095670858091273
21
0.20309698831278217
31
1.85
12
-0.8176776695296637
22
0.19767766952966367
32
1.85
13
-0.8176776695296637
23
0.19767766952966367
33
1.85
0
3DFACE
5
DA09
330
D818
100
AcDbEntity
100
AcDbFace
8
MONTAJ_BORULARI
10
-0.775
20
0.18
30
0
11
-0.8176776695296637
21
0.19767766952966367
31
0
12
-0.8230969883127822
22
0.18956708580912723
32
0
13
-0.8230969883127822
23
0.18956708580912723
33
0
0
3DFACE
5
DA0A
330
D818
100
AcDbEntity
100
AcDbFace
8
MONTAJ_BORULARI
10
-0.775
20
0.18
30
1.85
11
-0.8176776695296637
21
0.19767766952966367
31
1.85
12
-0.8230969883127822
22
0.18956708580912723
32
1.85
13
-0.8230969883127822
23
0.18956708580912723
33
1.85
0
3DFACE
5
DA0B
330
D818
100
AcDbEntity
100
AcDbFace
8
MONTAJ_BORULARI
10
-0.775
20
0.18
30
0
11
-0.8230969883127822
21
0.18956708580912723
31
0
12
-0.8250000000000001
22
0.18
32
0
13
-0.8250000000000001
23
0.18
33
0
0
3DFACE
5
DA0C
330
D818
100
AcDbEntity
100
AcDbFace
8
MONTAJ_BORULARI
10
-0.775
20
0.18
30
1.85
11
-0.8230969883127822
21
0.18956708580912723
31
1.85
12
-0.8250000000000001
22
0.18
32
1.85
13
-0.8250000000000001
23
0.18
33
1.85
0
3DFACE
5
DA0D
330
D818
100
AcDbEntity
100
AcDbFace
8
MONTAJ_BORULARI
10
-0.775
20
0.18
30
0
11
-0.8250000000000001
21
0.18
31
0
12
-0.8230969883127822
22
0.17043291419087275
32
0
13
-0.8230969883127822
23
0.17043291419087275
33
0
0
3DFACE
5
DA0E
330
D818
100
AcDbEntity
100
AcDbFace
8
MONTAJ_BORULARI
10
-0.775
20
0.18
30
1.85
11
-0.8250000000000001
21
0.18
31
1.85
12
-0.8230969883127822
22
0.17043291419087275
32
1.85
13
-0.8230969883127822
23
0.17043291419087275
33
1.85
0
3DFACE
5
DA0F
330
D818
100
AcDbEntity
100
AcDbFace
8
MONTAJ_BORULARI
10
-0.775
20
0.18
30
0
11
-0.8230969883127822
21
0.17043291419087275
31
0
12
-0.8176776695296637
22
0.1623223304703363
32
0
13
-0.8176776695296637
23
0.1623223304703363
33
0
0
3DFACE
5
DA10
330
D818
100
AcDbEntity
100
AcDbFace
8
MONTAJ_BORULARI
10
-0.775
20
0.18
30
1.85
11
-0.8230969883127822
21
0.17043291419087275
31
1.85
12
-0.8176776695296637
22
0.1623223304703363
32
1.85
13
-0.8176776695296637
23
0.1623223304703363
33
1.85
0
3DFACE
5
DA11
330
D818
100
AcDbEntity
100
AcDbFace
8
MONTAJ_BORULARI
10
-0.775
20
0.18
30
0
11
-0.8176776695296637
21
0.1623223304703363
31
0
12
-0.8095670858091273
22
0.15690301168721782
32
0
13
-0.8095670858091273
23
0.15690301168721782
33
0
0
3DFACE
5
DA12
330
D818
100
AcDbEntity
100
AcDbFace
8
MONTAJ_BORULARI
10
-0.775
20
0.18
30
1.85
11
-0.8176776695296637
21
0.1623223304703363
31
1.85
12
-0.8095670858091273
22
0.15690301168721782
32
1.85
13
-0.8095670858091273
23
0.15690301168721782
33
1.85
0
3DFACE
5
DA13
330
D818
100
AcDbEntity
100
AcDbFace
8
MONTAJ_BORULARI
10
-0.775
20
0.18
30
0
11
-0.8095670858091273
21
0.15690301168721782
31
0
12
-0.8
22
0.155
32
0
13
-0.8
23
0.155
33
0
0
3DFACE
5
DA14
330
D818
100
AcDbEntity
100
AcDbFace
8
MONTAJ_BORULARI
10
-0.775
20
0.18
30
1.85
11
-0.8095670858091273
21
0.15690301168721782
31
1.85
12
-0.8
22
0.155
32
1.85
13
-0.8
23
0.155
33
1.85
0
3DFACE
5
DA15
330
D818
100
AcDbEntity
100
AcDbFace
8
MONTAJ_BORULARI
10
-0.775
20
0.18
30
0
11
-0.8
21
0.155
31
0
12
-0.7904329141908728
22
0.15690301168721782
32
0
13
-0.7904329141908728
23
0.15690301168721782
33
0
0
3DFACE
5
DA16
330
D818
100
AcDbEntity
100
AcDbFace
8
MONTAJ_BORULARI
10
-0.775
20
0.18
30
1.85
11
-0.8
21
0.155
31
1.85
12
-0.7904329141908728
22
0.15690301168721782
32
1.85
13
-0.7904329141908728
23
0.15690301168721782
33
1.85
0
3DFACE
5
DA17
330
D818
100
AcDbEntity
100
AcDbFace
8
MONTAJ_BORULARI
10
-0.775
20
0.18
30
0
11
-0.7904329141908728
21
0.15690301168721782
31
0
12
-0.7823223304703364
22
0.1623223304703363
32
0
13
-0.7823223304703364
23
0.1623223304703363
33
0
0
3DFACE
5
DA18
330
D818
100
AcDbEntity
100
AcDbFace
8
MONTAJ_BORULARI
10
-0.775
20
0.18
30
1.85
11
-0.7904329141908728
21
0.15690301168721782
31
1.85
12
-0.7823223304703364
22
0.1623223304703363
32
1.85
13
-0.7823223304703364
23
0.1623223304703363
33
1.85
0
3DFACE
5
DA19
330
D818
100
AcDbEntity
100
AcDbFace
8
MONTAJ_BORULARI
10
-0.775
20
0.18
30
0
11
-0.7823223304703364
21
0.1623223304703363
31
0
12
-0.7769030116872179
22
0.17043291419087273
32
0
13
-0.7769030116872179
23
0.17043291419087273
33
0
0
3DFACE
5
DA1A
330
D818
100
AcDbEntity
100
AcDbFace
8
MONTAJ_BORULARI
10
-0.775
20
0.18
30
1.85
11
-0.7823223304703364
21
0.1623223304703363
31
1.85
12
-0.7769030116872179
22
0.17043291419087273
32
1.85
13
-0.7769030116872179
23
0.17043291419087273
33
1.85
0
3DFACE
5
DA1B
330
D818
100
AcDbEntity
100
AcDbFace
8
MONTAJ_BORULARI
10
-0.88
20
0.1
30
0
11
-0.72
21
0.1
31
0
12
-0.72
22
0.26
32
0
13
-0.88
23
0.26
33
0
0
3DFACE
5
DA1C
330
D818
100
AcDbEntity
100
AcDbFace
8
MONTAJ_BORULARI
10
-0.88
20
0.1
30
0.015
11
-0.72
21
0.1
31
0.015
12
-0.72
22
0.26
32
0.015
13
-0.88
23
0.26
33
0.015
0
3DFACE
5
DA1D
330
D818
100
AcDbEntity
100
AcDbFace
8
MONTAJ_BORULARI
10
-0.88
20
0.1
30
0
11
-0.72
21
0.1
31
0
12
-0.72
22
0.1
32
0.015
13
-0.88
23
0.1
33
0.015
0
3DFACE
5
DA1E
330
D818
100
AcDbEntity
100
AcDbFace
8
MONTAJ_BORULARI
10
-0.88
20
0.26
30
0
11
-0.72
21
0.26
31
0
12
-0.72
22
0.26
32
0.015
13
-0.88
23
0.26
33
0.015
0
3DFACE
5
DA1F
330
D818
100
AcDbEntity
100
AcDbFace
8
MONTAJ_BORULARI
10
-0.88
20
0.1
30
0
11
-0.88
21
0.26
31
0
12
-0.88
22
0.26
32
0.015
13
-0.88
23
0.1
33
0.015
0
3DFACE
5
DA20
330
D818
100
AcDbEntity
100
AcDbFace
8
MONTAJ_BORULARI
10
-0.72
20
0.1
30
0
11
-0.72
21
0.26
31
0
12
-0.72
22
0.26
32
0.015
13
-0.72
23
0.1
33
0.015
0
LINE
5
DA21
330
D818
100
AcDbEntity
100
AcDbLine
8
MONTAJ_BORULARI
10
-0.88
20
0.1
30
0
11
-0.72
21
0.1
31
0
0
LINE
5
DA22
330
D818
100
AcDbEntity
100
AcDbLine
8
MONTAJ_BORULARI
10
-0.72
20
0.1
30
0
11
-0.72
21
0.26
31
0
0
LINE
5
DA23
330
D818
100
AcDbEntity
100
AcDbLine
8
MONTAJ_BORULARI
10
-0.72
20
0.26
30
0
11
-0.88
21
0.26
31
0
0
LINE
5
DA24
330
D818
100
AcDbEntity
100
AcDbLine
8
MONTAJ_BORULARI
10
-0.88
20
0.26
30
0
11
-0.88
21
0.1
31
0
0
LINE
5
DA25
330
D818
100
AcDbEntity
100
AcDbLine
8
MONTAJ_BORULARI
10
-0.88
20
0.1
30
0.015
11
-0.72
21
0.1
31
0.015
0
LINE
5
DA26
330
D818
100
AcDbEntity
100
AcDbLine
8
MONTAJ_BORULARI
10
-0.72
20
0.1
30
0.015
11
-0.72
21
0.26
31
0.015
0
LINE
5
DA27
330
D818
100
AcDbEntity
100
AcDbLine
8
MONTAJ_BORULARI
10
-0.72
20
0.26
30
0.015
11
-0.88
21
0.26
31
0.015
0
LINE
5
DA28
330
D818
100
AcDbEntity
100
AcDbLine
8
MONTAJ_BORULARI
10
-0.88
20
0.26
30
0.015
11
-0.88
21
0.1
31
0.015
0
LINE
5
DA29
330
D818
100
AcDbEntity
100
AcDbLine
8
MONTAJ_BORULARI
10
-0.88
20
0.1
30
0
11
-0.88
21
0.1
31
0.015
0
LINE
5
DA2A
330
D818
100
AcDbEntity
100
AcDbLine
8
MONTAJ_BORULARI
10
-0.72
20
0.1
30
0
11
-0.72
21
0.1
31
0.015
0
LINE
5
DA2B
330
D818
100
AcDbEntity
100
AcDbLine
8
MONTAJ_BORULARI
10
-0.72
20
0.26
30
0
11
-0.72
21
0.26
31
0.015
0
LINE
5
DA2C
330
D818
100
AcDbEntity
100
AcDbLine
8
MONTAJ_BORULARI
10
-0.88
20
0.26
30
0
11
-0.88
21
0.26
31
0.015
0
3DFACE
5
DA2D
330
D818
100
AcDbEntity
100
AcDbFace
8
MONTAJ_BORULARI
10
-0.775
20
0.36
30
0
11
-0.7769030116872179
21
0.3695670858091272
31
0
12
-0.7769030116872179
22
0.3695670858091272
32
1.85
13
-0.775
23
0.36
33
1.85
0
LINE
5
DA2E
330
D818
100
AcDbEntity
100
AcDbLine
8
MONTAJ_BORULARI
10
-0.775
20
0.36
30
0
11
-0.7769030116872179
21
0.3695670858091272
31
0
0
LINE
5
DA2F
330
D818
100
AcDbEntity
100
AcDbLine
8
MONTAJ_BORULARI
10
-0.775
20
0.36
30
1.85
11
-0.7769030116872179
21
0.3695670858091272
31
1.85
0
LINE
5
DA30
330
D818
100
AcDbEntity
100
AcDbLine
8
MONTAJ_BORULARI
10
-0.775
20
0.36
30
0
11
-0.775
21
0.36
31
1.85
0
3DFACE
5
DA31
330
D818
100
AcDbEntity
100
AcDbFace
8
MONTAJ_BORULARI
10
-0.7769030116872179
20
0.3695670858091272
30
0
11
-0.7823223304703364
21
0.3776776695296637
31
0
12
-0.7823223304703364
22
0.3776776695296637
32
1.85
13
-0.7769030116872179
23
0.3695670858091272
33
1.85
0
LINE
5
DA32
330
D818
100
AcDbEntity
100
AcDbLine
8
MONTAJ_BORULARI
10
-0.7769030116872179
20
0.3695670858091272
30
0
11
-0.7823223304703364
21
0.3776776695296637
31
0
0
LINE
5
DA33
330
D818
100
AcDbEntity
100
AcDbLine
8
MONTAJ_BORULARI
10
-0.7769030116872179
20
0.3695670858091272
30
1.85
11
-0.7823223304703364
21
0.3776776695296637
31
1.85
0
3DFACE
5
DA34
330
D818
100
AcDbEntity
100
AcDbFace
8
MONTAJ_BORULARI
10
-0.7823223304703364
20
0.3776776695296637
30
0
11
-0.7904329141908728
21
0.38309698831278216
31
0
12
-0.7904329141908728
22
0.38309698831278216
32
1.85
13
-0.7823223304703364
23
0.3776776695296637
33
1.85
0
LINE
5
DA35
330
D818
100
AcDbEntity
100
AcDbLine
8
MONTAJ_BORULARI
10
-0.7823223304703364
20
0.3776776695296637
30
0
11
-0.7904329141908728
21
0.38309698831278216
31
0
0
LINE
5
DA36
330
D818
100
AcDbEntity
100
AcDbLine
8
MONTAJ_BORULARI
10
-0.7823223304703364
20
0.3776776695296637
30
1.85
11
-0.7904329141908728
21
0.38309698831278216
31
1.85
0
3DFACE
5
DA37
330
D818
100
AcDbEntity
100
AcDbFace
8
MONTAJ_BORULARI
10
-0.7904329141908728
20
0.38309698831278216
30
0
11
-0.8
21
0.385
31
0
12
-0.8
22
0.385
32
1.85
13
-0.7904329141908728
23
0.38309698831278216
33
1.85
0
LINE
5
DA38
330
D818
100
AcDbEntity
100
AcDbLine
8
MONTAJ_BORULARI
10
-0.7904329141908728
20
0.38309698831278216
30
0
11
-0.8
21
0.385
31
0
0
LINE
5
DA39
330
D818
100
AcDbEntity
100
AcDbLine
8
MONTAJ_BORULARI
10
-0.7904329141908728
20
0.38309698831278216
30
1.85
11
-0.8
21
0.385
31
1.85
0
3DFACE
5
DA3A
330
D818
100
AcDbEntity
100
AcDbFace
8
MONTAJ_BORULARI
10
-0.8
20
0.385
30
0
11
-0.8095670858091273
21
0.38309698831278216
31
0
12
-0.8095670858091273
22
0.38309698831278216
32
1.85
13
-0.8
23
0.385
33
1.85
0
LINE
5
DA3B
330
D818
100
AcDbEntity
100
AcDbLine
8
MONTAJ_BORULARI
10
-0.8
20
0.385
30
0
11
-0.8095670858091273
21
0.38309698831278216
31
0
0
LINE
5
DA3C
330
D818
100
AcDbEntity
100
AcDbLine
8
MONTAJ_BORULARI
10
-0.8
20
0.385
30
1.85
11
-0.8095670858091273
21
0.38309698831278216
31
1.85
0
LINE
5
DA3D
330
D818
100
AcDbEntity
100
AcDbLine
8
MONTAJ_BORULARI
10
-0.8
20
0.385
30
0
11
-0.8
21
0.385
31
1.85
0
3DFACE
5
DA3E
330
D818
100
AcDbEntity
100
AcDbFace
8
MONTAJ_BORULARI
10
-0.8095670858091273
20
0.38309698831278216
30
0
11
-0.8176776695296637
21
0.3776776695296637
31
0
12
-0.8176776695296637
22
0.3776776695296637
32
1.85
13
-0.8095670858091273
23
0.38309698831278216
33
1.85
0
LINE
5
DA3F
330
D818
100
AcDbEntity
100
AcDbLine
8
MONTAJ_BORULARI
10
-0.8095670858091273
20
0.38309698831278216
30
0
11
-0.8176776695296637
21
0.3776776695296637
31
0
0
LINE
5
DA40
330
D818
100
AcDbEntity
100
AcDbLine
8
MONTAJ_BORULARI
10
-0.8095670858091273
20
0.38309698831278216
30
1.85
11
-0.8176776695296637
21
0.3776776695296637
31
1.85
0
3DFACE
5
DA41
330
D818
100
AcDbEntity
100
AcDbFace
8
MONTAJ_BORULARI
10
-0.8176776695296637
20
0.3776776695296637
30
0
11
-0.8230969883127822
21
0.3695670858091272
31
0
12
-0.8230969883127822
22
0.3695670858091272
32
1.85
13
-0.8176776695296637
23
0.3776776695296637
33
1.85
0
LINE
5
DA42
330
D818
100
AcDbEntity
100
AcDbLine
8
MONTAJ_BORULARI
10
-0.8176776695296637
20
0.3776776695296637
30
0
11
-0.8230969883127822
21
0.3695670858091272
31
0
0
LINE
5
DA43
330
D818
100
AcDbEntity
100
AcDbLine
8
MONTAJ_BORULARI
10
-0.8176776695296637
20
0.3776776695296637
30
1.85
11
-0.8230969883127822
21
0.3695670858091272
31
1.85
0
3DFACE
5
DA44
330
D818
100
AcDbEntity
100
AcDbFace
8
MONTAJ_BORULARI
10
-0.8230969883127822
20
0.3695670858091272
30
0
11
-0.8250000000000001
21
0.36
31
0
12
-0.8250000000000001
22
0.36
32
1.85
13
-0.8230969883127822
23
0.3695670858091272
33
1.85
0
LINE
5
DA45
330
D818
100
AcDbEntity
100
AcDbLine
8
MONTAJ_BORULARI
10
-0.8230969883127822
20
0.3695670858091272
30
0
11
-0.8250000000000001
21
0.36
31
0
0
LINE
5
DA46
330
D818
100
AcDbEntity
100
AcDbLine
8
MONTAJ_BORULARI
10
-0.8230969883127822
20
0.3695670858091272
30
1.85
11
-0.8250000000000001
21
0.36
31
1.85
0
3DFACE
5
DA47
330
D818
100
AcDbEntity
100
AcDbFace
8
MONTAJ_BORULARI
10
-0.8250000000000001
20
0.36
30
0
11
-0.8230969883127822
21
0.35043291419087275
31
0
12
-0.8230969883127822
22
0.35043291419087275
32
1.85
13
-0.8250000000000001
23
0.36
33
1.85
0
LINE
5
DA48
330
D818
100
AcDbEntity
100
AcDbLine
8
MONTAJ_BORULARI
10
-0.8250000000000001
20
0.36
30
0
11
-0.8230969883127822
21
0.35043291419087275
31
0
0
LINE
5
DA49
330
D818
100
AcDbEntity
100
AcDbLine
8
MONTAJ_BORULARI
10
-0.8250000000000001
20
0.36
30
1.85
11
-0.8230969883127822
21
0.35043291419087275
31
1.85
0
LINE
5
DA4A
330
D818
100
AcDbEntity
100
AcDbLine
8
MONTAJ_BORULARI
10
-0.8250000000000001
20
0.36
30
0
11
-0.8250000000000001
21
0.36
31
1.85
0
3DFACE
5
DA4B
330
D818
100
AcDbEntity
100
AcDbFace
8
MONTAJ_BORULARI
10
-0.8230969883127822
20
0.35043291419087275
30
0
11
-0.8176776695296637
21
0.3423223304703363
31
0
12
-0.8176776695296637
22
0.3423223304703363
32
1.85
13
-0.8230969883127822
23
0.35043291419087275
33
1.85
0
LINE
5
DA4C
330
D818
100
AcDbEntity
100
AcDbLine
8
MONTAJ_BORULARI
10
-0.8230969883127822
20
0.35043291419087275
30
0
11
-0.8176776695296637
21
0.3423223304703363
31
0
0
LINE
5
DA4D
330
D818
100
AcDbEntity
100
AcDbLine
8
MONTAJ_BORULARI
10
-0.8230969883127822
20
0.35043291419087275
30
1.85
11
-0.8176776695296637
21
0.3423223304703363
31
1.85
0
3DFACE
5
DA4E
330
D818
100
AcDbEntity
100
AcDbFace
8
MONTAJ_BORULARI
10
-0.8176776695296637
20
0.3423223304703363
30
0
11
-0.8095670858091273
21
0.3369030116872178
31
0
12
-0.8095670858091273
22
0.3369030116872178
32
1.85
13
-0.8176776695296637
23
0.3423223304703363
33
1.85
0
LINE
5
DA4F
330
D818
100
AcDbEntity
100
AcDbLine
8
MONTAJ_BORULARI
10
-0.8176776695296637
20
0.3423223304703363
30
0
11
-0.8095670858091273
21
0.3369030116872178
31
0
0
LINE
5
DA50
330
D818
100
AcDbEntity
100
AcDbLine
8
MONTAJ_BORULARI
10
-0.8176776695296637
20
0.3423223304703363
30
1.85
11
-0.8095670858091273
21
0.3369030116872178
31
1.85
0
3DFACE
5
DA51
330
D818
100
AcDbEntity
100
AcDbFace
8
MONTAJ_BORULARI
10
-0.8095670858091273
20
0.3369030116872178
30
0
11
-0.8
21
0.33499999999999996
31
0
12
-0.8
22
0.33499999999999996
32
1.85
13
-0.8095670858091273
23
0.3369030116872178
33
1.85
0
LINE
5
DA52
330
D818
100
AcDbEntity
100
AcDbLine
8
MONTAJ_BORULARI
10
-0.8095670858091273
20
0.3369030116872178
30
0
11
-0.8
21
0.33499999999999996
31
0
0
LINE
5
DA53
330
D818
100
AcDbEntity
100
AcDbLine
8
MONTAJ_BORULARI
10
-0.8095670858091273
20
0.3369030116872178
30
1.85
11
-0.8
21
0.33499999999999996
31
1.85
0
3DFACE
5
DA54
330
D818
100
AcDbEntity
100
AcDbFace
8
MONTAJ_BORULARI
10
-0.8
20
0.33499999999999996
30
0
11
-0.7904329141908728
21
0.3369030116872178
31
0
12
-0.7904329141908728
22
0.3369030116872178
32
1.85
13
-0.8
23
0.33499999999999996
33
1.85
0
LINE
5
DA55
330
D818
100
AcDbEntity
100
AcDbLine
8
MONTAJ_BORULARI
10
-0.8
20
0.33499999999999996
30
0
11
-0.7904329141908728
21
0.3369030116872178
31
0
0
LINE
5
DA56
330
D818
100
AcDbEntity
100
AcDbLine
8
MONTAJ_BORULARI
10
-0.8
20
0.33499999999999996
30
1.85
11
-0.7904329141908728
21
0.3369030116872178
31
1.85
0
LINE
5
DA57
330
D818
100
AcDbEntity
100
AcDbLine
8
MONTAJ_BORULARI
10
-0.8
20
0.33499999999999996
30
0
11
-0.8
21
0.33499999999999996
31
1.85
0
3DFACE
5
DA58
330
D818
100
AcDbEntity
100
AcDbFace
8
MONTAJ_BORULARI
10
-0.7904329141908728
20
0.3369030116872178
30
0
11
-0.7823223304703364
21
0.3423223304703363
31
0
12
-0.7823223304703364
22
0.3423223304703363
32
1.85
13
-0.7904329141908728
23
0.3369030116872178
33
1.85
0
LINE
5
DA59
330
D818
100
AcDbEntity
100
AcDbLine
8
MONTAJ_BORULARI
10
-0.7904329141908728
20
0.3369030116872178
30
0
11
-0.7823223304703364
21
0.3423223304703363
31
0
0
LINE
5
DA5A
330
D818
100
AcDbEntity
100
AcDbLine
8
MONTAJ_BORULARI
10
-0.7904329141908728
20
0.3369030116872178
30
1.85
11
-0.7823223304703364
21
0.3423223304703363
31
1.85
0
3DFACE
5
DA5B
330
D818
100
AcDbEntity
100
AcDbFace
8
MONTAJ_BORULARI
10
-0.7823223304703364
20
0.3423223304703363
30
0
11
-0.7769030116872179
21
0.35043291419087275
31
0
12
-0.7769030116872179
22
0.35043291419087275
32
1.85
13
-0.7823223304703364
23
0.3423223304703363
33
1.85
0
LINE
5
DA5C
330
D818
100
AcDbEntity
100
AcDbLine
8
MONTAJ_BORULARI
10
-0.7823223304703364
20
0.3423223304703363
30
0
11
-0.7769030116872179
21
0.35043291419087275
31
0
0
LINE
5
DA5D
330
D818
100
AcDbEntity
100
AcDbLine
8
MONTAJ_BORULARI
10
-0.7823223304703364
20
0.3423223304703363
30
1.85
11
-0.7769030116872179
21
0.35043291419087275
31
1.85
0
3DFACE
5
DA5E
330
D818
100
AcDbEntity
100
AcDbFace
8
MONTAJ_BORULARI
10
-0.7769030116872179
20
0.35043291419087275
30
0
11
-0.775
21
0.36
31
0
12
-0.775
22
0.36
32
1.85
13
-0.7769030116872179
23
0.35043291419087275
33
1.85
0
LINE
5
DA5F
330
D818
100
AcDbEntity
100
AcDbLine
8
MONTAJ_BORULARI
10
-0.7769030116872179
20
0.35043291419087275
30
0
11
-0.775
21
0.36
31
0
0
LINE
5
DA60
330
D818
100
AcDbEntity
100
AcDbLine
8
MONTAJ_BORULARI
10
-0.7769030116872179
20
0.35043291419087275
30
1.85
11
-0.775
21
0.36
31
1.85
0
3DFACE
5
DA61
330
D818
100
AcDbEntity
100
AcDbFace
8
MONTAJ_BORULARI
10
-0.775
20
0.36
30
0
11
-0.7769030116872179
21
0.3695670858091272
31
0
12
-0.7823223304703364
22
0.3776776695296637
32
0
13
-0.7823223304703364
23
0.3776776695296637
33
0
0
3DFACE
5
DA62
330
D818
100
AcDbEntity
100
AcDbFace
8
MONTAJ_BORULARI
10
-0.775
20
0.36
30
1.85
11
-0.7769030116872179
21
0.3695670858091272
31
1.85
12
-0.7823223304703364
22
0.3776776695296637
32
1.85
13
-0.7823223304703364
23
0.3776776695296637
33
1.85
0
3DFACE
5
DA63
330
D818
100
AcDbEntity
100
AcDbFace
8
MONTAJ_BORULARI
10
-0.775
20
0.36
30
0
11
-0.7823223304703364
21
0.3776776695296637
31
0
12
-0.7904329141908728
22
0.38309698831278216
32
0
13
-0.7904329141908728
23
0.38309698831278216
33
0
0
3DFACE
5
DA64
330
D818
100
AcDbEntity
100
AcDbFace
8
MONTAJ_BORULARI
10
-0.775
20
0.36
30
1.85
11
-0.7823223304703364
21
0.3776776695296637
31
1.85
12
-0.7904329141908728
22
0.38309698831278216
32
1.85
13
-0.7904329141908728
23
0.38309698831278216
33
1.85
0
3DFACE
5
DA65
330
D818
100
AcDbEntity
100
AcDbFace
8
MONTAJ_BORULARI
10
-0.775
20
0.36
30
0
11
-0.7904329141908728
21
0.38309698831278216
31
0
12
-0.8
22
0.385
32
0
13
-0.8
23
0.385
33
0
0
3DFACE
5
DA66
330
D818
100
AcDbEntity
100
AcDbFace
8
MONTAJ_BORULARI
10
-0.775
20
0.36
30
1.85
11
-0.7904329141908728
21
0.38309698831278216
31
1.85
12
-0.8
22
0.385
32
1.85
13
-0.8
23
0.385
33
1.85
0
3DFACE
5
DA67
330
D818
100
AcDbEntity
100
AcDbFace
8
MONTAJ_BORULARI
10
-0.775
20
0.36
30
0
11
-0.8
21
0.385
31
0
12
-0.8095670858091273
22
0.38309698831278216
32
0
13
-0.8095670858091273
23
0.38309698831278216
33
0
0
3DFACE
5
DA68
330
D818
100
AcDbEntity
100
AcDbFace
8
MONTAJ_BORULARI
10
-0.775
20
0.36
30
1.85
11
-0.8
21
0.385
31
1.85
12
-0.8095670858091273
22
0.38309698831278216
32
1.85
13
-0.8095670858091273
23
0.38309698831278216
33
1.85
0
3DFACE
5
DA69
330
D818
100
AcDbEntity
100
AcDbFace
8
MONTAJ_BORULARI
10
-0.775
20
0.36
30
0
11
-0.8095670858091273
21
0.38309698831278216
31
0
12
-0.8176776695296637
22
0.3776776695296637
32
0
13
-0.8176776695296637
23
0.3776776695296637
33
0
0
3DFACE
5
DA6A
330
D818
100
AcDbEntity
100
AcDbFace
8
MONTAJ_BORULARI
10
-0.775
20
0.36
30
1.85
11
-0.8095670858091273
21
0.38309698831278216
31
1.85
12
-0.8176776695296637
22
0.3776776695296637
32
1.85
13
-0.8176776695296637
23
0.3776776695296637
33
1.85
0
3DFACE
5
DA6B
330
D818
100
AcDbEntity
100
AcDbFace
8
MONTAJ_BORULARI
10
-0.775
20
0.36
30
0
11
-0.8176776695296637
21
0.3776776695296637
31
0
12
-0.8230969883127822
22
0.3695670858091272
32
0
13
-0.8230969883127822
23
0.3695670858091272
33
0
0
3DFACE
5
DA6C
330
D818
100
AcDbEntity
100
AcDbFace
8
MONTAJ_BORULARI
10
-0.775
20
0.36
30
1.85
11
-0.8176776695296637
21
0.3776776695296637
31
1.85
12
-0.8230969883127822
22
0.3695670858091272
32
1.85
13
-0.8230969883127822
23
0.3695670858091272
33
1.85
0
3DFACE
5
DA6D
330
D818
100
AcDbEntity
100
AcDbFace
8
MONTAJ_BORULARI
10
-0.775
20
0.36
30
0
11
-0.8230969883127822
21
0.3695670858091272
31
0
12
-0.8250000000000001
22
0.36
32
0
13
-0.8250000000000001
23
0.36
33
0
0
3DFACE
5
DA6E
330
D818
100
AcDbEntity
100
AcDbFace
8
MONTAJ_BORULARI
10
-0.775
20
0.36
30
1.85
11
-0.8230969883127822
21
0.3695670858091272
31
1.85
12
-0.8250000000000001
22
0.36
32
1.85
13
-0.8250000000000001
23
0.36
33
1.85
0
3DFACE
5
DA6F
330
D818
100
AcDbEntity
100
AcDbFace
8
MONTAJ_BORULARI
10
-0.775
20
0.36
30
0
11
-0.8250000000000001
21
0.36
31
0
12
-0.8230969883127822
22
0.35043291419087275
32
0
13
-0.8230969883127822
23
0.35043291419087275
33
0
0
3DFACE
5
DA70
330
D818
100
AcDbEntity
100
AcDbFace
8
MONTAJ_BORULARI
10
-0.775
20
0.36
30
1.85
11
-0.8250000000000001
21
0.36
31
1.85
12
-0.8230969883127822
22
0.35043291419087275
32
1.85
13
-0.8230969883127822
23
0.35043291419087275
33
1.85
0
3DFACE
5
DA71
330
D818
100
AcDbEntity
100
AcDbFace
8
MONTAJ_BORULARI
10
-0.775
20
0.36
30
0
11
-0.8230969883127822
21
0.35043291419087275
31
0
12
-0.8176776695296637
22
0.3423223304703363
32
0
13
-0.8176776695296637
23
0.3423223304703363
33
0
0
3DFACE
5
DA72
330
D818
100
AcDbEntity
100
AcDbFace
8
MONTAJ_BORULARI
10
-0.775
20
0.36
30
1.85
11
-0.8230969883127822
21
0.35043291419087275
31
1.85
12
-0.8176776695296637
22
0.3423223304703363
32
1.85
13
-0.8176776695296637
23
0.3423223304703363
33
1.85
0
3DFACE
5
DA73
330
D818
100
AcDbEntity
100
AcDbFace
8
MONTAJ_BORULARI
10
-0.775
20
0.36
30
0
11
-0.8176776695296637
21
0.3423223304703363
31
0
12
-0.8095670858091273
22
0.3369030116872178
32
0
13
-0.8095670858091273
23
0.3369030116872178
33
0
0
3DFACE
5
DA74
330
D818
100
AcDbEntity
100
AcDbFace
8
MONTAJ_BORULARI
10
-0.775
20
0.36
30
1.85
11
-0.8176776695296637
21
0.3423223304703363
31
1.85
12
-0.8095670858091273
22
0.3369030116872178
32
1.85
13
-0.8095670858091273
23
0.3369030116872178
33
1.85
0
3DFACE
5
DA75
330
D818
100
AcDbEntity
100
AcDbFace
8
MONTAJ_BORULARI
10
-0.775
20
0.36
30
0
11
-0.8095670858091273
21
0.3369030116872178
31
0
12
-0.8
22
0.33499999999999996
32
0
13
-0.8
23
0.33499999999999996
33
0
0
3DFACE
5
DA76
330
D818
100
AcDbEntity
100
AcDbFace
8
MONTAJ_BORULARI
10
-0.775
20
0.36
30
1.85
11
-0.8095670858091273
21
0.3369030116872178
31
1.85
12
-0.8
22
0.33499999999999996
32
1.85
13
-0.8
23
0.33499999999999996
33
1.85
0
3DFACE
5
DA77
330
D818
100
AcDbEntity
100
AcDbFace
8
MONTAJ_BORULARI
10
-0.775
20
0.36
30
0
11
-0.8
21
0.33499999999999996
31
0
12
-0.7904329141908728
22
0.3369030116872178
32
0
13
-0.7904329141908728
23
0.3369030116872178
33
0
0
3DFACE
5
DA78
330
D818
100
AcDbEntity
100
AcDbFace
8
MONTAJ_BORULARI
10
-0.775
20
0.36
30
1.85
11
-0.8
21
0.33499999999999996
31
1.85
12
-0.7904329141908728
22
0.3369030116872178
32
1.85
13
-0.7904329141908728
23
0.3369030116872178
33
1.85
0
3DFACE
5
DA79
330
D818
100
AcDbEntity
100
AcDbFace
8
MONTAJ_BORULARI
10
-0.775
20
0.36
30
0
11
-0.7904329141908728
21
0.3369030116872178
31
0
12
-0.7823223304703364
22
0.3423223304703363
32
0
13
-0.7823223304703364
23
0.3423223304703363
33
0
0
3DFACE
5
DA7A
330
D818
100
AcDbEntity
100
AcDbFace
8
MONTAJ_BORULARI
10
-0.775
20
0.36
30
1.85
11
-0.7904329141908728
21
0.3369030116872178
31
1.85
12
-0.7823223304703364
22
0.3423223304703363
32
1.85
13
-0.7823223304703364
23
0.3423223304703363
33
1.85
0
3DFACE
5
DA7B
330
D818
100
AcDbEntity
100
AcDbFace
8
MONTAJ_BORULARI
10
-0.775
20
0.36
30
0
11
-0.7823223304703364
21
0.3423223304703363
31
0
12
-0.7769030116872179
22
0.35043291419087275
32
0
13
-0.7769030116872179
23
0.35043291419087275
33
0
0
3DFACE
5
DA7C
330
D818
100
AcDbEntity
100
AcDbFace
8
MONTAJ_BORULARI
10
-0.775
20
0.36
30
1.85
11
-0.7823223304703364
21
0.3423223304703363
31
1.85
12
-0.7769030116872179
22
0.35043291419087275
32
1.85
13
-0.7769030116872179
23
0.35043291419087275
33
1.85
0
3DFACE
5
DA7D
330
D818
100
AcDbEntity
100
AcDbFace
8
MONTAJ_BORULARI
10
-0.88
20
0.28
30
0
11
-0.72
21
0.28
31
0
12
-0.72
22
0.44
32
0
13
-0.88
23
0.44
33
0
0
3DFACE
5
DA7E
330
D818
100
AcDbEntity
100
AcDbFace
8
MONTAJ_BORULARI
10
-0.88
20
0.28
30
0.015
11
-0.72
21
0.28
31
0.015
12
-0.72
22
0.44
32
0.015
13
-0.88
23
0.44
33
0.015
0
3DFACE
5
DA7F
330
D818
100
AcDbEntity
100
AcDbFace
8
MONTAJ_BORULARI
10
-0.88
20
0.28
30
0
11
-0.72
21
0.28
31
0
12
-0.72
22
0.28
32
0.015
13
-0.88
23
0.28
33
0.015
0
3DFACE
5
DA80
330
D818
100
AcDbEntity
100
AcDbFace
8
MONTAJ_BORULARI
10
-0.88
20
0.44
30
0
11
-0.72
21
0.44
31
0
12
-0.72
22
0.44
32
0.015
13
-0.88
23
0.44
33
0.015
0
3DFACE
5
DA81
330
D818
100
AcDbEntity
100
AcDbFace
8
MONTAJ_BORULARI
10
-0.88
20
0.28
30
0
11
-0.88
21
0.44
31
0
12
-0.88
22
0.44
32
0.015
13
-0.88
23
0.28
33
0.015
0
3DFACE
5
DA82
330
D818
100
AcDbEntity
100
AcDbFace
8
MONTAJ_BORULARI
10
-0.72
20
0.28
30
0
11
-0.72
21
0.44
31
0
12
-0.72
22
0.44
32
0.015
13
-0.72
23
0.28
33
0.015
0
LINE
5
DA83
330
D818
100
AcDbEntity
100
AcDbLine
8
MONTAJ_BORULARI
10
-0.88
20
0.28
30
0
11
-0.72
21
0.28
31
0
0
LINE
5
DA84
330
D818
100
AcDbEntity
100
AcDbLine
8
MONTAJ_BORULARI
10
-0.72
20
0.28
30
0
11
-0.72
21
0.44
31
0
0
LINE
5
DA85
330
D818
100
AcDbEntity
100
AcDbLine
8
MONTAJ_BORULARI
10
-0.72
20
0.44
30
0
11
-0.88
21
0.44
31
0
0
LINE
5
DA86
330
D818
100
AcDbEntity
100
AcDbLine
8
MONTAJ_BORULARI
10
-0.88
20
0.44
30
0
11
-0.88
21
0.28
31
0
0
LINE
5
DA87
330
D818
100
AcDbEntity
100
AcDbLine
8
MONTAJ_BORULARI
10
-0.88
20
0.28
30
0.015
11
-0.72
21
0.28
31
0.015
0
LINE
5
DA88
330
D818
100
AcDbEntity
100
AcDbLine
8
MONTAJ_BORULARI
10
-0.72
20
0.28
30
0.015
11
-0.72
21
0.44
31
0.015
0
LINE
5
DA89
330
D818
100
AcDbEntity
100
AcDbLine
8
MONTAJ_BORULARI
10
-0.72
20
0.44
30
0.015
11
-0.88
21
0.44
31
0.015
0
LINE
5
DA8A
330
D818
100
AcDbEntity
100
AcDbLine
8
MONTAJ_BORULARI
10
-0.88
20
0.44
30
0.015
11
-0.88
21
0.28
31
0.015
0
LINE
5
DA8B
330
D818
100
AcDbEntity
100
AcDbLine
8
MONTAJ_BORULARI
10
-0.88
20
0.28
30
0
11
-0.88
21
0.28
31
0.015
0
LINE
5
DA8C
330
D818
100
AcDbEntity
100
AcDbLine
8
MONTAJ_BORULARI
10
-0.72
20
0.28
30
0
11
-0.72
21
0.28
31
0.015
0
LINE
5
DA8D
330
D818
100
AcDbEntity
100
AcDbLine
8
MONTAJ_BORULARI
10
-0.72
20
0.44
30
0
11
-0.72
21
0.44
31
0.015
0
LINE
5
DA8E
330
D818
100
AcDbEntity
100
AcDbLine
8
MONTAJ_BORULARI
10
-0.88
20
0.44
30
0
11
-0.88
21
0.44
31
0.015
0
3DFACE
5
DA8F
330
D818
100
AcDbEntity
100
AcDbFace
8
MONTAJ_BORULARI
10
-0.775
20
0.54
30
0
11
-0.7769030116872179
21
0.5495670858091273
31
0
12
-0.7769030116872179
22
0.5495670858091273
32
1.85
13
-0.775
23
0.54
33
1.85
0
LINE
5
DA90
330
D818
100
AcDbEntity
100
AcDbLine
8
MONTAJ_BORULARI
10
-0.775
20
0.54
30
0
11
-0.7769030116872179
21
0.5495670858091273
31
0
0
LINE
5
DA91
330
D818
100
AcDbEntity
100
AcDbLine
8
MONTAJ_BORULARI
10
-0.775
20
0.54
30
1.85
11
-0.7769030116872179
21
0.5495670858091273
31
1.85
0
LINE
5
DA92
330
D818
100
AcDbEntity
100
AcDbLine
8
MONTAJ_BORULARI
10
-0.775
20
0.54
30
0
11
-0.775
21
0.54
31
1.85
0
3DFACE
5
DA93
330
D818
100
AcDbEntity
100
AcDbFace
8
MONTAJ_BORULARI
10
-0.7769030116872179
20
0.5495670858091273
30
0
11
-0.7823223304703364
21
0.5576776695296637
31
0
12
-0.7823223304703364
22
0.5576776695296637
32
1.85
13
-0.7769030116872179
23
0.5495670858091273
33
1.85
0
LINE
5
DA94
330
D818
100
AcDbEntity
100
AcDbLine
8
MONTAJ_BORULARI
10
-0.7769030116872179
20
0.5495670858091273
30
0
11
-0.7823223304703364
21
0.5576776695296637
31
0
0
LINE
5
DA95
330
D818
100
AcDbEntity
100
AcDbLine
8
MONTAJ_BORULARI
10
-0.7769030116872179
20
0.5495670858091273
30
1.85
11
-0.7823223304703364
21
0.5576776695296637
31
1.85
0
3DFACE
5
DA96
330
D818
100
AcDbEntity
100
AcDbFace
8
MONTAJ_BORULARI
10
-0.7823223304703364
20
0.5576776695296637
30
0
11
-0.7904329141908728
21
0.5630969883127822
31
0
12
-0.7904329141908728
22
0.5630969883127822
32
1.85
13
-0.7823223304703364
23
0.5576776695296637
33
1.85
0
LINE
5
DA97
330
D818
100
AcDbEntity
100
AcDbLine
8
MONTAJ_BORULARI
10
-0.7823223304703364
20
0.5576776695296637
30
0
11
-0.7904329141908728
21
0.5630969883127822
31
0
0
LINE
5
DA98
330
D818
100
AcDbEntity
100
AcDbLine
8
MONTAJ_BORULARI
10
-0.7823223304703364
20
0.5576776695296637
30
1.85
11
-0.7904329141908728
21
0.5630969883127822
31
1.85
0
3DFACE
5
DA99
330
D818
100
AcDbEntity
100
AcDbFace
8
MONTAJ_BORULARI
10
-0.7904329141908728
20
0.5630969883127822
30
0
11
-0.8
21
0.5650000000000001
31
0
12
-0.8
22
0.5650000000000001
32
1.85
13
-0.7904329141908728
23
0.5630969883127822
33
1.85
0
LINE
5
DA9A
330
D818
100
AcDbEntity
100
AcDbLine
8
MONTAJ_BORULARI
10
-0.7904329141908728
20
0.5630969883127822
30
0
11
-0.8
21
0.5650000000000001
31
0
0
LINE
5
DA9B
330
D818
100
AcDbEntity
100
AcDbLine
8
MONTAJ_BORULARI
10
-0.7904329141908728
20
0.5630969883127822
30
1.85
11
-0.8
21
0.5650000000000001
31
1.85
0
3DFACE
5
DA9C
330
D818
100
AcDbEntity
100
AcDbFace
8
MONTAJ_BORULARI
10
-0.8
20
0.5650000000000001
30
0
11
-0.8095670858091273
21
0.5630969883127822
31
0
12
-0.8095670858091273
22
0.5630969883127822
32
1.85
13
-0.8
23
0.5650000000000001
33
1.85
0
LINE
5
DA9D
330
D818
100
AcDbEntity
100
AcDbLine
8
MONTAJ_BORULARI
10
-0.8
20
0.5650000000000001
30
0
11
-0.8095670858091273
21
0.5630969883127822
31
0
0
LINE
5
DA9E
330
D818
100
AcDbEntity
100
AcDbLine
8
MONTAJ_BORULARI
10
-0.8
20
0.5650000000000001
30
1.85
11
-0.8095670858091273
21
0.5630969883127822
31
1.85
0
LINE
5
DA9F
330
D818
100
AcDbEntity
100
AcDbLine
8
MONTAJ_BORULARI
10
-0.8
20
0.5650000000000001
30
0
11
-0.8
21
0.5650000000000001
31
1.85
0
3DFACE
5
DAA0
330
D818
100
AcDbEntity
100
AcDbFace
8
MONTAJ_BORULARI
10
-0.8095670858091273
20
0.5630969883127822
30
0
11
-0.8176776695296637
21
0.5576776695296637
31
0
12
-0.8176776695296637
22
0.5576776695296637
32
1.85
13
-0.8095670858091273
23
0.5630969883127822
33
1.85
0
LINE
5
DAA1
330
D818
100
AcDbEntity
100
AcDbLine
8
MONTAJ_BORULARI
10
-0.8095670858091273
20
0.5630969883127822
30
0
11
-0.8176776695296637
21
0.5576776695296637
31
0
0
LINE
5
DAA2
330
D818
100
AcDbEntity
100
AcDbLine
8
MONTAJ_BORULARI
10
-0.8095670858091273
20
0.5630969883127822
30
1.85
11
-0.8176776695296637
21
0.5576776695296637
31
1.85
0
3DFACE
5
DAA3
330
D818
100
AcDbEntity
100
AcDbFace
8
MONTAJ_BORULARI
10
-0.8176776695296637
20
0.5576776695296637
30
0
11
-0.8230969883127822
21
0.5495670858091273
31
0
12
-0.8230969883127822
22
0.5495670858091273
32
1.85
13
-0.8176776695296637
23
0.5576776695296637
33
1.85
0
LINE
5
DAA4
330
D818
100
AcDbEntity
100
AcDbLine
8
MONTAJ_BORULARI
10
-0.8176776695296637
20
0.5576776695296637
30
0
11
-0.8230969883127822
21
0.5495670858091273
31
0
0
LINE
5
DAA5
330
D818
100
AcDbEntity
100
AcDbLine
8
MONTAJ_BORULARI
10
-0.8176776695296637
20
0.5576776695296637
30
1.85
11
-0.8230969883127822
21
0.5495670858091273
31
1.85
0
3DFACE
5
DAA6
330
D818
100
AcDbEntity
100
AcDbFace
8
MONTAJ_BORULARI
10
-0.8230969883127822
20
0.5495670858091273
30
0
11
-0.8250000000000001
21
0.54
31
0
12
-0.8250000000000001
22
0.54
32
1.85
13
-0.8230969883127822
23
0.5495670858091273
33
1.85
0
LINE
5
DAA7
330
D818
100
AcDbEntity
100
AcDbLine
8
MONTAJ_BORULARI
10
-0.8230969883127822
20
0.5495670858091273
30
0
11
-0.8250000000000001
21
0.54
31
0
0
LINE
5
DAA8
330
D818
100
AcDbEntity
100
AcDbLine
8
MONTAJ_BORULARI
10
-0.8230969883127822
20
0.5495670858091273
30
1.85
11
-0.8250000000000001
21
0.54
31
1.85
0
3DFACE
5
DAA9
330
D818
100
AcDbEntity
100
AcDbFace
8
MONTAJ_BORULARI
10
-0.8250000000000001
20
0.54
30
0
11
-0.8230969883127822
21
0.5304329141908728
31
0
12
-0.8230969883127822
22
0.5304329141908728
32
1.85
13
-0.8250000000000001
23
0.54
33
1.85
0
LINE
5
DAAA
330
D818
100
AcDbEntity
100
AcDbLine
8
MONTAJ_BORULARI
10
-0.8250000000000001
20
0.54
30
0
11
-0.8230969883127822
21
0.5304329141908728
31
0
0
LINE
5
DAAB
330
D818
100
AcDbEntity
100
AcDbLine
8
MONTAJ_BORULARI
10
-0.8250000000000001
20
0.54
30
1.85
11
-0.8230969883127822
21
0.5304329141908728
31
1.85
0
LINE
5
DAAC
330
D818
100
AcDbEntity
100
AcDbLine
8
MONTAJ_BORULARI
10
-0.8250000000000001
20
0.54
30
0
11
-0.8250000000000001
21
0.54
31
1.85
0
3DFACE
5
DAAD
330
D818
100
AcDbEntity
100
AcDbFace
8
MONTAJ_BORULARI
10
-0.8230969883127822
20
0.5304329141908728
30
0
11
-0.8176776695296637
21
0.5223223304703364
31
0
12
-0.8176776695296637
22
0.5223223304703364
32
1.85
13
-0.8230969883127822
23
0.5304329141908728
33
1.85
0
LINE
5
DAAE
330
D818
100
AcDbEntity
100
AcDbLine
8
MONTAJ_BORULARI
10
-0.8230969883127822
20
0.5304329141908728
30
0
11
-0.8176776695296637
21
0.5223223304703364
31
0
0
LINE
5
DAAF
330
D818
100
AcDbEntity
100
AcDbLine
8
MONTAJ_BORULARI
10
-0.8230969883127822
20
0.5304329141908728
30
1.85
11
-0.8176776695296637
21
0.5223223304703364
31
1.85
0
3DFACE
5
DAB0
330
D818
100
AcDbEntity
100
AcDbFace
8
MONTAJ_BORULARI
10
-0.8176776695296637
20
0.5223223304703364
30
0
11
-0.8095670858091273
21
0.5169030116872179
31
0
12
-0.8095670858091273
22
0.5169030116872179
32
1.85
13
-0.8176776695296637
23
0.5223223304703364
33
1.85
0
LINE
5
DAB1
330
D818
100
AcDbEntity
100
AcDbLine
8
MONTAJ_BORULARI
10
-0.8176776695296637
20
0.5223223304703364
30
0
11
-0.8095670858091273
21
0.5169030116872179
31
0
0
LINE
5
DAB2
330
D818
100
AcDbEntity
100
AcDbLine
8
MONTAJ_BORULARI
10
-0.8176776695296637
20
0.5223223304703364
30
1.85
11
-0.8095670858091273
21
0.5169030116872179
31
1.85
0
3DFACE
5
DAB3
330
D818
100
AcDbEntity
100
AcDbFace
8
MONTAJ_BORULARI
10
-0.8095670858091273
20
0.5169030116872179
30
0
11
-0.8
21
0.515
31
0
12
-0.8
22
0.515
32
1.85
13
-0.8095670858091273
23
0.5169030116872179
33
1.85
0
LINE
5
DAB4
330
D818
100
AcDbEntity
100
AcDbLine
8
MONTAJ_BORULARI
10
-0.8095670858091273
20
0.5169030116872179
30
0
11
-0.8
21
0.515
31
0
0
LINE
5
DAB5
330
D818
100
AcDbEntity
100
AcDbLine
8
MONTAJ_BORULARI
10
-0.8095670858091273
20
0.5169030116872179
30
1.85
11
-0.8
21
0.515
31
1.85
0
3DFACE
5
DAB6
330
D818
100
AcDbEntity
100
AcDbFace
8
MONTAJ_BORULARI
10
-0.8
20
0.515
30
0
11
-0.7904329141908728
21
0.5169030116872179
31
0
12
-0.7904329141908728
22
0.5169030116872179
32
1.85
13
-0.8
23
0.515
33
1.85
0
LINE
5
DAB7
330
D818
100
AcDbEntity
100
AcDbLine
8
MONTAJ_BORULARI
10
-0.8
20
0.515
30
0
11
-0.7904329141908728
21
0.5169030116872179
31
0
0
LINE
5
DAB8
330
D818
100
AcDbEntity
100
AcDbLine
8
MONTAJ_BORULARI
10
-0.8
20
0.515
30
1.85
11
-0.7904329141908728
21
0.5169030116872179
31
1.85
0
LINE
5
DAB9
330
D818
100
AcDbEntity
100
AcDbLine
8
MONTAJ_BORULARI
10
-0.8
20
0.515
30
0
11
-0.8
21
0.515
31
1.85
0
3DFACE
5
DABA
330
D818
100
AcDbEntity
100
AcDbFace
8
MONTAJ_BORULARI
10
-0.7904329141908728
20
0.5169030116872179
30
0
11
-0.7823223304703364
21
0.5223223304703364
31
0
12
-0.7823223304703364
22
0.5223223304703364
32
1.85
13
-0.7904329141908728
23
0.5169030116872179
33
1.85
0
LINE
5
DABB
330
D818
100
AcDbEntity
100
AcDbLine
8
MONTAJ_BORULARI
10
-0.7904329141908728
20
0.5169030116872179
30
0
11
-0.7823223304703364
21
0.5223223304703364
31
0
0
LINE
5
DABC
330
D818
100
AcDbEntity
100
AcDbLine
8
MONTAJ_BORULARI
10
-0.7904329141908728
20
0.5169030116872179
30
1.85
11
-0.7823223304703364
21
0.5223223304703364
31
1.85
0
3DFACE
5
DABD
330
D818
100
AcDbEntity
100
AcDbFace
8
MONTAJ_BORULARI
10
-0.7823223304703364
20
0.5223223304703364
30
0
11
-0.7769030116872179
21
0.5304329141908728
31
0
12
-0.7769030116872179
22
0.5304329141908728
32
1.85
13
-0.7823223304703364
23
0.5223223304703364
33
1.85
0
LINE
5
DABE
330
D818
100
AcDbEntity
100
AcDbLine
8
MONTAJ_BORULARI
10
-0.7823223304703364
20
0.5223223304703364
30
0
11
-0.7769030116872179
21
0.5304329141908728
31
0
0
LINE
5
DABF
330
D818
100
AcDbEntity
100
AcDbLine
8
MONTAJ_BORULARI
10
-0.7823223304703364
20
0.5223223304703364
30
1.85
11
-0.7769030116872179
21
0.5304329141908728
31
1.85
0
3DFACE
5
DAC0
330
D818
100
AcDbEntity
100
AcDbFace
8
MONTAJ_BORULARI
10
-0.7769030116872179
20
0.5304329141908728
30
0
11
-0.775
21
0.54
31
0
12
-0.775
22
0.54
32
1.85
13
-0.7769030116872179
23
0.5304329141908728
33
1.85
0
LINE
5
DAC1
330
D818
100
AcDbEntity
100
AcDbLine
8
MONTAJ_BORULARI
10
-0.7769030116872179
20
0.5304329141908728
30
0
11
-0.775
21
0.54
31
0
0
LINE
5
DAC2
330
D818
100
AcDbEntity
100
AcDbLine
8
MONTAJ_BORULARI
10
-0.7769030116872179
20
0.5304329141908728
30
1.85
11
-0.775
21
0.54
31
1.85
0
3DFACE
5
DAC3
330
D818
100
AcDbEntity
100
AcDbFace
8
MONTAJ_BORULARI
10
-0.775
20
0.54
30
0
11
-0.7769030116872179
21
0.5495670858091273
31
0
12
-0.7823223304703364
22
0.5576776695296637
32
0
13
-0.7823223304703364
23
0.5576776695296637
33
0
0
3DFACE
5
DAC4
330
D818
100
AcDbEntity
100
AcDbFace
8
MONTAJ_BORULARI
10
-0.775
20
0.54
30
1.85
11
-0.7769030116872179
21
0.5495670858091273
31
1.85
12
-0.7823223304703364
22
0.5576776695296637
32
1.85
13
-0.7823223304703364
23
0.5576776695296637
33
1.85
0
3DFACE
5
DAC5
330
D818
100
AcDbEntity
100
AcDbFace
8
MONTAJ_BORULARI
10
-0.775
20
0.54
30
0
11
-0.7823223304703364
21
0.5576776695296637
31
0
12
-0.7904329141908728
22
0.5630969883127822
32
0
13
-0.7904329141908728
23
0.5630969883127822
33
0
0
3DFACE
5
DAC6
330
D818
100
AcDbEntity
100
AcDbFace
8
MONTAJ_BORULARI
10
-0.775
20
0.54
30
1.85
11
-0.7823223304703364
21
0.5576776695296637
31
1.85
12
-0.7904329141908728
22
0.5630969883127822
32
1.85
13
-0.7904329141908728
23
0.5630969883127822
33
1.85
0
3DFACE
5
DAC7
330
D818
100
AcDbEntity
100
AcDbFace
8
MONTAJ_BORULARI
10
-0.775
20
0.54
30
0
11
-0.7904329141908728
21
0.5630969883127822
31
0
12
-0.8
22
0.5650000000000001
32
0
13
-0.8
23
0.5650000000000001
33
0
0
3DFACE
5
DAC8
330
D818
100
AcDbEntity
100
AcDbFace
8
MONTAJ_BORULARI
10
-0.775
20
0.54
30
1.85
11
-0.7904329141908728
21
0.5630969883127822
31
1.85
12
-0.8
22
0.5650000000000001
32
1.85
13
-0.8
23
0.5650000000000001
33
1.85
0
3DFACE
5
DAC9
330
D818
100
AcDbEntity
100
AcDbFace
8
MONTAJ_BORULARI
10
-0.775
20
0.54
30
0
11
-0.8
21
0.5650000000000001
31
0
12
-0.8095670858091273
22
0.5630969883127822
32
0
13
-0.8095670858091273
23
0.5630969883127822
33
0
0
3DFACE
5
DACA
330
D818
100
AcDbEntity
100
AcDbFace
8
MONTAJ_BORULARI
10
-0.775
20
0.54
30
1.85
11
-0.8
21
0.5650000000000001
31
1.85
12
-0.8095670858091273
22
0.5630969883127822
32
1.85
13
-0.8095670858091273
23
0.5630969883127822
33
1.85
0
3DFACE
5
DACB
330
D818
100
AcDbEntity
100
AcDbFace
8
MONTAJ_BORULARI
10
-0.775
20
0.54
30
0
11
-0.8095670858091273
21
0.5630969883127822
31
0
12
-0.8176776695296637
22
0.5576776695296637
32
0
13
-0.8176776695296637
23
0.5576776695296637
33
0
0
3DFACE
5
DACC
330
D818
100
AcDbEntity
100
AcDbFace
8
MONTAJ_BORULARI
10
-0.775
20
0.54
30
1.85
11
-0.8095670858091273
21
0.5630969883127822
31
1.85
12
-0.8176776695296637
22
0.5576776695296637
32
1.85
13
-0.8176776695296637
23
0.5576776695296637
33
1.85
0
3DFACE
5
DACD
330
D818
100
AcDbEntity
100
AcDbFace
8
MONTAJ_BORULARI
10
-0.775
20
0.54
30
0
11
-0.8176776695296637
21
0.5576776695296637
31
0
12
-0.8230969883127822
22
0.5495670858091273
32
0
13
-0.8230969883127822
23
0.5495670858091273
33
0
0
3DFACE
5
DACE
330
D818
100
AcDbEntity
100
AcDbFace
8
MONTAJ_BORULARI
10
-0.775
20
0.54
30
1.85
11
-0.8176776695296637
21
0.5576776695296637
31
1.85
12
-0.8230969883127822
22
0.5495670858091273
32
1.85
13
-0.8230969883127822
23
0.5495670858091273
33
1.85
0
3DFACE
5
DACF
330
D818
100
AcDbEntity
100
AcDbFace
8
MONTAJ_BORULARI
10
-0.775
20
0.54
30
0
11
-0.8230969883127822
21
0.5495670858091273
31
0
12
-0.8250000000000001
22
0.54
32
0
13
-0.8250000000000001
23
0.54
33
0
0
3DFACE
5
DAD0
330
D818
100
AcDbEntity
100
AcDbFace
8
MONTAJ_BORULARI
10
-0.775
20
0.54
30
1.85
11
-0.8230969883127822
21
0.5495670858091273
31
1.85
12
-0.8250000000000001
22
0.54
32
1.85
13
-0.8250000000000001
23
0.54
33
1.85
0
3DFACE
5
DAD1
330
D818
100
AcDbEntity
100
AcDbFace
8
MONTAJ_BORULARI
10
-0.775
20
0.54
30
0
11
-0.8250000000000001
21
0.54
31
0
12
-0.8230969883127822
22
0.5304329141908728
32
0
13
-0.8230969883127822
23
0.5304329141908728
33
0
0
3DFACE
5
DAD2
330
D818
100
AcDbEntity
100
AcDbFace
8
MONTAJ_BORULARI
10
-0.775
20
0.54
30
1.85
11
-0.8250000000000001
21
0.54
31
1.85
12
-0.8230969883127822
22
0.5304329141908728
32
1.85
13
-0.8230969883127822
23
0.5304329141908728
33
1.85
0
3DFACE
5
DAD3
330
D818
100
AcDbEntity
100
AcDbFace
8
MONTAJ_BORULARI
10
-0.775
20
0.54
30
0
11
-0.8230969883127822
21
0.5304329141908728
31
0
12
-0.8176776695296637
22
0.5223223304703364
32
0
13
-0.8176776695296637
23
0.5223223304703364
33
0
0
3DFACE
5
DAD4
330
D818
100
AcDbEntity
100
AcDbFace
8
MONTAJ_BORULARI
10
-0.775
20
0.54
30
1.85
11
-0.8230969883127822
21
0.5304329141908728
31
1.85
12
-0.8176776695296637
22
0.5223223304703364
32
1.85
13
-0.8176776695296637
23
0.5223223304703364
33
1.85
0
3DFACE
5
DAD5
330
D818
100
AcDbEntity
100
AcDbFace
8
MONTAJ_BORULARI
10
-0.775
20
0.54
30
0
11
-0.8176776695296637
21
0.5223223304703364
31
0
12
-0.8095670858091273
22
0.5169030116872179
32
0
13
-0.8095670858091273
23
0.5169030116872179
33
0
0
3DFACE
5
DAD6
330
D818
100
AcDbEntity
100
AcDbFace
8
MONTAJ_BORULARI
10
-0.775
20
0.54
30
1.85
11
-0.8176776695296637
21
0.5223223304703364
31
1.85
12
-0.8095670858091273
22
0.5169030116872179
32
1.85
13
-0.8095670858091273
23
0.5169030116872179
33
1.85
0
3DFACE
5
DAD7
330
D818
100
AcDbEntity
100
AcDbFace
8
MONTAJ_BORULARI
10
-0.775
20
0.54
30
0
11
-0.8095670858091273
21
0.5169030116872179
31
0
12
-0.8
22
0.515
32
0
13
-0.8
23
0.515
33
0
0
3DFACE
5
DAD8
330
D818
100
AcDbEntity
100
AcDbFace
8
MONTAJ_BORULARI
10
-0.775
20
0.54
30
1.85
11
-0.8095670858091273
21
0.5169030116872179
31
1.85
12
-0.8
22
0.515
32
1.85
13
-0.8
23
0.515
33
1.85
0
3DFACE
5
DAD9
330
D818
100
AcDbEntity
100
AcDbFace
8
MONTAJ_BORULARI
10
-0.775
20
0.54
30
0
11
-0.8
21
0.515
31
0
12
-0.7904329141908728
22
0.5169030116872179
32
0
13
-0.7904329141908728
23
0.5169030116872179
33
0
0
3DFACE
5
DADA
330
D818
100
AcDbEntity
100
AcDbFace
8
MONTAJ_BORULARI
10
-0.775
20
0.54
30
1.85
11
-0.8
21
0.515
31
1.85
12
-0.7904329141908728
22
0.5169030116872179
32
1.85
13
-0.7904329141908728
23
0.5169030116872179
33
1.85
0
3DFACE
5
DADB
330
D818
100
AcDbEntity
100
AcDbFace
8
MONTAJ_BORULARI
10
-0.775
20
0.54
30
0
11
-0.7904329141908728
21
0.5169030116872179
31
0
12
-0.7823223304703364
22
0.5223223304703364
32
0
13
-0.7823223304703364
23
0.5223223304703364
33
0
0
3DFACE
5
DADC
330
D818
100
AcDbEntity
100
AcDbFace
8
MONTAJ_BORULARI
10
-0.775
20
0.54
30
1.85
11
-0.7904329141908728
21
0.5169030116872179
31
1.85
12
-0.7823223304703364
22
0.5223223304703364
32
1.85
13
-0.7823223304703364
23
0.5223223304703364
33
1.85
0
3DFACE
5
DADD
330
D818
100
AcDbEntity
100
AcDbFace
8
MONTAJ_BORULARI
10
-0.775
20
0.54
30
0
11
-0.7823223304703364
21
0.5223223304703364
31
0
12
-0.7769030116872179
22
0.5304329141908728
32
0
13
-0.7769030116872179
23
0.5304329141908728
33
0
0
3DFACE
5
DADE
330
D818
100
AcDbEntity
100
AcDbFace
8
MONTAJ_BORULARI
10
-0.775
20
0.54
30
1.85
11
-0.7823223304703364
21
0.5223223304703364
31
1.85
12
-0.7769030116872179
22
0.5304329141908728
32
1.85
13
-0.7769030116872179
23
0.5304329141908728
33
1.85
0
3DFACE
5
DADF
330
D818
100
AcDbEntity
100
AcDbFace
8
MONTAJ_BORULARI
10
-0.88
20
0.46
30
0
11
-0.72
21
0.46
31
0
12
-0.72
22
0.62
32
0
13
-0.88
23
0.62
33
0
0
3DFACE
5
DAE0
330
D818
100
AcDbEntity
100
AcDbFace
8
MONTAJ_BORULARI
10
-0.88
20
0.46
30
0.015
11
-0.72
21
0.46
31
0.015
12
-0.72
22
0.62
32
0.015
13
-0.88
23
0.62
33
0.015
0
3DFACE
5
DAE1
330
D818
100
AcDbEntity
100
AcDbFace
8
MONTAJ_BORULARI
10
-0.88
20
0.46
30
0
11
-0.72
21
0.46
31
0
12
-0.72
22
0.46
32
0.015
13
-0.88
23
0.46
33
0.015
0
3DFACE
5
DAE2
330
D818
100
AcDbEntity
100
AcDbFace
8
MONTAJ_BORULARI
10
-0.88
20
0.62
30
0
11
-0.72
21
0.62
31
0
12
-0.72
22
0.62
32
0.015
13
-0.88
23
0.62
33
0.015
0
3DFACE
5
DAE3
330
D818
100
AcDbEntity
100
AcDbFace
8
MONTAJ_BORULARI
10
-0.88
20
0.46
30
0
11
-0.88
21
0.62
31
0
12
-0.88
22
0.62
32
0.015
13
-0.88
23
0.46
33
0.015
0
3DFACE
5
DAE4
330
D818
100
AcDbEntity
100
AcDbFace
8
MONTAJ_BORULARI
10
-0.72
20
0.46
30
0
11
-0.72
21
0.62
31
0
12
-0.72
22
0.62
32
0.015
13
-0.72
23
0.46
33
0.015
0
LINE
5
DAE5
330
D818
100
AcDbEntity
100
AcDbLine
8
MONTAJ_BORULARI
10
-0.88
20
0.46
30
0
11
-0.72
21
0.46
31
0
0
LINE
5
DAE6
330
D818
100
AcDbEntity
100
AcDbLine
8
MONTAJ_BORULARI
10
-0.72
20
0.46
30
0
11
-0.72
21
0.62
31
0
0
LINE
5
DAE7
330
D818
100
AcDbEntity
100
AcDbLine
8
MONTAJ_BORULARI
10
-0.72
20
0.62
30
0
11
-0.88
21
0.62
31
0
0
LINE
5
DAE8
330
D818
100
AcDbEntity
100
AcDbLine
8
MONTAJ_BORULARI
10
-0.88
20
0.62
30
0
11
-0.88
21
0.46
31
0
0
LINE
5
DAE9
330
D818
100
AcDbEntity
100
AcDbLine
8
MONTAJ_BORULARI
10
-0.88
20
0.46
30
0.015
11
-0.72
21
0.46
31
0.015
0
LINE
5
DAEA
330
D818
100
AcDbEntity
100
AcDbLine
8
MONTAJ_BORULARI
10
-0.72
20
0.46
30
0.015
11
-0.72
21
0.62
31
0.015
0
LINE
5
DAEB
330
D818
100
AcDbEntity
100
AcDbLine
8
MONTAJ_BORULARI
10
-0.72
20
0.62
30
0.015
11
-0.88
21
0.62
31
0.015
0
LINE
5
DAEC
330
D818
100
AcDbEntity
100
AcDbLine
8
MONTAJ_BORULARI
10
-0.88
20
0.62
30
0.015
11
-0.88
21
0.46
31
0.015
0
LINE
5
DAED
330
D818
100
AcDbEntity
100
AcDbLine
8
MONTAJ_BORULARI
10
-0.88
20
0.46
30
0
11
-0.88
21
0.46
31
0.015
0
LINE
5
DAEE
330
D818
100
AcDbEntity
100
AcDbLine
8
MONTAJ_BORULARI
10
-0.72
20
0.46
30
0
11
-0.72
21
0.46
31
0.015
0
LINE
5
DAEF
330
D818
100
AcDbEntity
100
AcDbLine
8
MONTAJ_BORULARI
10
-0.72
20
0.62
30
0
11
-0.72
21
0.62
31
0.015
0
LINE
5
DAF0
330
D818
100
AcDbEntity
100
AcDbLine
8
MONTAJ_BORULARI
10
-0.88
20
0.62
30
0
11
-0.88
21
0.62
31
0.015
0
3DFACE
5
DAF1
330
D818
100
AcDbEntity
100
AcDbFace
8
MONTAJ_BORULARI
10
-0.8200000000000001
20
-0.59
30
0.73
11
-0.78
21
-0.59
31
0.73
12
-0.78
22
0.59
32
0.73
13
-0.8200000000000001
23
0.59
33
0.73
0
3DFACE
5
DAF2
330
D818
100
AcDbEntity
100
AcDbFace
8
MONTAJ_BORULARI
10
-0.8200000000000001
20
-0.59
30
0.77
11
-0.78
21
-0.59
31
0.77
12
-0.78
22
0.59
32
0.77
13
-0.8200000000000001
23
0.59
33
0.77
0
3DFACE
5
DAF3
330
D818
100
AcDbEntity
100
AcDbFace
8
MONTAJ_BORULARI
10
-0.8200000000000001
20
-0.59
30
0.73
11
-0.78
21
-0.59
31
0.73
12
-0.78
22
-0.59
32
0.77
13
-0.8200000000000001
23
-0.59
33
0.77
0
3DFACE
5
DAF4
330
D818
100
AcDbEntity
100
AcDbFace
8
MONTAJ_BORULARI
10
-0.8200000000000001
20
0.59
30
0.73
11
-0.78
21
0.59
31
0.73
12
-0.78
22
0.59
32
0.77
13
-0.8200000000000001
23
0.59
33
0.77
0
3DFACE
5
DAF5
330
D818
100
AcDbEntity
100
AcDbFace
8
MONTAJ_BORULARI
10
-0.8200000000000001
20
-0.59
30
0.73
11
-0.8200000000000001
21
0.59
31
0.73
12
-0.8200000000000001
22
0.59
32
0.77
13
-0.8200000000000001
23
-0.59
33
0.77
0
3DFACE
5
DAF6
330
D818
100
AcDbEntity
100
AcDbFace
8
MONTAJ_BORULARI
10
-0.78
20
-0.59
30
0.73
11
-0.78
21
0.59
31
0.73
12
-0.78
22
0.59
32
0.77
13
-0.78
23
-0.59
33
0.77
0
LINE
5
DAF7
330
D818
100
AcDbEntity
100
AcDbLine
8
MONTAJ_BORULARI
10
-0.8200000000000001
20
-0.59
30
0.73
11
-0.78
21
-0.59
31
0.73
0
LINE
5
DAF8
330
D818
100
AcDbEntity
100
AcDbLine
8
MONTAJ_BORULARI
10
-0.78
20
-0.59
30
0.73
11
-0.78
21
0.59
31
0.73
0
LINE
5
DAF9
330
D818
100
AcDbEntity
100
AcDbLine
8
MONTAJ_BORULARI
10
-0.78
20
0.59
30
0.73
11
-0.8200000000000001
21
0.59
31
0.73
0
LINE
5
DAFA
330
D818
100
AcDbEntity
100
AcDbLine
8
MONTAJ_BORULARI
10
-0.8200000000000001
20
0.59
30
0.73
11
-0.8200000000000001
21
-0.59
31
0.73
0
LINE
5
DAFB
330
D818
100
AcDbEntity
100
AcDbLine
8
MONTAJ_BORULARI
10
-0.8200000000000001
20
-0.59
30
0.77
11
-0.78
21
-0.59
31
0.77
0
LINE
5
DAFC
330
D818
100
AcDbEntity
100
AcDbLine
8
MONTAJ_BORULARI
10
-0.78
20
-0.59
30
0.77
11
-0.78
21
0.59
31
0.77
0
LINE
5
DAFD
330
D818
100
AcDbEntity
100
AcDbLine
8
MONTAJ_BORULARI
10
-0.78
20
0.59
30
0.77
11
-0.8200000000000001
21
0.59
31
0.77
0
LINE
5
DAFE
330
D818
100
AcDbEntity
100
AcDbLine
8
MONTAJ_BORULARI
10
-0.8200000000000001
20
0.59
30
0.77
11
-0.8200000000000001
21
-0.59
31
0.77
0
LINE
5
DAFF
330
D818
100
AcDbEntity
100
AcDbLine
8
MONTAJ_BORULARI
10
-0.8200000000000001
20
-0.59
30
0.73
11
-0.8200000000000001
21
-0.59
31
0.77
0
LINE
5
DB00
330
D818
100
AcDbEntity
100
AcDbLine
8
MONTAJ_BORULARI
10
-0.78
20
-0.59
30
0.73
11
-0.78
21
-0.59
31
0.77
0
LINE
5
DB01
330
D818
100
AcDbEntity
100
AcDbLine
8
MONTAJ_BORULARI
10
-0.78
20
0.59
30
0.73
11
-0.78
21
0.59
31
0.77
0
LINE
5
DB02
330
D818
100
AcDbEntity
100
AcDbLine
8
MONTAJ_BORULARI
10
-0.8200000000000001
20
0.59
30
0.73
11
-0.8200000000000001
21
0.59
31
0.77
0
3DFACE
5
DB03
330
D818
100
AcDbEntity
100
AcDbFace
8
MONTAJ_BORULARI
10
-0.8200000000000001
20
-0.59
30
1.43
11
-0.78
21
-0.59
31
1.43
12
-0.78
22
0.59
32
1.43
13
-0.8200000000000001
23
0.59
33
1.43
0
3DFACE
5
DB04
330
D818
100
AcDbEntity
100
AcDbFace
8
MONTAJ_BORULARI
10
-0.8200000000000001
20
-0.59
30
1.47
11
-0.78
21
-0.59
31
1.47
12
-0.78
22
0.59
32
1.47
13
-0.8200000000000001
23
0.59
33
1.47
0
3DFACE
5
DB05
330
D818
100
AcDbEntity
100
AcDbFace
8
MONTAJ_BORULARI
10
-0.8200000000000001
20
-0.59
30
1.43
11
-0.78
21
-0.59
31
1.43
12
-0.78
22
-0.59
32
1.47
13
-0.8200000000000001
23
-0.59
33
1.47
0
3DFACE
5
DB06
330
D818
100
AcDbEntity
100
AcDbFace
8
MONTAJ_BORULARI
10
-0.8200000000000001
20
0.59
30
1.43
11
-0.78
21
0.59
31
1.43
12
-0.78
22
0.59
32
1.47
13
-0.8200000000000001
23
0.59
33
1.47
0
3DFACE
5
DB07
330
D818
100
AcDbEntity
100
AcDbFace
8
MONTAJ_BORULARI
10
-0.8200000000000001
20
-0.59
30
1.43
11
-0.8200000000000001
21
0.59
31
1.43
12
-0.8200000000000001
22
0.59
32
1.47
13
-0.8200000000000001
23
-0.59
33
1.47
0
3DFACE
5
DB08
330
D818
100
AcDbEntity
100
AcDbFace
8
MONTAJ_BORULARI
10
-0.78
20
-0.59
30
1.43
11
-0.78
21
0.59
31
1.43
12
-0.78
22
0.59
32
1.47
13
-0.78
23
-0.59
33
1.47
0
LINE
5
DB09
330
D818
100
AcDbEntity
100
AcDbLine
8
MONTAJ_BORULARI
10
-0.8200000000000001
20
-0.59
30
1.43
11
-0.78
21
-0.59
31
1.43
0
LINE
5
DB0A
330
D818
100
AcDbEntity
100
AcDbLine
8
MONTAJ_BORULARI
10
-0.78
20
-0.59
30
1.43
11
-0.78
21
0.59
31
1.43
0
LINE
5
DB0B
330
D818
100
AcDbEntity
100
AcDbLine
8
MONTAJ_BORULARI
10
-0.78
20
0.59
30
1.43
11
-0.8200000000000001
21
0.59
31
1.43
0
LINE
5
DB0C
330
D818
100
AcDbEntity
100
AcDbLine
8
MONTAJ_BORULARI
10
-0.8200000000000001
20
0.59
30
1.43
11
-0.8200000000000001
21
-0.59
31
1.43
0
LINE
5
DB0D
330
D818
100
AcDbEntity
100
AcDbLine
8
MONTAJ_BORULARI
10
-0.8200000000000001
20
-0.59
30
1.47
11
-0.78
21
-0.59
31
1.47
0
LINE
5
DB0E
330
D818
100
AcDbEntity
100
AcDbLine
8
MONTAJ_BORULARI
10
-0.78
20
-0.59
30
1.47
11
-0.78
21
0.59
31
1.47
0
LINE
5
DB0F
330
D818
100
AcDbEntity
100
AcDbLine
8
MONTAJ_BORULARI
10
-0.78
20
0.59
30
1.47
11
-0.8200000000000001
21
0.59
31
1.47
0
LINE
5
DB10
330
D818
100
AcDbEntity
100
AcDbLine
8
MONTAJ_BORULARI
10
-0.8200000000000001
20
0.59
30
1.47
11
-0.8200000000000001
21
-0.59
31
1.47
0
LINE
5
DB11
330
D818
100
AcDbEntity
100
AcDbLine
8
MONTAJ_BORULARI
10
-0.8200000000000001
20
-0.59
30
1.43
11
-0.8200000000000001
21
-0.59
31
1.47
0
LINE
5
DB12
330
D818
100
AcDbEntity
100
AcDbLine
8
MONTAJ_BORULARI
10
-0.78
20
-0.59
30
1.43
11
-0.78
21
-0.59
31
1.47
0
LINE
5
DB13
330
D818
100
AcDbEntity
100
AcDbLine
8
MONTAJ_BORULARI
10
-0.78
20
0.59
30
1.43
11
-0.78
21
0.59
31
1.47
0
LINE
5
DB14
330
D818
100
AcDbEntity
100
AcDbLine
8
MONTAJ_BORULARI
10
-0.8200000000000001
20
0.59
30
1.43
11
-0.8200000000000001
21
0.59
31
1.47
0
3DFACE
5
DB15
330
D818
100
AcDbEntity
100
AcDbFace
8
EKP_TURKCELL_RRU
10
-1.9475151510877657
20
1.905499999701977
30
0.510000005364418
11
-1.4325151479585214
21
1.905499999701977
31
0.510000005364418
12
-1.4325151479585214
22
2.0455000002980235
32
0.510000005364418
13
-1.9475151510877657
23
2.0455000002980235
33
0.510000005364418
0
3DFACE
5
DB16
330
D818
100
AcDbEntity
100
AcDbFace
8
EKP_TURKCELL_RRU
10
-1.9475151510877657
20
1.905499999701977
30
1.0199999996647238
11
-1.4325151479585214
21
1.905499999701977
31
1.0199999996647238
12
-1.4325151479585214
22
2.0455000002980235
32
1.0199999996647238
13
-1.9475151510877657
23
2.0455000002980235
33
1.0199999996647238
0
3DFACE
5
DB17
330
D818
100
AcDbEntity
100
AcDbFace
8
EKP_TURKCELL_RRU
10
-1.9475151510877657
20
1.905499999701977
30
0.510000005364418
11
-1.4325151479585214
21
1.905499999701977
31
0.510000005364418
12
-1.4325151479585214
22
1.905499999701977
32
1.0199999996647238
13
-1.9475151510877657
23
1.905499999701977
33
1.0199999996647238
0
3DFACE
5
DB18
330
D818
100
AcDbEntity
100
AcDbFace
8
EKP_TURKCELL_RRU
10
-1.9475151510877657
20
2.0455000002980235
30
0.510000005364418
11
-1.4325151479585214
21
2.0455000002980235
31
0.510000005364418
12
-1.4325151479585214
22
2.0455000002980235
32
1.0199999996647238
13
-1.9475151510877657
23
2.0455000002980235
33
1.0199999996647238
0
3DFACE
5
DB19
330
D818
100
AcDbEntity
100
AcDbFace
8
EKP_TURKCELL_RRU
10
-1.9475151510877657
20
1.905499999701977
30
0.510000005364418
11
-1.9475151510877657
21
2.0455000002980235
31
0.510000005364418
12
-1.9475151510877657
22
2.0455000002980235
32
1.0199999996647238
13
-1.9475151510877657
23
1.905499999701977
33
1.0199999996647238
0
3DFACE
5
DB1A
330
D818
100
AcDbEntity
100
AcDbFace
8
EKP_TURKCELL_RRU
10
-1.4325151479585214
20
1.905499999701977
30
0.510000005364418
11
-1.4325151479585214
21
2.0455000002980235
31
0.510000005364418
12
-1.4325151479585214
22
2.0455000002980235
32
1.0199999996647238
13
-1.4325151479585214
23
1.905499999701977
33
1.0199999996647238
0
LINE
5
DB1B
330
D818
100
AcDbEntity
100
AcDbLine
8
EKP_TURKCELL_RRU
10
-1.9475151510877657
20
1.905499999701977
30
0.510000005364418
11
-1.4325151479585214
21
1.905499999701977
31
0.510000005364418
0
LINE
5
DB1C
330
D818
100
AcDbEntity
100
AcDbLine
8
EKP_TURKCELL_RRU
10
-1.4325151479585214
20
1.905499999701977
30
0.510000005364418
11
-1.4325151479585214
21
2.0455000002980235
31
0.510000005364418
0
LINE
5
DB1D
330
D818
100
AcDbEntity
100
AcDbLine
8
EKP_TURKCELL_RRU
10
-1.4325151479585214
20
2.0455000002980235
30
0.510000005364418
11
-1.9475151510877657
21
2.0455000002980235
31
0.510000005364418
0
LINE
5
DB1E
330
D818
100
AcDbEntity
100
AcDbLine
8
EKP_TURKCELL_RRU
10
-1.9475151510877657
20
2.0455000002980235
30
0.510000005364418
11
-1.9475151510877657
21
1.905499999701977
31
0.510000005364418
0
LINE
5
DB1F
330
D818
100
AcDbEntity
100
AcDbLine
8
EKP_TURKCELL_RRU
10
-1.9475151510877657
20
1.905499999701977
30
1.0199999996647238
11
-1.4325151479585214
21
1.905499999701977
31
1.0199999996647238
0
LINE
5
DB20
330
D818
100
AcDbEntity
100
AcDbLine
8
EKP_TURKCELL_RRU
10
-1.4325151479585214
20
1.905499999701977
30
1.0199999996647238
11
-1.4325151479585214
21
2.0455000002980235
31
1.0199999996647238
0
LINE
5
DB21
330
D818
100
AcDbEntity
100
AcDbLine
8
EKP_TURKCELL_RRU
10
-1.4325151479585214
20
2.0455000002980235
30
1.0199999996647238
11
-1.9475151510877657
21
2.0455000002980235
31
1.0199999996647238
0
LINE
5
DB22
330
D818
100
AcDbEntity
100
AcDbLine
8
EKP_TURKCELL_RRU
10
-1.9475151510877657
20
2.0455000002980235
30
1.0199999996647238
11
-1.9475151510877657
21
1.905499999701977
31
1.0199999996647238
0
LINE
5
DB23
330
D818
100
AcDbEntity
100
AcDbLine
8
EKP_TURKCELL_RRU
10
-1.9475151510877657
20
1.905499999701977
30
0.510000005364418
11
-1.9475151510877657
21
1.905499999701977
31
1.0199999996647238
0
LINE
5
DB24
330
D818
100
AcDbEntity
100
AcDbLine
8
EKP_TURKCELL_RRU
10
-1.4325151479585214
20
1.905499999701977
30
0.510000005364418
11
-1.4325151479585214
21
1.905499999701977
31
1.0199999996647238
0
LINE
5
DB25
330
D818
100
AcDbEntity
100
AcDbLine
8
EKP_TURKCELL_RRU
10
-1.4325151479585214
20
2.0455000002980235
30
0.510000005364418
11
-1.4325151479585214
21
2.0455000002980235
31
1.0199999996647238
0
LINE
5
DB26
330
D818
100
AcDbEntity
100
AcDbLine
8
EKP_TURKCELL_RRU
10
-1.9475151510877657
20
2.0455000002980235
30
0.510000005364418
11
-1.9475151510877657
21
2.0455000002980235
31
1.0199999996647238
0
3DFACE
5
DB27
330
D818
100
AcDbEntity
100
AcDbFace
8
EKP_TURKCELL_RRU
10
-1.8058901502272235
20
1.9605000000000004
30
1.0199999996647238
11
-1.5741401488190634
21
1.9605000000000004
31
1.0199999996647238
12
-1.5741401488190634
22
1.9905000000000002
32
1.0199999996647238
13
-1.8058901502272235
23
1.9905000000000002
33
1.0199999996647238
0
3DFACE
5
DB28
330
D818
100
AcDbEntity
100
AcDbFace
8
EKP_TURKCELL_RRU
10
-1.8058901502272235
20
1.9605000000000004
30
1.0499999996647238
11
-1.5741401488190634
21
1.9605000000000004
31
1.0499999996647238
12
-1.5741401488190634
22
1.9905000000000002
32
1.0499999996647238
13
-1.8058901502272235
23
1.9905000000000002
33
1.0499999996647238
0
3DFACE
5
DB29
330
D818
100
AcDbEntity
100
AcDbFace
8
EKP_TURKCELL_RRU
10
-1.8058901502272235
20
1.9605000000000004
30
1.0199999996647238
11
-1.5741401488190634
21
1.9605000000000004
31
1.0199999996647238
12
-1.5741401488190634
22
1.9605000000000004
32
1.0499999996647238
13
-1.8058901502272235
23
1.9605000000000004
33
1.0499999996647238
0
3DFACE
5
DB2A
330
D818
100
AcDbEntity
100
AcDbFace
8
EKP_TURKCELL_RRU
10
-1.8058901502272235
20
1.9905000000000002
30
1.0199999996647238
11
-1.5741401488190634
21
1.9905000000000002
31
1.0199999996647238
12
-1.5741401488190634
22
1.9905000000000002
32
1.0499999996647238
13
-1.8058901502272235
23
1.9905000000000002
33
1.0499999996647238
0
3DFACE
5
DB2B
330
D818
100
AcDbEntity
100
AcDbFace
8
EKP_TURKCELL_RRU
10
-1.8058901502272235
20
1.9605000000000004
30
1.0199999996647238
11
-1.8058901502272235
21
1.9905000000000002
31
1.0199999996647238
12
-1.8058901502272235
22
1.9905000000000002
32
1.0499999996647238
13
-1.8058901502272235
23
1.9605000000000004
33
1.0499999996647238
0
3DFACE
5
DB2C
330
D818
100
AcDbEntity
100
AcDbFace
8
EKP_TURKCELL_RRU
10
-1.5741401488190634
20
1.9605000000000004
30
1.0199999996647238
11
-1.5741401488190634
21
1.9905000000000002
31
1.0199999996647238
12
-1.5741401488190634
22
1.9905000000000002
32
1.0499999996647238
13
-1.5741401488190634
23
1.9605000000000004
33
1.0499999996647238
0
LINE
5
DB2D
330
D818
100
AcDbEntity
100
AcDbLine
8
EKP_TURKCELL_RRU
10
-1.8058901502272235
20
1.9605000000000004
30
1.0199999996647238
11
-1.5741401488190634
21
1.9605000000000004
31
1.0199999996647238
0
LINE
5
DB2E
330
D818
100
AcDbEntity
100
AcDbLine
8
EKP_TURKCELL_RRU
10
-1.5741401488190634
20
1.9605000000000004
30
1.0199999996647238
11
-1.5741401488190634
21
1.9905000000000002
31
1.0199999996647238
0
LINE
5
DB2F
330
D818
100
AcDbEntity
100
AcDbLine
8
EKP_TURKCELL_RRU
10
-1.5741401488190634
20
1.9905000000000002
30
1.0199999996647238
11
-1.8058901502272235
21
1.9905000000000002
31
1.0199999996647238
0
LINE
5
DB30
330
D818
100
AcDbEntity
100
AcDbLine
8
EKP_TURKCELL_RRU
10
-1.8058901502272235
20
1.9905000000000002
30
1.0199999996647238
11
-1.8058901502272235
21
1.9605000000000004
31
1.0199999996647238
0
LINE
5
DB31
330
D818
100
AcDbEntity
100
AcDbLine
8
EKP_TURKCELL_RRU
10
-1.8058901502272235
20
1.9605000000000004
30
1.0499999996647238
11
-1.5741401488190634
21
1.9605000000000004
31
1.0499999996647238
0
LINE
5
DB32
330
D818
100
AcDbEntity
100
AcDbLine
8
EKP_TURKCELL_RRU
10
-1.5741401488190634
20
1.9605000000000004
30
1.0499999996647238
11
-1.5741401488190634
21
1.9905000000000002
31
1.0499999996647238
0
LINE
5
DB33
330
D818
100
AcDbEntity
100
AcDbLine
8
EKP_TURKCELL_RRU
10
-1.5741401488190634
20
1.9905000000000002
30
1.0499999996647238
11
-1.8058901502272235
21
1.9905000000000002
31
1.0499999996647238
0
LINE
5
DB34
330
D818
100
AcDbEntity
100
AcDbLine
8
EKP_TURKCELL_RRU
10
-1.8058901502272235
20
1.9905000000000002
30
1.0499999996647238
11
-1.8058901502272235
21
1.9605000000000004
31
1.0499999996647238
0
LINE
5
DB35
330
D818
100
AcDbEntity
100
AcDbLine
8
EKP_TURKCELL_RRU
10
-1.8058901502272235
20
1.9605000000000004
30
1.0199999996647238
11
-1.8058901502272235
21
1.9605000000000004
31
1.0499999996647238
0
LINE
5
DB36
330
D818
100
AcDbEntity
100
AcDbLine
8
EKP_TURKCELL_RRU
10
-1.5741401488190634
20
1.9605000000000004
30
1.0199999996647238
11
-1.5741401488190634
21
1.9605000000000004
31
1.0499999996647238
0
LINE
5
DB37
330
D818
100
AcDbEntity
100
AcDbLine
8
EKP_TURKCELL_RRU
10
-1.5741401488190634
20
1.9905000000000002
30
1.0199999996647238
11
-1.5741401488190634
21
1.9905000000000002
31
1.0499999996647238
0
LINE
5
DB38
330
D818
100
AcDbEntity
100
AcDbLine
8
EKP_TURKCELL_RRU
10
-1.8058901502272235
20
1.9905000000000002
30
1.0199999996647238
11
-1.8058901502272235
21
1.9905000000000002
31
1.0499999996647238
0
LINE
5
DB39
330
D818
100
AcDbEntity
100
AcDbLine
8
EKP_TURKCELL_RRU
10
-1.7930151501489924
20
1.9755000000000003
30
1.0199999996647238
11
-1.5870151488972946
21
1.9755000000000003
31
1.0199999996647238
0
LINE
5
DB3A
330
D818
100
AcDbEntity
100
AcDbLine
8
EKP_TURKCELL_RRU
10
-1.6900151495231435
20
1.947499999880791
30
1.0199999996647238
11
-1.6900151495231435
21
2.0035000001192094
31
1.0199999996647238
0
TEXT
5
DB3B
330
D818
100
AcDbEntity
100
AcDbText
8
EKP_TURKCELL_RRU
10
-1.6900151495231435
20
2.0068600001335146
30
0
40
0.03920000016689301
1
Turkcell RRU 5301 (Alt Kot)
50
0
7
STANDARD
72
1
11
-1.6900151495231435
21
2.0068600001335146
31
0
100
AcDbText
73
2
0
3DFACE
5
DB3C
330
D818
100
AcDbEntity
100
AcDbFace
8
EKP_TURKCELL_RRU
10
-1.9475151510877657
20
1.7254999997019769
30
0.510000005364418
11
-1.4325151479585214
21
1.7254999997019769
31
0.510000005364418
12
-1.4325151479585214
22
1.8655000002980233
32
0.510000005364418
13
-1.9475151510877657
23
1.8655000002980233
33
0.510000005364418
0
3DFACE
5
DB3D
330
D818
100
AcDbEntity
100
AcDbFace
8
EKP_TURKCELL_RRU
10
-1.9475151510877657
20
1.7254999997019769
30
1.0199999996647238
11
-1.4325151479585214
21
1.7254999997019769
31
1.0199999996647238
12
-1.4325151479585214
22
1.8655000002980233
32
1.0199999996647238
13
-1.9475151510877657
23
1.8655000002980233
33
1.0199999996647238
0
3DFACE
5
DB3E
330
D818
100
AcDbEntity
100
AcDbFace
8
EKP_TURKCELL_RRU
10
-1.9475151510877657
20
1.7254999997019769
30
0.510000005364418
11
-1.4325151479585214
21
1.7254999997019769
31
0.510000005364418
12
-1.4325151479585214
22
1.7254999997019769
32
1.0199999996647238
13
-1.9475151510877657
23
1.7254999997019769
33
1.0199999996647238
0
3DFACE
5
DB3F
330
D818
100
AcDbEntity
100
AcDbFace
8
EKP_TURKCELL_RRU
10
-1.9475151510877657
20
1.8655000002980233
30
0.510000005364418
11
-1.4325151479585214
21
1.8655000002980233
31
0.510000005364418
12
-1.4325151479585214
22
1.8655000002980233
32
1.0199999996647238
13
-1.9475151510877657
23
1.8655000002980233
33
1.0199999996647238
0
3DFACE
5
DB40
330
D818
100
AcDbEntity
100
AcDbFace
8
EKP_TURKCELL_RRU
10
-1.9475151510877657
20
1.7254999997019769
30
0.510000005364418
11
-1.9475151510877657
21
1.8655000002980233
31
0.510000005364418
12
-1.9475151510877657
22
1.8655000002980233
32
1.0199999996647238
13
-1.9475151510877657
23
1.7254999997019769
33
1.0199999996647238
0
3DFACE
5
DB41
330
D818
100
AcDbEntity
100
AcDbFace
8
EKP_TURKCELL_RRU
10
-1.4325151479585214
20
1.7254999997019769
30
0.510000005364418
11
-1.4325151479585214
21
1.8655000002980233
31
0.510000005364418
12
-1.4325151479585214
22
1.8655000002980233
32
1.0199999996647238
13
-1.4325151479585214
23
1.7254999997019769
33
1.0199999996647238
0
LINE
5
DB42
330
D818
100
AcDbEntity
100
AcDbLine
8
EKP_TURKCELL_RRU
10
-1.9475151510877657
20
1.7254999997019769
30
0.510000005364418
11
-1.4325151479585214
21
1.7254999997019769
31
0.510000005364418
0
LINE
5
DB43
330
D818
100
AcDbEntity
100
AcDbLine
8
EKP_TURKCELL_RRU
10
-1.4325151479585214
20
1.7254999997019769
30
0.510000005364418
11
-1.4325151479585214
21
1.8655000002980233
31
0.510000005364418
0
LINE
5
DB44
330
D818
100
AcDbEntity
100
AcDbLine
8
EKP_TURKCELL_RRU
10
-1.4325151479585214
20
1.8655000002980233
30
0.510000005364418
11
-1.9475151510877657
21
1.8655000002980233
31
0.510000005364418
0
LINE
5
DB45
330
D818
100
AcDbEntity
100
AcDbLine
8
EKP_TURKCELL_RRU
10
-1.9475151510877657
20
1.8655000002980233
30
0.510000005364418
11
-1.9475151510877657
21
1.7254999997019769
31
0.510000005364418
0
LINE
5
DB46
330
D818
100
AcDbEntity
100
AcDbLine
8
EKP_TURKCELL_RRU
10
-1.9475151510877657
20
1.7254999997019769
30
1.0199999996647238
11
-1.4325151479585214
21
1.7254999997019769
31
1.0199999996647238
0
LINE
5
DB47
330
D818
100
AcDbEntity
100
AcDbLine
8
EKP_TURKCELL_RRU
10
-1.4325151479585214
20
1.7254999997019769
30
1.0199999996647238
11
-1.4325151479585214
21
1.8655000002980233
31
1.0199999996647238
0
LINE
5
DB48
330
D818
100
AcDbEntity
100
AcDbLine
8
EKP_TURKCELL_RRU
10
-1.4325151479585214
20
1.8655000002980233
30
1.0199999996647238
11
-1.9475151510877657
21
1.8655000002980233
31
1.0199999996647238
0
LINE
5
DB49
330
D818
100
AcDbEntity
100
AcDbLine
8
EKP_TURKCELL_RRU
10
-1.9475151510877657
20
1.8655000002980233
30
1.0199999996647238
11
-1.9475151510877657
21
1.7254999997019769
31
1.0199999996647238
0
LINE
5
DB4A
330
D818
100
AcDbEntity
100
AcDbLine
8
EKP_TURKCELL_RRU
10
-1.9475151510877657
20
1.7254999997019769
30
0.510000005364418
11
-1.9475151510877657
21
1.7254999997019769
31
1.0199999996647238
0
LINE
5
DB4B
330
D818
100
AcDbEntity
100
AcDbLine
8
EKP_TURKCELL_RRU
10
-1.4325151479585214
20
1.7254999997019769
30
0.510000005364418
11
-1.4325151479585214
21
1.7254999997019769
31
1.0199999996647238
0
LINE
5
DB4C
330
D818
100
AcDbEntity
100
AcDbLine
8
EKP_TURKCELL_RRU
10
-1.4325151479585214
20
1.8655000002980233
30
0.510000005364418
11
-1.4325151479585214
21
1.8655000002980233
31
1.0199999996647238
0
LINE
5
DB4D
330
D818
100
AcDbEntity
100
AcDbLine
8
EKP_TURKCELL_RRU
10
-1.9475151510877657
20
1.8655000002980233
30
0.510000005364418
11
-1.9475151510877657
21
1.8655000002980233
31
1.0199999996647238
0
3DFACE
5
DB4E
330
D818
100
AcDbEntity
100
AcDbFace
8
EKP_TURKCELL_RRU
10
-1.8058901502272235
20
1.7805000000000002
30
1.0199999996647238
11
-1.5741401488190634
21
1.7805000000000002
31
1.0199999996647238
12
-1.5741401488190634
22
1.8105
32
1.0199999996647238
13
-1.8058901502272235
23
1.8105
33
1.0199999996647238
0
3DFACE
5
DB4F
330
D818
100
AcDbEntity
100
AcDbFace
8
EKP_TURKCELL_RRU
10
-1.8058901502272235
20
1.7805000000000002
30
1.0499999996647238
11
-1.5741401488190634
21
1.7805000000000002
31
1.0499999996647238
12
-1.5741401488190634
22
1.8105
32
1.0499999996647238
13
-1.8058901502272235
23
1.8105
33
1.0499999996647238
0
3DFACE
5
DB50
330
D818
100
AcDbEntity
100
AcDbFace
8
EKP_TURKCELL_RRU
10
-1.8058901502272235
20
1.7805000000000002
30
1.0199999996647238
11
-1.5741401488190634
21
1.7805000000000002
31
1.0199999996647238
12
-1.5741401488190634
22
1.7805000000000002
32
1.0499999996647238
13
-1.8058901502272235
23
1.7805000000000002
33
1.0499999996647238
0
3DFACE
5
DB51
330
D818
100
AcDbEntity
100
AcDbFace
8
EKP_TURKCELL_RRU
10
-1.8058901502272235
20
1.8105
30
1.0199999996647238
11
-1.5741401488190634
21
1.8105
31
1.0199999996647238
12
-1.5741401488190634
22
1.8105
32
1.0499999996647238
13
-1.8058901502272235
23
1.8105
33
1.0499999996647238
0
3DFACE
5
DB52
330
D818
100
AcDbEntity
100
AcDbFace
8
EKP_TURKCELL_RRU
10
-1.8058901502272235
20
1.7805000000000002
30
1.0199999996647238
11
-1.8058901502272235
21
1.8105
31
1.0199999996647238
12
-1.8058901502272235
22
1.8105
32
1.0499999996647238
13
-1.8058901502272235
23
1.7805000000000002
33
1.0499999996647238
0
3DFACE
5
DB53
330
D818
100
AcDbEntity
100
AcDbFace
8
EKP_TURKCELL_RRU
10
-1.5741401488190634
20
1.7805000000000002
30
1.0199999996647238
11
-1.5741401488190634
21
1.8105
31
1.0199999996647238
12
-1.5741401488190634
22
1.8105
32
1.0499999996647238
13
-1.5741401488190634
23
1.7805000000000002
33
1.0499999996647238
0
LINE
5
DB54
330
D818
100
AcDbEntity
100
AcDbLine
8
EKP_TURKCELL_RRU
10
-1.8058901502272235
20
1.7805000000000002
30
1.0199999996647238
11
-1.5741401488190634
21
1.7805000000000002
31
1.0199999996647238
0
LINE
5
DB55
330
D818
100
AcDbEntity
100
AcDbLine
8
EKP_TURKCELL_RRU
10
-1.5741401488190634
20
1.7805000000000002
30
1.0199999996647238
11
-1.5741401488190634
21
1.8105
31
1.0199999996647238
0
LINE
5
DB56
330
D818
100
AcDbEntity
100
AcDbLine
8
EKP_TURKCELL_RRU
10
-1.5741401488190634
20
1.8105
30
1.0199999996647238
11
-1.8058901502272235
21
1.8105
31
1.0199999996647238
0
LINE
5
DB57
330
D818
100
AcDbEntity
100
AcDbLine
8
EKP_TURKCELL_RRU
10
-1.8058901502272235
20
1.8105
30
1.0199999996647238
11
-1.8058901502272235
21
1.7805000000000002
31
1.0199999996647238
0
LINE
5
DB58
330
D818
100
AcDbEntity
100
AcDbLine
8
EKP_TURKCELL_RRU
10
-1.8058901502272235
20
1.7805000000000002
30
1.0499999996647238
11
-1.5741401488190634
21
1.7805000000000002
31
1.0499999996647238
0
LINE
5
DB59
330
D818
100
AcDbEntity
100
AcDbLine
8
EKP_TURKCELL_RRU
10
-1.5741401488190634
20
1.7805000000000002
30
1.0499999996647238
11
-1.5741401488190634
21
1.8105
31
1.0499999996647238
0
LINE
5
DB5A
330
D818
100
AcDbEntity
100
AcDbLine
8
EKP_TURKCELL_RRU
10
-1.5741401488190634
20
1.8105
30
1.0499999996647238
11
-1.8058901502272235
21
1.8105
31
1.0499999996647238
0
LINE
5
DB5B
330
D818
100
AcDbEntity
100
AcDbLine
8
EKP_TURKCELL_RRU
10
-1.8058901502272235
20
1.8105
30
1.0499999996647238
11
-1.8058901502272235
21
1.7805000000000002
31
1.0499999996647238
0
LINE
5
DB5C
330
D818
100
AcDbEntity
100
AcDbLine
8
EKP_TURKCELL_RRU
10
-1.8058901502272235
20
1.7805000000000002
30
1.0199999996647238
11
-1.8058901502272235
21
1.7805000000000002
31
1.0499999996647238
0
LINE
5
DB5D
330
D818
100
AcDbEntity
100
AcDbLine
8
EKP_TURKCELL_RRU
10
-1.5741401488190634
20
1.7805000000000002
30
1.0199999996647238
11
-1.5741401488190634
21
1.7805000000000002
31
1.0499999996647238
0
LINE
5
DB5E
330
D818
100
AcDbEntity
100
AcDbLine
8
EKP_TURKCELL_RRU
10
-1.5741401488190634
20
1.8105
30
1.0199999996647238
11
-1.5741401488190634
21
1.8105
31
1.0499999996647238
0
LINE
5
DB5F
330
D818
100
AcDbEntity
100
AcDbLine
8
EKP_TURKCELL_RRU
10
-1.8058901502272235
20
1.8105
30
1.0199999996647238
11
-1.8058901502272235
21
1.8105
31
1.0499999996647238
0
LINE
5
DB60
330
D818
100
AcDbEntity
100
AcDbLine
8
EKP_TURKCELL_RRU
10
-1.7930151501489924
20
1.7955
30
1.0199999996647238
11
-1.5870151488972946
21
1.7955
31
1.0199999996647238
0
LINE
5
DB61
330
D818
100
AcDbEntity
100
AcDbLine
8
EKP_TURKCELL_RRU
10
-1.6900151495231435
20
1.7674999998807908
30
1.0199999996647238
11
-1.6900151495231435
21
1.8235000001192094
31
1.0199999996647238
0
TEXT
5
DB62
330
D818
100
AcDbEntity
100
AcDbText
8
EKP_TURKCELL_RRU
10
-1.6900151495231435
20
1.8268600001335145
30
0
40
0.03920000016689301
1
Turkcell RRU 5502 (Alt Kot)
50
0
7
STANDARD
72
1
11
-1.6900151495231435
21
1.8268600001335145
31
0
100
AcDbText
73
2
0
3DFACE
5
DB63
330
D818
100
AcDbEntity
100
AcDbFace
8
EKP_TURKCELL_RRU
10
-1.9475151510877657
20
1.5430000020861625
30
0.48350000381469727
11
-1.4345151499850797
21
1.5430000020861625
31
0.48350000381469727
12
-1.4345151499850797
22
1.6879999979138374
32
0.48350000381469727
13
-1.9475151510877657
23
1.6879999979138374
33
0.48350000381469727
0
3DFACE
5
DB64
330
D818
100
AcDbEntity
100
AcDbFace
8
EKP_TURKCELL_RRU
10
-1.9475151510877657
20
1.5430000020861625
30
1.046499999664724
11
-1.4345151499850797
21
1.5430000020861625
31
1.046499999664724
12
-1.4345151499850797
22
1.6879999979138374
32
1.046499999664724
13
-1.9475151510877657
23
1.6879999979138374
33
1.046499999664724
0
3DFACE
5
DB65
330
D818
100
AcDbEntity
100
AcDbFace
8
EKP_TURKCELL_RRU
10
-1.9475151510877657
20
1.5430000020861625
30
0.48350000381469727
11
-1.4345151499850797
21
1.5430000020861625
31
0.48350000381469727
12
-1.4345151499850797
22
1.5430000020861625
32
1.046499999664724
13
-1.9475151510877657
23
1.5430000020861625
33
1.046499999664724
0
3DFACE
5
DB66
330
D818
100
AcDbEntity
100
AcDbFace
8
EKP_TURKCELL_RRU
10
-1.9475151510877657
20
1.6879999979138374
30
0.48350000381469727
11
-1.4345151499850797
21
1.6879999979138374
31
0.48350000381469727
12
-1.4345151499850797
22
1.6879999979138374
32
1.046499999664724
13
-1.9475151510877657
23
1.6879999979138374
33
1.046499999664724
0
3DFACE
5
DB67
330
D818
100
AcDbEntity
100
AcDbFace
8
EKP_TURKCELL_RRU
10
-1.9475151510877657
20
1.5430000020861625
30
0.48350000381469727
11
-1.9475151510877657
21
1.6879999979138374
31
0.48350000381469727
12
-1.9475151510877657
22
1.6879999979138374
32
1.046499999664724
13
-1.9475151510877657
23
1.5430000020861625
33
1.046499999664724
0
3DFACE
5
DB68
330
D818
100
AcDbEntity
100
AcDbFace
8
EKP_TURKCELL_RRU
10
-1.4345151499850797
20
1.5430000020861625
30
0.48350000381469727
11
-1.4345151499850797
21
1.6879999979138374
31
0.48350000381469727
12
-1.4345151499850797
22
1.6879999979138374
32
1.046499999664724
13
-1.4345151499850797
23
1.5430000020861625
33
1.046499999664724
0
LINE
5
DB69
330
D818
100
AcDbEntity
100
AcDbLine
8
EKP_TURKCELL_RRU
10
-1.9475151510877657
20
1.5430000020861625
30
0.48350000381469727
11
-1.4345151499850797
21
1.5430000020861625
31
0.48350000381469727
0
LINE
5
DB6A
330
D818
100
AcDbEntity
100
AcDbLine
8
EKP_TURKCELL_RRU
10
-1.4345151499850797
20
1.5430000020861625
30
0.48350000381469727
11
-1.4345151499850797
21
1.6879999979138374
31
0.48350000381469727
0
LINE
5
DB6B
330
D818
100
AcDbEntity
100
AcDbLine
8
EKP_TURKCELL_RRU
10
-1.4345151499850797
20
1.6879999979138374
30
0.48350000381469727
11
-1.9475151510877657
21
1.6879999979138374
31
0.48350000381469727
0
LINE
5
DB6C
330
D818
100
AcDbEntity
100
AcDbLine
8
EKP_TURKCELL_RRU
10
-1.9475151510877657
20
1.6879999979138374
30
0.48350000381469727
11
-1.9475151510877657
21
1.5430000020861625
31
0.48350000381469727
0
LINE
5
DB6D
330
D818
100
AcDbEntity
100
AcDbLine
8
EKP_TURKCELL_RRU
10
-1.9475151510877657
20
1.5430000020861625
30
1.046499999664724
11
-1.4345151499850797
21
1.5430000020861625
31
1.046499999664724
0
LINE
5
DB6E
330
D818
100
AcDbEntity
100
AcDbLine
8
EKP_TURKCELL_RRU
10
-1.4345151499850797
20
1.5430000020861625
30
1.046499999664724
11
-1.4345151499850797
21
1.6879999979138374
31
1.046499999664724
0
LINE
5
DB6F
330
D818
100
AcDbEntity
100
AcDbLine
8
EKP_TURKCELL_RRU
10
-1.4345151499850797
20
1.6879999979138374
30
1.046499999664724
11
-1.9475151510877657
21
1.6879999979138374
31
1.046499999664724
0
LINE
5
DB70
330
D818
100
AcDbEntity
100
AcDbLine
8
EKP_TURKCELL_RRU
10
-1.9475151510877657
20
1.6879999979138374
30
1.046499999664724
11
-1.9475151510877657
21
1.5430000020861625
31
1.046499999664724
0
LINE
5
DB71
330
D818
100
AcDbEntity
100
AcDbLine
8
EKP_TURKCELL_RRU
10
-1.9475151510877657
20
1.5430000020861625
30
0.48350000381469727
11
-1.9475151510877657
21
1.5430000020861625
31
1.046499999664724
0
LINE
5
DB72
330
D818
100
AcDbEntity
100
AcDbLine
8
EKP_TURKCELL_RRU
10
-1.4345151499850797
20
1.5430000020861625
30
0.48350000381469727
11
-1.4345151499850797
21
1.5430000020861625
31
1.046499999664724
0
LINE
5
DB73
330
D818
100
AcDbEntity
100
AcDbLine
8
EKP_TURKCELL_RRU
10
-1.4345151499850797
20
1.6879999979138374
30
0.48350000381469727
11
-1.4345151499850797
21
1.6879999979138374
31
1.046499999664724
0
LINE
5
DB74
330
D818
100
AcDbEntity
100
AcDbLine
8
EKP_TURKCELL_RRU
10
-1.9475151510877657
20
1.6879999979138374
30
0.48350000381469727
11
-1.9475151510877657
21
1.6879999979138374
31
1.046499999664724
0
3DFACE
5
DB75
330
D818
100
AcDbEntity
100
AcDbFace
8
EKP_TURKCELL_RRU
10
-1.806440150784527
20
1.6005
30
1.046499999664724
11
-1.5755901502883183
21
1.6005
31
1.046499999664724
12
-1.5755901502883183
22
1.6304999999999998
32
1.046499999664724
13
-1.806440150784527
23
1.6304999999999998
33
1.046499999664724
0
3DFACE
5
DB76
330
D818
100
AcDbEntity
100
AcDbFace
8
EKP_TURKCELL_RRU
10
-1.806440150784527
20
1.6005
30
1.076499999664724
11
-1.5755901502883183
21
1.6005
31
1.076499999664724
12
-1.5755901502883183
22
1.6304999999999998
32
1.076499999664724
13
-1.806440150784527
23
1.6304999999999998
33
1.076499999664724
0
3DFACE
5
DB77
330
D818
100
AcDbEntity
100
AcDbFace
8
EKP_TURKCELL_RRU
10
-1.806440150784527
20
1.6005
30
1.046499999664724
11
-1.5755901502883183
21
1.6005
31
1.046499999664724
12
-1.5755901502883183
22
1.6005
32
1.076499999664724
13
-1.806440150784527
23
1.6005
33
1.076499999664724
0
3DFACE
5
DB78
330
D818
100
AcDbEntity
100
AcDbFace
8
EKP_TURKCELL_RRU
10
-1.806440150784527
20
1.6304999999999998
30
1.046499999664724
11
-1.5755901502883183
21
1.6304999999999998
31
1.046499999664724
12
-1.5755901502883183
22
1.6304999999999998
32
1.076499999664724
13
-1.806440150784527
23
1.6304999999999998
33
1.076499999664724
0
3DFACE
5
DB79
330
D818
100
AcDbEntity
100
AcDbFace
8
EKP_TURKCELL_RRU
10
-1.806440150784527
20
1.6005
30
1.046499999664724
11
-1.806440150784527
21
1.6304999999999998
31
1.046499999664724
12
-1.806440150784527
22
1.6304999999999998
32
1.076499999664724
13
-1.806440150784527
23
1.6005
33
1.076499999664724
0
3DFACE
5
DB7A
330
D818
100
AcDbEntity
100
AcDbFace
8
EKP_TURKCELL_RRU
10
-1.5755901502883183
20
1.6005
30
1.046499999664724
11
-1.5755901502883183
21
1.6304999999999998
31
1.046499999664724
12
-1.5755901502883183
22
1.6304999999999998
32
1.076499999664724
13
-1.5755901502883183
23
1.6005
33
1.076499999664724
0
LINE
5
DB7B
330
D818
100
AcDbEntity
100
AcDbLine
8
EKP_TURKCELL_RRU
10
-1.806440150784527
20
1.6005
30
1.046499999664724
11
-1.5755901502883183
21
1.6005
31
1.046499999664724
0
LINE
5
DB7C
330
D818
100
AcDbEntity
100
AcDbLine
8
EKP_TURKCELL_RRU
10
-1.5755901502883183
20
1.6005
30
1.046499999664724
11
-1.5755901502883183
21
1.6304999999999998
31
1.046499999664724
0
LINE
5
DB7D
330
D818
100
AcDbEntity
100
AcDbLine
8
EKP_TURKCELL_RRU
10
-1.5755901502883183
20
1.6304999999999998
30
1.046499999664724
11
-1.806440150784527
21
1.6304999999999998
31
1.046499999664724
0
LINE
5
DB7E
330
D818
100
AcDbEntity
100
AcDbLine
8
EKP_TURKCELL_RRU
10
-1.806440150784527
20
1.6304999999999998
30
1.046499999664724
11
-1.806440150784527
21
1.6005
31
1.046499999664724
0
LINE
5
DB7F
330
D818
100
AcDbEntity
100
AcDbLine
8
EKP_TURKCELL_RRU
10
-1.806440150784527
20
1.6005
30
1.076499999664724
11
-1.5755901502883183
21
1.6005
31
1.076499999664724
0
LINE
5
DB80
330
D818
100
AcDbEntity
100
AcDbLine
8
EKP_TURKCELL_RRU
10
-1.5755901502883183
20
1.6005
30
1.076499999664724
11
-1.5755901502883183
21
1.6304999999999998
31
1.076499999664724
0
LINE
5
DB81
330
D818
100
AcDbEntity
100
AcDbLine
8
EKP_TURKCELL_RRU
10
-1.5755901502883183
20
1.6304999999999998
30
1.076499999664724
11
-1.806440150784527
21
1.6304999999999998
31
1.076499999664724
0
LINE
5
DB82
330
D818
100
AcDbEntity
100
AcDbLine
8
EKP_TURKCELL_RRU
10
-1.806440150784527
20
1.6304999999999998
30
1.076499999664724
11
-1.806440150784527
21
1.6005
31
1.076499999664724
0
LINE
5
DB83
330
D818
100
AcDbEntity
100
AcDbLine
8
EKP_TURKCELL_RRU
10
-1.806440150784527
20
1.6005
30
1.046499999664724
11
-1.806440150784527
21
1.6005
31
1.076499999664724
0
LINE
5
DB84
330
D818
100
AcDbEntity
100
AcDbLine
8
EKP_TURKCELL_RRU
10
-1.5755901502883183
20
1.6005
30
1.046499999664724
11
-1.5755901502883183
21
1.6005
31
1.076499999664724
0
LINE
5
DB85
330
D818
100
AcDbEntity
100
AcDbLine
8
EKP_TURKCELL_RRU
10
-1.5755901502883183
20
1.6304999999999998
30
1.046499999664724
11
-1.5755901502883183
21
1.6304999999999998
31
1.076499999664724
0
LINE
5
DB86
330
D818
100
AcDbEntity
100
AcDbLine
8
EKP_TURKCELL_RRU
10
-1.806440150784527
20
1.6304999999999998
30
1.046499999664724
11
-1.806440150784527
21
1.6304999999999998
31
1.076499999664724
0
LINE
5
DB87
330
D818
100
AcDbEntity
100
AcDbLine
8
EKP_TURKCELL_RRU
10
-1.7936151507569598
20
1.6155
30
1.046499999664724
11
-1.5884151503158854
21
1.6155
31
1.046499999664724
0
LINE
5
DB88
330
D818
100
AcDbEntity
100
AcDbLine
8
EKP_TURKCELL_RRU
10
-1.6910151505364226
20
1.586500000834465
30
1.046499999664724
11
-1.6910151505364226
21
1.644499999165535
31
1.046499999664724
0
TEXT
5
DB89
330
D818
100
AcDbEntity
100
AcDbText
8
EKP_TURKCELL_RRU
10
-1.6910151505364226
20
1.6479799990653992
30
0
40
0.04059999883174897
1
Turkcell LTE RRU4485 (Alt Kot)
50
0
7
STANDARD
72
1
11
-1.6910151505364226
21
1.6479799990653992
31
0
100
AcDbText
73
2
0
3DFACE
5
DB8A
330
D818
100
AcDbEntity
100
AcDbFace
8
EKP_TURKCELL_RRU
10
-1.9475151510877657
20
1.3585000004172325
30
0.5170000046491623
11
-1.4895151535613582
21
1.3585000004172325
31
0.5170000046491623
12
-1.4895151535613582
22
1.5124999995827675
32
0.5170000046491623
13
-1.9475151510877657
23
1.5124999995827675
33
0.5170000046491623
0
3DFACE
5
DB8B
330
D818
100
AcDbEntity
100
AcDbFace
8
EKP_TURKCELL_RRU
10
-1.9475151510877657
20
1.3585000004172325
30
1.0129999996647239
11
-1.4895151535613582
21
1.3585000004172325
31
1.0129999996647239
12
-1.4895151535613582
22
1.5124999995827675
32
1.0129999996647239
13
-1.9475151510877657
23
1.5124999995827675
33
1.0129999996647239
0
3DFACE
5
DB8C
330
D818
100
AcDbEntity
100
AcDbFace
8
EKP_TURKCELL_RRU
10
-1.9475151510877657
20
1.3585000004172325
30
0.5170000046491623
11
-1.4895151535613582
21
1.3585000004172325
31
0.5170000046491623
12
-1.4895151535613582
22
1.3585000004172325
32
1.0129999996647239
13
-1.9475151510877657
23
1.3585000004172325
33
1.0129999996647239
0
3DFACE
5
DB8D
330
D818
100
AcDbEntity
100
AcDbFace
8
EKP_TURKCELL_RRU
10
-1.9475151510877657
20
1.5124999995827675
30
0.5170000046491623
11
-1.4895151535613582
21
1.5124999995827675
31
0.5170000046491623
12
-1.4895151535613582
22
1.5124999995827675
32
1.0129999996647239
13
-1.9475151510877657
23
1.5124999995827675
33
1.0129999996647239
0
3DFACE
5
DB8E
330
D818
100
AcDbEntity
100
AcDbFace
8
EKP_TURKCELL_RRU
10
-1.9475151510877657
20
1.3585000004172325
30
0.5170000046491623
11
-1.9475151510877657
21
1.5124999995827675
31
0.5170000046491623
12
-1.9475151510877657
22
1.5124999995827675
32
1.0129999996647239
13
-1.9475151510877657
23
1.3585000004172325
33
1.0129999996647239
0
3DFACE
5
DB8F
330
D818
100
AcDbEntity
100
AcDbFace
8
EKP_TURKCELL_RRU
10
-1.4895151535613582
20
1.3585000004172325
30
0.5170000046491623
11
-1.4895151535613582
21
1.5124999995827675
31
0.5170000046491623
12
-1.4895151535613582
22
1.5124999995827675
32
1.0129999996647239
13
-1.4895151535613582
23
1.3585000004172325
33
1.0129999996647239
0
LINE
5
DB90
330
D818
100
AcDbEntity
100
AcDbLine
8
EKP_TURKCELL_RRU
10
-1.9475151510877657
20
1.3585000004172325
30
0.5170000046491623
11
-1.4895151535613582
21
1.3585000004172325
31
0.5170000046491623
0
LINE
5
DB91
330
D818
100
AcDbEntity
100
AcDbLine
8
EKP_TURKCELL_RRU
10
-1.4895151535613582
20
1.3585000004172325
30
0.5170000046491623
11
-1.4895151535613582
21
1.5124999995827675
31
0.5170000046491623
0
LINE
5
DB92
330
D818
100
AcDbEntity
100
AcDbLine
8
EKP_TURKCELL_RRU
10
-1.4895151535613582
20
1.5124999995827675
30
0.5170000046491623
11
-1.9475151510877657
21
1.5124999995827675
31
0.5170000046491623
0
LINE
5
DB93
330
D818
100
AcDbEntity
100
AcDbLine
8
EKP_TURKCELL_RRU
10
-1.9475151510877657
20
1.5124999995827675
30
0.5170000046491623
11
-1.9475151510877657
21
1.3585000004172325
31
0.5170000046491623
0
LINE
5
DB94
330
D818
100
AcDbEntity
100
AcDbLine
8
EKP_TURKCELL_RRU
10
-1.9475151510877657
20
1.3585000004172325
30
1.0129999996647239
11
-1.4895151535613582
21
1.3585000004172325
31
1.0129999996647239
0
LINE
5
DB95
330
D818
100
AcDbEntity
100
AcDbLine
8
EKP_TURKCELL_RRU
10
-1.4895151535613582
20
1.3585000004172325
30
1.0129999996647239
11
-1.4895151535613582
21
1.5124999995827675
31
1.0129999996647239
0
LINE
5
DB96
330
D818
100
AcDbEntity
100
AcDbLine
8
EKP_TURKCELL_RRU
10
-1.4895151535613582
20
1.5124999995827675
30
1.0129999996647239
11
-1.9475151510877657
21
1.5124999995827675
31
1.0129999996647239
0
LINE
5
DB97
330
D818
100
AcDbEntity
100
AcDbLine
8
EKP_TURKCELL_RRU
10
-1.9475151510877657
20
1.5124999995827675
30
1.0129999996647239
11
-1.9475151510877657
21
1.3585000004172325
31
1.0129999996647239
0
LINE
5
DB98
330
D818
100
AcDbEntity
100
AcDbLine
8
EKP_TURKCELL_RRU
10
-1.9475151510877657
20
1.3585000004172325
30
0.5170000046491623
11
-1.9475151510877657
21
1.3585000004172325
31
1.0129999996647239
0
LINE
5
DB99
330
D818
100
AcDbEntity
100
AcDbLine
8
EKP_TURKCELL_RRU
10
-1.4895151535613582
20
1.3585000004172325
30
0.5170000046491623
11
-1.4895151535613582
21
1.3585000004172325
31
1.0129999996647239
0
LINE
5
DB9A
330
D818
100
AcDbEntity
100
AcDbLine
8
EKP_TURKCELL_RRU
10
-1.4895151535613582
20
1.5124999995827675
30
0.5170000046491623
11
-1.4895151535613582
21
1.5124999995827675
31
1.0129999996647239
0
LINE
5
DB9B
330
D818
100
AcDbEntity
100
AcDbLine
8
EKP_TURKCELL_RRU
10
-1.9475151510877657
20
1.5124999995827675
30
0.5170000046491623
11
-1.9475151510877657
21
1.5124999995827675
31
1.0129999996647239
0
3DFACE
5
DB9C
330
D818
100
AcDbEntity
100
AcDbFace
8
EKP_TURKCELL_RRU
10
-1.8215651517680036
20
1.4205
30
1.0129999996647239
11
-1.6154651528811201
21
1.4205
31
1.0129999996647239
12
-1.6154651528811201
22
1.4505
32
1.0129999996647239
13
-1.8215651517680036
23
1.4505
33
1.0129999996647239
0
3DFACE
5
DB9D
330
D818
100
AcDbEntity
100
AcDbFace
8
EKP_TURKCELL_RRU
10
-1.8215651517680036
20
1.4205
30
1.042999999664724
11
-1.6154651528811201
21
1.4205
31
1.042999999664724
12
-1.6154651528811201
22
1.4505
32
1.042999999664724
13
-1.8215651517680036
23
1.4505
33
1.042999999664724
0
3DFACE
5
DB9E
330
D818
100
AcDbEntity
100
AcDbFace
8
EKP_TURKCELL_RRU
10
-1.8215651517680036
20
1.4205
30
1.0129999996647239
11
-1.6154651528811201
21
1.4205
31
1.0129999996647239
12
-1.6154651528811201
22
1.4205
32
1.042999999664724
13
-1.8215651517680036
23
1.4205
33
1.042999999664724
0
3DFACE
5
DB9F
330
D818
100
AcDbEntity
100
AcDbFace
8
EKP_TURKCELL_RRU
10
-1.8215651517680036
20
1.4505
30
1.0129999996647239
11
-1.6154651528811201
21
1.4505
31
1.0129999996647239
12
-1.6154651528811201
22
1.4505
32
1.042999999664724
13
-1.8215651517680036
23
1.4505
33
1.042999999664724
0
3DFACE
5
DBA0
330
D818
100
AcDbEntity
100
AcDbFace
8
EKP_TURKCELL_RRU
10
-1.8215651517680036
20
1.4205
30
1.0129999996647239
11
-1.8215651517680036
21
1.4505
31
1.0129999996647239
12
-1.8215651517680036
22
1.4505
32
1.042999999664724
13
-1.8215651517680036
23
1.4205
33
1.042999999664724
0
3DFACE
5
DBA1
330
D818
100
AcDbEntity
100
AcDbFace
8
EKP_TURKCELL_RRU
10
-1.6154651528811201
20
1.4205
30
1.0129999996647239
11
-1.6154651528811201
21
1.4505
31
1.0129999996647239
12
-1.6154651528811201
22
1.4505
32
1.042999999664724
13
-1.6154651528811201
23
1.4205
33
1.042999999664724
0
LINE
5
DBA2
330
D818
100
AcDbEntity
100
AcDbLine
8
EKP_TURKCELL_RRU
10
-1.8215651517680036
20
1.4205
30
1.0129999996647239
11
-1.6154651528811201
21
1.4205
31
1.0129999996647239
0
LINE
5
DBA3
330
D818
100
AcDbEntity
100
AcDbLine
8
EKP_TURKCELL_RRU
10
-1.6154651528811201
20
1.4205
30
1.0129999996647239
11
-1.6154651528811201
21
1.4505
31
1.0129999996647239
0
LINE
5
DBA4
330
D818
100
AcDbEntity
100
AcDbLine
8
EKP_TURKCELL_RRU
10
-1.6154651528811201
20
1.4505
30
1.0129999996647239
11
-1.8215651517680036
21
1.4505
31
1.0129999996647239
0
LINE
5
DBA5
330
D818
100
AcDbEntity
100
AcDbLine
8
EKP_TURKCELL_RRU
10
-1.8215651517680036
20
1.4505
30
1.0129999996647239
11
-1.8215651517680036
21
1.4205
31
1.0129999996647239
0
LINE
5
DBA6
330
D818
100
AcDbEntity
100
AcDbLine
8
EKP_TURKCELL_RRU
10
-1.8215651517680036
20
1.4205
30
1.042999999664724
11
-1.6154651528811201
21
1.4205
31
1.042999999664724
0
LINE
5
DBA7
330
D818
100
AcDbEntity
100
AcDbLine
8
EKP_TURKCELL_RRU
10
-1.6154651528811201
20
1.4205
30
1.042999999664724
11
-1.6154651528811201
21
1.4505
31
1.042999999664724
0
LINE
5
DBA8
330
D818
100
AcDbEntity
100
AcDbLine
8
EKP_TURKCELL_RRU
10
-1.6154651528811201
20
1.4505
30
1.042999999664724
11
-1.8215651517680036
21
1.4505
31
1.042999999664724
0
LINE
5
DBA9
330
D818
100
AcDbEntity
100
AcDbLine
8
EKP_TURKCELL_RRU
10
-1.8215651517680036
20
1.4505
30
1.042999999664724
11
-1.8215651517680036
21
1.4205
31
1.042999999664724
0
LINE
5
DBAA
330
D818
100
AcDbEntity
100
AcDbLine
8
EKP_TURKCELL_RRU
10
-1.8215651517680036
20
1.4205
30
1.0129999996647239
11
-1.8215651517680036
21
1.4205
31
1.042999999664724
0
LINE
5
DBAB
330
D818
100
AcDbEntity
100
AcDbLine
8
EKP_TURKCELL_RRU
10
-1.6154651528811201
20
1.4205
30
1.0129999996647239
11
-1.6154651528811201
21
1.4205
31
1.042999999664724
0
LINE
5
DBAC
330
D818
100
AcDbEntity
100
AcDbLine
8
EKP_TURKCELL_RRU
10
-1.6154651528811201
20
1.4505
30
1.0129999996647239
11
-1.6154651528811201
21
1.4505
31
1.042999999664724
0
LINE
5
DBAD
330
D818
100
AcDbEntity
100
AcDbLine
8
EKP_TURKCELL_RRU
10
-1.8215651517680036
20
1.4505
30
1.0129999996647239
11
-1.8215651517680036
21
1.4505
31
1.042999999664724
0
LINE
5
DBAE
330
D818
100
AcDbEntity
100
AcDbLine
8
EKP_TURKCELL_RRU
10
-1.8101151518298433
20
1.4355
30
1.0129999996647239
11
-1.6269151528192805
21
1.4355
31
1.0129999996647239
0
LINE
5
DBAF
330
D818
100
AcDbEntity
100
AcDbLine
8
EKP_TURKCELL_RRU
10
-1.7185151523245619
20
1.404700000166893
30
1.0129999996647239
11
-1.7185151523245619
21
1.466299999833107
31
1.0129999996647239
0
TEXT
5
DBB0
330
D818
100
AcDbEntity
100
AcDbText
8
EKP_TURKCELL_RRU
10
-1.7185151523245619
20
1.4699959998130798
30
0
40
0.043119999766349795
1
Turkcell GSM 2219 B8 (Alt Kot)
50
0
7
STANDARD
72
1
11
-1.7185151523245619
21
1.4699959998130798
31
0
100
AcDbText
73
2
0
3DFACE
5
DC26
330
D818
100
AcDbEntity
100
AcDbFace
8
EKP_VODAFONE_RRU
10
-1.9475151510877657
20
1.9079999973177912
30
1.2100000053644182
11
-1.400515145335917
21
1.9079999973177912
31
1.2100000053644182
12
-1.400515145335917
22
2.0430000026822093
32
1.2100000053644182
13
-1.9475151510877657
23
2.0430000026822093
33
1.2100000053644182
0
3DFACE
5
DC27
330
D818
100
AcDbEntity
100
AcDbFace
8
EKP_VODAFONE_RRU
10
-1.9475151510877657
20
1.9079999973177912
30
1.719999999664724
11
-1.400515145335917
21
1.9079999973177912
31
1.719999999664724
12
-1.400515145335917
22
2.0430000026822093
32
1.719999999664724
13
-1.9475151510877657
23
2.0430000026822093
33
1.719999999664724
0
3DFACE
5
DC28
330
D818
100
AcDbEntity
100
AcDbFace
8
EKP_VODAFONE_RRU
10
-1.9475151510877657
20
1.9079999973177912
30
1.2100000053644182
11
-1.400515145335917
21
1.9079999973177912
31
1.2100000053644182
12
-1.400515145335917
22
1.9079999973177912
32
1.719999999664724
13
-1.9475151510877657
23
1.9079999973177912
33
1.719999999664724
0
3DFACE
5
DC29
330
D818
100
AcDbEntity
100
AcDbFace
8
EKP_VODAFONE_RRU
10
-1.9475151510877657
20
2.0430000026822093
30
1.2100000053644182
11
-1.400515145335917
21
2.0430000026822093
31
1.2100000053644182
12
-1.400515145335917
22
2.0430000026822093
32
1.719999999664724
13
-1.9475151510877657
23
2.0430000026822093
33
1.719999999664724
0
3DFACE
5
DC2A
330
D818
100
AcDbEntity
100
AcDbFace
8
EKP_VODAFONE_RRU
10
-1.9475151510877657
20
1.9079999973177912
30
1.2100000053644182
11
-1.9475151510877657
21
2.0430000026822093
31
1.2100000053644182
12
-1.9475151510877657
22
2.0430000026822093
32
1.719999999664724
13
-1.9475151510877657
23
1.9079999973177912
33
1.719999999664724
0
3DFACE
5
DC2B
330
D818
100
AcDbEntity
100
AcDbFace
8
EKP_VODAFONE_RRU
10
-1.400515145335917
20
1.9079999973177912
30
1.2100000053644182
11
-1.400515145335917
21
2.0430000026822093
31
1.2100000053644182
12
-1.400515145335917
22
2.0430000026822093
32
1.719999999664724
13
-1.400515145335917
23
1.9079999973177912
33
1.719999999664724
0
LINE
5
DC2C
330
D818
100
AcDbEntity
100
AcDbLine
8
EKP_VODAFONE_RRU
10
-1.9475151510877657
20
1.9079999973177912
30
1.2100000053644182
11
-1.400515145335917
21
1.9079999973177912
31
1.2100000053644182
0
LINE
5
DC2D
330
D818
100
AcDbEntity
100
AcDbLine
8
EKP_VODAFONE_RRU
10
-1.400515145335917
20
1.9079999973177912
30
1.2100000053644182
11
-1.400515145335917
21
2.0430000026822093
31
1.2100000053644182
0
LINE
5
DC2E
330
D818
100
AcDbEntity
100
AcDbLine
8
EKP_VODAFONE_RRU
10
-1.400515145335917
20
2.0430000026822093
30
1.2100000053644182
11
-1.9475151510877657
21
2.0430000026822093
31
1.2100000053644182
0
LINE
5
DC2F
330
D818
100
AcDbEntity
100
AcDbLine
8
EKP_VODAFONE_RRU
10
-1.9475151510877657
20
2.0430000026822093
30
1.2100000053644182
11
-1.9475151510877657
21
1.9079999973177912
31
1.2100000053644182
0
LINE
5
DC30
330
D818
100
AcDbEntity
100
AcDbLine
8
EKP_VODAFONE_RRU
10
-1.9475151510877657
20
1.9079999973177912
30
1.719999999664724
11
-1.400515145335917
21
1.9079999973177912
31
1.719999999664724
0
LINE
5
DC31
330
D818
100
AcDbEntity
100
AcDbLine
8
EKP_VODAFONE_RRU
10
-1.400515145335917
20
1.9079999973177912
30
1.719999999664724
11
-1.400515145335917
21
2.0430000026822093
31
1.719999999664724
0
LINE
5
DC32
330
D818
100
AcDbEntity
100
AcDbLine
8
EKP_VODAFONE_RRU
10
-1.400515145335917
20
2.0430000026822093
30
1.719999999664724
11
-1.9475151510877657
21
2.0430000026822093
31
1.719999999664724
0
LINE
5
DC33
330
D818
100
AcDbEntity
100
AcDbLine
8
EKP_VODAFONE_RRU
10
-1.9475151510877657
20
2.0430000026822093
30
1.719999999664724
11
-1.9475151510877657
21
1.9079999973177912
31
1.719999999664724
0
LINE
5
DC34
330
D818
100
AcDbEntity
100
AcDbLine
8
EKP_VODAFONE_RRU
10
-1.9475151510877657
20
1.9079999973177912
30
1.2100000053644182
11
-1.9475151510877657
21
1.9079999973177912
31
1.719999999664724
0
LINE
5
DC35
330
D818
100
AcDbEntity
100
AcDbLine
8
EKP_VODAFONE_RRU
10
-1.400515145335917
20
1.9079999973177912
30
1.2100000053644182
11
-1.400515145335917
21
1.9079999973177912
31
1.719999999664724
0
LINE
5
DC36
330
D818
100
AcDbEntity
100
AcDbLine
8
EKP_VODAFONE_RRU
10
-1.400515145335917
20
2.0430000026822093
30
1.2100000053644182
11
-1.400515145335917
21
2.0430000026822093
31
1.719999999664724
0
LINE
5
DC37
330
D818
100
AcDbEntity
100
AcDbLine
8
EKP_VODAFONE_RRU
10
-1.9475151510877657
20
2.0430000026822093
30
1.2100000053644182
11
-1.9475151510877657
21
2.0430000026822093
31
1.719999999664724
0
3DFACE
5
DC38
330
D818
100
AcDbEntity
100
AcDbFace
8
EKP_VODAFONE_RRU
10
-1.7970901495060072
20
1.9605000000000004
30
1.719999999664724
11
-1.5509401469176753
21
1.9605000000000004
31
1.719999999664724
12
-1.5509401469176753
22
1.9905000000000002
32
1.719999999664724
13
-1.7970901495060072
23
1.9905000000000002
33
1.719999999664724
0
3DFACE
5
DC39
330
D818
100
AcDbEntity
100
AcDbFace
8
EKP_VODAFONE_RRU
10
-1.7970901495060072
20
1.9605000000000004
30
1.749999999664724
11
-1.5509401469176753
21
1.9605000000000004
31
1.749999999664724
12
-1.5509401469176753
22
1.9905000000000002
32
1.749999999664724
13
-1.7970901495060072
23
1.9905000000000002
33
1.749999999664724
0
3DFACE
5
DC3A
330
D818
100
AcDbEntity
100
AcDbFace
8
EKP_VODAFONE_RRU
10
-1.7970901495060072
20
1.9605000000000004
30
1.719999999664724
11
-1.5509401469176753
21
1.9605000000000004
31
1.719999999664724
12
-1.5509401469176753
22
1.9605000000000004
32
1.749999999664724
13
-1.7970901495060072
23
1.9605000000000004
33
1.749999999664724
0
3DFACE
5
DC3B
330
D818
100
AcDbEntity
100
AcDbFace
8
EKP_VODAFONE_RRU
10
-1.7970901495060072
20
1.9905000000000002
30
1.719999999664724
11
-1.5509401469176753
21
1.9905000000000002
31
1.719999999664724
12
-1.5509401469176753
22
1.9905000000000002
32
1.749999999664724
13
-1.7970901495060072
23
1.9905000000000002
33
1.749999999664724
0
3DFACE
5
DC3C
330
D818
100
AcDbEntity
100
AcDbFace
8
EKP_VODAFONE_RRU
10
-1.7970901495060072
20
1.9605000000000004
30
1.719999999664724
11
-1.7970901495060072
21
1.9905000000000002
31
1.719999999664724
12
-1.7970901495060072
22
1.9905000000000002
32
1.749999999664724
13
-1.7970901495060072
23
1.9605000000000004
33
1.749999999664724
0
3DFACE
5
DC3D
330
D818
100
AcDbEntity
100
AcDbFace
8
EKP_VODAFONE_RRU
10
-1.5509401469176753
20
1.9605000000000004
30
1.719999999664724
11
-1.5509401469176753
21
1.9905000000000002
31
1.719999999664724
12
-1.5509401469176753
22
1.9905000000000002
32
1.749999999664724
13
-1.5509401469176753
23
1.9605000000000004
33
1.749999999664724
0
LINE
5
DC3E
330
D818
100
AcDbEntity
100
AcDbLine
8
EKP_VODAFONE_RRU
10
-1.7970901495060072
20
1.9605000000000004
30
1.719999999664724
11
-1.5509401469176753
21
1.9605000000000004
31
1.719999999664724
0
LINE
5
DC3F
330
D818
100
AcDbEntity
100
AcDbLine
8
EKP_VODAFONE_RRU
10
-1.5509401469176753
20
1.9605000000000004
30
1.719999999664724
11
-1.5509401469176753
21
1.9905000000000002
31
1.719999999664724
0
LINE
5
DC40
330
D818
100
AcDbEntity
100
AcDbLine
8
EKP_VODAFONE_RRU
10
-1.5509401469176753
20
1.9905000000000002
30
1.719999999664724
11
-1.7970901495060072
21
1.9905000000000002
31
1.719999999664724
0
LINE
5
DC41
330
D818
100
AcDbEntity
100
AcDbLine
8
EKP_VODAFONE_RRU
10
-1.7970901495060072
20
1.9905000000000002
30
1.719999999664724
11
-1.7970901495060072
21
1.9605000000000004
31
1.719999999664724
0
LINE
5
DC42
330
D818
100
AcDbEntity
100
AcDbLine
8
EKP_VODAFONE_RRU
10
-1.7970901495060072
20
1.9605000000000004
30
1.749999999664724
11
-1.5509401469176753
21
1.9605000000000004
31
1.749999999664724
0
LINE
5
DC43
330
D818
100
AcDbEntity
100
AcDbLine
8
EKP_VODAFONE_RRU
10
-1.5509401469176753
20
1.9605000000000004
30
1.749999999664724
11
-1.5509401469176753
21
1.9905000000000002
31
1.749999999664724
0
LINE
5
DC44
330
D818
100
AcDbEntity
100
AcDbLine
8
EKP_VODAFONE_RRU
10
-1.5509401469176753
20
1.9905000000000002
30
1.749999999664724
11
-1.7970901495060072
21
1.9905000000000002
31
1.749999999664724
0
LINE
5
DC45
330
D818
100
AcDbEntity
100
AcDbLine
8
EKP_VODAFONE_RRU
10
-1.7970901495060072
20
1.9905000000000002
30
1.749999999664724
11
-1.7970901495060072
21
1.9605000000000004
31
1.749999999664724
0
LINE
5
DC46
330
D818
100
AcDbEntity
100
AcDbLine
8
EKP_VODAFONE_RRU
10
-1.7970901495060072
20
1.9605000000000004
30
1.719999999664724
11
-1.7970901495060072
21
1.9605000000000004
31
1.749999999664724
0
LINE
5
DC47
330
D818
100
AcDbEntity
100
AcDbLine
8
EKP_VODAFONE_RRU
10
-1.5509401469176753
20
1.9605000000000004
30
1.719999999664724
11
-1.5509401469176753
21
1.9605000000000004
31
1.749999999664724
0
LINE
5
DC48
330
D818
100
AcDbEntity
100
AcDbLine
8
EKP_VODAFONE_RRU
10
-1.5509401469176753
20
1.9905000000000002
30
1.719999999664724
11
-1.5509401469176753
21
1.9905000000000002
31
1.749999999664724
0
LINE
5
DC49
330
D818
100
AcDbEntity
100
AcDbLine
8
EKP_VODAFONE_RRU
10
-1.7970901495060072
20
1.9905000000000002
30
1.719999999664724
11
-1.7970901495060072
21
1.9905000000000002
31
1.749999999664724
0
LINE
5
DC4A
330
D818
100
AcDbEntity
100
AcDbLine
8
EKP_VODAFONE_RRU
10
-1.783415149362211
20
1.9755000000000003
30
1.719999999664724
11
-1.5646151470614715
21
1.9755000000000003
31
1.719999999664724
0
LINE
5
DC4B
330
D818
100
AcDbEntity
100
AcDbLine
8
EKP_VODAFONE_RRU
10
-1.6740151482118413
20
1.9484999989271166
30
1.719999999664724
11
-1.6740151482118413
21
2.002500001072884
31
1.719999999664724
0
TEXT
5
DC4C
330
D818
100
AcDbEntity
100
AcDbText
8
EKP_VODAFONE_RRU
10
-1.6740151482118413
20
2.0057400012016298
30
0
40
0.03780000150203705
1
Vodafone RRU5526t (#1) (Ust Kot)
50
0
7
STANDARD
72
1
11
-1.6740151482118413
21
2.0057400012016298
31
0
100
AcDbText
73
2
0
3DFACE
5
DC4D
330
D818
100
AcDbEntity
100
AcDbFace
8
EKP_VODAFONE_RRU
10
-1.9475151510877657
20
1.727999997317791
30
1.2100000053644182
11
-1.400515145335917
21
1.727999997317791
31
1.2100000053644182
12
-1.400515145335917
22
1.863000002682209
32
1.2100000053644182
13
-1.9475151510877657
23
1.863000002682209
33
1.2100000053644182
0
3DFACE
5
DC4E
330
D818
100
AcDbEntity
100
AcDbFace
8
EKP_VODAFONE_RRU
10
-1.9475151510877657
20
1.727999997317791
30
1.719999999664724
11
-1.400515145335917
21
1.727999997317791
31
1.719999999664724
12
-1.400515145335917
22
1.863000002682209
32
1.719999999664724
13
-1.9475151510877657
23
1.863000002682209
33
1.719999999664724
0
3DFACE
5
DC4F
330
D818
100
AcDbEntity
100
AcDbFace
8
EKP_VODAFONE_RRU
10
-1.9475151510877657
20
1.727999997317791
30
1.2100000053644182
11
-1.400515145335917
21
1.727999997317791
31
1.2100000053644182
12
-1.400515145335917
22
1.727999997317791
32
1.719999999664724
13
-1.9475151510877657
23
1.727999997317791
33
1.719999999664724
0
3DFACE
5
DC50
330
D818
100
AcDbEntity
100
AcDbFace
8
EKP_VODAFONE_RRU
10
-1.9475151510877657
20
1.863000002682209
30
1.2100000053644182
11
-1.400515145335917
21
1.863000002682209
31
1.2100000053644182
12
-1.400515145335917
22
1.863000002682209
32
1.719999999664724
13
-1.9475151510877657
23
1.863000002682209
33
1.719999999664724
0
3DFACE
5
DC51
330
D818
100
AcDbEntity
100
AcDbFace
8
EKP_VODAFONE_RRU
10
-1.9475151510877657
20
1.727999997317791
30
1.2100000053644182
11
-1.9475151510877657
21
1.863000002682209
31
1.2100000053644182
12
-1.9475151510877657
22
1.863000002682209
32
1.719999999664724
13
-1.9475151510877657
23
1.727999997317791
33
1.719999999664724
0
3DFACE
5
DC52
330
D818
100
AcDbEntity
100
AcDbFace
8
EKP_VODAFONE_RRU
10
-1.400515145335917
20
1.727999997317791
30
1.2100000053644182
11
-1.400515145335917
21
1.863000002682209
31
1.2100000053644182
12
-1.400515145335917
22
1.863000002682209
32
1.719999999664724
13
-1.400515145335917
23
1.727999997317791
33
1.719999999664724
0
LINE
5
DC53
330
D818
100
AcDbEntity
100
AcDbLine
8
EKP_VODAFONE_RRU
10
-1.9475151510877657
20
1.727999997317791
30
1.2100000053644182
11
-1.400515145335917
21
1.727999997317791
31
1.2100000053644182
0
LINE
5
DC54
330
D818
100
AcDbEntity
100
AcDbLine
8
EKP_VODAFONE_RRU
10
-1.400515145335917
20
1.727999997317791
30
1.2100000053644182
11
-1.400515145335917
21
1.863000002682209
31
1.2100000053644182
0
LINE
5
DC55
330
D818
100
AcDbEntity
100
AcDbLine
8
EKP_VODAFONE_RRU
10
-1.400515145335917
20
1.863000002682209
30
1.2100000053644182
11
-1.9475151510877657
21
1.863000002682209
31
1.2100000053644182
0
LINE
5
DC56
330
D818
100
AcDbEntity
100
AcDbLine
8
EKP_VODAFONE_RRU
10
-1.9475151510877657
20
1.863000002682209
30
1.2100000053644182
11
-1.9475151510877657
21
1.727999997317791
31
1.2100000053644182
0
LINE
5
DC57
330
D818
100
AcDbEntity
100
AcDbLine
8
EKP_VODAFONE_RRU
10
-1.9475151510877657
20
1.727999997317791
30
1.719999999664724
11
-1.400515145335917
21
1.727999997317791
31
1.719999999664724
0
LINE
5
DC58
330
D818
100
AcDbEntity
100
AcDbLine
8
EKP_VODAFONE_RRU
10
-1.400515145335917
20
1.727999997317791
30
1.719999999664724
11
-1.400515145335917
21
1.863000002682209
31
1.719999999664724
0
LINE
5
DC59
330
D818
100
AcDbEntity
100
AcDbLine
8
EKP_VODAFONE_RRU
10
-1.400515145335917
20
1.863000002682209
30
1.719999999664724
11
-1.9475151510877657
21
1.863000002682209
31
1.719999999664724
0
LINE
5
DC5A
330
D818
100
AcDbEntity
100
AcDbLine
8
EKP_VODAFONE_RRU
10
-1.9475151510877657
20
1.863000002682209
30
1.719999999664724
11
-1.9475151510877657
21
1.727999997317791
31
1.719999999664724
0
LINE
5
DC5B
330
D818
100
AcDbEntity
100
AcDbLine
8
EKP_VODAFONE_RRU
10
-1.9475151510877657
20
1.727999997317791
30
1.2100000053644182
11
-1.9475151510877657
21
1.727999997317791
31
1.719999999664724
0
LINE
5
DC5C
330
D818
100
AcDbEntity
100
AcDbLine
8
EKP_VODAFONE_RRU
10
-1.400515145335917
20
1.727999997317791
30
1.2100000053644182
11
-1.400515145335917
21
1.727999997317791
31
1.719999999664724
0
LINE
5
DC5D
330
D818
100
AcDbEntity
100
AcDbLine
8
EKP_VODAFONE_RRU
10
-1.400515145335917
20
1.863000002682209
30
1.2100000053644182
11
-1.400515145335917
21
1.863000002682209
31
1.719999999664724
0
LINE
5
DC5E
330
D818
100
AcDbEntity
100
AcDbLine
8
EKP_VODAFONE_RRU
10
-1.9475151510877657
20
1.863000002682209
30
1.2100000053644182
11
-1.9475151510877657
21
1.863000002682209
31
1.719999999664724
0
3DFACE
5
DC5F
330
D818
100
AcDbEntity
100
AcDbFace
8
EKP_VODAFONE_RRU
10
-1.7970901495060072
20
1.7805000000000002
30
1.719999999664724
11
-1.5509401469176753
21
1.7805000000000002
31
1.719999999664724
12
-1.5509401469176753
22
1.8105
32
1.719999999664724
13
-1.7970901495060072
23
1.8105
33
1.719999999664724
0
3DFACE
5
DC60
330
D818
100
AcDbEntity
100
AcDbFace
8
EKP_VODAFONE_RRU
10
-1.7970901495060072
20
1.7805000000000002
30
1.749999999664724
11
-1.5509401469176753
21
1.7805000000000002
31
1.749999999664724
12
-1.5509401469176753
22
1.8105
32
1.749999999664724
13
-1.7970901495060072
23
1.8105
33
1.749999999664724
0
3DFACE
5
DC61
330
D818
100
AcDbEntity
100
AcDbFace
8
EKP_VODAFONE_RRU
10
-1.7970901495060072
20
1.7805000000000002
30
1.719999999664724
11
-1.5509401469176753
21
1.7805000000000002
31
1.719999999664724
12
-1.5509401469176753
22
1.7805000000000002
32
1.749999999664724
13
-1.7970901495060072
23
1.7805000000000002
33
1.749999999664724
0
3DFACE
5
DC62
330
D818
100
AcDbEntity
100
AcDbFace
8
EKP_VODAFONE_RRU
10
-1.7970901495060072
20
1.8105
30
1.719999999664724
11
-1.5509401469176753
21
1.8105
31
1.719999999664724
12
-1.5509401469176753
22
1.8105
32
1.749999999664724
13
-1.7970901495060072
23
1.8105
33
1.749999999664724
0
3DFACE
5
DC63
330
D818
100
AcDbEntity
100
AcDbFace
8
EKP_VODAFONE_RRU
10
-1.7970901495060072
20
1.7805000000000002
30
1.719999999664724
11
-1.7970901495060072
21
1.8105
31
1.719999999664724
12
-1.7970901495060072
22
1.8105
32
1.749999999664724
13
-1.7970901495060072
23
1.7805000000000002
33
1.749999999664724
0
3DFACE
5
DC64
330
D818
100
AcDbEntity
100
AcDbFace
8
EKP_VODAFONE_RRU
10
-1.5509401469176753
20
1.7805000000000002
30
1.719999999664724
11
-1.5509401469176753
21
1.8105
31
1.719999999664724
12
-1.5509401469176753
22
1.8105
32
1.749999999664724
13
-1.5509401469176753
23
1.7805000000000002
33
1.749999999664724
0
LINE
5
DC65
330
D818
100
AcDbEntity
100
AcDbLine
8
EKP_VODAFONE_RRU
10
-1.7970901495060072
20
1.7805000000000002
30
1.719999999664724
11
-1.5509401469176753
21
1.7805000000000002
31
1.719999999664724
0
LINE
5
DC66
330
D818
100
AcDbEntity
100
AcDbLine
8
EKP_VODAFONE_RRU
10
-1.5509401469176753
20
1.7805000000000002
30
1.719999999664724
11
-1.5509401469176753
21
1.8105
31
1.719999999664724
0
LINE
5
DC67
330
D818
100
AcDbEntity
100
AcDbLine
8
EKP_VODAFONE_RRU
10
-1.5509401469176753
20
1.8105
30
1.719999999664724
11
-1.7970901495060072
21
1.8105
31
1.719999999664724
0
LINE
5
DC68
330
D818
100
AcDbEntity
100
AcDbLine
8
EKP_VODAFONE_RRU
10
-1.7970901495060072
20
1.8105
30
1.719999999664724
11
-1.7970901495060072
21
1.7805000000000002
31
1.719999999664724
0
LINE
5
DC69
330
D818
100
AcDbEntity
100
AcDbLine
8
EKP_VODAFONE_RRU
10
-1.7970901495060072
20
1.7805000000000002
30
1.749999999664724
11
-1.5509401469176753
21
1.7805000000000002
31
1.749999999664724
0
LINE
5
DC6A
330
D818
100
AcDbEntity
100
AcDbLine
8
EKP_VODAFONE_RRU
10
-1.5509401469176753
20
1.7805000000000002
30
1.749999999664724
11
-1.5509401469176753
21
1.8105
31
1.749999999664724
0
LINE
5
DC6B
330
D818
100
AcDbEntity
100
AcDbLine
8
EKP_VODAFONE_RRU
10
-1.5509401469176753
20
1.8105
30
1.749999999664724
11
-1.7970901495060072
21
1.8105
31
1.749999999664724
0
LINE
5
DC6C
330
D818
100
AcDbEntity
100
AcDbLine
8
EKP_VODAFONE_RRU
10
-1.7970901495060072
20
1.8105
30
1.749999999664724
11
-1.7970901495060072
21
1.7805000000000002
31
1.749999999664724
0
LINE
5
DC6D
330
D818
100
AcDbEntity
100
AcDbLine
8
EKP_VODAFONE_RRU
10
-1.7970901495060072
20
1.7805000000000002
30
1.719999999664724
11
-1.7970901495060072
21
1.7805000000000002
31
1.749999999664724
0
LINE
5
DC6E
330
D818
100
AcDbEntity
100
AcDbLine
8
EKP_VODAFONE_RRU
10
-1.5509401469176753
20
1.7805000000000002
30
1.719999999664724
11
-1.5509401469176753
21
1.7805000000000002
31
1.749999999664724
0
LINE
5
DC6F
330
D818
100
AcDbEntity
100
AcDbLine
8
EKP_VODAFONE_RRU
10
-1.5509401469176753
20
1.8105
30
1.719999999664724
11
-1.5509401469176753
21
1.8105
31
1.749999999664724
0
LINE
5
DC70
330
D818
100
AcDbEntity
100
AcDbLine
8
EKP_VODAFONE_RRU
10
-1.7970901495060072
20
1.8105
30
1.719999999664724
11
-1.7970901495060072
21
1.8105
31
1.749999999664724
0
LINE
5
DC71
330
D818
100
AcDbEntity
100
AcDbLine
8
EKP_VODAFONE_RRU
10
-1.783415149362211
20
1.7955
30
1.719999999664724
11
-1.5646151470614715
21
1.7955
31
1.719999999664724
0
LINE
5
DC72
330
D818
100
AcDbEntity
100
AcDbLine
8
EKP_VODAFONE_RRU
10
-1.6740151482118413
20
1.7684999989271164
30
1.719999999664724
11
-1.6740151482118413
21
1.8225000010728838
31
1.719999999664724
0
TEXT
5
DC73
330
D818
100
AcDbEntity
100
AcDbText
8
EKP_VODAFONE_RRU
10
-1.6740151482118413
20
1.8257400012016298
30
0
40
0.03780000150203705
1
Vodafone RRU5526t (#2) (Ust Kot)
50
0
7
STANDARD
72
1
11
-1.6740151482118413
21
1.8257400012016298
31
0
100
AcDbText
73
2
0
3DFACE
5
DC74
330
D818
100
AcDbEntity
100
AcDbFace
8
EKP_VODAFONE_RRU
10
-1.9475151510877657
20
1.547999997317791
30
1.2100000053644182
11
-1.400515145335917
21
1.547999997317791
31
1.2100000053644182
12
-1.400515145335917
22
1.683000002682209
32
1.2100000053644182
13
-1.9475151510877657
23
1.683000002682209
33
1.2100000053644182
0
3DFACE
5
DC75
330
D818
100
AcDbEntity
100
AcDbFace
8
EKP_VODAFONE_RRU
10
-1.9475151510877657
20
1.547999997317791
30
1.719999999664724
11
-1.400515145335917
21
1.547999997317791
31
1.719999999664724
12
-1.400515145335917
22
1.683000002682209
32
1.719999999664724
13
-1.9475151510877657
23
1.683000002682209
33
1.719999999664724
0
3DFACE
5
DC76
330
D818
100
AcDbEntity
100
AcDbFace
8
EKP_VODAFONE_RRU
10
-1.9475151510877657
20
1.547999997317791
30
1.2100000053644182
11
-1.400515145335917
21
1.547999997317791
31
1.2100000053644182
12
-1.400515145335917
22
1.547999997317791
32
1.719999999664724
13
-1.9475151510877657
23
1.547999997317791
33
1.719999999664724
0
3DFACE
5
DC77
330
D818
100
AcDbEntity
100
AcDbFace
8
EKP_VODAFONE_RRU
10
-1.9475151510877657
20
1.683000002682209
30
1.2100000053644182
11
-1.400515145335917
21
1.683000002682209
31
1.2100000053644182
12
-1.400515145335917
22
1.683000002682209
32
1.719999999664724
13
-1.9475151510877657
23
1.683000002682209
33
1.719999999664724
0
3DFACE
5
DC78
330
D818
100
AcDbEntity
100
AcDbFace
8
EKP_VODAFONE_RRU
10
-1.9475151510877657
20
1.547999997317791
30
1.2100000053644182
11
-1.9475151510877657
21
1.683000002682209
31
1.2100000053644182
12
-1.9475151510877657
22
1.683000002682209
32
1.719999999664724
13
-1.9475151510877657
23
1.547999997317791
33
1.719999999664724
0
3DFACE
5
DC79
330
D818
100
AcDbEntity
100
AcDbFace
8
EKP_VODAFONE_RRU
10
-1.400515145335917
20
1.547999997317791
30
1.2100000053644182
11
-1.400515145335917
21
1.683000002682209
31
1.2100000053644182
12
-1.400515145335917
22
1.683000002682209
32
1.719999999664724
13
-1.400515145335917
23
1.547999997317791
33
1.719999999664724
0
LINE
5
DC7A
330
D818
100
AcDbEntity
100
AcDbLine
8
EKP_VODAFONE_RRU
10
-1.9475151510877657
20
1.547999997317791
30
1.2100000053644182
11
-1.400515145335917
21
1.547999997317791
31
1.2100000053644182
0
LINE
5
DC7B
330
D818
100
AcDbEntity
100
AcDbLine
8
EKP_VODAFONE_RRU
10
-1.400515145335917
20
1.547999997317791
30
1.2100000053644182
11
-1.400515145335917
21
1.683000002682209
31
1.2100000053644182
0
LINE
5
DC7C
330
D818
100
AcDbEntity
100
AcDbLine
8
EKP_VODAFONE_RRU
10
-1.400515145335917
20
1.683000002682209
30
1.2100000053644182
11
-1.9475151510877657
21
1.683000002682209
31
1.2100000053644182
0
LINE
5
DC7D
330
D818
100
AcDbEntity
100
AcDbLine
8
EKP_VODAFONE_RRU
10
-1.9475151510877657
20
1.683000002682209
30
1.2100000053644182
11
-1.9475151510877657
21
1.547999997317791
31
1.2100000053644182
0
LINE
5
DC7E
330
D818
100
AcDbEntity
100
AcDbLine
8
EKP_VODAFONE_RRU
10
-1.9475151510877657
20
1.547999997317791
30
1.719999999664724
11
-1.400515145335917
21
1.547999997317791
31
1.719999999664724
0
LINE
5
DC7F
330
D818
100
AcDbEntity
100
AcDbLine
8
EKP_VODAFONE_RRU
10
-1.400515145335917
20
1.547999997317791
30
1.719999999664724
11
-1.400515145335917
21
1.683000002682209
31
1.719999999664724
0
LINE
5
DC80
330
D818
100
AcDbEntity
100
AcDbLine
8
EKP_VODAFONE_RRU
10
-1.400515145335917
20
1.683000002682209
30
1.719999999664724
11
-1.9475151510877657
21
1.683000002682209
31
1.719999999664724
0
LINE
5
DC81
330
D818
100
AcDbEntity
100
AcDbLine
8
EKP_VODAFONE_RRU
10
-1.9475151510877657
20
1.683000002682209
30
1.719999999664724
11
-1.9475151510877657
21
1.547999997317791
31
1.719999999664724
0
LINE
5
DC82
330
D818
100
AcDbEntity
100
AcDbLine
8
EKP_VODAFONE_RRU
10
-1.9475151510877657
20
1.547999997317791
30
1.2100000053644182
11
-1.9475151510877657
21
1.547999997317791
31
1.719999999664724
0
LINE
5
DC83
330
D818
100
AcDbEntity
100
AcDbLine
8
EKP_VODAFONE_RRU
10
-1.400515145335917
20
1.547999997317791
30
1.2100000053644182
11
-1.400515145335917
21
1.547999997317791
31
1.719999999664724
0
LINE
5
DC84
330
D818
100
AcDbEntity
100
AcDbLine
8
EKP_VODAFONE_RRU
10
-1.400515145335917
20
1.683000002682209
30
1.2100000053644182
11
-1.400515145335917
21
1.683000002682209
31
1.719999999664724
0
LINE
5
DC85
330
D818
100
AcDbEntity
100
AcDbLine
8
EKP_VODAFONE_RRU
10
-1.9475151510877657
20
1.683000002682209
30
1.2100000053644182
11
-1.9475151510877657
21
1.683000002682209
31
1.719999999664724
0
3DFACE
5
DC86
330
D818
100
AcDbEntity
100
AcDbFace
8
EKP_VODAFONE_RRU
10
-1.7970901495060072
20
1.6005
30
1.719999999664724
11
-1.5509401469176753
21
1.6005
31
1.719999999664724
12
-1.5509401469176753
22
1.6304999999999998
32
1.719999999664724
13
-1.7970901495060072
23
1.6304999999999998
33
1.719999999664724
0
3DFACE
5
DC87
330
D818
100
AcDbEntity
100
AcDbFace
8
EKP_VODAFONE_RRU
10
-1.7970901495060072
20
1.6005
30
1.749999999664724
11
-1.5509401469176753
21
1.6005
31
1.749999999664724
12
-1.5509401469176753
22
1.6304999999999998
32
1.749999999664724
13
-1.7970901495060072
23
1.6304999999999998
33
1.749999999664724
0
3DFACE
5
DC88
330
D818
100
AcDbEntity
100
AcDbFace
8
EKP_VODAFONE_RRU
10
-1.7970901495060072
20
1.6005
30
1.719999999664724
11
-1.5509401469176753
21
1.6005
31
1.719999999664724
12
-1.5509401469176753
22
1.6005
32
1.749999999664724
13
-1.7970901495060072
23
1.6005
33
1.749999999664724
0
3DFACE
5
DC89
330
D818
100
AcDbEntity
100
AcDbFace
8
EKP_VODAFONE_RRU
10
-1.7970901495060072
20
1.6304999999999998
30
1.719999999664724
11
-1.5509401469176753
21
1.6304999999999998
31
1.719999999664724
12
-1.5509401469176753
22
1.6304999999999998
32
1.749999999664724
13
-1.7970901495060072
23
1.6304999999999998
33
1.749999999664724
0
3DFACE
5
DC8A
330
D818
100
AcDbEntity
100
AcDbFace
8
EKP_VODAFONE_RRU
10
-1.7970901495060072
20
1.6005
30
1.719999999664724
11
-1.7970901495060072
21
1.6304999999999998
31
1.719999999664724
12
-1.7970901495060072
22
1.6304999999999998
32
1.749999999664724
13
-1.7970901495060072
23
1.6005
33
1.749999999664724
0
3DFACE
5
DC8B
330
D818
100
AcDbEntity
100
AcDbFace
8
EKP_VODAFONE_RRU
10
-1.5509401469176753
20
1.6005
30
1.719999999664724
11
-1.5509401469176753
21
1.6304999999999998
31
1.719999999664724
12
-1.5509401469176753
22
1.6304999999999998
32
1.749999999664724
13
-1.5509401469176753
23
1.6005
33
1.749999999664724
0
LINE
5
DC8C
330
D818
100
AcDbEntity
100
AcDbLine
8
EKP_VODAFONE_RRU
10
-1.7970901495060072
20
1.6005
30
1.719999999664724
11
-1.5509401469176753
21
1.6005
31
1.719999999664724
0
LINE
5
DC8D
330
D818
100
AcDbEntity
100
AcDbLine
8
EKP_VODAFONE_RRU
10
-1.5509401469176753
20
1.6005
30
1.719999999664724
11
-1.5509401469176753
21
1.6304999999999998
31
1.719999999664724
0
LINE
5
DC8E
330
D818
100
AcDbEntity
100
AcDbLine
8
EKP_VODAFONE_RRU
10
-1.5509401469176753
20
1.6304999999999998
30
1.719999999664724
11
-1.7970901495060072
21
1.6304999999999998
31
1.719999999664724
0
LINE
5
DC8F
330
D818
100
AcDbEntity
100
AcDbLine
8
EKP_VODAFONE_RRU
10
-1.7970901495060072
20
1.6304999999999998
30
1.719999999664724
11
-1.7970901495060072
21
1.6005
31
1.719999999664724
0
LINE
5
DC90
330
D818
100
AcDbEntity
100
AcDbLine
8
EKP_VODAFONE_RRU
10
-1.7970901495060072
20
1.6005
30
1.749999999664724
11
-1.5509401469176753
21
1.6005
31
1.749999999664724
0
LINE
5
DC91
330
D818
100
AcDbEntity
100
AcDbLine
8
EKP_VODAFONE_RRU
10
-1.5509401469176753
20
1.6005
30
1.749999999664724
11
-1.5509401469176753
21
1.6304999999999998
31
1.749999999664724
0
LINE
5
DC92
330
D818
100
AcDbEntity
100
AcDbLine
8
EKP_VODAFONE_RRU
10
-1.5509401469176753
20
1.6304999999999998
30
1.749999999664724
11
-1.7970901495060072
21
1.6304999999999998
31
1.749999999664724
0
LINE
5
DC93
330
D818
100
AcDbEntity
100
AcDbLine
8
EKP_VODAFONE_RRU
10
-1.7970901495060072
20
1.6304999999999998
30
1.749999999664724
11
-1.7970901495060072
21
1.6005
31
1.749999999664724
0
LINE
5
DC94
330
D818
100
AcDbEntity
100
AcDbLine
8
EKP_VODAFONE_RRU
10
-1.7970901495060072
20
1.6005
30
1.719999999664724
11
-1.7970901495060072
21
1.6005
31
1.749999999664724
0
LINE
5
DC95
330
D818
100
AcDbEntity
100
AcDbLine
8
EKP_VODAFONE_RRU
10
-1.5509401469176753
20
1.6005
30
1.719999999664724
11
-1.5509401469176753
21
1.6005
31
1.749999999664724
0
LINE
5
DC96
330
D818
100
AcDbEntity
100
AcDbLine
8
EKP_VODAFONE_RRU
10
-1.5509401469176753
20
1.6304999999999998
30
1.719999999664724
11
-1.5509401469176753
21
1.6304999999999998
31
1.749999999664724
0
LINE
5
DC97
330
D818
100
AcDbEntity
100
AcDbLine
8
EKP_VODAFONE_RRU
10
-1.7970901495060072
20
1.6304999999999998
30
1.719999999664724
11
-1.7970901495060072
21
1.6304999999999998
31
1.749999999664724
0
LINE
5
DC98
330
D818
100
AcDbEntity
100
AcDbLine
8
EKP_VODAFONE_RRU
10
-1.783415149362211
20
1.6155
30
1.719999999664724
11
-1.5646151470614715
21
1.6155
31
1.719999999664724
0
LINE
5
DC99
330
D818
100
AcDbEntity
100
AcDbLine
8
EKP_VODAFONE_RRU
10
-1.6740151482118413
20
1.5884999989271162
30
1.719999999664724
11
-1.6740151482118413
21
1.6425000010728836
31
1.719999999664724
0
TEXT
5
DC9A
330
D818
100
AcDbEntity
100
AcDbText
8
EKP_VODAFONE_RRU
10
-1.6740151482118413
20
1.6457400012016297
30
0
40
0.03780000150203705
1
Vodafone RRU5526t (#3) (Ust Kot)
50
0
7
STANDARD
72
1
11
-1.6740151482118413
21
1.6457400012016297
31
0
100
AcDbText
73
2
0
3DFACE
5
DC9B
330
D818
100
AcDbEntity
100
AcDbFace
8
EKP_VODAFONE_RRU
10
-1.9475151510877657
20
1.3654999997019768
30
1.2100000053644182
11
-1.4765151478393126
21
1.3654999997019768
31
1.2100000053644182
12
-1.4765151478393126
22
1.5055000002980232
32
1.2100000053644182
13
-1.9475151510877657
23
1.5055000002980232
33
1.2100000053644182
0
3DFACE
5
DC9C
330
D818
100
AcDbEntity
100
AcDbFace
8
EKP_VODAFONE_RRU
10
-1.9475151510877657
20
1.3654999997019768
30
1.719999999664724
11
-1.4765151478393126
21
1.3654999997019768
31
1.719999999664724
12
-1.4765151478393126
22
1.5055000002980232
32
1.719999999664724
13
-1.9475151510877657
23
1.5055000002980232
33
1.719999999664724
0
3DFACE
5
DC9D
330
D818
100
AcDbEntity
100
AcDbFace
8
EKP_VODAFONE_RRU
10
-1.9475151510877657
20
1.3654999997019768
30
1.2100000053644182
11
-1.4765151478393126
21
1.3654999997019768
31
1.2100000053644182
12
-1.4765151478393126
22
1.3654999997019768
32
1.719999999664724
13
-1.9475151510877657
23
1.3654999997019768
33
1.719999999664724
0
3DFACE
5
DC9E
330
D818
100
AcDbEntity
100
AcDbFace
8
EKP_VODAFONE_RRU
10
-1.9475151510877657
20
1.5055000002980232
30
1.2100000053644182
11
-1.4765151478393126
21
1.5055000002980232
31
1.2100000053644182
12
-1.4765151478393126
22
1.5055000002980232
32
1.719999999664724
13
-1.9475151510877657
23
1.5055000002980232
33
1.719999999664724
0
3DFACE
5
DC9F
330
D818
100
AcDbEntity
100
AcDbFace
8
EKP_VODAFONE_RRU
10
-1.9475151510877657
20
1.3654999997019768
30
1.2100000053644182
11
-1.9475151510877657
21
1.5055000002980232
31
1.2100000053644182
12
-1.9475151510877657
22
1.5055000002980232
32
1.719999999664724
13
-1.9475151510877657
23
1.3654999997019768
33
1.719999999664724
0
3DFACE
5
DCA0
330
D818
100
AcDbEntity
100
AcDbFace
8
EKP_VODAFONE_RRU
10
-1.4765151478393126
20
1.3654999997019768
30
1.2100000053644182
11
-1.4765151478393126
21
1.5055000002980232
31
1.2100000053644182
12
-1.4765151478393126
22
1.5055000002980232
32
1.719999999664724
13
-1.4765151478393126
23
1.3654999997019768
33
1.719999999664724
0
LINE
5
DCA1
330
D818
100
AcDbEntity
100
AcDbLine
8
EKP_VODAFONE_RRU
10
-1.9475151510877657
20
1.3654999997019768
30
1.2100000053644182
11
-1.4765151478393126
21
1.3654999997019768
31
1.2100000053644182
0
LINE
5
DCA2
330
D818
100
AcDbEntity
100
AcDbLine
8
EKP_VODAFONE_RRU
10
-1.4765151478393126
20
1.3654999997019768
30
1.2100000053644182
11
-1.4765151478393126
21
1.5055000002980232
31
1.2100000053644182
0
LINE
5
DCA3
330
D818
100
AcDbEntity
100
AcDbLine
8
EKP_VODAFONE_RRU
10
-1.4765151478393126
20
1.5055000002980232
30
1.2100000053644182
11
-1.9475151510877657
21
1.5055000002980232
31
1.2100000053644182
0
LINE
5
DCA4
330
D818
100
AcDbEntity
100
AcDbLine
8
EKP_VODAFONE_RRU
10
-1.9475151510877657
20
1.5055000002980232
30
1.2100000053644182
11
-1.9475151510877657
21
1.3654999997019768
31
1.2100000053644182
0
LINE
5
DCA5
330
D818
100
AcDbEntity
100
AcDbLine
8
EKP_VODAFONE_RRU
10
-1.9475151510877657
20
1.3654999997019768
30
1.719999999664724
11
-1.4765151478393126
21
1.3654999997019768
31
1.719999999664724
0
LINE
5
DCA6
330
D818
100
AcDbEntity
100
AcDbLine
8
EKP_VODAFONE_RRU
10
-1.4765151478393126
20
1.3654999997019768
30
1.719999999664724
11
-1.4765151478393126
21
1.5055000002980232
31
1.719999999664724
0
LINE
5
DCA7
330
D818
100
AcDbEntity
100
AcDbLine
8
EKP_VODAFONE_RRU
10
-1.4765151478393126
20
1.5055000002980232
30
1.719999999664724
11
-1.9475151510877657
21
1.5055000002980232
31
1.719999999664724
0
LINE
5
DCA8
330
D818
100
AcDbEntity
100
AcDbLine
8
EKP_VODAFONE_RRU
10
-1.9475151510877657
20
1.5055000002980232
30
1.719999999664724
11
-1.9475151510877657
21
1.3654999997019768
31
1.719999999664724
0
LINE
5
DCA9
330
D818
100
AcDbEntity
100
AcDbLine
8
EKP_VODAFONE_RRU
10
-1.9475151510877657
20
1.3654999997019768
30
1.2100000053644182
11
-1.9475151510877657
21
1.3654999997019768
31
1.719999999664724
0
LINE
5
DCAA
330
D818
100
AcDbEntity
100
AcDbLine
8
EKP_VODAFONE_RRU
10
-1.4765151478393126
20
1.3654999997019768
30
1.2100000053644182
11
-1.4765151478393126
21
1.3654999997019768
31
1.719999999664724
0
LINE
5
DCAB
330
D818
100
AcDbEntity
100
AcDbLine
8
EKP_VODAFONE_RRU
10
-1.4765151478393126
20
1.5055000002980232
30
1.2100000053644182
11
-1.4765151478393126
21
1.5055000002980232
31
1.719999999664724
0
LINE
5
DCAC
330
D818
100
AcDbEntity
100
AcDbLine
8
EKP_VODAFONE_RRU
10
-1.9475151510877657
20
1.5055000002980232
30
1.2100000053644182
11
-1.9475151510877657
21
1.5055000002980232
31
1.719999999664724
0
3DFACE
5
DCAD
330
D818
100
AcDbEntity
100
AcDbFace
8
EKP_VODAFONE_RRU
10
-1.817990150194441
20
1.4205
30
1.719999999664724
11
-1.6060401487326372
21
1.4205
31
1.719999999664724
12
-1.6060401487326372
22
1.4505
32
1.719999999664724
13
-1.817990150194441
23
1.4505
33
1.719999999664724
0
3DFACE
5
DCAE
330
D818
100
AcDbEntity
100
AcDbFace
8
EKP_VODAFONE_RRU
10
-1.817990150194441
20
1.4205
30
1.749999999664724
11
-1.6060401487326372
21
1.4205
31
1.749999999664724
12
-1.6060401487326372
22
1.4505
32
1.749999999664724
13
-1.817990150194441
23
1.4505
33
1.749999999664724
0
3DFACE
5
DCAF
330
D818
100
AcDbEntity
100
AcDbFace
8
EKP_VODAFONE_RRU
10
-1.817990150194441
20
1.4205
30
1.719999999664724
11
-1.6060401487326372
21
1.4205
31
1.719999999664724
12
-1.6060401487326372
22
1.4205
32
1.749999999664724
13
-1.817990150194441
23
1.4205
33
1.749999999664724
0
3DFACE
5
DCB0
330
D818
100
AcDbEntity
100
AcDbFace
8
EKP_VODAFONE_RRU
10
-1.817990150194441
20
1.4505
30
1.719999999664724
11
-1.6060401487326372
21
1.4505
31
1.719999999664724
12
-1.6060401487326372
22
1.4505
32
1.749999999664724
13
-1.817990150194441
23
1.4505
33
1.749999999664724
0
3DFACE
5
DCB1
330
D818
100
AcDbEntity
100
AcDbFace
8
EKP_VODAFONE_RRU
10
-1.817990150194441
20
1.4205
30
1.719999999664724
11
-1.817990150194441
21
1.4505
31
1.719999999664724
12
-1.817990150194441
22
1.4505
32
1.749999999664724
13
-1.817990150194441
23
1.4205
33
1.749999999664724
0
3DFACE
5
DCB2
330
D818
100
AcDbEntity
100
AcDbFace
8
EKP_VODAFONE_RRU
10
-1.6060401487326372
20
1.4205
30
1.719999999664724
11
-1.6060401487326372
21
1.4505
31
1.719999999664724
12
-1.6060401487326372
22
1.4505
32
1.749999999664724
13
-1.6060401487326372
23
1.4205
33
1.749999999664724
0
LINE
5
DCB3
330
D818
100
AcDbEntity
100
AcDbLine
8
EKP_VODAFONE_RRU
10
-1.817990150194441
20
1.4205
30
1.719999999664724
11
-1.6060401487326372
21
1.4205
31
1.719999999664724
0
LINE
5
DCB4
330
D818
100
AcDbEntity
100
AcDbLine
8
EKP_VODAFONE_RRU
10
-1.6060401487326372
20
1.4205
30
1.719999999664724
11
-1.6060401487326372
21
1.4505
31
1.719999999664724
0
LINE
5
DCB5
330
D818
100
AcDbEntity
100
AcDbLine
8
EKP_VODAFONE_RRU
10
-1.6060401487326372
20
1.4505
30
1.719999999664724
11
-1.817990150194441
21
1.4505
31
1.719999999664724
0
LINE
5
DCB6
330
D818
100
AcDbEntity
100
AcDbLine
8
EKP_VODAFONE_RRU
10
-1.817990150194441
20
1.4505
30
1.719999999664724
11
-1.817990150194441
21
1.4205
31
1.719999999664724
0
LINE
5
DCB7
330
D818
100
AcDbEntity
100
AcDbLine
8
EKP_VODAFONE_RRU
10
-1.817990150194441
20
1.4205
30
1.749999999664724
11
-1.6060401487326372
21
1.4205
31
1.749999999664724
0
LINE
5
DCB8
330
D818
100
AcDbEntity
100
AcDbLine
8
EKP_VODAFONE_RRU
10
-1.6060401487326372
20
1.4205
30
1.749999999664724
11
-1.6060401487326372
21
1.4505
31
1.749999999664724
0
LINE
5
DCB9
330
D818
100
AcDbEntity
100
AcDbLine
8
EKP_VODAFONE_RRU
10
-1.6060401487326372
20
1.4505
30
1.749999999664724
11
-1.817990150194441
21
1.4505
31
1.749999999664724
0
LINE
5
DCBA
330
D818
100
AcDbEntity
100
AcDbLine
8
EKP_VODAFONE_RRU
10
-1.817990150194441
20
1.4505
30
1.749999999664724
11
-1.817990150194441
21
1.4205
31
1.749999999664724
0
LINE
5
DCBB
330
D818
100
AcDbEntity
100
AcDbLine
8
EKP_VODAFONE_RRU
10
-1.817990150194441
20
1.4205
30
1.719999999664724
11
-1.817990150194441
21
1.4205
31
1.749999999664724
0
LINE
5
DCBC
330
D818
100
AcDbEntity
100
AcDbLine
8
EKP_VODAFONE_RRU
10
-1.6060401487326372
20
1.4205
30
1.719999999664724
11
-1.6060401487326372
21
1.4205
31
1.749999999664724
0
LINE
5
DCBD
330
D818
100
AcDbEntity
100
AcDbLine
8
EKP_VODAFONE_RRU
10
-1.6060401487326372
20
1.4505
30
1.719999999664724
11
-1.6060401487326372
21
1.4505
31
1.749999999664724
0
LINE
5
DCBE
330
D818
100
AcDbEntity
100
AcDbLine
8
EKP_VODAFONE_RRU
10
-1.817990150194441
20
1.4505
30
1.719999999664724
11
-1.817990150194441
21
1.4505
31
1.749999999664724
0
LINE
5
DCBF
330
D818
100
AcDbEntity
100
AcDbLine
8
EKP_VODAFONE_RRU
10
-1.8062151501132298
20
1.4355
30
1.719999999664724
11
-1.6178151488138486
21
1.4355
31
1.719999999664724
0
LINE
5
DCC0
330
D818
100
AcDbEntity
100
AcDbLine
8
EKP_VODAFONE_RRU
10
-1.7120151494635392
20
1.4074999998807907
30
1.719999999664724
11
-1.7120151494635392
21
1.4635000001192093
31
1.719999999664724
0
TEXT
5
DCC1
330
D818
100
AcDbEntity
100
AcDbText
8
EKP_VODAFONE_RRU
10
-1.7120151494635392
20
1.4668600001335144
30
0
40
0.03920000016689301
1
Vodafone NR RRU5818w (#4) (Ust Kot)
50
0
7
STANDARD
72
1
11
-1.7120151494635392
21
1.4668600001335144
31
0
100
AcDbText
73
2
0
3DFACE
5
DCC2
330
D818
100
AcDbEntity
100
AcDbFace
8
EKP_VODAFONE_RRU
10
-1.9475151510877657
20
1.193
30
1.2100000053644182
11
-1.4765151478393126
21
1.193
31
1.2100000053644182
12
-1.4765151478393126
22
1.318
32
1.2100000053644182
13
-1.9475151510877657
23
1.318
33
1.2100000053644182
0
3DFACE
5
DCC3
330
D818
100
AcDbEntity
100
AcDbFace
8
EKP_VODAFONE_RRU
10
-1.9475151510877657
20
1.193
30
1.719999999664724
11
-1.4765151478393126
21
1.193
31
1.719999999664724
12
-1.4765151478393126
22
1.318
32
1.719999999664724
13
-1.9475151510877657
23
1.318
33
1.719999999664724
0
3DFACE
5
DCC4
330
D818
100
AcDbEntity
100
AcDbFace
8
EKP_VODAFONE_RRU
10
-1.9475151510877657
20
1.193
30
1.2100000053644182
11
-1.4765151478393126
21
1.193
31
1.2100000053644182
12
-1.4765151478393126
22
1.193
32
1.719999999664724
13
-1.9475151510877657
23
1.193
33
1.719999999664724
0
3DFACE
5
DCC5
330
D818
100
AcDbEntity
100
AcDbFace
8
EKP_VODAFONE_RRU
10
-1.9475151510877657
20
1.318
30
1.2100000053644182
11
-1.4765151478393126
21
1.318
31
1.2100000053644182
12
-1.4765151478393126
22
1.318
32
1.719999999664724
13
-1.9475151510877657
23
1.318
33
1.719999999664724
0
3DFACE
5
DCC6
330
D818
100
AcDbEntity
100
AcDbFace
8
EKP_VODAFONE_RRU
10
-1.9475151510877657
20
1.193
30
1.2100000053644182
11
-1.9475151510877657
21
1.318
31
1.2100000053644182
12
-1.9475151510877657
22
1.318
32
1.719999999664724
13
-1.9475151510877657
23
1.193
33
1.719999999664724
0
3DFACE
5
DCC7
330
D818
100
AcDbEntity
100
AcDbFace
8
EKP_VODAFONE_RRU
10
-1.4765151478393126
20
1.193
30
1.2100000053644182
11
-1.4765151478393126
21
1.318
31
1.2100000053644182
12
-1.4765151478393126
22
1.318
32
1.719999999664724
13
-1.4765151478393126
23
1.193
33
1.719999999664724
0
LINE
5
DCC8
330
D818
100
AcDbEntity
100
AcDbLine
8
EKP_VODAFONE_RRU
10
-1.9475151510877657
20
1.193
30
1.2100000053644182
11
-1.4765151478393126
21
1.193
31
1.2100000053644182
0
LINE
5
DCC9
330
D818
100
AcDbEntity
100
AcDbLine
8
EKP_VODAFONE_RRU
10
-1.4765151478393126
20
1.193
30
1.2100000053644182
11
-1.4765151478393126
21
1.318
31
1.2100000053644182
0
LINE
5
DCCA
330
D818
100
AcDbEntity
100
AcDbLine
8
EKP_VODAFONE_RRU
10
-1.4765151478393126
20
1.318
30
1.2100000053644182
11
-1.9475151510877657
21
1.318
31
1.2100000053644182
0
LINE
5
DCCB
330
D818
100
AcDbEntity
100
AcDbLine
8
EKP_VODAFONE_RRU
10
-1.9475151510877657
20
1.318
30
1.2100000053644182
11
-1.9475151510877657
21
1.193
31
1.2100000053644182
0
LINE
5
DCCC
330
D818
100
AcDbEntity
100
AcDbLine
8
EKP_VODAFONE_RRU
10
-1.9475151510877657
20
1.193
30
1.719999999664724
11
-1.4765151478393126
21
1.193
31
1.719999999664724
0
LINE
5
DCCD
330
D818
100
AcDbEntity
100
AcDbLine
8
EKP_VODAFONE_RRU
10
-1.4765151478393126
20
1.193
30
1.719999999664724
11
-1.4765151478393126
21
1.318
31
1.719999999664724
0
LINE
5
DCCE
330
D818
100
AcDbEntity
100
AcDbLine
8
EKP_VODAFONE_RRU
10
-1.4765151478393126
20
1.318
30
1.719999999664724
11
-1.9475151510877657
21
1.318
31
1.719999999664724
0
LINE
5
DCCF
330
D818
100
AcDbEntity
100
AcDbLine
8
EKP_VODAFONE_RRU
10
-1.9475151510877657
20
1.318
30
1.719999999664724
11
-1.9475151510877657
21
1.193
31
1.719999999664724
0
LINE
5
DCD0
330
D818
100
AcDbEntity
100
AcDbLine
8
EKP_VODAFONE_RRU
10
-1.9475151510877657
20
1.193
30
1.2100000053644182
11
-1.9475151510877657
21
1.193
31
1.719999999664724
0
LINE
5
DCD1
330
D818
100
AcDbEntity
100
AcDbLine
8
EKP_VODAFONE_RRU
10
-1.4765151478393126
20
1.193
30
1.2100000053644182
11
-1.4765151478393126
21
1.193
31
1.719999999664724
0
LINE
5
DCD2
330
D818
100
AcDbEntity
100
AcDbLine
8
EKP_VODAFONE_RRU
10
-1.4765151478393126
20
1.318
30
1.2100000053644182
11
-1.4765151478393126
21
1.318
31
1.719999999664724
0
LINE
5
DCD3
330
D818
100
AcDbEntity
100
AcDbLine
8
EKP_VODAFONE_RRU
10
-1.9475151510877657
20
1.318
30
1.2100000053644182
11
-1.9475151510877657
21
1.318
31
1.719999999664724
0
3DFACE
5
DCD4
330
D818
100
AcDbEntity
100
AcDbFace
8
EKP_VODAFONE_RRU
10
-1.817990150194441
20
1.2405000000000002
30
1.719999999664724
11
-1.6060401487326372
21
1.2405000000000002
31
1.719999999664724
12
-1.6060401487326372
22
1.2705
32
1.719999999664724
13
-1.817990150194441
23
1.2705
33
1.719999999664724
0
3DFACE
5
DCD5
330
D818
100
AcDbEntity
100
AcDbFace
8
EKP_VODAFONE_RRU
10
-1.817990150194441
20
1.2405000000000002
30
1.749999999664724
11
-1.6060401487326372
21
1.2405000000000002
31
1.749999999664724
12
-1.6060401487326372
22
1.2705
32
1.749999999664724
13
-1.817990150194441
23
1.2705
33
1.749999999664724
0
3DFACE
5
DCD6
330
D818
100
AcDbEntity
100
AcDbFace
8
EKP_VODAFONE_RRU
10
-1.817990150194441
20
1.2405000000000002
30
1.719999999664724
11
-1.6060401487326372
21
1.2405000000000002
31
1.719999999664724
12
-1.6060401487326372
22
1.2405000000000002
32
1.749999999664724
13
-1.817990150194441
23
1.2405000000000002
33
1.749999999664724
0
3DFACE
5
DCD7
330
D818
100
AcDbEntity
100
AcDbFace
8
EKP_VODAFONE_RRU
10
-1.817990150194441
20
1.2705
30
1.719999999664724
11
-1.6060401487326372
21
1.2705
31
1.719999999664724
12
-1.6060401487326372
22
1.2705
32
1.749999999664724
13
-1.817990150194441
23
1.2705
33
1.749999999664724
0
3DFACE
5
DCD8
330
D818
100
AcDbEntity
100
AcDbFace
8
EKP_VODAFONE_RRU
10
-1.817990150194441
20
1.2405000000000002
30
1.719999999664724
11
-1.817990150194441
21
1.2705
31
1.719999999664724
12
-1.817990150194441
22
1.2705
32
1.749999999664724
13
-1.817990150194441
23
1.2405000000000002
33
1.749999999664724
0
3DFACE
5
DCD9
330
D818
100
AcDbEntity
100
AcDbFace
8
EKP_VODAFONE_RRU
10
-1.6060401487326372
20
1.2405000000000002
30
1.719999999664724
11
-1.6060401487326372
21
1.2705
31
1.719999999664724
12
-1.6060401487326372
22
1.2705
32
1.749999999664724
13
-1.6060401487326372
23
1.2405000000000002
33
1.749999999664724
0
LINE
5
DCDA
330
D818
100
AcDbEntity
100
AcDbLine
8
EKP_VODAFONE_RRU
10
-1.817990150194441
20
1.2405000000000002
30
1.719999999664724
11
-1.6060401487326372
21
1.2405000000000002
31
1.719999999664724
0
LINE
5
DCDB
330
D818
100
AcDbEntity
100
AcDbLine
8
EKP_VODAFONE_RRU
10
-1.6060401487326372
20
1.2405000000000002
30
1.719999999664724
11
-1.6060401487326372
21
1.2705
31
1.719999999664724
0
LINE
5
DCDC
330
D818
100
AcDbEntity
100
AcDbLine
8
EKP_VODAFONE_RRU
10
-1.6060401487326372
20
1.2705
30
1.719999999664724
11
-1.817990150194441
21
1.2705
31
1.719999999664724
0
LINE
5
DCDD
330
D818
100
AcDbEntity
100
AcDbLine
8
EKP_VODAFONE_RRU
10
-1.817990150194441
20
1.2705
30
1.719999999664724
11
-1.817990150194441
21
1.2405000000000002
31
1.719999999664724
0
LINE
5
DCDE
330
D818
100
AcDbEntity
100
AcDbLine
8
EKP_VODAFONE_RRU
10
-1.817990150194441
20
1.2405000000000002
30
1.749999999664724
11
-1.6060401487326372
21
1.2405000000000002
31
1.749999999664724
0
LINE
5
DCDF
330
D818
100
AcDbEntity
100
AcDbLine
8
EKP_VODAFONE_RRU
10
-1.6060401487326372
20
1.2405000000000002
30
1.749999999664724
11
-1.6060401487326372
21
1.2705
31
1.749999999664724
0
LINE
5
DCE0
330
D818
100
AcDbEntity
100
AcDbLine
8
EKP_VODAFONE_RRU
10
-1.6060401487326372
20
1.2705
30
1.749999999664724
11
-1.817990150194441
21
1.2705
31
1.749999999664724
0
LINE
5
DCE1
330
D818
100
AcDbEntity
100
AcDbLine
8
EKP_VODAFONE_RRU
10
-1.817990150194441
20
1.2705
30
1.749999999664724
11
-1.817990150194441
21
1.2405000000000002
31
1.749999999664724
0
LINE
5
DCE2
330
D818
100
AcDbEntity
100
AcDbLine
8
EKP_VODAFONE_RRU
10
-1.817990150194441
20
1.2405000000000002
30
1.719999999664724
11
-1.817990150194441
21
1.2405000000000002
31
1.749999999664724
0
LINE
5
DCE3
330
D818
100
AcDbEntity
100
AcDbLine
8
EKP_VODAFONE_RRU
10
-1.6060401487326372
20
1.2405000000000002
30
1.719999999664724
11
-1.6060401487326372
21
1.2405000000000002
31
1.749999999664724
0
LINE
5
DCE4
330
D818
100
AcDbEntity
100
AcDbLine
8
EKP_VODAFONE_RRU
10
-1.6060401487326372
20
1.2705
30
1.719999999664724
11
-1.6060401487326372
21
1.2705
31
1.749999999664724
0
LINE
5
DCE5
330
D818
100
AcDbEntity
100
AcDbLine
8
EKP_VODAFONE_RRU
10
-1.817990150194441
20
1.2705
30
1.719999999664724
11
-1.817990150194441
21
1.2705
31
1.749999999664724
0
LINE
5
DCE6
330
D818
100
AcDbEntity
100
AcDbLine
8
EKP_VODAFONE_RRU
10
-1.8062151501132298
20
1.2555
30
1.719999999664724
11
-1.6178151488138486
21
1.2555
31
1.719999999664724
0
LINE
5
DCE7
330
D818
100
AcDbEntity
100
AcDbLine
8
EKP_VODAFONE_RRU
10
-1.7120151494635392
20
1.2305000000000001
30
1.719999999664724
11
-1.7120151494635392
21
1.2805
31
1.719999999664724
0
TEXT
5
DCE8
330
D818
100
AcDbEntity
100
AcDbText
8
EKP_VODAFONE_RRU
10
-1.7120151494635392
20
1.2835
30
0
40
0.035
1
Vodafone RRU5526et (#5) (Ust Kot)
50
0
7
STANDARD
72
1
11
-1.7120151494635392
21
1.2835
31
0
100
AcDbText
73
2
0
3DFACE
5
DBB1
330
D818
100
AcDbEntity
100
AcDbFace
8
EKP_TURK_TELEKOM_RRU
10
-1.9475151510877657
20
1.1854999997019768
30
0.510000005364418
11
-1.4765151478393126
21
1.1854999997019768
31
0.510000005364418
12
-1.4765151478393126
22
1.3255000002980233
32
0.510000005364418
13
-1.9475151510877657
23
1.3255000002980233
33
0.510000005364418
0
3DFACE
5
DBB2
330
D818
100
AcDbEntity
100
AcDbFace
8
EKP_TURK_TELEKOM_RRU
10
-1.9475151510877657
20
1.1854999997019768
30
1.0199999996647238
11
-1.4765151478393126
21
1.1854999997019768
31
1.0199999996647238
12
-1.4765151478393126
22
1.3255000002980233
32
1.0199999996647238
13
-1.9475151510877657
23
1.3255000002980233
33
1.0199999996647238
0
3DFACE
5
DBB3
330
D818
100
AcDbEntity
100
AcDbFace
8
EKP_TURK_TELEKOM_RRU
10
-1.9475151510877657
20
1.1854999997019768
30
0.510000005364418
11
-1.4765151478393126
21
1.1854999997019768
31
0.510000005364418
12
-1.4765151478393126
22
1.1854999997019768
32
1.0199999996647238
13
-1.9475151510877657
23
1.1854999997019768
33
1.0199999996647238
0
3DFACE
5
DBB4
330
D818
100
AcDbEntity
100
AcDbFace
8
EKP_TURK_TELEKOM_RRU
10
-1.9475151510877657
20
1.3255000002980233
30
0.510000005364418
11
-1.4765151478393126
21
1.3255000002980233
31
0.510000005364418
12
-1.4765151478393126
22
1.3255000002980233
32
1.0199999996647238
13
-1.9475151510877657
23
1.3255000002980233
33
1.0199999996647238
0
3DFACE
5
DBB5
330
D818
100
AcDbEntity
100
AcDbFace
8
EKP_TURK_TELEKOM_RRU
10
-1.9475151510877657
20
1.1854999997019768
30
0.510000005364418
11
-1.9475151510877657
21
1.3255000002980233
31
0.510000005364418
12
-1.9475151510877657
22
1.3255000002980233
32
1.0199999996647238
13
-1.9475151510877657
23
1.1854999997019768
33
1.0199999996647238
0
3DFACE
5
DBB6
330
D818
100
AcDbEntity
100
AcDbFace
8
EKP_TURK_TELEKOM_RRU
10
-1.4765151478393126
20
1.1854999997019768
30
0.510000005364418
11
-1.4765151478393126
21
1.3255000002980233
31
0.510000005364418
12
-1.4765151478393126
22
1.3255000002980233
32
1.0199999996647238
13
-1.4765151478393126
23
1.1854999997019768
33
1.0199999996647238
0
LINE
5
DBB7
330
D818
100
AcDbEntity
100
AcDbLine
8
EKP_TURK_TELEKOM_RRU
10
-1.9475151510877657
20
1.1854999997019768
30
0.510000005364418
11
-1.4765151478393126
21
1.1854999997019768
31
0.510000005364418
0
LINE
5
DBB8
330
D818
100
AcDbEntity
100
AcDbLine
8
EKP_TURK_TELEKOM_RRU
10
-1.4765151478393126
20
1.1854999997019768
30
0.510000005364418
11
-1.4765151478393126
21
1.3255000002980233
31
0.510000005364418
0
LINE
5
DBB9
330
D818
100
AcDbEntity
100
AcDbLine
8
EKP_TURK_TELEKOM_RRU
10
-1.4765151478393126
20
1.3255000002980233
30
0.510000005364418
11
-1.9475151510877657
21
1.3255000002980233
31
0.510000005364418
0
LINE
5
DBBA
330
D818
100
AcDbEntity
100
AcDbLine
8
EKP_TURK_TELEKOM_RRU
10
-1.9475151510877657
20
1.3255000002980233
30
0.510000005364418
11
-1.9475151510877657
21
1.1854999997019768
31
0.510000005364418
0
LINE
5
DBBB
330
D818
100
AcDbEntity
100
AcDbLine
8
EKP_TURK_TELEKOM_RRU
10
-1.9475151510877657
20
1.1854999997019768
30
1.0199999996647238
11
-1.4765151478393126
21
1.1854999997019768
31
1.0199999996647238
0
LINE
5
DBBC
330
D818
100
AcDbEntity
100
AcDbLine
8
EKP_TURK_TELEKOM_RRU
10
-1.4765151478393126
20
1.1854999997019768
30
1.0199999996647238
11
-1.4765151478393126
21
1.3255000002980233
31
1.0199999996647238
0
LINE
5
DBBD
330
D818
100
AcDbEntity
100
AcDbLine
8
EKP_TURK_TELEKOM_RRU
10
-1.4765151478393126
20
1.3255000002980233
30
1.0199999996647238
11
-1.9475151510877657
21
1.3255000002980233
31
1.0199999996647238
0
LINE
5
DBBE
330
D818
100
AcDbEntity
100
AcDbLine
8
EKP_TURK_TELEKOM_RRU
10
-1.9475151510877657
20
1.3255000002980233
30
1.0199999996647238
11
-1.9475151510877657
21
1.1854999997019768
31
1.0199999996647238
0
LINE
5
DBBF
330
D818
100
AcDbEntity
100
AcDbLine
8
EKP_TURK_TELEKOM_RRU
10
-1.9475151510877657
20
1.1854999997019768
30
0.510000005364418
11
-1.9475151510877657
21
1.1854999997019768
31
1.0199999996647238
0
LINE
5
DBC0
330
D818
100
AcDbEntity
100
AcDbLine
8
EKP_TURK_TELEKOM_RRU
10
-1.4765151478393126
20
1.1854999997019768
30
0.510000005364418
11
-1.4765151478393126
21
1.1854999997019768
31
1.0199999996647238
0
LINE
5
DBC1
330
D818
100
AcDbEntity
100
AcDbLine
8
EKP_TURK_TELEKOM_RRU
10
-1.4765151478393126
20
1.3255000002980233
30
0.510000005364418
11
-1.4765151478393126
21
1.3255000002980233
31
1.0199999996647238
0
LINE
5
DBC2
330
D818
100
AcDbEntity
100
AcDbLine
8
EKP_TURK_TELEKOM_RRU
10
-1.9475151510877657
20
1.3255000002980233
30
0.510000005364418
11
-1.9475151510877657
21
1.3255000002980233
31
1.0199999996647238
0
3DFACE
5
DBC3
330
D818
100
AcDbEntity
100
AcDbFace
8
EKP_TURK_TELEKOM_RRU
10
-1.817990150194441
20
1.2405000000000002
30
1.0199999996647238
11
-1.6060401487326372
21
1.2405000000000002
31
1.0199999996647238
12
-1.6060401487326372
22
1.2705
32
1.0199999996647238
13
-1.817990150194441
23
1.2705
33
1.0199999996647238
0
3DFACE
5
DBC4
330
D818
100
AcDbEntity
100
AcDbFace
8
EKP_TURK_TELEKOM_RRU
10
-1.817990150194441
20
1.2405000000000002
30
1.0499999996647238
11
-1.6060401487326372
21
1.2405000000000002
31
1.0499999996647238
12
-1.6060401487326372
22
1.2705
32
1.0499999996647238
13
-1.817990150194441
23
1.2705
33
1.0499999996647238
0
3DFACE
5
DBC5
330
D818
100
AcDbEntity
100
AcDbFace
8
EKP_TURK_TELEKOM_RRU
10
-1.817990150194441
20
1.2405000000000002
30
1.0199999996647238
11
-1.6060401487326372
21
1.2405000000000002
31
1.0199999996647238
12
-1.6060401487326372
22
1.2405000000000002
32
1.0499999996647238
13
-1.817990150194441
23
1.2405000000000002
33
1.0499999996647238
0
3DFACE
5
DBC6
330
D818
100
AcDbEntity
100
AcDbFace
8
EKP_TURK_TELEKOM_RRU
10
-1.817990150194441
20
1.2705
30
1.0199999996647238
11
-1.6060401487326372
21
1.2705
31
1.0199999996647238
12
-1.6060401487326372
22
1.2705
32
1.0499999996647238
13
-1.817990150194441
23
1.2705
33
1.0499999996647238
0
3DFACE
5
DBC7
330
D818
100
AcDbEntity
100
AcDbFace
8
EKP_TURK_TELEKOM_RRU
10
-1.817990150194441
20
1.2405000000000002
30
1.0199999996647238
11
-1.817990150194441
21
1.2705
31
1.0199999996647238
12
-1.817990150194441
22
1.2705
32
1.0499999996647238
13
-1.817990150194441
23
1.2405000000000002
33
1.0499999996647238
0
3DFACE
5
DBC8
330
D818
100
AcDbEntity
100
AcDbFace
8
EKP_TURK_TELEKOM_RRU
10
-1.6060401487326372
20
1.2405000000000002
30
1.0199999996647238
11
-1.6060401487326372
21
1.2705
31
1.0199999996647238
12
-1.6060401487326372
22
1.2705
32
1.0499999996647238
13
-1.6060401487326372
23
1.2405000000000002
33
1.0499999996647238
0
LINE
5
DBC9
330
D818
100
AcDbEntity
100
AcDbLine
8
EKP_TURK_TELEKOM_RRU
10
-1.817990150194441
20
1.2405000000000002
30
1.0199999996647238
11
-1.6060401487326372
21
1.2405000000000002
31
1.0199999996647238
0
LINE
5
DBCA
330
D818
100
AcDbEntity
100
AcDbLine
8
EKP_TURK_TELEKOM_RRU
10
-1.6060401487326372
20
1.2405000000000002
30
1.0199999996647238
11
-1.6060401487326372
21
1.2705
31
1.0199999996647238
0
LINE
5
DBCB
330
D818
100
AcDbEntity
100
AcDbLine
8
EKP_TURK_TELEKOM_RRU
10
-1.6060401487326372
20
1.2705
30
1.0199999996647238
11
-1.817990150194441
21
1.2705
31
1.0199999996647238
0
LINE
5
DBCC
330
D818
100
AcDbEntity
100
AcDbLine
8
EKP_TURK_TELEKOM_RRU
10
-1.817990150194441
20
1.2705
30
1.0199999996647238
11
-1.817990150194441
21
1.2405000000000002
31
1.0199999996647238
0
LINE
5
DBCD
330
D818
100
AcDbEntity
100
AcDbLine
8
EKP_TURK_TELEKOM_RRU
10
-1.817990150194441
20
1.2405000000000002
30
1.0499999996647238
11
-1.6060401487326372
21
1.2405000000000002
31
1.0499999996647238
0
LINE
5
DBCE
330
D818
100
AcDbEntity
100
AcDbLine
8
EKP_TURK_TELEKOM_RRU
10
-1.6060401487326372
20
1.2405000000000002
30
1.0499999996647238
11
-1.6060401487326372
21
1.2705
31
1.0499999996647238
0
LINE
5
DBCF
330
D818
100
AcDbEntity
100
AcDbLine
8
EKP_TURK_TELEKOM_RRU
10
-1.6060401487326372
20
1.2705
30
1.0499999996647238
11
-1.817990150194441
21
1.2705
31
1.0499999996647238
0
LINE
5
DBD0
330
D818
100
AcDbEntity
100
AcDbLine
8
EKP_TURK_TELEKOM_RRU
10
-1.817990150194441
20
1.2705
30
1.0499999996647238
11
-1.817990150194441
21
1.2405000000000002
31
1.0499999996647238
0
LINE
5
DBD1
330
D818
100
AcDbEntity
100
AcDbLine
8
EKP_TURK_TELEKOM_RRU
10
-1.817990150194441
20
1.2405000000000002
30
1.0199999996647238
11
-1.817990150194441
21
1.2405000000000002
31
1.0499999996647238
0
LINE
5
DBD2
330
D818
100
AcDbEntity
100
AcDbLine
8
EKP_TURK_TELEKOM_RRU
10
-1.6060401487326372
20
1.2405000000000002
30
1.0199999996647238
11
-1.6060401487326372
21
1.2405000000000002
31
1.0499999996647238
0
LINE
5
DBD3
330
D818
100
AcDbEntity
100
AcDbLine
8
EKP_TURK_TELEKOM_RRU
10
-1.6060401487326372
20
1.2705
30
1.0199999996647238
11
-1.6060401487326372
21
1.2705
31
1.0499999996647238
0
LINE
5
DBD4
330
D818
100
AcDbEntity
100
AcDbLine
8
EKP_TURK_TELEKOM_RRU
10
-1.817990150194441
20
1.2705
30
1.0199999996647238
11
-1.817990150194441
21
1.2705
31
1.0499999996647238
0
LINE
5
DBD5
330
D818
100
AcDbEntity
100
AcDbLine
8
EKP_TURK_TELEKOM_RRU
10
-1.8062151501132298
20
1.2555
30
1.0199999996647238
11
-1.6178151488138486
21
1.2555
31
1.0199999996647238
0
LINE
5
DBD6
330
D818
100
AcDbEntity
100
AcDbLine
8
EKP_TURK_TELEKOM_RRU
10
-1.7120151494635392
20
1.2274999998807907
30
1.0199999996647238
11
-1.7120151494635392
21
1.2835000001192094
31
1.0199999996647238
0
TEXT
5
DBD7
330
D818
100
AcDbEntity
100
AcDbText
8
EKP_TURK_TELEKOM_RRU
10
-1.7120151494635392
20
1.2868600001335144
30
0
40
0.03920000016689301
1
Turk Telekom RRU5527 (#1) (Alt Kot)
50
0
7
STANDARD
72
1
11
-1.7120151494635392
21
1.2868600001335144
31
0
100
AcDbText
73
2
0
3DFACE
5
DBD8
330
D818
100
AcDbEntity
100
AcDbFace
8
EKP_TURK_TELEKOM_RRU
10
-1.9475151510877657
20
1.0054999997019767
30
0.510000005364418
11
-1.4765151478393126
21
1.0054999997019767
31
0.510000005364418
12
-1.4765151478393126
22
1.1455000002980233
32
0.510000005364418
13
-1.9475151510877657
23
1.1455000002980233
33
0.510000005364418
0
3DFACE
5
DBD9
330
D818
100
AcDbEntity
100
AcDbFace
8
EKP_TURK_TELEKOM_RRU
10
-1.9475151510877657
20
1.0054999997019767
30
1.0199999996647238
11
-1.4765151478393126
21
1.0054999997019767
31
1.0199999996647238
12
-1.4765151478393126
22
1.1455000002980233
32
1.0199999996647238
13
-1.9475151510877657
23
1.1455000002980233
33
1.0199999996647238
0
3DFACE
5
DBDA
330
D818
100
AcDbEntity
100
AcDbFace
8
EKP_TURK_TELEKOM_RRU
10
-1.9475151510877657
20
1.0054999997019767
30
0.510000005364418
11
-1.4765151478393126
21
1.0054999997019767
31
0.510000005364418
12
-1.4765151478393126
22
1.0054999997019767
32
1.0199999996647238
13
-1.9475151510877657
23
1.0054999997019767
33
1.0199999996647238
0
3DFACE
5
DBDB
330
D818
100
AcDbEntity
100
AcDbFace
8
EKP_TURK_TELEKOM_RRU
10
-1.9475151510877657
20
1.1455000002980233
30
0.510000005364418
11
-1.4765151478393126
21
1.1455000002980233
31
0.510000005364418
12
-1.4765151478393126
22
1.1455000002980233
32
1.0199999996647238
13
-1.9475151510877657
23
1.1455000002980233
33
1.0199999996647238
0
3DFACE
5
DBDC
330
D818
100
AcDbEntity
100
AcDbFace
8
EKP_TURK_TELEKOM_RRU
10
-1.9475151510877657
20
1.0054999997019767
30
0.510000005364418
11
-1.9475151510877657
21
1.1455000002980233
31
0.510000005364418
12
-1.9475151510877657
22
1.1455000002980233
32
1.0199999996647238
13
-1.9475151510877657
23
1.0054999997019767
33
1.0199999996647238
0
3DFACE
5
DBDD
330
D818
100
AcDbEntity
100
AcDbFace
8
EKP_TURK_TELEKOM_RRU
10
-1.4765151478393126
20
1.0054999997019767
30
0.510000005364418
11
-1.4765151478393126
21
1.1455000002980233
31
0.510000005364418
12
-1.4765151478393126
22
1.1455000002980233
32
1.0199999996647238
13
-1.4765151478393126
23
1.0054999997019767
33
1.0199999996647238
0
LINE
5
DBDE
330
D818
100
AcDbEntity
100
AcDbLine
8
EKP_TURK_TELEKOM_RRU
10
-1.9475151510877657
20
1.0054999997019767
30
0.510000005364418
11
-1.4765151478393126
21
1.0054999997019767
31
0.510000005364418
0
LINE
5
DBDF
330
D818
100
AcDbEntity
100
AcDbLine
8
EKP_TURK_TELEKOM_RRU
10
-1.4765151478393126
20
1.0054999997019767
30
0.510000005364418
11
-1.4765151478393126
21
1.1455000002980233
31
0.510000005364418
0
LINE
5
DBE0
330
D818
100
AcDbEntity
100
AcDbLine
8
EKP_TURK_TELEKOM_RRU
10
-1.4765151478393126
20
1.1455000002980233
30
0.510000005364418
11
-1.9475151510877657
21
1.1455000002980233
31
0.510000005364418
0
LINE
5
DBE1
330
D818
100
AcDbEntity
100
AcDbLine
8
EKP_TURK_TELEKOM_RRU
10
-1.9475151510877657
20
1.1455000002980233
30
0.510000005364418
11
-1.9475151510877657
21
1.0054999997019767
31
0.510000005364418
0
LINE
5
DBE2
330
D818
100
AcDbEntity
100
AcDbLine
8
EKP_TURK_TELEKOM_RRU
10
-1.9475151510877657
20
1.0054999997019767
30
1.0199999996647238
11
-1.4765151478393126
21
1.0054999997019767
31
1.0199999996647238
0
LINE
5
DBE3
330
D818
100
AcDbEntity
100
AcDbLine
8
EKP_TURK_TELEKOM_RRU
10
-1.4765151478393126
20
1.0054999997019767
30
1.0199999996647238
11
-1.4765151478393126
21
1.1455000002980233
31
1.0199999996647238
0
LINE
5
DBE4
330
D818
100
AcDbEntity
100
AcDbLine
8
EKP_TURK_TELEKOM_RRU
10
-1.4765151478393126
20
1.1455000002980233
30
1.0199999996647238
11
-1.9475151510877657
21
1.1455000002980233
31
1.0199999996647238
0
LINE
5
DBE5
330
D818
100
AcDbEntity
100
AcDbLine
8
EKP_TURK_TELEKOM_RRU
10
-1.9475151510877657
20
1.1455000002980233
30
1.0199999996647238
11
-1.9475151510877657
21
1.0054999997019767
31
1.0199999996647238
0
LINE
5
DBE6
330
D818
100
AcDbEntity
100
AcDbLine
8
EKP_TURK_TELEKOM_RRU
10
-1.9475151510877657
20
1.0054999997019767
30
0.510000005364418
11
-1.9475151510877657
21
1.0054999997019767
31
1.0199999996647238
0
LINE
5
DBE7
330
D818
100
AcDbEntity
100
AcDbLine
8
EKP_TURK_TELEKOM_RRU
10
-1.4765151478393126
20
1.0054999997019767
30
0.510000005364418
11
-1.4765151478393126
21
1.0054999997019767
31
1.0199999996647238
0
LINE
5
DBE8
330
D818
100
AcDbEntity
100
AcDbLine
8
EKP_TURK_TELEKOM_RRU
10
-1.4765151478393126
20
1.1455000002980233
30
0.510000005364418
11
-1.4765151478393126
21
1.1455000002980233
31
1.0199999996647238
0
LINE
5
DBE9
330
D818
100
AcDbEntity
100
AcDbLine
8
EKP_TURK_TELEKOM_RRU
10
-1.9475151510877657
20
1.1455000002980233
30
0.510000005364418
11
-1.9475151510877657
21
1.1455000002980233
31
1.0199999996647238
0
3DFACE
5
DBEA
330
D818
100
AcDbEntity
100
AcDbFace
8
EKP_TURK_TELEKOM_RRU
10
-1.817990150194441
20
1.0605
30
1.0199999996647238
11
-1.6060401487326372
21
1.0605
31
1.0199999996647238
12
-1.6060401487326372
22
1.0904999999999998
32
1.0199999996647238
13
-1.817990150194441
23
1.0904999999999998
33
1.0199999996647238
0
3DFACE
5
DBEB
330
D818
100
AcDbEntity
100
AcDbFace
8
EKP_TURK_TELEKOM_RRU
10
-1.817990150194441
20
1.0605
30
1.0499999996647238
11
-1.6060401487326372
21
1.0605
31
1.0499999996647238
12
-1.6060401487326372
22
1.0904999999999998
32
1.0499999996647238
13
-1.817990150194441
23
1.0904999999999998
33
1.0499999996647238
0
3DFACE
5
DBEC
330
D818
100
AcDbEntity
100
AcDbFace
8
EKP_TURK_TELEKOM_RRU
10
-1.817990150194441
20
1.0605
30
1.0199999996647238
11
-1.6060401487326372
21
1.0605
31
1.0199999996647238
12
-1.6060401487326372
22
1.0605
32
1.0499999996647238
13
-1.817990150194441
23
1.0605
33
1.0499999996647238
0
3DFACE
5
DBED
330
D818
100
AcDbEntity
100
AcDbFace
8
EKP_TURK_TELEKOM_RRU
10
-1.817990150194441
20
1.0904999999999998
30
1.0199999996647238
11
-1.6060401487326372
21
1.0904999999999998
31
1.0199999996647238
12
-1.6060401487326372
22
1.0904999999999998
32
1.0499999996647238
13
-1.817990150194441
23
1.0904999999999998
33
1.0499999996647238
0
3DFACE
5
DBEE
330
D818
100
AcDbEntity
100
AcDbFace
8
EKP_TURK_TELEKOM_RRU
10
-1.817990150194441
20
1.0605
30
1.0199999996647238
11
-1.817990150194441
21
1.0904999999999998
31
1.0199999996647238
12
-1.817990150194441
22
1.0904999999999998
32
1.0499999996647238
13
-1.817990150194441
23
1.0605
33
1.0499999996647238
0
3DFACE
5
DBEF
330
D818
100
AcDbEntity
100
AcDbFace
8
EKP_TURK_TELEKOM_RRU
10
-1.6060401487326372
20
1.0605
30
1.0199999996647238
11
-1.6060401487326372
21
1.0904999999999998
31
1.0199999996647238
12
-1.6060401487326372
22
1.0904999999999998
32
1.0499999996647238
13
-1.6060401487326372
23
1.0605
33
1.0499999996647238
0
LINE
5
DBF0
330
D818
100
AcDbEntity
100
AcDbLine
8
EKP_TURK_TELEKOM_RRU
10
-1.817990150194441
20
1.0605
30
1.0199999996647238
11
-1.6060401487326372
21
1.0605
31
1.0199999996647238
0
LINE
5
DBF1
330
D818
100
AcDbEntity
100
AcDbLine
8
EKP_TURK_TELEKOM_RRU
10
-1.6060401487326372
20
1.0605
30
1.0199999996647238
11
-1.6060401487326372
21
1.0904999999999998
31
1.0199999996647238
0
LINE
5
DBF2
330
D818
100
AcDbEntity
100
AcDbLine
8
EKP_TURK_TELEKOM_RRU
10
-1.6060401487326372
20
1.0904999999999998
30
1.0199999996647238
11
-1.817990150194441
21
1.0904999999999998
31
1.0199999996647238
0
LINE
5
DBF3
330
D818
100
AcDbEntity
100
AcDbLine
8
EKP_TURK_TELEKOM_RRU
10
-1.817990150194441
20
1.0904999999999998
30
1.0199999996647238
11
-1.817990150194441
21
1.0605
31
1.0199999996647238
0
LINE
5
DBF4
330
D818
100
AcDbEntity
100
AcDbLine
8
EKP_TURK_TELEKOM_RRU
10
-1.817990150194441
20
1.0605
30
1.0499999996647238
11
-1.6060401487326372
21
1.0605
31
1.0499999996647238
0
LINE
5
DBF5
330
D818
100
AcDbEntity
100
AcDbLine
8
EKP_TURK_TELEKOM_RRU
10
-1.6060401487326372
20
1.0605
30
1.0499999996647238
11
-1.6060401487326372
21
1.0904999999999998
31
1.0499999996647238
0
LINE
5
DBF6
330
D818
100
AcDbEntity
100
AcDbLine
8
EKP_TURK_TELEKOM_RRU
10
-1.6060401487326372
20
1.0904999999999998
30
1.0499999996647238
11
-1.817990150194441
21
1.0904999999999998
31
1.0499999996647238
0
LINE
5
DBF7
330
D818
100
AcDbEntity
100
AcDbLine
8
EKP_TURK_TELEKOM_RRU
10
-1.817990150194441
20
1.0904999999999998
30
1.0499999996647238
11
-1.817990150194441
21
1.0605
31
1.0499999996647238
0
LINE
5
DBF8
330
D818
100
AcDbEntity
100
AcDbLine
8
EKP_TURK_TELEKOM_RRU
10
-1.817990150194441
20
1.0605
30
1.0199999996647238
11
-1.817990150194441
21
1.0605
31
1.0499999996647238
0
LINE
5
DBF9
330
D818
100
AcDbEntity
100
AcDbLine
8
EKP_TURK_TELEKOM_RRU
10
-1.6060401487326372
20
1.0605
30
1.0199999996647238
11
-1.6060401487326372
21
1.0605
31
1.0499999996647238
0
LINE
5
DBFA
330
D818
100
AcDbEntity
100
AcDbLine
8
EKP_TURK_TELEKOM_RRU
10
-1.6060401487326372
20
1.0904999999999998
30
1.0199999996647238
11
-1.6060401487326372
21
1.0904999999999998
31
1.0499999996647238
0
LINE
5
DBFB
330
D818
100
AcDbEntity
100
AcDbLine
8
EKP_TURK_TELEKOM_RRU
10
-1.817990150194441
20
1.0904999999999998
30
1.0199999996647238
11
-1.817990150194441
21
1.0904999999999998
31
1.0499999996647238
0
LINE
5
DBFC
330
D818
100
AcDbEntity
100
AcDbLine
8
EKP_TURK_TELEKOM_RRU
10
-1.8062151501132298
20
1.0755
30
1.0199999996647238
11
-1.6178151488138486
21
1.0755
31
1.0199999996647238
0
LINE
5
DBFD
330
D818
100
AcDbEntity
100
AcDbLine
8
EKP_TURK_TELEKOM_RRU
10
-1.7120151494635392
20
1.0474999998807906
30
1.0199999996647238
11
-1.7120151494635392
21
1.1035000001192092
31
1.0199999996647238
0
TEXT
5
DBFE
330
D818
100
AcDbEntity
100
AcDbText
8
EKP_TURK_TELEKOM_RRU
10
-1.7120151494635392
20
1.1068600001335143
30
0
40
0.039200000166893074
1
Turk Telekom NR RRU5818W (#1) (Alt Kot)
50
0
7
STANDARD
72
1
11
-1.7120151494635392
21
1.1068600001335143
31
0
100
AcDbText
73
2
0
3DFACE
5
DBFF
330
D818
100
AcDbEntity
100
AcDbFace
8
EKP_TURK_TELEKOM_RRU
10
-1.9475151510877657
20
0.8254999997019767
30
0.510000005364418
11
-1.4765151478393126
21
0.8254999997019767
31
0.510000005364418
12
-1.4765151478393126
22
0.9655000002980233
32
0.510000005364418
13
-1.9475151510877657
23
0.9655000002980233
33
0.510000005364418
0
3DFACE
5
DC00
330
D818
100
AcDbEntity
100
AcDbFace
8
EKP_TURK_TELEKOM_RRU
10
-1.9475151510877657
20
0.8254999997019767
30
1.0199999996647238
11
-1.4765151478393126
21
0.8254999997019767
31
1.0199999996647238
12
-1.4765151478393126
22
0.9655000002980233
32
1.0199999996647238
13
-1.9475151510877657
23
0.9655000002980233
33
1.0199999996647238
0
3DFACE
5
DC01
330
D818
100
AcDbEntity
100
AcDbFace
8
EKP_TURK_TELEKOM_RRU
10
-1.9475151510877657
20
0.8254999997019767
30
0.510000005364418
11
-1.4765151478393126
21
0.8254999997019767
31
0.510000005364418
12
-1.4765151478393126
22
0.8254999997019767
32
1.0199999996647238
13
-1.9475151510877657
23
0.8254999997019767
33
1.0199999996647238
0
3DFACE
5
DC02
330
D818
100
AcDbEntity
100
AcDbFace
8
EKP_TURK_TELEKOM_RRU
10
-1.9475151510877657
20
0.9655000002980233
30
0.510000005364418
11
-1.4765151478393126
21
0.9655000002980233
31
0.510000005364418
12
-1.4765151478393126
22
0.9655000002980233
32
1.0199999996647238
13
-1.9475151510877657
23
0.9655000002980233
33
1.0199999996647238
0
3DFACE
5
DC03
330
D818
100
AcDbEntity
100
AcDbFace
8
EKP_TURK_TELEKOM_RRU
10
-1.9475151510877657
20
0.8254999997019767
30
0.510000005364418
11
-1.9475151510877657
21
0.9655000002980233
31
0.510000005364418
12
-1.9475151510877657
22
0.9655000002980233
32
1.0199999996647238
13
-1.9475151510877657
23
0.8254999997019767
33
1.0199999996647238
0
3DFACE
5
DC04
330
D818
100
AcDbEntity
100
AcDbFace
8
EKP_TURK_TELEKOM_RRU
10
-1.4765151478393126
20
0.8254999997019767
30
0.510000005364418
11
-1.4765151478393126
21
0.9655000002980233
31
0.510000005364418
12
-1.4765151478393126
22
0.9655000002980233
32
1.0199999996647238
13
-1.4765151478393126
23
0.8254999997019767
33
1.0199999996647238
0
LINE
5
DC05
330
D818
100
AcDbEntity
100
AcDbLine
8
EKP_TURK_TELEKOM_RRU
10
-1.9475151510877657
20
0.8254999997019767
30
0.510000005364418
11
-1.4765151478393126
21
0.8254999997019767
31
0.510000005364418
0
LINE
5
DC06
330
D818
100
AcDbEntity
100
AcDbLine
8
EKP_TURK_TELEKOM_RRU
10
-1.4765151478393126
20
0.8254999997019767
30
0.510000005364418
11
-1.4765151478393126
21
0.9655000002980233
31
0.510000005364418
0
LINE
5
DC07
330
D818
100
AcDbEntity
100
AcDbLine
8
EKP_TURK_TELEKOM_RRU
10
-1.4765151478393126
20
0.9655000002980233
30
0.510000005364418
11
-1.9475151510877657
21
0.9655000002980233
31
0.510000005364418
0
LINE
5
DC08
330
D818
100
AcDbEntity
100
AcDbLine
8
EKP_TURK_TELEKOM_RRU
10
-1.9475151510877657
20
0.9655000002980233
30
0.510000005364418
11
-1.9475151510877657
21
0.8254999997019767
31
0.510000005364418
0
LINE
5
DC09
330
D818
100
AcDbEntity
100
AcDbLine
8
EKP_TURK_TELEKOM_RRU
10
-1.9475151510877657
20
0.8254999997019767
30
1.0199999996647238
11
-1.4765151478393126
21
0.8254999997019767
31
1.0199999996647238
0
LINE
5
DC0A
330
D818
100
AcDbEntity
100
AcDbLine
8
EKP_TURK_TELEKOM_RRU
10
-1.4765151478393126
20
0.8254999997019767
30
1.0199999996647238
11
-1.4765151478393126
21
0.9655000002980233
31
1.0199999996647238
0
LINE
5
DC0B
330
D818
100
AcDbEntity
100
AcDbLine
8
EKP_TURK_TELEKOM_RRU
10
-1.4765151478393126
20
0.9655000002980233
30
1.0199999996647238
11
-1.9475151510877657
21
0.9655000002980233
31
1.0199999996647238
0
LINE
5
DC0C
330
D818
100
AcDbEntity
100
AcDbLine
8
EKP_TURK_TELEKOM_RRU
10
-1.9475151510877657
20
0.9655000002980233
30
1.0199999996647238
11
-1.9475151510877657
21
0.8254999997019767
31
1.0199999996647238
0
LINE
5
DC0D
330
D818
100
AcDbEntity
100
AcDbLine
8
EKP_TURK_TELEKOM_RRU
10
-1.9475151510877657
20
0.8254999997019767
30
0.510000005364418
11
-1.9475151510877657
21
0.8254999997019767
31
1.0199999996647238
0
LINE
5
DC0E
330
D818
100
AcDbEntity
100
AcDbLine
8
EKP_TURK_TELEKOM_RRU
10
-1.4765151478393126
20
0.8254999997019767
30
0.510000005364418
11
-1.4765151478393126
21
0.8254999997019767
31
1.0199999996647238
0
LINE
5
DC0F
330
D818
100
AcDbEntity
100
AcDbLine
8
EKP_TURK_TELEKOM_RRU
10
-1.4765151478393126
20
0.9655000002980233
30
0.510000005364418
11
-1.4765151478393126
21
0.9655000002980233
31
1.0199999996647238
0
LINE
5
DC10
330
D818
100
AcDbEntity
100
AcDbLine
8
EKP_TURK_TELEKOM_RRU
10
-1.9475151510877657
20
0.9655000002980233
30
0.510000005364418
11
-1.9475151510877657
21
0.9655000002980233
31
1.0199999996647238
0
3DFACE
5
DC11
330
D818
100
AcDbEntity
100
AcDbFace
8
EKP_TURK_TELEKOM_RRU
10
-1.817990150194441
20
0.8805
30
1.0199999996647238
11
-1.6060401487326372
21
0.8805
31
1.0199999996647238
12
-1.6060401487326372
22
0.9105
32
1.0199999996647238
13
-1.817990150194441
23
0.9105
33
1.0199999996647238
0
3DFACE
5
DC12
330
D818
100
AcDbEntity
100
AcDbFace
8
EKP_TURK_TELEKOM_RRU
10
-1.817990150194441
20
0.8805
30
1.0499999996647238
11
-1.6060401487326372
21
0.8805
31
1.0499999996647238
12
-1.6060401487326372
22
0.9105
32
1.0499999996647238
13
-1.817990150194441
23
0.9105
33
1.0499999996647238
0
3DFACE
5
DC13
330
D818
100
AcDbEntity
100
AcDbFace
8
EKP_TURK_TELEKOM_RRU
10
-1.817990150194441
20
0.8805
30
1.0199999996647238
11
-1.6060401487326372
21
0.8805
31
1.0199999996647238
12
-1.6060401487326372
22
0.8805
32
1.0499999996647238
13
-1.817990150194441
23
0.8805
33
1.0499999996647238
0
3DFACE
5
DC14
330
D818
100
AcDbEntity
100
AcDbFace
8
EKP_TURK_TELEKOM_RRU
10
-1.817990150194441
20
0.9105
30
1.0199999996647238
11
-1.6060401487326372
21
0.9105
31
1.0199999996647238
12
-1.6060401487326372
22
0.9105
32
1.0499999996647238
13
-1.817990150194441
23
0.9105
33
1.0499999996647238
0
3DFACE
5
DC15
330
D818
100
AcDbEntity
100
AcDbFace
8
EKP_TURK_TELEKOM_RRU
10
-1.817990150194441
20
0.8805
30
1.0199999996647238
11
-1.817990150194441
21
0.9105
31
1.0199999996647238
12
-1.817990150194441
22
0.9105
32
1.0499999996647238
13
-1.817990150194441
23
0.8805
33
1.0499999996647238
0
3DFACE
5
DC16
330
D818
100
AcDbEntity
100
AcDbFace
8
EKP_TURK_TELEKOM_RRU
10
-1.6060401487326372
20
0.8805
30
1.0199999996647238
11
-1.6060401487326372
21
0.9105
31
1.0199999996647238
12
-1.6060401487326372
22
0.9105
32
1.0499999996647238
13
-1.6060401487326372
23
0.8805
33
1.0499999996647238
0
LINE
5
DC17
330
D818
100
AcDbEntity
100
AcDbLine
8
EKP_TURK_TELEKOM_RRU
10
-1.817990150194441
20
0.8805
30
1.0199999996647238
11
-1.6060401487326372
21
0.8805
31
1.0199999996647238
0
LINE
5
DC18
330
D818
100
AcDbEntity
100
AcDbLine
8
EKP_TURK_TELEKOM_RRU
10
-1.6060401487326372
20
0.8805
30
1.0199999996647238
11
-1.6060401487326372
21
0.9105
31
1.0199999996647238
0
LINE
5
DC19
330
D818
100
AcDbEntity
100
AcDbLine
8
EKP_TURK_TELEKOM_RRU
10
-1.6060401487326372
20
0.9105
30
1.0199999996647238
11
-1.817990150194441
21
0.9105
31
1.0199999996647238
0
LINE
5
DC1A
330
D818
100
AcDbEntity
100
AcDbLine
8
EKP_TURK_TELEKOM_RRU
10
-1.817990150194441
20
0.9105
30
1.0199999996647238
11
-1.817990150194441
21
0.8805
31
1.0199999996647238
0
LINE
5
DC1B
330
D818
100
AcDbEntity
100
AcDbLine
8
EKP_TURK_TELEKOM_RRU
10
-1.817990150194441
20
0.8805
30
1.0499999996647238
11
-1.6060401487326372
21
0.8805
31
1.0499999996647238
0
LINE
5
DC1C
330
D818
100
AcDbEntity
100
AcDbLine
8
EKP_TURK_TELEKOM_RRU
10
-1.6060401487326372
20
0.8805
30
1.0499999996647238
11
-1.6060401487326372
21
0.9105
31
1.0499999996647238
0
LINE
5
DC1D
330
D818
100
AcDbEntity
100
AcDbLine
8
EKP_TURK_TELEKOM_RRU
10
-1.6060401487326372
20
0.9105
30
1.0499999996647238
11
-1.817990150194441
21
0.9105
31
1.0499999996647238
0
LINE
5
DC1E
330
D818
100
AcDbEntity
100
AcDbLine
8
EKP_TURK_TELEKOM_RRU
10
-1.817990150194441
20
0.9105
30
1.0499999996647238
11
-1.817990150194441
21
0.8805
31
1.0499999996647238
0
LINE
5
DC1F
330
D818
100
AcDbEntity
100
AcDbLine
8
EKP_TURK_TELEKOM_RRU
10
-1.817990150194441
20
0.8805
30
1.0199999996647238
11
-1.817990150194441
21
0.8805
31
1.0499999996647238
0
LINE
5
DC20
330
D818
100
AcDbEntity
100
AcDbLine
8
EKP_TURK_TELEKOM_RRU
10
-1.6060401487326372
20
0.8805
30
1.0199999996647238
11
-1.6060401487326372
21
0.8805
31
1.0499999996647238
0
LINE
5
DC21
330
D818
100
AcDbEntity
100
AcDbLine
8
EKP_TURK_TELEKOM_RRU
10
-1.6060401487326372
20
0.9105
30
1.0199999996647238
11
-1.6060401487326372
21
0.9105
31
1.0499999996647238
0
LINE
5
DC22
330
D818
100
AcDbEntity
100
AcDbLine
8
EKP_TURK_TELEKOM_RRU
10
-1.817990150194441
20
0.9105
30
1.0199999996647238
11
-1.817990150194441
21
0.9105
31
1.0499999996647238
0
LINE
5
DC23
330
D818
100
AcDbEntity
100
AcDbLine
8
EKP_TURK_TELEKOM_RRU
10
-1.8062151501132298
20
0.8955
30
1.0199999996647238
11
-1.6178151488138486
21
0.8955
31
1.0199999996647238
0
LINE
5
DC24
330
D818
100
AcDbEntity
100
AcDbLine
8
EKP_TURK_TELEKOM_RRU
10
-1.7120151494635392
20
0.8674999998807906
30
1.0199999996647238
11
-1.7120151494635392
21
0.9235000001192093
31
1.0199999996647238
0
TEXT
5
DC25
330
D818
100
AcDbEntity
100
AcDbText
8
EKP_TURK_TELEKOM_RRU
10
-1.7120151494635392
20
0.9268600001335144
30
0
40
0.03920000016689304
1
Turk Telekom RRU5527 (#2) (Alt Kot)
50
0
7
STANDARD
72
1
11
-1.7120151494635392
21
0.9268600001335144
31
0
100
AcDbText
73
2
0
3DFACE
5
DCE9
330
D818
100
AcDbEntity
100
AcDbFace
8
EKP_TURK_TELEKOM_RRU
10
-1.9475151510877657
20
1.0054999997019767
30
1.2100000053644182
11
-1.4765151478393126
21
1.0054999997019767
31
1.2100000053644182
12
-1.4765151478393126
22
1.1455000002980233
32
1.2100000053644182
13
-1.9475151510877657
23
1.1455000002980233
33
1.2100000053644182
0
3DFACE
5
DCEA
330
D818
100
AcDbEntity
100
AcDbFace
8
EKP_TURK_TELEKOM_RRU
10
-1.9475151510877657
20
1.0054999997019767
30
1.719999999664724
11
-1.4765151478393126
21
1.0054999997019767
31
1.719999999664724
12
-1.4765151478393126
22
1.1455000002980233
32
1.719999999664724
13
-1.9475151510877657
23
1.1455000002980233
33
1.719999999664724
0
3DFACE
5
DCEB
330
D818
100
AcDbEntity
100
AcDbFace
8
EKP_TURK_TELEKOM_RRU
10
-1.9475151510877657
20
1.0054999997019767
30
1.2100000053644182
11
-1.4765151478393126
21
1.0054999997019767
31
1.2100000053644182
12
-1.4765151478393126
22
1.0054999997019767
32
1.719999999664724
13
-1.9475151510877657
23
1.0054999997019767
33
1.719999999664724
0
3DFACE
5
DCEC
330
D818
100
AcDbEntity
100
AcDbFace
8
EKP_TURK_TELEKOM_RRU
10
-1.9475151510877657
20
1.1455000002980233
30
1.2100000053644182
11
-1.4765151478393126
21
1.1455000002980233
31
1.2100000053644182
12
-1.4765151478393126
22
1.1455000002980233
32
1.719999999664724
13
-1.9475151510877657
23
1.1455000002980233
33
1.719999999664724
0
3DFACE
5
DCED
330
D818
100
AcDbEntity
100
AcDbFace
8
EKP_TURK_TELEKOM_RRU
10
-1.9475151510877657
20
1.0054999997019767
30
1.2100000053644182
11
-1.9475151510877657
21
1.1455000002980233
31
1.2100000053644182
12
-1.9475151510877657
22
1.1455000002980233
32
1.719999999664724
13
-1.9475151510877657
23
1.0054999997019767
33
1.719999999664724
0
3DFACE
5
DCEE
330
D818
100
AcDbEntity
100
AcDbFace
8
EKP_TURK_TELEKOM_RRU
10
-1.4765151478393126
20
1.0054999997019767
30
1.2100000053644182
11
-1.4765151478393126
21
1.1455000002980233
31
1.2100000053644182
12
-1.4765151478393126
22
1.1455000002980233
32
1.719999999664724
13
-1.4765151478393126
23
1.0054999997019767
33
1.719999999664724
0
LINE
5
DCEF
330
D818
100
AcDbEntity
100
AcDbLine
8
EKP_TURK_TELEKOM_RRU
10
-1.9475151510877657
20
1.0054999997019767
30
1.2100000053644182
11
-1.4765151478393126
21
1.0054999997019767
31
1.2100000053644182
0
LINE
5
DCF0
330
D818
100
AcDbEntity
100
AcDbLine
8
EKP_TURK_TELEKOM_RRU
10
-1.4765151478393126
20
1.0054999997019767
30
1.2100000053644182
11
-1.4765151478393126
21
1.1455000002980233
31
1.2100000053644182
0
LINE
5
DCF1
330
D818
100
AcDbEntity
100
AcDbLine
8
EKP_TURK_TELEKOM_RRU
10
-1.4765151478393126
20
1.1455000002980233
30
1.2100000053644182
11
-1.9475151510877657
21
1.1455000002980233
31
1.2100000053644182
0
LINE
5
DCF2
330
D818
100
AcDbEntity
100
AcDbLine
8
EKP_TURK_TELEKOM_RRU
10
-1.9475151510877657
20
1.1455000002980233
30
1.2100000053644182
11
-1.9475151510877657
21
1.0054999997019767
31
1.2100000053644182
0
LINE
5
DCF3
330
D818
100
AcDbEntity
100
AcDbLine
8
EKP_TURK_TELEKOM_RRU
10
-1.9475151510877657
20
1.0054999997019767
30
1.719999999664724
11
-1.4765151478393126
21
1.0054999997019767
31
1.719999999664724
0
LINE
5
DCF4
330
D818
100
AcDbEntity
100
AcDbLine
8
EKP_TURK_TELEKOM_RRU
10
-1.4765151478393126
20
1.0054999997019767
30
1.719999999664724
11
-1.4765151478393126
21
1.1455000002980233
31
1.719999999664724
0
LINE
5
DCF5
330
D818
100
AcDbEntity
100
AcDbLine
8
EKP_TURK_TELEKOM_RRU
10
-1.4765151478393126
20
1.1455000002980233
30
1.719999999664724
11
-1.9475151510877657
21
1.1455000002980233
31
1.719999999664724
0
LINE
5
DCF6
330
D818
100
AcDbEntity
100
AcDbLine
8
EKP_TURK_TELEKOM_RRU
10
-1.9475151510877657
20
1.1455000002980233
30
1.719999999664724
11
-1.9475151510877657
21
1.0054999997019767
31
1.719999999664724
0
LINE
5
DCF7
330
D818
100
AcDbEntity
100
AcDbLine
8
EKP_TURK_TELEKOM_RRU
10
-1.9475151510877657
20
1.0054999997019767
30
1.2100000053644182
11
-1.9475151510877657
21
1.0054999997019767
31
1.719999999664724
0
LINE
5
DCF8
330
D818
100
AcDbEntity
100
AcDbLine
8
EKP_TURK_TELEKOM_RRU
10
-1.4765151478393126
20
1.0054999997019767
30
1.2100000053644182
11
-1.4765151478393126
21
1.0054999997019767
31
1.719999999664724
0
LINE
5
DCF9
330
D818
100
AcDbEntity
100
AcDbLine
8
EKP_TURK_TELEKOM_RRU
10
-1.4765151478393126
20
1.1455000002980233
30
1.2100000053644182
11
-1.4765151478393126
21
1.1455000002980233
31
1.719999999664724
0
LINE
5
DCFA
330
D818
100
AcDbEntity
100
AcDbLine
8
EKP_TURK_TELEKOM_RRU
10
-1.9475151510877657
20
1.1455000002980233
30
1.2100000053644182
11
-1.9475151510877657
21
1.1455000002980233
31
1.719999999664724
0
3DFACE
5
DCFB
330
D818
100
AcDbEntity
100
AcDbFace
8
EKP_TURK_TELEKOM_RRU
10
-1.817990150194441
20
1.0605
30
1.719999999664724
11
-1.6060401487326372
21
1.0605
31
1.719999999664724
12
-1.6060401487326372
22
1.0904999999999998
32
1.719999999664724
13
-1.817990150194441
23
1.0904999999999998
33
1.719999999664724
0
3DFACE
5
DCFC
330
D818
100
AcDbEntity
100
AcDbFace
8
EKP_TURK_TELEKOM_RRU
10
-1.817990150194441
20
1.0605
30
1.749999999664724
11
-1.6060401487326372
21
1.0605
31
1.749999999664724
12
-1.6060401487326372
22
1.0904999999999998
32
1.749999999664724
13
-1.817990150194441
23
1.0904999999999998
33
1.749999999664724
0
3DFACE
5
DCFD
330
D818
100
AcDbEntity
100
AcDbFace
8
EKP_TURK_TELEKOM_RRU
10
-1.817990150194441
20
1.0605
30
1.719999999664724
11
-1.6060401487326372
21
1.0605
31
1.719999999664724
12
-1.6060401487326372
22
1.0605
32
1.749999999664724
13
-1.817990150194441
23
1.0605
33
1.749999999664724
0
3DFACE
5
DCFE
330
D818
100
AcDbEntity
100
AcDbFace
8
EKP_TURK_TELEKOM_RRU
10
-1.817990150194441
20
1.0904999999999998
30
1.719999999664724
11
-1.6060401487326372
21
1.0904999999999998
31
1.719999999664724
12
-1.6060401487326372
22
1.0904999999999998
32
1.749999999664724
13
-1.817990150194441
23
1.0904999999999998
33
1.749999999664724
0
3DFACE
5
DCFF
330
D818
100
AcDbEntity
100
AcDbFace
8
EKP_TURK_TELEKOM_RRU
10
-1.817990150194441
20
1.0605
30
1.719999999664724
11
-1.817990150194441
21
1.0904999999999998
31
1.719999999664724
12
-1.817990150194441
22
1.0904999999999998
32
1.749999999664724
13
-1.817990150194441
23
1.0605
33
1.749999999664724
0
3DFACE
5
DD00
330
D818
100
AcDbEntity
100
AcDbFace
8
EKP_TURK_TELEKOM_RRU
10
-1.6060401487326372
20
1.0605
30
1.719999999664724
11
-1.6060401487326372
21
1.0904999999999998
31
1.719999999664724
12
-1.6060401487326372
22
1.0904999999999998
32
1.749999999664724
13
-1.6060401487326372
23
1.0605
33
1.749999999664724
0
LINE
5
DD01
330
D818
100
AcDbEntity
100
AcDbLine
8
EKP_TURK_TELEKOM_RRU
10
-1.817990150194441
20
1.0605
30
1.719999999664724
11
-1.6060401487326372
21
1.0605
31
1.719999999664724
0
LINE
5
DD02
330
D818
100
AcDbEntity
100
AcDbLine
8
EKP_TURK_TELEKOM_RRU
10
-1.6060401487326372
20
1.0605
30
1.719999999664724
11
-1.6060401487326372
21
1.0904999999999998
31
1.719999999664724
0
LINE
5
DD03
330
D818
100
AcDbEntity
100
AcDbLine
8
EKP_TURK_TELEKOM_RRU
10
-1.6060401487326372
20
1.0904999999999998
30
1.719999999664724
11
-1.817990150194441
21
1.0904999999999998
31
1.719999999664724
0
LINE
5
DD04
330
D818
100
AcDbEntity
100
AcDbLine
8
EKP_TURK_TELEKOM_RRU
10
-1.817990150194441
20
1.0904999999999998
30
1.719999999664724
11
-1.817990150194441
21
1.0605
31
1.719999999664724
0
LINE
5
DD05
330
D818
100
AcDbEntity
100
AcDbLine
8
EKP_TURK_TELEKOM_RRU
10
-1.817990150194441
20
1.0605
30
1.749999999664724
11
-1.6060401487326372
21
1.0605
31
1.749999999664724
0
LINE
5
DD06
330
D818
100
AcDbEntity
100
AcDbLine
8
EKP_TURK_TELEKOM_RRU
10
-1.6060401487326372
20
1.0605
30
1.749999999664724
11
-1.6060401487326372
21
1.0904999999999998
31
1.749999999664724
0
LINE
5
DD07
330
D818
100
AcDbEntity
100
AcDbLine
8
EKP_TURK_TELEKOM_RRU
10
-1.6060401487326372
20
1.0904999999999998
30
1.749999999664724
11
-1.817990150194441
21
1.0904999999999998
31
1.749999999664724
0
LINE
5
DD08
330
D818
100
AcDbEntity
100
AcDbLine
8
EKP_TURK_TELEKOM_RRU
10
-1.817990150194441
20
1.0904999999999998
30
1.749999999664724
11
-1.817990150194441
21
1.0605
31
1.749999999664724
0
LINE
5
DD09
330
D818
100
AcDbEntity
100
AcDbLine
8
EKP_TURK_TELEKOM_RRU
10
-1.817990150194441
20
1.0605
30
1.719999999664724
11
-1.817990150194441
21
1.0605
31
1.749999999664724
0
LINE
5
DD0A
330
D818
100
AcDbEntity
100
AcDbLine
8
EKP_TURK_TELEKOM_RRU
10
-1.6060401487326372
20
1.0605
30
1.719999999664724
11
-1.6060401487326372
21
1.0605
31
1.749999999664724
0
LINE
5
DD0B
330
D818
100
AcDbEntity
100
AcDbLine
8
EKP_TURK_TELEKOM_RRU
10
-1.6060401487326372
20
1.0904999999999998
30
1.719999999664724
11
-1.6060401487326372
21
1.0904999999999998
31
1.749999999664724
0
LINE
5
DD0C
330
D818
100
AcDbEntity
100
AcDbLine
8
EKP_TURK_TELEKOM_RRU
10
-1.817990150194441
20
1.0904999999999998
30
1.719999999664724
11
-1.817990150194441
21
1.0904999999999998
31
1.749999999664724
0
LINE
5
DD0D
330
D818
100
AcDbEntity
100
AcDbLine
8
EKP_TURK_TELEKOM_RRU
10
-1.8062151501132298
20
1.0755
30
1.719999999664724
11
-1.6178151488138486
21
1.0755
31
1.719999999664724
0
LINE
5
DD0E
330
D818
100
AcDbEntity
100
AcDbLine
8
EKP_TURK_TELEKOM_RRU
10
-1.7120151494635392
20
1.0474999998807906
30
1.719999999664724
11
-1.7120151494635392
21
1.1035000001192092
31
1.719999999664724
0
TEXT
5
DD0F
330
D818
100
AcDbEntity
100
AcDbText
8
EKP_TURK_TELEKOM_RRU
10
-1.7120151494635392
20
1.1068600001335143
30
0
40
0.039200000166893074
1
Turk Telekom NR RRU5818W (#2) (Ust Kot)
50
0
7
STANDARD
72
1
11
-1.7120151494635392
21
1.1068600001335143
31
0
100
AcDbText
73
2
0
3DFACE
5
DD10
330
D818
100
AcDbEntity
100
AcDbFace
8
EKP_POI_TASIYICI_SASE
10
-0.2625151449782895
20
1.4254999997019766
30
1.1175860237244706e-10
11
0.4374848431007817
21
1.4254999997019766
31
1.1175860237244706e-10
12
0.4374848431007817
22
2.0455000002980235
32
1.1175860237244706e-10
13
-0.2625151449782895
23
2.0455000002980235
33
1.1175860237244706e-10
0
3DFACE
5
DD11
330
D818
100
AcDbEntity
100
AcDbFace
8
EKP_POI_TASIYICI_SASE
10
-0.2625151449782895
20
1.4254999997019766
30
0.10000000011175861
11
0.4374848431007817
21
1.4254999997019766
31
0.10000000011175861
12
0.4374848431007817
22
2.0455000002980235
32
0.10000000011175861
13
-0.2625151449782895
23
2.0455000002980235
33
0.10000000011175861
0
3DFACE
5
DD12
330
D818
100
AcDbEntity
100
AcDbFace
8
EKP_POI_TASIYICI_SASE
10
-0.2625151449782895
20
1.4254999997019766
30
1.1175860237244706e-10
11
0.4374848431007817
21
1.4254999997019766
31
1.1175860237244706e-10
12
0.4374848431007817
22
1.4254999997019766
32
0.10000000011175861
13
-0.2625151449782895
23
1.4254999997019766
33
0.10000000011175861
0
3DFACE
5
DD13
330
D818
100
AcDbEntity
100
AcDbFace
8
EKP_POI_TASIYICI_SASE
10
-0.2625151449782895
20
2.0455000002980235
30
1.1175860237244706e-10
11
0.4374848431007817
21
2.0455000002980235
31
1.1175860237244706e-10
12
0.4374848431007817
22
2.0455000002980235
32
0.10000000011175861
13
-0.2625151449782895
23
2.0455000002980235
33
0.10000000011175861
0
3DFACE
5
DD14
330
D818
100
AcDbEntity
100
AcDbFace
8
EKP_POI_TASIYICI_SASE
10
-0.2625151449782895
20
1.4254999997019766
30
1.1175860237244706e-10
11
-0.2625151449782895
21
2.0455000002980235
31
1.1175860237244706e-10
12
-0.2625151449782895
22
2.0455000002980235
32
0.10000000011175861
13
-0.2625151449782895
23
1.4254999997019766
33
0.10000000011175861
0
3DFACE
5
DD15
330
D818
100
AcDbEntity
100
AcDbFace
8
EKP_POI_TASIYICI_SASE
10
0.4374848431007817
20
1.4254999997019766
30
1.1175860237244706e-10
11
0.4374848431007817
21
2.0455000002980235
31
1.1175860237244706e-10
12
0.4374848431007817
22
2.0455000002980235
32
0.10000000011175861
13
0.4374848431007817
23
1.4254999997019766
33
0.10000000011175861
0
LINE
5
DD16
330
D818
100
AcDbEntity
100
AcDbLine
8
EKP_POI_TASIYICI_SASE
10
-0.2625151449782895
20
1.4254999997019766
30
1.1175860237244706e-10
11
0.4374848431007817
21
1.4254999997019766
31
1.1175860237244706e-10
0
LINE
5
DD17
330
D818
100
AcDbEntity
100
AcDbLine
8
EKP_POI_TASIYICI_SASE
10
0.4374848431007817
20
1.4254999997019766
30
1.1175860237244706e-10
11
0.4374848431007817
21
2.0455000002980235
31
1.1175860237244706e-10
0
LINE
5
DD18
330
D818
100
AcDbEntity
100
AcDbLine
8
EKP_POI_TASIYICI_SASE
10
0.4374848431007817
20
2.0455000002980235
30
1.1175860237244706e-10
11
-0.2625151449782895
21
2.0455000002980235
31
1.1175860237244706e-10
0
LINE
5
DD19
330
D818
100
AcDbEntity
100
AcDbLine
8
EKP_POI_TASIYICI_SASE
10
-0.2625151449782895
20
2.0455000002980235
30
1.1175860237244706e-10
11
-0.2625151449782895
21
1.4254999997019766
31
1.1175860237244706e-10
0
LINE
5
DD1A
330
D818
100
AcDbEntity
100
AcDbLine
8
EKP_POI_TASIYICI_SASE
10
-0.2625151449782895
20
1.4254999997019766
30
0.10000000011175861
11
0.4374848431007817
21
1.4254999997019766
31
0.10000000011175861
0
LINE
5
DD1B
330
D818
100
AcDbEntity
100
AcDbLine
8
EKP_POI_TASIYICI_SASE
10
0.4374848431007817
20
1.4254999997019766
30
0.10000000011175861
11
0.4374848431007817
21
2.0455000002980235
31
0.10000000011175861
0
LINE
5
DD1C
330
D818
100
AcDbEntity
100
AcDbLine
8
EKP_POI_TASIYICI_SASE
10
0.4374848431007817
20
2.0455000002980235
30
0.10000000011175861
11
-0.2625151449782895
21
2.0455000002980235
31
0.10000000011175861
0
LINE
5
DD1D
330
D818
100
AcDbEntity
100
AcDbLine
8
EKP_POI_TASIYICI_SASE
10
-0.2625151449782895
20
2.0455000002980235
30
0.10000000011175861
11
-0.2625151449782895
21
1.4254999997019766
31
0.10000000011175861
0
LINE
5
DD1E
330
D818
100
AcDbEntity
100
AcDbLine
8
EKP_POI_TASIYICI_SASE
10
-0.2625151449782895
20
1.4254999997019766
30
1.1175860237244706e-10
11
-0.2625151449782895
21
1.4254999997019766
31
0.10000000011175861
0
LINE
5
DD1F
330
D818
100
AcDbEntity
100
AcDbLine
8
EKP_POI_TASIYICI_SASE
10
0.4374848431007817
20
1.4254999997019766
30
1.1175860237244706e-10
11
0.4374848431007817
21
1.4254999997019766
31
0.10000000011175861
0
LINE
5
DD20
330
D818
100
AcDbEntity
100
AcDbLine
8
EKP_POI_TASIYICI_SASE
10
0.4374848431007817
20
2.0455000002980235
30
1.1175860237244706e-10
11
0.4374848431007817
21
2.0455000002980235
31
0.10000000011175861
0
LINE
5
DD21
330
D818
100
AcDbEntity
100
AcDbLine
8
EKP_POI_TASIYICI_SASE
10
-0.2625151449782895
20
2.0455000002980235
30
1.1175860237244706e-10
11
-0.2625151449782895
21
2.0455000002980235
31
0.10000000011175861
0
3DFACE
5
DD22
330
D818
100
AcDbEntity
100
AcDbFace
8
EKP_POI_TASIYICI_SASE
10
-0.2625151449782895
20
1.4254999997019766
30
0.10000000011175861
11
-0.20251514497828949
21
1.4254999997019766
31
0.10000000011175861
12
-0.20251514497828949
22
1.4854999997019767
32
0.10000000011175861
13
-0.2625151449782895
23
1.4854999997019767
33
0.10000000011175861
0
3DFACE
5
DD23
330
D818
100
AcDbEntity
100
AcDbFace
8
EKP_POI_TASIYICI_SASE
10
-0.2625151449782895
20
1.4254999997019766
30
1.7200000095367431
11
-0.20251514497828949
21
1.4254999997019766
31
1.7200000095367431
12
-0.20251514497828949
22
1.4854999997019767
32
1.7200000095367431
13
-0.2625151449782895
23
1.4854999997019767
33
1.7200000095367431
0
3DFACE
5
DD24
330
D818
100
AcDbEntity
100
AcDbFace
8
EKP_POI_TASIYICI_SASE
10
-0.2625151449782895
20
1.4254999997019766
30
0.10000000011175861
11
-0.20251514497828949
21
1.4254999997019766
31
0.10000000011175861
12
-0.20251514497828949
22
1.4254999997019766
32
1.7200000095367431
13
-0.2625151449782895
23
1.4254999997019766
33
1.7200000095367431
0
3DFACE
5
DD25
330
D818
100
AcDbEntity
100
AcDbFace
8
EKP_POI_TASIYICI_SASE
10
-0.2625151449782895
20
1.4854999997019767
30
0.10000000011175861
11
-0.20251514497828949
21
1.4854999997019767
31
0.10000000011175861
12
-0.20251514497828949
22
1.4854999997019767
32
1.7200000095367431
13
-0.2625151449782895
23
1.4854999997019767
33
1.7200000095367431
0
3DFACE
5
DD26
330
D818
100
AcDbEntity
100
AcDbFace
8
EKP_POI_TASIYICI_SASE
10
-0.2625151449782895
20
1.4254999997019766
30
0.10000000011175861
11
-0.2625151449782895
21
1.4854999997019767
31
0.10000000011175861
12
-0.2625151449782895
22
1.4854999997019767
32
1.7200000095367431
13
-0.2625151449782895
23
1.4254999997019766
33
1.7200000095367431
0
3DFACE
5
DD27
330
D818
100
AcDbEntity
100
AcDbFace
8
EKP_POI_TASIYICI_SASE
10
-0.20251514497828949
20
1.4254999997019766
30
0.10000000011175861
11
-0.20251514497828949
21
1.4854999997019767
31
0.10000000011175861
12
-0.20251514497828949
22
1.4854999997019767
32
1.7200000095367431
13
-0.20251514497828949
23
1.4254999997019766
33
1.7200000095367431
0
LINE
5
DD28
330
D818
100
AcDbEntity
100
AcDbLine
8
EKP_POI_TASIYICI_SASE
10
-0.2625151449782895
20
1.4254999997019766
30
0.10000000011175861
11
-0.20251514497828949
21
1.4254999997019766
31
0.10000000011175861
0
LINE
5
DD29
330
D818
100
AcDbEntity
100
AcDbLine
8
EKP_POI_TASIYICI_SASE
10
-0.20251514497828949
20
1.4254999997019766
30
0.10000000011175861
11
-0.20251514497828949
21
1.4854999997019767
31
0.10000000011175861
0
LINE
5
DD2A
330
D818
100
AcDbEntity
100
AcDbLine
8
EKP_POI_TASIYICI_SASE
10
-0.20251514497828949
20
1.4854999997019767
30
0.10000000011175861
11
-0.2625151449782895
21
1.4854999997019767
31
0.10000000011175861
0
LINE
5
DD2B
330
D818
100
AcDbEntity
100
AcDbLine
8
EKP_POI_TASIYICI_SASE
10
-0.2625151449782895
20
1.4854999997019767
30
0.10000000011175861
11
-0.2625151449782895
21
1.4254999997019766
31
0.10000000011175861
0
LINE
5
DD2C
330
D818
100
AcDbEntity
100
AcDbLine
8
EKP_POI_TASIYICI_SASE
10
-0.2625151449782895
20
1.4254999997019766
30
1.7200000095367431
11
-0.20251514497828949
21
1.4254999997019766
31
1.7200000095367431
0
LINE
5
DD2D
330
D818
100
AcDbEntity
100
AcDbLine
8
EKP_POI_TASIYICI_SASE
10
-0.20251514497828949
20
1.4254999997019766
30
1.7200000095367431
11
-0.20251514497828949
21
1.4854999997019767
31
1.7200000095367431
0
LINE
5
DD2E
330
D818
100
AcDbEntity
100
AcDbLine
8
EKP_POI_TASIYICI_SASE
10
-0.20251514497828949
20
1.4854999997019767
30
1.7200000095367431
11
-0.2625151449782895
21
1.4854999997019767
31
1.7200000095367431
0
LINE
5
DD2F
330
D818
100
AcDbEntity
100
AcDbLine
8
EKP_POI_TASIYICI_SASE
10
-0.2625151449782895
20
1.4854999997019767
30
1.7200000095367431
11
-0.2625151449782895
21
1.4254999997019766
31
1.7200000095367431
0
LINE
5
DD30
330
D818
100
AcDbEntity
100
AcDbLine
8
EKP_POI_TASIYICI_SASE
10
-0.2625151449782895
20
1.4254999997019766
30
0.10000000011175861
11
-0.2625151449782895
21
1.4254999997019766
31
1.7200000095367431
0
LINE
5
DD31
330
D818
100
AcDbEntity
100
AcDbLine
8
EKP_POI_TASIYICI_SASE
10
-0.20251514497828949
20
1.4254999997019766
30
0.10000000011175861
11
-0.20251514497828949
21
1.4254999997019766
31
1.7200000095367431
0
LINE
5
DD32
330
D818
100
AcDbEntity
100
AcDbLine
8
EKP_POI_TASIYICI_SASE
10
-0.20251514497828949
20
1.4854999997019767
30
0.10000000011175861
11
-0.20251514497828949
21
1.4854999997019767
31
1.7200000095367431
0
LINE
5
DD33
330
D818
100
AcDbEntity
100
AcDbLine
8
EKP_POI_TASIYICI_SASE
10
-0.2625151449782895
20
1.4854999997019767
30
0.10000000011175861
11
-0.2625151449782895
21
1.4854999997019767
31
1.7200000095367431
0
3DFACE
5
DD34
330
D818
100
AcDbEntity
100
AcDbFace
8
EKP_POI_TASIYICI_SASE
10
0.3774848431007817
20
1.4254999997019766
30
0.10000000011175861
11
0.4374848431007817
21
1.4254999997019766
31
0.10000000011175861
12
0.4374848431007817
22
1.4854999997019767
32
0.10000000011175861
13
0.3774848431007817
23
1.4854999997019767
33
0.10000000011175861
0
3DFACE
5
DD35
330
D818
100
AcDbEntity
100
AcDbFace
8
EKP_POI_TASIYICI_SASE
10
0.3774848431007817
20
1.4254999997019766
30
1.7200000095367431
11
0.4374848431007817
21
1.4254999997019766
31
1.7200000095367431
12
0.4374848431007817
22
1.4854999997019767
32
1.7200000095367431
13
0.3774848431007817
23
1.4854999997019767
33
1.7200000095367431
0
3DFACE
5
DD36
330
D818
100
AcDbEntity
100
AcDbFace
8
EKP_POI_TASIYICI_SASE
10
0.3774848431007817
20
1.4254999997019766
30
0.10000000011175861
11
0.4374848431007817
21
1.4254999997019766
31
0.10000000011175861
12
0.4374848431007817
22
1.4254999997019766
32
1.7200000095367431
13
0.3774848431007817
23
1.4254999997019766
33
1.7200000095367431
0
3DFACE
5
DD37
330
D818
100
AcDbEntity
100
AcDbFace
8
EKP_POI_TASIYICI_SASE
10
0.3774848431007817
20
1.4854999997019767
30
0.10000000011175861
11
0.4374848431007817
21
1.4854999997019767
31
0.10000000011175861
12
0.4374848431007817
22
1.4854999997019767
32
1.7200000095367431
13
0.3774848431007817
23
1.4854999997019767
33
1.7200000095367431
0
3DFACE
5
DD38
330
D818
100
AcDbEntity
100
AcDbFace
8
EKP_POI_TASIYICI_SASE
10
0.3774848431007817
20
1.4254999997019766
30
0.10000000011175861
11
0.3774848431007817
21
1.4854999997019767
31
0.10000000011175861
12
0.3774848431007817
22
1.4854999997019767
32
1.7200000095367431
13
0.3774848431007817
23
1.4254999997019766
33
1.7200000095367431
0
3DFACE
5
DD39
330
D818
100
AcDbEntity
100
AcDbFace
8
EKP_POI_TASIYICI_SASE
10
0.4374848431007817
20
1.4254999997019766
30
0.10000000011175861
11
0.4374848431007817
21
1.4854999997019767
31
0.10000000011175861
12
0.4374848431007817
22
1.4854999997019767
32
1.7200000095367431
13
0.4374848431007817
23
1.4254999997019766
33
1.7200000095367431
0
LINE
5
DD3A
330
D818
100
AcDbEntity
100
AcDbLine
8
EKP_POI_TASIYICI_SASE
10
0.3774848431007817
20
1.4254999997019766
30
0.10000000011175861
11
0.4374848431007817
21
1.4254999997019766
31
0.10000000011175861
0
LINE
5
DD3B
330
D818
100
AcDbEntity
100
AcDbLine
8
EKP_POI_TASIYICI_SASE
10
0.4374848431007817
20
1.4254999997019766
30
0.10000000011175861
11
0.4374848431007817
21
1.4854999997019767
31
0.10000000011175861
0
LINE
5
DD3C
330
D818
100
AcDbEntity
100
AcDbLine
8
EKP_POI_TASIYICI_SASE
10
0.4374848431007817
20
1.4854999997019767
30
0.10000000011175861
11
0.3774848431007817
21
1.4854999997019767
31
0.10000000011175861
0
LINE
5
DD3D
330
D818
100
AcDbEntity
100
AcDbLine
8
EKP_POI_TASIYICI_SASE
10
0.3774848431007817
20
1.4854999997019767
30
0.10000000011175861
11
0.3774848431007817
21
1.4254999997019766
31
0.10000000011175861
0
LINE
5
DD3E
330
D818
100
AcDbEntity
100
AcDbLine
8
EKP_POI_TASIYICI_SASE
10
0.3774848431007817
20
1.4254999997019766
30
1.7200000095367431
11
0.4374848431007817
21
1.4254999997019766
31
1.7200000095367431
0
LINE
5
DD3F
330
D818
100
AcDbEntity
100
AcDbLine
8
EKP_POI_TASIYICI_SASE
10
0.4374848431007817
20
1.4254999997019766
30
1.7200000095367431
11
0.4374848431007817
21
1.4854999997019767
31
1.7200000095367431
0
LINE
5
DD40
330
D818
100
AcDbEntity
100
AcDbLine
8
EKP_POI_TASIYICI_SASE
10
0.4374848431007817
20
1.4854999997019767
30
1.7200000095367431
11
0.3774848431007817
21
1.4854999997019767
31
1.7200000095367431
0
LINE
5
DD41
330
D818
100
AcDbEntity
100
AcDbLine
8
EKP_POI_TASIYICI_SASE
10
0.3774848431007817
20
1.4854999997019767
30
1.7200000095367431
11
0.3774848431007817
21
1.4254999997019766
31
1.7200000095367431
0
LINE
5
DD42
330
D818
100
AcDbEntity
100
AcDbLine
8
EKP_POI_TASIYICI_SASE
10
0.3774848431007817
20
1.4254999997019766
30
0.10000000011175861
11
0.3774848431007817
21
1.4254999997019766
31
1.7200000095367431
0
LINE
5
DD43
330
D818
100
AcDbEntity
100
AcDbLine
8
EKP_POI_TASIYICI_SASE
10
0.4374848431007817
20
1.4254999997019766
30
0.10000000011175861
11
0.4374848431007817
21
1.4254999997019766
31
1.7200000095367431
0
LINE
5
DD44
330
D818
100
AcDbEntity
100
AcDbLine
8
EKP_POI_TASIYICI_SASE
10
0.4374848431007817
20
1.4854999997019767
30
0.10000000011175861
11
0.4374848431007817
21
1.4854999997019767
31
1.7200000095367431
0
LINE
5
DD45
330
D818
100
AcDbEntity
100
AcDbLine
8
EKP_POI_TASIYICI_SASE
10
0.3774848431007817
20
1.4854999997019767
30
0.10000000011175861
11
0.3774848431007817
21
1.4854999997019767
31
1.7200000095367431
0
3DFACE
5
DD46
330
D818
100
AcDbEntity
100
AcDbFace
8
EKP_POI_TASIYICI_SASE
10
-0.2625151449782895
20
1.9855000002980234
30
0.10000000011175861
11
-0.20251514497828949
21
1.9855000002980234
31
0.10000000011175861
12
-0.20251514497828949
22
2.0455000002980235
32
0.10000000011175861
13
-0.2625151449782895
23
2.0455000002980235
33
0.10000000011175861
0
3DFACE
5
DD47
330
D818
100
AcDbEntity
100
AcDbFace
8
EKP_POI_TASIYICI_SASE
10
-0.2625151449782895
20
1.9855000002980234
30
1.7200000095367431
11
-0.20251514497828949
21
1.9855000002980234
31
1.7200000095367431
12
-0.20251514497828949
22
2.0455000002980235
32
1.7200000095367431
13
-0.2625151449782895
23
2.0455000002980235
33
1.7200000095367431
0
3DFACE
5
DD48
330
D818
100
AcDbEntity
100
AcDbFace
8
EKP_POI_TASIYICI_SASE
10
-0.2625151449782895
20
1.9855000002980234
30
0.10000000011175861
11
-0.20251514497828949
21
1.9855000002980234
31
0.10000000011175861
12
-0.20251514497828949
22
1.9855000002980234
32
1.7200000095367431
13
-0.2625151449782895
23
1.9855000002980234
33
1.7200000095367431
0
3DFACE
5
DD49
330
D818
100
AcDbEntity
100
AcDbFace
8
EKP_POI_TASIYICI_SASE
10
-0.2625151449782895
20
2.0455000002980235
30
0.10000000011175861
11
-0.20251514497828949
21
2.0455000002980235
31
0.10000000011175861
12
-0.20251514497828949
22
2.0455000002980235
32
1.7200000095367431
13
-0.2625151449782895
23
2.0455000002980235
33
1.7200000095367431
0
3DFACE
5
DD4A
330
D818
100
AcDbEntity
100
AcDbFace
8
EKP_POI_TASIYICI_SASE
10
-0.2625151449782895
20
1.9855000002980234
30
0.10000000011175861
11
-0.2625151449782895
21
2.0455000002980235
31
0.10000000011175861
12
-0.2625151449782895
22
2.0455000002980235
32
1.7200000095367431
13
-0.2625151449782895
23
1.9855000002980234
33
1.7200000095367431
0
3DFACE
5
DD4B
330
D818
100
AcDbEntity
100
AcDbFace
8
EKP_POI_TASIYICI_SASE
10
-0.20251514497828949
20
1.9855000002980234
30
0.10000000011175861
11
-0.20251514497828949
21
2.0455000002980235
31
0.10000000011175861
12
-0.20251514497828949
22
2.0455000002980235
32
1.7200000095367431
13
-0.20251514497828949
23
1.9855000002980234
33
1.7200000095367431
0
LINE
5
DD4C
330
D818
100
AcDbEntity
100
AcDbLine
8
EKP_POI_TASIYICI_SASE
10
-0.2625151449782895
20
1.9855000002980234
30
0.10000000011175861
11
-0.20251514497828949
21
1.9855000002980234
31
0.10000000011175861
0
LINE
5
DD4D
330
D818
100
AcDbEntity
100
AcDbLine
8
EKP_POI_TASIYICI_SASE
10
-0.20251514497828949
20
1.9855000002980234
30
0.10000000011175861
11
-0.20251514497828949
21
2.0455000002980235
31
0.10000000011175861
0
LINE
5
DD4E
330
D818
100
AcDbEntity
100
AcDbLine
8
EKP_POI_TASIYICI_SASE
10
-0.20251514497828949
20
2.0455000002980235
30
0.10000000011175861
11
-0.2625151449782895
21
2.0455000002980235
31
0.10000000011175861
0
LINE
5
DD4F
330
D818
100
AcDbEntity
100
AcDbLine
8
EKP_POI_TASIYICI_SASE
10
-0.2625151449782895
20
2.0455000002980235
30
0.10000000011175861
11
-0.2625151449782895
21
1.9855000002980234
31
0.10000000011175861
0
LINE
5
DD50
330
D818
100
AcDbEntity
100
AcDbLine
8
EKP_POI_TASIYICI_SASE
10
-0.2625151449782895
20
1.9855000002980234
30
1.7200000095367431
11
-0.20251514497828949
21
1.9855000002980234
31
1.7200000095367431
0
LINE
5
DD51
330
D818
100
AcDbEntity
100
AcDbLine
8
EKP_POI_TASIYICI_SASE
10
-0.20251514497828949
20
1.9855000002980234
30
1.7200000095367431
11
-0.20251514497828949
21
2.0455000002980235
31
1.7200000095367431
0
LINE
5
DD52
330
D818
100
AcDbEntity
100
AcDbLine
8
EKP_POI_TASIYICI_SASE
10
-0.20251514497828949
20
2.0455000002980235
30
1.7200000095367431
11
-0.2625151449782895
21
2.0455000002980235
31
1.7200000095367431
0
LINE
5
DD53
330
D818
100
AcDbEntity
100
AcDbLine
8
EKP_POI_TASIYICI_SASE
10
-0.2625151449782895
20
2.0455000002980235
30
1.7200000095367431
11
-0.2625151449782895
21
1.9855000002980234
31
1.7200000095367431
0
LINE
5
DD54
330
D818
100
AcDbEntity
100
AcDbLine
8
EKP_POI_TASIYICI_SASE
10
-0.2625151449782895
20
1.9855000002980234
30
0.10000000011175861
11
-0.2625151449782895
21
1.9855000002980234
31
1.7200000095367431
0
LINE
5
DD55
330
D818
100
AcDbEntity
100
AcDbLine
8
EKP_POI_TASIYICI_SASE
10
-0.20251514497828949
20
1.9855000002980234
30
0.10000000011175861
11
-0.20251514497828949
21
1.9855000002980234
31
1.7200000095367431
0
LINE
5
DD56
330
D818
100
AcDbEntity
100
AcDbLine
8
EKP_POI_TASIYICI_SASE
10
-0.20251514497828949
20
2.0455000002980235
30
0.10000000011175861
11
-0.20251514497828949
21
2.0455000002980235
31
1.7200000095367431
0
LINE
5
DD57
330
D818
100
AcDbEntity
100
AcDbLine
8
EKP_POI_TASIYICI_SASE
10
-0.2625151449782895
20
2.0455000002980235
30
0.10000000011175861
11
-0.2625151449782895
21
2.0455000002980235
31
1.7200000095367431
0
3DFACE
5
DD58
330
D818
100
AcDbEntity
100
AcDbFace
8
EKP_POI_TASIYICI_SASE
10
0.3774848431007817
20
1.9855000002980234
30
0.10000000011175861
11
0.4374848431007817
21
1.9855000002980234
31
0.10000000011175861
12
0.4374848431007817
22
2.0455000002980235
32
0.10000000011175861
13
0.3774848431007817
23
2.0455000002980235
33
0.10000000011175861
0
3DFACE
5
DD59
330
D818
100
AcDbEntity
100
AcDbFace
8
EKP_POI_TASIYICI_SASE
10
0.3774848431007817
20
1.9855000002980234
30
1.7200000095367431
11
0.4374848431007817
21
1.9855000002980234
31
1.7200000095367431
12
0.4374848431007817
22
2.0455000002980235
32
1.7200000095367431
13
0.3774848431007817
23
2.0455000002980235
33
1.7200000095367431
0
3DFACE
5
DD5A
330
D818
100
AcDbEntity
100
AcDbFace
8
EKP_POI_TASIYICI_SASE
10
0.3774848431007817
20
1.9855000002980234
30
0.10000000011175861
11
0.4374848431007817
21
1.9855000002980234
31
0.10000000011175861
12
0.4374848431007817
22
1.9855000002980234
32
1.7200000095367431
13
0.3774848431007817
23
1.9855000002980234
33
1.7200000095367431
0
3DFACE
5
DD5B
330
D818
100
AcDbEntity
100
AcDbFace
8
EKP_POI_TASIYICI_SASE
10
0.3774848431007817
20
2.0455000002980235
30
0.10000000011175861
11
0.4374848431007817
21
2.0455000002980235
31
0.10000000011175861
12
0.4374848431007817
22
2.0455000002980235
32
1.7200000095367431
13
0.3774848431007817
23
2.0455000002980235
33
1.7200000095367431
0
3DFACE
5
DD5C
330
D818
100
AcDbEntity
100
AcDbFace
8
EKP_POI_TASIYICI_SASE
10
0.3774848431007817
20
1.9855000002980234
30
0.10000000011175861
11
0.3774848431007817
21
2.0455000002980235
31
0.10000000011175861
12
0.3774848431007817
22
2.0455000002980235
32
1.7200000095367431
13
0.3774848431007817
23
1.9855000002980234
33
1.7200000095367431
0
3DFACE
5
DD5D
330
D818
100
AcDbEntity
100
AcDbFace
8
EKP_POI_TASIYICI_SASE
10
0.4374848431007817
20
1.9855000002980234
30
0.10000000011175861
11
0.4374848431007817
21
2.0455000002980235
31
0.10000000011175861
12
0.4374848431007817
22
2.0455000002980235
32
1.7200000095367431
13
0.4374848431007817
23
1.9855000002980234
33
1.7200000095367431
0
LINE
5
DD5E
330
D818
100
AcDbEntity
100
AcDbLine
8
EKP_POI_TASIYICI_SASE
10
0.3774848431007817
20
1.9855000002980234
30
0.10000000011175861
11
0.4374848431007817
21
1.9855000002980234
31
0.10000000011175861
0
LINE
5
DD5F
330
D818
100
AcDbEntity
100
AcDbLine
8
EKP_POI_TASIYICI_SASE
10
0.4374848431007817
20
1.9855000002980234
30
0.10000000011175861
11
0.4374848431007817
21
2.0455000002980235
31
0.10000000011175861
0
LINE
5
DD60
330
D818
100
AcDbEntity
100
AcDbLine
8
EKP_POI_TASIYICI_SASE
10
0.4374848431007817
20
2.0455000002980235
30
0.10000000011175861
11
0.3774848431007817
21
2.0455000002980235
31
0.10000000011175861
0
LINE
5
DD61
330
D818
100
AcDbEntity
100
AcDbLine
8
EKP_POI_TASIYICI_SASE
10
0.3774848431007817
20
2.0455000002980235
30
0.10000000011175861
11
0.3774848431007817
21
1.9855000002980234
31
0.10000000011175861
0
LINE
5
DD62
330
D818
100
AcDbEntity
100
AcDbLine
8
EKP_POI_TASIYICI_SASE
10
0.3774848431007817
20
1.9855000002980234
30
1.7200000095367431
11
0.4374848431007817
21
1.9855000002980234
31
1.7200000095367431
0
LINE
5
DD63
330
D818
100
AcDbEntity
100
AcDbLine
8
EKP_POI_TASIYICI_SASE
10
0.4374848431007817
20
1.9855000002980234
30
1.7200000095367431
11
0.4374848431007817
21
2.0455000002980235
31
1.7200000095367431
0
LINE
5
DD64
330
D818
100
AcDbEntity
100
AcDbLine
8
EKP_POI_TASIYICI_SASE
10
0.4374848431007817
20
2.0455000002980235
30
1.7200000095367431
11
0.3774848431007817
21
2.0455000002980235
31
1.7200000095367431
0
LINE
5
DD65
330
D818
100
AcDbEntity
100
AcDbLine
8
EKP_POI_TASIYICI_SASE
10
0.3774848431007817
20
2.0455000002980235
30
1.7200000095367431
11
0.3774848431007817
21
1.9855000002980234
31
1.7200000095367431
0
LINE
5
DD66
330
D818
100
AcDbEntity
100
AcDbLine
8
EKP_POI_TASIYICI_SASE
10
0.3774848431007817
20
1.9855000002980234
30
0.10000000011175861
11
0.3774848431007817
21
1.9855000002980234
31
1.7200000095367431
0
LINE
5
DD67
330
D818
100
AcDbEntity
100
AcDbLine
8
EKP_POI_TASIYICI_SASE
10
0.4374848431007817
20
1.9855000002980234
30
0.10000000011175861
11
0.4374848431007817
21
1.9855000002980234
31
1.7200000095367431
0
LINE
5
DD68
330
D818
100
AcDbEntity
100
AcDbLine
8
EKP_POI_TASIYICI_SASE
10
0.4374848431007817
20
2.0455000002980235
30
0.10000000011175861
11
0.4374848431007817
21
2.0455000002980235
31
1.7200000095367431
0
LINE
5
DD69
330
D818
100
AcDbEntity
100
AcDbLine
8
EKP_POI_TASIYICI_SASE
10
0.3774848431007817
20
2.0455000002980235
30
0.10000000011175861
11
0.3774848431007817
21
2.0455000002980235
31
1.7200000095367431
0
3DFACE
5
DD6A
330
D818
100
AcDbEntity
100
AcDbFace
8
EKP_POI_TASIYICI_SASE
10
-0.2625151449782895
20
1.4254999997019766
30
1.7200000095367431
11
0.4374848431007817
21
1.4254999997019766
31
1.7200000095367431
12
0.4374848431007817
22
2.0455000002980235
32
1.7200000095367431
13
-0.2625151449782895
23
2.0455000002980235
33
1.7200000095367431
0
3DFACE
5
DD6B
330
D818
100
AcDbEntity
100
AcDbFace
8
EKP_POI_TASIYICI_SASE
10
-0.2625151449782895
20
1.4254999997019766
30
1.7800000095367432
11
0.4374848431007817
21
1.4254999997019766
31
1.7800000095367432
12
0.4374848431007817
22
2.0455000002980235
32
1.7800000095367432
13
-0.2625151449782895
23
2.0455000002980235
33
1.7800000095367432
0
3DFACE
5
DD6C
330
D818
100
AcDbEntity
100
AcDbFace
8
EKP_POI_TASIYICI_SASE
10
-0.2625151449782895
20
1.4254999997019766
30
1.7200000095367431
11
0.4374848431007817
21
1.4254999997019766
31
1.7200000095367431
12
0.4374848431007817
22
1.4254999997019766
32
1.7800000095367432
13
-0.2625151449782895
23
1.4254999997019766
33
1.7800000095367432
0
3DFACE
5
DD6D
330
D818
100
AcDbEntity
100
AcDbFace
8
EKP_POI_TASIYICI_SASE
10
-0.2625151449782895
20
2.0455000002980235
30
1.7200000095367431
11
0.4374848431007817
21
2.0455000002980235
31
1.7200000095367431
12
0.4374848431007817
22
2.0455000002980235
32
1.7800000095367432
13
-0.2625151449782895
23
2.0455000002980235
33
1.7800000095367432
0
3DFACE
5
DD6E
330
D818
100
AcDbEntity
100
AcDbFace
8
EKP_POI_TASIYICI_SASE
10
-0.2625151449782895
20
1.4254999997019766
30
1.7200000095367431
11
-0.2625151449782895
21
2.0455000002980235
31
1.7200000095367431
12
-0.2625151449782895
22
2.0455000002980235
32
1.7800000095367432
13
-0.2625151449782895
23
1.4254999997019766
33
1.7800000095367432
0
3DFACE
5
DD6F
330
D818
100
AcDbEntity
100
AcDbFace
8
EKP_POI_TASIYICI_SASE
10
0.4374848431007817
20
1.4254999997019766
30
1.7200000095367431
11
0.4374848431007817
21
2.0455000002980235
31
1.7200000095367431
12
0.4374848431007817
22
2.0455000002980235
32
1.7800000095367432
13
0.4374848431007817
23
1.4254999997019766
33
1.7800000095367432
0
LINE
5
DD70
330
D818
100
AcDbEntity
100
AcDbLine
8
EKP_POI_TASIYICI_SASE
10
-0.2625151449782895
20
1.4254999997019766
30
1.7200000095367431
11
0.4374848431007817
21
1.4254999997019766
31
1.7200000095367431
0
LINE
5
DD71
330
D818
100
AcDbEntity
100
AcDbLine
8
EKP_POI_TASIYICI_SASE
10
0.4374848431007817
20
1.4254999997019766
30
1.7200000095367431
11
0.4374848431007817
21
2.0455000002980235
31
1.7200000095367431
0
LINE
5
DD72
330
D818
100
AcDbEntity
100
AcDbLine
8
EKP_POI_TASIYICI_SASE
10
0.4374848431007817
20
2.0455000002980235
30
1.7200000095367431
11
-0.2625151449782895
21
2.0455000002980235
31
1.7200000095367431
0
LINE
5
DD73
330
D818
100
AcDbEntity
100
AcDbLine
8
EKP_POI_TASIYICI_SASE
10
-0.2625151449782895
20
2.0455000002980235
30
1.7200000095367431
11
-0.2625151449782895
21
1.4254999997019766
31
1.7200000095367431
0
LINE
5
DD74
330
D818
100
AcDbEntity
100
AcDbLine
8
EKP_POI_TASIYICI_SASE
10
-0.2625151449782895
20
1.4254999997019766
30
1.7800000095367432
11
0.4374848431007817
21
1.4254999997019766
31
1.7800000095367432
0
LINE
5
DD75
330
D818
100
AcDbEntity
100
AcDbLine
8
EKP_POI_TASIYICI_SASE
10
0.4374848431007817
20
1.4254999997019766
30
1.7800000095367432
11
0.4374848431007817
21
2.0455000002980235
31
1.7800000095367432
0
LINE
5
DD76
330
D818
100
AcDbEntity
100
AcDbLine
8
EKP_POI_TASIYICI_SASE
10
0.4374848431007817
20
2.0455000002980235
30
1.7800000095367432
11
-0.2625151449782895
21
2.0455000002980235
31
1.7800000095367432
0
LINE
5
DD77
330
D818
100
AcDbEntity
100
AcDbLine
8
EKP_POI_TASIYICI_SASE
10
-0.2625151449782895
20
2.0455000002980235
30
1.7800000095367432
11
-0.2625151449782895
21
1.4254999997019766
31
1.7800000095367432
0
LINE
5
DD78
330
D818
100
AcDbEntity
100
AcDbLine
8
EKP_POI_TASIYICI_SASE
10
-0.2625151449782895
20
1.4254999997019766
30
1.7200000095367431
11
-0.2625151449782895
21
1.4254999997019766
31
1.7800000095367432
0
LINE
5
DD79
330
D818
100
AcDbEntity
100
AcDbLine
8
EKP_POI_TASIYICI_SASE
10
0.4374848431007817
20
1.4254999997019766
30
1.7200000095367431
11
0.4374848431007817
21
1.4254999997019766
31
1.7800000095367432
0
LINE
5
DD7A
330
D818
100
AcDbEntity
100
AcDbLine
8
EKP_POI_TASIYICI_SASE
10
0.4374848431007817
20
2.0455000002980235
30
1.7200000095367431
11
0.4374848431007817
21
2.0455000002980235
31
1.7800000095367432
0
LINE
5
DD7B
330
D818
100
AcDbEntity
100
AcDbLine
8
EKP_POI_TASIYICI_SASE
10
-0.2625151449782895
20
2.0455000002980235
30
1.7200000095367431
11
-0.2625151449782895
21
2.0455000002980235
31
1.7800000095367432
0
3DFACE
5
DD7C
330
D818
100
AcDbEntity
100
AcDbFace
8
EKP_POI_TASIYICI_SASE
10
-0.2625151449782895
20
1.4854999997019767
30
0.14000000011175862
11
-0.20251514497828949
21
1.4854999997019767
31
0.14000000011175862
12
-0.20251514497828949
22
1.9855000002980234
32
0.14000000011175862
13
-0.2625151449782895
23
1.9855000002980234
33
0.14000000011175862
0
3DFACE
5
DD7D
330
D818
100
AcDbEntity
100
AcDbFace
8
EKP_POI_TASIYICI_SASE
10
-0.2625151449782895
20
1.4854999997019767
30
0.18000000011175862
11
-0.20251514497828949
21
1.4854999997019767
31
0.18000000011175862
12
-0.20251514497828949
22
1.9855000002980234
32
0.18000000011175862
13
-0.2625151449782895
23
1.9855000002980234
33
0.18000000011175862
0
3DFACE
5
DD7E
330
D818
100
AcDbEntity
100
AcDbFace
8
EKP_POI_TASIYICI_SASE
10
-0.2625151449782895
20
1.4854999997019767
30
0.14000000011175862
11
-0.20251514497828949
21
1.4854999997019767
31
0.14000000011175862
12
-0.20251514497828949
22
1.4854999997019767
32
0.18000000011175862
13
-0.2625151449782895
23
1.4854999997019767
33
0.18000000011175862
0
3DFACE
5
DD7F
330
D818
100
AcDbEntity
100
AcDbFace
8
EKP_POI_TASIYICI_SASE
10
-0.2625151449782895
20
1.9855000002980234
30
0.14000000011175862
11
-0.20251514497828949
21
1.9855000002980234
31
0.14000000011175862
12
-0.20251514497828949
22
1.9855000002980234
32
0.18000000011175862
13
-0.2625151449782895
23
1.9855000002980234
33
0.18000000011175862
0
3DFACE
5
DD80
330
D818
100
AcDbEntity
100
AcDbFace
8
EKP_POI_TASIYICI_SASE
10
-0.2625151449782895
20
1.4854999997019767
30
0.14000000011175862
11
-0.2625151449782895
21
1.9855000002980234
31
0.14000000011175862
12
-0.2625151449782895
22
1.9855000002980234
32
0.18000000011175862
13
-0.2625151449782895
23
1.4854999997019767
33
0.18000000011175862
0
3DFACE
5
DD81
330
D818
100
AcDbEntity
100
AcDbFace
8
EKP_POI_TASIYICI_SASE
10
-0.20251514497828949
20
1.4854999997019767
30
0.14000000011175862
11
-0.20251514497828949
21
1.9855000002980234
31
0.14000000011175862
12
-0.20251514497828949
22
1.9855000002980234
32
0.18000000011175862
13
-0.20251514497828949
23
1.4854999997019767
33
0.18000000011175862
0
LINE
5
DD82
330
D818
100
AcDbEntity
100
AcDbLine
8
EKP_POI_TASIYICI_SASE
10
-0.2625151449782895
20
1.4854999997019767
30
0.14000000011175862
11
-0.20251514497828949
21
1.4854999997019767
31
0.14000000011175862
0
LINE
5
DD83
330
D818
100
AcDbEntity
100
AcDbLine
8
EKP_POI_TASIYICI_SASE
10
-0.20251514497828949
20
1.4854999997019767
30
0.14000000011175862
11
-0.20251514497828949
21
1.9855000002980234
31
0.14000000011175862
0
LINE
5
DD84
330
D818
100
AcDbEntity
100
AcDbLine
8
EKP_POI_TASIYICI_SASE
10
-0.20251514497828949
20
1.9855000002980234
30
0.14000000011175862
11
-0.2625151449782895
21
1.9855000002980234
31
0.14000000011175862
0
LINE
5
DD85
330
D818
100
AcDbEntity
100
AcDbLine
8
EKP_POI_TASIYICI_SASE
10
-0.2625151449782895
20
1.9855000002980234
30
0.14000000011175862
11
-0.2625151449782895
21
1.4854999997019767
31
0.14000000011175862
0
LINE
5
DD86
330
D818
100
AcDbEntity
100
AcDbLine
8
EKP_POI_TASIYICI_SASE
10
-0.2625151449782895
20
1.4854999997019767
30
0.18000000011175862
11
-0.20251514497828949
21
1.4854999997019767
31
0.18000000011175862
0
LINE
5
DD87
330
D818
100
AcDbEntity
100
AcDbLine
8
EKP_POI_TASIYICI_SASE
10
-0.20251514497828949
20
1.4854999997019767
30
0.18000000011175862
11
-0.20251514497828949
21
1.9855000002980234
31
0.18000000011175862
0
LINE
5
DD88
330
D818
100
AcDbEntity
100
AcDbLine
8
EKP_POI_TASIYICI_SASE
10
-0.20251514497828949
20
1.9855000002980234
30
0.18000000011175862
11
-0.2625151449782895
21
1.9855000002980234
31
0.18000000011175862
0
LINE
5
DD89
330
D818
100
AcDbEntity
100
AcDbLine
8
EKP_POI_TASIYICI_SASE
10
-0.2625151449782895
20
1.9855000002980234
30
0.18000000011175862
11
-0.2625151449782895
21
1.4854999997019767
31
0.18000000011175862
0
LINE
5
DD8A
330
D818
100
AcDbEntity
100
AcDbLine
8
EKP_POI_TASIYICI_SASE
10
-0.2625151449782895
20
1.4854999997019767
30
0.14000000011175862
11
-0.2625151449782895
21
1.4854999997019767
31
0.18000000011175862
0
LINE
5
DD8B
330
D818
100
AcDbEntity
100
AcDbLine
8
EKP_POI_TASIYICI_SASE
10
-0.20251514497828949
20
1.4854999997019767
30
0.14000000011175862
11
-0.20251514497828949
21
1.4854999997019767
31
0.18000000011175862
0
LINE
5
DD8C
330
D818
100
AcDbEntity
100
AcDbLine
8
EKP_POI_TASIYICI_SASE
10
-0.20251514497828949
20
1.9855000002980234
30
0.14000000011175862
11
-0.20251514497828949
21
1.9855000002980234
31
0.18000000011175862
0
LINE
5
DD8D
330
D818
100
AcDbEntity
100
AcDbLine
8
EKP_POI_TASIYICI_SASE
10
-0.2625151449782895
20
1.9855000002980234
30
0.14000000011175862
11
-0.2625151449782895
21
1.9855000002980234
31
0.18000000011175862
0
3DFACE
5
DD8E
330
D818
100
AcDbEntity
100
AcDbFace
8
EKP_POI_TASIYICI_SASE
10
0.3774848431007817
20
1.4854999997019767
30
0.14000000011175862
11
0.4374848431007817
21
1.4854999997019767
31
0.14000000011175862
12
0.4374848431007817
22
1.9855000002980234
32
0.14000000011175862
13
0.3774848431007817
23
1.9855000002980234
33
0.14000000011175862
0
3DFACE
5
DD8F
330
D818
100
AcDbEntity
100
AcDbFace
8
EKP_POI_TASIYICI_SASE
10
0.3774848431007817
20
1.4854999997019767
30
0.18000000011175862
11
0.4374848431007817
21
1.4854999997019767
31
0.18000000011175862
12
0.4374848431007817
22
1.9855000002980234
32
0.18000000011175862
13
0.3774848431007817
23
1.9855000002980234
33
0.18000000011175862
0
3DFACE
5
DD90
330
D818
100
AcDbEntity
100
AcDbFace
8
EKP_POI_TASIYICI_SASE
10
0.3774848431007817
20
1.4854999997019767
30
0.14000000011175862
11
0.4374848431007817
21
1.4854999997019767
31
0.14000000011175862
12
0.4374848431007817
22
1.4854999997019767
32
0.18000000011175862
13
0.3774848431007817
23
1.4854999997019767
33
0.18000000011175862
0
3DFACE
5
DD91
330
D818
100
AcDbEntity
100
AcDbFace
8
EKP_POI_TASIYICI_SASE
10
0.3774848431007817
20
1.9855000002980234
30
0.14000000011175862
11
0.4374848431007817
21
1.9855000002980234
31
0.14000000011175862
12
0.4374848431007817
22
1.9855000002980234
32
0.18000000011175862
13
0.3774848431007817
23
1.9855000002980234
33
0.18000000011175862
0
3DFACE
5
DD92
330
D818
100
AcDbEntity
100
AcDbFace
8
EKP_POI_TASIYICI_SASE
10
0.3774848431007817
20
1.4854999997019767
30
0.14000000011175862
11
0.3774848431007817
21
1.9855000002980234
31
0.14000000011175862
12
0.3774848431007817
22
1.9855000002980234
32
0.18000000011175862
13
0.3774848431007817
23
1.4854999997019767
33
0.18000000011175862
0
3DFACE
5
DD93
330
D818
100
AcDbEntity
100
AcDbFace
8
EKP_POI_TASIYICI_SASE
10
0.4374848431007817
20
1.4854999997019767
30
0.14000000011175862
11
0.4374848431007817
21
1.9855000002980234
31
0.14000000011175862
12
0.4374848431007817
22
1.9855000002980234
32
0.18000000011175862
13
0.4374848431007817
23
1.4854999997019767
33
0.18000000011175862
0
LINE
5
DD94
330
D818
100
AcDbEntity
100
AcDbLine
8
EKP_POI_TASIYICI_SASE
10
0.3774848431007817
20
1.4854999997019767
30
0.14000000011175862
11
0.4374848431007817
21
1.4854999997019767
31
0.14000000011175862
0
LINE
5
DD95
330
D818
100
AcDbEntity
100
AcDbLine
8
EKP_POI_TASIYICI_SASE
10
0.4374848431007817
20
1.4854999997019767
30
0.14000000011175862
11
0.4374848431007817
21
1.9855000002980234
31
0.14000000011175862
0
LINE
5
DD96
330
D818
100
AcDbEntity
100
AcDbLine
8
EKP_POI_TASIYICI_SASE
10
0.4374848431007817
20
1.9855000002980234
30
0.14000000011175862
11
0.3774848431007817
21
1.9855000002980234
31
0.14000000011175862
0
LINE
5
DD97
330
D818
100
AcDbEntity
100
AcDbLine
8
EKP_POI_TASIYICI_SASE
10
0.3774848431007817
20
1.9855000002980234
30
0.14000000011175862
11
0.3774848431007817
21
1.4854999997019767
31
0.14000000011175862
0
LINE
5
DD98
330
D818
100
AcDbEntity
100
AcDbLine
8
EKP_POI_TASIYICI_SASE
10
0.3774848431007817
20
1.4854999997019767
30
0.18000000011175862
11
0.4374848431007817
21
1.4854999997019767
31
0.18000000011175862
0
LINE
5
DD99
330
D818
100
AcDbEntity
100
AcDbLine
8
EKP_POI_TASIYICI_SASE
10
0.4374848431007817
20
1.4854999997019767
30
0.18000000011175862
11
0.4374848431007817
21
1.9855000002980234
31
0.18000000011175862
0
LINE
5
DD9A
330
D818
100
AcDbEntity
100
AcDbLine
8
EKP_POI_TASIYICI_SASE
10
0.4374848431007817
20
1.9855000002980234
30
0.18000000011175862
11
0.3774848431007817
21
1.9855000002980234
31
0.18000000011175862
0
LINE
5
DD9B
330
D818
100
AcDbEntity
100
AcDbLine
8
EKP_POI_TASIYICI_SASE
10
0.3774848431007817
20
1.9855000002980234
30
0.18000000011175862
11
0.3774848431007817
21
1.4854999997019767
31
0.18000000011175862
0
LINE
5
DD9C
330
D818
100
AcDbEntity
100
AcDbLine
8
EKP_POI_TASIYICI_SASE
10
0.3774848431007817
20
1.4854999997019767
30
0.14000000011175862
11
0.3774848431007817
21
1.4854999997019767
31
0.18000000011175862
0
LINE
5
DD9D
330
D818
100
AcDbEntity
100
AcDbLine
8
EKP_POI_TASIYICI_SASE
10
0.4374848431007817
20
1.4854999997019767
30
0.14000000011175862
11
0.4374848431007817
21
1.4854999997019767
31
0.18000000011175862
0
LINE
5
DD9E
330
D818
100
AcDbEntity
100
AcDbLine
8
EKP_POI_TASIYICI_SASE
10
0.4374848431007817
20
1.9855000002980234
30
0.14000000011175862
11
0.4374848431007817
21
1.9855000002980234
31
0.18000000011175862
0
LINE
5
DD9F
330
D818
100
AcDbEntity
100
AcDbLine
8
EKP_POI_TASIYICI_SASE
10
0.3774848431007817
20
1.9855000002980234
30
0.14000000011175862
11
0.3774848431007817
21
1.9855000002980234
31
0.18000000011175862
0
3DFACE
5
DDA0
330
D818
100
AcDbEntity
100
AcDbFace
8
EKP_POI_TASIYICI_SASE
10
-0.2625151449782895
20
1.4854999997019767
30
0.8900000048242509
11
-0.20251514497828949
21
1.4854999997019767
31
0.8900000048242509
12
-0.20251514497828949
22
1.9855000002980234
32
0.8900000048242509
13
-0.2625151449782895
23
1.9855000002980234
33
0.8900000048242509
0
3DFACE
5
DDA1
330
D818
100
AcDbEntity
100
AcDbFace
8
EKP_POI_TASIYICI_SASE
10
-0.2625151449782895
20
1.4854999997019767
30
0.9300000048242509
11
-0.20251514497828949
21
1.4854999997019767
31
0.9300000048242509
12
-0.20251514497828949
22
1.9855000002980234
32
0.9300000048242509
13
-0.2625151449782895
23
1.9855000002980234
33
0.9300000048242509
0
3DFACE
5
DDA2
330
D818
100
AcDbEntity
100
AcDbFace
8
EKP_POI_TASIYICI_SASE
10
-0.2625151449782895
20
1.4854999997019767
30
0.8900000048242509
11
-0.20251514497828949
21
1.4854999997019767
31
0.8900000048242509
12
-0.20251514497828949
22
1.4854999997019767
32
0.9300000048242509
13
-0.2625151449782895
23
1.4854999997019767
33
0.9300000048242509
0
3DFACE
5
DDA3
330
D818
100
AcDbEntity
100
AcDbFace
8
EKP_POI_TASIYICI_SASE
10
-0.2625151449782895
20
1.9855000002980234
30
0.8900000048242509
11
-0.20251514497828949
21
1.9855000002980234
31
0.8900000048242509
12
-0.20251514497828949
22
1.9855000002980234
32
0.9300000048242509
13
-0.2625151449782895
23
1.9855000002980234
33
0.9300000048242509
0
3DFACE
5
DDA4
330
D818
100
AcDbEntity
100
AcDbFace
8
EKP_POI_TASIYICI_SASE
10
-0.2625151449782895
20
1.4854999997019767
30
0.8900000048242509
11
-0.2625151449782895
21
1.9855000002980234
31
0.8900000048242509
12
-0.2625151449782895
22
1.9855000002980234
32
0.9300000048242509
13
-0.2625151449782895
23
1.4854999997019767
33
0.9300000048242509
0
3DFACE
5
DDA5
330
D818
100
AcDbEntity
100
AcDbFace
8
EKP_POI_TASIYICI_SASE
10
-0.20251514497828949
20
1.4854999997019767
30
0.8900000048242509
11
-0.20251514497828949
21
1.9855000002980234
31
0.8900000048242509
12
-0.20251514497828949
22
1.9855000002980234
32
0.9300000048242509
13
-0.20251514497828949
23
1.4854999997019767
33
0.9300000048242509
0
LINE
5
DDA6
330
D818
100
AcDbEntity
100
AcDbLine
8
EKP_POI_TASIYICI_SASE
10
-0.2625151449782895
20
1.4854999997019767
30
0.8900000048242509
11
-0.20251514497828949
21
1.4854999997019767
31
0.8900000048242509
0
LINE
5
DDA7
330
D818
100
AcDbEntity
100
AcDbLine
8
EKP_POI_TASIYICI_SASE
10
-0.20251514497828949
20
1.4854999997019767
30
0.8900000048242509
11
-0.20251514497828949
21
1.9855000002980234
31
0.8900000048242509
0
LINE
5
DDA8
330
D818
100
AcDbEntity
100
AcDbLine
8
EKP_POI_TASIYICI_SASE
10
-0.20251514497828949
20
1.9855000002980234
30
0.8900000048242509
11
-0.2625151449782895
21
1.9855000002980234
31
0.8900000048242509
0
LINE
5
DDA9
330
D818
100
AcDbEntity
100
AcDbLine
8
EKP_POI_TASIYICI_SASE
10
-0.2625151449782895
20
1.9855000002980234
30
0.8900000048242509
11
-0.2625151449782895
21
1.4854999997019767
31
0.8900000048242509
0
LINE
5
DDAA
330
D818
100
AcDbEntity
100
AcDbLine
8
EKP_POI_TASIYICI_SASE
10
-0.2625151449782895
20
1.4854999997019767
30
0.9300000048242509
11
-0.20251514497828949
21
1.4854999997019767
31
0.9300000048242509
0
LINE
5
DDAB
330
D818
100
AcDbEntity
100
AcDbLine
8
EKP_POI_TASIYICI_SASE
10
-0.20251514497828949
20
1.4854999997019767
30
0.9300000048242509
11
-0.20251514497828949
21
1.9855000002980234
31
0.9300000048242509
0
LINE
5
DDAC
330
D818
100
AcDbEntity
100
AcDbLine
8
EKP_POI_TASIYICI_SASE
10
-0.20251514497828949
20
1.9855000002980234
30
0.9300000048242509
11
-0.2625151449782895
21
1.9855000002980234
31
0.9300000048242509
0
LINE
5
DDAD
330
D818
100
AcDbEntity
100
AcDbLine
8
EKP_POI_TASIYICI_SASE
10
-0.2625151449782895
20
1.9855000002980234
30
0.9300000048242509
11
-0.2625151449782895
21
1.4854999997019767
31
0.9300000048242509
0
LINE
5
DDAE
330
D818
100
AcDbEntity
100
AcDbLine
8
EKP_POI_TASIYICI_SASE
10
-0.2625151449782895
20
1.4854999997019767
30
0.8900000048242509
11
-0.2625151449782895
21
1.4854999997019767
31
0.9300000048242509
0
LINE
5
DDAF
330
D818
100
AcDbEntity
100
AcDbLine
8
EKP_POI_TASIYICI_SASE
10
-0.20251514497828949
20
1.4854999997019767
30
0.8900000048242509
11
-0.20251514497828949
21
1.4854999997019767
31
0.9300000048242509
0
LINE
5
DDB0
330
D818
100
AcDbEntity
100
AcDbLine
8
EKP_POI_TASIYICI_SASE
10
-0.20251514497828949
20
1.9855000002980234
30
0.8900000048242509
11
-0.20251514497828949
21
1.9855000002980234
31
0.9300000048242509
0
LINE
5
DDB1
330
D818
100
AcDbEntity
100
AcDbLine
8
EKP_POI_TASIYICI_SASE
10
-0.2625151449782895
20
1.9855000002980234
30
0.8900000048242509
11
-0.2625151449782895
21
1.9855000002980234
31
0.9300000048242509
0
3DFACE
5
DDB2
330
D818
100
AcDbEntity
100
AcDbFace
8
EKP_POI_TASIYICI_SASE
10
0.3774848431007817
20
1.4854999997019767
30
0.8900000048242509
11
0.4374848431007817
21
1.4854999997019767
31
0.8900000048242509
12
0.4374848431007817
22
1.9855000002980234
32
0.8900000048242509
13
0.3774848431007817
23
1.9855000002980234
33
0.8900000048242509
0
3DFACE
5
DDB3
330
D818
100
AcDbEntity
100
AcDbFace
8
EKP_POI_TASIYICI_SASE
10
0.3774848431007817
20
1.4854999997019767
30
0.9300000048242509
11
0.4374848431007817
21
1.4854999997019767
31
0.9300000048242509
12
0.4374848431007817
22
1.9855000002980234
32
0.9300000048242509
13
0.3774848431007817
23
1.9855000002980234
33
0.9300000048242509
0
3DFACE
5
DDB4
330
D818
100
AcDbEntity
100
AcDbFace
8
EKP_POI_TASIYICI_SASE
10
0.3774848431007817
20
1.4854999997019767
30
0.8900000048242509
11
0.4374848431007817
21
1.4854999997019767
31
0.8900000048242509
12
0.4374848431007817
22
1.4854999997019767
32
0.9300000048242509
13
0.3774848431007817
23
1.4854999997019767
33
0.9300000048242509
0
3DFACE
5
DDB5
330
D818
100
AcDbEntity
100
AcDbFace
8
EKP_POI_TASIYICI_SASE
10
0.3774848431007817
20
1.9855000002980234
30
0.8900000048242509
11
0.4374848431007817
21
1.9855000002980234
31
0.8900000048242509
12
0.4374848431007817
22
1.9855000002980234
32
0.9300000048242509
13
0.3774848431007817
23
1.9855000002980234
33
0.9300000048242509
0
3DFACE
5
DDB6
330
D818
100
AcDbEntity
100
AcDbFace
8
EKP_POI_TASIYICI_SASE
10
0.3774848431007817
20
1.4854999997019767
30
0.8900000048242509
11
0.3774848431007817
21
1.9855000002980234
31
0.8900000048242509
12
0.3774848431007817
22
1.9855000002980234
32
0.9300000048242509
13
0.3774848431007817
23
1.4854999997019767
33
0.9300000048242509
0
3DFACE
5
DDB7
330
D818
100
AcDbEntity
100
AcDbFace
8
EKP_POI_TASIYICI_SASE
10
0.4374848431007817
20
1.4854999997019767
30
0.8900000048242509
11
0.4374848431007817
21
1.9855000002980234
31
0.8900000048242509
12
0.4374848431007817
22
1.9855000002980234
32
0.9300000048242509
13
0.4374848431007817
23
1.4854999997019767
33
0.9300000048242509
0
LINE
5
DDB8
330
D818
100
AcDbEntity
100
AcDbLine
8
EKP_POI_TASIYICI_SASE
10
0.3774848431007817
20
1.4854999997019767
30
0.8900000048242509
11
0.4374848431007817
21
1.4854999997019767
31
0.8900000048242509
0
LINE
5
DDB9
330
D818
100
AcDbEntity
100
AcDbLine
8
EKP_POI_TASIYICI_SASE
10
0.4374848431007817
20
1.4854999997019767
30
0.8900000048242509
11
0.4374848431007817
21
1.9855000002980234
31
0.8900000048242509
0
LINE
5
DDBA
330
D818
100
AcDbEntity
100
AcDbLine
8
EKP_POI_TASIYICI_SASE
10
0.4374848431007817
20
1.9855000002980234
30
0.8900000048242509
11
0.3774848431007817
21
1.9855000002980234
31
0.8900000048242509
0
LINE
5
DDBB
330
D818
100
AcDbEntity
100
AcDbLine
8
EKP_POI_TASIYICI_SASE
10
0.3774848431007817
20
1.9855000002980234
30
0.8900000048242509
11
0.3774848431007817
21
1.4854999997019767
31
0.8900000048242509
0
LINE
5
DDBC
330
D818
100
AcDbEntity
100
AcDbLine
8
EKP_POI_TASIYICI_SASE
10
0.3774848431007817
20
1.4854999997019767
30
0.9300000048242509
11
0.4374848431007817
21
1.4854999997019767
31
0.9300000048242509
0
LINE
5
DDBD
330
D818
100
AcDbEntity
100
AcDbLine
8
EKP_POI_TASIYICI_SASE
10
0.4374848431007817
20
1.4854999997019767
30
0.9300000048242509
11
0.4374848431007817
21
1.9855000002980234
31
0.9300000048242509
0
LINE
5
DDBE
330
D818
100
AcDbEntity
100
AcDbLine
8
EKP_POI_TASIYICI_SASE
10
0.4374848431007817
20
1.9855000002980234
30
0.9300000048242509
11
0.3774848431007817
21
1.9855000002980234
31
0.9300000048242509
0
LINE
5
DDBF
330
D818
100
AcDbEntity
100
AcDbLine
8
EKP_POI_TASIYICI_SASE
10
0.3774848431007817
20
1.9855000002980234
30
0.9300000048242509
11
0.3774848431007817
21
1.4854999997019767
31
0.9300000048242509
0
LINE
5
DDC0
330
D818
100
AcDbEntity
100
AcDbLine
8
EKP_POI_TASIYICI_SASE
10
0.3774848431007817
20
1.4854999997019767
30
0.8900000048242509
11
0.3774848431007817
21
1.4854999997019767
31
0.9300000048242509
0
LINE
5
DDC1
330
D818
100
AcDbEntity
100
AcDbLine
8
EKP_POI_TASIYICI_SASE
10
0.4374848431007817
20
1.4854999997019767
30
0.8900000048242509
11
0.4374848431007817
21
1.4854999997019767
31
0.9300000048242509
0
LINE
5
DDC2
330
D818
100
AcDbEntity
100
AcDbLine
8
EKP_POI_TASIYICI_SASE
10
0.4374848431007817
20
1.9855000002980234
30
0.8900000048242509
11
0.4374848431007817
21
1.9855000002980234
31
0.9300000048242509
0
LINE
5
DDC3
330
D818
100
AcDbEntity
100
AcDbLine
8
EKP_POI_TASIYICI_SASE
10
0.3774848431007817
20
1.9855000002980234
30
0.8900000048242509
11
0.3774848431007817
21
1.9855000002980234
31
0.9300000048242509
0
3DFACE
5
DDC4
330
D818
100
AcDbEntity
100
AcDbFace
8
EKP_POI_TASIYICI_SASE
10
-0.2625151449782895
20
1.4854999997019767
30
1.660000009536743
11
-0.20251514497828949
21
1.4854999997019767
31
1.660000009536743
12
-0.20251514497828949
22
1.9855000002980234
32
1.660000009536743
13
-0.2625151449782895
23
1.9855000002980234
33
1.660000009536743
0
3DFACE
5
DDC5
330
D818
100
AcDbEntity
100
AcDbFace
8
EKP_POI_TASIYICI_SASE
10
-0.2625151449782895
20
1.4854999997019767
30
1.7000000095367431
11
-0.20251514497828949
21
1.4854999997019767
31
1.7000000095367431
12
-0.20251514497828949
22
1.9855000002980234
32
1.7000000095367431
13
-0.2625151449782895
23
1.9855000002980234
33
1.7000000095367431
0
3DFACE
5
DDC6
330
D818
100
AcDbEntity
100
AcDbFace
8
EKP_POI_TASIYICI_SASE
10
-0.2625151449782895
20
1.4854999997019767
30
1.660000009536743
11
-0.20251514497828949
21
1.4854999997019767
31
1.660000009536743
12
-0.20251514497828949
22
1.4854999997019767
32
1.7000000095367431
13
-0.2625151449782895
23
1.4854999997019767
33
1.7000000095367431
0
3DFACE
5
DDC7
330
D818
100
AcDbEntity
100
AcDbFace
8
EKP_POI_TASIYICI_SASE
10
-0.2625151449782895
20
1.9855000002980234
30
1.660000009536743
11
-0.20251514497828949
21
1.9855000002980234
31
1.660000009536743
12
-0.20251514497828949
22
1.9855000002980234
32
1.7000000095367431
13
-0.2625151449782895
23
1.9855000002980234
33
1.7000000095367431
0
3DFACE
5
DDC8
330
D818
100
AcDbEntity
100
AcDbFace
8
EKP_POI_TASIYICI_SASE
10
-0.2625151449782895
20
1.4854999997019767
30
1.660000009536743
11
-0.2625151449782895
21
1.9855000002980234
31
1.660000009536743
12
-0.2625151449782895
22
1.9855000002980234
32
1.7000000095367431
13
-0.2625151449782895
23
1.4854999997019767
33
1.7000000095367431
0
3DFACE
5
DDC9
330
D818
100
AcDbEntity
100
AcDbFace
8
EKP_POI_TASIYICI_SASE
10
-0.20251514497828949
20
1.4854999997019767
30
1.660000009536743
11
-0.20251514497828949
21
1.9855000002980234
31
1.660000009536743
12
-0.20251514497828949
22
1.9855000002980234
32
1.7000000095367431
13
-0.20251514497828949
23
1.4854999997019767
33
1.7000000095367431
0
LINE
5
DDCA
330
D818
100
AcDbEntity
100
AcDbLine
8
EKP_POI_TASIYICI_SASE
10
-0.2625151449782895
20
1.4854999997019767
30
1.660000009536743
11
-0.20251514497828949
21
1.4854999997019767
31
1.660000009536743
0
LINE
5
DDCB
330
D818
100
AcDbEntity
100
AcDbLine
8
EKP_POI_TASIYICI_SASE
10
-0.20251514497828949
20
1.4854999997019767
30
1.660000009536743
11
-0.20251514497828949
21
1.9855000002980234
31
1.660000009536743
0
LINE
5
DDCC
330
D818
100
AcDbEntity
100
AcDbLine
8
EKP_POI_TASIYICI_SASE
10
-0.20251514497828949
20
1.9855000002980234
30
1.660000009536743
11
-0.2625151449782895
21
1.9855000002980234
31
1.660000009536743
0
LINE
5
DDCD
330
D818
100
AcDbEntity
100
AcDbLine
8
EKP_POI_TASIYICI_SASE
10
-0.2625151449782895
20
1.9855000002980234
30
1.660000009536743
11
-0.2625151449782895
21
1.4854999997019767
31
1.660000009536743
0
LINE
5
DDCE
330
D818
100
AcDbEntity
100
AcDbLine
8
EKP_POI_TASIYICI_SASE
10
-0.2625151449782895
20
1.4854999997019767
30
1.7000000095367431
11
-0.20251514497828949
21
1.4854999997019767
31
1.7000000095367431
0
LINE
5
DDCF
330
D818
100
AcDbEntity
100
AcDbLine
8
EKP_POI_TASIYICI_SASE
10
-0.20251514497828949
20
1.4854999997019767
30
1.7000000095367431
11
-0.20251514497828949
21
1.9855000002980234
31
1.7000000095367431
0
LINE
5
DDD0
330
D818
100
AcDbEntity
100
AcDbLine
8
EKP_POI_TASIYICI_SASE
10
-0.20251514497828949
20
1.9855000002980234
30
1.7000000095367431
11
-0.2625151449782895
21
1.9855000002980234
31
1.7000000095367431
0
LINE
5
DDD1
330
D818
100
AcDbEntity
100
AcDbLine
8
EKP_POI_TASIYICI_SASE
10
-0.2625151449782895
20
1.9855000002980234
30
1.7000000095367431
11
-0.2625151449782895
21
1.4854999997019767
31
1.7000000095367431
0
LINE
5
DDD2
330
D818
100
AcDbEntity
100
AcDbLine
8
EKP_POI_TASIYICI_SASE
10
-0.2625151449782895
20
1.4854999997019767
30
1.660000009536743
11
-0.2625151449782895
21
1.4854999997019767
31
1.7000000095367431
0
LINE
5
DDD3
330
D818
100
AcDbEntity
100
AcDbLine
8
EKP_POI_TASIYICI_SASE
10
-0.20251514497828949
20
1.4854999997019767
30
1.660000009536743
11
-0.20251514497828949
21
1.4854999997019767
31
1.7000000095367431
0
LINE
5
DDD4
330
D818
100
AcDbEntity
100
AcDbLine
8
EKP_POI_TASIYICI_SASE
10
-0.20251514497828949
20
1.9855000002980234
30
1.660000009536743
11
-0.20251514497828949
21
1.9855000002980234
31
1.7000000095367431
0
LINE
5
DDD5
330
D818
100
AcDbEntity
100
AcDbLine
8
EKP_POI_TASIYICI_SASE
10
-0.2625151449782895
20
1.9855000002980234
30
1.660000009536743
11
-0.2625151449782895
21
1.9855000002980234
31
1.7000000095367431
0
3DFACE
5
DDD6
330
D818
100
AcDbEntity
100
AcDbFace
8
EKP_POI_TASIYICI_SASE
10
0.3774848431007817
20
1.4854999997019767
30
1.660000009536743
11
0.4374848431007817
21
1.4854999997019767
31
1.660000009536743
12
0.4374848431007817
22
1.9855000002980234
32
1.660000009536743
13
0.3774848431007817
23
1.9855000002980234
33
1.660000009536743
0
3DFACE
5
DDD7
330
D818
100
AcDbEntity
100
AcDbFace
8
EKP_POI_TASIYICI_SASE
10
0.3774848431007817
20
1.4854999997019767
30
1.7000000095367431
11
0.4374848431007817
21
1.4854999997019767
31
1.7000000095367431
12
0.4374848431007817
22
1.9855000002980234
32
1.7000000095367431
13
0.3774848431007817
23
1.9855000002980234
33
1.7000000095367431
0
3DFACE
5
DDD8
330
D818
100
AcDbEntity
100
AcDbFace
8
EKP_POI_TASIYICI_SASE
10
0.3774848431007817
20
1.4854999997019767
30
1.660000009536743
11
0.4374848431007817
21
1.4854999997019767
31
1.660000009536743
12
0.4374848431007817
22
1.4854999997019767
32
1.7000000095367431
13
0.3774848431007817
23
1.4854999997019767
33
1.7000000095367431
0
3DFACE
5
DDD9
330
D818
100
AcDbEntity
100
AcDbFace
8
EKP_POI_TASIYICI_SASE
10
0.3774848431007817
20
1.9855000002980234
30
1.660000009536743
11
0.4374848431007817
21
1.9855000002980234
31
1.660000009536743
12
0.4374848431007817
22
1.9855000002980234
32
1.7000000095367431
13
0.3774848431007817
23
1.9855000002980234
33
1.7000000095367431
0
3DFACE
5
DDDA
330
D818
100
AcDbEntity
100
AcDbFace
8
EKP_POI_TASIYICI_SASE
10
0.3774848431007817
20
1.4854999997019767
30
1.660000009536743
11
0.3774848431007817
21
1.9855000002980234
31
1.660000009536743
12
0.3774848431007817
22
1.9855000002980234
32
1.7000000095367431
13
0.3774848431007817
23
1.4854999997019767
33
1.7000000095367431
0
3DFACE
5
DDDB
330
D818
100
AcDbEntity
100
AcDbFace
8
EKP_POI_TASIYICI_SASE
10
0.4374848431007817
20
1.4854999997019767
30
1.660000009536743
11
0.4374848431007817
21
1.9855000002980234
31
1.660000009536743
12
0.4374848431007817
22
1.9855000002980234
32
1.7000000095367431
13
0.4374848431007817
23
1.4854999997019767
33
1.7000000095367431
0
LINE
5
DDDC
330
D818
100
AcDbEntity
100
AcDbLine
8
EKP_POI_TASIYICI_SASE
10
0.3774848431007817
20
1.4854999997019767
30
1.660000009536743
11
0.4374848431007817
21
1.4854999997019767
31
1.660000009536743
0
LINE
5
DDDD
330
D818
100
AcDbEntity
100
AcDbLine
8
EKP_POI_TASIYICI_SASE
10
0.4374848431007817
20
1.4854999997019767
30
1.660000009536743
11
0.4374848431007817
21
1.9855000002980234
31
1.660000009536743
0
LINE
5
DDDE
330
D818
100
AcDbEntity
100
AcDbLine
8
EKP_POI_TASIYICI_SASE
10
0.4374848431007817
20
1.9855000002980234
30
1.660000009536743
11
0.3774848431007817
21
1.9855000002980234
31
1.660000009536743
0
LINE
5
DDDF
330
D818
100
AcDbEntity
100
AcDbLine
8
EKP_POI_TASIYICI_SASE
10
0.3774848431007817
20
1.9855000002980234
30
1.660000009536743
11
0.3774848431007817
21
1.4854999997019767
31
1.660000009536743
0
LINE
5
DDE0
330
D818
100
AcDbEntity
100
AcDbLine
8
EKP_POI_TASIYICI_SASE
10
0.3774848431007817
20
1.4854999997019767
30
1.7000000095367431
11
0.4374848431007817
21
1.4854999997019767
31
1.7000000095367431
0
LINE
5
DDE1
330
D818
100
AcDbEntity
100
AcDbLine
8
EKP_POI_TASIYICI_SASE
10
0.4374848431007817
20
1.4854999997019767
30
1.7000000095367431
11
0.4374848431007817
21
1.9855000002980234
31
1.7000000095367431
0
LINE
5
DDE2
330
D818
100
AcDbEntity
100
AcDbLine
8
EKP_POI_TASIYICI_SASE
10
0.4374848431007817
20
1.9855000002980234
30
1.7000000095367431
11
0.3774848431007817
21
1.9855000002980234
31
1.7000000095367431
0
LINE
5
DDE3
330
D818
100
AcDbEntity
100
AcDbLine
8
EKP_POI_TASIYICI_SASE
10
0.3774848431007817
20
1.9855000002980234
30
1.7000000095367431
11
0.3774848431007817
21
1.4854999997019767
31
1.7000000095367431
0
LINE
5
DDE4
330
D818
100
AcDbEntity
100
AcDbLine
8
EKP_POI_TASIYICI_SASE
10
0.3774848431007817
20
1.4854999997019767
30
1.660000009536743
11
0.3774848431007817
21
1.4854999997019767
31
1.7000000095367431
0
LINE
5
DDE5
330
D818
100
AcDbEntity
100
AcDbLine
8
EKP_POI_TASIYICI_SASE
10
0.4374848431007817
20
1.4854999997019767
30
1.660000009536743
11
0.4374848431007817
21
1.4854999997019767
31
1.7000000095367431
0
LINE
5
DDE6
330
D818
100
AcDbEntity
100
AcDbLine
8
EKP_POI_TASIYICI_SASE
10
0.4374848431007817
20
1.9855000002980234
30
1.660000009536743
11
0.4374848431007817
21
1.9855000002980234
31
1.7000000095367431
0
LINE
5
DDE7
330
D818
100
AcDbEntity
100
AcDbLine
8
EKP_POI_TASIYICI_SASE
10
0.3774848431007817
20
1.9855000002980234
30
1.660000009536743
11
0.3774848431007817
21
1.9855000002980234
31
1.7000000095367431
0
3DFACE
5
DDE8
330
D818
100
AcDbEntity
100
AcDbFace
8
EKP_POI_TASIYICI_SASE
10
-0.1788151509387539
20
1.4854999997019767
30
0.10000000011175861
11
-0.1538151509387539
21
1.4854999997019767
31
0.10000000011175861
12
-0.1538151509387539
22
1.5104999997019766
32
0.10000000011175861
13
-0.1788151509387539
23
1.5104999997019766
33
0.10000000011175861
0
3DFACE
5
DDE9
330
D818
100
AcDbEntity
100
AcDbFace
8
EKP_POI_TASIYICI_SASE
10
-0.1788151509387539
20
1.4854999997019767
30
1.7200000095367431
11
-0.1538151509387539
21
1.4854999997019767
31
1.7200000095367431
12
-0.1538151509387539
22
1.5104999997019766
32
1.7200000095367431
13
-0.1788151509387539
23
1.5104999997019766
33
1.7200000095367431
0
3DFACE
5
DDEA
330
D818
100
AcDbEntity
100
AcDbFace
8
EKP_POI_TASIYICI_SASE
10
-0.1788151509387539
20
1.4854999997019767
30
0.10000000011175861
11
-0.1538151509387539
21
1.4854999997019767
31
0.10000000011175861
12
-0.1538151509387539
22
1.4854999997019767
32
1.7200000095367431
13
-0.1788151509387539
23
1.4854999997019767
33
1.7200000095367431
0
3DFACE
5
DDEB
330
D818
100
AcDbEntity
100
AcDbFace
8
EKP_POI_TASIYICI_SASE
10
-0.1788151509387539
20
1.5104999997019766
30
0.10000000011175861
11
-0.1538151509387539
21
1.5104999997019766
31
0.10000000011175861
12
-0.1538151509387539
22
1.5104999997019766
32
1.7200000095367431
13
-0.1788151509387539
23
1.5104999997019766
33
1.7200000095367431
0
3DFACE
5
DDEC
330
D818
100
AcDbEntity
100
AcDbFace
8
EKP_POI_TASIYICI_SASE
10
-0.1788151509387539
20
1.4854999997019767
30
0.10000000011175861
11
-0.1788151509387539
21
1.5104999997019766
31
0.10000000011175861
12
-0.1788151509387539
22
1.5104999997019766
32
1.7200000095367431
13
-0.1788151509387539
23
1.4854999997019767
33
1.7200000095367431
0
3DFACE
5
DDED
330
D818
100
AcDbEntity
100
AcDbFace
8
EKP_POI_TASIYICI_SASE
10
-0.1538151509387539
20
1.4854999997019767
30
0.10000000011175861
11
-0.1538151509387539
21
1.5104999997019766
31
0.10000000011175861
12
-0.1538151509387539
22
1.5104999997019766
32
1.7200000095367431
13
-0.1538151509387539
23
1.4854999997019767
33
1.7200000095367431
0
LINE
5
DDEE
330
D818
100
AcDbEntity
100
AcDbLine
8
EKP_POI_TASIYICI_SASE
10
-0.1788151509387539
20
1.4854999997019767
30
0.10000000011175861
11
-0.1538151509387539
21
1.4854999997019767
31
0.10000000011175861
0
LINE
5
DDEF
330
D818
100
AcDbEntity
100
AcDbLine
8
EKP_POI_TASIYICI_SASE
10
-0.1538151509387539
20
1.4854999997019767
30
0.10000000011175861
11
-0.1538151509387539
21
1.5104999997019766
31
0.10000000011175861
0
LINE
5
DDF0
330
D818
100
AcDbEntity
100
AcDbLine
8
EKP_POI_TASIYICI_SASE
10
-0.1538151509387539
20
1.5104999997019766
30
0.10000000011175861
11
-0.1788151509387539
21
1.5104999997019766
31
0.10000000011175861
0
LINE
5
DDF1
330
D818
100
AcDbEntity
100
AcDbLine
8
EKP_POI_TASIYICI_SASE
10
-0.1788151509387539
20
1.5104999997019766
30
0.10000000011175861
11
-0.1788151509387539
21
1.4854999997019767
31
0.10000000011175861
0
LINE
5
DDF2
330
D818
100
AcDbEntity
100
AcDbLine
8
EKP_POI_TASIYICI_SASE
10
-0.1788151509387539
20
1.4854999997019767
30
1.7200000095367431
11
-0.1538151509387539
21
1.4854999997019767
31
1.7200000095367431
0
LINE
5
DDF3
330
D818
100
AcDbEntity
100
AcDbLine
8
EKP_POI_TASIYICI_SASE
10
-0.1538151509387539
20
1.4854999997019767
30
1.7200000095367431
11
-0.1538151509387539
21
1.5104999997019766
31
1.7200000095367431
0
LINE
5
DDF4
330
D818
100
AcDbEntity
100
AcDbLine
8
EKP_POI_TASIYICI_SASE
10
-0.1538151509387539
20
1.5104999997019766
30
1.7200000095367431
11
-0.1788151509387539
21
1.5104999997019766
31
1.7200000095367431
0
LINE
5
DDF5
330
D818
100
AcDbEntity
100
AcDbLine
8
EKP_POI_TASIYICI_SASE
10
-0.1788151509387539
20
1.5104999997019766
30
1.7200000095367431
11
-0.1788151509387539
21
1.4854999997019767
31
1.7200000095367431
0
LINE
5
DDF6
330
D818
100
AcDbEntity
100
AcDbLine
8
EKP_POI_TASIYICI_SASE
10
-0.1788151509387539
20
1.4854999997019767
30
0.10000000011175861
11
-0.1788151509387539
21
1.4854999997019767
31
1.7200000095367431
0
LINE
5
DDF7
330
D818
100
AcDbEntity
100
AcDbLine
8
EKP_POI_TASIYICI_SASE
10
-0.1538151509387539
20
1.4854999997019767
30
0.10000000011175861
11
-0.1538151509387539
21
1.4854999997019767
31
1.7200000095367431
0
LINE
5
DDF8
330
D818
100
AcDbEntity
100
AcDbLine
8
EKP_POI_TASIYICI_SASE
10
-0.1538151509387539
20
1.5104999997019766
30
0.10000000011175861
11
-0.1538151509387539
21
1.5104999997019766
31
1.7200000095367431
0
LINE
5
DDF9
330
D818
100
AcDbEntity
100
AcDbLine
8
EKP_POI_TASIYICI_SASE
10
-0.1788151509387539
20
1.5104999997019766
30
0.10000000011175861
11
-0.1788151509387539
21
1.5104999997019766
31
1.7200000095367431
0
3DFACE
5
DDFA
330
D818
100
AcDbEntity
100
AcDbFace
8
EKP_POI_TASIYICI_SASE
10
0.32878484906124605
20
1.4854999997019767
30
0.10000000011175861
11
0.3537848490612461
21
1.4854999997019767
31
0.10000000011175861
12
0.3537848490612461
22
1.5104999997019766
32
0.10000000011175861
13
0.32878484906124605
23
1.5104999997019766
33
0.10000000011175861
0
3DFACE
5
DDFB
330
D818
100
AcDbEntity
100
AcDbFace
8
EKP_POI_TASIYICI_SASE
10
0.32878484906124605
20
1.4854999997019767
30
1.7200000095367431
11
0.3537848490612461
21
1.4854999997019767
31
1.7200000095367431
12
0.3537848490612461
22
1.5104999997019766
32
1.7200000095367431
13
0.32878484906124605
23
1.5104999997019766
33
1.7200000095367431
0
3DFACE
5
DDFC
330
D818
100
AcDbEntity
100
AcDbFace
8
EKP_POI_TASIYICI_SASE
10
0.32878484906124605
20
1.4854999997019767
30
0.10000000011175861
11
0.3537848490612461
21
1.4854999997019767
31
0.10000000011175861
12
0.3537848490612461
22
1.4854999997019767
32
1.7200000095367431
13
0.32878484906124605
23
1.4854999997019767
33
1.7200000095367431
0
3DFACE
5
DDFD
330
D818
100
AcDbEntity
100
AcDbFace
8
EKP_POI_TASIYICI_SASE
10
0.32878484906124605
20
1.5104999997019766
30
0.10000000011175861
11
0.3537848490612461
21
1.5104999997019766
31
0.10000000011175861
12
0.3537848490612461
22
1.5104999997019766
32
1.7200000095367431
13
0.32878484906124605
23
1.5104999997019766
33
1.7200000095367431
0
3DFACE
5
DDFE
330
D818
100
AcDbEntity
100
AcDbFace
8
EKP_POI_TASIYICI_SASE
10
0.32878484906124605
20
1.4854999997019767
30
0.10000000011175861
11
0.32878484906124605
21
1.5104999997019766
31
0.10000000011175861
12
0.32878484906124605
22
1.5104999997019766
32
1.7200000095367431
13
0.32878484906124605
23
1.4854999997019767
33
1.7200000095367431
0
3DFACE
5
DDFF
330
D818
100
AcDbEntity
100
AcDbFace
8
EKP_POI_TASIYICI_SASE
10
0.3537848490612461
20
1.4854999997019767
30
0.10000000011175861
11
0.3537848490612461
21
1.5104999997019766
31
0.10000000011175861
12
0.3537848490612461
22
1.5104999997019766
32
1.7200000095367431
13
0.3537848490612461
23
1.4854999997019767
33
1.7200000095367431
0
LINE
5
DE00
330
D818
100
AcDbEntity
100
AcDbLine
8
EKP_POI_TASIYICI_SASE
10
0.32878484906124605
20
1.4854999997019767
30
0.10000000011175861
11
0.3537848490612461
21
1.4854999997019767
31
0.10000000011175861
0
LINE
5
DE01
330
D818
100
AcDbEntity
100
AcDbLine
8
EKP_POI_TASIYICI_SASE
10
0.3537848490612461
20
1.4854999997019767
30
0.10000000011175861
11
0.3537848490612461
21
1.5104999997019766
31
0.10000000011175861
0
LINE
5
DE02
330
D818
100
AcDbEntity
100
AcDbLine
8
EKP_POI_TASIYICI_SASE
10
0.3537848490612461
20
1.5104999997019766
30
0.10000000011175861
11
0.32878484906124605
21
1.5104999997019766
31
0.10000000011175861
0
LINE
5
DE03
330
D818
100
AcDbEntity
100
AcDbLine
8
EKP_POI_TASIYICI_SASE
10
0.32878484906124605
20
1.5104999997019766
30
0.10000000011175861
11
0.32878484906124605
21
1.4854999997019767
31
0.10000000011175861
0
LINE
5
DE04
330
D818
100
AcDbEntity
100
AcDbLine
8
EKP_POI_TASIYICI_SASE
10
0.32878484906124605
20
1.4854999997019767
30
1.7200000095367431
11
0.3537848490612461
21
1.4854999997019767
31
1.7200000095367431
0
LINE
5
DE05
330
D818
100
AcDbEntity
100
AcDbLine
8
EKP_POI_TASIYICI_SASE
10
0.3537848490612461
20
1.4854999997019767
30
1.7200000095367431
11
0.3537848490612461
21
1.5104999997019766
31
1.7200000095367431
0
LINE
5
DE06
330
D818
100
AcDbEntity
100
AcDbLine
8
EKP_POI_TASIYICI_SASE
10
0.3537848490612461
20
1.5104999997019766
30
1.7200000095367431
11
0.32878484906124605
21
1.5104999997019766
31
1.7200000095367431
0
LINE
5
DE07
330
D818
100
AcDbEntity
100
AcDbLine
8
EKP_POI_TASIYICI_SASE
10
0.32878484906124605
20
1.5104999997019766
30
1.7200000095367431
11
0.32878484906124605
21
1.4854999997019767
31
1.7200000095367431
0
LINE
5
DE08
330
D818
100
AcDbEntity
100
AcDbLine
8
EKP_POI_TASIYICI_SASE
10
0.32878484906124605
20
1.4854999997019767
30
0.10000000011175861
11
0.32878484906124605
21
1.4854999997019767
31
1.7200000095367431
0
LINE
5
DE09
330
D818
100
AcDbEntity
100
AcDbLine
8
EKP_POI_TASIYICI_SASE
10
0.3537848490612461
20
1.4854999997019767
30
0.10000000011175861
11
0.3537848490612461
21
1.4854999997019767
31
1.7200000095367431
0
LINE
5
DE0A
330
D818
100
AcDbEntity
100
AcDbLine
8
EKP_POI_TASIYICI_SASE
10
0.3537848490612461
20
1.5104999997019766
30
0.10000000011175861
11
0.3537848490612461
21
1.5104999997019766
31
1.7200000095367431
0
LINE
5
DE0B
330
D818
100
AcDbEntity
100
AcDbLine
8
EKP_POI_TASIYICI_SASE
10
0.32878484906124605
20
1.5104999997019766
30
0.10000000011175861
11
0.32878484906124605
21
1.5104999997019766
31
1.7200000095367431
0
3DFACE
5
DE0C
330
D818
100
AcDbEntity
100
AcDbFace
8
EKP_POI_TASIYICI_SASE
10
-0.1788151509387539
20
1.9605000002980235
30
0.10000000011175861
11
-0.1538151509387539
21
1.9605000002980235
31
0.10000000011175861
12
-0.1538151509387539
22
1.9855000002980234
32
0.10000000011175861
13
-0.1788151509387539
23
1.9855000002980234
33
0.10000000011175861
0
3DFACE
5
DE0D
330
D818
100
AcDbEntity
100
AcDbFace
8
EKP_POI_TASIYICI_SASE
10
-0.1788151509387539
20
1.9605000002980235
30
1.7200000095367431
11
-0.1538151509387539
21
1.9605000002980235
31
1.7200000095367431
12
-0.1538151509387539
22
1.9855000002980234
32
1.7200000095367431
13
-0.1788151509387539
23
1.9855000002980234
33
1.7200000095367431
0
3DFACE
5
DE0E
330
D818
100
AcDbEntity
100
AcDbFace
8
EKP_POI_TASIYICI_SASE
10
-0.1788151509387539
20
1.9605000002980235
30
0.10000000011175861
11
-0.1538151509387539
21
1.9605000002980235
31
0.10000000011175861
12
-0.1538151509387539
22
1.9605000002980235
32
1.7200000095367431
13
-0.1788151509387539
23
1.9605000002980235
33
1.7200000095367431
0
3DFACE
5
DE0F
330
D818
100
AcDbEntity
100
AcDbFace
8
EKP_POI_TASIYICI_SASE
10
-0.1788151509387539
20
1.9855000002980234
30
0.10000000011175861
11
-0.1538151509387539
21
1.9855000002980234
31
0.10000000011175861
12
-0.1538151509387539
22
1.9855000002980234
32
1.7200000095367431
13
-0.1788151509387539
23
1.9855000002980234
33
1.7200000095367431
0
3DFACE
5
DE10
330
D818
100
AcDbEntity
100
AcDbFace
8
EKP_POI_TASIYICI_SASE
10
-0.1788151509387539
20
1.9605000002980235
30
0.10000000011175861
11
-0.1788151509387539
21
1.9855000002980234
31
0.10000000011175861
12
-0.1788151509387539
22
1.9855000002980234
32
1.7200000095367431
13
-0.1788151509387539
23
1.9605000002980235
33
1.7200000095367431
0
3DFACE
5
DE11
330
D818
100
AcDbEntity
100
AcDbFace
8
EKP_POI_TASIYICI_SASE
10
-0.1538151509387539
20
1.9605000002980235
30
0.10000000011175861
11
-0.1538151509387539
21
1.9855000002980234
31
0.10000000011175861
12
-0.1538151509387539
22
1.9855000002980234
32
1.7200000095367431
13
-0.1538151509387539
23
1.9605000002980235
33
1.7200000095367431
0
LINE
5
DE12
330
D818
100
AcDbEntity
100
AcDbLine
8
EKP_POI_TASIYICI_SASE
10
-0.1788151509387539
20
1.9605000002980235
30
0.10000000011175861
11
-0.1538151509387539
21
1.9605000002980235
31
0.10000000011175861
0
LINE
5
DE13
330
D818
100
AcDbEntity
100
AcDbLine
8
EKP_POI_TASIYICI_SASE
10
-0.1538151509387539
20
1.9605000002980235
30
0.10000000011175861
11
-0.1538151509387539
21
1.9855000002980234
31
0.10000000011175861
0
LINE
5
DE14
330
D818
100
AcDbEntity
100
AcDbLine
8
EKP_POI_TASIYICI_SASE
10
-0.1538151509387539
20
1.9855000002980234
30
0.10000000011175861
11
-0.1788151509387539
21
1.9855000002980234
31
0.10000000011175861
0
LINE
5
DE15
330
D818
100
AcDbEntity
100
AcDbLine
8
EKP_POI_TASIYICI_SASE
10
-0.1788151509387539
20
1.9855000002980234
30
0.10000000011175861
11
-0.1788151509387539
21
1.9605000002980235
31
0.10000000011175861
0
LINE
5
DE16
330
D818
100
AcDbEntity
100
AcDbLine
8
EKP_POI_TASIYICI_SASE
10
-0.1788151509387539
20
1.9605000002980235
30
1.7200000095367431
11
-0.1538151509387539
21
1.9605000002980235
31
1.7200000095367431
0
LINE
5
DE17
330
D818
100
AcDbEntity
100
AcDbLine
8
EKP_POI_TASIYICI_SASE
10
-0.1538151509387539
20
1.9605000002980235
30
1.7200000095367431
11
-0.1538151509387539
21
1.9855000002980234
31
1.7200000095367431
0
LINE
5
DE18
330
D818
100
AcDbEntity
100
AcDbLine
8
EKP_POI_TASIYICI_SASE
10
-0.1538151509387539
20
1.9855000002980234
30
1.7200000095367431
11
-0.1788151509387539
21
1.9855000002980234
31
1.7200000095367431
0
LINE
5
DE19
330
D818
100
AcDbEntity
100
AcDbLine
8
EKP_POI_TASIYICI_SASE
10
-0.1788151509387539
20
1.9855000002980234
30
1.7200000095367431
11
-0.1788151509387539
21
1.9605000002980235
31
1.7200000095367431
0
LINE
5
DE1A
330
D818
100
AcDbEntity
100
AcDbLine
8
EKP_POI_TASIYICI_SASE
10
-0.1788151509387539
20
1.9605000002980235
30
0.10000000011175861
11
-0.1788151509387539
21
1.9605000002980235
31
1.7200000095367431
0
LINE
5
DE1B
330
D818
100
AcDbEntity
100
AcDbLine
8
EKP_POI_TASIYICI_SASE
10
-0.1538151509387539
20
1.9605000002980235
30
0.10000000011175861
11
-0.1538151509387539
21
1.9605000002980235
31
1.7200000095367431
0
LINE
5
DE1C
330
D818
100
AcDbEntity
100
AcDbLine
8
EKP_POI_TASIYICI_SASE
10
-0.1538151509387539
20
1.9855000002980234
30
0.10000000011175861
11
-0.1538151509387539
21
1.9855000002980234
31
1.7200000095367431
0
LINE
5
DE1D
330
D818
100
AcDbEntity
100
AcDbLine
8
EKP_POI_TASIYICI_SASE
10
-0.1788151509387539
20
1.9855000002980234
30
0.10000000011175861
11
-0.1788151509387539
21
1.9855000002980234
31
1.7200000095367431
0
3DFACE
5
DE1E
330
D818
100
AcDbEntity
100
AcDbFace
8
EKP_POI_TASIYICI_SASE
10
0.32878484906124605
20
1.9605000002980235
30
0.10000000011175861
11
0.3537848490612461
21
1.9605000002980235
31
0.10000000011175861
12
0.3537848490612461
22
1.9855000002980234
32
0.10000000011175861
13
0.32878484906124605
23
1.9855000002980234
33
0.10000000011175861
0
3DFACE
5
DE1F
330
D818
100
AcDbEntity
100
AcDbFace
8
EKP_POI_TASIYICI_SASE
10
0.32878484906124605
20
1.9605000002980235
30
1.7200000095367431
11
0.3537848490612461
21
1.9605000002980235
31
1.7200000095367431
12
0.3537848490612461
22
1.9855000002980234
32
1.7200000095367431
13
0.32878484906124605
23
1.9855000002980234
33
1.7200000095367431
0
3DFACE
5
DE20
330
D818
100
AcDbEntity
100
AcDbFace
8
EKP_POI_TASIYICI_SASE
10
0.32878484906124605
20
1.9605000002980235
30
0.10000000011175861
11
0.3537848490612461
21
1.9605000002980235
31
0.10000000011175861
12
0.3537848490612461
22
1.9605000002980235
32
1.7200000095367431
13
0.32878484906124605
23
1.9605000002980235
33
1.7200000095367431
0
3DFACE
5
DE21
330
D818
100
AcDbEntity
100
AcDbFace
8
EKP_POI_TASIYICI_SASE
10
0.32878484906124605
20
1.9855000002980234
30
0.10000000011175861
11
0.3537848490612461
21
1.9855000002980234
31
0.10000000011175861
12
0.3537848490612461
22
1.9855000002980234
32
1.7200000095367431
13
0.32878484906124605
23
1.9855000002980234
33
1.7200000095367431
0
3DFACE
5
DE22
330
D818
100
AcDbEntity
100
AcDbFace
8
EKP_POI_TASIYICI_SASE
10
0.32878484906124605
20
1.9605000002980235
30
0.10000000011175861
11
0.32878484906124605
21
1.9855000002980234
31
0.10000000011175861
12
0.32878484906124605
22
1.9855000002980234
32
1.7200000095367431
13
0.32878484906124605
23
1.9605000002980235
33
1.7200000095367431
0
3DFACE
5
DE23
330
D818
100
AcDbEntity
100
AcDbFace
8
EKP_POI_TASIYICI_SASE
10
0.3537848490612461
20
1.9605000002980235
30
0.10000000011175861
11
0.3537848490612461
21
1.9855000002980234
31
0.10000000011175861
12
0.3537848490612461
22
1.9855000002980234
32
1.7200000095367431
13
0.3537848490612461
23
1.9605000002980235
33
1.7200000095367431
0
LINE
5
DE24
330
D818
100
AcDbEntity
100
AcDbLine
8
EKP_POI_TASIYICI_SASE
10
0.32878484906124605
20
1.9605000002980235
30
0.10000000011175861
11
0.3537848490612461
21
1.9605000002980235
31
0.10000000011175861
0
LINE
5
DE25
330
D818
100
AcDbEntity
100
AcDbLine
8
EKP_POI_TASIYICI_SASE
10
0.3537848490612461
20
1.9605000002980235
30
0.10000000011175861
11
0.3537848490612461
21
1.9855000002980234
31
0.10000000011175861
0
LINE
5
DE26
330
D818
100
AcDbEntity
100
AcDbLine
8
EKP_POI_TASIYICI_SASE
10
0.3537848490612461
20
1.9855000002980234
30
0.10000000011175861
11
0.32878484906124605
21
1.9855000002980234
31
0.10000000011175861
0
LINE
5
DE27
330
D818
100
AcDbEntity
100
AcDbLine
8
EKP_POI_TASIYICI_SASE
10
0.32878484906124605
20
1.9855000002980234
30
0.10000000011175861
11
0.32878484906124605
21
1.9605000002980235
31
0.10000000011175861
0
LINE
5
DE28
330
D818
100
AcDbEntity
100
AcDbLine
8
EKP_POI_TASIYICI_SASE
10
0.32878484906124605
20
1.9605000002980235
30
1.7200000095367431
11
0.3537848490612461
21
1.9605000002980235
31
1.7200000095367431
0
LINE
5
DE29
330
D818
100
AcDbEntity
100
AcDbLine
8
EKP_POI_TASIYICI_SASE
10
0.3537848490612461
20
1.9605000002980235
30
1.7200000095367431
11
0.3537848490612461
21
1.9855000002980234
31
1.7200000095367431
0
LINE
5
DE2A
330
D818
100
AcDbEntity
100
AcDbLine
8
EKP_POI_TASIYICI_SASE
10
0.3537848490612461
20
1.9855000002980234
30
1.7200000095367431
11
0.32878484906124605
21
1.9855000002980234
31
1.7200000095367431
0
LINE
5
DE2B
330
D818
100
AcDbEntity
100
AcDbLine
8
EKP_POI_TASIYICI_SASE
10
0.32878484906124605
20
1.9855000002980234
30
1.7200000095367431
11
0.32878484906124605
21
1.9605000002980235
31
1.7200000095367431
0
LINE
5
DE2C
330
D818
100
AcDbEntity
100
AcDbLine
8
EKP_POI_TASIYICI_SASE
10
0.32878484906124605
20
1.9605000002980235
30
0.10000000011175861
11
0.32878484906124605
21
1.9605000002980235
31
1.7200000095367431
0
LINE
5
DE2D
330
D818
100
AcDbEntity
100
AcDbLine
8
EKP_POI_TASIYICI_SASE
10
0.3537848490612461
20
1.9605000002980235
30
0.10000000011175861
11
0.3537848490612461
21
1.9605000002980235
31
1.7200000095367431
0
LINE
5
DE2E
330
D818
100
AcDbEntity
100
AcDbLine
8
EKP_POI_TASIYICI_SASE
10
0.3537848490612461
20
1.9855000002980234
30
0.10000000011175861
11
0.3537848490612461
21
1.9855000002980234
31
1.7200000095367431
0
LINE
5
DE2F
330
D818
100
AcDbEntity
100
AcDbLine
8
EKP_POI_TASIYICI_SASE
10
0.32878484906124605
20
1.9855000002980234
30
0.10000000011175861
11
0.32878484906124605
21
1.9855000002980234
31
1.7200000095367431
0
3DFACE
5
DE8F
330
D818
100
AcDbEntity
100
AcDbFace
8
EKP_POI_TASIYICI_SASE
10
-0.2625151449782895
20
0.8254999997019767
30
1.1175860237244706e-10
11
0.4374848431007817
21
0.8254999997019767
31
1.1175860237244706e-10
12
0.4374848431007817
22
1.4455000002980232
32
1.1175860237244706e-10
13
-0.2625151449782895
23
1.4455000002980232
33
1.1175860237244706e-10
0
3DFACE
5
DE90
330
D818
100
AcDbEntity
100
AcDbFace
8
EKP_POI_TASIYICI_SASE
10
-0.2625151449782895
20
0.8254999997019767
30
0.10000000011175861
11
0.4374848431007817
21
0.8254999997019767
31
0.10000000011175861
12
0.4374848431007817
22
1.4455000002980232
32
0.10000000011175861
13
-0.2625151449782895
23
1.4455000002980232
33
0.10000000011175861
0
3DFACE
5
DE91
330
D818
100
AcDbEntity
100
AcDbFace
8
EKP_POI_TASIYICI_SASE
10
-0.2625151449782895
20
0.8254999997019767
30
1.1175860237244706e-10
11
0.4374848431007817
21
0.8254999997019767
31
1.1175860237244706e-10
12
0.4374848431007817
22
0.8254999997019767
32
0.10000000011175861
13
-0.2625151449782895
23
0.8254999997019767
33
0.10000000011175861
0
3DFACE
5
DE92
330
D818
100
AcDbEntity
100
AcDbFace
8
EKP_POI_TASIYICI_SASE
10
-0.2625151449782895
20
1.4455000002980232
30
1.1175860237244706e-10
11
0.4374848431007817
21
1.4455000002980232
31
1.1175860237244706e-10
12
0.4374848431007817
22
1.4455000002980232
32
0.10000000011175861
13
-0.2625151449782895
23
1.4455000002980232
33
0.10000000011175861
0
3DFACE
5
DE93
330
D818
100
AcDbEntity
100
AcDbFace
8
EKP_POI_TASIYICI_SASE
10
-0.2625151449782895
20
0.8254999997019767
30
1.1175860237244706e-10
11
-0.2625151449782895
21
1.4455000002980232
31
1.1175860237244706e-10
12
-0.2625151449782895
22
1.4455000002980232
32
0.10000000011175861
13
-0.2625151449782895
23
0.8254999997019767
33
0.10000000011175861
0
3DFACE
5
DE94
330
D818
100
AcDbEntity
100
AcDbFace
8
EKP_POI_TASIYICI_SASE
10
0.4374848431007817
20
0.8254999997019767
30
1.1175860237244706e-10
11
0.4374848431007817
21
1.4455000002980232
31
1.1175860237244706e-10
12
0.4374848431007817
22
1.4455000002980232
32
0.10000000011175861
13
0.4374848431007817
23
0.8254999997019767
33
0.10000000011175861
0
LINE
5
DE95
330
D818
100
AcDbEntity
100
AcDbLine
8
EKP_POI_TASIYICI_SASE
10
-0.2625151449782895
20
0.8254999997019767
30
1.1175860237244706e-10
11
0.4374848431007817
21
0.8254999997019767
31
1.1175860237244706e-10
0
LINE
5
DE96
330
D818
100
AcDbEntity
100
AcDbLine
8
EKP_POI_TASIYICI_SASE
10
0.4374848431007817
20
0.8254999997019767
30
1.1175860237244706e-10
11
0.4374848431007817
21
1.4455000002980232
31
1.1175860237244706e-10
0
LINE
5
DE97
330
D818
100
AcDbEntity
100
AcDbLine
8
EKP_POI_TASIYICI_SASE
10
0.4374848431007817
20
1.4455000002980232
30
1.1175860237244706e-10
11
-0.2625151449782895
21
1.4455000002980232
31
1.1175860237244706e-10
0
LINE
5
DE98
330
D818
100
AcDbEntity
100
AcDbLine
8
EKP_POI_TASIYICI_SASE
10
-0.2625151449782895
20
1.4455000002980232
30
1.1175860237244706e-10
11
-0.2625151449782895
21
0.8254999997019767
31
1.1175860237244706e-10
0
LINE
5
DE99
330
D818
100
AcDbEntity
100
AcDbLine
8
EKP_POI_TASIYICI_SASE
10
-0.2625151449782895
20
0.8254999997019767
30
0.10000000011175861
11
0.4374848431007817
21
0.8254999997019767
31
0.10000000011175861
0
LINE
5
DE9A
330
D818
100
AcDbEntity
100
AcDbLine
8
EKP_POI_TASIYICI_SASE
10
0.4374848431007817
20
0.8254999997019767
30
0.10000000011175861
11
0.4374848431007817
21
1.4455000002980232
31
0.10000000011175861
0
LINE
5
DE9B
330
D818
100
AcDbEntity
100
AcDbLine
8
EKP_POI_TASIYICI_SASE
10
0.4374848431007817
20
1.4455000002980232
30
0.10000000011175861
11
-0.2625151449782895
21
1.4455000002980232
31
0.10000000011175861
0
LINE
5
DE9C
330
D818
100
AcDbEntity
100
AcDbLine
8
EKP_POI_TASIYICI_SASE
10
-0.2625151449782895
20
1.4455000002980232
30
0.10000000011175861
11
-0.2625151449782895
21
0.8254999997019767
31
0.10000000011175861
0
LINE
5
DE9D
330
D818
100
AcDbEntity
100
AcDbLine
8
EKP_POI_TASIYICI_SASE
10
-0.2625151449782895
20
0.8254999997019767
30
1.1175860237244706e-10
11
-0.2625151449782895
21
0.8254999997019767
31
0.10000000011175861
0
LINE
5
DE9E
330
D818
100
AcDbEntity
100
AcDbLine
8
EKP_POI_TASIYICI_SASE
10
0.4374848431007817
20
0.8254999997019767
30
1.1175860237244706e-10
11
0.4374848431007817
21
0.8254999997019767
31
0.10000000011175861
0
LINE
5
DE9F
330
D818
100
AcDbEntity
100
AcDbLine
8
EKP_POI_TASIYICI_SASE
10
0.4374848431007817
20
1.4455000002980232
30
1.1175860237244706e-10
11
0.4374848431007817
21
1.4455000002980232
31
0.10000000011175861
0
LINE
5
DEA0
330
D818
100
AcDbEntity
100
AcDbLine
8
EKP_POI_TASIYICI_SASE
10
-0.2625151449782895
20
1.4455000002980232
30
1.1175860237244706e-10
11
-0.2625151449782895
21
1.4455000002980232
31
0.10000000011175861
0
3DFACE
5
DEA1
330
D818
100
AcDbEntity
100
AcDbFace
8
EKP_POI_TASIYICI_SASE
10
-0.2625151449782895
20
0.8254999997019767
30
0.10000000011175861
11
-0.20251514497828949
21
0.8254999997019767
31
0.10000000011175861
12
-0.20251514497828949
22
0.8854999997019768
32
0.10000000011175861
13
-0.2625151449782895
23
0.8854999997019768
33
0.10000000011175861
0
3DFACE
5
DEA2
330
D818
100
AcDbEntity
100
AcDbFace
8
EKP_POI_TASIYICI_SASE
10
-0.2625151449782895
20
0.8254999997019767
30
1.7200000095367431
11
-0.20251514497828949
21
0.8254999997019767
31
1.7200000095367431
12
-0.20251514497828949
22
0.8854999997019768
32
1.7200000095367431
13
-0.2625151449782895
23
0.8854999997019768
33
1.7200000095367431
0
3DFACE
5
DEA3
330
D818
100
AcDbEntity
100
AcDbFace
8
EKP_POI_TASIYICI_SASE
10
-0.2625151449782895
20
0.8254999997019767
30
0.10000000011175861
11
-0.20251514497828949
21
0.8254999997019767
31
0.10000000011175861
12
-0.20251514497828949
22
0.8254999997019767
32
1.7200000095367431
13
-0.2625151449782895
23
0.8254999997019767
33
1.7200000095367431
0
3DFACE
5
DEA4
330
D818
100
AcDbEntity
100
AcDbFace
8
EKP_POI_TASIYICI_SASE
10
-0.2625151449782895
20
0.8854999997019768
30
0.10000000011175861
11
-0.20251514497828949
21
0.8854999997019768
31
0.10000000011175861
12
-0.20251514497828949
22
0.8854999997019768
32
1.7200000095367431
13
-0.2625151449782895
23
0.8854999997019768
33
1.7200000095367431
0
3DFACE
5
DEA5
330
D818
100
AcDbEntity
100
AcDbFace
8
EKP_POI_TASIYICI_SASE
10
-0.2625151449782895
20
0.8254999997019767
30
0.10000000011175861
11
-0.2625151449782895
21
0.8854999997019768
31
0.10000000011175861
12
-0.2625151449782895
22
0.8854999997019768
32
1.7200000095367431
13
-0.2625151449782895
23
0.8254999997019767
33
1.7200000095367431
0
3DFACE
5
DEA6
330
D818
100
AcDbEntity
100
AcDbFace
8
EKP_POI_TASIYICI_SASE
10
-0.20251514497828949
20
0.8254999997019767
30
0.10000000011175861
11
-0.20251514497828949
21
0.8854999997019768
31
0.10000000011175861
12
-0.20251514497828949
22
0.8854999997019768
32
1.7200000095367431
13
-0.20251514497828949
23
0.8254999997019767
33
1.7200000095367431
0
LINE
5
DEA7
330
D818
100
AcDbEntity
100
AcDbLine
8
EKP_POI_TASIYICI_SASE
10
-0.2625151449782895
20
0.8254999997019767
30
0.10000000011175861
11
-0.20251514497828949
21
0.8254999997019767
31
0.10000000011175861
0
LINE
5
DEA8
330
D818
100
AcDbEntity
100
AcDbLine
8
EKP_POI_TASIYICI_SASE
10
-0.20251514497828949
20
0.8254999997019767
30
0.10000000011175861
11
-0.20251514497828949
21
0.8854999997019768
31
0.10000000011175861
0
LINE
5
DEA9
330
D818
100
AcDbEntity
100
AcDbLine
8
EKP_POI_TASIYICI_SASE
10
-0.20251514497828949
20
0.8854999997019768
30
0.10000000011175861
11
-0.2625151449782895
21
0.8854999997019768
31
0.10000000011175861
0
LINE
5
DEAA
330
D818
100
AcDbEntity
100
AcDbLine
8
EKP_POI_TASIYICI_SASE
10
-0.2625151449782895
20
0.8854999997019768
30
0.10000000011175861
11
-0.2625151449782895
21
0.8254999997019767
31
0.10000000011175861
0
LINE
5
DEAB
330
D818
100
AcDbEntity
100
AcDbLine
8
EKP_POI_TASIYICI_SASE
10
-0.2625151449782895
20
0.8254999997019767
30
1.7200000095367431
11
-0.20251514497828949
21
0.8254999997019767
31
1.7200000095367431
0
LINE
5
DEAC
330
D818
100
AcDbEntity
100
AcDbLine
8
EKP_POI_TASIYICI_SASE
10
-0.20251514497828949
20
0.8254999997019767
30
1.7200000095367431
11
-0.20251514497828949
21
0.8854999997019768
31
1.7200000095367431
0
LINE
5
DEAD
330
D818
100
AcDbEntity
100
AcDbLine
8
EKP_POI_TASIYICI_SASE
10
-0.20251514497828949
20
0.8854999997019768
30
1.7200000095367431
11
-0.2625151449782895
21
0.8854999997019768
31
1.7200000095367431
0
LINE
5
DEAE
330
D818
100
AcDbEntity
100
AcDbLine
8
EKP_POI_TASIYICI_SASE
10
-0.2625151449782895
20
0.8854999997019768
30
1.7200000095367431
11
-0.2625151449782895
21
0.8254999997019767
31
1.7200000095367431
0
LINE
5
DEAF
330
D818
100
AcDbEntity
100
AcDbLine
8
EKP_POI_TASIYICI_SASE
10
-0.2625151449782895
20
0.8254999997019767
30
0.10000000011175861
11
-0.2625151449782895
21
0.8254999997019767
31
1.7200000095367431
0
LINE
5
DEB0
330
D818
100
AcDbEntity
100
AcDbLine
8
EKP_POI_TASIYICI_SASE
10
-0.20251514497828949
20
0.8254999997019767
30
0.10000000011175861
11
-0.20251514497828949
21
0.8254999997019767
31
1.7200000095367431
0
LINE
5
DEB1
330
D818
100
AcDbEntity
100
AcDbLine
8
EKP_POI_TASIYICI_SASE
10
-0.20251514497828949
20
0.8854999997019768
30
0.10000000011175861
11
-0.20251514497828949
21
0.8854999997019768
31
1.7200000095367431
0
LINE
5
DEB2
330
D818
100
AcDbEntity
100
AcDbLine
8
EKP_POI_TASIYICI_SASE
10
-0.2625151449782895
20
0.8854999997019768
30
0.10000000011175861
11
-0.2625151449782895
21
0.8854999997019768
31
1.7200000095367431
0
3DFACE
5
DEB3
330
D818
100
AcDbEntity
100
AcDbFace
8
EKP_POI_TASIYICI_SASE
10
0.3774848431007817
20
0.8254999997019767
30
0.10000000011175861
11
0.4374848431007817
21
0.8254999997019767
31
0.10000000011175861
12
0.4374848431007817
22
0.8854999997019768
32
0.10000000011175861
13
0.3774848431007817
23
0.8854999997019768
33
0.10000000011175861
0
3DFACE
5
DEB4
330
D818
100
AcDbEntity
100
AcDbFace
8
EKP_POI_TASIYICI_SASE
10
0.3774848431007817
20
0.8254999997019767
30
1.7200000095367431
11
0.4374848431007817
21
0.8254999997019767
31
1.7200000095367431
12
0.4374848431007817
22
0.8854999997019768
32
1.7200000095367431
13
0.3774848431007817
23
0.8854999997019768
33
1.7200000095367431
0
3DFACE
5
DEB5
330
D818
100
AcDbEntity
100
AcDbFace
8
EKP_POI_TASIYICI_SASE
10
0.3774848431007817
20
0.8254999997019767
30
0.10000000011175861
11
0.4374848431007817
21
0.8254999997019767
31
0.10000000011175861
12
0.4374848431007817
22
0.8254999997019767
32
1.7200000095367431
13
0.3774848431007817
23
0.8254999997019767
33
1.7200000095367431
0
3DFACE
5
DEB6
330
D818
100
AcDbEntity
100
AcDbFace
8
EKP_POI_TASIYICI_SASE
10
0.3774848431007817
20
0.8854999997019768
30
0.10000000011175861
11
0.4374848431007817
21
0.8854999997019768
31
0.10000000011175861
12
0.4374848431007817
22
0.8854999997019768
32
1.7200000095367431
13
0.3774848431007817
23
0.8854999997019768
33
1.7200000095367431
0
3DFACE
5
DEB7
330
D818
100
AcDbEntity
100
AcDbFace
8
EKP_POI_TASIYICI_SASE
10
0.3774848431007817
20
0.8254999997019767
30
0.10000000011175861
11
0.3774848431007817
21
0.8854999997019768
31
0.10000000011175861
12
0.3774848431007817
22
0.8854999997019768
32
1.7200000095367431
13
0.3774848431007817
23
0.8254999997019767
33
1.7200000095367431
0
3DFACE
5
DEB8
330
D818
100
AcDbEntity
100
AcDbFace
8
EKP_POI_TASIYICI_SASE
10
0.4374848431007817
20
0.8254999997019767
30
0.10000000011175861
11
0.4374848431007817
21
0.8854999997019768
31
0.10000000011175861
12
0.4374848431007817
22
0.8854999997019768
32
1.7200000095367431
13
0.4374848431007817
23
0.8254999997019767
33
1.7200000095367431
0
LINE
5
DEB9
330
D818
100
AcDbEntity
100
AcDbLine
8
EKP_POI_TASIYICI_SASE
10
0.3774848431007817
20
0.8254999997019767
30
0.10000000011175861
11
0.4374848431007817
21
0.8254999997019767
31
0.10000000011175861
0
LINE
5
DEBA
330
D818
100
AcDbEntity
100
AcDbLine
8
EKP_POI_TASIYICI_SASE
10
0.4374848431007817
20
0.8254999997019767
30
0.10000000011175861
11
0.4374848431007817
21
0.8854999997019768
31
0.10000000011175861
0
LINE
5
DEBB
330
D818
100
AcDbEntity
100
AcDbLine
8
EKP_POI_TASIYICI_SASE
10
0.4374848431007817
20
0.8854999997019768
30
0.10000000011175861
11
0.3774848431007817
21
0.8854999997019768
31
0.10000000011175861
0
LINE
5
DEBC
330
D818
100
AcDbEntity
100
AcDbLine
8
EKP_POI_TASIYICI_SASE
10
0.3774848431007817
20
0.8854999997019768
30
0.10000000011175861
11
0.3774848431007817
21
0.8254999997019767
31
0.10000000011175861
0
LINE
5
DEBD
330
D818
100
AcDbEntity
100
AcDbLine
8
EKP_POI_TASIYICI_SASE
10
0.3774848431007817
20
0.8254999997019767
30
1.7200000095367431
11
0.4374848431007817
21
0.8254999997019767
31
1.7200000095367431
0
LINE
5
DEBE
330
D818
100
AcDbEntity
100
AcDbLine
8
EKP_POI_TASIYICI_SASE
10
0.4374848431007817
20
0.8254999997019767
30
1.7200000095367431
11
0.4374848431007817
21
0.8854999997019768
31
1.7200000095367431
0
LINE
5
DEBF
330
D818
100
AcDbEntity
100
AcDbLine
8
EKP_POI_TASIYICI_SASE
10
0.4374848431007817
20
0.8854999997019768
30
1.7200000095367431
11
0.3774848431007817
21
0.8854999997019768
31
1.7200000095367431
0
LINE
5
DEC0
330
D818
100
AcDbEntity
100
AcDbLine
8
EKP_POI_TASIYICI_SASE
10
0.3774848431007817
20
0.8854999997019768
30
1.7200000095367431
11
0.3774848431007817
21
0.8254999997019767
31
1.7200000095367431
0
LINE
5
DEC1
330
D818
100
AcDbEntity
100
AcDbLine
8
EKP_POI_TASIYICI_SASE
10
0.3774848431007817
20
0.8254999997019767
30
0.10000000011175861
11
0.3774848431007817
21
0.8254999997019767
31
1.7200000095367431
0
LINE
5
DEC2
330
D818
100
AcDbEntity
100
AcDbLine
8
EKP_POI_TASIYICI_SASE
10
0.4374848431007817
20
0.8254999997019767
30
0.10000000011175861
11
0.4374848431007817
21
0.8254999997019767
31
1.7200000095367431
0
LINE
5
DEC3
330
D818
100
AcDbEntity
100
AcDbLine
8
EKP_POI_TASIYICI_SASE
10
0.4374848431007817
20
0.8854999997019768
30
0.10000000011175861
11
0.4374848431007817
21
0.8854999997019768
31
1.7200000095367431
0
LINE
5
DEC4
330
D818
100
AcDbEntity
100
AcDbLine
8
EKP_POI_TASIYICI_SASE
10
0.3774848431007817
20
0.8854999997019768
30
0.10000000011175861
11
0.3774848431007817
21
0.8854999997019768
31
1.7200000095367431
0
3DFACE
5
DEC5
330
D818
100
AcDbEntity
100
AcDbFace
8
EKP_POI_TASIYICI_SASE
10
-0.2625151449782895
20
1.3855000002980231
30
0.10000000011175861
11
-0.20251514497828949
21
1.3855000002980231
31
0.10000000011175861
12
-0.20251514497828949
22
1.4455000002980232
32
0.10000000011175861
13
-0.2625151449782895
23
1.4455000002980232
33
0.10000000011175861
0
3DFACE
5
DEC6
330
D818
100
AcDbEntity
100
AcDbFace
8
EKP_POI_TASIYICI_SASE
10
-0.2625151449782895
20
1.3855000002980231
30
1.7200000095367431
11
-0.20251514497828949
21
1.3855000002980231
31
1.7200000095367431
12
-0.20251514497828949
22
1.4455000002980232
32
1.7200000095367431
13
-0.2625151449782895
23
1.4455000002980232
33
1.7200000095367431
0
3DFACE
5
DEC7
330
D818
100
AcDbEntity
100
AcDbFace
8
EKP_POI_TASIYICI_SASE
10
-0.2625151449782895
20
1.3855000002980231
30
0.10000000011175861
11
-0.20251514497828949
21
1.3855000002980231
31
0.10000000011175861
12
-0.20251514497828949
22
1.3855000002980231
32
1.7200000095367431
13
-0.2625151449782895
23
1.3855000002980231
33
1.7200000095367431
0
3DFACE
5
DEC8
330
D818
100
AcDbEntity
100
AcDbFace
8
EKP_POI_TASIYICI_SASE
10
-0.2625151449782895
20
1.4455000002980232
30
0.10000000011175861
11
-0.20251514497828949
21
1.4455000002980232
31
0.10000000011175861
12
-0.20251514497828949
22
1.4455000002980232
32
1.7200000095367431
13
-0.2625151449782895
23
1.4455000002980232
33
1.7200000095367431
0
3DFACE
5
DEC9
330
D818
100
AcDbEntity
100
AcDbFace
8
EKP_POI_TASIYICI_SASE
10
-0.2625151449782895
20
1.3855000002980231
30
0.10000000011175861
11
-0.2625151449782895
21
1.4455000002980232
31
0.10000000011175861
12
-0.2625151449782895
22
1.4455000002980232
32
1.7200000095367431
13
-0.2625151449782895
23
1.3855000002980231
33
1.7200000095367431
0
3DFACE
5
DECA
330
D818
100
AcDbEntity
100
AcDbFace
8
EKP_POI_TASIYICI_SASE
10
-0.20251514497828949
20
1.3855000002980231
30
0.10000000011175861
11
-0.20251514497828949
21
1.4455000002980232
31
0.10000000011175861
12
-0.20251514497828949
22
1.4455000002980232
32
1.7200000095367431
13
-0.20251514497828949
23
1.3855000002980231
33
1.7200000095367431
0
LINE
5
DECB
330
D818
100
AcDbEntity
100
AcDbLine
8
EKP_POI_TASIYICI_SASE
10
-0.2625151449782895
20
1.3855000002980231
30
0.10000000011175861
11
-0.20251514497828949
21
1.3855000002980231
31
0.10000000011175861
0
LINE
5
DECC
330
D818
100
AcDbEntity
100
AcDbLine
8
EKP_POI_TASIYICI_SASE
10
-0.20251514497828949
20
1.3855000002980231
30
0.10000000011175861
11
-0.20251514497828949
21
1.4455000002980232
31
0.10000000011175861
0
LINE
5
DECD
330
D818
100
AcDbEntity
100
AcDbLine
8
EKP_POI_TASIYICI_SASE
10
-0.20251514497828949
20
1.4455000002980232
30
0.10000000011175861
11
-0.2625151449782895
21
1.4455000002980232
31
0.10000000011175861
0
LINE
5
DECE
330
D818
100
AcDbEntity
100
AcDbLine
8
EKP_POI_TASIYICI_SASE
10
-0.2625151449782895
20
1.4455000002980232
30
0.10000000011175861
11
-0.2625151449782895
21
1.3855000002980231
31
0.10000000011175861
0
LINE
5
DECF
330
D818
100
AcDbEntity
100
AcDbLine
8
EKP_POI_TASIYICI_SASE
10
-0.2625151449782895
20
1.3855000002980231
30
1.7200000095367431
11
-0.20251514497828949
21
1.3855000002980231
31
1.7200000095367431
0
LINE
5
DED0
330
D818
100
AcDbEntity
100
AcDbLine
8
EKP_POI_TASIYICI_SASE
10
-0.20251514497828949
20
1.3855000002980231
30
1.7200000095367431
11
-0.20251514497828949
21
1.4455000002980232
31
1.7200000095367431
0
LINE
5
DED1
330
D818
100
AcDbEntity
100
AcDbLine
8
EKP_POI_TASIYICI_SASE
10
-0.20251514497828949
20
1.4455000002980232
30
1.7200000095367431
11
-0.2625151449782895
21
1.4455000002980232
31
1.7200000095367431
0
LINE
5
DED2
330
D818
100
AcDbEntity
100
AcDbLine
8
EKP_POI_TASIYICI_SASE
10
-0.2625151449782895
20
1.4455000002980232
30
1.7200000095367431
11
-0.2625151449782895
21
1.3855000002980231
31
1.7200000095367431
0
LINE
5
DED3
330
D818
100
AcDbEntity
100
AcDbLine
8
EKP_POI_TASIYICI_SASE
10
-0.2625151449782895
20
1.3855000002980231
30
0.10000000011175861
11
-0.2625151449782895
21
1.3855000002980231
31
1.7200000095367431
0
LINE
5
DED4
330
D818
100
AcDbEntity
100
AcDbLine
8
EKP_POI_TASIYICI_SASE
10
-0.20251514497828949
20
1.3855000002980231
30
0.10000000011175861
11
-0.20251514497828949
21
1.3855000002980231
31
1.7200000095367431
0
LINE
5
DED5
330
D818
100
AcDbEntity
100
AcDbLine
8
EKP_POI_TASIYICI_SASE
10
-0.20251514497828949
20
1.4455000002980232
30
0.10000000011175861
11
-0.20251514497828949
21
1.4455000002980232
31
1.7200000095367431
0
LINE
5
DED6
330
D818
100
AcDbEntity
100
AcDbLine
8
EKP_POI_TASIYICI_SASE
10
-0.2625151449782895
20
1.4455000002980232
30
0.10000000011175861
11
-0.2625151449782895
21
1.4455000002980232
31
1.7200000095367431
0
3DFACE
5
DED7
330
D818
100
AcDbEntity
100
AcDbFace
8
EKP_POI_TASIYICI_SASE
10
0.3774848431007817
20
1.3855000002980231
30
0.10000000011175861
11
0.4374848431007817
21
1.3855000002980231
31
0.10000000011175861
12
0.4374848431007817
22
1.4455000002980232
32
0.10000000011175861
13
0.3774848431007817
23
1.4455000002980232
33
0.10000000011175861
0
3DFACE
5
DED8
330
D818
100
AcDbEntity
100
AcDbFace
8
EKP_POI_TASIYICI_SASE
10
0.3774848431007817
20
1.3855000002980231
30
1.7200000095367431
11
0.4374848431007817
21
1.3855000002980231
31
1.7200000095367431
12
0.4374848431007817
22
1.4455000002980232
32
1.7200000095367431
13
0.3774848431007817
23
1.4455000002980232
33
1.7200000095367431
0
3DFACE
5
DED9
330
D818
100
AcDbEntity
100
AcDbFace
8
EKP_POI_TASIYICI_SASE
10
0.3774848431007817
20
1.3855000002980231
30
0.10000000011175861
11
0.4374848431007817
21
1.3855000002980231
31
0.10000000011175861
12
0.4374848431007817
22
1.3855000002980231
32
1.7200000095367431
13
0.3774848431007817
23
1.3855000002980231
33
1.7200000095367431
0
3DFACE
5
DEDA
330
D818
100
AcDbEntity
100
AcDbFace
8
EKP_POI_TASIYICI_SASE
10
0.3774848431007817
20
1.4455000002980232
30
0.10000000011175861
11
0.4374848431007817
21
1.4455000002980232
31
0.10000000011175861
12
0.4374848431007817
22
1.4455000002980232
32
1.7200000095367431
13
0.3774848431007817
23
1.4455000002980232
33
1.7200000095367431
0
3DFACE
5
DEDB
330
D818
100
AcDbEntity
100
AcDbFace
8
EKP_POI_TASIYICI_SASE
10
0.3774848431007817
20
1.3855000002980231
30
0.10000000011175861
11
0.3774848431007817
21
1.4455000002980232
31
0.10000000011175861
12
0.3774848431007817
22
1.4455000002980232
32
1.7200000095367431
13
0.3774848431007817
23
1.3855000002980231
33
1.7200000095367431
0
3DFACE
5
DEDC
330
D818
100
AcDbEntity
100
AcDbFace
8
EKP_POI_TASIYICI_SASE
10
0.4374848431007817
20
1.3855000002980231
30
0.10000000011175861
11
0.4374848431007817
21
1.4455000002980232
31
0.10000000011175861
12
0.4374848431007817
22
1.4455000002980232
32
1.7200000095367431
13
0.4374848431007817
23
1.3855000002980231
33
1.7200000095367431
0
LINE
5
DEDD
330
D818
100
AcDbEntity
100
AcDbLine
8
EKP_POI_TASIYICI_SASE
10
0.3774848431007817
20
1.3855000002980231
30
0.10000000011175861
11
0.4374848431007817
21
1.3855000002980231
31
0.10000000011175861
0
LINE
5
DEDE
330
D818
100
AcDbEntity
100
AcDbLine
8
EKP_POI_TASIYICI_SASE
10
0.4374848431007817
20
1.3855000002980231
30
0.10000000011175861
11
0.4374848431007817
21
1.4455000002980232
31
0.10000000011175861
0
LINE
5
DEDF
330
D818
100
AcDbEntity
100
AcDbLine
8
EKP_POI_TASIYICI_SASE
10
0.4374848431007817
20
1.4455000002980232
30
0.10000000011175861
11
0.3774848431007817
21
1.4455000002980232
31
0.10000000011175861
0
LINE
5
DEE0
330
D818
100
AcDbEntity
100
AcDbLine
8
EKP_POI_TASIYICI_SASE
10
0.3774848431007817
20
1.4455000002980232
30
0.10000000011175861
11
0.3774848431007817
21
1.3855000002980231
31
0.10000000011175861
0
LINE
5
DEE1
330
D818
100
AcDbEntity
100
AcDbLine
8
EKP_POI_TASIYICI_SASE
10
0.3774848431007817
20
1.3855000002980231
30
1.7200000095367431
11
0.4374848431007817
21
1.3855000002980231
31
1.7200000095367431
0
LINE
5
DEE2
330
D818
100
AcDbEntity
100
AcDbLine
8
EKP_POI_TASIYICI_SASE
10
0.4374848431007817
20
1.3855000002980231
30
1.7200000095367431
11
0.4374848431007817
21
1.4455000002980232
31
1.7200000095367431
0
LINE
5
DEE3
330
D818
100
AcDbEntity
100
AcDbLine
8
EKP_POI_TASIYICI_SASE
10
0.4374848431007817
20
1.4455000002980232
30
1.7200000095367431
11
0.3774848431007817
21
1.4455000002980232
31
1.7200000095367431
0
LINE
5
DEE4
330
D818
100
AcDbEntity
100
AcDbLine
8
EKP_POI_TASIYICI_SASE
10
0.3774848431007817
20
1.4455000002980232
30
1.7200000095367431
11
0.3774848431007817
21
1.3855000002980231
31
1.7200000095367431
0
LINE
5
DEE5
330
D818
100
AcDbEntity
100
AcDbLine
8
EKP_POI_TASIYICI_SASE
10
0.3774848431007817
20
1.3855000002980231
30
0.10000000011175861
11
0.3774848431007817
21
1.3855000002980231
31
1.7200000095367431
0
LINE
5
DEE6
330
D818
100
AcDbEntity
100
AcDbLine
8
EKP_POI_TASIYICI_SASE
10
0.4374848431007817
20
1.3855000002980231
30
0.10000000011175861
11
0.4374848431007817
21
1.3855000002980231
31
1.7200000095367431
0
LINE
5
DEE7
330
D818
100
AcDbEntity
100
AcDbLine
8
EKP_POI_TASIYICI_SASE
10
0.4374848431007817
20
1.4455000002980232
30
0.10000000011175861
11
0.4374848431007817
21
1.4455000002980232
31
1.7200000095367431
0
LINE
5
DEE8
330
D818
100
AcDbEntity
100
AcDbLine
8
EKP_POI_TASIYICI_SASE
10
0.3774848431007817
20
1.4455000002980232
30
0.10000000011175861
11
0.3774848431007817
21
1.4455000002980232
31
1.7200000095367431
0
3DFACE
5
DEE9
330
D818
100
AcDbEntity
100
AcDbFace
8
EKP_POI_TASIYICI_SASE
10
-0.2625151449782895
20
0.8254999997019767
30
1.7200000095367431
11
0.4374848431007817
21
0.8254999997019767
31
1.7200000095367431
12
0.4374848431007817
22
1.4455000002980232
32
1.7200000095367431
13
-0.2625151449782895
23
1.4455000002980232
33
1.7200000095367431
0
3DFACE
5
DEEA
330
D818
100
AcDbEntity
100
AcDbFace
8
EKP_POI_TASIYICI_SASE
10
-0.2625151449782895
20
0.8254999997019767
30
1.7800000095367432
11
0.4374848431007817
21
0.8254999997019767
31
1.7800000095367432
12
0.4374848431007817
22
1.4455000002980232
32
1.7800000095367432
13
-0.2625151449782895
23
1.4455000002980232
33
1.7800000095367432
0
3DFACE
5
DEEB
330
D818
100
AcDbEntity
100
AcDbFace
8
EKP_POI_TASIYICI_SASE
10
-0.2625151449782895
20
0.8254999997019767
30
1.7200000095367431
11
0.4374848431007817
21
0.8254999997019767
31
1.7200000095367431
12
0.4374848431007817
22
0.8254999997019767
32
1.7800000095367432
13
-0.2625151449782895
23
0.8254999997019767
33
1.7800000095367432
0
3DFACE
5
DEEC
330
D818
100
AcDbEntity
100
AcDbFace
8
EKP_POI_TASIYICI_SASE
10
-0.2625151449782895
20
1.4455000002980232
30
1.7200000095367431
11
0.4374848431007817
21
1.4455000002980232
31
1.7200000095367431
12
0.4374848431007817
22
1.4455000002980232
32
1.7800000095367432
13
-0.2625151449782895
23
1.4455000002980232
33
1.7800000095367432
0
3DFACE
5
DEED
330
D818
100
AcDbEntity
100
AcDbFace
8
EKP_POI_TASIYICI_SASE
10
-0.2625151449782895
20
0.8254999997019767
30
1.7200000095367431
11
-0.2625151449782895
21
1.4455000002980232
31
1.7200000095367431
12
-0.2625151449782895
22
1.4455000002980232
32
1.7800000095367432
13
-0.2625151449782895
23
0.8254999997019767
33
1.7800000095367432
0
3DFACE
5
DEEE
330
D818
100
AcDbEntity
100
AcDbFace
8
EKP_POI_TASIYICI_SASE
10
0.4374848431007817
20
0.8254999997019767
30
1.7200000095367431
11
0.4374848431007817
21
1.4455000002980232
31
1.7200000095367431
12
0.4374848431007817
22
1.4455000002980232
32
1.7800000095367432
13
0.4374848431007817
23
0.8254999997019767
33
1.7800000095367432
0
LINE
5
DEEF
330
D818
100
AcDbEntity
100
AcDbLine
8
EKP_POI_TASIYICI_SASE
10
-0.2625151449782895
20
0.8254999997019767
30
1.7200000095367431
11
0.4374848431007817
21
0.8254999997019767
31
1.7200000095367431
0
LINE
5
DEF0
330
D818
100
AcDbEntity
100
AcDbLine
8
EKP_POI_TASIYICI_SASE
10
0.4374848431007817
20
0.8254999997019767
30
1.7200000095367431
11
0.4374848431007817
21
1.4455000002980232
31
1.7200000095367431
0
LINE
5
DEF1
330
D818
100
AcDbEntity
100
AcDbLine
8
EKP_POI_TASIYICI_SASE
10
0.4374848431007817
20
1.4455000002980232
30
1.7200000095367431
11
-0.2625151449782895
21
1.4455000002980232
31
1.7200000095367431
0
LINE
5
DEF2
330
D818
100
AcDbEntity
100
AcDbLine
8
EKP_POI_TASIYICI_SASE
10
-0.2625151449782895
20
1.4455000002980232
30
1.7200000095367431
11
-0.2625151449782895
21
0.8254999997019767
31
1.7200000095367431
0
LINE
5
DEF3
330
D818
100
AcDbEntity
100
AcDbLine
8
EKP_POI_TASIYICI_SASE
10
-0.2625151449782895
20
0.8254999997019767
30
1.7800000095367432
11
0.4374848431007817
21
0.8254999997019767
31
1.7800000095367432
0
LINE
5
DEF4
330
D818
100
AcDbEntity
100
AcDbLine
8
EKP_POI_TASIYICI_SASE
10
0.4374848431007817
20
0.8254999997019767
30
1.7800000095367432
11
0.4374848431007817
21
1.4455000002980232
31
1.7800000095367432
0
LINE
5
DEF5
330
D818
100
AcDbEntity
100
AcDbLine
8
EKP_POI_TASIYICI_SASE
10
0.4374848431007817
20
1.4455000002980232
30
1.7800000095367432
11
-0.2625151449782895
21
1.4455000002980232
31
1.7800000095367432
0
LINE
5
DEF6
330
D818
100
AcDbEntity
100
AcDbLine
8
EKP_POI_TASIYICI_SASE
10
-0.2625151449782895
20
1.4455000002980232
30
1.7800000095367432
11
-0.2625151449782895
21
0.8254999997019767
31
1.7800000095367432
0
LINE
5
DEF7
330
D818
100
AcDbEntity
100
AcDbLine
8
EKP_POI_TASIYICI_SASE
10
-0.2625151449782895
20
0.8254999997019767
30
1.7200000095367431
11
-0.2625151449782895
21
0.8254999997019767
31
1.7800000095367432
0
LINE
5
DEF8
330
D818
100
AcDbEntity
100
AcDbLine
8
EKP_POI_TASIYICI_SASE
10
0.4374848431007817
20
0.8254999997019767
30
1.7200000095367431
11
0.4374848431007817
21
0.8254999997019767
31
1.7800000095367432
0
LINE
5
DEF9
330
D818
100
AcDbEntity
100
AcDbLine
8
EKP_POI_TASIYICI_SASE
10
0.4374848431007817
20
1.4455000002980232
30
1.7200000095367431
11
0.4374848431007817
21
1.4455000002980232
31
1.7800000095367432
0
LINE
5
DEFA
330
D818
100
AcDbEntity
100
AcDbLine
8
EKP_POI_TASIYICI_SASE
10
-0.2625151449782895
20
1.4455000002980232
30
1.7200000095367431
11
-0.2625151449782895
21
1.4455000002980232
31
1.7800000095367432
0
3DFACE
5
DEFB
330
D818
100
AcDbEntity
100
AcDbFace
8
EKP_POI_TASIYICI_SASE
10
-0.2625151449782895
20
0.8854999997019768
30
0.14000000011175862
11
-0.20251514497828949
21
0.8854999997019768
31
0.14000000011175862
12
-0.20251514497828949
22
1.3855000002980231
32
0.14000000011175862
13
-0.2625151449782895
23
1.3855000002980231
33
0.14000000011175862
0
3DFACE
5
DEFC
330
D818
100
AcDbEntity
100
AcDbFace
8
EKP_POI_TASIYICI_SASE
10
-0.2625151449782895
20
0.8854999997019768
30
0.18000000011175862
11
-0.20251514497828949
21
0.8854999997019768
31
0.18000000011175862
12
-0.20251514497828949
22
1.3855000002980231
32
0.18000000011175862
13
-0.2625151449782895
23
1.3855000002980231
33
0.18000000011175862
0
3DFACE
5
DEFD
330
D818
100
AcDbEntity
100
AcDbFace
8
EKP_POI_TASIYICI_SASE
10
-0.2625151449782895
20
0.8854999997019768
30
0.14000000011175862
11
-0.20251514497828949
21
0.8854999997019768
31
0.14000000011175862
12
-0.20251514497828949
22
0.8854999997019768
32
0.18000000011175862
13
-0.2625151449782895
23
0.8854999997019768
33
0.18000000011175862
0
3DFACE
5
DEFE
330
D818
100
AcDbEntity
100
AcDbFace
8
EKP_POI_TASIYICI_SASE
10
-0.2625151449782895
20
1.3855000002980231
30
0.14000000011175862
11
-0.20251514497828949
21
1.3855000002980231
31
0.14000000011175862
12
-0.20251514497828949
22
1.3855000002980231
32
0.18000000011175862
13
-0.2625151449782895
23
1.3855000002980231
33
0.18000000011175862
0
3DFACE
5
DEFF
330
D818
100
AcDbEntity
100
AcDbFace
8
EKP_POI_TASIYICI_SASE
10
-0.2625151449782895
20
0.8854999997019768
30
0.14000000011175862
11
-0.2625151449782895
21
1.3855000002980231
31
0.14000000011175862
12
-0.2625151449782895
22
1.3855000002980231
32
0.18000000011175862
13
-0.2625151449782895
23
0.8854999997019768
33
0.18000000011175862
0
3DFACE
5
DF00
330
D818
100
AcDbEntity
100
AcDbFace
8
EKP_POI_TASIYICI_SASE
10
-0.20251514497828949
20
0.8854999997019768
30
0.14000000011175862
11
-0.20251514497828949
21
1.3855000002980231
31
0.14000000011175862
12
-0.20251514497828949
22
1.3855000002980231
32
0.18000000011175862
13
-0.20251514497828949
23
0.8854999997019768
33
0.18000000011175862
0
LINE
5
DF01
330
D818
100
AcDbEntity
100
AcDbLine
8
EKP_POI_TASIYICI_SASE
10
-0.2625151449782895
20
0.8854999997019768
30
0.14000000011175862
11
-0.20251514497828949
21
0.8854999997019768
31
0.14000000011175862
0
LINE
5
DF02
330
D818
100
AcDbEntity
100
AcDbLine
8
EKP_POI_TASIYICI_SASE
10
-0.20251514497828949
20
0.8854999997019768
30
0.14000000011175862
11
-0.20251514497828949
21
1.3855000002980231
31
0.14000000011175862
0
LINE
5
DF03
330
D818
100
AcDbEntity
100
AcDbLine
8
EKP_POI_TASIYICI_SASE
10
-0.20251514497828949
20
1.3855000002980231
30
0.14000000011175862
11
-0.2625151449782895
21
1.3855000002980231
31
0.14000000011175862
0
LINE
5
DF04
330
D818
100
AcDbEntity
100
AcDbLine
8
EKP_POI_TASIYICI_SASE
10
-0.2625151449782895
20
1.3855000002980231
30
0.14000000011175862
11
-0.2625151449782895
21
0.8854999997019768
31
0.14000000011175862
0
LINE
5
DF05
330
D818
100
AcDbEntity
100
AcDbLine
8
EKP_POI_TASIYICI_SASE
10
-0.2625151449782895
20
0.8854999997019768
30
0.18000000011175862
11
-0.20251514497828949
21
0.8854999997019768
31
0.18000000011175862
0
LINE
5
DF06
330
D818
100
AcDbEntity
100
AcDbLine
8
EKP_POI_TASIYICI_SASE
10
-0.20251514497828949
20
0.8854999997019768
30
0.18000000011175862
11
-0.20251514497828949
21
1.3855000002980231
31
0.18000000011175862
0
LINE
5
DF07
330
D818
100
AcDbEntity
100
AcDbLine
8
EKP_POI_TASIYICI_SASE
10
-0.20251514497828949
20
1.3855000002980231
30
0.18000000011175862
11
-0.2625151449782895
21
1.3855000002980231
31
0.18000000011175862
0
LINE
5
DF08
330
D818
100
AcDbEntity
100
AcDbLine
8
EKP_POI_TASIYICI_SASE
10
-0.2625151449782895
20
1.3855000002980231
30
0.18000000011175862
11
-0.2625151449782895
21
0.8854999997019768
31
0.18000000011175862
0
LINE
5
DF09
330
D818
100
AcDbEntity
100
AcDbLine
8
EKP_POI_TASIYICI_SASE
10
-0.2625151449782895
20
0.8854999997019768
30
0.14000000011175862
11
-0.2625151449782895
21
0.8854999997019768
31
0.18000000011175862
0
LINE
5
DF0A
330
D818
100
AcDbEntity
100
AcDbLine
8
EKP_POI_TASIYICI_SASE
10
-0.20251514497828949
20
0.8854999997019768
30
0.14000000011175862
11
-0.20251514497828949
21
0.8854999997019768
31
0.18000000011175862
0
LINE
5
DF0B
330
D818
100
AcDbEntity
100
AcDbLine
8
EKP_POI_TASIYICI_SASE
10
-0.20251514497828949
20
1.3855000002980231
30
0.14000000011175862
11
-0.20251514497828949
21
1.3855000002980231
31
0.18000000011175862
0
LINE
5
DF0C
330
D818
100
AcDbEntity
100
AcDbLine
8
EKP_POI_TASIYICI_SASE
10
-0.2625151449782895
20
1.3855000002980231
30
0.14000000011175862
11
-0.2625151449782895
21
1.3855000002980231
31
0.18000000011175862
0
3DFACE
5
DF0D
330
D818
100
AcDbEntity
100
AcDbFace
8
EKP_POI_TASIYICI_SASE
10
0.3774848431007817
20
0.8854999997019768
30
0.14000000011175862
11
0.4374848431007817
21
0.8854999997019768
31
0.14000000011175862
12
0.4374848431007817
22
1.3855000002980231
32
0.14000000011175862
13
0.3774848431007817
23
1.3855000002980231
33
0.14000000011175862
0
3DFACE
5
DF0E
330
D818
100
AcDbEntity
100
AcDbFace
8
EKP_POI_TASIYICI_SASE
10
0.3774848431007817
20
0.8854999997019768
30
0.18000000011175862
11
0.4374848431007817
21
0.8854999997019768
31
0.18000000011175862
12
0.4374848431007817
22
1.3855000002980231
32
0.18000000011175862
13
0.3774848431007817
23
1.3855000002980231
33
0.18000000011175862
0
3DFACE
5
DF0F
330
D818
100
AcDbEntity
100
AcDbFace
8
EKP_POI_TASIYICI_SASE
10
0.3774848431007817
20
0.8854999997019768
30
0.14000000011175862
11
0.4374848431007817
21
0.8854999997019768
31
0.14000000011175862
12
0.4374848431007817
22
0.8854999997019768
32
0.18000000011175862
13
0.3774848431007817
23
0.8854999997019768
33
0.18000000011175862
0
3DFACE
5
DF10
330
D818
100
AcDbEntity
100
AcDbFace
8
EKP_POI_TASIYICI_SASE
10
0.3774848431007817
20
1.3855000002980231
30
0.14000000011175862
11
0.4374848431007817
21
1.3855000002980231
31
0.14000000011175862
12
0.4374848431007817
22
1.3855000002980231
32
0.18000000011175862
13
0.3774848431007817
23
1.3855000002980231
33
0.18000000011175862
0
3DFACE
5
DF11
330
D818
100
AcDbEntity
100
AcDbFace
8
EKP_POI_TASIYICI_SASE
10
0.3774848431007817
20
0.8854999997019768
30
0.14000000011175862
11
0.3774848431007817
21
1.3855000002980231
31
0.14000000011175862
12
0.3774848431007817
22
1.3855000002980231
32
0.18000000011175862
13
0.3774848431007817
23
0.8854999997019768
33
0.18000000011175862
0
3DFACE
5
DF12
330
D818
100
AcDbEntity
100
AcDbFace
8
EKP_POI_TASIYICI_SASE
10
0.4374848431007817
20
0.8854999997019768
30
0.14000000011175862
11
0.4374848431007817
21
1.3855000002980231
31
0.14000000011175862
12
0.4374848431007817
22
1.3855000002980231
32
0.18000000011175862
13
0.4374848431007817
23
0.8854999997019768
33
0.18000000011175862
0
LINE
5
DF13
330
D818
100
AcDbEntity
100
AcDbLine
8
EKP_POI_TASIYICI_SASE
10
0.3774848431007817
20
0.8854999997019768
30
0.14000000011175862
11
0.4374848431007817
21
0.8854999997019768
31
0.14000000011175862
0
LINE
5
DF14
330
D818
100
AcDbEntity
100
AcDbLine
8
EKP_POI_TASIYICI_SASE
10
0.4374848431007817
20
0.8854999997019768
30
0.14000000011175862
11
0.4374848431007817
21
1.3855000002980231
31
0.14000000011175862
0
LINE
5
DF15
330
D818
100
AcDbEntity
100
AcDbLine
8
EKP_POI_TASIYICI_SASE
10
0.4374848431007817
20
1.3855000002980231
30
0.14000000011175862
11
0.3774848431007817
21
1.3855000002980231
31
0.14000000011175862
0
LINE
5
DF16
330
D818
100
AcDbEntity
100
AcDbLine
8
EKP_POI_TASIYICI_SASE
10
0.3774848431007817
20
1.3855000002980231
30
0.14000000011175862
11
0.3774848431007817
21
0.8854999997019768
31
0.14000000011175862
0
LINE
5
DF17
330
D818
100
AcDbEntity
100
AcDbLine
8
EKP_POI_TASIYICI_SASE
10
0.3774848431007817
20
0.8854999997019768
30
0.18000000011175862
11
0.4374848431007817
21
0.8854999997019768
31
0.18000000011175862
0
LINE
5
DF18
330
D818
100
AcDbEntity
100
AcDbLine
8
EKP_POI_TASIYICI_SASE
10
0.4374848431007817
20
0.8854999997019768
30
0.18000000011175862
11
0.4374848431007817
21
1.3855000002980231
31
0.18000000011175862
0
LINE
5
DF19
330
D818
100
AcDbEntity
100
AcDbLine
8
EKP_POI_TASIYICI_SASE
10
0.4374848431007817
20
1.3855000002980231
30
0.18000000011175862
11
0.3774848431007817
21
1.3855000002980231
31
0.18000000011175862
0
LINE
5
DF1A
330
D818
100
AcDbEntity
100
AcDbLine
8
EKP_POI_TASIYICI_SASE
10
0.3774848431007817
20
1.3855000002980231
30
0.18000000011175862
11
0.3774848431007817
21
0.8854999997019768
31
0.18000000011175862
0
LINE
5
DF1B
330
D818
100
AcDbEntity
100
AcDbLine
8
EKP_POI_TASIYICI_SASE
10
0.3774848431007817
20
0.8854999997019768
30
0.14000000011175862
11
0.3774848431007817
21
0.8854999997019768
31
0.18000000011175862
0
LINE
5
DF1C
330
D818
100
AcDbEntity
100
AcDbLine
8
EKP_POI_TASIYICI_SASE
10
0.4374848431007817
20
0.8854999997019768
30
0.14000000011175862
11
0.4374848431007817
21
0.8854999997019768
31
0.18000000011175862
0
LINE
5
DF1D
330
D818
100
AcDbEntity
100
AcDbLine
8
EKP_POI_TASIYICI_SASE
10
0.4374848431007817
20
1.3855000002980231
30
0.14000000011175862
11
0.4374848431007817
21
1.3855000002980231
31
0.18000000011175862
0
LINE
5
DF1E
330
D818
100
AcDbEntity
100
AcDbLine
8
EKP_POI_TASIYICI_SASE
10
0.3774848431007817
20
1.3855000002980231
30
0.14000000011175862
11
0.3774848431007817
21
1.3855000002980231
31
0.18000000011175862
0
3DFACE
5
DF1F
330
D818
100
AcDbEntity
100
AcDbFace
8
EKP_POI_TASIYICI_SASE
10
-0.2625151449782895
20
0.8854999997019768
30
0.8900000048242509
11
-0.20251514497828949
21
0.8854999997019768
31
0.8900000048242509
12
-0.20251514497828949
22
1.3855000002980231
32
0.8900000048242509
13
-0.2625151449782895
23
1.3855000002980231
33
0.8900000048242509
0
3DFACE
5
DF20
330
D818
100
AcDbEntity
100
AcDbFace
8
EKP_POI_TASIYICI_SASE
10
-0.2625151449782895
20
0.8854999997019768
30
0.9300000048242509
11
-0.20251514497828949
21
0.8854999997019768
31
0.9300000048242509
12
-0.20251514497828949
22
1.3855000002980231
32
0.9300000048242509
13
-0.2625151449782895
23
1.3855000002980231
33
0.9300000048242509
0
3DFACE
5
DF21
330
D818
100
AcDbEntity
100
AcDbFace
8
EKP_POI_TASIYICI_SASE
10
-0.2625151449782895
20
0.8854999997019768
30
0.8900000048242509
11
-0.20251514497828949
21
0.8854999997019768
31
0.8900000048242509
12
-0.20251514497828949
22
0.8854999997019768
32
0.9300000048242509
13
-0.2625151449782895
23
0.8854999997019768
33
0.9300000048242509
0
3DFACE
5
DF22
330
D818
100
AcDbEntity
100
AcDbFace
8
EKP_POI_TASIYICI_SASE
10
-0.2625151449782895
20
1.3855000002980231
30
0.8900000048242509
11
-0.20251514497828949
21
1.3855000002980231
31
0.8900000048242509
12
-0.20251514497828949
22
1.3855000002980231
32
0.9300000048242509
13
-0.2625151449782895
23
1.3855000002980231
33
0.9300000048242509
0
3DFACE
5
DF23
330
D818
100
AcDbEntity
100
AcDbFace
8
EKP_POI_TASIYICI_SASE
10
-0.2625151449782895
20
0.8854999997019768
30
0.8900000048242509
11
-0.2625151449782895
21
1.3855000002980231
31
0.8900000048242509
12
-0.2625151449782895
22
1.3855000002980231
32
0.9300000048242509
13
-0.2625151449782895
23
0.8854999997019768
33
0.9300000048242509
0
3DFACE
5
DF24
330
D818
100
AcDbEntity
100
AcDbFace
8
EKP_POI_TASIYICI_SASE
10
-0.20251514497828949
20
0.8854999997019768
30
0.8900000048242509
11
-0.20251514497828949
21
1.3855000002980231
31
0.8900000048242509
12
-0.20251514497828949
22
1.3855000002980231
32
0.9300000048242509
13
-0.20251514497828949
23
0.8854999997019768
33
0.9300000048242509
0
LINE
5
DF25
330
D818
100
AcDbEntity
100
AcDbLine
8
EKP_POI_TASIYICI_SASE
10
-0.2625151449782895
20
0.8854999997019768
30
0.8900000048242509
11
-0.20251514497828949
21
0.8854999997019768
31
0.8900000048242509
0
LINE
5
DF26
330
D818
100
AcDbEntity
100
AcDbLine
8
EKP_POI_TASIYICI_SASE
10
-0.20251514497828949
20
0.8854999997019768
30
0.8900000048242509
11
-0.20251514497828949
21
1.3855000002980231
31
0.8900000048242509
0
LINE
5
DF27
330
D818
100
AcDbEntity
100
AcDbLine
8
EKP_POI_TASIYICI_SASE
10
-0.20251514497828949
20
1.3855000002980231
30
0.8900000048242509
11
-0.2625151449782895
21
1.3855000002980231
31
0.8900000048242509
0
LINE
5
DF28
330
D818
100
AcDbEntity
100
AcDbLine
8
EKP_POI_TASIYICI_SASE
10
-0.2625151449782895
20
1.3855000002980231
30
0.8900000048242509
11
-0.2625151449782895
21
0.8854999997019768
31
0.8900000048242509
0
LINE
5
DF29
330
D818
100
AcDbEntity
100
AcDbLine
8
EKP_POI_TASIYICI_SASE
10
-0.2625151449782895
20
0.8854999997019768
30
0.9300000048242509
11
-0.20251514497828949
21
0.8854999997019768
31
0.9300000048242509
0
LINE
5
DF2A
330
D818
100
AcDbEntity
100
AcDbLine
8
EKP_POI_TASIYICI_SASE
10
-0.20251514497828949
20
0.8854999997019768
30
0.9300000048242509
11
-0.20251514497828949
21
1.3855000002980231
31
0.9300000048242509
0
LINE
5
DF2B
330
D818
100
AcDbEntity
100
AcDbLine
8
EKP_POI_TASIYICI_SASE
10
-0.20251514497828949
20
1.3855000002980231
30
0.9300000048242509
11
-0.2625151449782895
21
1.3855000002980231
31
0.9300000048242509
0
LINE
5
DF2C
330
D818
100
AcDbEntity
100
AcDbLine
8
EKP_POI_TASIYICI_SASE
10
-0.2625151449782895
20
1.3855000002980231
30
0.9300000048242509
11
-0.2625151449782895
21
0.8854999997019768
31
0.9300000048242509
0
LINE
5
DF2D
330
D818
100
AcDbEntity
100
AcDbLine
8
EKP_POI_TASIYICI_SASE
10
-0.2625151449782895
20
0.8854999997019768
30
0.8900000048242509
11
-0.2625151449782895
21
0.8854999997019768
31
0.9300000048242509
0
LINE
5
DF2E
330
D818
100
AcDbEntity
100
AcDbLine
8
EKP_POI_TASIYICI_SASE
10
-0.20251514497828949
20
0.8854999997019768
30
0.8900000048242509
11
-0.20251514497828949
21
0.8854999997019768
31
0.9300000048242509
0
LINE
5
DF2F
330
D818
100
AcDbEntity
100
AcDbLine
8
EKP_POI_TASIYICI_SASE
10
-0.20251514497828949
20
1.3855000002980231
30
0.8900000048242509
11
-0.20251514497828949
21
1.3855000002980231
31
0.9300000048242509
0
LINE
5
DF30
330
D818
100
AcDbEntity
100
AcDbLine
8
EKP_POI_TASIYICI_SASE
10
-0.2625151449782895
20
1.3855000002980231
30
0.8900000048242509
11
-0.2625151449782895
21
1.3855000002980231
31
0.9300000048242509
0
3DFACE
5
DF31
330
D818
100
AcDbEntity
100
AcDbFace
8
EKP_POI_TASIYICI_SASE
10
0.3774848431007817
20
0.8854999997019768
30
0.8900000048242509
11
0.4374848431007817
21
0.8854999997019768
31
0.8900000048242509
12
0.4374848431007817
22
1.3855000002980231
32
0.8900000048242509
13
0.3774848431007817
23
1.3855000002980231
33
0.8900000048242509
0
3DFACE
5
DF32
330
D818
100
AcDbEntity
100
AcDbFace
8
EKP_POI_TASIYICI_SASE
10
0.3774848431007817
20
0.8854999997019768
30
0.9300000048242509
11
0.4374848431007817
21
0.8854999997019768
31
0.9300000048242509
12
0.4374848431007817
22
1.3855000002980231
32
0.9300000048242509
13
0.3774848431007817
23
1.3855000002980231
33
0.9300000048242509
0
3DFACE
5
DF33
330
D818
100
AcDbEntity
100
AcDbFace
8
EKP_POI_TASIYICI_SASE
10
0.3774848431007817
20
0.8854999997019768
30
0.8900000048242509
11
0.4374848431007817
21
0.8854999997019768
31
0.8900000048242509
12
0.4374848431007817
22
0.8854999997019768
32
0.9300000048242509
13
0.3774848431007817
23
0.8854999997019768
33
0.9300000048242509
0
3DFACE
5
DF34
330
D818
100
AcDbEntity
100
AcDbFace
8
EKP_POI_TASIYICI_SASE
10
0.3774848431007817
20
1.3855000002980231
30
0.8900000048242509
11
0.4374848431007817
21
1.3855000002980231
31
0.8900000048242509
12
0.4374848431007817
22
1.3855000002980231
32
0.9300000048242509
13
0.3774848431007817
23
1.3855000002980231
33
0.9300000048242509
0
3DFACE
5
DF35
330
D818
100
AcDbEntity
100
AcDbFace
8
EKP_POI_TASIYICI_SASE
10
0.3774848431007817
20
0.8854999997019768
30
0.8900000048242509
11
0.3774848431007817
21
1.3855000002980231
31
0.8900000048242509
12
0.3774848431007817
22
1.3855000002980231
32
0.9300000048242509
13
0.3774848431007817
23
0.8854999997019768
33
0.9300000048242509
0
3DFACE
5
DF36
330
D818
100
AcDbEntity
100
AcDbFace
8
EKP_POI_TASIYICI_SASE
10
0.4374848431007817
20
0.8854999997019768
30
0.8900000048242509
11
0.4374848431007817
21
1.3855000002980231
31
0.8900000048242509
12
0.4374848431007817
22
1.3855000002980231
32
0.9300000048242509
13
0.4374848431007817
23
0.8854999997019768
33
0.9300000048242509
0
LINE
5
DF37
330
D818
100
AcDbEntity
100
AcDbLine
8
EKP_POI_TASIYICI_SASE
10
0.3774848431007817
20
0.8854999997019768
30
0.8900000048242509
11
0.4374848431007817
21
0.8854999997019768
31
0.8900000048242509
0
LINE
5
DF38
330
D818
100
AcDbEntity
100
AcDbLine
8
EKP_POI_TASIYICI_SASE
10
0.4374848431007817
20
0.8854999997019768
30
0.8900000048242509
11
0.4374848431007817
21
1.3855000002980231
31
0.8900000048242509
0
LINE
5
DF39
330
D818
100
AcDbEntity
100
AcDbLine
8
EKP_POI_TASIYICI_SASE
10
0.4374848431007817
20
1.3855000002980231
30
0.8900000048242509
11
0.3774848431007817
21
1.3855000002980231
31
0.8900000048242509
0
LINE
5
DF3A
330
D818
100
AcDbEntity
100
AcDbLine
8
EKP_POI_TASIYICI_SASE
10
0.3774848431007817
20
1.3855000002980231
30
0.8900000048242509
11
0.3774848431007817
21
0.8854999997019768
31
0.8900000048242509
0
LINE
5
DF3B
330
D818
100
AcDbEntity
100
AcDbLine
8
EKP_POI_TASIYICI_SASE
10
0.3774848431007817
20
0.8854999997019768
30
0.9300000048242509
11
0.4374848431007817
21
0.8854999997019768
31
0.9300000048242509
0
LINE
5
DF3C
330
D818
100
AcDbEntity
100
AcDbLine
8
EKP_POI_TASIYICI_SASE
10
0.4374848431007817
20
0.8854999997019768
30
0.9300000048242509
11
0.4374848431007817
21
1.3855000002980231
31
0.9300000048242509
0
LINE
5
DF3D
330
D818
100
AcDbEntity
100
AcDbLine
8
EKP_POI_TASIYICI_SASE
10
0.4374848431007817
20
1.3855000002980231
30
0.9300000048242509
11
0.3774848431007817
21
1.3855000002980231
31
0.9300000048242509
0
LINE
5
DF3E
330
D818
100
AcDbEntity
100
AcDbLine
8
EKP_POI_TASIYICI_SASE
10
0.3774848431007817
20
1.3855000002980231
30
0.9300000048242509
11
0.3774848431007817
21
0.8854999997019768
31
0.9300000048242509
0
LINE
5
DF3F
330
D818
100
AcDbEntity
100
AcDbLine
8
EKP_POI_TASIYICI_SASE
10
0.3774848431007817
20
0.8854999997019768
30
0.8900000048242509
11
0.3774848431007817
21
0.8854999997019768
31
0.9300000048242509
0
LINE
5
DF40
330
D818
100
AcDbEntity
100
AcDbLine
8
EKP_POI_TASIYICI_SASE
10
0.4374848431007817
20
0.8854999997019768
30
0.8900000048242509
11
0.4374848431007817
21
0.8854999997019768
31
0.9300000048242509
0
LINE
5
DF41
330
D818
100
AcDbEntity
100
AcDbLine
8
EKP_POI_TASIYICI_SASE
10
0.4374848431007817
20
1.3855000002980231
30
0.8900000048242509
11
0.4374848431007817
21
1.3855000002980231
31
0.9300000048242509
0
LINE
5
DF42
330
D818
100
AcDbEntity
100
AcDbLine
8
EKP_POI_TASIYICI_SASE
10
0.3774848431007817
20
1.3855000002980231
30
0.8900000048242509
11
0.3774848431007817
21
1.3855000002980231
31
0.9300000048242509
0
3DFACE
5
DF43
330
D818
100
AcDbEntity
100
AcDbFace
8
EKP_POI_TASIYICI_SASE
10
-0.2625151449782895
20
0.8854999997019768
30
1.660000009536743
11
-0.20251514497828949
21
0.8854999997019768
31
1.660000009536743
12
-0.20251514497828949
22
1.3855000002980231
32
1.660000009536743
13
-0.2625151449782895
23
1.3855000002980231
33
1.660000009536743
0
3DFACE
5
DF44
330
D818
100
AcDbEntity
100
AcDbFace
8
EKP_POI_TASIYICI_SASE
10
-0.2625151449782895
20
0.8854999997019768
30
1.7000000095367431
11
-0.20251514497828949
21
0.8854999997019768
31
1.7000000095367431
12
-0.20251514497828949
22
1.3855000002980231
32
1.7000000095367431
13
-0.2625151449782895
23
1.3855000002980231
33
1.7000000095367431
0
3DFACE
5
DF45
330
D818
100
AcDbEntity
100
AcDbFace
8
EKP_POI_TASIYICI_SASE
10
-0.2625151449782895
20
0.8854999997019768
30
1.660000009536743
11
-0.20251514497828949
21
0.8854999997019768
31
1.660000009536743
12
-0.20251514497828949
22
0.8854999997019768
32
1.7000000095367431
13
-0.2625151449782895
23
0.8854999997019768
33
1.7000000095367431
0
3DFACE
5
DF46
330
D818
100
AcDbEntity
100
AcDbFace
8
EKP_POI_TASIYICI_SASE
10
-0.2625151449782895
20
1.3855000002980231
30
1.660000009536743
11
-0.20251514497828949
21
1.3855000002980231
31
1.660000009536743
12
-0.20251514497828949
22
1.3855000002980231
32
1.7000000095367431
13
-0.2625151449782895
23
1.3855000002980231
33
1.7000000095367431
0
3DFACE
5
DF47
330
D818
100
AcDbEntity
100
AcDbFace
8
EKP_POI_TASIYICI_SASE
10
-0.2625151449782895
20
0.8854999997019768
30
1.660000009536743
11
-0.2625151449782895
21
1.3855000002980231
31
1.660000009536743
12
-0.2625151449782895
22
1.3855000002980231
32
1.7000000095367431
13
-0.2625151449782895
23
0.8854999997019768
33
1.7000000095367431
0
3DFACE
5
DF48
330
D818
100
AcDbEntity
100
AcDbFace
8
EKP_POI_TASIYICI_SASE
10
-0.20251514497828949
20
0.8854999997019768
30
1.660000009536743
11
-0.20251514497828949
21
1.3855000002980231
31
1.660000009536743
12
-0.20251514497828949
22
1.3855000002980231
32
1.7000000095367431
13
-0.20251514497828949
23
0.8854999997019768
33
1.7000000095367431
0
LINE
5
DF49
330
D818
100
AcDbEntity
100
AcDbLine
8
EKP_POI_TASIYICI_SASE
10
-0.2625151449782895
20
0.8854999997019768
30
1.660000009536743
11
-0.20251514497828949
21
0.8854999997019768
31
1.660000009536743
0
LINE
5
DF4A
330
D818
100
AcDbEntity
100
AcDbLine
8
EKP_POI_TASIYICI_SASE
10
-0.20251514497828949
20
0.8854999997019768
30
1.660000009536743
11
-0.20251514497828949
21
1.3855000002980231
31
1.660000009536743
0
LINE
5
DF4B
330
D818
100
AcDbEntity
100
AcDbLine
8
EKP_POI_TASIYICI_SASE
10
-0.20251514497828949
20
1.3855000002980231
30
1.660000009536743
11
-0.2625151449782895
21
1.3855000002980231
31
1.660000009536743
0
LINE
5
DF4C
330
D818
100
AcDbEntity
100
AcDbLine
8
EKP_POI_TASIYICI_SASE
10
-0.2625151449782895
20
1.3855000002980231
30
1.660000009536743
11
-0.2625151449782895
21
0.8854999997019768
31
1.660000009536743
0
LINE
5
DF4D
330
D818
100
AcDbEntity
100
AcDbLine
8
EKP_POI_TASIYICI_SASE
10
-0.2625151449782895
20
0.8854999997019768
30
1.7000000095367431
11
-0.20251514497828949
21
0.8854999997019768
31
1.7000000095367431
0
LINE
5
DF4E
330
D818
100
AcDbEntity
100
AcDbLine
8
EKP_POI_TASIYICI_SASE
10
-0.20251514497828949
20
0.8854999997019768
30
1.7000000095367431
11
-0.20251514497828949
21
1.3855000002980231
31
1.7000000095367431
0
LINE
5
DF4F
330
D818
100
AcDbEntity
100
AcDbLine
8
EKP_POI_TASIYICI_SASE
10
-0.20251514497828949
20
1.3855000002980231
30
1.7000000095367431
11
-0.2625151449782895
21
1.3855000002980231
31
1.7000000095367431
0
LINE
5
DF50
330
D818
100
AcDbEntity
100
AcDbLine
8
EKP_POI_TASIYICI_SASE
10
-0.2625151449782895
20
1.3855000002980231
30
1.7000000095367431
11
-0.2625151449782895
21
0.8854999997019768
31
1.7000000095367431
0
LINE
5
DF51
330
D818
100
AcDbEntity
100
AcDbLine
8
EKP_POI_TASIYICI_SASE
10
-0.2625151449782895
20
0.8854999997019768
30
1.660000009536743
11
-0.2625151449782895
21
0.8854999997019768
31
1.7000000095367431
0
LINE
5
DF52
330
D818
100
AcDbEntity
100
AcDbLine
8
EKP_POI_TASIYICI_SASE
10
-0.20251514497828949
20
0.8854999997019768
30
1.660000009536743
11
-0.20251514497828949
21
0.8854999997019768
31
1.7000000095367431
0
LINE
5
DF53
330
D818
100
AcDbEntity
100
AcDbLine
8
EKP_POI_TASIYICI_SASE
10
-0.20251514497828949
20
1.3855000002980231
30
1.660000009536743
11
-0.20251514497828949
21
1.3855000002980231
31
1.7000000095367431
0
LINE
5
DF54
330
D818
100
AcDbEntity
100
AcDbLine
8
EKP_POI_TASIYICI_SASE
10
-0.2625151449782895
20
1.3855000002980231
30
1.660000009536743
11
-0.2625151449782895
21
1.3855000002980231
31
1.7000000095367431
0
3DFACE
5
DF55
330
D818
100
AcDbEntity
100
AcDbFace
8
EKP_POI_TASIYICI_SASE
10
0.3774848431007817
20
0.8854999997019768
30
1.660000009536743
11
0.4374848431007817
21
0.8854999997019768
31
1.660000009536743
12
0.4374848431007817
22
1.3855000002980231
32
1.660000009536743
13
0.3774848431007817
23
1.3855000002980231
33
1.660000009536743
0
3DFACE
5
DF56
330
D818
100
AcDbEntity
100
AcDbFace
8
EKP_POI_TASIYICI_SASE
10
0.3774848431007817
20
0.8854999997019768
30
1.7000000095367431
11
0.4374848431007817
21
0.8854999997019768
31
1.7000000095367431
12
0.4374848431007817
22
1.3855000002980231
32
1.7000000095367431
13
0.3774848431007817
23
1.3855000002980231
33
1.7000000095367431
0
3DFACE
5
DF57
330
D818
100
AcDbEntity
100
AcDbFace
8
EKP_POI_TASIYICI_SASE
10
0.3774848431007817
20
0.8854999997019768
30
1.660000009536743
11
0.4374848431007817
21
0.8854999997019768
31
1.660000009536743
12
0.4374848431007817
22
0.8854999997019768
32
1.7000000095367431
13
0.3774848431007817
23
0.8854999997019768
33
1.7000000095367431
0
3DFACE
5
DF58
330
D818
100
AcDbEntity
100
AcDbFace
8
EKP_POI_TASIYICI_SASE
10
0.3774848431007817
20
1.3855000002980231
30
1.660000009536743
11
0.4374848431007817
21
1.3855000002980231
31
1.660000009536743
12
0.4374848431007817
22
1.3855000002980231
32
1.7000000095367431
13
0.3774848431007817
23
1.3855000002980231
33
1.7000000095367431
0
3DFACE
5
DF59
330
D818
100
AcDbEntity
100
AcDbFace
8
EKP_POI_TASIYICI_SASE
10
0.3774848431007817
20
0.8854999997019768
30
1.660000009536743
11
0.3774848431007817
21
1.3855000002980231
31
1.660000009536743
12
0.3774848431007817
22
1.3855000002980231
32
1.7000000095367431
13
0.3774848431007817
23
0.8854999997019768
33
1.7000000095367431
0
3DFACE
5
DF5A
330
D818
100
AcDbEntity
100
AcDbFace
8
EKP_POI_TASIYICI_SASE
10
0.4374848431007817
20
0.8854999997019768
30
1.660000009536743
11
0.4374848431007817
21
1.3855000002980231
31
1.660000009536743
12
0.4374848431007817
22
1.3855000002980231
32
1.7000000095367431
13
0.4374848431007817
23
0.8854999997019768
33
1.7000000095367431
0
LINE
5
DF5B
330
D818
100
AcDbEntity
100
AcDbLine
8
EKP_POI_TASIYICI_SASE
10
0.3774848431007817
20
0.8854999997019768
30
1.660000009536743
11
0.4374848431007817
21
0.8854999997019768
31
1.660000009536743
0
LINE
5
DF5C
330
D818
100
AcDbEntity
100
AcDbLine
8
EKP_POI_TASIYICI_SASE
10
0.4374848431007817
20
0.8854999997019768
30
1.660000009536743
11
0.4374848431007817
21
1.3855000002980231
31
1.660000009536743
0
LINE
5
DF5D
330
D818
100
AcDbEntity
100
AcDbLine
8
EKP_POI_TASIYICI_SASE
10
0.4374848431007817
20
1.3855000002980231
30
1.660000009536743
11
0.3774848431007817
21
1.3855000002980231
31
1.660000009536743
0
LINE
5
DF5E
330
D818
100
AcDbEntity
100
AcDbLine
8
EKP_POI_TASIYICI_SASE
10
0.3774848431007817
20
1.3855000002980231
30
1.660000009536743
11
0.3774848431007817
21
0.8854999997019768
31
1.660000009536743
0
LINE
5
DF5F
330
D818
100
AcDbEntity
100
AcDbLine
8
EKP_POI_TASIYICI_SASE
10
0.3774848431007817
20
0.8854999997019768
30
1.7000000095367431
11
0.4374848431007817
21
0.8854999997019768
31
1.7000000095367431
0
LINE
5
DF60
330
D818
100
AcDbEntity
100
AcDbLine
8
EKP_POI_TASIYICI_SASE
10
0.4374848431007817
20
0.8854999997019768
30
1.7000000095367431
11
0.4374848431007817
21
1.3855000002980231
31
1.7000000095367431
0
LINE
5
DF61
330
D818
100
AcDbEntity
100
AcDbLine
8
EKP_POI_TASIYICI_SASE
10
0.4374848431007817
20
1.3855000002980231
30
1.7000000095367431
11
0.3774848431007817
21
1.3855000002980231
31
1.7000000095367431
0
LINE
5
DF62
330
D818
100
AcDbEntity
100
AcDbLine
8
EKP_POI_TASIYICI_SASE
10
0.3774848431007817
20
1.3855000002980231
30
1.7000000095367431
11
0.3774848431007817
21
0.8854999997019768
31
1.7000000095367431
0
LINE
5
DF63
330
D818
100
AcDbEntity
100
AcDbLine
8
EKP_POI_TASIYICI_SASE
10
0.3774848431007817
20
0.8854999997019768
30
1.660000009536743
11
0.3774848431007817
21
0.8854999997019768
31
1.7000000095367431
0
LINE
5
DF64
330
D818
100
AcDbEntity
100
AcDbLine
8
EKP_POI_TASIYICI_SASE
10
0.4374848431007817
20
0.8854999997019768
30
1.660000009536743
11
0.4374848431007817
21
0.8854999997019768
31
1.7000000095367431
0
LINE
5
DF65
330
D818
100
AcDbEntity
100
AcDbLine
8
EKP_POI_TASIYICI_SASE
10
0.4374848431007817
20
1.3855000002980231
30
1.660000009536743
11
0.4374848431007817
21
1.3855000002980231
31
1.7000000095367431
0
LINE
5
DF66
330
D818
100
AcDbEntity
100
AcDbLine
8
EKP_POI_TASIYICI_SASE
10
0.3774848431007817
20
1.3855000002980231
30
1.660000009536743
11
0.3774848431007817
21
1.3855000002980231
31
1.7000000095367431
0
3DFACE
5
DF67
330
D818
100
AcDbEntity
100
AcDbFace
8
EKP_POI_TASIYICI_SASE
10
-0.1788151509387539
20
0.8854999997019768
30
0.10000000011175861
11
-0.1538151509387539
21
0.8854999997019768
31
0.10000000011175861
12
-0.1538151509387539
22
0.9104999997019768
32
0.10000000011175861
13
-0.1788151509387539
23
0.9104999997019768
33
0.10000000011175861
0
3DFACE
5
DF68
330
D818
100
AcDbEntity
100
AcDbFace
8
EKP_POI_TASIYICI_SASE
10
-0.1788151509387539
20
0.8854999997019768
30
1.7200000095367431
11
-0.1538151509387539
21
0.8854999997019768
31
1.7200000095367431
12
-0.1538151509387539
22
0.9104999997019768
32
1.7200000095367431
13
-0.1788151509387539
23
0.9104999997019768
33
1.7200000095367431
0
3DFACE
5
DF69
330
D818
100
AcDbEntity
100
AcDbFace
8
EKP_POI_TASIYICI_SASE
10
-0.1788151509387539
20
0.8854999997019768
30
0.10000000011175861
11
-0.1538151509387539
21
0.8854999997019768
31
0.10000000011175861
12
-0.1538151509387539
22
0.8854999997019768
32
1.7200000095367431
13
-0.1788151509387539
23
0.8854999997019768
33
1.7200000095367431
0
3DFACE
5
DF6A
330
D818
100
AcDbEntity
100
AcDbFace
8
EKP_POI_TASIYICI_SASE
10
-0.1788151509387539
20
0.9104999997019768
30
0.10000000011175861
11
-0.1538151509387539
21
0.9104999997019768
31
0.10000000011175861
12
-0.1538151509387539
22
0.9104999997019768
32
1.7200000095367431
13
-0.1788151509387539
23
0.9104999997019768
33
1.7200000095367431
0
3DFACE
5
DF6B
330
D818
100
AcDbEntity
100
AcDbFace
8
EKP_POI_TASIYICI_SASE
10
-0.1788151509387539
20
0.8854999997019768
30
0.10000000011175861
11
-0.1788151509387539
21
0.9104999997019768
31
0.10000000011175861
12
-0.1788151509387539
22
0.9104999997019768
32
1.7200000095367431
13
-0.1788151509387539
23
0.8854999997019768
33
1.7200000095367431
0
3DFACE
5
DF6C
330
D818
100
AcDbEntity
100
AcDbFace
8
EKP_POI_TASIYICI_SASE
10
-0.1538151509387539
20
0.8854999997019768
30
0.10000000011175861
11
-0.1538151509387539
21
0.9104999997019768
31
0.10000000011175861
12
-0.1538151509387539
22
0.9104999997019768
32
1.7200000095367431
13
-0.1538151509387539
23
0.8854999997019768
33
1.7200000095367431
0
LINE
5
DF6D
330
D818
100
AcDbEntity
100
AcDbLine
8
EKP_POI_TASIYICI_SASE
10
-0.1788151509387539
20
0.8854999997019768
30
0.10000000011175861
11
-0.1538151509387539
21
0.8854999997019768
31
0.10000000011175861
0
LINE
5
DF6E
330
D818
100
AcDbEntity
100
AcDbLine
8
EKP_POI_TASIYICI_SASE
10
-0.1538151509387539
20
0.8854999997019768
30
0.10000000011175861
11
-0.1538151509387539
21
0.9104999997019768
31
0.10000000011175861
0
LINE
5
DF6F
330
D818
100
AcDbEntity
100
AcDbLine
8
EKP_POI_TASIYICI_SASE
10
-0.1538151509387539
20
0.9104999997019768
30
0.10000000011175861
11
-0.1788151509387539
21
0.9104999997019768
31
0.10000000011175861
0
LINE
5
DF70
330
D818
100
AcDbEntity
100
AcDbLine
8
EKP_POI_TASIYICI_SASE
10
-0.1788151509387539
20
0.9104999997019768
30
0.10000000011175861
11
-0.1788151509387539
21
0.8854999997019768
31
0.10000000011175861
0
LINE
5
DF71
330
D818
100
AcDbEntity
100
AcDbLine
8
EKP_POI_TASIYICI_SASE
10
-0.1788151509387539
20
0.8854999997019768
30
1.7200000095367431
11
-0.1538151509387539
21
0.8854999997019768
31
1.7200000095367431
0
LINE
5
DF72
330
D818
100
AcDbEntity
100
AcDbLine
8
EKP_POI_TASIYICI_SASE
10
-0.1538151509387539
20
0.8854999997019768
30
1.7200000095367431
11
-0.1538151509387539
21
0.9104999997019768
31
1.7200000095367431
0
LINE
5
DF73
330
D818
100
AcDbEntity
100
AcDbLine
8
EKP_POI_TASIYICI_SASE
10
-0.1538151509387539
20
0.9104999997019768
30
1.7200000095367431
11
-0.1788151509387539
21
0.9104999997019768
31
1.7200000095367431
0
LINE
5
DF74
330
D818
100
AcDbEntity
100
AcDbLine
8
EKP_POI_TASIYICI_SASE
10
-0.1788151509387539
20
0.9104999997019768
30
1.7200000095367431
11
-0.1788151509387539
21
0.8854999997019768
31
1.7200000095367431
0
LINE
5
DF75
330
D818
100
AcDbEntity
100
AcDbLine
8
EKP_POI_TASIYICI_SASE
10
-0.1788151509387539
20
0.8854999997019768
30
0.10000000011175861
11
-0.1788151509387539
21
0.8854999997019768
31
1.7200000095367431
0
LINE
5
DF76
330
D818
100
AcDbEntity
100
AcDbLine
8
EKP_POI_TASIYICI_SASE
10
-0.1538151509387539
20
0.8854999997019768
30
0.10000000011175861
11
-0.1538151509387539
21
0.8854999997019768
31
1.7200000095367431
0
LINE
5
DF77
330
D818
100
AcDbEntity
100
AcDbLine
8
EKP_POI_TASIYICI_SASE
10
-0.1538151509387539
20
0.9104999997019768
30
0.10000000011175861
11
-0.1538151509387539
21
0.9104999997019768
31
1.7200000095367431
0
LINE
5
DF78
330
D818
100
AcDbEntity
100
AcDbLine
8
EKP_POI_TASIYICI_SASE
10
-0.1788151509387539
20
0.9104999997019768
30
0.10000000011175861
11
-0.1788151509387539
21
0.9104999997019768
31
1.7200000095367431
0
3DFACE
5
DF79
330
D818
100
AcDbEntity
100
AcDbFace
8
EKP_POI_TASIYICI_SASE
10
0.32878484906124605
20
0.8854999997019768
30
0.10000000011175861
11
0.3537848490612461
21
0.8854999997019768
31
0.10000000011175861
12
0.3537848490612461
22
0.9104999997019768
32
0.10000000011175861
13
0.32878484906124605
23
0.9104999997019768
33
0.10000000011175861
0
3DFACE
5
DF7A
330
D818
100
AcDbEntity
100
AcDbFace
8
EKP_POI_TASIYICI_SASE
10
0.32878484906124605
20
0.8854999997019768
30
1.7200000095367431
11
0.3537848490612461
21
0.8854999997019768
31
1.7200000095367431
12
0.3537848490612461
22
0.9104999997019768
32
1.7200000095367431
13
0.32878484906124605
23
0.9104999997019768
33
1.7200000095367431
0
3DFACE
5
DF7B
330
D818
100
AcDbEntity
100
AcDbFace
8
EKP_POI_TASIYICI_SASE
10
0.32878484906124605
20
0.8854999997019768
30
0.10000000011175861
11
0.3537848490612461
21
0.8854999997019768
31
0.10000000011175861
12
0.3537848490612461
22
0.8854999997019768
32
1.7200000095367431
13
0.32878484906124605
23
0.8854999997019768
33
1.7200000095367431
0
3DFACE
5
DF7C
330
D818
100
AcDbEntity
100
AcDbFace
8
EKP_POI_TASIYICI_SASE
10
0.32878484906124605
20
0.9104999997019768
30
0.10000000011175861
11
0.3537848490612461
21
0.9104999997019768
31
0.10000000011175861
12
0.3537848490612461
22
0.9104999997019768
32
1.7200000095367431
13
0.32878484906124605
23
0.9104999997019768
33
1.7200000095367431
0
3DFACE
5
DF7D
330
D818
100
AcDbEntity
100
AcDbFace
8
EKP_POI_TASIYICI_SASE
10
0.32878484906124605
20
0.8854999997019768
30
0.10000000011175861
11
0.32878484906124605
21
0.9104999997019768
31
0.10000000011175861
12
0.32878484906124605
22
0.9104999997019768
32
1.7200000095367431
13
0.32878484906124605
23
0.8854999997019768
33
1.7200000095367431
0
3DFACE
5
DF7E
330
D818
100
AcDbEntity
100
AcDbFace
8
EKP_POI_TASIYICI_SASE
10
0.3537848490612461
20
0.8854999997019768
30
0.10000000011175861
11
0.3537848490612461
21
0.9104999997019768
31
0.10000000011175861
12
0.3537848490612461
22
0.9104999997019768
32
1.7200000095367431
13
0.3537848490612461
23
0.8854999997019768
33
1.7200000095367431
0
LINE
5
DF7F
330
D818
100
AcDbEntity
100
AcDbLine
8
EKP_POI_TASIYICI_SASE
10
0.32878484906124605
20
0.8854999997019768
30
0.10000000011175861
11
0.3537848490612461
21
0.8854999997019768
31
0.10000000011175861
0
LINE
5
DF80
330
D818
100
AcDbEntity
100
AcDbLine
8
EKP_POI_TASIYICI_SASE
10
0.3537848490612461
20
0.8854999997019768
30
0.10000000011175861
11
0.3537848490612461
21
0.9104999997019768
31
0.10000000011175861
0
LINE
5
DF81
330
D818
100
AcDbEntity
100
AcDbLine
8
EKP_POI_TASIYICI_SASE
10
0.3537848490612461
20
0.9104999997019768
30
0.10000000011175861
11
0.32878484906124605
21
0.9104999997019768
31
0.10000000011175861
0
LINE
5
DF82
330
D818
100
AcDbEntity
100
AcDbLine
8
EKP_POI_TASIYICI_SASE
10
0.32878484906124605
20
0.9104999997019768
30
0.10000000011175861
11
0.32878484906124605
21
0.8854999997019768
31
0.10000000011175861
0
LINE
5
DF83
330
D818
100
AcDbEntity
100
AcDbLine
8
EKP_POI_TASIYICI_SASE
10
0.32878484906124605
20
0.8854999997019768
30
1.7200000095367431
11
0.3537848490612461
21
0.8854999997019768
31
1.7200000095367431
0
LINE
5
DF84
330
D818
100
AcDbEntity
100
AcDbLine
8
EKP_POI_TASIYICI_SASE
10
0.3537848490612461
20
0.8854999997019768
30
1.7200000095367431
11
0.3537848490612461
21
0.9104999997019768
31
1.7200000095367431
0
LINE
5
DF85
330
D818
100
AcDbEntity
100
AcDbLine
8
EKP_POI_TASIYICI_SASE
10
0.3537848490612461
20
0.9104999997019768
30
1.7200000095367431
11
0.32878484906124605
21
0.9104999997019768
31
1.7200000095367431
0
LINE
5
DF86
330
D818
100
AcDbEntity
100
AcDbLine
8
EKP_POI_TASIYICI_SASE
10
0.32878484906124605
20
0.9104999997019768
30
1.7200000095367431
11
0.32878484906124605
21
0.8854999997019768
31
1.7200000095367431
0
LINE
5
DF87
330
D818
100
AcDbEntity
100
AcDbLine
8
EKP_POI_TASIYICI_SASE
10
0.32878484906124605
20
0.8854999997019768
30
0.10000000011175861
11
0.32878484906124605
21
0.8854999997019768
31
1.7200000095367431
0
LINE
5
DF88
330
D818
100
AcDbEntity
100
AcDbLine
8
EKP_POI_TASIYICI_SASE
10
0.3537848490612461
20
0.8854999997019768
30
0.10000000011175861
11
0.3537848490612461
21
0.8854999997019768
31
1.7200000095367431
0
LINE
5
DF89
330
D818
100
AcDbEntity
100
AcDbLine
8
EKP_POI_TASIYICI_SASE
10
0.3537848490612461
20
0.9104999997019768
30
0.10000000011175861
11
0.3537848490612461
21
0.9104999997019768
31
1.7200000095367431
0
LINE
5
DF8A
330
D818
100
AcDbEntity
100
AcDbLine
8
EKP_POI_TASIYICI_SASE
10
0.32878484906124605
20
0.9104999997019768
30
0.10000000011175861
11
0.32878484906124605
21
0.9104999997019768
31
1.7200000095367431
0
3DFACE
5
DF8B
330
D818
100
AcDbEntity
100
AcDbFace
8
EKP_POI_TASIYICI_SASE
10
-0.1788151509387539
20
1.3605000002980232
30
0.10000000011175861
11
-0.1538151509387539
21
1.3605000002980232
31
0.10000000011175861
12
-0.1538151509387539
22
1.3855000002980231
32
0.10000000011175861
13
-0.1788151509387539
23
1.3855000002980231
33
0.10000000011175861
0
3DFACE
5
DF8C
330
D818
100
AcDbEntity
100
AcDbFace
8
EKP_POI_TASIYICI_SASE
10
-0.1788151509387539
20
1.3605000002980232
30
1.7200000095367431
11
-0.1538151509387539
21
1.3605000002980232
31
1.7200000095367431
12
-0.1538151509387539
22
1.3855000002980231
32
1.7200000095367431
13
-0.1788151509387539
23
1.3855000002980231
33
1.7200000095367431
0
3DFACE
5
DF8D
330
D818
100
AcDbEntity
100
AcDbFace
8
EKP_POI_TASIYICI_SASE
10
-0.1788151509387539
20
1.3605000002980232
30
0.10000000011175861
11
-0.1538151509387539
21
1.3605000002980232
31
0.10000000011175861
12
-0.1538151509387539
22
1.3605000002980232
32
1.7200000095367431
13
-0.1788151509387539
23
1.3605000002980232
33
1.7200000095367431
0
3DFACE
5
DF8E
330
D818
100
AcDbEntity
100
AcDbFace
8
EKP_POI_TASIYICI_SASE
10
-0.1788151509387539
20
1.3855000002980231
30
0.10000000011175861
11
-0.1538151509387539
21
1.3855000002980231
31
0.10000000011175861
12
-0.1538151509387539
22
1.3855000002980231
32
1.7200000095367431
13
-0.1788151509387539
23
1.3855000002980231
33
1.7200000095367431
0
3DFACE
5
DF8F
330
D818
100
AcDbEntity
100
AcDbFace
8
EKP_POI_TASIYICI_SASE
10
-0.1788151509387539
20
1.3605000002980232
30
0.10000000011175861
11
-0.1788151509387539
21
1.3855000002980231
31
0.10000000011175861
12
-0.1788151509387539
22
1.3855000002980231
32
1.7200000095367431
13
-0.1788151509387539
23
1.3605000002980232
33
1.7200000095367431
0
3DFACE
5
DF90
330
D818
100
AcDbEntity
100
AcDbFace
8
EKP_POI_TASIYICI_SASE
10
-0.1538151509387539
20
1.3605000002980232
30
0.10000000011175861
11
-0.1538151509387539
21
1.3855000002980231
31
0.10000000011175861
12
-0.1538151509387539
22
1.3855000002980231
32
1.7200000095367431
13
-0.1538151509387539
23
1.3605000002980232
33
1.7200000095367431
0
LINE
5
DF91
330
D818
100
AcDbEntity
100
AcDbLine
8
EKP_POI_TASIYICI_SASE
10
-0.1788151509387539
20
1.3605000002980232
30
0.10000000011175861
11
-0.1538151509387539
21
1.3605000002980232
31
0.10000000011175861
0
LINE
5
DF92
330
D818
100
AcDbEntity
100
AcDbLine
8
EKP_POI_TASIYICI_SASE
10
-0.1538151509387539
20
1.3605000002980232
30
0.10000000011175861
11
-0.1538151509387539
21
1.3855000002980231
31
0.10000000011175861
0
LINE
5
DF93
330
D818
100
AcDbEntity
100
AcDbLine
8
EKP_POI_TASIYICI_SASE
10
-0.1538151509387539
20
1.3855000002980231
30
0.10000000011175861
11
-0.1788151509387539
21
1.3855000002980231
31
0.10000000011175861
0
LINE
5
DF94
330
D818
100
AcDbEntity
100
AcDbLine
8
EKP_POI_TASIYICI_SASE
10
-0.1788151509387539
20
1.3855000002980231
30
0.10000000011175861
11
-0.1788151509387539
21
1.3605000002980232
31
0.10000000011175861
0
LINE
5
DF95
330
D818
100
AcDbEntity
100
AcDbLine
8
EKP_POI_TASIYICI_SASE
10
-0.1788151509387539
20
1.3605000002980232
30
1.7200000095367431
11
-0.1538151509387539
21
1.3605000002980232
31
1.7200000095367431
0
LINE
5
DF96
330
D818
100
AcDbEntity
100
AcDbLine
8
EKP_POI_TASIYICI_SASE
10
-0.1538151509387539
20
1.3605000002980232
30
1.7200000095367431
11
-0.1538151509387539
21
1.3855000002980231
31
1.7200000095367431
0
LINE
5
DF97
330
D818
100
AcDbEntity
100
AcDbLine
8
EKP_POI_TASIYICI_SASE
10
-0.1538151509387539
20
1.3855000002980231
30
1.7200000095367431
11
-0.1788151509387539
21
1.3855000002980231
31
1.7200000095367431
0
LINE
5
DF98
330
D818
100
AcDbEntity
100
AcDbLine
8
EKP_POI_TASIYICI_SASE
10
-0.1788151509387539
20
1.3855000002980231
30
1.7200000095367431
11
-0.1788151509387539
21
1.3605000002980232
31
1.7200000095367431
0
LINE
5
DF99
330
D818
100
AcDbEntity
100
AcDbLine
8
EKP_POI_TASIYICI_SASE
10
-0.1788151509387539
20
1.3605000002980232
30
0.10000000011175861
11
-0.1788151509387539
21
1.3605000002980232
31
1.7200000095367431
0
LINE
5
DF9A
330
D818
100
AcDbEntity
100
AcDbLine
8
EKP_POI_TASIYICI_SASE
10
-0.1538151509387539
20
1.3605000002980232
30
0.10000000011175861
11
-0.1538151509387539
21
1.3605000002980232
31
1.7200000095367431
0
LINE
5
DF9B
330
D818
100
AcDbEntity
100
AcDbLine
8
EKP_POI_TASIYICI_SASE
10
-0.1538151509387539
20
1.3855000002980231
30
0.10000000011175861
11
-0.1538151509387539
21
1.3855000002980231
31
1.7200000095367431
0
LINE
5
DF9C
330
D818
100
AcDbEntity
100
AcDbLine
8
EKP_POI_TASIYICI_SASE
10
-0.1788151509387539
20
1.3855000002980231
30
0.10000000011175861
11
-0.1788151509387539
21
1.3855000002980231
31
1.7200000095367431
0
3DFACE
5
DF9D
330
D818
100
AcDbEntity
100
AcDbFace
8
EKP_POI_TASIYICI_SASE
10
0.32878484906124605
20
1.3605000002980232
30
0.10000000011175861
11
0.3537848490612461
21
1.3605000002980232
31
0.10000000011175861
12
0.3537848490612461
22
1.3855000002980231
32
0.10000000011175861
13
0.32878484906124605
23
1.3855000002980231
33
0.10000000011175861
0
3DFACE
5
DF9E
330
D818
100
AcDbEntity
100
AcDbFace
8
EKP_POI_TASIYICI_SASE
10
0.32878484906124605
20
1.3605000002980232
30
1.7200000095367431
11
0.3537848490612461
21
1.3605000002980232
31
1.7200000095367431
12
0.3537848490612461
22
1.3855000002980231
32
1.7200000095367431
13
0.32878484906124605
23
1.3855000002980231
33
1.7200000095367431
0
3DFACE
5
DF9F
330
D818
100
AcDbEntity
100
AcDbFace
8
EKP_POI_TASIYICI_SASE
10
0.32878484906124605
20
1.3605000002980232
30
0.10000000011175861
11
0.3537848490612461
21
1.3605000002980232
31
0.10000000011175861
12
0.3537848490612461
22
1.3605000002980232
32
1.7200000095367431
13
0.32878484906124605
23
1.3605000002980232
33
1.7200000095367431
0
3DFACE
5
DFA0
330
D818
100
AcDbEntity
100
AcDbFace
8
EKP_POI_TASIYICI_SASE
10
0.32878484906124605
20
1.3855000002980231
30
0.10000000011175861
11
0.3537848490612461
21
1.3855000002980231
31
0.10000000011175861
12
0.3537848490612461
22
1.3855000002980231
32
1.7200000095367431
13
0.32878484906124605
23
1.3855000002980231
33
1.7200000095367431
0
3DFACE
5
DFA1
330
D818
100
AcDbEntity
100
AcDbFace
8
EKP_POI_TASIYICI_SASE
10
0.32878484906124605
20
1.3605000002980232
30
0.10000000011175861
11
0.32878484906124605
21
1.3855000002980231
31
0.10000000011175861
12
0.32878484906124605
22
1.3855000002980231
32
1.7200000095367431
13
0.32878484906124605
23
1.3605000002980232
33
1.7200000095367431
0
3DFACE
5
DFA2
330
D818
100
AcDbEntity
100
AcDbFace
8
EKP_POI_TASIYICI_SASE
10
0.3537848490612461
20
1.3605000002980232
30
0.10000000011175861
11
0.3537848490612461
21
1.3855000002980231
31
0.10000000011175861
12
0.3537848490612461
22
1.3855000002980231
32
1.7200000095367431
13
0.3537848490612461
23
1.3605000002980232
33
1.7200000095367431
0
LINE
5
DFA3
330
D818
100
AcDbEntity
100
AcDbLine
8
EKP_POI_TASIYICI_SASE
10
0.32878484906124605
20
1.3605000002980232
30
0.10000000011175861
11
0.3537848490612461
21
1.3605000002980232
31
0.10000000011175861
0
LINE
5
DFA4
330
D818
100
AcDbEntity
100
AcDbLine
8
EKP_POI_TASIYICI_SASE
10
0.3537848490612461
20
1.3605000002980232
30
0.10000000011175861
11
0.3537848490612461
21
1.3855000002980231
31
0.10000000011175861
0
LINE
5
DFA5
330
D818
100
AcDbEntity
100
AcDbLine
8
EKP_POI_TASIYICI_SASE
10
0.3537848490612461
20
1.3855000002980231
30
0.10000000011175861
11
0.32878484906124605
21
1.3855000002980231
31
0.10000000011175861
0
LINE
5
DFA6
330
D818
100
AcDbEntity
100
AcDbLine
8
EKP_POI_TASIYICI_SASE
10
0.32878484906124605
20
1.3855000002980231
30
0.10000000011175861
11
0.32878484906124605
21
1.3605000002980232
31
0.10000000011175861
0
LINE
5
DFA7
330
D818
100
AcDbEntity
100
AcDbLine
8
EKP_POI_TASIYICI_SASE
10
0.32878484906124605
20
1.3605000002980232
30
1.7200000095367431
11
0.3537848490612461
21
1.3605000002980232
31
1.7200000095367431
0
LINE
5
DFA8
330
D818
100
AcDbEntity
100
AcDbLine
8
EKP_POI_TASIYICI_SASE
10
0.3537848490612461
20
1.3605000002980232
30
1.7200000095367431
11
0.3537848490612461
21
1.3855000002980231
31
1.7200000095367431
0
LINE
5
DFA9
330
D818
100
AcDbEntity
100
AcDbLine
8
EKP_POI_TASIYICI_SASE
10
0.3537848490612461
20
1.3855000002980231
30
1.7200000095367431
11
0.32878484906124605
21
1.3855000002980231
31
1.7200000095367431
0
LINE
5
DFAA
330
D818
100
AcDbEntity
100
AcDbLine
8
EKP_POI_TASIYICI_SASE
10
0.32878484906124605
20
1.3855000002980231
30
1.7200000095367431
11
0.32878484906124605
21
1.3605000002980232
31
1.7200000095367431
0
LINE
5
DFAB
330
D818
100
AcDbEntity
100
AcDbLine
8
EKP_POI_TASIYICI_SASE
10
0.32878484906124605
20
1.3605000002980232
30
0.10000000011175861
11
0.32878484906124605
21
1.3605000002980232
31
1.7200000095367431
0
LINE
5
DFAC
330
D818
100
AcDbEntity
100
AcDbLine
8
EKP_POI_TASIYICI_SASE
10
0.3537848490612461
20
1.3605000002980232
30
0.10000000011175861
11
0.3537848490612461
21
1.3605000002980232
31
1.7200000095367431
0
LINE
5
DFAD
330
D818
100
AcDbEntity
100
AcDbLine
8
EKP_POI_TASIYICI_SASE
10
0.3537848490612461
20
1.3855000002980231
30
0.10000000011175861
11
0.3537848490612461
21
1.3855000002980231
31
1.7200000095367431
0
LINE
5
DFAE
330
D818
100
AcDbEntity
100
AcDbLine
8
EKP_POI_TASIYICI_SASE
10
0.32878484906124605
20
1.3855000002980231
30
0.10000000011175861
11
0.32878484906124605
21
1.3855000002980231
31
1.7200000095367431
0
3DFACE
5
DE30
330
D818
100
AcDbEntity
100
AcDbFace
8
EKP_POI_MODULLERI
10
-0.11251515112501848
20
1.495500000447035
30
0.15849999990500507
11
0.26248484608101397
21
1.495500000447035
31
0.15849999990500507
12
0.26248484608101397
22
1.9754999995529652
32
0.15849999990500507
13
-0.11251515112501848
23
1.9754999995529652
33
0.15849999990500507
0
3DFACE
5
DE31
330
D818
100
AcDbEntity
100
AcDbFace
8
EKP_POI_MODULLERI
10
-0.11251515112501848
20
1.495500000447035
30
0.4224999952316284
11
0.26248484608101397
21
1.495500000447035
31
0.4224999952316284
12
0.26248484608101397
22
1.9754999995529652
32
0.4224999952316284
13
-0.11251515112501848
23
1.9754999995529652
33
0.4224999952316284
0
3DFACE
5
DE32
330
D818
100
AcDbEntity
100
AcDbFace
8
EKP_POI_MODULLERI
10
-0.11251515112501848
20
1.495500000447035
30
0.15849999990500507
11
0.26248484608101397
21
1.495500000447035
31
0.15849999990500507
12
0.26248484608101397
22
1.495500000447035
32
0.4224999952316284
13
-0.11251515112501848
23
1.495500000447035
33
0.4224999952316284
0
3DFACE
5
DE33
330
D818
100
AcDbEntity
100
AcDbFace
8
EKP_POI_MODULLERI
10
-0.11251515112501848
20
1.9754999995529652
30
0.15849999990500507
11
0.26248484608101397
21
1.9754999995529652
31
0.15849999990500507
12
0.26248484608101397
22
1.9754999995529652
32
0.4224999952316284
13
-0.11251515112501848
23
1.9754999995529652
33
0.4224999952316284
0
3DFACE
5
DE34
330
D818
100
AcDbEntity
100
AcDbFace
8
EKP_POI_MODULLERI
10
-0.11251515112501848
20
1.495500000447035
30
0.15849999990500507
11
-0.11251515112501848
21
1.9754999995529652
31
0.15849999990500507
12
-0.11251515112501848
22
1.9754999995529652
32
0.4224999952316284
13
-0.11251515112501848
23
1.495500000447035
33
0.4224999952316284
0
3DFACE
5
DE35
330
D818
100
AcDbEntity
100
AcDbFace
8
EKP_POI_MODULLERI
10
0.26248484608101397
20
1.495500000447035
30
0.15849999990500507
11
0.26248484608101397
21
1.9754999995529652
31
0.15849999990500507
12
0.26248484608101397
22
1.9754999995529652
32
0.4224999952316284
13
0.26248484608101397
23
1.495500000447035
33
0.4224999952316284
0
LINE
5
DE36
330
D818
100
AcDbEntity
100
AcDbLine
8
EKP_POI_MODULLERI
10
-0.11251515112501848
20
1.495500000447035
30
0.15849999990500507
11
0.26248484608101397
21
1.495500000447035
31
0.15849999990500507
0
LINE
5
DE37
330
D818
100
AcDbEntity
100
AcDbLine
8
EKP_POI_MODULLERI
10
0.26248484608101397
20
1.495500000447035
30
0.15849999990500507
11
0.26248484608101397
21
1.9754999995529652
31
0.15849999990500507
0
LINE
5
DE38
330
D818
100
AcDbEntity
100
AcDbLine
8
EKP_POI_MODULLERI
10
0.26248484608101397
20
1.9754999995529652
30
0.15849999990500507
11
-0.11251515112501848
21
1.9754999995529652
31
0.15849999990500507
0
LINE
5
DE39
330
D818
100
AcDbEntity
100
AcDbLine
8
EKP_POI_MODULLERI
10
-0.11251515112501848
20
1.9754999995529652
30
0.15849999990500507
11
-0.11251515112501848
21
1.495500000447035
31
0.15849999990500507
0
LINE
5
DE3A
330
D818
100
AcDbEntity
100
AcDbLine
8
EKP_POI_MODULLERI
10
-0.11251515112501848
20
1.495500000447035
30
0.4224999952316284
11
0.26248484608101397
21
1.495500000447035
31
0.4224999952316284
0
LINE
5
DE3B
330
D818
100
AcDbEntity
100
AcDbLine
8
EKP_POI_MODULLERI
10
0.26248484608101397
20
1.495500000447035
30
0.4224999952316284
11
0.26248484608101397
21
1.9754999995529652
31
0.4224999952316284
0
LINE
5
DE3C
330
D818
100
AcDbEntity
100
AcDbLine
8
EKP_POI_MODULLERI
10
0.26248484608101397
20
1.9754999995529652
30
0.4224999952316284
11
-0.11251515112501848
21
1.9754999995529652
31
0.4224999952316284
0
LINE
5
DE3D
330
D818
100
AcDbEntity
100
AcDbLine
8
EKP_POI_MODULLERI
10
-0.11251515112501848
20
1.9754999995529652
30
0.4224999952316284
11
-0.11251515112501848
21
1.495500000447035
31
0.4224999952316284
0
LINE
5
DE3E
330
D818
100
AcDbEntity
100
AcDbLine
8
EKP_POI_MODULLERI
10
-0.11251515112501848
20
1.495500000447035
30
0.15849999990500507
11
-0.11251515112501848
21
1.495500000447035
31
0.4224999952316284
0
LINE
5
DE3F
330
D818
100
AcDbEntity
100
AcDbLine
8
EKP_POI_MODULLERI
10
0.26248484608101397
20
1.495500000447035
30
0.15849999990500507
11
0.26248484608101397
21
1.495500000447035
31
0.4224999952316284
0
LINE
5
DE40
330
D818
100
AcDbEntity
100
AcDbLine
8
EKP_POI_MODULLERI
10
0.26248484608101397
20
1.9754999995529652
30
0.15849999990500507
11
0.26248484608101397
21
1.9754999995529652
31
0.4224999952316284
0
LINE
5
DE41
330
D818
100
AcDbEntity
100
AcDbLine
8
EKP_POI_MODULLERI
10
-0.11251515112501848
20
1.9754999995529652
30
0.15849999990500507
11
-0.11251515112501848
21
1.9754999995529652
31
0.4224999952316284
0
TEXT
5
DE42
330
D818
100
AcDbEntity
100
AcDbText
8
EKP_POI_MODULLERI
10
0.07498484747799775
20
1.7355
30
0
40
0.045
1
POI Modul 1 (CB-12-POI-64F-A12)
50
0
7
STANDARD
72
1
11
0.07498484747799775
21
1.7355
31
0
100
AcDbText
73
2
0
3DFACE
5
DE43
330
D818
100
AcDbEntity
100
AcDbFace
8
EKP_POI_MODULLERI
10
-0.11251515112501848
20
1.495500000447035
30
0.473499999905005
11
0.26248484608101397
21
1.495500000447035
31
0.473499999905005
12
0.26248484608101397
22
1.9754999995529652
32
0.473499999905005
13
-0.11251515112501848
23
1.9754999995529652
33
0.473499999905005
0
3DFACE
5
DE44
330
D818
100
AcDbEntity
100
AcDbFace
8
EKP_POI_MODULLERI
10
-0.11251515112501848
20
1.495500000447035
30
0.7374999952316283
11
0.26248484608101397
21
1.495500000447035
31
0.7374999952316283
12
0.26248484608101397
22
1.9754999995529652
32
0.7374999952316283
13
-0.11251515112501848
23
1.9754999995529652
33
0.7374999952316283
0
3DFACE
5
DE45
330
D818
100
AcDbEntity
100
AcDbFace
8
EKP_POI_MODULLERI
10
-0.11251515112501848
20
1.495500000447035
30
0.473499999905005
11
0.26248484608101397
21
1.495500000447035
31
0.473499999905005
12
0.26248484608101397
22
1.495500000447035
32
0.7374999952316283
13
-0.11251515112501848
23
1.495500000447035
33
0.7374999952316283
0
3DFACE
5
DE46
330
D818
100
AcDbEntity
100
AcDbFace
8
EKP_POI_MODULLERI
10
-0.11251515112501848
20
1.9754999995529652
30
0.473499999905005
11
0.26248484608101397
21
1.9754999995529652
31
0.473499999905005
12
0.26248484608101397
22
1.9754999995529652
32
0.7374999952316283
13
-0.11251515112501848
23
1.9754999995529652
33
0.7374999952316283
0
3DFACE
5
DE47
330
D818
100
AcDbEntity
100
AcDbFace
8
EKP_POI_MODULLERI
10
-0.11251515112501848
20
1.495500000447035
30
0.473499999905005
11
-0.11251515112501848
21
1.9754999995529652
31
0.473499999905005
12
-0.11251515112501848
22
1.9754999995529652
32
0.7374999952316283
13
-0.11251515112501848
23
1.495500000447035
33
0.7374999952316283
0
3DFACE
5
DE48
330
D818
100
AcDbEntity
100
AcDbFace
8
EKP_POI_MODULLERI
10
0.26248484608101397
20
1.495500000447035
30
0.473499999905005
11
0.26248484608101397
21
1.9754999995529652
31
0.473499999905005
12
0.26248484608101397
22
1.9754999995529652
32
0.7374999952316283
13
0.26248484608101397
23
1.495500000447035
33
0.7374999952316283
0
LINE
5
DE49
330
D818
100
AcDbEntity
100
AcDbLine
8
EKP_POI_MODULLERI
10
-0.11251515112501848
20
1.495500000447035
30
0.473499999905005
11
0.26248484608101397
21
1.495500000447035
31
0.473499999905005
0
LINE
5
DE4A
330
D818
100
AcDbEntity
100
AcDbLine
8
EKP_POI_MODULLERI
10
0.26248484608101397
20
1.495500000447035
30
0.473499999905005
11
0.26248484608101397
21
1.9754999995529652
31
0.473499999905005
0
LINE
5
DE4B
330
D818
100
AcDbEntity
100
AcDbLine
8
EKP_POI_MODULLERI
10
0.26248484608101397
20
1.9754999995529652
30
0.473499999905005
11
-0.11251515112501848
21
1.9754999995529652
31
0.473499999905005
0
LINE
5
DE4C
330
D818
100
AcDbEntity
100
AcDbLine
8
EKP_POI_MODULLERI
10
-0.11251515112501848
20
1.9754999995529652
30
0.473499999905005
11
-0.11251515112501848
21
1.495500000447035
31
0.473499999905005
0
LINE
5
DE4D
330
D818
100
AcDbEntity
100
AcDbLine
8
EKP_POI_MODULLERI
10
-0.11251515112501848
20
1.495500000447035
30
0.7374999952316283
11
0.26248484608101397
21
1.495500000447035
31
0.7374999952316283
0
LINE
5
DE4E
330
D818
100
AcDbEntity
100
AcDbLine
8
EKP_POI_MODULLERI
10
0.26248484608101397
20
1.495500000447035
30
0.7374999952316283
11
0.26248484608101397
21
1.9754999995529652
31
0.7374999952316283
0
LINE
5
DE4F
330
D818
100
AcDbEntity
100
AcDbLine
8
EKP_POI_MODULLERI
10
0.26248484608101397
20
1.9754999995529652
30
0.7374999952316283
11
-0.11251515112501848
21
1.9754999995529652
31
0.7374999952316283
0
LINE
5
DE50
330
D818
100
AcDbEntity
100
AcDbLine
8
EKP_POI_MODULLERI
10
-0.11251515112501848
20
1.9754999995529652
30
0.7374999952316283
11
-0.11251515112501848
21
1.495500000447035
31
0.7374999952316283
0
LINE
5
DE51
330
D818
100
AcDbEntity
100
AcDbLine
8
EKP_POI_MODULLERI
10
-0.11251515112501848
20
1.495500000447035
30
0.473499999905005
11
-0.11251515112501848
21
1.495500000447035
31
0.7374999952316283
0
LINE
5
DE52
330
D818
100
AcDbEntity
100
AcDbLine
8
EKP_POI_MODULLERI
10
0.26248484608101397
20
1.495500000447035
30
0.473499999905005
11
0.26248484608101397
21
1.495500000447035
31
0.7374999952316283
0
LINE
5
DE53
330
D818
100
AcDbEntity
100
AcDbLine
8
EKP_POI_MODULLERI
10
0.26248484608101397
20
1.9754999995529652
30
0.473499999905005
11
0.26248484608101397
21
1.9754999995529652
31
0.7374999952316283
0
LINE
5
DE54
330
D818
100
AcDbEntity
100
AcDbLine
8
EKP_POI_MODULLERI
10
-0.11251515112501848
20
1.9754999995529652
30
0.473499999905005
11
-0.11251515112501848
21
1.9754999995529652
31
0.7374999952316283
0
TEXT
5
DE55
330
D818
100
AcDbEntity
100
AcDbText
8
EKP_POI_MODULLERI
10
0.07498484747799775
20
1.7355
30
0
40
0.045
1
POI Modul 2 (CB-12-POI-64F-A12)
50
0
7
STANDARD
72
1
11
0.07498484747799775
21
1.7355
31
0
100
AcDbText
73
2
0
3DFACE
5
DE56
330
D818
100
AcDbEntity
100
AcDbFace
8
EKP_POI_MODULLERI
10
-0.11251515112501848
20
1.495500000447035
30
0.7884999999050051
11
0.26248484608101397
21
1.495500000447035
31
0.7884999999050051
12
0.26248484608101397
22
1.9754999995529652
32
0.7884999999050051
13
-0.11251515112501848
23
1.9754999995529652
33
0.7884999999050051
0
3DFACE
5
DE57
330
D818
100
AcDbEntity
100
AcDbFace
8
EKP_POI_MODULLERI
10
-0.11251515112501848
20
1.495500000447035
30
1.0524999952316285
11
0.26248484608101397
21
1.495500000447035
31
1.0524999952316285
12
0.26248484608101397
22
1.9754999995529652
32
1.0524999952316285
13
-0.11251515112501848
23
1.9754999995529652
33
1.0524999952316285
0
3DFACE
5
DE58
330
D818
100
AcDbEntity
100
AcDbFace
8
EKP_POI_MODULLERI
10
-0.11251515112501848
20
1.495500000447035
30
0.7884999999050051
11
0.26248484608101397
21
1.495500000447035
31
0.7884999999050051
12
0.26248484608101397
22
1.495500000447035
32
1.0524999952316285
13
-0.11251515112501848
23
1.495500000447035
33
1.0524999952316285
0
3DFACE
5
DE59
330
D818
100
AcDbEntity
100
AcDbFace
8
EKP_POI_MODULLERI
10
-0.11251515112501848
20
1.9754999995529652
30
0.7884999999050051
11
0.26248484608101397
21
1.9754999995529652
31
0.7884999999050051
12
0.26248484608101397
22
1.9754999995529652
32
1.0524999952316285
13
-0.11251515112501848
23
1.9754999995529652
33
1.0524999952316285
0
3DFACE
5
DE5A
330
D818
100
AcDbEntity
100
AcDbFace
8
EKP_POI_MODULLERI
10
-0.11251515112501848
20
1.495500000447035
30
0.7884999999050051
11
-0.11251515112501848
21
1.9754999995529652
31
0.7884999999050051
12
-0.11251515112501848
22
1.9754999995529652
32
1.0524999952316285
13
-0.11251515112501848
23
1.495500000447035
33
1.0524999952316285
0
3DFACE
5
DE5B
330
D818
100
AcDbEntity
100
AcDbFace
8
EKP_POI_MODULLERI
10
0.26248484608101397
20
1.495500000447035
30
0.7884999999050051
11
0.26248484608101397
21
1.9754999995529652
31
0.7884999999050051
12
0.26248484608101397
22
1.9754999995529652
32
1.0524999952316285
13
0.26248484608101397
23
1.495500000447035
33
1.0524999952316285
0
LINE
5
DE5C
330
D818
100
AcDbEntity
100
AcDbLine
8
EKP_POI_MODULLERI
10
-0.11251515112501848
20
1.495500000447035
30
0.7884999999050051
11
0.26248484608101397
21
1.495500000447035
31
0.7884999999050051
0
LINE
5
DE5D
330
D818
100
AcDbEntity
100
AcDbLine
8
EKP_POI_MODULLERI
10
0.26248484608101397
20
1.495500000447035
30
0.7884999999050051
11
0.26248484608101397
21
1.9754999995529652
31
0.7884999999050051
0
LINE
5
DE5E
330
D818
100
AcDbEntity
100
AcDbLine
8
EKP_POI_MODULLERI
10
0.26248484608101397
20
1.9754999995529652
30
0.7884999999050051
11
-0.11251515112501848
21
1.9754999995529652
31
0.7884999999050051
0
LINE
5
DE5F
330
D818
100
AcDbEntity
100
AcDbLine
8
EKP_POI_MODULLERI
10
-0.11251515112501848
20
1.9754999995529652
30
0.7884999999050051
11
-0.11251515112501848
21
1.495500000447035
31
0.7884999999050051
0
LINE
5
DE60
330
D818
100
AcDbEntity
100
AcDbLine
8
EKP_POI_MODULLERI
10
-0.11251515112501848
20
1.495500000447035
30
1.0524999952316285
11
0.26248484608101397
21
1.495500000447035
31
1.0524999952316285
0
LINE
5
DE61
330
D818
100
AcDbEntity
100
AcDbLine
8
EKP_POI_MODULLERI
10
0.26248484608101397
20
1.495500000447035
30
1.0524999952316285
11
0.26248484608101397
21
1.9754999995529652
31
1.0524999952316285
0
LINE
5
DE62
330
D818
100
AcDbEntity
100
AcDbLine
8
EKP_POI_MODULLERI
10
0.26248484608101397
20
1.9754999995529652
30
1.0524999952316285
11
-0.11251515112501848
21
1.9754999995529652
31
1.0524999952316285
0
LINE
5
DE63
330
D818
100
AcDbEntity
100
AcDbLine
8
EKP_POI_MODULLERI
10
-0.11251515112501848
20
1.9754999995529652
30
1.0524999952316285
11
-0.11251515112501848
21
1.495500000447035
31
1.0524999952316285
0
LINE
5
DE64
330
D818
100
AcDbEntity
100
AcDbLine
8
EKP_POI_MODULLERI
10
-0.11251515112501848
20
1.495500000447035
30
0.7884999999050051
11
-0.11251515112501848
21
1.495500000447035
31
1.0524999952316285
0
LINE
5
DE65
330
D818
100
AcDbEntity
100
AcDbLine
8
EKP_POI_MODULLERI
10
0.26248484608101397
20
1.495500000447035
30
0.7884999999050051
11
0.26248484608101397
21
1.495500000447035
31
1.0524999952316285
0
LINE
5
DE66
330
D818
100
AcDbEntity
100
AcDbLine
8
EKP_POI_MODULLERI
10
0.26248484608101397
20
1.9754999995529652
30
0.7884999999050051
11
0.26248484608101397
21
1.9754999995529652
31
1.0524999952316285
0
LINE
5
DE67
330
D818
100
AcDbEntity
100
AcDbLine
8
EKP_POI_MODULLERI
10
-0.11251515112501848
20
1.9754999995529652
30
0.7884999999050051
11
-0.11251515112501848
21
1.9754999995529652
31
1.0524999952316285
0
TEXT
5
DE68
330
D818
100
AcDbEntity
100
AcDbText
8
EKP_POI_MODULLERI
10
0.07498484747799775
20
1.7355
30
0
40
0.045
1
POI Modul 3 (CB-12-POI-64F-A12)
50
0
7
STANDARD
72
1
11
0.07498484747799775
21
1.7355
31
0
100
AcDbText
73
2
0
3DFACE
5
DE69
330
D818
100
AcDbEntity
100
AcDbFace
8
EKP_POI_MODULLERI
10
-0.11251515112501848
20
1.495500000447035
30
1.1034999999050052
11
0.26248484608101397
21
1.495500000447035
31
1.1034999999050052
12
0.26248484608101397
22
1.9754999995529652
32
1.1034999999050052
13
-0.11251515112501848
23
1.9754999995529652
33
1.1034999999050052
0
3DFACE
5
DE6A
330
D818
100
AcDbEntity
100
AcDbFace
8
EKP_POI_MODULLERI
10
-0.11251515112501848
20
1.495500000447035
30
1.3674999952316282
11
0.26248484608101397
21
1.495500000447035
31
1.3674999952316282
12
0.26248484608101397
22
1.9754999995529652
32
1.3674999952316282
13
-0.11251515112501848
23
1.9754999995529652
33
1.3674999952316282
0
3DFACE
5
DE6B
330
D818
100
AcDbEntity
100
AcDbFace
8
EKP_POI_MODULLERI
10
-0.11251515112501848
20
1.495500000447035
30
1.1034999999050052
11
0.26248484608101397
21
1.495500000447035
31
1.1034999999050052
12
0.26248484608101397
22
1.495500000447035
32
1.3674999952316282
13
-0.11251515112501848
23
1.495500000447035
33
1.3674999952316282
0
3DFACE
5
DE6C
330
D818
100
AcDbEntity
100
AcDbFace
8
EKP_POI_MODULLERI
10
-0.11251515112501848
20
1.9754999995529652
30
1.1034999999050052
11
0.26248484608101397
21
1.9754999995529652
31
1.1034999999050052
12
0.26248484608101397
22
1.9754999995529652
32
1.3674999952316282
13
-0.11251515112501848
23
1.9754999995529652
33
1.3674999952316282
0
3DFACE
5
DE6D
330
D818
100
AcDbEntity
100
AcDbFace
8
EKP_POI_MODULLERI
10
-0.11251515112501848
20
1.495500000447035
30
1.1034999999050052
11
-0.11251515112501848
21
1.9754999995529652
31
1.1034999999050052
12
-0.11251515112501848
22
1.9754999995529652
32
1.3674999952316282
13
-0.11251515112501848
23
1.495500000447035
33
1.3674999952316282
0
3DFACE
5
DE6E
330
D818
100
AcDbEntity
100
AcDbFace
8
EKP_POI_MODULLERI
10
0.26248484608101397
20
1.495500000447035
30
1.1034999999050052
11
0.26248484608101397
21
1.9754999995529652
31
1.1034999999050052
12
0.26248484608101397
22
1.9754999995529652
32
1.3674999952316282
13
0.26248484608101397
23
1.495500000447035
33
1.3674999952316282
0
LINE
5
DE6F
330
D818
100
AcDbEntity
100
AcDbLine
8
EKP_POI_MODULLERI
10
-0.11251515112501848
20
1.495500000447035
30
1.1034999999050052
11
0.26248484608101397
21
1.495500000447035
31
1.1034999999050052
0
LINE
5
DE70
330
D818
100
AcDbEntity
100
AcDbLine
8
EKP_POI_MODULLERI
10
0.26248484608101397
20
1.495500000447035
30
1.1034999999050052
11
0.26248484608101397
21
1.9754999995529652
31
1.1034999999050052
0
LINE
5
DE71
330
D818
100
AcDbEntity
100
AcDbLine
8
EKP_POI_MODULLERI
10
0.26248484608101397
20
1.9754999995529652
30
1.1034999999050052
11
-0.11251515112501848
21
1.9754999995529652
31
1.1034999999050052
0
LINE
5
DE72
330
D818
100
AcDbEntity
100
AcDbLine
8
EKP_POI_MODULLERI
10
-0.11251515112501848
20
1.9754999995529652
30
1.1034999999050052
11
-0.11251515112501848
21
1.495500000447035
31
1.1034999999050052
0
LINE
5
DE73
330
D818
100
AcDbEntity
100
AcDbLine
8
EKP_POI_MODULLERI
10
-0.11251515112501848
20
1.495500000447035
30
1.3674999952316282
11
0.26248484608101397
21
1.495500000447035
31
1.3674999952316282
0
LINE
5
DE74
330
D818
100
AcDbEntity
100
AcDbLine
8
EKP_POI_MODULLERI
10
0.26248484608101397
20
1.495500000447035
30
1.3674999952316282
11
0.26248484608101397
21
1.9754999995529652
31
1.3674999952316282
0
LINE
5
DE75
330
D818
100
AcDbEntity
100
AcDbLine
8
EKP_POI_MODULLERI
10
0.26248484608101397
20
1.9754999995529652
30
1.3674999952316282
11
-0.11251515112501848
21
1.9754999995529652
31
1.3674999952316282
0
LINE
5
DE76
330
D818
100
AcDbEntity
100
AcDbLine
8
EKP_POI_MODULLERI
10
-0.11251515112501848
20
1.9754999995529652
30
1.3674999952316282
11
-0.11251515112501848
21
1.495500000447035
31
1.3674999952316282
0
LINE
5
DE77
330
D818
100
AcDbEntity
100
AcDbLine
8
EKP_POI_MODULLERI
10
-0.11251515112501848
20
1.495500000447035
30
1.1034999999050052
11
-0.11251515112501848
21
1.495500000447035
31
1.3674999952316282
0
LINE
5
DE78
330
D818
100
AcDbEntity
100
AcDbLine
8
EKP_POI_MODULLERI
10
0.26248484608101397
20
1.495500000447035
30
1.1034999999050052
11
0.26248484608101397
21
1.495500000447035
31
1.3674999952316282
0
LINE
5
DE79
330
D818
100
AcDbEntity
100
AcDbLine
8
EKP_POI_MODULLERI
10
0.26248484608101397
20
1.9754999995529652
30
1.1034999999050052
11
0.26248484608101397
21
1.9754999995529652
31
1.3674999952316282
0
LINE
5
DE7A
330
D818
100
AcDbEntity
100
AcDbLine
8
EKP_POI_MODULLERI
10
-0.11251515112501848
20
1.9754999995529652
30
1.1034999999050052
11
-0.11251515112501848
21
1.9754999995529652
31
1.3674999952316282
0
TEXT
5
DE7B
330
D818
100
AcDbEntity
100
AcDbText
8
EKP_POI_MODULLERI
10
0.07498484747799775
20
1.7355
30
0
40
0.045
1
POI Modul 4 (CB-12-POI-64F-A12)
50
0
7
STANDARD
72
1
11
0.07498484747799775
21
1.7355
31
0
100
AcDbText
73
2
0
3DFACE
5
DE7C
330
D818
100
AcDbEntity
100
AcDbFace
8
EKP_POI_MODULLERI
10
-0.11251515112501848
20
1.495500000447035
30
1.4184999999050052
11
0.26248484608101397
21
1.495500000447035
31
1.4184999999050052
12
0.26248484608101397
22
1.9754999995529652
32
1.4184999999050052
13
-0.11251515112501848
23
1.9754999995529652
33
1.4184999999050052
0
3DFACE
5
DE7D
330
D818
100
AcDbEntity
100
AcDbFace
8
EKP_POI_MODULLERI
10
-0.11251515112501848
20
1.495500000447035
30
1.6824999952316282
11
0.26248484608101397
21
1.495500000447035
31
1.6824999952316282
12
0.26248484608101397
22
1.9754999995529652
32
1.6824999952316282
13
-0.11251515112501848
23
1.9754999995529652
33
1.6824999952316282
0
3DFACE
5
DE7E
330
D818
100
AcDbEntity
100
AcDbFace
8
EKP_POI_MODULLERI
10
-0.11251515112501848
20
1.495500000447035
30
1.4184999999050052
11
0.26248484608101397
21
1.495500000447035
31
1.4184999999050052
12
0.26248484608101397
22
1.495500000447035
32
1.6824999952316282
13
-0.11251515112501848
23
1.495500000447035
33
1.6824999952316282
0
3DFACE
5
DE7F
330
D818
100
AcDbEntity
100
AcDbFace
8
EKP_POI_MODULLERI
10
-0.11251515112501848
20
1.9754999995529652
30
1.4184999999050052
11
0.26248484608101397
21
1.9754999995529652
31
1.4184999999050052
12
0.26248484608101397
22
1.9754999995529652
32
1.6824999952316282
13
-0.11251515112501848
23
1.9754999995529652
33
1.6824999952316282
0
3DFACE
5
DE80
330
D818
100
AcDbEntity
100
AcDbFace
8
EKP_POI_MODULLERI
10
-0.11251515112501848
20
1.495500000447035
30
1.4184999999050052
11
-0.11251515112501848
21
1.9754999995529652
31
1.4184999999050052
12
-0.11251515112501848
22
1.9754999995529652
32
1.6824999952316282
13
-0.11251515112501848
23
1.495500000447035
33
1.6824999952316282
0
3DFACE
5
DE81
330
D818
100
AcDbEntity
100
AcDbFace
8
EKP_POI_MODULLERI
10
0.26248484608101397
20
1.495500000447035
30
1.4184999999050052
11
0.26248484608101397
21
1.9754999995529652
31
1.4184999999050052
12
0.26248484608101397
22
1.9754999995529652
32
1.6824999952316282
13
0.26248484608101397
23
1.495500000447035
33
1.6824999952316282
0
LINE
5
DE82
330
D818
100
AcDbEntity
100
AcDbLine
8
EKP_POI_MODULLERI
10
-0.11251515112501848
20
1.495500000447035
30
1.4184999999050052
11
0.26248484608101397
21
1.495500000447035
31
1.4184999999050052
0
LINE
5
DE83
330
D818
100
AcDbEntity
100
AcDbLine
8
EKP_POI_MODULLERI
10
0.26248484608101397
20
1.495500000447035
30
1.4184999999050052
11
0.26248484608101397
21
1.9754999995529652
31
1.4184999999050052
0
LINE
5
DE84
330
D818
100
AcDbEntity
100
AcDbLine
8
EKP_POI_MODULLERI
10
0.26248484608101397
20
1.9754999995529652
30
1.4184999999050052
11
-0.11251515112501848
21
1.9754999995529652
31
1.4184999999050052
0
LINE
5
DE85
330
D818
100
AcDbEntity
100
AcDbLine
8
EKP_POI_MODULLERI
10
-0.11251515112501848
20
1.9754999995529652
30
1.4184999999050052
11
-0.11251515112501848
21
1.495500000447035
31
1.4184999999050052
0
LINE
5
DE86
330
D818
100
AcDbEntity
100
AcDbLine
8
EKP_POI_MODULLERI
10
-0.11251515112501848
20
1.495500000447035
30
1.6824999952316282
11
0.26248484608101397
21
1.495500000447035
31
1.6824999952316282
0
LINE
5
DE87
330
D818
100
AcDbEntity
100
AcDbLine
8
EKP_POI_MODULLERI
10
0.26248484608101397
20
1.495500000447035
30
1.6824999952316282
11
0.26248484608101397
21
1.9754999995529652
31
1.6824999952316282
0
LINE
5
DE88
330
D818
100
AcDbEntity
100
AcDbLine
8
EKP_POI_MODULLERI
10
0.26248484608101397
20
1.9754999995529652
30
1.6824999952316282
11
-0.11251515112501848
21
1.9754999995529652
31
1.6824999952316282
0
LINE
5
DE89
330
D818
100
AcDbEntity
100
AcDbLine
8
EKP_POI_MODULLERI
10
-0.11251515112501848
20
1.9754999995529652
30
1.6824999952316282
11
-0.11251515112501848
21
1.495500000447035
31
1.6824999952316282
0
LINE
5
DE8A
330
D818
100
AcDbEntity
100
AcDbLine
8
EKP_POI_MODULLERI
10
-0.11251515112501848
20
1.495500000447035
30
1.4184999999050052
11
-0.11251515112501848
21
1.495500000447035
31
1.6824999952316282
0
LINE
5
DE8B
330
D818
100
AcDbEntity
100
AcDbLine
8
EKP_POI_MODULLERI
10
0.26248484608101397
20
1.495500000447035
30
1.4184999999050052
11
0.26248484608101397
21
1.495500000447035
31
1.6824999952316282
0
LINE
5
DE8C
330
D818
100
AcDbEntity
100
AcDbLine
8
EKP_POI_MODULLERI
10
0.26248484608101397
20
1.9754999995529652
30
1.4184999999050052
11
0.26248484608101397
21
1.9754999995529652
31
1.6824999952316282
0
LINE
5
DE8D
330
D818
100
AcDbEntity
100
AcDbLine
8
EKP_POI_MODULLERI
10
-0.11251515112501848
20
1.9754999995529652
30
1.4184999999050052
11
-0.11251515112501848
21
1.9754999995529652
31
1.6824999952316282
0
TEXT
5
DE8E
330
D818
100
AcDbEntity
100
AcDbText
8
EKP_POI_MODULLERI
10
0.07498484747799775
20
1.7355
30
0
40
0.045
1
POI Modul 5 (CB-12-POI-64F-A12)
50
0
7
STANDARD
72
1
11
0.07498484747799775
21
1.7355
31
0
100
AcDbText
73
2
0
3DFACE
5
DFAF
330
D818
100
AcDbEntity
100
AcDbFace
8
EKP_POI_MODULLERI
10
-0.11251515112501848
20
0.8955000004470348
30
0.15849999990500507
11
0.26248484608101397
21
0.8955000004470348
31
0.15849999990500507
12
0.26248484608101397
22
1.375499999552965
32
0.15849999990500507
13
-0.11251515112501848
23
1.375499999552965
33
0.15849999990500507
0
3DFACE
5
DFB0
330
D818
100
AcDbEntity
100
AcDbFace
8
EKP_POI_MODULLERI
10
-0.11251515112501848
20
0.8955000004470348
30
0.4224999952316284
11
0.26248484608101397
21
0.8955000004470348
31
0.4224999952316284
12
0.26248484608101397
22
1.375499999552965
32
0.4224999952316284
13
-0.11251515112501848
23
1.375499999552965
33
0.4224999952316284
0
3DFACE
5
DFB1
330
D818
100
AcDbEntity
100
AcDbFace
8
EKP_POI_MODULLERI
10
-0.11251515112501848
20
0.8955000004470348
30
0.15849999990500507
11
0.26248484608101397
21
0.8955000004470348
31
0.15849999990500507
12
0.26248484608101397
22
0.8955000004470348
32
0.4224999952316284
13
-0.11251515112501848
23
0.8955000004470348
33
0.4224999952316284
0
3DFACE
5
DFB2
330
D818
100
AcDbEntity
100
AcDbFace
8
EKP_POI_MODULLERI
10
-0.11251515112501848
20
1.375499999552965
30
0.15849999990500507
11
0.26248484608101397
21
1.375499999552965
31
0.15849999990500507
12
0.26248484608101397
22
1.375499999552965
32
0.4224999952316284
13
-0.11251515112501848
23
1.375499999552965
33
0.4224999952316284
0
3DFACE
5
DFB3
330
D818
100
AcDbEntity
100
AcDbFace
8
EKP_POI_MODULLERI
10
-0.11251515112501848
20
0.8955000004470348
30
0.15849999990500507
11
-0.11251515112501848
21
1.375499999552965
31
0.15849999990500507
12
-0.11251515112501848
22
1.375499999552965
32
0.4224999952316284
13
-0.11251515112501848
23
0.8955000004470348
33
0.4224999952316284
0
3DFACE
5
DFB4
330
D818
100
AcDbEntity
100
AcDbFace
8
EKP_POI_MODULLERI
10
0.26248484608101397
20
0.8955000004470348
30
0.15849999990500507
11
0.26248484608101397
21
1.375499999552965
31
0.15849999990500507
12
0.26248484608101397
22
1.375499999552965
32
0.4224999952316284
13
0.26248484608101397
23
0.8955000004470348
33
0.4224999952316284
0
LINE
5
DFB5
330
D818
100
AcDbEntity
100
AcDbLine
8
EKP_POI_MODULLERI
10
-0.11251515112501848
20
0.8955000004470348
30
0.15849999990500507
11
0.26248484608101397
21
0.8955000004470348
31
0.15849999990500507
0
LINE
5
DFB6
330
D818
100
AcDbEntity
100
AcDbLine
8
EKP_POI_MODULLERI
10
0.26248484608101397
20
0.8955000004470348
30
0.15849999990500507
11
0.26248484608101397
21
1.375499999552965
31
0.15849999990500507
0
LINE
5
DFB7
330
D818
100
AcDbEntity
100
AcDbLine
8
EKP_POI_MODULLERI
10
0.26248484608101397
20
1.375499999552965
30
0.15849999990500507
11
-0.11251515112501848
21
1.375499999552965
31
0.15849999990500507
0
LINE
5
DFB8
330
D818
100
AcDbEntity
100
AcDbLine
8
EKP_POI_MODULLERI
10
-0.11251515112501848
20
1.375499999552965
30
0.15849999990500507
11
-0.11251515112501848
21
0.8955000004470348
31
0.15849999990500507
0
LINE
5
DFB9
330
D818
100
AcDbEntity
100
AcDbLine
8
EKP_POI_MODULLERI
10
-0.11251515112501848
20
0.8955000004470348
30
0.4224999952316284
11
0.26248484608101397
21
0.8955000004470348
31
0.4224999952316284
0
LINE
5
DFBA
330
D818
100
AcDbEntity
100
AcDbLine
8
EKP_POI_MODULLERI
10
0.26248484608101397
20
0.8955000004470348
30
0.4224999952316284
11
0.26248484608101397
21
1.375499999552965
31
0.4224999952316284
0
LINE
5
DFBB
330
D818
100
AcDbEntity
100
AcDbLine
8
EKP_POI_MODULLERI
10
0.26248484608101397
20
1.375499999552965
30
0.4224999952316284
11
-0.11251515112501848
21
1.375499999552965
31
0.4224999952316284
0
LINE
5
DFBC
330
D818
100
AcDbEntity
100
AcDbLine
8
EKP_POI_MODULLERI
10
-0.11251515112501848
20
1.375499999552965
30
0.4224999952316284
11
-0.11251515112501848
21
0.8955000004470348
31
0.4224999952316284
0
LINE
5
DFBD
330
D818
100
AcDbEntity
100
AcDbLine
8
EKP_POI_MODULLERI
10
-0.11251515112501848
20
0.8955000004470348
30
0.15849999990500507
11
-0.11251515112501848
21
0.8955000004470348
31
0.4224999952316284
0
LINE
5
DFBE
330
D818
100
AcDbEntity
100
AcDbLine
8
EKP_POI_MODULLERI
10
0.26248484608101397
20
0.8955000004470348
30
0.15849999990500507
11
0.26248484608101397
21
0.8955000004470348
31
0.4224999952316284
0
LINE
5
DFBF
330
D818
100
AcDbEntity
100
AcDbLine
8
EKP_POI_MODULLERI
10
0.26248484608101397
20
1.375499999552965
30
0.15849999990500507
11
0.26248484608101397
21
1.375499999552965
31
0.4224999952316284
0
LINE
5
DFC0
330
D818
100
AcDbEntity
100
AcDbLine
8
EKP_POI_MODULLERI
10
-0.11251515112501848
20
1.375499999552965
30
0.15849999990500507
11
-0.11251515112501848
21
1.375499999552965
31
0.4224999952316284
0
TEXT
5
DFC1
330
D818
100
AcDbEntity
100
AcDbText
8
EKP_POI_MODULLERI
10
0.07498484747799775
20
1.1355
30
0
40
0.045
1
POI Modul 1 (CB-12-POI-64F-A12)
50
0
7
STANDARD
72
1
11
0.07498484747799775
21
1.1355
31
0
100
AcDbText
73
2
0
3DFACE
5
DFC2
330
D818
100
AcDbEntity
100
AcDbFace
8
EKP_POI_MODULLERI
10
-0.11251515112501848
20
0.8955000004470348
30
0.473499999905005
11
0.26248484608101397
21
0.8955000004470348
31
0.473499999905005
12
0.26248484608101397
22
1.375499999552965
32
0.473499999905005
13
-0.11251515112501848
23
1.375499999552965
33
0.473499999905005
0
3DFACE
5
DFC3
330
D818
100
AcDbEntity
100
AcDbFace
8
EKP_POI_MODULLERI
10
-0.11251515112501848
20
0.8955000004470348
30
0.7374999952316283
11
0.26248484608101397
21
0.8955000004470348
31
0.7374999952316283
12
0.26248484608101397
22
1.375499999552965
32
0.7374999952316283
13
-0.11251515112501848
23
1.375499999552965
33
0.7374999952316283
0
3DFACE
5
DFC4
330
D818
100
AcDbEntity
100
AcDbFace
8
EKP_POI_MODULLERI
10
-0.11251515112501848
20
0.8955000004470348
30
0.473499999905005
11
0.26248484608101397
21
0.8955000004470348
31
0.473499999905005
12
0.26248484608101397
22
0.8955000004470348
32
0.7374999952316283
13
-0.11251515112501848
23
0.8955000004470348
33
0.7374999952316283
0
3DFACE
5
DFC5
330
D818
100
AcDbEntity
100
AcDbFace
8
EKP_POI_MODULLERI
10
-0.11251515112501848
20
1.375499999552965
30
0.473499999905005
11
0.26248484608101397
21
1.375499999552965
31
0.473499999905005
12
0.26248484608101397
22
1.375499999552965
32
0.7374999952316283
13
-0.11251515112501848
23
1.375499999552965
33
0.7374999952316283
0
3DFACE
5
DFC6
330
D818
100
AcDbEntity
100
AcDbFace
8
EKP_POI_MODULLERI
10
-0.11251515112501848
20
0.8955000004470348
30
0.473499999905005
11
-0.11251515112501848
21
1.375499999552965
31
0.473499999905005
12
-0.11251515112501848
22
1.375499999552965
32
0.7374999952316283
13
-0.11251515112501848
23
0.8955000004470348
33
0.7374999952316283
0
3DFACE
5
DFC7
330
D818
100
AcDbEntity
100
AcDbFace
8
EKP_POI_MODULLERI
10
0.26248484608101397
20
0.8955000004470348
30
0.473499999905005
11
0.26248484608101397
21
1.375499999552965
31
0.473499999905005
12
0.26248484608101397
22
1.375499999552965
32
0.7374999952316283
13
0.26248484608101397
23
0.8955000004470348
33
0.7374999952316283
0
LINE
5
DFC8
330
D818
100
AcDbEntity
100
AcDbLine
8
EKP_POI_MODULLERI
10
-0.11251515112501848
20
0.8955000004470348
30
0.473499999905005
11
0.26248484608101397
21
0.8955000004470348
31
0.473499999905005
0
LINE
5
DFC9
330
D818
100
AcDbEntity
100
AcDbLine
8
EKP_POI_MODULLERI
10
0.26248484608101397
20
0.8955000004470348
30
0.473499999905005
11
0.26248484608101397
21
1.375499999552965
31
0.473499999905005
0
LINE
5
DFCA
330
D818
100
AcDbEntity
100
AcDbLine
8
EKP_POI_MODULLERI
10
0.26248484608101397
20
1.375499999552965
30
0.473499999905005
11
-0.11251515112501848
21
1.375499999552965
31
0.473499999905005
0
LINE
5
DFCB
330
D818
100
AcDbEntity
100
AcDbLine
8
EKP_POI_MODULLERI
10
-0.11251515112501848
20
1.375499999552965
30
0.473499999905005
11
-0.11251515112501848
21
0.8955000004470348
31
0.473499999905005
0
LINE
5
DFCC
330
D818
100
AcDbEntity
100
AcDbLine
8
EKP_POI_MODULLERI
10
-0.11251515112501848
20
0.8955000004470348
30
0.7374999952316283
11
0.26248484608101397
21
0.8955000004470348
31
0.7374999952316283
0
LINE
5
DFCD
330
D818
100
AcDbEntity
100
AcDbLine
8
EKP_POI_MODULLERI
10
0.26248484608101397
20
0.8955000004470348
30
0.7374999952316283
11
0.26248484608101397
21
1.375499999552965
31
0.7374999952316283
0
LINE
5
DFCE
330
D818
100
AcDbEntity
100
AcDbLine
8
EKP_POI_MODULLERI
10
0.26248484608101397
20
1.375499999552965
30
0.7374999952316283
11
-0.11251515112501848
21
1.375499999552965
31
0.7374999952316283
0
LINE
5
DFCF
330
D818
100
AcDbEntity
100
AcDbLine
8
EKP_POI_MODULLERI
10
-0.11251515112501848
20
1.375499999552965
30
0.7374999952316283
11
-0.11251515112501848
21
0.8955000004470348
31
0.7374999952316283
0
LINE
5
DFD0
330
D818
100
AcDbEntity
100
AcDbLine
8
EKP_POI_MODULLERI
10
-0.11251515112501848
20
0.8955000004470348
30
0.473499999905005
11
-0.11251515112501848
21
0.8955000004470348
31
0.7374999952316283
0
LINE
5
DFD1
330
D818
100
AcDbEntity
100
AcDbLine
8
EKP_POI_MODULLERI
10
0.26248484608101397
20
0.8955000004470348
30
0.473499999905005
11
0.26248484608101397
21
0.8955000004470348
31
0.7374999952316283
0
LINE
5
DFD2
330
D818
100
AcDbEntity
100
AcDbLine
8
EKP_POI_MODULLERI
10
0.26248484608101397
20
1.375499999552965
30
0.473499999905005
11
0.26248484608101397
21
1.375499999552965
31
0.7374999952316283
0
LINE
5
DFD3
330
D818
100
AcDbEntity
100
AcDbLine
8
EKP_POI_MODULLERI
10
-0.11251515112501848
20
1.375499999552965
30
0.473499999905005
11
-0.11251515112501848
21
1.375499999552965
31
0.7374999952316283
0
TEXT
5
DFD4
330
D818
100
AcDbEntity
100
AcDbText
8
EKP_POI_MODULLERI
10
0.07498484747799775
20
1.1355
30
0
40
0.045
1
POI Modul 2 (CB-12-POI-64F-A12)
50
0
7
STANDARD
72
1
11
0.07498484747799775
21
1.1355
31
0
100
AcDbText
73
2
0
3DFACE
5
DFD5
330
D818
100
AcDbEntity
100
AcDbFace
8
EKP_POI_MODULLERI
10
-0.11251515112501848
20
0.8955000004470348
30
0.7884999999050051
11
0.26248484608101397
21
0.8955000004470348
31
0.7884999999050051
12
0.26248484608101397
22
1.375499999552965
32
0.7884999999050051
13
-0.11251515112501848
23
1.375499999552965
33
0.7884999999050051
0
3DFACE
5
DFD6
330
D818
100
AcDbEntity
100
AcDbFace
8
EKP_POI_MODULLERI
10
-0.11251515112501848
20
0.8955000004470348
30
1.0524999952316285
11
0.26248484608101397
21
0.8955000004470348
31
1.0524999952316285
12
0.26248484608101397
22
1.375499999552965
32
1.0524999952316285
13
-0.11251515112501848
23
1.375499999552965
33
1.0524999952316285
0
3DFACE
5
DFD7
330
D818
100
AcDbEntity
100
AcDbFace
8
EKP_POI_MODULLERI
10
-0.11251515112501848
20
0.8955000004470348
30
0.7884999999050051
11
0.26248484608101397
21
0.8955000004470348
31
0.7884999999050051
12
0.26248484608101397
22
0.8955000004470348
32
1.0524999952316285
13
-0.11251515112501848
23
0.8955000004470348
33
1.0524999952316285
0
3DFACE
5
DFD8
330
D818
100
AcDbEntity
100
AcDbFace
8
EKP_POI_MODULLERI
10
-0.11251515112501848
20
1.375499999552965
30
0.7884999999050051
11
0.26248484608101397
21
1.375499999552965
31
0.7884999999050051
12
0.26248484608101397
22
1.375499999552965
32
1.0524999952316285
13
-0.11251515112501848
23
1.375499999552965
33
1.0524999952316285
0
3DFACE
5
DFD9
330
D818
100
AcDbEntity
100
AcDbFace
8
EKP_POI_MODULLERI
10
-0.11251515112501848
20
0.8955000004470348
30
0.7884999999050051
11
-0.11251515112501848
21
1.375499999552965
31
0.7884999999050051
12
-0.11251515112501848
22
1.375499999552965
32
1.0524999952316285
13
-0.11251515112501848
23
0.8955000004470348
33
1.0524999952316285
0
3DFACE
5
DFDA
330
D818
100
AcDbEntity
100
AcDbFace
8
EKP_POI_MODULLERI
10
0.26248484608101397
20
0.8955000004470348
30
0.7884999999050051
11
0.26248484608101397
21
1.375499999552965
31
0.7884999999050051
12
0.26248484608101397
22
1.375499999552965
32
1.0524999952316285
13
0.26248484608101397
23
0.8955000004470348
33
1.0524999952316285
0
LINE
5
DFDB
330
D818
100
AcDbEntity
100
AcDbLine
8
EKP_POI_MODULLERI
10
-0.11251515112501848
20
0.8955000004470348
30
0.7884999999050051
11
0.26248484608101397
21
0.8955000004470348
31
0.7884999999050051
0
LINE
5
DFDC
330
D818
100
AcDbEntity
100
AcDbLine
8
EKP_POI_MODULLERI
10
0.26248484608101397
20
0.8955000004470348
30
0.7884999999050051
11
0.26248484608101397
21
1.375499999552965
31
0.7884999999050051
0
LINE
5
DFDD
330
D818
100
AcDbEntity
100
AcDbLine
8
EKP_POI_MODULLERI
10
0.26248484608101397
20
1.375499999552965
30
0.7884999999050051
11
-0.11251515112501848
21
1.375499999552965
31
0.7884999999050051
0
LINE
5
DFDE
330
D818
100
AcDbEntity
100
AcDbLine
8
EKP_POI_MODULLERI
10
-0.11251515112501848
20
1.375499999552965
30
0.7884999999050051
11
-0.11251515112501848
21
0.8955000004470348
31
0.7884999999050051
0
LINE
5
DFDF
330
D818
100
AcDbEntity
100
AcDbLine
8
EKP_POI_MODULLERI
10
-0.11251515112501848
20
0.8955000004470348
30
1.0524999952316285
11
0.26248484608101397
21
0.8955000004470348
31
1.0524999952316285
0
LINE
5
DFE0
330
D818
100
AcDbEntity
100
AcDbLine
8
EKP_POI_MODULLERI
10
0.26248484608101397
20
0.8955000004470348
30
1.0524999952316285
11
0.26248484608101397
21
1.375499999552965
31
1.0524999952316285
0
LINE
5
DFE1
330
D818
100
AcDbEntity
100
AcDbLine
8
EKP_POI_MODULLERI
10
0.26248484608101397
20
1.375499999552965
30
1.0524999952316285
11
-0.11251515112501848
21
1.375499999552965
31
1.0524999952316285
0
LINE
5
DFE2
330
D818
100
AcDbEntity
100
AcDbLine
8
EKP_POI_MODULLERI
10
-0.11251515112501848
20
1.375499999552965
30
1.0524999952316285
11
-0.11251515112501848
21
0.8955000004470348
31
1.0524999952316285
0
LINE
5
DFE3
330
D818
100
AcDbEntity
100
AcDbLine
8
EKP_POI_MODULLERI
10
-0.11251515112501848
20
0.8955000004470348
30
0.7884999999050051
11
-0.11251515112501848
21
0.8955000004470348
31
1.0524999952316285
0
LINE
5
DFE4
330
D818
100
AcDbEntity
100
AcDbLine
8
EKP_POI_MODULLERI
10
0.26248484608101397
20
0.8955000004470348
30
0.7884999999050051
11
0.26248484608101397
21
0.8955000004470348
31
1.0524999952316285
0
LINE
5
DFE5
330
D818
100
AcDbEntity
100
AcDbLine
8
EKP_POI_MODULLERI
10
0.26248484608101397
20
1.375499999552965
30
0.7884999999050051
11
0.26248484608101397
21
1.375499999552965
31
1.0524999952316285
0
LINE
5
DFE6
330
D818
100
AcDbEntity
100
AcDbLine
8
EKP_POI_MODULLERI
10
-0.11251515112501848
20
1.375499999552965
30
0.7884999999050051
11
-0.11251515112501848
21
1.375499999552965
31
1.0524999952316285
0
TEXT
5
DFE7
330
D818
100
AcDbEntity
100
AcDbText
8
EKP_POI_MODULLERI
10
0.07498484747799775
20
1.1355
30
0
40
0.045
1
POI Modul 3 (CB-12-POI-64F-A12)
50
0
7
STANDARD
72
1
11
0.07498484747799775
21
1.1355
31
0
100
AcDbText
73
2
0
3DFACE
5
DFE8
330
D818
100
AcDbEntity
100
AcDbFace
8
EKP_POI_MODULLERI
10
-0.11251515112501848
20
0.8955000004470348
30
1.1034999999050052
11
0.26248484608101397
21
0.8955000004470348
31
1.1034999999050052
12
0.26248484608101397
22
1.375499999552965
32
1.1034999999050052
13
-0.11251515112501848
23
1.375499999552965
33
1.1034999999050052
0
3DFACE
5
DFE9
330
D818
100
AcDbEntity
100
AcDbFace
8
EKP_POI_MODULLERI
10
-0.11251515112501848
20
0.8955000004470348
30
1.3674999952316282
11
0.26248484608101397
21
0.8955000004470348
31
1.3674999952316282
12
0.26248484608101397
22
1.375499999552965
32
1.3674999952316282
13
-0.11251515112501848
23
1.375499999552965
33
1.3674999952316282
0
3DFACE
5
DFEA
330
D818
100
AcDbEntity
100
AcDbFace
8
EKP_POI_MODULLERI
10
-0.11251515112501848
20
0.8955000004470348
30
1.1034999999050052
11
0.26248484608101397
21
0.8955000004470348
31
1.1034999999050052
12
0.26248484608101397
22
0.8955000004470348
32
1.3674999952316282
13
-0.11251515112501848
23
0.8955000004470348
33
1.3674999952316282
0
3DFACE
5
DFEB
330
D818
100
AcDbEntity
100
AcDbFace
8
EKP_POI_MODULLERI
10
-0.11251515112501848
20
1.375499999552965
30
1.1034999999050052
11
0.26248484608101397
21
1.375499999552965
31
1.1034999999050052
12
0.26248484608101397
22
1.375499999552965
32
1.3674999952316282
13
-0.11251515112501848
23
1.375499999552965
33
1.3674999952316282
0
3DFACE
5
DFEC
330
D818
100
AcDbEntity
100
AcDbFace
8
EKP_POI_MODULLERI
10
-0.11251515112501848
20
0.8955000004470348
30
1.1034999999050052
11
-0.11251515112501848
21
1.375499999552965
31
1.1034999999050052
12
-0.11251515112501848
22
1.375499999552965
32
1.3674999952316282
13
-0.11251515112501848
23
0.8955000004470348
33
1.3674999952316282
0
3DFACE
5
DFED
330
D818
100
AcDbEntity
100
AcDbFace
8
EKP_POI_MODULLERI
10
0.26248484608101397
20
0.8955000004470348
30
1.1034999999050052
11
0.26248484608101397
21
1.375499999552965
31
1.1034999999050052
12
0.26248484608101397
22
1.375499999552965
32
1.3674999952316282
13
0.26248484608101397
23
0.8955000004470348
33
1.3674999952316282
0
LINE
5
DFEE
330
D818
100
AcDbEntity
100
AcDbLine
8
EKP_POI_MODULLERI
10
-0.11251515112501848
20
0.8955000004470348
30
1.1034999999050052
11
0.26248484608101397
21
0.8955000004470348
31
1.1034999999050052
0
LINE
5
DFEF
330
D818
100
AcDbEntity
100
AcDbLine
8
EKP_POI_MODULLERI
10
0.26248484608101397
20
0.8955000004470348
30
1.1034999999050052
11
0.26248484608101397
21
1.375499999552965
31
1.1034999999050052
0
LINE
5
DFF0
330
D818
100
AcDbEntity
100
AcDbLine
8
EKP_POI_MODULLERI
10
0.26248484608101397
20
1.375499999552965
30
1.1034999999050052
11
-0.11251515112501848
21
1.375499999552965
31
1.1034999999050052
0
LINE
5
DFF1
330
D818
100
AcDbEntity
100
AcDbLine
8
EKP_POI_MODULLERI
10
-0.11251515112501848
20
1.375499999552965
30
1.1034999999050052
11
-0.11251515112501848
21
0.8955000004470348
31
1.1034999999050052
0
LINE
5
DFF2
330
D818
100
AcDbEntity
100
AcDbLine
8
EKP_POI_MODULLERI
10
-0.11251515112501848
20
0.8955000004470348
30
1.3674999952316282
11
0.26248484608101397
21
0.8955000004470348
31
1.3674999952316282
0
LINE
5
DFF3
330
D818
100
AcDbEntity
100
AcDbLine
8
EKP_POI_MODULLERI
10
0.26248484608101397
20
0.8955000004470348
30
1.3674999952316282
11
0.26248484608101397
21
1.375499999552965
31
1.3674999952316282
0
LINE
5
DFF4
330
D818
100
AcDbEntity
100
AcDbLine
8
EKP_POI_MODULLERI
10
0.26248484608101397
20
1.375499999552965
30
1.3674999952316282
11
-0.11251515112501848
21
1.375499999552965
31
1.3674999952316282
0
LINE
5
DFF5
330
D818
100
AcDbEntity
100
AcDbLine
8
EKP_POI_MODULLERI
10
-0.11251515112501848
20
1.375499999552965
30
1.3674999952316282
11
-0.11251515112501848
21
0.8955000004470348
31
1.3674999952316282
0
LINE
5
DFF6
330
D818
100
AcDbEntity
100
AcDbLine
8
EKP_POI_MODULLERI
10
-0.11251515112501848
20
0.8955000004470348
30
1.1034999999050052
11
-0.11251515112501848
21
0.8955000004470348
31
1.3674999952316282
0
LINE
5
DFF7
330
D818
100
AcDbEntity
100
AcDbLine
8
EKP_POI_MODULLERI
10
0.26248484608101397
20
0.8955000004470348
30
1.1034999999050052
11
0.26248484608101397
21
0.8955000004470348
31
1.3674999952316282
0
LINE
5
DFF8
330
D818
100
AcDbEntity
100
AcDbLine
8
EKP_POI_MODULLERI
10
0.26248484608101397
20
1.375499999552965
30
1.1034999999050052
11
0.26248484608101397
21
1.375499999552965
31
1.3674999952316282
0
LINE
5
DFF9
330
D818
100
AcDbEntity
100
AcDbLine
8
EKP_POI_MODULLERI
10
-0.11251515112501848
20
1.375499999552965
30
1.1034999999050052
11
-0.11251515112501848
21
1.375499999552965
31
1.3674999952316282
0
TEXT
5
DFFA
330
D818
100
AcDbEntity
100
AcDbText
8
EKP_POI_MODULLERI
10
0.07498484747799775
20
1.1355
30
0
40
0.045
1
POI Modul 4 (CB-12-POI-64F-A12)
50
0
7
STANDARD
72
1
11
0.07498484747799775
21
1.1355
31
0
100
AcDbText
73
2
0
3DFACE
5
DFFB
330
D818
100
AcDbEntity
100
AcDbFace
8
EKP_POI_MODULLERI
10
-0.11251515112501848
20
0.8955000004470348
30
1.4184999999050052
11
0.26248484608101397
21
0.8955000004470348
31
1.4184999999050052
12
0.26248484608101397
22
1.375499999552965
32
1.4184999999050052
13
-0.11251515112501848
23
1.375499999552965
33
1.4184999999050052
0
3DFACE
5
DFFC
330
D818
100
AcDbEntity
100
AcDbFace
8
EKP_POI_MODULLERI
10
-0.11251515112501848
20
0.8955000004470348
30
1.6824999952316282
11
0.26248484608101397
21
0.8955000004470348
31
1.6824999952316282
12
0.26248484608101397
22
1.375499999552965
32
1.6824999952316282
13
-0.11251515112501848
23
1.375499999552965
33
1.6824999952316282
0
3DFACE
5
DFFD
330
D818
100
AcDbEntity
100
AcDbFace
8
EKP_POI_MODULLERI
10
-0.11251515112501848
20
0.8955000004470348
30
1.4184999999050052
11
0.26248484608101397
21
0.8955000004470348
31
1.4184999999050052
12
0.26248484608101397
22
0.8955000004470348
32
1.6824999952316282
13
-0.11251515112501848
23
0.8955000004470348
33
1.6824999952316282
0
3DFACE
5
DFFE
330
D818
100
AcDbEntity
100
AcDbFace
8
EKP_POI_MODULLERI
10
-0.11251515112501848
20
1.375499999552965
30
1.4184999999050052
11
0.26248484608101397
21
1.375499999552965
31
1.4184999999050052
12
0.26248484608101397
22
1.375499999552965
32
1.6824999952316282
13
-0.11251515112501848
23
1.375499999552965
33
1.6824999952316282
0
3DFACE
5
DFFF
330
D818
100
AcDbEntity
100
AcDbFace
8
EKP_POI_MODULLERI
10
-0.11251515112501848
20
0.8955000004470348
30
1.4184999999050052
11
-0.11251515112501848
21
1.375499999552965
31
1.4184999999050052
12
-0.11251515112501848
22
1.375499999552965
32
1.6824999952316282
13
-0.11251515112501848
23
0.8955000004470348
33
1.6824999952316282
0
3DFACE
5
E000
330
D818
100
AcDbEntity
100
AcDbFace
8
EKP_POI_MODULLERI
10
0.26248484608101397
20
0.8955000004470348
30
1.4184999999050052
11
0.26248484608101397
21
1.375499999552965
31
1.4184999999050052
12
0.26248484608101397
22
1.375499999552965
32
1.6824999952316282
13
0.26248484608101397
23
0.8955000004470348
33
1.6824999952316282
0
LINE
5
E001
330
D818
100
AcDbEntity
100
AcDbLine
8
EKP_POI_MODULLERI
10
-0.11251515112501848
20
0.8955000004470348
30
1.4184999999050052
11
0.26248484608101397
21
0.8955000004470348
31
1.4184999999050052
0
LINE
5
E002
330
D818
100
AcDbEntity
100
AcDbLine
8
EKP_POI_MODULLERI
10
0.26248484608101397
20
0.8955000004470348
30
1.4184999999050052
11
0.26248484608101397
21
1.375499999552965
31
1.4184999999050052
0
LINE
5
E003
330
D818
100
AcDbEntity
100
AcDbLine
8
EKP_POI_MODULLERI
10
0.26248484608101397
20
1.375499999552965
30
1.4184999999050052
11
-0.11251515112501848
21
1.375499999552965
31
1.4184999999050052
0
LINE
5
E004
330
D818
100
AcDbEntity
100
AcDbLine
8
EKP_POI_MODULLERI
10
-0.11251515112501848
20
1.375499999552965
30
1.4184999999050052
11
-0.11251515112501848
21
0.8955000004470348
31
1.4184999999050052
0
LINE
5
E005
330
D818
100
AcDbEntity
100
AcDbLine
8
EKP_POI_MODULLERI
10
-0.11251515112501848
20
0.8955000004470348
30
1.6824999952316282
11
0.26248484608101397
21
0.8955000004470348
31
1.6824999952316282
0
LINE
5
E006
330
D818
100
AcDbEntity
100
AcDbLine
8
EKP_POI_MODULLERI
10
0.26248484608101397
20
0.8955000004470348
30
1.6824999952316282
11
0.26248484608101397
21
1.375499999552965
31
1.6824999952316282
0
LINE
5
E007
330
D818
100
AcDbEntity
100
AcDbLine
8
EKP_POI_MODULLERI
10
0.26248484608101397
20
1.375499999552965
30
1.6824999952316282
11
-0.11251515112501848
21
1.375499999552965
31
1.6824999952316282
0
LINE
5
E008
330
D818
100
AcDbEntity
100
AcDbLine
8
EKP_POI_MODULLERI
10
-0.11251515112501848
20
1.375499999552965
30
1.6824999952316282
11
-0.11251515112501848
21
0.8955000004470348
31
1.6824999952316282
0
LINE
5
E009
330
D818
100
AcDbEntity
100
AcDbLine
8
EKP_POI_MODULLERI
10
-0.11251515112501848
20
0.8955000004470348
30
1.4184999999050052
11
-0.11251515112501848
21
0.8955000004470348
31
1.6824999952316282
0
LINE
5
E00A
330
D818
100
AcDbEntity
100
AcDbLine
8
EKP_POI_MODULLERI
10
0.26248484608101397
20
0.8955000004470348
30
1.4184999999050052
11
0.26248484608101397
21
0.8955000004470348
31
1.6824999952316282
0
LINE
5
E00B
330
D818
100
AcDbEntity
100
AcDbLine
8
EKP_POI_MODULLERI
10
0.26248484608101397
20
1.375499999552965
30
1.4184999999050052
11
0.26248484608101397
21
1.375499999552965
31
1.6824999952316282
0
LINE
5
E00C
330
D818
100
AcDbEntity
100
AcDbLine
8
EKP_POI_MODULLERI
10
-0.11251515112501848
20
1.375499999552965
30
1.4184999999050052
11
-0.11251515112501848
21
1.375499999552965
31
1.6824999952316282
0
TEXT
5
E00D
330
D818
100
AcDbEntity
100
AcDbText
8
EKP_POI_MODULLERI
10
0.07498484747799775
20
1.1355
30
0
40
0.045
1
POI Modul 5 (CB-12-POI-64F-A12)
50
0
7
STANDARD
72
1
11
0.07498484747799775
21
1.1355
31
0
100
AcDbText
73
2
0
3DFACE
5
D831
330
D818
100
AcDbEntity
100
AcDbFace
8
BLOK_OZEL_PLATFORM
10
-1.3
20
-0.7000000000000001
30
-0.05
11
1.3
21
-0.7000000000000001
31
-0.05
12
1.3
22
0.7000000000000001
32
-0.05
13
-1.3
23
0.7000000000000001
33
-0.05
0
3DFACE
5
D832
330
D818
100
AcDbEntity
100
AcDbFace
8
BLOK_OZEL_PLATFORM
10
-1.3
20
-0.7000000000000001
30
0
11
1.3
21
-0.7000000000000001
31
0
12
1.3
22
0.7000000000000001
32
0
13
-1.3
23
0.7000000000000001
33
0
0
3DFACE
5
D833
330
D818
100
AcDbEntity
100
AcDbFace
8
BLOK_OZEL_PLATFORM
10
-1.3
20
-0.7000000000000001
30
-0.05
11
1.3
21
-0.7000000000000001
31
-0.05
12
1.3
22
-0.7000000000000001
32
0
13
-1.3
23
-0.7000000000000001
33
0
0
3DFACE
5
D834
330
D818
100
AcDbEntity
100
AcDbFace
8
BLOK_OZEL_PLATFORM
10
-1.3
20
0.7000000000000001
30
-0.05
11
1.3
21
0.7000000000000001
31
-0.05
12
1.3
22
0.7000000000000001
32
0
13
-1.3
23
0.7000000000000001
33
0
0
3DFACE
5
D835
330
D818
100
AcDbEntity
100
AcDbFace
8
BLOK_OZEL_PLATFORM
10
-1.3
20
-0.7000000000000001
30
-0.05
11
-1.3
21
0.7000000000000001
31
-0.05
12
-1.3
22
0.7000000000000001
32
0
13
-1.3
23
-0.7000000000000001
33
0
0
3DFACE
5
D836
330
D818
100
AcDbEntity
100
AcDbFace
8
BLOK_OZEL_PLATFORM
10
1.3
20
-0.7000000000000001
30
-0.05
11
1.3
21
0.7000000000000001
31
-0.05
12
1.3
22
0.7000000000000001
32
0
13
1.3
23
-0.7000000000000001
33
0
0
LINE
5
D837
330
D818
100
AcDbEntity
100
AcDbLine
8
BLOK_OZEL_PLATFORM
10
-1.3
20
-0.7000000000000001
30
-0.05
11
1.3
21
-0.7000000000000001
31
-0.05
0
LINE
5
D838
330
D818
100
AcDbEntity
100
AcDbLine
8
BLOK_OZEL_PLATFORM
10
1.3
20
-0.7000000000000001
30
-0.05
11
1.3
21
0.7000000000000001
31
-0.05
0
LINE
5
D839
330
D818
100
AcDbEntity
100
AcDbLine
8
BLOK_OZEL_PLATFORM
10
1.3
20
0.7000000000000001
30
-0.05
11
-1.3
21
0.7000000000000001
31
-0.05
0
LINE
5
D83A
330
D818
100
AcDbEntity
100
AcDbLine
8
BLOK_OZEL_PLATFORM
10
-1.3
20
0.7000000000000001
30
-0.05
11
-1.3
21
-0.7000000000000001
31
-0.05
0
LINE
5
D83B
330
D818
100
AcDbEntity
100
AcDbLine
8
BLOK_OZEL_PLATFORM
10
-1.3
20
-0.7000000000000001
30
0
11
1.3
21
-0.7000000000000001
31
0
0
LINE
5
D83C
330
D818
100
AcDbEntity
100
AcDbLine
8
BLOK_OZEL_PLATFORM
10
1.3
20
-0.7000000000000001
30
0
11
1.3
21
0.7000000000000001
31
0
0
LINE
5
D83D
330
D818
100
AcDbEntity
100
AcDbLine
8
BLOK_OZEL_PLATFORM
10
1.3
20
0.7000000000000001
30
0
11
-1.3
21
0.7000000000000001
31
0
0
LINE
5
D83E
330
D818
100
AcDbEntity
100
AcDbLine
8
BLOK_OZEL_PLATFORM
10
-1.3
20
0.7000000000000001
30
0
11
-1.3
21
-0.7000000000000001
31
0
0
LINE
5
D83F
330
D818
100
AcDbEntity
100
AcDbLine
8
BLOK_OZEL_PLATFORM
10
-1.3
20
-0.7000000000000001
30
-0.05
11
-1.3
21
-0.7000000000000001
31
0
0
LINE
5
D840
330
D818
100
AcDbEntity
100
AcDbLine
8
BLOK_OZEL_PLATFORM
10
1.3
20
-0.7000000000000001
30
-0.05
11
1.3
21
-0.7000000000000001
31
0
0
LINE
5
D841
330
D818
100
AcDbEntity
100
AcDbLine
8
BLOK_OZEL_PLATFORM
10
1.3
20
0.7000000000000001
30
-0.05
11
1.3
21
0.7000000000000001
31
0
0
LINE
5
D842
330
D818
100
AcDbEntity
100
AcDbLine
8
BLOK_OZEL_PLATFORM
10
-1.3
20
0.7000000000000001
30
-0.05
11
-1.3
21
0.7000000000000001
31
0
0
3DFACE
5
E00E
330
D818
100
AcDbEntity
100
AcDbFace
8
BLOK_OZEL_PLATFORM
10
-2.01251515242887
20
0.6000000000000001
30
-0.6880000058412552
11
0.5874848505513621
21
0.6000000000000001
31
-0.6880000058412552
12
0.5874848505513621
22
2.1
32
-0.6880000058412552
13
-2.01251515242887
23
2.1
33
-0.6880000058412552
0
3DFACE
5
E00F
330
D818
100
AcDbEntity
100
AcDbFace
8
BLOK_OZEL_PLATFORM
10
-2.01251515242887
20
0.6000000000000001
30
1.215999999664724
11
0.5874848505513621
21
0.6000000000000001
31
1.215999999664724
12
0.5874848505513621
22
2.1
32
1.215999999664724
13
-2.01251515242887
23
2.1
33
1.215999999664724
0
3DFACE
5
E010
330
D818
100
AcDbEntity
100
AcDbFace
8
BLOK_OZEL_PLATFORM
10
-2.01251515242887
20
0.6000000000000001
30
-0.6880000058412552
11
0.5874848505513621
21
0.6000000000000001
31
-0.6880000058412552
12
0.5874848505513621
22
0.6000000000000001
32
1.215999999664724
13
-2.01251515242887
23
0.6000000000000001
33
1.215999999664724
0
3DFACE
5
E011
330
D818
100
AcDbEntity
100
AcDbFace
8
BLOK_OZEL_PLATFORM
10
-2.01251515242887
20
2.1
30
-0.6880000058412552
11
0.5874848505513621
21
2.1
31
-0.6880000058412552
12
0.5874848505513621
22
2.1
32
1.215999999664724
13
-2.01251515242887
23
2.1
33
1.215999999664724
0
3DFACE
5
E012
330
D818
100
AcDbEntity
100
AcDbFace
8
BLOK_OZEL_PLATFORM
10
-2.01251515242887
20
0.6000000000000001
30
-0.6880000058412552
11
-2.01251515242887
21
2.1
31
-0.6880000058412552
12
-2.01251515242887
22
2.1
32
1.215999999664724
13
-2.01251515242887
23
0.6000000000000001
33
1.215999999664724
0
3DFACE
5
E013
330
D818
100
AcDbEntity
100
AcDbFace
8
BLOK_OZEL_PLATFORM
10
0.5874848505513621
20
0.6000000000000001
30
-0.6880000058412552
11
0.5874848505513621
21
2.1
31
-0.6880000058412552
12
0.5874848505513621
22
2.1
32
1.215999999664724
13
0.5874848505513621
23
0.6000000000000001
33
1.215999999664724
0
LINE
5
E014
330
D818
100
AcDbEntity
100
AcDbLine
8
BLOK_OZEL_PLATFORM
10
-2.01251515242887
20
0.6000000000000001
30
-0.6880000058412552
11
0.5874848505513621
21
0.6000000000000001
31
-0.6880000058412552
0
LINE
5
E015
330
D818
100
AcDbEntity
100
AcDbLine
8
BLOK_OZEL_PLATFORM
10
0.5874848505513621
20
0.6000000000000001
30
-0.6880000058412552
11
0.5874848505513621
21
2.1
31
-0.6880000058412552
0
LINE
5
E016
330
D818
100
AcDbEntity
100
AcDbLine
8
BLOK_OZEL_PLATFORM
10
0.5874848505513621
20
2.1
30
-0.6880000058412552
11
-2.01251515242887
21
2.1
31
-0.6880000058412552
0
LINE
5
E017
330
D818
100
AcDbEntity
100
AcDbLine
8
BLOK_OZEL_PLATFORM
10
-2.01251515242887
20
2.1
30
-0.6880000058412552
11
-2.01251515242887
21
0.6000000000000001
31
-0.6880000058412552
0
LINE
5
E018
330
D818
100
AcDbEntity
100
AcDbLine
8
BLOK_OZEL_PLATFORM
10
-2.01251515242887
20
0.6000000000000001
30
1.215999999664724
11
0.5874848505513621
21
0.6000000000000001
31
1.215999999664724
0
LINE
5
E019
330
D818
100
AcDbEntity
100
AcDbLine
8
BLOK_OZEL_PLATFORM
10
0.5874848505513621
20
0.6000000000000001
30
1.215999999664724
11
0.5874848505513621
21
2.1
31
1.215999999664724
0
LINE
5
E01A
330
D818
100
AcDbEntity
100
AcDbLine
8
BLOK_OZEL_PLATFORM
10
0.5874848505513621
20
2.1
30
1.215999999664724
11
-2.01251515242887
21
2.1
31
1.215999999664724
0
LINE
5
E01B
330
D818
100
AcDbEntity
100
AcDbLine
8
BLOK_OZEL_PLATFORM
10
-2.01251515242887
20
2.1
30
1.215999999664724
11
-2.01251515242887
21
0.6000000000000001
31
1.215999999664724
0
LINE
5
E01C
330
D818
100
AcDbEntity
100
AcDbLine
8
BLOK_OZEL_PLATFORM
10
-2.01251515242887
20
0.6000000000000001
30
-0.6880000058412552
11
-2.01251515242887
21
0.6000000000000001
31
1.215999999664724
0
LINE
5
E01D
330
D818
100
AcDbEntity
100
AcDbLine
8
BLOK_OZEL_PLATFORM
10
0.5874848505513621
20
0.6000000000000001
30
-0.6880000058412552
11
0.5874848505513621
21
0.6000000000000001
31
1.215999999664724
0
LINE
5
E01E
330
D818
100
AcDbEntity
100
AcDbLine
8
BLOK_OZEL_PLATFORM
10
0.5874848505513621
20
2.1
30
-0.6880000058412552
11
0.5874848505513621
21
2.1
31
1.215999999664724
0
LINE
5
E01F
330
D818
100
AcDbEntity
100
AcDbLine
8
BLOK_OZEL_PLATFORM
10
-2.01251515242887
20
2.1
30
-0.6880000058412552
11
-2.01251515242887
21
2.1
31
1.215999999664724
0
LINE
5
E020
330
D818
100
AcDbEntity
100
AcDbLine
8
BLOK_OZEL_PLATFORM
10
-1.3625151516838119
20
0.6000000000000001
30
1.215999999664724
11
-1.3625151516838119
21
2.1
31
1.215999999664724
0
LINE
5
E021
330
D818
100
AcDbEntity
100
AcDbLine
8
BLOK_OZEL_PLATFORM
10
-0.712515150938754
20
0.6000000000000001
30
1.215999999664724
11
-0.712515150938754
21
2.1
31
1.215999999664724
0
LINE
5
E022
330
D818
100
AcDbEntity
100
AcDbLine
8
BLOK_OZEL_PLATFORM
10
-0.06251515019369602
20
0.6000000000000001
30
1.215999999664724
11
-0.06251515019369602
21
2.1
31
1.215999999664724
0
LINE
5
E023
330
D818
100
AcDbEntity
100
AcDbLine
8
BLOK_OZEL_PLATFORM
10
-2.01251515242887
20
1.1
30
1.215999999664724
11
0.5874848505513621
21
1.1
31
1.215999999664724
0
LINE
5
E024
330
D818
100
AcDbEntity
100
AcDbLine
8
BLOK_OZEL_PLATFORM
10
-2.01251515242887
20
1.6
30
1.215999999664724
11
0.5874848505513621
21
1.6
31
1.215999999664724
0
TEXT
5
E025
330
D818
100
AcDbEntity
100
AcDbText
8
BLOK_OZEL_PLATFORM
10
-0.712515150938754
20
1.35
30
0
40
0.075
1
RRU Saha Blok 140cm (Alan 1)
50
0
7
STANDARD
72
1
11
-0.712515150938754
21
1.35
31
0
100
AcDbText
73
2
0
ENDSEC
0
SECTION
2
OBJECTS
0
DICTIONARY
5
D806
330
0
100
AcDbDictionary
281
1
3
ACAD_GROUP
350
D81C
0
DICTIONARY
5
D81C
330
D806
100
AcDbDictionary
281
1
0
ENDSEC
0
EOF