0
SECTION
2
HEADER
9
$HANDSEED
5
116CF
9
$INSUNITS
70
6
9
$ACADVER
1
AC1021
9
$DWGCODEPAGE
3
UTF-8
0
ENDSEC
0
SECTION
2
CLASSES
0
ENDSEC
0
SECTION
2
TABLES
0
TABLE
2
LTYPE
5
116CD
330
0
100
AcDbSymbolTable
70
5
0
LTYPE
5
10AC2
330
116CD
100
AcDbSymbolTableRecord
100
AcDbLinetypeTableRecord
2
CONTINUOUS
3
______
70
0
72
65
73
0
40
0
0
LTYPE
5
10AC3
330
116CD
100
AcDbSymbolTableRecord
100
AcDbLinetypeTableRecord
2
DASHED
3
_ _ _ 
70
0
72
65
73
2
40
10
49
5
74
0
49
-5
74
0
0
LTYPE
5
10AC4
330
116CD
100
AcDbSymbolTableRecord
100
AcDbLinetypeTableRecord
2
DOTTED
3
. . . 
70
0
72
65
73
2
40
5
49
0
74
0
49
-5
74
0
0
LTYPE
5
10AC6
330
116CD
100
AcDbSymbolTableRecord
100
AcDbLinetypeTableRecord
2
ByBlock
3

70
0
72
65
73
0
40
0
0
LTYPE
5
10AC7
330
116CD
100
AcDbSymbolTableRecord
100
AcDbLinetypeTableRecord
2
ByLayer
3

70
0
72
65
73
0
40
0
0
ENDTAB
0
TABLE
2
LAYER
5
116CE
330
0
100
AcDbSymbolTable
70
31
0
LAYER
5
10AC5
330
116CE
100
AcDbSymbolTableRecord
100
AcDbLayerTableRecord
2
0
62
7
70
0
6
CONTINUOUS
390
1
0
LAYER
5
10AD8
330
116CE
100
AcDbSymbolTableRecord
100
AcDbLayerTableRecord
2
ZEMIN_PLATFORM
62
8
70
0
6
CONTINUOUS
390
1
0
LAYER
5
10AD9
330
116CE
100
AcDbSymbolTableRecord
100
AcDbLayerTableRecord
2
KORKULUK_KAPI
62
4
70
0
6
CONTINUOUS
390
1
0
LAYER
5
10ADA
330
116CE
100
AcDbSymbolTableRecord
100
AcDbLayerTableRecord
2
CELIK_KIRIS_KOLON
62
9
70
0
6
CONTINUOUS
390
1
0
LAYER
5
10ADB
330
116CE
100
AcDbSymbolTableRecord
100
AcDbLayerTableRecord
2
MONTAJ_BORULARI
62
2
70
0
6
CONTINUOUS
390
1
0
LAYER
5
10ADC
330
116CE
100
AcDbSymbolTableRecord
100
AcDbLayerTableRecord
2
KABLO_TAVALARI
62
6
70
0
6
CONTINUOUS
390
1
0
LAYER
5
10ADD
330
116CE
100
AcDbSymbolTableRecord
100
AcDbLayerTableRecord
2
YURUYUS_KORIDORU
62
3
70
0
6
DASHED
390
1
0
LAYER
5
10ADE
330
116CE
100
AcDbSymbolTableRecord
100
AcDbLayerTableRecord
2
OLCULER
62
1
70
0
6
CONTINUOUS
390
1
0
LAYER
5
10ADF
330
116CE
100
AcDbSymbolTableRecord
100
AcDbLayerTableRecord
2
METIN_BILGI
62
7
70
0
6
CONTINUOUS
390
1
0
LAYER
5
10AE0
330
116CE
100
AcDbSymbolTableRecord
100
AcDbLayerTableRecord
2
EKP_TURKCELL_RRU
62
5
70
0
6
CONTINUOUS
390
1
0
LAYER
5
10AE1
330
116CE
100
AcDbSymbolTableRecord
100
AcDbLayerTableRecord
2
EKP_VODAFONE_RRU
62
1
70
0
6
CONTINUOUS
390
1
0
LAYER
5
10AE2
330
116CE
100
AcDbSymbolTableRecord
100
AcDbLayerTableRecord
2
EKP_TURK_TELEKOM_RRU
62
4
70
0
6
CONTINUOUS
390
1
0
LAYER
5
10AE3
330
116CE
100
AcDbSymbolTableRecord
100
AcDbLayerTableRecord
2
EKP_POI_TASIYICI_SASE
62
30
70
0
6
CONTINUOUS
390
1
0
LAYER
5
10AE4
330
116CE
100
AcDbSymbolTableRecord
100
AcDbLayerTableRecord
2
EKP_POI_MODULLERI
62
40
70
0
6
CONTINUOUS
390
1
0
LAYER
5
10AE5
330
116CE
100
AcDbSymbolTableRecord
100
AcDbLayerTableRecord
2
EKP_RECTIFIER_ELTEK_20U
62
3
70
0
6
CONTINUOUS
390
1
0
LAYER
5
10AE6
330
116CE
100
AcDbSymbolTableRecord
100
AcDbLayerTableRecord
2
EKP_RECTIFIER_MTS9304A
62
94
70
0
6
CONTINUOUS
390
1
0
LAYER
5
10AE7
330
116CE
100
AcDbSymbolTableRecord
100
AcDbLayerTableRecord
2
BLOK_OZEL_PLATFORM
62
140
70
0
6
CONTINUOUS
390
1
0
LAYER
5
10AE8
330
116CE
100
AcDbSymbolTableRecord
100
AcDbLayerTableRecord
2
EKP_MATSING_ANTEN
62
2
70
0
6
CONTINUOUS
390
1
0
LAYER
5
10AE9
330
116CE
100
AcDbSymbolTableRecord
100
AcDbLayerTableRecord
2
EKP_PANEL_ANTEN
62
6
70
0
6
CONTINUOUS
390
1
0
LAYER
5
10AEA
330
116CE
100
AcDbSymbolTableRecord
100
AcDbLayerTableRecord
2
EKP_ANTEN_TASIYICI_KOL
62
141
70
0
6
CONTINUOUS
390
1
0
LAYER
5
10AEB
330
116CE
100
AcDbSymbolTableRecord
100
AcDbLayerTableRecord
2
EKP_DIGER_EKIPMANLAR
62
7
70
0
6
CONTINUOUS
390
1
0
LAYER
5
10AEE
330
116CE
100
AcDbSymbolTableRecord
100
AcDbLayerTableRecord
2
TAVA_PROFILI
62
7
70
0
6
CONTINUOUS
390
1
0
LAYER
5
10AF7
330
116CE
100
AcDbSymbolTableRecord
100
AcDbLayerTableRecord
2
TAVA_DETAY_DELIK
62
7
70
0
6
CONTINUOUS
390
1
0
LAYER
5
10C83
330
116CE
100
AcDbSymbolTableRecord
100
AcDbLayerTableRecord
2
TAVA_KONSOL
62
7
70
0
6
CONTINUOUS
390
1
0
LAYER
5
10CA5
330
116CE
100
AcDbSymbolTableRecord
100
AcDbLayerTableRecord
2
KBL_ETIKET_BAG
62
7
70
0
6
CONTINUOUS
390
1
0
LAYER
5
10D26
330
116CE
100
AcDbSymbolTableRecord
100
AcDbLayerTableRecord
2
TAVA_ASKI_KONSOL
62
7
70
0
6
CONTINUOUS
390
1
0
LAYER
5
10DCE
330
116CE
100
AcDbSymbolTableRecord
100
AcDbLayerTableRecord
2
TAVA_SEPERATOR
62
7
70
0
6
CONTINUOUS
390
1
0
LAYER
5
10DE9
330
116CE
100
AcDbSymbolTableRecord
100
AcDbLayerTableRecord
2
KBL_FEEDER_7_8
62
7
70
0
6
CONTINUOUS
390
1
0
LAYER
5
10F02
330
116CE
100
AcDbSymbolTableRecord
100
AcDbLayerTableRecord
2
KBL_ENERJI_2X25
62
7
70
0
6
CONTINUOUS
390
1
0
LAYER
5
10F51
330
116CE
100
AcDbSymbolTableRecord
100
AcDbLayerTableRecord
2
KBL_FIBER_OPTIK
62
7
70
0
6
CONTINUOUS
390
1
0
LAYER
5
110B2
330
116CE
100
AcDbSymbolTableRecord
100
AcDbLayerTableRecord
2
KBL_FEEDER_1_2
62
7
70
0
6
CONTINUOUS
390
1
0
ENDTAB
0
TABLE
2
VPORT
5
10AC8
330
0
100
AcDbSymbolTable
70
1
0
VPORT
5
10ACE
330
10AC8
100
AcDbSymbolTableRecord
100
AcDbViewportTableRecord
2
*ACTIVE
40
1000
70
0
0
ENDTAB
0
TABLE
2
STYLE
5
10AC9
330
0
100
AcDbSymbolTable
70
3
0
STYLE
5
10ACF
330
10AC9
100
AcDbSymbolTableRecord
100
AcDbTextStyleTableRecord
2
standard
70
0
40
0
41
1
50
0
71
0
42
1
3
calibrib.ttf
4

1001
ACAD
1000
Calibri
1071
33554466
0
STYLE
5
10AD0
330
10AC9
100
AcDbSymbolTableRecord
100
AcDbTextStyleTableRecord
2
STANDARD
70
0
40
0
41
1
50
0
71
0
42
1
3
calibrib.ttf
4

1001
ACAD
1000
Calibri
1071
33554466
0
STYLE
5
10AD1
330
10AC9
100
AcDbSymbolTableRecord
100
AcDbTextStyleTableRecord
2
CALIBRI_BOLD
70
0
40
0
41
1
50
0
71
0
42
1
3
calibrib.ttf
4

1001
ACAD
1000
Calibri
1071
33554466
0
ENDTAB
0
TABLE
2
VIEW
5
10ACA
330
0
100
AcDbSymbolTable
70
0
0
ENDTAB
0
TABLE
2
UCS
5
10ACB
330
0
100
AcDbSymbolTable
70
0
0
ENDTAB
0
TABLE
2
APPID
5
10ACC
330
0
100
AcDbSymbolTable
70
1
0
APPID
5
10AD2
330
10ACC
100
AcDbSymbolTableRecord
100
AcDbRegAppTableRecord
2
ACAD
70
0
0
ENDTAB
0
TABLE
2
DIMSTYLE
5
10ACD
330
0
100
AcDbSymbolTable
100
AcDbDimStyleTable
70
0
71
1
0
ENDTAB
0
TABLE
2
BLOCK_RECORD
5
116CA
330
0
100
AcDbSymbolTable
70
2
0
BLOCK_RECORD
5
116CB
330
116CA
100
AcDbSymbolTableRecord
100
AcDbBlockTableRecord
2
*Model_Space
70
0
280
0
281
1
0
BLOCK_RECORD
5
116CC
330
116CA
100
AcDbSymbolTableRecord
100
AcDbBlockTableRecord
2
*Paper_Space
70
0
280
0
281
1
0
ENDTAB
0
ENDSEC
0
SECTION
2
BLOCKS
0
BLOCK
5
10AD3
330
0
100
AcDbEntity
100
AcDbBlockBegin
2
*Model_Space
70
0
10
0
20
0
30
0
3
*Model_Space
1

0
ENDBLK
5
10AD4
330
0
100
AcDbEntity
100
AcDbBlockEnd
0
BLOCK
5
10AD5
330
0
100
AcDbEntity
100
AcDbBlockBegin
2
*Paper_Space
70
0
10
0
20
0
30
0
3
*Paper_Space
1

0
ENDBLK
5
10AD6
330
0
100
AcDbEntity
100
AcDbBlockEnd
0
ENDSEC
0
SECTION
2
ENTITIES
0
LINE
5
10CAA
330
10AD3
100
AcDbEntity
100
AcDbLine
8
OLCULER
10
-1
20
4.46
30
0
11
-1
21
4.535
31
0
0
LINE
5
10CAB
330
10AD3
100
AcDbEntity
100
AcDbLine
8
OLCULER
10
1
20
4.46
30
0
11
1
21
4.535
31
0
0
LINE
5
10CAC
330
10AD3
100
AcDbEntity
100
AcDbLine
8
OLCULER
10
-1
20
4.495
30
0
11
1
21
4.495
31
0
0
LINE
5
10CAD
330
10AD3
100
AcDbEntity
100
AcDbLine
8
OLCULER
10
-1.028
20
4.4670000000000005
30
0
11
-0.972
21
4.523
31
0
0
LINE
5
10CAE
330
10AD3
100
AcDbEntity
100
AcDbLine
8
OLCULER
10
0.972
20
4.4670000000000005
30
0
11
1.028
21
4.523
31
0
0
TEXT
5
10CAF
330
10AD3
100
AcDbEntity
100
AcDbText
8
OLCULER
10
0
20
4.519
30
0
40
0.06
1
2000 mm (STANDART TAVA BOYU)
50
0
7
STANDARD
72
1
11
0
21
4.519
31
0
100
AcDbText
73
2
0
LINE
5
10CB0
330
10AD3
100
AcDbEntity
100
AcDbLine
8
OLCULER
10
-1.04
20
3.9000000000000004
30
0
11
-1.115
21
3.9000000000000004
31
0
0
LINE
5
10CB1
330
10AD3
100
AcDbEntity
100
AcDbLine
8
OLCULER
10
-1.04
20
4.4
30
0
11
-1.115
21
4.4
31
0
0
LINE
5
10CB2
330
10AD3
100
AcDbEntity
100
AcDbLine
8
OLCULER
10
-1.075
20
3.9000000000000004
30
0
11
-1.075
21
4.4
31
0
0
LINE
5
10CB3
330
10AD3
100
AcDbEntity
100
AcDbLine
8
OLCULER
10
-1.103
20
3.8720000000000003
30
0
11
-1.047
21
3.9280000000000004
31
0
0
LINE
5
10CB4
330
10AD3
100
AcDbEntity
100
AcDbLine
8
OLCULER
10
-1.103
20
4.372000000000001
30
0
11
-1.047
21
4.428
31
0
0
TEXT
5
10CB5
330
10AD3
100
AcDbEntity
100
AcDbText
8
OLCULER
10
-1.117
20
4.15
30
0
40
0.06
1
500 mm (IC GENISLIK)
50
90
7
STANDARD
72
1
11
-1.117
21
4.15
31
0
100
AcDbText
73
2
0
LINE
5
10CB6
330
10AD3
100
AcDbEntity
100
AcDbLine
8
OLCULER
10
-1.09
20
3.8850000000000002
30
0
11
-1.165
21
3.8850000000000002
31
0
0
LINE
5
10CB7
330
10AD3
100
AcDbEntity
100
AcDbLine
8
OLCULER
10
-1.09
20
4.415
30
0
11
-1.165
21
4.415
31
0
0
LINE
5
10CB8
330
10AD3
100
AcDbEntity
100
AcDbLine
8
OLCULER
10
-1.125
20
3.8850000000000002
30
0
11
-1.125
21
4.415
31
0
0
LINE
5
10CB9
330
10AD3
100
AcDbEntity
100
AcDbLine
8
OLCULER
10
-1.153
20
3.857
30
0
11
-1.097
21
3.9130000000000003
31
0
0
LINE
5
10CBA
330
10AD3
100
AcDbEntity
100
AcDbLine
8
OLCULER
10
-1.153
20
4.3870000000000005
30
0
11
-1.097
21
4.443
31
0
0
TEXT
5
10CBB
330
10AD3
100
AcDbEntity
100
AcDbText
8
OLCULER
10
-1.167
20
4.15
30
0
40
0.06
1
530 mm (DIS GENISLIK)
50
90
7
STANDARD
72
1
11
-1.167
21
4.15
31
0
100
AcDbText
73
2
0
LINE
5
10CBC
330
10AD3
100
AcDbEntity
100
AcDbLine
8
OLCULER
10
-1
20
3.8400000000000003
30
0
11
-1
21
3.7700000000000005
31
0
0
LINE
5
10CBD
330
10AD3
100
AcDbEntity
100
AcDbLine
8
OLCULER
10
0.35000000000000003
20
3.8400000000000003
30
0
11
0.35000000000000003
21
3.7700000000000005
31
0
0
LINE
5
10CBE
330
10AD3
100
AcDbEntity
100
AcDbLine
8
OLCULER
10
-1
20
3.8100000000000005
30
0
11
0.35000000000000003
21
3.8100000000000005
31
0
0
LINE
5
10CBF
330
10AD3
100
AcDbEntity
100
AcDbLine
8
OLCULER
10
-1.028
20
3.7820000000000005
30
0
11
-0.972
21
3.8380000000000005
31
0
0
LINE
5
10CC0
330
10AD3
100
AcDbEntity
100
AcDbLine
8
OLCULER
10
0.32200000000000006
20
3.7820000000000005
30
0
11
0.378
21
3.8380000000000005
31
0
0
TEXT
5
10CC1
330
10AD3
100
AcDbEntity
100
AcDbText
8
OLCULER
10
-0.32499999999999996
20
3.7260000000000004
30
0
40
0.06
1
1350 mm
50
0
7
STANDARD
72
1
11
-0.32499999999999996
21
3.7260000000000004
31
0
100
AcDbText
73
2
0
LINE
5
10CC2
330
10AD3
100
AcDbEntity
100
AcDbLine
8
OLCULER
10
0.35000000000000003
20
3.8400000000000003
30
0
11
0.35000000000000003
21
3.7700000000000005
31
0
0
LINE
5
10CC3
330
10AD3
100
AcDbEntity
100
AcDbLine
8
OLCULER
10
1
20
3.8400000000000003
30
0
11
1
21
3.7700000000000005
31
0
0
LINE
5
10CC4
330
10AD3
100
AcDbEntity
100
AcDbLine
8
OLCULER
10
0.35000000000000003
20
3.8100000000000005
30
0
11
1
21
3.8100000000000005
31
0
0
LINE
5
10CC5
330
10AD3
100
AcDbEntity
100
AcDbLine
8
OLCULER
10
0.32200000000000006
20
3.7820000000000005
30
0
11
0.378
21
3.8380000000000005
31
0
0
LINE
5
10CC6
330
10AD3
100
AcDbEntity
100
AcDbLine
8
OLCULER
10
0.972
20
3.7820000000000005
30
0
11
1.028
21
3.8380000000000005
31
0
0
TEXT
5
10CC7
330
10AD3
100
AcDbEntity
100
AcDbText
8
OLCULER
10
0.675
20
3.7260000000000004
30
0
40
0.06
1
650 mm
50
0
7
STANDARD
72
1
11
0.675
21
3.7260000000000004
31
0
100
AcDbText
73
2
0
LINE
5
10D31
330
10AD3
100
AcDbEntity
100
AcDbLine
8
OLCULER
10
-1.04
20
3.35
30
0
11
-1.11
21
3.35
31
0
0
LINE
5
10D32
330
10AD3
100
AcDbEntity
100
AcDbLine
8
OLCULER
10
-1.04
20
3.45
30
0
11
-1.11
21
3.45
31
0
0
LINE
5
10D33
330
10AD3
100
AcDbEntity
100
AcDbLine
8
OLCULER
10
-1.07
20
3.35
30
0
11
-1.07
21
3.45
31
0
0
LINE
5
10D34
330
10AD3
100
AcDbEntity
100
AcDbLine
8
OLCULER
10
-1.098
20
3.322
30
0
11
-1.042
21
3.378
31
0
0
LINE
5
10D35
330
10AD3
100
AcDbEntity
100
AcDbLine
8
OLCULER
10
-1.098
20
3.422
30
0
11
-1.042
21
3.478
31
0
0
TEXT
5
10D36
330
10AD3
100
AcDbEntity
100
AcDbText
8
OLCULER
10
-1.112
20
3.4000000000000004
30
0
40
0.06
1
100 mm (YAN YUKSEKLIK)
50
90
7
STANDARD
72
1
11
-1.112
21
3.4000000000000004
31
0
100
AcDbText
73
2
0
LINE
5
10D37
330
10AD3
100
AcDbEntity
100
AcDbLine
8
OLCULER
10
-1
20
3.4850000000000003
30
0
11
-1
21
3.5500000000000003
31
0
0
LINE
5
10D38
330
10AD3
100
AcDbEntity
100
AcDbLine
8
OLCULER
10
1
20
3.4850000000000003
30
0
11
1
21
3.5500000000000003
31
0
0
LINE
5
10D39
330
10AD3
100
AcDbEntity
100
AcDbLine
8
OLCULER
10
-1
20
3.5100000000000002
30
0
11
1
21
3.5100000000000002
31
0
0
LINE
5
10D3A
330
10AD3
100
AcDbEntity
100
AcDbLine
8
OLCULER
10
-1.028
20
3.482
30
0
11
-0.972
21
3.5380000000000003
31
0
0
LINE
5
10D3B
330
10AD3
100
AcDbEntity
100
AcDbLine
8
OLCULER
10
0.972
20
3.482
30
0
11
1.028
21
3.5380000000000003
31
0
0
TEXT
5
10D3C
330
10AD3
100
AcDbEntity
100
AcDbText
8
OLCULER
10
0
20
3.5340000000000003
30
0
40
0.06
1
2000 mm (BOYUNA ACIKLIK)
50
0
7
STANDARD
72
1
11
0
21
3.5340000000000003
31
0
100
AcDbText
73
2
0
LINE
5
10D3D
330
10AD3
100
AcDbEntity
100
AcDbLine
8
OLCULER
10
-0.6
20
3.27
30
0
11
-0.6
21
3.205
31
0
0
LINE
5
10D3E
330
10AD3
100
AcDbEntity
100
AcDbLine
8
OLCULER
10
0.6
20
3.27
30
0
11
0.6
21
3.205
31
0
0
LINE
5
10D3F
330
10AD3
100
AcDbEntity
100
AcDbLine
8
OLCULER
10
-0.6
20
3.245
30
0
11
0.6
21
3.245
31
0
0
LINE
5
10D40
330
10AD3
100
AcDbEntity
100
AcDbLine
8
OLCULER
10
-0.628
20
3.217
30
0
11
-0.572
21
3.273
31
0
0
LINE
5
10D41
330
10AD3
100
AcDbEntity
100
AcDbLine
8
OLCULER
10
0.572
20
3.217
30
0
11
0.628
21
3.273
31
0
0
TEXT
5
10D42
330
10AD3
100
AcDbEntity
100
AcDbText
8
OLCULER
10
0
20
3.161
30
0
40
0.06
1
1200 mm (MAKSIMUM KONSOL MESAFESI)
50
0
7
STANDARD
72
1
11
0
21
3.161
31
0
100
AcDbText
73
2
0
LINE
5
10DDD
330
10AD3
100
AcDbEntity
100
AcDbLine
8
OLCULER
10
-0.8
20
1.895
30
0
11
-0.8
21
1.96
31
0
0
LINE
5
10DDE
330
10AD3
100
AcDbEntity
100
AcDbLine
8
OLCULER
10
-0.30000000000000004
20
1.895
30
0
11
-0.30000000000000004
21
1.96
31
0
0
LINE
5
10DDF
330
10AD3
100
AcDbEntity
100
AcDbLine
8
OLCULER
10
-0.8
20
1.92
30
0
11
-0.30000000000000004
21
1.92
31
0
0
LINE
5
10DE0
330
10AD3
100
AcDbEntity
100
AcDbLine
8
OLCULER
10
-0.8280000000000001
20
1.892
30
0
11
-0.772
21
1.948
31
0
0
LINE
5
10DE1
330
10AD3
100
AcDbEntity
100
AcDbLine
8
OLCULER
10
-0.32800000000000007
20
1.892
30
0
11
-0.272
21
1.948
31
0
0
TEXT
5
10DE2
330
10AD3
100
AcDbEntity
100
AcDbText
8
OLCULER
10
-0.55
20
1.944
30
0
40
0.06
1
500 mm (IC GENISLIK)
50
0
7
STANDARD
72
1
11
-0.55
21
1.944
31
0
100
AcDbText
73
2
0
LINE
5
10DE3
330
10AD3
100
AcDbEntity
100
AcDbLine
8
OLCULER
10
-0.8300000000000001
20
1.75
30
0
11
-0.8950000000000001
21
1.75
31
0
0
LINE
5
10DE4
330
10AD3
100
AcDbEntity
100
AcDbLine
8
OLCULER
10
-0.8300000000000001
20
1.87
30
0
11
-0.8950000000000001
21
1.87
31
0
0
LINE
5
10DE5
330
10AD3
100
AcDbEntity
100
AcDbLine
8
OLCULER
10
-0.8550000000000001
20
1.75
30
0
11
-0.8550000000000001
21
1.87
31
0
0
LINE
5
10DE6
330
10AD3
100
AcDbEntity
100
AcDbLine
8
OLCULER
10
-0.8830000000000001
20
1.722
30
0
11
-0.8270000000000001
21
1.778
31
0
0
LINE
5
10DE7
330
10AD3
100
AcDbEntity
100
AcDbLine
8
OLCULER
10
-0.8830000000000001
20
1.842
30
0
11
-0.8270000000000001
21
1.8980000000000001
31
0
0
TEXT
5
10DE8
330
10AD3
100
AcDbEntity
100
AcDbText
8
OLCULER
10
-0.8970000000000001
20
1.81
30
0
40
0.06
1
120 mm
50
90
7
STANDARD
72
1
11
-0.8970000000000001
21
1.81
31
0
100
AcDbText
73
2
0
LINE
5
10F8E
330
10AD3
100
AcDbEntity
100
AcDbLine
8
OLCULER
10
-0.8
20
1.395
30
0
11
-0.8
21
1.46
31
0
0
LINE
5
10F8F
330
10AD3
100
AcDbEntity
100
AcDbLine
8
OLCULER
10
-0.30000000000000004
20
1.395
30
0
11
-0.30000000000000004
21
1.46
31
0
0
LINE
5
10F90
330
10AD3
100
AcDbEntity
100
AcDbLine
8
OLCULER
10
-0.8
20
1.42
30
0
11
-0.30000000000000004
21
1.42
31
0
0
LINE
5
10F91
330
10AD3
100
AcDbEntity
100
AcDbLine
8
OLCULER
10
-0.8280000000000001
20
1.392
30
0
11
-0.772
21
1.448
31
0
0
LINE
5
10F92
330
10AD3
100
AcDbEntity
100
AcDbLine
8
OLCULER
10
-0.32800000000000007
20
1.392
30
0
11
-0.272
21
1.448
31
0
0
TEXT
5
10F93
330
10AD3
100
AcDbEntity
100
AcDbText
8
OLCULER
10
-0.55
20
1.444
30
0
40
0.06
1
500 mm (IC GENISLIK)
50
0
7
STANDARD
72
1
11
-0.55
21
1.444
31
0
100
AcDbText
73
2
0
LINE
5
10F94
330
10AD3
100
AcDbEntity
100
AcDbLine
8
OLCULER
10
-0.8300000000000001
20
1.25
30
0
11
-0.8950000000000001
21
1.25
31
0
0
LINE
5
10F95
330
10AD3
100
AcDbEntity
100
AcDbLine
8
OLCULER
10
-0.8300000000000001
20
1.37
30
0
11
-0.8950000000000001
21
1.37
31
0
0
LINE
5
10F96
330
10AD3
100
AcDbEntity
100
AcDbLine
8
OLCULER
10
-0.8550000000000001
20
1.25
30
0
11
-0.8550000000000001
21
1.37
31
0
0
LINE
5
10F97
330
10AD3
100
AcDbEntity
100
AcDbLine
8
OLCULER
10
-0.8830000000000001
20
1.222
30
0
11
-0.8270000000000001
21
1.278
31
0
0
LINE
5
10F98
330
10AD3
100
AcDbEntity
100
AcDbLine
8
OLCULER
10
-0.8830000000000001
20
1.342
30
0
11
-0.8270000000000001
21
1.3980000000000001
31
0
0
TEXT
5
10F99
330
10AD3
100
AcDbEntity
100
AcDbText
8
OLCULER
10
-0.8970000000000001
20
1.31
30
0
40
0.06
1
120 mm
50
90
7
STANDARD
72
1
11
-0.8970000000000001
21
1.31
31
0
100
AcDbText
73
2
0
LINE
5
11120
330
10AD3
100
AcDbEntity
100
AcDbLine
8
OLCULER
10
-0.8
20
0.875
30
0
11
-0.8
21
0.9400000000000001
31
0
0
LINE
5
11121
330
10AD3
100
AcDbEntity
100
AcDbLine
8
OLCULER
10
-0.30000000000000004
20
0.875
30
0
11
-0.30000000000000004
21
0.9400000000000001
31
0
0
LINE
5
11122
330
10AD3
100
AcDbEntity
100
AcDbLine
8
OLCULER
10
-0.8
20
0.9
30
0
11
-0.30000000000000004
21
0.9
31
0
0
LINE
5
11123
330
10AD3
100
AcDbEntity
100
AcDbLine
8
OLCULER
10
-0.8280000000000001
20
0.872
30
0
11
-0.772
21
0.928
31
0
0
LINE
5
11124
330
10AD3
100
AcDbEntity
100
AcDbLine
8
OLCULER
10
-0.32800000000000007
20
0.872
30
0
11
-0.272
21
0.928
31
0
0
TEXT
5
11125
330
10AD3
100
AcDbEntity
100
AcDbText
8
OLCULER
10
-0.55
20
0.924
30
0
40
0.06
1
500 mm (IC GENISLIK)
50
0
7
STANDARD
72
1
11
-0.55
21
0.924
31
0
100
AcDbText
73
2
0
LINE
5
11126
330
10AD3
100
AcDbEntity
100
AcDbLine
8
OLCULER
10
-0.8300000000000001
20
0.75
30
0
11
-0.8950000000000001
21
0.75
31
0
0
LINE
5
11127
330
10AD3
100
AcDbEntity
100
AcDbLine
8
OLCULER
10
-0.8300000000000001
20
0.85
30
0
11
-0.8950000000000001
21
0.85
31
0
0
LINE
5
11128
330
10AD3
100
AcDbEntity
100
AcDbLine
8
OLCULER
10
-0.8550000000000001
20
0.75
30
0
11
-0.8550000000000001
21
0.85
31
0
0
LINE
5
11129
330
10AD3
100
AcDbEntity
100
AcDbLine
8
OLCULER
10
-0.8830000000000001
20
0.722
30
0
11
-0.8270000000000001
21
0.778
31
0
0
LINE
5
1112A
330
10AD3
100
AcDbEntity
100
AcDbLine
8
OLCULER
10
-0.8830000000000001
20
0.822
30
0
11
-0.8270000000000001
21
0.878
31
0
0
TEXT
5
1112B
330
10AD3
100
AcDbEntity
100
AcDbText
8
OLCULER
10
-0.8970000000000001
20
0.8
30
0
40
0.06
1
100 mm
50
90
7
STANDARD
72
1
11
-0.8970000000000001
21
0.8
31
0
100
AcDbText
73
2
0
LINE
5
11371
330
10AD3
100
AcDbEntity
100
AcDbLine
8
OLCULER
10
-0.8
20
0.395
30
0
11
-0.8
21
0.46
31
0
0
LINE
5
11372
330
10AD3
100
AcDbEntity
100
AcDbLine
8
OLCULER
10
-0.30000000000000004
20
0.395
30
0
11
-0.30000000000000004
21
0.46
31
0
0
LINE
5
11373
330
10AD3
100
AcDbEntity
100
AcDbLine
8
OLCULER
10
-0.8
20
0.42000000000000004
30
0
11
-0.30000000000000004
21
0.42000000000000004
31
0
0
LINE
5
11374
330
10AD3
100
AcDbEntity
100
AcDbLine
8
OLCULER
10
-0.8280000000000001
20
0.392
30
0
11
-0.772
21
0.44800000000000006
31
0
0
LINE
5
11375
330
10AD3
100
AcDbEntity
100
AcDbLine
8
OLCULER
10
-0.32800000000000007
20
0.392
30
0
11
-0.272
21
0.44800000000000006
31
0
0
TEXT
5
11376
330
10AD3
100
AcDbEntity
100
AcDbText
8
OLCULER
10
-0.55
20
0.44400000000000006
30
0
40
0.06
1
500 mm (IC GENISLIK)
50
0
7
STANDARD
72
1
11
-0.55
21
0.44400000000000006
31
0
100
AcDbText
73
2
0
LINE
5
11377
330
10AD3
100
AcDbEntity
100
AcDbLine
8
OLCULER
10
-0.8300000000000001
20
0.25
30
0
11
-0.8950000000000001
21
0.25
31
0
0
LINE
5
11378
330
10AD3
100
AcDbEntity
100
AcDbLine
8
OLCULER
10
-0.8300000000000001
20
0.37
30
0
11
-0.8950000000000001
21
0.37
31
0
0
LINE
5
11379
330
10AD3
100
AcDbEntity
100
AcDbLine
8
OLCULER
10
-0.8550000000000001
20
0.25
30
0
11
-0.8550000000000001
21
0.37
31
0
0
LINE
5
1137A
330
10AD3
100
AcDbEntity
100
AcDbLine
8
OLCULER
10
-0.8830000000000001
20
0.222
30
0
11
-0.8270000000000001
21
0.278
31
0
0
LINE
5
1137B
330
10AD3
100
AcDbEntity
100
AcDbLine
8
OLCULER
10
-0.8830000000000001
20
0.34199999999999997
30
0
11
-0.8270000000000001
21
0.398
31
0
0
TEXT
5
1137C
330
10AD3
100
AcDbEntity
100
AcDbText
8
OLCULER
10
-0.8970000000000001
20
0.31
30
0
40
0.06
1
120 mm
50
90
7
STANDARD
72
1
11
-0.8970000000000001
21
0.31
31
0
100
AcDbText
73
2
0
LINE
5
114B7
330
10AD3
100
AcDbEntity
100
AcDbLine
8
OLCULER
10
0.30000000000000004
20
1.875
30
0
11
0.30000000000000004
21
1.94
31
0
0
LINE
5
114B8
330
10AD3
100
AcDbEntity
100
AcDbLine
8
OLCULER
10
0.8
20
1.875
30
0
11
0.8
21
1.94
31
0
0
LINE
5
114B9
330
10AD3
100
AcDbEntity
100
AcDbLine
8
OLCULER
10
0.30000000000000004
20
1.9
30
0
11
0.8
21
1.9
31
0
0
LINE
5
114BA
330
10AD3
100
AcDbEntity
100
AcDbLine
8
OLCULER
10
0.272
20
1.8719999999999999
30
0
11
0.32800000000000007
21
1.928
31
0
0
LINE
5
114BB
330
10AD3
100
AcDbEntity
100
AcDbLine
8
OLCULER
10
0.772
20
1.8719999999999999
30
0
11
0.8280000000000001
21
1.928
31
0
0
TEXT
5
114BC
330
10AD3
100
AcDbEntity
100
AcDbText
8
OLCULER
10
0.55
20
1.924
30
0
40
0.06
1
500 mm (IC GENISLIK)
50
0
7
STANDARD
72
1
11
0.55
21
1.924
31
0
100
AcDbText
73
2
0
LINE
5
114BD
330
10AD3
100
AcDbEntity
100
AcDbLine
8
OLCULER
10
0.27
20
1.75
30
0
11
0.20500000000000002
21
1.75
31
0
0
LINE
5
114BE
330
10AD3
100
AcDbEntity
100
AcDbLine
8
OLCULER
10
0.27
20
1.85
30
0
11
0.20500000000000002
21
1.85
31
0
0
LINE
5
114BF
330
10AD3
100
AcDbEntity
100
AcDbLine
8
OLCULER
10
0.24500000000000002
20
1.75
30
0
11
0.24500000000000002
21
1.85
31
0
0
LINE
5
114C0
330
10AD3
100
AcDbEntity
100
AcDbLine
8
OLCULER
10
0.21700000000000003
20
1.722
30
0
11
0.273
21
1.778
31
0
0
LINE
5
114C1
330
10AD3
100
AcDbEntity
100
AcDbLine
8
OLCULER
10
0.21700000000000003
20
1.822
30
0
11
0.273
21
1.8780000000000001
31
0
0
TEXT
5
114C2
330
10AD3
100
AcDbEntity
100
AcDbText
8
OLCULER
10
0.203
20
1.8
30
0
40
0.06
1
100 mm
50
90
7
STANDARD
72
1
11
0.203
21
1.8
31
0
100
AcDbText
73
2
0
LINE
5
11575
330
10AD3
100
AcDbEntity
100
AcDbLine
8
OLCULER
10
0.30000000000000004
20
1.375
30
0
11
0.30000000000000004
21
1.44
31
0
0
LINE
5
11576
330
10AD3
100
AcDbEntity
100
AcDbLine
8
OLCULER
10
0.8
20
1.375
30
0
11
0.8
21
1.44
31
0
0
LINE
5
11577
330
10AD3
100
AcDbEntity
100
AcDbLine
8
OLCULER
10
0.30000000000000004
20
1.4
30
0
11
0.8
21
1.4
31
0
0
LINE
5
11578
330
10AD3
100
AcDbEntity
100
AcDbLine
8
OLCULER
10
0.272
20
1.3719999999999999
30
0
11
0.32800000000000007
21
1.428
31
0
0
LINE
5
11579
330
10AD3
100
AcDbEntity
100
AcDbLine
8
OLCULER
10
0.772
20
1.3719999999999999
30
0
11
0.8280000000000001
21
1.428
31
0
0
TEXT
5
1157A
330
10AD3
100
AcDbEntity
100
AcDbText
8
OLCULER
10
0.55
20
1.424
30
0
40
0.06
1
500 mm (IC GENISLIK)
50
0
7
STANDARD
72
1
11
0.55
21
1.424
31
0
100
AcDbText
73
2
0
LINE
5
1157B
330
10AD3
100
AcDbEntity
100
AcDbLine
8
OLCULER
10
0.27
20
1.25
30
0
11
0.20500000000000002
21
1.25
31
0
0
LINE
5
1157C
330
10AD3
100
AcDbEntity
100
AcDbLine
8
OLCULER
10
0.27
20
1.35
30
0
11
0.20500000000000002
21
1.35
31
0
0
LINE
5
1157D
330
10AD3
100
AcDbEntity
100
AcDbLine
8
OLCULER
10
0.24500000000000002
20
1.25
30
0
11
0.24500000000000002
21
1.35
31
0
0
LINE
5
1157E
330
10AD3
100
AcDbEntity
100
AcDbLine
8
OLCULER
10
0.21700000000000003
20
1.222
30
0
11
0.273
21
1.278
31
0
0
LINE
5
1157F
330
10AD3
100
AcDbEntity
100
AcDbLine
8
OLCULER
10
0.21700000000000003
20
1.322
30
0
11
0.273
21
1.3780000000000001
31
0
0
TEXT
5
11580
330
10AD3
100
AcDbEntity
100
AcDbText
8
OLCULER
10
0.203
20
1.3
30
0
40
0.06
1
100 mm
50
90
7
STANDARD
72
1
11
0.203
21
1.3
31
0
100
AcDbText
73
2
0
LINE
5
1160A
330
10AD3
100
AcDbEntity
100
AcDbLine
8
OLCULER
10
0.30000000000000004
20
0.875
30
0
11
0.30000000000000004
21
0.9400000000000001
31
0
0
LINE
5
1160B
330
10AD3
100
AcDbEntity
100
AcDbLine
8
OLCULER
10
0.8
20
0.875
30
0
11
0.8
21
0.9400000000000001
31
0
0
LINE
5
1160C
330
10AD3
100
AcDbEntity
100
AcDbLine
8
OLCULER
10
0.30000000000000004
20
0.9
30
0
11
0.8
21
0.9
31
0
0
LINE
5
1160D
330
10AD3
100
AcDbEntity
100
AcDbLine
8
OLCULER
10
0.272
20
0.872
30
0
11
0.32800000000000007
21
0.928
31
0
0
LINE
5
1160E
330
10AD3
100
AcDbEntity
100
AcDbLine
8
OLCULER
10
0.772
20
0.872
30
0
11
0.8280000000000001
21
0.928
31
0
0
TEXT
5
1160F
330
10AD3
100
AcDbEntity
100
AcDbText
8
OLCULER
10
0.55
20
0.924
30
0
40
0.06
1
500 mm (IC GENISLIK)
50
0
7
STANDARD
72
1
11
0.55
21
0.924
31
0
100
AcDbText
73
2
0
LINE
5
11610
330
10AD3
100
AcDbEntity
100
AcDbLine
8
OLCULER
10
0.27
20
0.75
30
0
11
0.20500000000000002
21
0.75
31
0
0
LINE
5
11611
330
10AD3
100
AcDbEntity
100
AcDbLine
8
OLCULER
10
0.27
20
0.85
30
0
11
0.20500000000000002
21
0.85
31
0
0
LINE
5
11612
330
10AD3
100
AcDbEntity
100
AcDbLine
8
OLCULER
10
0.24500000000000002
20
0.75
30
0
11
0.24500000000000002
21
0.85
31
0
0
LINE
5
11613
330
10AD3
100
AcDbEntity
100
AcDbLine
8
OLCULER
10
0.21700000000000003
20
0.722
30
0
11
0.273
21
0.778
31
0
0
LINE
5
11614
330
10AD3
100
AcDbEntity
100
AcDbLine
8
OLCULER
10
0.21700000000000003
20
0.822
30
0
11
0.273
21
0.878
31
0
0
TEXT
5
11615
330
10AD3
100
AcDbEntity
100
AcDbText
8
OLCULER
10
0.203
20
0.8
30
0
40
0.06
1
100 mm
50
90
7
STANDARD
72
1
11
0.203
21
0.8
31
0
100
AcDbText
73
2
0
LWPOLYLINE
5
10AEC
330
10AD3
100
AcDbEntity
100
AcDbPolyline
8
METIN_BILGI
6
ByLayer
62
256
370
-1
90
4
70
1
10
-1.1500000000000001
20
4.7
10
-1.1500000000000001
20
4.8
10
1.1500000000000001
20
4.8
10
1.1500000000000001
20
4.7
0
TEXT
5
10AED
330
10AD3
100
AcDbEntity
100
AcDbText
8
METIN_BILGI
10
0
20
4.745
30
0
40
0.034
1
BOLUM 1: 500 MM AGIR HIZMET DELIKLI KABLO TAVASI IMALAT VE MONTAJ DETAY CIZIMLERI
50
0
7
STANDARD
72
1
11
0
21
4.745
31
0
100
AcDbText
73
0
0
TEXT
5
10CA9
330
10AD3
100
AcDbEntity
100
AcDbText
8
METIN_BILGI
10
0.35000000000000003
20
4.392
30
0
40
0.014
1
TOPRAKLAMA KOPRUSU (16 mm2 BAKIR FLEX ILETKEN)
50
0
7
STANDARD
72
1
11
0.35000000000000003
21
4.392
31
0
100
AcDbText
73
0
0
TEXT
5
10CC8
330
10AD3
100
AcDbEntity
100
AcDbText
8
METIN_BILGI
10
0
20
4.53
30
0
40
0.024
1
GORUNUS 1: 500 MM AGIR HIZMET DELIKLI KABLO TAVASI (USTTEN PLAN GORUNUSU)
50
0
7
STANDARD
72
1
11
0
21
4.53
31
0
100
AcDbText
73
0
0
TEXT
5
10CC9
330
10AD3
100
AcDbEntity
100
AcDbText
8
METIN_BILGI
10
0
20
3.79
30
0
40
0.016
1
TS EN 61537 Standardinda 2.0 mm Sicak Daldirma Galvaniz Sac - Drenaj/Havalandirma Perfore Delikli
50
0
7
STANDARD
72
1
11
0
21
3.79
31
0
100
AcDbText
73
0
0
TEXT
5
10D43
330
10AD3
100
AcDbEntity
100
AcDbText
8
METIN_BILGI
10
0
20
3.535
30
0
40
0.024
1
GORUNUS 2: 500 MM KABLO TAVASI BOYUNA YAN GORUNUSU (ELEVATION)
50
0
7
STANDARD
72
1
11
0
21
3.535
31
0
100
AcDbText
73
0
0
TEXT
5
10D44
330
10AD3
100
AcDbEntity
100
AcDbText
8
METIN_BILGI
10
0
20
3.2
30
0
40
0.016
1
H=100mm Kenar Yuksekligi, Yan Havalandirma Slotlari ve C-Profil Tasiyici Konsol Araliklari
50
0
7
STANDARD
72
1
11
0
21
3.2
31
0
100
AcDbText
73
0
0
TEXT
5
10D8B
330
10AD3
100
AcDbEntity
100
AcDbText
8
METIN_BILGI
10
-0.6
20
2.88
30
0
40
0.02
1
GORUNUS 3: 500 MM KABLO TAVASI 3D IZOMETRIK MONTAJ GORUNUMU
50
0
7
STANDARD
72
1
11
-0.6
21
2.88
31
0
100
AcDbText
73
0
0
TEXT
5
10D8C
330
10AD3
100
AcDbEntity
100
AcDbText
8
METIN_BILGI
10
-0.6
20
2.2800000000000002
30
0
40
0.014
1
U-Sac Govde, 15mm Emniyet Flans Dudaklari ve Alttan C-Profil Konsol Oturusu
50
0
7
STANDARD
72
1
11
-0.6
21
2.2800000000000002
31
0
100
AcDbText
73
0
0
LWPOLYLINE
5
10D8D
330
10AD3
100
AcDbEntity
100
AcDbPolyline
8
METIN_BILGI
6
ByLayer
62
256
370
-1
90
4
70
1
10
-0.16999999999999998
20
2.4
10
-0.16999999999999998
20
2.8
10
0.27
20
2.8
10
0.27
20
2.4
0
TEXT
5
10D8E
330
10AD3
100
AcDbEntity
100
AcDbText
8
METIN_BILGI
10
0.05
20
2.77
30
0
40
0.018000000000000002
1
DETAY A: C-PROFIL ASKI KONSOLU VE TIJ BAGLANTISI
50
0
7
STANDARD
72
1
11
0.05
21
2.77
31
0
100
AcDbText
73
0
0
TEXT
5
10D99
330
10AD3
100
AcDbEntity
100
AcDbText
8
METIN_BILGI
10
0.05
20
2.5
30
0
40
0.013000000000000001
1
41x41x2.5mm TS EN 10346 C-Profil
50
0
7
STANDARD
72
1
11
0.05
21
2.5
31
0
100
AcDbText
73
0
0
TEXT
5
10D9A
330
10AD3
100
AcDbEntity
100
AcDbText
8
METIN_BILGI
10
0.05
20
2.47
30
0
40
0.013000000000000001
1
M10 8.8 Galvaniz Tij Askisi + Cift Somun
50
0
7
STANDARD
72
1
11
0.05
21
2.47
31
0
100
AcDbText
73
0
0
TEXT
5
10D9B
330
10AD3
100
AcDbEntity
100
AcDbText
8
METIN_BILGI
10
0.05
20
2.44
30
0
40
0.013000000000000001
1
Tava Kilitleme Z-Cenesi (Hold-Down Clamp)
50
0
7
STANDARD
72
1
11
0.05
21
2.44
31
0
100
AcDbText
73
0
0
LWPOLYLINE
5
10D9C
330
10AD3
100
AcDbEntity
100
AcDbPolyline
8
METIN_BILGI
6
ByLayer
62
256
370
-1
90
4
70
1
10
0.38
20
2.4
10
0.38
20
2.8
10
0.8200000000000001
20
2.8
10
0.8200000000000001
20
2.4
0
TEXT
5
10D9D
330
10AD3
100
AcDbEntity
100
AcDbText
8
METIN_BILGI
10
0.6
20
2.77
30
0
40
0.018000000000000002
1
DETAY B: TAVA EKLEME VE TOPRAKLAMA KOPRUSU
50
0
7
STANDARD
72
1
11
0.6
21
2.77
31
0
100
AcDbText
73
0
0
TEXT
5
10DB4
330
10AD3
100
AcDbEntity
100
AcDbText
8
METIN_BILGI
10
0.6
20
2.52
30
0
40
0.013000000000000001
1
200x80x2.0mm Galvaniz Ek Sac Plakasi
50
0
7
STANDARD
72
1
11
0.6
21
2.52
31
0
100
AcDbText
73
0
0
TEXT
5
10DB5
330
10AD3
100
AcDbEntity
100
AcDbText
8
METIN_BILGI
10
0.6
20
2.49
30
0
40
0.013000000000000001
1
M6x16 DIN 603 Mantar Basli Civata + Flansli Somun
50
0
7
STANDARD
72
1
11
0.6
21
2.49
31
0
100
AcDbText
73
0
0
TEXT
5
10DB6
330
10AD3
100
AcDbEntity
100
AcDbText
8
METIN_BILGI
10
0.6
20
2.46
30
0
40
0.013000000000000001
1
16 mm2 Bakir Orgulu Esnek Topraklama Seridi
50
0
7
STANDARD
72
1
11
0.6
21
2.46
31
0
100
AcDbText
73
0
0
LWPOLYLINE
5
10DB7
330
10AD3
100
AcDbEntity
100
AcDbPolyline
8
METIN_BILGI
6
ByLayer
62
256
370
-1
90
4
70
1
10
-1.1500000000000001
20
2.08
10
-1.1500000000000001
20
2.17
10
1.1500000000000001
20
2.17
10
1.1500000000000001
20
2.08
0
TEXT
5
10DB8
330
10AD3
100
AcDbEntity
100
AcDbText
8
METIN_BILGI
10
0
20
2.12
30
0
40
0.032
1
BOLUM 2: 500 MM KABLO TAVASI LOKASYON BAZLI KABLO DOLULUK KESITLERI (7 FARKLI KESIT)
50
0
7
STANDARD
72
1
11
0
21
2.12
31
0
100
AcDbText
73
0
0
TEXT
5
10F6A
330
10AD3
100
AcDbEntity
100
AcDbText
8
METIN_BILGI
10
-0.64
20
1.875
30
0
40
0.018000000000000002
1
40 ADET 7/8" FEEDER (10x4 KATMAN)
50
0
7
STANDARD
72
1
11
-0.64
21
1.875
31
0
100
AcDbText
73
0
0
TEXT
5
10F6B
330
10AD3
100
AcDbEntity
100
AcDbText
8
METIN_BILGI
10
-0.41000000000000003
20
1.845
30
0
40
0.016
1
13x 2x25 mm2
50
0
7
STANDARD
72
1
11
-0.41000000000000003
21
1.845
31
0
100
AcDbText
73
0
0
TEXT
5
10F6C
330
10AD3
100
AcDbEntity
100
AcDbText
8
METIN_BILGI
10
-0.33000000000000007
20
1.78
30
0
40
0.014
1
3x FIBER
50
0
7
STANDARD
72
1
11
-0.33000000000000007
21
1.78
31
0
100
AcDbText
73
0
0
TEXT
5
10F6D
330
10AD3
100
AcDbEntity
100
AcDbText
8
METIN_BILGI
10
-0.55
20
1.68
30
0
40
0.026000000000000002
1
KESIT 1: ALAN 1 & 3 - ANA BESLEME VE OMURGA HATTI
50
0
7
STANDARD
72
1
11
-0.55
21
1.68
31
0
100
AcDbText
73
0
0
TEXT
5
10F6E
330
10AD3
100
AcDbEntity
100
AcDbText
8
METIN_BILGI
10
-0.55
20
1.65
30
0
40
0.018000000000000002
1
40x 7/8" Feeder + 13x 2x25 mm2 Enerji + 3x Fiberoptik (Doluluk: %58.2)
50
0
7
STANDARD
72
1
11
-0.55
21
1.65
31
0
100
AcDbText
73
0
0
TEXT
5
110F9
330
10AD3
100
AcDbEntity
100
AcDbText
8
METIN_BILGI
10
-0.64
20
1.375
30
0
40
0.018000000000000002
1
40 ADET 7/8" FEEDER (10x4 KATMAN)
50
0
7
STANDARD
72
1
11
-0.64
21
1.375
31
0
100
AcDbText
73
0
0
TEXT
5
110FA
330
10AD3
100
AcDbEntity
100
AcDbText
8
METIN_BILGI
10
-0.395
20
1.3
30
0
40
0.016
1
10 ADET 1/2" FEEDER (5x2)
50
0
7
STANDARD
72
1
11
-0.395
21
1.3
31
0
100
AcDbText
73
0
0
TEXT
5
110FB
330
10AD3
100
AcDbEntity
100
AcDbText
8
METIN_BILGI
10
-0.55
20
1.18
30
0
40
0.026000000000000002
1
KESIT 2: ALAN 1 & 3 - FEEDER DAGITIM HATTI
50
0
7
STANDARD
72
1
11
-0.55
21
1.18
31
0
100
AcDbText
73
0
0
TEXT
5
110FC
330
10AD3
100
AcDbEntity
100
AcDbText
8
METIN_BILGI
10
-0.55
20
1.15
30
0
40
0.018000000000000002
1
40x 7/8" Feeder + 10x 1/2" Feeder Kablo Kesiti (Doluluk: %44.4)
50
0
7
STANDARD
72
1
11
-0.55
21
1.15
31
0
100
AcDbText
73
0
0
TEXT
5
1134E
330
10AD3
100
AcDbEntity
100
AcDbText
8
METIN_BILGI
10
-0.73
20
0.835
30
0
40
0.017
1
20x 1/2" (GRUP A)
50
0
7
STANDARD
72
1
11
-0.73
21
0.835
31
0
100
AcDbText
73
0
0
TEXT
5
1134F
330
10AD3
100
AcDbEntity
100
AcDbText
8
METIN_BILGI
10
-0.48000000000000004
20
0.835
30
0
40
0.017
1
58x 1/2" (GRUP B)
50
0
7
STANDARD
72
1
11
-0.48000000000000004
21
0.835
31
0
100
AcDbText
73
0
0
TEXT
5
11350
330
10AD3
100
AcDbEntity
100
AcDbText
8
METIN_BILGI
10
-0.55
20
0.6799999999999999
30
0
40
0.026000000000000002
1
KESIT 3: ALAN 1 & 3 - COKLU 1/2" FEEDER HATTI
50
0
7
STANDARD
72
1
11
-0.55
21
0.6799999999999999
31
0
100
AcDbText
73
0
0
TEXT
5
11351
330
10AD3
100
AcDbEntity
100
AcDbText
8
METIN_BILGI
10
-0.55
20
0.65
30
0
40
0.018000000000000002
1
Toplam 78 Adet 1/2" Feeder (20 Adet + 58 Adet Ayrik Deste, Doluluk: %31.4)
50
0
7
STANDARD
72
1
11
-0.55
21
0.65
31
0
100
AcDbText
73
0
0
TEXT
5
11495
330
10AD3
100
AcDbEntity
100
AcDbText
8
METIN_BILGI
10
-0.55
20
0.375
30
0
40
0.02
1
40 ADET 7/8" FEEDER KABLO (10 SUTUN x 4 KATMAN DUZENI)
50
0
7
STANDARD
72
1
11
-0.55
21
0.375
31
0
100
AcDbText
73
0
0
TEXT
5
11496
330
10AD3
100
AcDbEntity
100
AcDbText
8
METIN_BILGI
10
-0.55
20
0.18
30
0
40
0.026000000000000002
1
KESIT 4: ALAN 1 & 3 - MARATON TRIBUNU ANA FEEDER HATTI
50
0
7
STANDARD
72
1
11
-0.55
21
0.18
31
0
100
AcDbText
73
0
0
TEXT
5
11497
330
10AD3
100
AcDbEntity
100
AcDbText
8
METIN_BILGI
10
-0.55
20
0.15
30
0
40
0.018000000000000002
1
40 Adet 7/8" Feeder Kablo Kesiti (Doluluk: %41.0 - %59.0 Rezerv Alan)
50
0
7
STANDARD
72
1
11
-0.55
21
0.15
31
0
100
AcDbText
73
0
0
TEXT
5
1154F
330
10AD3
100
AcDbEntity
100
AcDbText
8
METIN_BILGI
10
0.55
20
1.815
30
0
40
0.018000000000000002
1
20 ADET 1/2" FEEDER (10x2 DUZENI - GENIS REZERV ALANLI)
50
0
7
STANDARD
72
1
11
0.55
21
1.815
31
0
100
AcDbText
73
0
0
TEXT
5
11550
330
10AD3
100
AcDbEntity
100
AcDbText
8
METIN_BILGI
10
0.55
20
1.68
30
0
40
0.026000000000000002
1
KESIT 5: ALAN 2 (SCOREBOARD) - POI BESLEME FEEDER HATTI
50
0
7
STANDARD
72
1
11
0.55
21
1.68
31
0
100
AcDbText
73
0
0
TEXT
5
11551
330
10AD3
100
AcDbEntity
100
AcDbText
8
METIN_BILGI
10
0.55
20
1.65
30
0
40
0.018000000000000002
1
20 Adet 1/2" Feeder Kablo Kesiti (Doluluk: %8.0 - %92.0 Genisleme Rezervi)
50
0
7
STANDARD
72
1
11
0.55
21
1.65
31
0
100
AcDbText
73
0
0
TEXT
5
115E7
330
10AD3
100
AcDbEntity
100
AcDbText
8
METIN_BILGI
10
0.45000000000000007
20
1.315
30
0
40
0.018000000000000002
1
13 ADET 2x25 mm2 DC ENERJI
50
0
7
STANDARD
72
1
11
0.45000000000000007
21
1.315
31
0
100
AcDbText
73
0
0
TEXT
5
115E8
330
10AD3
100
AcDbEntity
100
AcDbText
8
METIN_BILGI
10
0.7000000000000001
20
1.28
30
0
40
0.016
1
3x FIBER
50
0
7
STANDARD
72
1
11
0.7000000000000001
21
1.28
31
0
100
AcDbText
73
0
0
TEXT
5
115E9
330
10AD3
100
AcDbEntity
100
AcDbText
8
METIN_BILGI
10
0.55
20
1.18
30
0
40
0.026000000000000002
1
KESIT 6: ALAN 2 (SCOREBOARD) - DC ENERJI VE FIBER HATTI
50
0
7
STANDARD
72
1
11
0.55
21
1.18
31
0
100
AcDbText
73
0
0
TEXT
5
115EA
330
10AD3
100
AcDbEntity
100
AcDbText
8
METIN_BILGI
10
0.55
20
1.15
30
0
40
0.018000000000000002
1
13x 2x25 mm2 DC Enerji + 3x Fiberoptik Kablo Kesiti (Doluluk: %9.7)
50
0
7
STANDARD
72
1
11
0.55
21
1.15
31
0
100
AcDbText
73
0
0
TEXT
5
11656
330
10AD3
100
AcDbEntity
100
AcDbText
8
METIN_BILGI
10
0.55
20
0.795
30
0
40
0.018000000000000002
1
8 ADET 7/8" FEEDER (TEK SIRA YAN YANA KLIPSLI DIZILIM)
50
0
7
STANDARD
72
1
11
0.55
21
0.795
31
0
100
AcDbText
73
0
0
TEXT
5
11657
330
10AD3
100
AcDbEntity
100
AcDbText
8
METIN_BILGI
10
0.55
20
0.6799999999999999
30
0
40
0.026000000000000002
1
KESIT 7: ALAN 4 (KOSE TRIBUN) - CATI BESLEME HATTI
50
0
7
STANDARD
72
1
11
0.55
21
0.6799999999999999
31
0
100
AcDbText
73
0
0
TEXT
5
11658
330
10AD3
100
AcDbEntity
100
AcDbText
8
METIN_BILGI
10
0.55
20
0.65
30
0
40
0.018000000000000002
1
8 Adet 7/8" Feeder Kablo Kesiti (Doluluk: %9.8 - %90.2 Rezerv Alan)
50
0
7
STANDARD
72
1
11
0.55
21
0.65
31
0
100
AcDbText
73
0
0
LWPOLYLINE
5
11659
330
10AD3
100
AcDbEntity
100
AcDbPolyline
8
METIN_BILGI
6
ByLayer
62
256
370
-1
90
4
70
1
10
0.27
20
0.21
10
0.27
20
0.4
10
0.8300000000000001
20
0.4
10
0.8300000000000001
20
0.21
0
TEXT
5
1165A
330
10AD3
100
AcDbEntity
100
AcDbText
8
METIN_BILGI
10
0.55
20
0.37
30
0
40
0.022
1
KABLO TIPLERI, CAPLARI VE LEJANT BILGILERI
50
0
7
STANDARD
72
1
11
0.55
21
0.37
31
0
100
AcDbText
73
0
0
TEXT
5
11662
330
10AD3
100
AcDbEntity
100
AcDbText
8
METIN_BILGI
10
0.37000000000000005
20
0.255
30
0
40
0.014
1
7/8" Feeder (OD 28mm)
50
0
7
STANDARD
72
1
11
0.37000000000000005
21
0.255
31
0
100
AcDbText
73
0
0
TEXT
5
1166A
330
10AD3
100
AcDbEntity
100
AcDbText
8
METIN_BILGI
10
0.49000000000000005
20
0.255
30
0
40
0.014
1
1/2" Feeder (OD 16mm)
50
0
7
STANDARD
72
1
11
0.49000000000000005
21
0.255
31
0
100
AcDbText
73
0
0
TEXT
5
11671
330
10AD3
100
AcDbEntity
100
AcDbText
8
METIN_BILGI
10
0.6100000000000001
20
0.255
30
0
40
0.014
1
2x25mm2 DC (OD 21mm)
50
0
7
STANDARD
72
1
11
0.6100000000000001
21
0.255
31
0
100
AcDbText
73
0
0
TEXT
5
1167A
330
10AD3
100
AcDbEntity
100
AcDbText
8
METIN_BILGI
10
0.73
20
0.255
30
0
40
0.014
1
Fiber Optik (OD 12mm)
50
0
7
STANDARD
72
1
11
0.73
21
0.255
31
0
100
AcDbText
73
0
0
TEXT
5
1167B
330
10AD3
100
AcDbEntity
100
AcDbText
8
METIN_BILGI
10
0.55
20
0.225
30
0
40
0.015
1
Agir Hizmet Sicak Daldirma Galvaniz (TS EN 61537) - 2.0mm Sac Kalinligi
50
0
7
STANDARD
72
1
11
0.55
21
0.225
31
0
100
AcDbText
73
0
0
LWPOLYLINE
5
1167C
330
10AD3
100
AcDbEntity
100
AcDbPolyline
8
METIN_BILGI
6
ByLayer
62
256
370
-1
90
4
70
1
10
-0.75
20
-0.35000000000000003
10
-0.75
20
-0.15000000000000002
10
0.75
20
-0.15000000000000002
10
0.75
20
-0.35000000000000003
0
LINE
5
1167D
330
10AD3
100
AcDbEntity
100
AcDbLine
8
METIN_BILGI
10
-0.75
20
-0.19000000000000003
30
0
11
0.75
21
-0.19000000000000003
31
0
0
LINE
5
1167E
330
10AD3
100
AcDbEntity
100
AcDbLine
8
METIN_BILGI
10
-0.75
20
-0.23000000000000004
30
0
11
0.75
21
-0.23000000000000004
31
0
0
TEXT
5
1167F
330
10AD3
100
AcDbEntity
100
AcDbText
8
METIN_BILGI
10
-0.73
20
-0.17800000000000002
30
0
40
0.022
1
500 MM KABLO TAVASI DOLULUK ORANI VE TEKNIK UYGUNLUK CETVELI
50
0
7
STANDARD
100
AcDbText
0
TEXT
5
11680
330
10AD3
100
AcDbEntity
100
AcDbText
8
METIN_BILGI
10
-0.74
20
-0.21700000000000003
30
0
40
0.015
1
KESIT NO
50
0
7
STANDARD
100
AcDbText
0
LINE
5
11681
330
10AD3
100
AcDbEntity
100
AcDbLine
8
METIN_BILGI
10
-0.66
20
-0.35000000000000003
30
0
11
-0.66
21
-0.19000000000000003
31
0
0
TEXT
5
11682
330
10AD3
100
AcDbEntity
100
AcDbText
8
METIN_BILGI
10
-0.65
20
-0.21700000000000003
30
0
40
0.015
1
LOKASYON / ALAN
50
0
7
STANDARD
100
AcDbText
0
LINE
5
11683
330
10AD3
100
AcDbEntity
100
AcDbLine
8
METIN_BILGI
10
-0.44
20
-0.35000000000000003
30
0
11
-0.44
21
-0.19000000000000003
31
0
0
TEXT
5
11684
330
10AD3
100
AcDbEntity
100
AcDbText
8
METIN_BILGI
10
-0.43
20
-0.21700000000000003
30
0
40
0.015
1
KABLO KOMBINASYONU VE SAYISI
50
0
7
STANDARD
100
AcDbText
0
LINE
5
11685
330
10AD3
100
AcDbEntity
100
AcDbLine
8
METIN_BILGI
10
0.020000000000000018
20
-0.35000000000000003
30
0
11
0.020000000000000018
21
-0.19000000000000003
31
0
0
TEXT
5
11686
330
10AD3
100
AcDbEntity
100
AcDbText
8
METIN_BILGI
10
0.03000000000000002
20
-0.21700000000000003
30
0
40
0.015
1
TOPLAM KABLO ALANI
50
0
7
STANDARD
100
AcDbText
0
LINE
5
11687
330
10AD3
100
AcDbEntity
100
AcDbLine
8
METIN_BILGI
10
0.24
20
-0.35000000000000003
30
0
11
0.24
21
-0.19000000000000003
31
0
0
TEXT
5
11688
330
10AD3
100
AcDbEntity
100
AcDbText
8
METIN_BILGI
10
0.25
20
-0.21700000000000003
30
0
40
0.015
1
TAVA DOLULUK ORANI (%)
50
0
7
STANDARD
100
AcDbText
0
LINE
5
11689
330
10AD3
100
AcDbEntity
100
AcDbLine
8
METIN_BILGI
10
0.48
20
-0.35000000000000003
30
0
11
0.48
21
-0.19000000000000003
31
0
0
TEXT
5
1168A
330
10AD3
100
AcDbEntity
100
AcDbText
8
METIN_BILGI
10
0.49
20
-0.21700000000000003
30
0
40
0.015
1
STANDART UYGUNLUGU
50
0
7
STANDARD
100
AcDbText
0
LINE
5
1168B
330
10AD3
100
AcDbEntity
100
AcDbLine
8
METIN_BILGI
10
-0.75
20
-0.24600000000000002
30
0
11
0.75
21
-0.24600000000000002
31
0
0
TEXT
5
1168C
330
10AD3
100
AcDbEntity
100
AcDbText
8
METIN_BILGI
10
-0.74
20
-0.24300000000000002
30
0
40
0.012
1
KESIT 1
50
0
7
STANDARD
100
AcDbText
0
TEXT
5
1168D
330
10AD3
100
AcDbEntity
100
AcDbText
8
METIN_BILGI
10
-0.65
20
-0.24300000000000002
30
0
40
0.012
1
Alan 1 & 3 (Maraton)
50
0
7
STANDARD
100
AcDbText
0
TEXT
5
1168E
330
10AD3
100
AcDbEntity
100
AcDbText
8
METIN_BILGI
10
-0.43
20
-0.24300000000000002
30
0
40
0.012
1
40x 7/8" Feeder + 13x 2x25 mm2 Enerji + 3x Fiber
50
0
7
STANDARD
100
AcDbText
0
TEXT
5
1168F
330
10AD3
100
AcDbEntity
100
AcDbText
8
METIN_BILGI
10
0.03000000000000002
20
-0.24300000000000002
30
0
40
0.012
1
29,468 mm2
50
0
7
STANDARD
100
AcDbText
0
TEXT
5
11690
330
10AD3
100
AcDbEntity
100
AcDbText
8
METIN_BILGI
10
0.25
20
-0.24300000000000002
30
0
40
0.012
1
%58.9 (Limit: %60)
50
0
7
STANDARD
100
AcDbText
0
TEXT
5
11691
330
10AD3
100
AcDbEntity
100
AcDbText
8
METIN_BILGI
10
0.49
20
-0.24300000000000002
30
0
40
0.012
1
UYGUN (Maksimum Verim)
50
0
7
STANDARD
100
AcDbText
0
LINE
5
11692
330
10AD3
100
AcDbEntity
100
AcDbLine
8
METIN_BILGI
10
-0.75
20
-0.262
30
0
11
0.75
21
-0.262
31
0
0
TEXT
5
11693
330
10AD3
100
AcDbEntity
100
AcDbText
8
METIN_BILGI
10
-0.74
20
-0.259
30
0
40
0.012
1
KESIT 2
50
0
7
STANDARD
100
AcDbText
0
TEXT
5
11694
330
10AD3
100
AcDbEntity
100
AcDbText
8
METIN_BILGI
10
-0.65
20
-0.259
30
0
40
0.012
1
Alan 1 & 3 (Maraton)
50
0
7
STANDARD
100
AcDbText
0
TEXT
5
11695
330
10AD3
100
AcDbEntity
100
AcDbText
8
METIN_BILGI
10
-0.43
20
-0.259
30
0
40
0.012
1
40x 7/8" Feeder + 10x 1/2" Feeder
50
0
7
STANDARD
100
AcDbText
0
TEXT
5
11696
330
10AD3
100
AcDbEntity
100
AcDbText
8
METIN_BILGI
10
0.03000000000000002
20
-0.259
30
0
40
0.012
1
26,644 mm2
50
0
7
STANDARD
100
AcDbText
0
TEXT
5
11697
330
10AD3
100
AcDbEntity
100
AcDbText
8
METIN_BILGI
10
0.25
20
-0.259
30
0
40
0.012
1
%44.4 (Limit: %60)
50
0
7
STANDARD
100
AcDbText
0
TEXT
5
11698
330
10AD3
100
AcDbEntity
100
AcDbText
8
METIN_BILGI
10
0.49
20
-0.259
30
0
40
0.012
1
UYGUN (Genisleme Payi Var)
50
0
7
STANDARD
100
AcDbText
0
LINE
5
11699
330
10AD3
100
AcDbEntity
100
AcDbLine
8
METIN_BILGI
10
-0.75
20
-0.278
30
0
11
0.75
21
-0.278
31
0
0
TEXT
5
1169A
330
10AD3
100
AcDbEntity
100
AcDbText
8
METIN_BILGI
10
-0.74
20
-0.275
30
0
40
0.012
1
KESIT 3
50
0
7
STANDARD
100
AcDbText
0
TEXT
5
1169B
330
10AD3
100
AcDbEntity
100
AcDbText
8
METIN_BILGI
10
-0.65
20
-0.275
30
0
40
0.012
1
Alan 1 & 3 (Maraton)
50
0
7
STANDARD
100
AcDbText
0
TEXT
5
1169C
330
10AD3
100
AcDbEntity
100
AcDbText
8
METIN_BILGI
10
-0.43
20
-0.275
30
0
40
0.012
1
20x 1/2" Feeder + 58x 1/2" Feeder (Toplam: 78)
50
0
7
STANDARD
100
AcDbText
0
TEXT
5
1169D
330
10AD3
100
AcDbEntity
100
AcDbText
8
METIN_BILGI
10
0.03000000000000002
20
-0.275
30
0
40
0.012
1
15,683 mm2
50
0
7
STANDARD
100
AcDbText
0
TEXT
5
1169E
330
10AD3
100
AcDbEntity
100
AcDbText
8
METIN_BILGI
10
0.25
20
-0.275
30
0
40
0.012
1
%31.4 (Limit: %50)
50
0
7
STANDARD
100
AcDbText
0
TEXT
5
1169F
330
10AD3
100
AcDbEntity
100
AcDbText
8
METIN_BILGI
10
0.49
20
-0.275
30
0
40
0.012
1
UYGUN (Homojen Dagilim)
50
0
7
STANDARD
100
AcDbText
0
LINE
5
116A0
330
10AD3
100
AcDbEntity
100
AcDbLine
8
METIN_BILGI
10
-0.75
20
-0.29400000000000004
30
0
11
0.75
21
-0.29400000000000004
31
0
0
TEXT
5
116A1
330
10AD3
100
AcDbEntity
100
AcDbText
8
METIN_BILGI
10
-0.74
20
-0.29100000000000004
30
0
40
0.012
1
KESIT 4
50
0
7
STANDARD
100
AcDbText
0
TEXT
5
116A2
330
10AD3
100
AcDbEntity
100
AcDbText
8
METIN_BILGI
10
-0.65
20
-0.29100000000000004
30
0
40
0.012
1
Alan 1 & 3 (Maraton)
50
0
7
STANDARD
100
AcDbText
0
TEXT
5
116A3
330
10AD3
100
AcDbEntity
100
AcDbText
8
METIN_BILGI
10
-0.43
20
-0.29100000000000004
30
0
40
0.012
1
40 Adet 7/8" Feeder Kablo
50
0
7
STANDARD
100
AcDbText
0
TEXT
5
116A4
330
10AD3
100
AcDbEntity
100
AcDbText
8
METIN_BILGI
10
0.03000000000000002
20
-0.29100000000000004
30
0
40
0.012
1
24,630 mm2
50
0
7
STANDARD
100
AcDbText
0
TEXT
5
116A5
330
10AD3
100
AcDbEntity
100
AcDbText
8
METIN_BILGI
10
0.25
20
-0.29100000000000004
30
0
40
0.012
1
%41.0 (Limit: %60)
50
0
7
STANDARD
100
AcDbText
0
TEXT
5
116A6
330
10AD3
100
AcDbEntity
100
AcDbText
8
METIN_BILGI
10
0.49
20
-0.29100000000000004
30
0
40
0.012
1
UYGUN (Standart 4 Katman)
50
0
7
STANDARD
100
AcDbText
0
LINE
5
116A7
330
10AD3
100
AcDbEntity
100
AcDbLine
8
METIN_BILGI
10
-0.75
20
-0.31000000000000005
30
0
11
0.75
21
-0.31000000000000005
31
0
0
TEXT
5
116A8
330
10AD3
100
AcDbEntity
100
AcDbText
8
METIN_BILGI
10
-0.74
20
-0.30700000000000005
30
0
40
0.012
1
KESIT 5
50
0
7
STANDARD
100
AcDbText
0
TEXT
5
116A9
330
10AD3
100
AcDbEntity
100
AcDbText
8
METIN_BILGI
10
-0.65
20
-0.30700000000000005
30
0
40
0.012
1
Alan 2 (Skorboard)
50
0
7
STANDARD
100
AcDbText
0
TEXT
5
116AA
330
10AD3
100
AcDbEntity
100
AcDbText
8
METIN_BILGI
10
-0.43
20
-0.30700000000000005
30
0
40
0.012
1
20 Adet 1/2" Feeder Kablo
50
0
7
STANDARD
100
AcDbText
0
TEXT
5
116AB
330
10AD3
100
AcDbEntity
100
AcDbText
8
METIN_BILGI
10
0.03000000000000002
20
-0.30700000000000005
30
0
40
0.012
1
4,021 mm2
50
0
7
STANDARD
100
AcDbText
0
TEXT
5
116AC
330
10AD3
100
AcDbEntity
100
AcDbText
8
METIN_BILGI
10
0.25
20
-0.30700000000000005
30
0
40
0.012
1
%8.0 (Limit: %50)
50
0
7
STANDARD
100
AcDbText
0
TEXT
5
116AD
330
10AD3
100
AcDbEntity
100
AcDbText
8
METIN_BILGI
10
0.49
20
-0.30700000000000005
30
0
40
0.012
1
UYGUN (%92 Rezerv Alan)
50
0
7
STANDARD
100
AcDbText
0
LINE
5
116AE
330
10AD3
100
AcDbEntity
100
AcDbLine
8
METIN_BILGI
10
-0.75
20
-0.326
30
0
11
0.75
21
-0.326
31
0
0
TEXT
5
116AF
330
10AD3
100
AcDbEntity
100
AcDbText
8
METIN_BILGI
10
-0.74
20
-0.323
30
0
40
0.012
1
KESIT 6
50
0
7
STANDARD
100
AcDbText
0
TEXT
5
116B0
330
10AD3
100
AcDbEntity
100
AcDbText
8
METIN_BILGI
10
-0.65
20
-0.323
30
0
40
0.012
1
Alan 2 (Skorboard)
50
0
7
STANDARD
100
AcDbText
0
TEXT
5
116B1
330
10AD3
100
AcDbEntity
100
AcDbText
8
METIN_BILGI
10
-0.43
20
-0.323
30
0
40
0.012
1
13x 2x25 mm2 Enerji + 3x Fiberoptik
50
0
7
STANDARD
100
AcDbText
0
TEXT
5
116B2
330
10AD3
100
AcDbEntity
100
AcDbText
8
METIN_BILGI
10
0.03000000000000002
20
-0.323
30
0
40
0.012
1
4,845 mm2
50
0
7
STANDARD
100
AcDbText
0
TEXT
5
116B3
330
10AD3
100
AcDbEntity
100
AcDbText
8
METIN_BILGI
10
0.25
20
-0.323
30
0
40
0.012
1
%9.7 (Limit: %50)
50
0
7
STANDARD
100
AcDbText
0
TEXT
5
116B4
330
10AD3
100
AcDbEntity
100
AcDbText
8
METIN_BILGI
10
0.49
20
-0.323
30
0
40
0.012
1
UYGUN (Seperatorlu Ayrim)
50
0
7
STANDARD
100
AcDbText
0
LINE
5
116B5
330
10AD3
100
AcDbEntity
100
AcDbLine
8
METIN_BILGI
10
-0.75
20
-0.342
30
0
11
0.75
21
-0.342
31
0
0
TEXT
5
116B6
330
10AD3
100
AcDbEntity
100
AcDbText
8
METIN_BILGI
10
-0.74
20
-0.339
30
0
40
0.012
1
KESIT 7
50
0
7
STANDARD
100
AcDbText
0
TEXT
5
116B7
330
10AD3
100
AcDbEntity
100
AcDbText
8
METIN_BILGI
10
-0.65
20
-0.339
30
0
40
0.012
1
Alan 4 (Kose Tribun)
50
0
7
STANDARD
100
AcDbText
0
TEXT
5
116B8
330
10AD3
100
AcDbEntity
100
AcDbText
8
METIN_BILGI
10
-0.43
20
-0.339
30
0
40
0.012
1
8 Adet 7/8" Feeder Kablo
50
0
7
STANDARD
100
AcDbText
0
TEXT
5
116B9
330
10AD3
100
AcDbEntity
100
AcDbText
8
METIN_BILGI
10
0.03000000000000002
20
-0.339
30
0
40
0.012
1
4,926 mm2
50
0
7
STANDARD
100
AcDbText
0
TEXT
5
116BA
330
10AD3
100
AcDbEntity
100
AcDbText
8
METIN_BILGI
10
0.25
20
-0.339
30
0
40
0.012
1
%9.8 (Limit: %50)
50
0
7
STANDARD
100
AcDbText
0
TEXT
5
116BB
330
10AD3
100
AcDbEntity
100
AcDbText
8
METIN_BILGI
10
0.49
20
-0.339
30
0
40
0.012
1
UYGUN (Tek Sira Klipsli)
50
0
7
STANDARD
100
AcDbText
0
LWPOLYLINE
5
116BC
330
10AD3
100
AcDbEntity
100
AcDbPolyline
8
METIN_BILGI
6
ByLayer
62
256
370
-1
90
4
70
1
10
-0.425
20
-0.6
10
-0.425
20
-0.38
10
0.425
20
-0.38
10
0.425
20
-0.6
0
LINE
5
116BD
330
10AD3
100
AcDbEntity
100
AcDbLine
8
METIN_BILGI
10
-0.425
20
-0.45999999999999996
30
0
11
0.425
21
-0.45999999999999996
31
0
0
LINE
5
116BE
330
10AD3
100
AcDbEntity
100
AcDbLine
8
METIN_BILGI
10
-0.425
20
-0.53
30
0
11
0.425
21
-0.53
31
0
0
LINE
5
116BF
330
10AD3
100
AcDbEntity
100
AcDbLine
8
METIN_BILGI
10
0.05499999999999999
20
-0.6
30
0
11
0.05499999999999999
21
-0.45999999999999996
31
0
0
TEXT
5
116C0
330
10AD3
100
AcDbEntity
100
AcDbText
8
METIN_BILGI
10
-0.40499999999999997
20
-0.43499999999999994
30
0
40
0.03
1
GALATASARAY STADYUMU GSM ALTYAPI PROJESI
50
0
7
STANDARD
100
AcDbText
0
TEXT
5
116C1
330
10AD3
100
AcDbEntity
100
AcDbText
8
METIN_BILGI
10
-0.40499999999999997
20
-0.505
30
0
40
0.024
1
PAFTA: 500MM KABLO TAVASI IMALAT VE KABLO DOLULUK KESITLERI (TAVA IMALAT VE UYGULAMA DETAYI)
50
0
7
STANDARD
100
AcDbText
0
TEXT
5
116C2
330
10AD3
100
AcDbEntity
100
AcDbText
8
METIN_BILGI
10
-0.40499999999999997
20
-0.572
30
0
40
0.02
1
OLCEK: 1:1 m (1:1 m)
50
0
7
STANDARD
100
AcDbText
0
TEXT
5
116C3
330
10AD3
100
AcDbEntity
100
AcDbText
8
METIN_BILGI
10
0.07500000000000001
20
-0.505
30
0
40
0.018000000000000002
1
CIZIM: ANTIGRAVITY CAD / BIM
50
0
7
STANDARD
100
AcDbText
0
TEXT
5
116C4
330
10AD3
100
AcDbEntity
100
AcDbText
8
METIN_BILGI
10
0.07500000000000001
20
-0.572
30
0
40
0.018000000000000002
1
TARIH: 2026-10-04
50
0
7
STANDARD
100
AcDbText
0
CIRCLE
5
116C5
330
10AD3
100
AcDbEntity
100
AcDbCircle
8
METIN_BILGI
10
-0.575
20
-0.49
30
0
40
0.08
0
LINE
5
116C6
330
10AD3
100
AcDbEntity
100
AcDbLine
8
METIN_BILGI
10
-0.575
20
-0.562
30
0
11
-0.575
21
-0.418
31
0
0
LINE
5
116C7
330
10AD3
100
AcDbEntity
100
AcDbLine
8
METIN_BILGI
10
-0.575
20
-0.418
30
0
11
-0.6
21
-0.45999999999999996
31
0
0
LINE
5
116C8
330
10AD3
100
AcDbEntity
100
AcDbLine
8
METIN_BILGI
10
-0.575
20
-0.418
30
0
11
-0.5499999999999999
21
-0.45999999999999996
31
0
0
TEXT
5
116C9
330
10AD3
100
AcDbEntity
100
AcDbText
8
METIN_BILGI
10
-0.575
20
-0.38999999999999996
30
0
40
0.03
1
K
50
0
7
STANDARD
72
1
11
-0.575
21
-0.38999999999999996
31
0
100
AcDbText
73
2
0
LINE
5
10AEF
330
10AD3
100
AcDbEntity
100
AcDbLine
8
TAVA_PROFILI
10
-1
20
3.8850000000000002
30
0
11
1
21
3.8850000000000002
31
0
0
LINE
5
10AF0
330
10AD3
100
AcDbEntity
100
AcDbLine
8
TAVA_PROFILI
10
-1
20
4.415
30
0
11
1
21
4.415
31
0
0
LINE
5
10AF1
330
10AD3
100
AcDbEntity
100
AcDbLine
8
TAVA_PROFILI
10
-1
20
3.8850000000000002
30
0
11
-1
21
4.415
31
0
0
LINE
5
10AF2
330
10AD3
100
AcDbEntity
100
AcDbLine
8
TAVA_PROFILI
10
1
20
3.8850000000000002
30
0
11
1
21
4.415
31
0
0
LINE
5
10AF3
330
10AD3
100
AcDbEntity
100
AcDbLine
8
TAVA_PROFILI
10
-1
20
3.9000000000000004
30
0
11
1
21
3.9000000000000004
31
0
0
LINE
5
10AF4
330
10AD3
100
AcDbEntity
100
AcDbLine
8
TAVA_PROFILI
10
-1
20
4.4
30
0
11
1
21
4.4
31
0
0
LINE
5
10AF5
330
10AD3
100
AcDbEntity
100
AcDbLine
8
TAVA_PROFILI
10
-1
20
3.902
30
0
11
1
21
3.902
31
0
0
LINE
5
10AF6
330
10AD3
100
AcDbEntity
100
AcDbLine
8
TAVA_PROFILI
10
-1
20
4.398000000000001
30
0
11
1
21
4.398000000000001
31
0
0
LINE
5
10C82
330
10AD3
100
AcDbEntity
100
AcDbLine
8
TAVA_PROFILI
10
0.35000000000000003
20
3.8850000000000002
30
0
11
0.35000000000000003
21
4.415
31
0
0
LINE
5
10CCA
330
10AD3
100
AcDbEntity
100
AcDbLine
8
TAVA_PROFILI
10
-1
20
3.35
30
0
11
1
21
3.35
31
0
0
LINE
5
10CCB
330
10AD3
100
AcDbEntity
100
AcDbLine
8
TAVA_PROFILI
10
-1
20
3.352
30
0
11
1
21
3.352
31
0
0
LINE
5
10CCC
330
10AD3
100
AcDbEntity
100
AcDbLine
8
TAVA_PROFILI
10
-1
20
3.45
30
0
11
1
21
3.45
31
0
0
LINE
5
10CCD
330
10AD3
100
AcDbEntity
100
AcDbLine
8
TAVA_PROFILI
10
-1
20
3.442
30
0
11
1
21
3.442
31
0
0
LINE
5
10CCE
330
10AD3
100
AcDbEntity
100
AcDbLine
8
TAVA_PROFILI
10
-1
20
3.35
30
0
11
-1
21
3.45
31
0
0
LINE
5
10CCF
330
10AD3
100
AcDbEntity
100
AcDbLine
8
TAVA_PROFILI
10
1
20
3.35
30
0
11
1
21
3.45
31
0
0
LINE
5
10D1C
330
10AD3
100
AcDbEntity
100
AcDbLine
8
TAVA_PROFILI
10
0.35000000000000003
20
3.35
30
0
11
0.35000000000000003
21
3.45
31
0
0
LINE
5
10D45
330
10AD3
100
AcDbEntity
100
AcDbLine
8
TAVA_PROFILI
10
-0.6
20
2.6
30
0
11
-0.9897114317029974
21
2.375
31
0
0
LINE
5
10D46
330
10AD3
100
AcDbEntity
100
AcDbLine
8
TAVA_PROFILI
10
-0.9897114317029974
20
2.375
30
0
11
-0.34019237886466835
21
2
31
0
0
LINE
5
10D47
330
10AD3
100
AcDbEntity
100
AcDbLine
8
TAVA_PROFILI
10
-0.34019237886466835
20
2
30
0
11
0.049519052838329025
21
2.225
31
0
0
LINE
5
10D48
330
10AD3
100
AcDbEntity
100
AcDbLine
8
TAVA_PROFILI
10
0.049519052838329025
20
2.225
30
0
11
-0.6
21
2.6
31
0
0
LINE
5
10D49
330
10AD3
100
AcDbEntity
100
AcDbLine
8
TAVA_PROFILI
10
-0.6
20
2.6
30
0
11
-0.6
21
2.69
31
0
0
LINE
5
10D4A
330
10AD3
100
AcDbEntity
100
AcDbLine
8
TAVA_PROFILI
10
0.049519052838329025
20
2.225
30
0
11
0.049519052838329025
21
2.315
31
0
0
LINE
5
10D4B
330
10AD3
100
AcDbEntity
100
AcDbLine
8
TAVA_PROFILI
10
-0.6
20
2.69
30
0
11
0.049519052838329025
21
2.315
31
0
0
LINE
5
10D4C
330
10AD3
100
AcDbEntity
100
AcDbLine
8
TAVA_PROFILI
10
-0.9897114317029974
20
2.375
30
0
11
-0.9897114317029974
21
2.465
31
0
0
LINE
5
10D4D
330
10AD3
100
AcDbEntity
100
AcDbLine
8
TAVA_PROFILI
10
-0.34019237886466835
20
2
30
0
11
-0.34019237886466835
21
2.09
31
0
0
LINE
5
10D4E
330
10AD3
100
AcDbEntity
100
AcDbLine
8
TAVA_PROFILI
10
-0.9897114317029974
20
2.465
30
0
11
-0.34019237886466835
21
2.09
31
0
0
LINE
5
10D4F
330
10AD3
100
AcDbEntity
100
AcDbLine
8
TAVA_PROFILI
10
-0.6
20
2.69
30
0
11
-0.5826794919243112
21
2.6999999999999997
31
0
0
LINE
5
10D50
330
10AD3
100
AcDbEntity
100
AcDbLine
8
TAVA_PROFILI
10
0.049519052838329025
20
2.315
30
0
11
0.06683956091401777
21
2.3249999999999997
31
0
0
LINE
5
10D51
330
10AD3
100
AcDbEntity
100
AcDbLine
8
TAVA_PROFILI
10
-0.5826794919243112
20
2.6999999999999997
30
0
11
0.06683956091401777
21
2.3249999999999997
31
0
0
LINE
5
10D52
330
10AD3
100
AcDbEntity
100
AcDbLine
8
TAVA_PROFILI
10
-0.9897114317029974
20
2.465
30
0
11
-1.0070319397786862
21
2.455
31
0
0
LINE
5
10D53
330
10AD3
100
AcDbEntity
100
AcDbLine
8
TAVA_PROFILI
10
-0.34019237886466835
20
2.09
30
0
11
-0.3575128869403572
21
2.08
31
0
0
LINE
5
10D54
330
10AD3
100
AcDbEntity
100
AcDbLine
8
TAVA_PROFILI
10
-1.0070319397786862
20
2.455
30
0
11
-0.3575128869403572
21
2.08
31
0
0
LWPOLYLINE
5
10D97
330
10AD3
100
AcDbEntity
100
AcDbPolyline
8
TAVA_PROFILI
6
ByLayer
62
256
370
-1
90
4
70
1
10
-0.05
20
2.7
10
-0.05
20
2.7350000000000003
10
0.009999999999999995
20
2.7350000000000003
10
0.009999999999999995
20
2.7
0
LINE
5
10D98
330
10AD3
100
AcDbEntity
100
AcDbLine
8
TAVA_PROFILI
10
-0.05
20
2.7350000000000003
30
0
11
-0.0050000000000000044
21
2.7350000000000003
31
0
0
LWPOLYLINE
5
10D9E
330
10AD3
100
AcDbEntity
100
AcDbPolyline
8
TAVA_PROFILI
6
ByLayer
62
256
370
-1
90
4
70
1
10
0.42
20
2.5900000000000003
10
0.42
20
2.6300000000000003
10
0.595
20
2.6300000000000003
10
0.595
20
2.5900000000000003
0
LWPOLYLINE
5
10D9F
330
10AD3
100
AcDbEntity
100
AcDbPolyline
8
TAVA_PROFILI
6
ByLayer
62
256
370
-1
90
4
70
1
10
0.605
20
2.5900000000000003
10
0.605
20
2.6300000000000003
10
0.78
20
2.6300000000000003
10
0.78
20
2.5900000000000003
0
LINE
5
10DB9
330
10AD3
100
AcDbEntity
100
AcDbLine
8
TAVA_PROFILI
10
-0.8
20
1.75
30
0
11
-0.30000000000000004
21
1.75
31
0
0
LINE
5
10DBA
330
10AD3
100
AcDbEntity
100
AcDbLine
8
TAVA_PROFILI
10
-0.802
20
1.748
30
0
11
-0.29800000000000004
21
1.748
31
0
0
LINE
5
10DBB
330
10AD3
100
AcDbEntity
100
AcDbLine
8
TAVA_PROFILI
10
-0.8
20
1.75
30
0
11
-0.8
21
1.87
31
0
0
LINE
5
10DBC
330
10AD3
100
AcDbEntity
100
AcDbLine
8
TAVA_PROFILI
10
-0.802
20
1.748
30
0
11
-0.802
21
1.87
31
0
0
LINE
5
10DBD
330
10AD3
100
AcDbEntity
100
AcDbLine
8
TAVA_PROFILI
10
-0.30000000000000004
20
1.75
30
0
11
-0.30000000000000004
21
1.87
31
0
0
LINE
5
10DBE
330
10AD3
100
AcDbEntity
100
AcDbLine
8
TAVA_PROFILI
10
-0.29800000000000004
20
1.748
30
0
11
-0.29800000000000004
21
1.87
31
0
0
LINE
5
10DBF
330
10AD3
100
AcDbEntity
100
AcDbLine
8
TAVA_PROFILI
10
-0.8
20
1.87
30
0
11
-0.8150000000000001
21
1.87
31
0
0
LINE
5
10DC0
330
10AD3
100
AcDbEntity
100
AcDbLine
8
TAVA_PROFILI
10
-0.8150000000000001
20
1.87
30
0
11
-0.8150000000000001
21
1.862
31
0
0
LINE
5
10DC1
330
10AD3
100
AcDbEntity
100
AcDbLine
8
TAVA_PROFILI
10
-0.8150000000000001
20
1.862
30
0
11
-0.802
21
1.862
31
0
0
LINE
5
10DC2
330
10AD3
100
AcDbEntity
100
AcDbLine
8
TAVA_PROFILI
10
-0.30000000000000004
20
1.87
30
0
11
-0.28500000000000003
21
1.87
31
0
0
LINE
5
10DC3
330
10AD3
100
AcDbEntity
100
AcDbLine
8
TAVA_PROFILI
10
-0.28500000000000003
20
1.87
30
0
11
-0.28500000000000003
21
1.862
31
0
0
LINE
5
10DC4
330
10AD3
100
AcDbEntity
100
AcDbLine
8
TAVA_PROFILI
10
-0.28500000000000003
20
1.862
30
0
11
-0.29800000000000004
21
1.862
31
0
0
LINE
5
10F6F
330
10AD3
100
AcDbEntity
100
AcDbLine
8
TAVA_PROFILI
10
-0.8
20
1.25
30
0
11
-0.30000000000000004
21
1.25
31
0
0
LINE
5
10F70
330
10AD3
100
AcDbEntity
100
AcDbLine
8
TAVA_PROFILI
10
-0.802
20
1.248
30
0
11
-0.29800000000000004
21
1.248
31
0
0
LINE
5
10F71
330
10AD3
100
AcDbEntity
100
AcDbLine
8
TAVA_PROFILI
10
-0.8
20
1.25
30
0
11
-0.8
21
1.37
31
0
0
LINE
5
10F72
330
10AD3
100
AcDbEntity
100
AcDbLine
8
TAVA_PROFILI
10
-0.802
20
1.248
30
0
11
-0.802
21
1.37
31
0
0
LINE
5
10F73
330
10AD3
100
AcDbEntity
100
AcDbLine
8
TAVA_PROFILI
10
-0.30000000000000004
20
1.25
30
0
11
-0.30000000000000004
21
1.37
31
0
0
LINE
5
10F74
330
10AD3
100
AcDbEntity
100
AcDbLine
8
TAVA_PROFILI
10
-0.29800000000000004
20
1.248
30
0
11
-0.29800000000000004
21
1.37
31
0
0
LINE
5
10F75
330
10AD3
100
AcDbEntity
100
AcDbLine
8
TAVA_PROFILI
10
-0.8
20
1.37
30
0
11
-0.8150000000000001
21
1.37
31
0
0
LINE
5
10F76
330
10AD3
100
AcDbEntity
100
AcDbLine
8
TAVA_PROFILI
10
-0.8150000000000001
20
1.37
30
0
11
-0.8150000000000001
21
1.362
31
0
0
LINE
5
10F77
330
10AD3
100
AcDbEntity
100
AcDbLine
8
TAVA_PROFILI
10
-0.8150000000000001
20
1.362
30
0
11
-0.802
21
1.362
31
0
0
LINE
5
10F78
330
10AD3
100
AcDbEntity
100
AcDbLine
8
TAVA_PROFILI
10
-0.30000000000000004
20
1.37
30
0
11
-0.28500000000000003
21
1.37
31
0
0
LINE
5
10F79
330
10AD3
100
AcDbEntity
100
AcDbLine
8
TAVA_PROFILI
10
-0.28500000000000003
20
1.37
30
0
11
-0.28500000000000003
21
1.362
31
0
0
LINE
5
10F7A
330
10AD3
100
AcDbEntity
100
AcDbLine
8
TAVA_PROFILI
10
-0.28500000000000003
20
1.362
30
0
11
-0.29800000000000004
21
1.362
31
0
0
LINE
5
110FD
330
10AD3
100
AcDbEntity
100
AcDbLine
8
TAVA_PROFILI
10
-0.8
20
0.75
30
0
11
-0.30000000000000004
21
0.75
31
0
0
LINE
5
110FE
330
10AD3
100
AcDbEntity
100
AcDbLine
8
TAVA_PROFILI
10
-0.802
20
0.748
30
0
11
-0.29800000000000004
21
0.748
31
0
0
LINE
5
110FF
330
10AD3
100
AcDbEntity
100
AcDbLine
8
TAVA_PROFILI
10
-0.8
20
0.75
30
0
11
-0.8
21
0.85
31
0
0
LINE
5
11100
330
10AD3
100
AcDbEntity
100
AcDbLine
8
TAVA_PROFILI
10
-0.802
20
0.748
30
0
11
-0.802
21
0.85
31
0
0
LINE
5
11101
330
10AD3
100
AcDbEntity
100
AcDbLine
8
TAVA_PROFILI
10
-0.30000000000000004
20
0.75
30
0
11
-0.30000000000000004
21
0.85
31
0
0
LINE
5
11102
330
10AD3
100
AcDbEntity
100
AcDbLine
8
TAVA_PROFILI
10
-0.29800000000000004
20
0.748
30
0
11
-0.29800000000000004
21
0.85
31
0
0
LINE
5
11103
330
10AD3
100
AcDbEntity
100
AcDbLine
8
TAVA_PROFILI
10
-0.8
20
0.85
30
0
11
-0.8150000000000001
21
0.85
31
0
0
LINE
5
11104
330
10AD3
100
AcDbEntity
100
AcDbLine
8
TAVA_PROFILI
10
-0.8150000000000001
20
0.85
30
0
11
-0.8150000000000001
21
0.842
31
0
0
LINE
5
11105
330
10AD3
100
AcDbEntity
100
AcDbLine
8
TAVA_PROFILI
10
-0.8150000000000001
20
0.842
30
0
11
-0.802
21
0.842
31
0
0
LINE
5
11106
330
10AD3
100
AcDbEntity
100
AcDbLine
8
TAVA_PROFILI
10
-0.30000000000000004
20
0.85
30
0
11
-0.28500000000000003
21
0.85
31
0
0
LINE
5
11107
330
10AD3
100
AcDbEntity
100
AcDbLine
8
TAVA_PROFILI
10
-0.28500000000000003
20
0.85
30
0
11
-0.28500000000000003
21
0.842
31
0
0
LINE
5
11108
330
10AD3
100
AcDbEntity
100
AcDbLine
8
TAVA_PROFILI
10
-0.28500000000000003
20
0.842
30
0
11
-0.29800000000000004
21
0.842
31
0
0
LINE
5
11352
330
10AD3
100
AcDbEntity
100
AcDbLine
8
TAVA_PROFILI
10
-0.8
20
0.25
30
0
11
-0.30000000000000004
21
0.25
31
0
0
LINE
5
11353
330
10AD3
100
AcDbEntity
100
AcDbLine
8
TAVA_PROFILI
10
-0.802
20
0.248
30
0
11
-0.29800000000000004
21
0.248
31
0
0
LINE
5
11354
330
10AD3
100
AcDbEntity
100
AcDbLine
8
TAVA_PROFILI
10
-0.8
20
0.25
30
0
11
-0.8
21
0.37
31
0
0
LINE
5
11355
330
10AD3
100
AcDbEntity
100
AcDbLine
8
TAVA_PROFILI
10
-0.802
20
0.248
30
0
11
-0.802
21
0.37
31
0
0
LINE
5
11356
330
10AD3
100
AcDbEntity
100
AcDbLine
8
TAVA_PROFILI
10
-0.30000000000000004
20
0.25
30
0
11
-0.30000000000000004
21
0.37
31
0
0
LINE
5
11357
330
10AD3
100
AcDbEntity
100
AcDbLine
8
TAVA_PROFILI
10
-0.29800000000000004
20
0.248
30
0
11
-0.29800000000000004
21
0.37
31
0
0
LINE
5
11358
330
10AD3
100
AcDbEntity
100
AcDbLine
8
TAVA_PROFILI
10
-0.8
20
0.37
30
0
11
-0.8150000000000001
21
0.37
31
0
0
LINE
5
11359
330
10AD3
100
AcDbEntity
100
AcDbLine
8
TAVA_PROFILI
10
-0.8150000000000001
20
0.37
30
0
11
-0.8150000000000001
21
0.362
31
0
0
LINE
5
1135A
330
10AD3
100
AcDbEntity
100
AcDbLine
8
TAVA_PROFILI
10
-0.8150000000000001
20
0.362
30
0
11
-0.802
21
0.362
31
0
0
LINE
5
1135B
330
10AD3
100
AcDbEntity
100
AcDbLine
8
TAVA_PROFILI
10
-0.30000000000000004
20
0.37
30
0
11
-0.28500000000000003
21
0.37
31
0
0
LINE
5
1135C
330
10AD3
100
AcDbEntity
100
AcDbLine
8
TAVA_PROFILI
10
-0.28500000000000003
20
0.37
30
0
11
-0.28500000000000003
21
0.362
31
0
0
LINE
5
1135D
330
10AD3
100
AcDbEntity
100
AcDbLine
8
TAVA_PROFILI
10
-0.28500000000000003
20
0.362
30
0
11
-0.29800000000000004
21
0.362
31
0
0
LINE
5
11498
330
10AD3
100
AcDbEntity
100
AcDbLine
8
TAVA_PROFILI
10
0.30000000000000004
20
1.75
30
0
11
0.8
21
1.75
31
0
0
LINE
5
11499
330
10AD3
100
AcDbEntity
100
AcDbLine
8
TAVA_PROFILI
10
0.29800000000000004
20
1.748
30
0
11
0.802
21
1.748
31
0
0
LINE
5
1149A
330
10AD3
100
AcDbEntity
100
AcDbLine
8
TAVA_PROFILI
10
0.30000000000000004
20
1.75
30
0
11
0.30000000000000004
21
1.85
31
0
0
LINE
5
1149B
330
10AD3
100
AcDbEntity
100
AcDbLine
8
TAVA_PROFILI
10
0.29800000000000004
20
1.748
30
0
11
0.29800000000000004
21
1.85
31
0
0
LINE
5
1149C
330
10AD3
100
AcDbEntity
100
AcDbLine
8
TAVA_PROFILI
10
0.8
20
1.75
30
0
11
0.8
21
1.85
31
0
0
LINE
5
1149D
330
10AD3
100
AcDbEntity
100
AcDbLine
8
TAVA_PROFILI
10
0.802
20
1.748
30
0
11
0.802
21
1.85
31
0
0
LINE
5
1149E
330
10AD3
100
AcDbEntity
100
AcDbLine
8
TAVA_PROFILI
10
0.30000000000000004
20
1.85
30
0
11
0.28500000000000003
21
1.85
31
0
0
LINE
5
1149F
330
10AD3
100
AcDbEntity
100
AcDbLine
8
TAVA_PROFILI
10
0.28500000000000003
20
1.85
30
0
11
0.28500000000000003
21
1.842
31
0
0
LINE
5
114A0
330
10AD3
100
AcDbEntity
100
AcDbLine
8
TAVA_PROFILI
10
0.28500000000000003
20
1.842
30
0
11
0.29800000000000004
21
1.842
31
0
0
LINE
5
114A1
330
10AD3
100
AcDbEntity
100
AcDbLine
8
TAVA_PROFILI
10
0.8
20
1.85
30
0
11
0.8150000000000001
21
1.85
31
0
0
LINE
5
114A2
330
10AD3
100
AcDbEntity
100
AcDbLine
8
TAVA_PROFILI
10
0.8150000000000001
20
1.85
30
0
11
0.8150000000000001
21
1.842
31
0
0
LINE
5
114A3
330
10AD3
100
AcDbEntity
100
AcDbLine
8
TAVA_PROFILI
10
0.8150000000000001
20
1.842
30
0
11
0.802
21
1.842
31
0
0
LINE
5
11552
330
10AD3
100
AcDbEntity
100
AcDbLine
8
TAVA_PROFILI
10
0.30000000000000004
20
1.25
30
0
11
0.8
21
1.25
31
0
0
LINE
5
11553
330
10AD3
100
AcDbEntity
100
AcDbLine
8
TAVA_PROFILI
10
0.29800000000000004
20
1.248
30
0
11
0.802
21
1.248
31
0
0
LINE
5
11554
330
10AD3
100
AcDbEntity
100
AcDbLine
8
TAVA_PROFILI
10
0.30000000000000004
20
1.25
30
0
11
0.30000000000000004
21
1.35
31
0
0
LINE
5
11555
330
10AD3
100
AcDbEntity
100
AcDbLine
8
TAVA_PROFILI
10
0.29800000000000004
20
1.248
30
0
11
0.29800000000000004
21
1.35
31
0
0
LINE
5
11556
330
10AD3
100
AcDbEntity
100
AcDbLine
8
TAVA_PROFILI
10
0.8
20
1.25
30
0
11
0.8
21
1.35
31
0
0
LINE
5
11557
330
10AD3
100
AcDbEntity
100
AcDbLine
8
TAVA_PROFILI
10
0.802
20
1.248
30
0
11
0.802
21
1.35
31
0
0
LINE
5
11558
330
10AD3
100
AcDbEntity
100
AcDbLine
8
TAVA_PROFILI
10
0.30000000000000004
20
1.35
30
0
11
0.28500000000000003
21
1.35
31
0
0
LINE
5
11559
330
10AD3
100
AcDbEntity
100
AcDbLine
8
TAVA_PROFILI
10
0.28500000000000003
20
1.35
30
0
11
0.28500000000000003
21
1.342
31
0
0
LINE
5
1155A
330
10AD3
100
AcDbEntity
100
AcDbLine
8
TAVA_PROFILI
10
0.28500000000000003
20
1.342
30
0
11
0.29800000000000004
21
1.342
31
0
0
LINE
5
1155B
330
10AD3
100
AcDbEntity
100
AcDbLine
8
TAVA_PROFILI
10
0.8
20
1.35
30
0
11
0.8150000000000001
21
1.35
31
0
0
LINE
5
1155C
330
10AD3
100
AcDbEntity
100
AcDbLine
8
TAVA_PROFILI
10
0.8150000000000001
20
1.35
30
0
11
0.8150000000000001
21
1.342
31
0
0
LINE
5
1155D
330
10AD3
100
AcDbEntity
100
AcDbLine
8
TAVA_PROFILI
10
0.8150000000000001
20
1.342
30
0
11
0.802
21
1.342
31
0
0
LINE
5
115EB
330
10AD3
100
AcDbEntity
100
AcDbLine
8
TAVA_PROFILI
10
0.30000000000000004
20
0.75
30
0
11
0.8
21
0.75
31
0
0
LINE
5
115EC
330
10AD3
100
AcDbEntity
100
AcDbLine
8
TAVA_PROFILI
10
0.29800000000000004
20
0.748
30
0
11
0.802
21
0.748
31
0
0
LINE
5
115ED
330
10AD3
100
AcDbEntity
100
AcDbLine
8
TAVA_PROFILI
10
0.30000000000000004
20
0.75
30
0
11
0.30000000000000004
21
0.85
31
0
0
LINE
5
115EE
330
10AD3
100
AcDbEntity
100
AcDbLine
8
TAVA_PROFILI
10
0.29800000000000004
20
0.748
30
0
11
0.29800000000000004
21
0.85
31
0
0
LINE
5
115EF
330
10AD3
100
AcDbEntity
100
AcDbLine
8
TAVA_PROFILI
10
0.8
20
0.75
30
0
11
0.8
21
0.85
31
0
0
LINE
5
115F0
330
10AD3
100
AcDbEntity
100
AcDbLine
8
TAVA_PROFILI
10
0.802
20
0.748
30
0
11
0.802
21
0.85
31
0
0
LINE
5
115F1
330
10AD3
100
AcDbEntity
100
AcDbLine
8
TAVA_PROFILI
10
0.30000000000000004
20
0.85
30
0
11
0.28500000000000003
21
0.85
31
0
0
LINE
5
115F2
330
10AD3
100
AcDbEntity
100
AcDbLine
8
TAVA_PROFILI
10
0.28500000000000003
20
0.85
30
0
11
0.28500000000000003
21
0.842
31
0
0
LINE
5
115F3
330
10AD3
100
AcDbEntity
100
AcDbLine
8
TAVA_PROFILI
10
0.28500000000000003
20
0.842
30
0
11
0.29800000000000004
21
0.842
31
0
0
LINE
5
115F4
330
10AD3
100
AcDbEntity
100
AcDbLine
8
TAVA_PROFILI
10
0.8
20
0.85
30
0
11
0.8150000000000001
21
0.85
31
0
0
LINE
5
115F5
330
10AD3
100
AcDbEntity
100
AcDbLine
8
TAVA_PROFILI
10
0.8150000000000001
20
0.85
30
0
11
0.8150000000000001
21
0.842
31
0
0
LINE
5
115F6
330
10AD3
100
AcDbEntity
100
AcDbLine
8
TAVA_PROFILI
10
0.8150000000000001
20
0.842
30
0
11
0.802
21
0.842
31
0
0
LINE
5
10AF8
330
10AD3
100
AcDbEntity
100
AcDbLine
8
TAVA_DETAY_DELIK
10
-0.9335
20
3.966
30
0
11
-0.9065000000000001
21
3.966
31
0
0
LINE
5
10AF9
330
10AD3
100
AcDbEntity
100
AcDbLine
8
TAVA_DETAY_DELIK
10
-0.9335
20
3.974
30
0
11
-0.9065000000000001
21
3.974
31
0
0
CIRCLE
5
10AFA
330
10AD3
100
AcDbEntity
100
AcDbCircle
8
TAVA_DETAY_DELIK
10
-0.9335
20
3.97
30
0
40
0.004
0
CIRCLE
5
10AFB
330
10AD3
100
AcDbEntity
100
AcDbCircle
8
TAVA_DETAY_DELIK
10
-0.9065000000000001
20
3.97
30
0
40
0.004
0
LINE
5
10AFC
330
10AD3
100
AcDbEntity
100
AcDbLine
8
TAVA_DETAY_DELIK
10
-0.9335
20
4.056000000000001
30
0
11
-0.9065000000000001
21
4.056000000000001
31
0
0
LINE
5
10AFD
330
10AD3
100
AcDbEntity
100
AcDbLine
8
TAVA_DETAY_DELIK
10
-0.9335
20
4.064
30
0
11
-0.9065000000000001
21
4.064
31
0
0
CIRCLE
5
10AFE
330
10AD3
100
AcDbEntity
100
AcDbCircle
8
TAVA_DETAY_DELIK
10
-0.9335
20
4.0600000000000005
30
0
40
0.004
0
CIRCLE
5
10AFF
330
10AD3
100
AcDbEntity
100
AcDbCircle
8
TAVA_DETAY_DELIK
10
-0.9065000000000001
20
4.0600000000000005
30
0
40
0.004
0
LINE
5
10B00
330
10AD3
100
AcDbEntity
100
AcDbLine
8
TAVA_DETAY_DELIK
10
-0.9335
20
4.146000000000001
30
0
11
-0.9065000000000001
21
4.146000000000001
31
0
0
LINE
5
10B01
330
10AD3
100
AcDbEntity
100
AcDbLine
8
TAVA_DETAY_DELIK
10
-0.9335
20
4.154
30
0
11
-0.9065000000000001
21
4.154
31
0
0
CIRCLE
5
10B02
330
10AD3
100
AcDbEntity
100
AcDbCircle
8
TAVA_DETAY_DELIK
10
-0.9335
20
4.15
30
0
40
0.004
0
CIRCLE
5
10B03
330
10AD3
100
AcDbEntity
100
AcDbCircle
8
TAVA_DETAY_DELIK
10
-0.9065000000000001
20
4.15
30
0
40
0.004
0
LINE
5
10B04
330
10AD3
100
AcDbEntity
100
AcDbLine
8
TAVA_DETAY_DELIK
10
-0.9335
20
4.236000000000001
30
0
11
-0.9065000000000001
21
4.236000000000001
31
0
0
LINE
5
10B05
330
10AD3
100
AcDbEntity
100
AcDbLine
8
TAVA_DETAY_DELIK
10
-0.9335
20
4.244
30
0
11
-0.9065000000000001
21
4.244
31
0
0
CIRCLE
5
10B06
330
10AD3
100
AcDbEntity
100
AcDbCircle
8
TAVA_DETAY_DELIK
10
-0.9335
20
4.24
30
0
40
0.004
0
CIRCLE
5
10B07
330
10AD3
100
AcDbEntity
100
AcDbCircle
8
TAVA_DETAY_DELIK
10
-0.9065000000000001
20
4.24
30
0
40
0.004
0
LINE
5
10B08
330
10AD3
100
AcDbEntity
100
AcDbLine
8
TAVA_DETAY_DELIK
10
-0.9335
20
4.3260000000000005
30
0
11
-0.9065000000000001
21
4.3260000000000005
31
0
0
LINE
5
10B09
330
10AD3
100
AcDbEntity
100
AcDbLine
8
TAVA_DETAY_DELIK
10
-0.9335
20
4.334
30
0
11
-0.9065000000000001
21
4.334
31
0
0
CIRCLE
5
10B0A
330
10AD3
100
AcDbEntity
100
AcDbCircle
8
TAVA_DETAY_DELIK
10
-0.9335
20
4.33
30
0
40
0.004
0
CIRCLE
5
10B0B
330
10AD3
100
AcDbEntity
100
AcDbCircle
8
TAVA_DETAY_DELIK
10
-0.9065000000000001
20
4.33
30
0
40
0.004
0
LINE
5
10B0C
330
10AD3
100
AcDbEntity
100
AcDbLine
8
TAVA_DETAY_DELIK
10
-0.8335
20
3.966
30
0
11
-0.8065000000000001
21
3.966
31
0
0
LINE
5
10B0D
330
10AD3
100
AcDbEntity
100
AcDbLine
8
TAVA_DETAY_DELIK
10
-0.8335
20
3.974
30
0
11
-0.8065000000000001
21
3.974
31
0
0
CIRCLE
5
10B0E
330
10AD3
100
AcDbEntity
100
AcDbCircle
8
TAVA_DETAY_DELIK
10
-0.8335
20
3.97
30
0
40
0.004
0
CIRCLE
5
10B0F
330
10AD3
100
AcDbEntity
100
AcDbCircle
8
TAVA_DETAY_DELIK
10
-0.8065000000000001
20
3.97
30
0
40
0.004
0
LINE
5
10B10
330
10AD3
100
AcDbEntity
100
AcDbLine
8
TAVA_DETAY_DELIK
10
-0.8335
20
4.056000000000001
30
0
11
-0.8065000000000001
21
4.056000000000001
31
0
0
LINE
5
10B11
330
10AD3
100
AcDbEntity
100
AcDbLine
8
TAVA_DETAY_DELIK
10
-0.8335
20
4.064
30
0
11
-0.8065000000000001
21
4.064
31
0
0
CIRCLE
5
10B12
330
10AD3
100
AcDbEntity
100
AcDbCircle
8
TAVA_DETAY_DELIK
10
-0.8335
20
4.0600000000000005
30
0
40
0.004
0
CIRCLE
5
10B13
330
10AD3
100
AcDbEntity
100
AcDbCircle
8
TAVA_DETAY_DELIK
10
-0.8065000000000001
20
4.0600000000000005
30
0
40
0.004
0
LINE
5
10B14
330
10AD3
100
AcDbEntity
100
AcDbLine
8
TAVA_DETAY_DELIK
10
-0.8335
20
4.146000000000001
30
0
11
-0.8065000000000001
21
4.146000000000001
31
0
0
LINE
5
10B15
330
10AD3
100
AcDbEntity
100
AcDbLine
8
TAVA_DETAY_DELIK
10
-0.8335
20
4.154
30
0
11
-0.8065000000000001
21
4.154
31
0
0
CIRCLE
5
10B16
330
10AD3
100
AcDbEntity
100
AcDbCircle
8
TAVA_DETAY_DELIK
10
-0.8335
20
4.15
30
0
40
0.004
0
CIRCLE
5
10B17
330
10AD3
100
AcDbEntity
100
AcDbCircle
8
TAVA_DETAY_DELIK
10
-0.8065000000000001
20
4.15
30
0
40
0.004
0
LINE
5
10B18
330
10AD3
100
AcDbEntity
100
AcDbLine
8
TAVA_DETAY_DELIK
10
-0.8335
20
4.236000000000001
30
0
11
-0.8065000000000001
21
4.236000000000001
31
0
0
LINE
5
10B19
330
10AD3
100
AcDbEntity
100
AcDbLine
8
TAVA_DETAY_DELIK
10
-0.8335
20
4.244
30
0
11
-0.8065000000000001
21
4.244
31
0
0
CIRCLE
5
10B1A
330
10AD3
100
AcDbEntity
100
AcDbCircle
8
TAVA_DETAY_DELIK
10
-0.8335
20
4.24
30
0
40
0.004
0
CIRCLE
5
10B1B
330
10AD3
100
AcDbEntity
100
AcDbCircle
8
TAVA_DETAY_DELIK
10
-0.8065000000000001
20
4.24
30
0
40
0.004
0
LINE
5
10B1C
330
10AD3
100
AcDbEntity
100
AcDbLine
8
TAVA_DETAY_DELIK
10
-0.8335
20
4.3260000000000005
30
0
11
-0.8065000000000001
21
4.3260000000000005
31
0
0
LINE
5
10B1D
330
10AD3
100
AcDbEntity
100
AcDbLine
8
TAVA_DETAY_DELIK
10
-0.8335
20
4.334
30
0
11
-0.8065000000000001
21
4.334
31
0
0
CIRCLE
5
10B1E
330
10AD3
100
AcDbEntity
100
AcDbCircle
8
TAVA_DETAY_DELIK
10
-0.8335
20
4.33
30
0
40
0.004
0
CIRCLE
5
10B1F
330
10AD3
100
AcDbEntity
100
AcDbCircle
8
TAVA_DETAY_DELIK
10
-0.8065000000000001
20
4.33
30
0
40
0.004
0
LINE
5
10B20
330
10AD3
100
AcDbEntity
100
AcDbLine
8
TAVA_DETAY_DELIK
10
-0.7334999999999999
20
3.966
30
0
11
-0.7065
21
3.966
31
0
0
LINE
5
10B21
330
10AD3
100
AcDbEntity
100
AcDbLine
8
TAVA_DETAY_DELIK
10
-0.7334999999999999
20
3.974
30
0
11
-0.7065
21
3.974
31
0
0
CIRCLE
5
10B22
330
10AD3
100
AcDbEntity
100
AcDbCircle
8
TAVA_DETAY_DELIK
10
-0.7334999999999999
20
3.97
30
0
40
0.004
0
CIRCLE
5
10B23
330
10AD3
100
AcDbEntity
100
AcDbCircle
8
TAVA_DETAY_DELIK
10
-0.7065
20
3.97
30
0
40
0.004
0
LINE
5
10B24
330
10AD3
100
AcDbEntity
100
AcDbLine
8
TAVA_DETAY_DELIK
10
-0.7334999999999999
20
4.056000000000001
30
0
11
-0.7065
21
4.056000000000001
31
0
0
LINE
5
10B25
330
10AD3
100
AcDbEntity
100
AcDbLine
8
TAVA_DETAY_DELIK
10
-0.7334999999999999
20
4.064
30
0
11
-0.7065
21
4.064
31
0
0
CIRCLE
5
10B26
330
10AD3
100
AcDbEntity
100
AcDbCircle
8
TAVA_DETAY_DELIK
10
-0.7334999999999999
20
4.0600000000000005
30
0
40
0.004
0
CIRCLE
5
10B27
330
10AD3
100
AcDbEntity
100
AcDbCircle
8
TAVA_DETAY_DELIK
10
-0.7065
20
4.0600000000000005
30
0
40
0.004
0
LINE
5
10B28
330
10AD3
100
AcDbEntity
100
AcDbLine
8
TAVA_DETAY_DELIK
10
-0.7334999999999999
20
4.146000000000001
30
0
11
-0.7065
21
4.146000000000001
31
0
0
LINE
5
10B29
330
10AD3
100
AcDbEntity
100
AcDbLine
8
TAVA_DETAY_DELIK
10
-0.7334999999999999
20
4.154
30
0
11
-0.7065
21
4.154
31
0
0
CIRCLE
5
10B2A
330
10AD3
100
AcDbEntity
100
AcDbCircle
8
TAVA_DETAY_DELIK
10
-0.7334999999999999
20
4.15
30
0
40
0.004
0
CIRCLE
5
10B2B
330
10AD3
100
AcDbEntity
100
AcDbCircle
8
TAVA_DETAY_DELIK
10
-0.7065
20
4.15
30
0
40
0.004
0
LINE
5
10B2C
330
10AD3
100
AcDbEntity
100
AcDbLine
8
TAVA_DETAY_DELIK
10
-0.7334999999999999
20
4.236000000000001
30
0
11
-0.7065
21
4.236000000000001
31
0
0
LINE
5
10B2D
330
10AD3
100
AcDbEntity
100
AcDbLine
8
TAVA_DETAY_DELIK
10
-0.7334999999999999
20
4.244
30
0
11
-0.7065
21
4.244
31
0
0
CIRCLE
5
10B2E
330
10AD3
100
AcDbEntity
100
AcDbCircle
8
TAVA_DETAY_DELIK
10
-0.7334999999999999
20
4.24
30
0
40
0.004
0
CIRCLE
5
10B2F
330
10AD3
100
AcDbEntity
100
AcDbCircle
8
TAVA_DETAY_DELIK
10
-0.7065
20
4.24
30
0
40
0.004
0
LINE
5
10B30
330
10AD3
100
AcDbEntity
100
AcDbLine
8
TAVA_DETAY_DELIK
10
-0.7334999999999999
20
4.3260000000000005
30
0
11
-0.7065
21
4.3260000000000005
31
0
0
LINE
5
10B31
330
10AD3
100
AcDbEntity
100
AcDbLine
8
TAVA_DETAY_DELIK
10
-0.7334999999999999
20
4.334
30
0
11
-0.7065
21
4.334
31
0
0
CIRCLE
5
10B32
330
10AD3
100
AcDbEntity
100
AcDbCircle
8
TAVA_DETAY_DELIK
10
-0.7334999999999999
20
4.33
30
0
40
0.004
0
CIRCLE
5
10B33
330
10AD3
100
AcDbEntity
100
AcDbCircle
8
TAVA_DETAY_DELIK
10
-0.7065
20
4.33
30
0
40
0.004
0
LINE
5
10B34
330
10AD3
100
AcDbEntity
100
AcDbLine
8
TAVA_DETAY_DELIK
10
-0.6335
20
3.966
30
0
11
-0.6065
21
3.966
31
0
0
LINE
5
10B35
330
10AD3
100
AcDbEntity
100
AcDbLine
8
TAVA_DETAY_DELIK
10
-0.6335
20
3.974
30
0
11
-0.6065
21
3.974
31
0
0
CIRCLE
5
10B36
330
10AD3
100
AcDbEntity
100
AcDbCircle
8
TAVA_DETAY_DELIK
10
-0.6335
20
3.97
30
0
40
0.004
0
CIRCLE
5
10B37
330
10AD3
100
AcDbEntity
100
AcDbCircle
8
TAVA_DETAY_DELIK
10
-0.6065
20
3.97
30
0
40
0.004
0
LINE
5
10B38
330
10AD3
100
AcDbEntity
100
AcDbLine
8
TAVA_DETAY_DELIK
10
-0.6335
20
4.056000000000001
30
0
11
-0.6065
21
4.056000000000001
31
0
0
LINE
5
10B39
330
10AD3
100
AcDbEntity
100
AcDbLine
8
TAVA_DETAY_DELIK
10
-0.6335
20
4.064
30
0
11
-0.6065
21
4.064
31
0
0
CIRCLE
5
10B3A
330
10AD3
100
AcDbEntity
100
AcDbCircle
8
TAVA_DETAY_DELIK
10
-0.6335
20
4.0600000000000005
30
0
40
0.004
0
CIRCLE
5
10B3B
330
10AD3
100
AcDbEntity
100
AcDbCircle
8
TAVA_DETAY_DELIK
10
-0.6065
20
4.0600000000000005
30
0
40
0.004
0
LINE
5
10B3C
330
10AD3
100
AcDbEntity
100
AcDbLine
8
TAVA_DETAY_DELIK
10
-0.6335
20
4.146000000000001
30
0
11
-0.6065
21
4.146000000000001
31
0
0
LINE
5
10B3D
330
10AD3
100
AcDbEntity
100
AcDbLine
8
TAVA_DETAY_DELIK
10
-0.6335
20
4.154
30
0
11
-0.6065
21
4.154
31
0
0
CIRCLE
5
10B3E
330
10AD3
100
AcDbEntity
100
AcDbCircle
8
TAVA_DETAY_DELIK
10
-0.6335
20
4.15
30
0
40
0.004
0
CIRCLE
5
10B3F
330
10AD3
100
AcDbEntity
100
AcDbCircle
8
TAVA_DETAY_DELIK
10
-0.6065
20
4.15
30
0
40
0.004
0
LINE
5
10B40
330
10AD3
100
AcDbEntity
100
AcDbLine
8
TAVA_DETAY_DELIK
10
-0.6335
20
4.236000000000001
30
0
11
-0.6065
21
4.236000000000001
31
0
0
LINE
5
10B41
330
10AD3
100
AcDbEntity
100
AcDbLine
8
TAVA_DETAY_DELIK
10
-0.6335
20
4.244
30
0
11
-0.6065
21
4.244
31
0
0
CIRCLE
5
10B42
330
10AD3
100
AcDbEntity
100
AcDbCircle
8
TAVA_DETAY_DELIK
10
-0.6335
20
4.24
30
0
40
0.004
0
CIRCLE
5
10B43
330
10AD3
100
AcDbEntity
100
AcDbCircle
8
TAVA_DETAY_DELIK
10
-0.6065
20
4.24
30
0
40
0.004
0
LINE
5
10B44
330
10AD3
100
AcDbEntity
100
AcDbLine
8
TAVA_DETAY_DELIK
10
-0.6335
20
4.3260000000000005
30
0
11
-0.6065
21
4.3260000000000005
31
0
0
LINE
5
10B45
330
10AD3
100
AcDbEntity
100
AcDbLine
8
TAVA_DETAY_DELIK
10
-0.6335
20
4.334
30
0
11
-0.6065
21
4.334
31
0
0
CIRCLE
5
10B46
330
10AD3
100
AcDbEntity
100
AcDbCircle
8
TAVA_DETAY_DELIK
10
-0.6335
20
4.33
30
0
40
0.004
0
CIRCLE
5
10B47
330
10AD3
100
AcDbEntity
100
AcDbCircle
8
TAVA_DETAY_DELIK
10
-0.6065
20
4.33
30
0
40
0.004
0
LINE
5
10B48
330
10AD3
100
AcDbEntity
100
AcDbLine
8
TAVA_DETAY_DELIK
10
-0.5335
20
3.966
30
0
11
-0.5065000000000001
21
3.966
31
0
0
LINE
5
10B49
330
10AD3
100
AcDbEntity
100
AcDbLine
8
TAVA_DETAY_DELIK
10
-0.5335
20
3.974
30
0
11
-0.5065000000000001
21
3.974
31
0
0
CIRCLE
5
10B4A
330
10AD3
100
AcDbEntity
100
AcDbCircle
8
TAVA_DETAY_DELIK
10
-0.5335
20
3.97
30
0
40
0.004
0
CIRCLE
5
10B4B
330
10AD3
100
AcDbEntity
100
AcDbCircle
8
TAVA_DETAY_DELIK
10
-0.5065000000000001
20
3.97
30
0
40
0.004
0
LINE
5
10B4C
330
10AD3
100
AcDbEntity
100
AcDbLine
8
TAVA_DETAY_DELIK
10
-0.5335
20
4.056000000000001
30
0
11
-0.5065000000000001
21
4.056000000000001
31
0
0
LINE
5
10B4D
330
10AD3
100
AcDbEntity
100
AcDbLine
8
TAVA_DETAY_DELIK
10
-0.5335
20
4.064
30
0
11
-0.5065000000000001
21
4.064
31
0
0
CIRCLE
5
10B4E
330
10AD3
100
AcDbEntity
100
AcDbCircle
8
TAVA_DETAY_DELIK
10
-0.5335
20
4.0600000000000005
30
0
40
0.004
0
CIRCLE
5
10B4F
330
10AD3
100
AcDbEntity
100
AcDbCircle
8
TAVA_DETAY_DELIK
10
-0.5065000000000001
20
4.0600000000000005
30
0
40
0.004
0
LINE
5
10B50
330
10AD3
100
AcDbEntity
100
AcDbLine
8
TAVA_DETAY_DELIK
10
-0.5335
20
4.146000000000001
30
0
11
-0.5065000000000001
21
4.146000000000001
31
0
0
LINE
5
10B51
330
10AD3
100
AcDbEntity
100
AcDbLine
8
TAVA_DETAY_DELIK
10
-0.5335
20
4.154
30
0
11
-0.5065000000000001
21
4.154
31
0
0
CIRCLE
5
10B52
330
10AD3
100
AcDbEntity
100
AcDbCircle
8
TAVA_DETAY_DELIK
10
-0.5335
20
4.15
30
0
40
0.004
0
CIRCLE
5
10B53
330
10AD3
100
AcDbEntity
100
AcDbCircle
8
TAVA_DETAY_DELIK
10
-0.5065000000000001
20
4.15
30
0
40
0.004
0
LINE
5
10B54
330
10AD3
100
AcDbEntity
100
AcDbLine
8
TAVA_DETAY_DELIK
10
-0.5335
20
4.236000000000001
30
0
11
-0.5065000000000001
21
4.236000000000001
31
0
0
LINE
5
10B55
330
10AD3
100
AcDbEntity
100
AcDbLine
8
TAVA_DETAY_DELIK
10
-0.5335
20
4.244
30
0
11
-0.5065000000000001
21
4.244
31
0
0
CIRCLE
5
10B56
330
10AD3
100
AcDbEntity
100
AcDbCircle
8
TAVA_DETAY_DELIK
10
-0.5335
20
4.24
30
0
40
0.004
0
CIRCLE
5
10B57
330
10AD3
100
AcDbEntity
100
AcDbCircle
8
TAVA_DETAY_DELIK
10
-0.5065000000000001
20
4.24
30
0
40
0.004
0
LINE
5
10B58
330
10AD3
100
AcDbEntity
100
AcDbLine
8
TAVA_DETAY_DELIK
10
-0.5335
20
4.3260000000000005
30
0
11
-0.5065000000000001
21
4.3260000000000005
31
0
0
LINE
5
10B59
330
10AD3
100
AcDbEntity
100
AcDbLine
8
TAVA_DETAY_DELIK
10
-0.5335
20
4.334
30
0
11
-0.5065000000000001
21
4.334
31
0
0
CIRCLE
5
10B5A
330
10AD3
100
AcDbEntity
100
AcDbCircle
8
TAVA_DETAY_DELIK
10
-0.5335
20
4.33
30
0
40
0.004
0
CIRCLE
5
10B5B
330
10AD3
100
AcDbEntity
100
AcDbCircle
8
TAVA_DETAY_DELIK
10
-0.5065000000000001
20
4.33
30
0
40
0.004
0
LINE
5
10B5C
330
10AD3
100
AcDbEntity
100
AcDbLine
8
TAVA_DETAY_DELIK
10
-0.4335
20
3.966
30
0
11
-0.4065
21
3.966
31
0
0
LINE
5
10B5D
330
10AD3
100
AcDbEntity
100
AcDbLine
8
TAVA_DETAY_DELIK
10
-0.4335
20
3.974
30
0
11
-0.4065
21
3.974
31
0
0
CIRCLE
5
10B5E
330
10AD3
100
AcDbEntity
100
AcDbCircle
8
TAVA_DETAY_DELIK
10
-0.4335
20
3.97
30
0
40
0.004
0
CIRCLE
5
10B5F
330
10AD3
100
AcDbEntity
100
AcDbCircle
8
TAVA_DETAY_DELIK
10
-0.4065
20
3.97
30
0
40
0.004
0
LINE
5
10B60
330
10AD3
100
AcDbEntity
100
AcDbLine
8
TAVA_DETAY_DELIK
10
-0.4335
20
4.056000000000001
30
0
11
-0.4065
21
4.056000000000001
31
0
0
LINE
5
10B61
330
10AD3
100
AcDbEntity
100
AcDbLine
8
TAVA_DETAY_DELIK
10
-0.4335
20
4.064
30
0
11
-0.4065
21
4.064
31
0
0
CIRCLE
5
10B62
330
10AD3
100
AcDbEntity
100
AcDbCircle
8
TAVA_DETAY_DELIK
10
-0.4335
20
4.0600000000000005
30
0
40
0.004
0
CIRCLE
5
10B63
330
10AD3
100
AcDbEntity
100
AcDbCircle
8
TAVA_DETAY_DELIK
10
-0.4065
20
4.0600000000000005
30
0
40
0.004
0
LINE
5
10B64
330
10AD3
100
AcDbEntity
100
AcDbLine
8
TAVA_DETAY_DELIK
10
-0.4335
20
4.146000000000001
30
0
11
-0.4065
21
4.146000000000001
31
0
0
LINE
5
10B65
330
10AD3
100
AcDbEntity
100
AcDbLine
8
TAVA_DETAY_DELIK
10
-0.4335
20
4.154
30
0
11
-0.4065
21
4.154
31
0
0
CIRCLE
5
10B66
330
10AD3
100
AcDbEntity
100
AcDbCircle
8
TAVA_DETAY_DELIK
10
-0.4335
20
4.15
30
0
40
0.004
0
CIRCLE
5
10B67
330
10AD3
100
AcDbEntity
100
AcDbCircle
8
TAVA_DETAY_DELIK
10
-0.4065
20
4.15
30
0
40
0.004
0
LINE
5
10B68
330
10AD3
100
AcDbEntity
100
AcDbLine
8
TAVA_DETAY_DELIK
10
-0.4335
20
4.236000000000001
30
0
11
-0.4065
21
4.236000000000001
31
0
0
LINE
5
10B69
330
10AD3
100
AcDbEntity
100
AcDbLine
8
TAVA_DETAY_DELIK
10
-0.4335
20
4.244
30
0
11
-0.4065
21
4.244
31
0
0
CIRCLE
5
10B6A
330
10AD3
100
AcDbEntity
100
AcDbCircle
8
TAVA_DETAY_DELIK
10
-0.4335
20
4.24
30
0
40
0.004
0
CIRCLE
5
10B6B
330
10AD3
100
AcDbEntity
100
AcDbCircle
8
TAVA_DETAY_DELIK
10
-0.4065
20
4.24
30
0
40
0.004
0
LINE
5
10B6C
330
10AD3
100
AcDbEntity
100
AcDbLine
8
TAVA_DETAY_DELIK
10
-0.4335
20
4.3260000000000005
30
0
11
-0.4065
21
4.3260000000000005
31
0
0
LINE
5
10B6D
330
10AD3
100
AcDbEntity
100
AcDbLine
8
TAVA_DETAY_DELIK
10
-0.4335
20
4.334
30
0
11
-0.4065
21
4.334
31
0
0
CIRCLE
5
10B6E
330
10AD3
100
AcDbEntity
100
AcDbCircle
8
TAVA_DETAY_DELIK
10
-0.4335
20
4.33
30
0
40
0.004
0
CIRCLE
5
10B6F
330
10AD3
100
AcDbEntity
100
AcDbCircle
8
TAVA_DETAY_DELIK
10
-0.4065
20
4.33
30
0
40
0.004
0
LINE
5
10B70
330
10AD3
100
AcDbEntity
100
AcDbLine
8
TAVA_DETAY_DELIK
10
-0.3335
20
3.966
30
0
11
-0.3065
21
3.966
31
0
0
LINE
5
10B71
330
10AD3
100
AcDbEntity
100
AcDbLine
8
TAVA_DETAY_DELIK
10
-0.3335
20
3.974
30
0
11
-0.3065
21
3.974
31
0
0
CIRCLE
5
10B72
330
10AD3
100
AcDbEntity
100
AcDbCircle
8
TAVA_DETAY_DELIK
10
-0.3335
20
3.97
30
0
40
0.004
0
CIRCLE
5
10B73
330
10AD3
100
AcDbEntity
100
AcDbCircle
8
TAVA_DETAY_DELIK
10
-0.3065
20
3.97
30
0
40
0.004
0
LINE
5
10B74
330
10AD3
100
AcDbEntity
100
AcDbLine
8
TAVA_DETAY_DELIK
10
-0.3335
20
4.056000000000001
30
0
11
-0.3065
21
4.056000000000001
31
0
0
LINE
5
10B75
330
10AD3
100
AcDbEntity
100
AcDbLine
8
TAVA_DETAY_DELIK
10
-0.3335
20
4.064
30
0
11
-0.3065
21
4.064
31
0
0
CIRCLE
5
10B76
330
10AD3
100
AcDbEntity
100
AcDbCircle
8
TAVA_DETAY_DELIK
10
-0.3335
20
4.0600000000000005
30
0
40
0.004
0
CIRCLE
5
10B77
330
10AD3
100
AcDbEntity
100
AcDbCircle
8
TAVA_DETAY_DELIK
10
-0.3065
20
4.0600000000000005
30
0
40
0.004
0
LINE
5
10B78
330
10AD3
100
AcDbEntity
100
AcDbLine
8
TAVA_DETAY_DELIK
10
-0.3335
20
4.146000000000001
30
0
11
-0.3065
21
4.146000000000001
31
0
0
LINE
5
10B79
330
10AD3
100
AcDbEntity
100
AcDbLine
8
TAVA_DETAY_DELIK
10
-0.3335
20
4.154
30
0
11
-0.3065
21
4.154
31
0
0
CIRCLE
5
10B7A
330
10AD3
100
AcDbEntity
100
AcDbCircle
8
TAVA_DETAY_DELIK
10
-0.3335
20
4.15
30
0
40
0.004
0
CIRCLE
5
10B7B
330
10AD3
100
AcDbEntity
100
AcDbCircle
8
TAVA_DETAY_DELIK
10
-0.3065
20
4.15
30
0
40
0.004
0
LINE
5
10B7C
330
10AD3
100
AcDbEntity
100
AcDbLine
8
TAVA_DETAY_DELIK
10
-0.3335
20
4.236000000000001
30
0
11
-0.3065
21
4.236000000000001
31
0
0
LINE
5
10B7D
330
10AD3
100
AcDbEntity
100
AcDbLine
8
TAVA_DETAY_DELIK
10
-0.3335
20
4.244
30
0
11
-0.3065
21
4.244
31
0
0
CIRCLE
5
10B7E
330
10AD3
100
AcDbEntity
100
AcDbCircle
8
TAVA_DETAY_DELIK
10
-0.3335
20
4.24
30
0
40
0.004
0
CIRCLE
5
10B7F
330
10AD3
100
AcDbEntity
100
AcDbCircle
8
TAVA_DETAY_DELIK
10
-0.3065
20
4.24
30
0
40
0.004
0
LINE
5
10B80
330
10AD3
100
AcDbEntity
100
AcDbLine
8
TAVA_DETAY_DELIK
10
-0.3335
20
4.3260000000000005
30
0
11
-0.3065
21
4.3260000000000005
31
0
0
LINE
5
10B81
330
10AD3
100
AcDbEntity
100
AcDbLine
8
TAVA_DETAY_DELIK
10
-0.3335
20
4.334
30
0
11
-0.3065
21
4.334
31
0
0
CIRCLE
5
10B82
330
10AD3
100
AcDbEntity
100
AcDbCircle
8
TAVA_DETAY_DELIK
10
-0.3335
20
4.33
30
0
40
0.004
0
CIRCLE
5
10B83
330
10AD3
100
AcDbEntity
100
AcDbCircle
8
TAVA_DETAY_DELIK
10
-0.3065
20
4.33
30
0
40
0.004
0
LINE
5
10B84
330
10AD3
100
AcDbEntity
100
AcDbLine
8
TAVA_DETAY_DELIK
10
-0.23349999999999999
20
3.966
30
0
11
-0.20650000000000002
21
3.966
31
0
0
LINE
5
10B85
330
10AD3
100
AcDbEntity
100
AcDbLine
8
TAVA_DETAY_DELIK
10
-0.23349999999999999
20
3.974
30
0
11
-0.20650000000000002
21
3.974
31
0
0
CIRCLE
5
10B86
330
10AD3
100
AcDbEntity
100
AcDbCircle
8
TAVA_DETAY_DELIK
10
-0.23349999999999999
20
3.97
30
0
40
0.004
0
CIRCLE
5
10B87
330
10AD3
100
AcDbEntity
100
AcDbCircle
8
TAVA_DETAY_DELIK
10
-0.20650000000000002
20
3.97
30
0
40
0.004
0
LINE
5
10B88
330
10AD3
100
AcDbEntity
100
AcDbLine
8
TAVA_DETAY_DELIK
10
-0.23349999999999999
20
4.056000000000001
30
0
11
-0.20650000000000002
21
4.056000000000001
31
0
0
LINE
5
10B89
330
10AD3
100
AcDbEntity
100
AcDbLine
8
TAVA_DETAY_DELIK
10
-0.23349999999999999
20
4.064
30
0
11
-0.20650000000000002
21
4.064
31
0
0
CIRCLE
5
10B8A
330
10AD3
100
AcDbEntity
100
AcDbCircle
8
TAVA_DETAY_DELIK
10
-0.23349999999999999
20
4.0600000000000005
30
0
40
0.004
0
CIRCLE
5
10B8B
330
10AD3
100
AcDbEntity
100
AcDbCircle
8
TAVA_DETAY_DELIK
10
-0.20650000000000002
20
4.0600000000000005
30
0
40
0.004
0
LINE
5
10B8C
330
10AD3
100
AcDbEntity
100
AcDbLine
8
TAVA_DETAY_DELIK
10
-0.23349999999999999
20
4.146000000000001
30
0
11
-0.20650000000000002
21
4.146000000000001
31
0
0
LINE
5
10B8D
330
10AD3
100
AcDbEntity
100
AcDbLine
8
TAVA_DETAY_DELIK
10
-0.23349999999999999
20
4.154
30
0
11
-0.20650000000000002
21
4.154
31
0
0
CIRCLE
5
10B8E
330
10AD3
100
AcDbEntity
100
AcDbCircle
8
TAVA_DETAY_DELIK
10
-0.23349999999999999
20
4.15
30
0
40
0.004
0
CIRCLE
5
10B8F
330
10AD3
100
AcDbEntity
100
AcDbCircle
8
TAVA_DETAY_DELIK
10
-0.20650000000000002
20
4.15
30
0
40
0.004
0
LINE
5
10B90
330
10AD3
100
AcDbEntity
100
AcDbLine
8
TAVA_DETAY_DELIK
10
-0.23349999999999999
20
4.236000000000001
30
0
11
-0.20650000000000002
21
4.236000000000001
31
0
0
LINE
5
10B91
330
10AD3
100
AcDbEntity
100
AcDbLine
8
TAVA_DETAY_DELIK
10
-0.23349999999999999
20
4.244
30
0
11
-0.20650000000000002
21
4.244
31
0
0
CIRCLE
5
10B92
330
10AD3
100
AcDbEntity
100
AcDbCircle
8
TAVA_DETAY_DELIK
10
-0.23349999999999999
20
4.24
30
0
40
0.004
0
CIRCLE
5
10B93
330
10AD3
100
AcDbEntity
100
AcDbCircle
8
TAVA_DETAY_DELIK
10
-0.20650000000000002
20
4.24
30
0
40
0.004
0
LINE
5
10B94
330
10AD3
100
AcDbEntity
100
AcDbLine
8
TAVA_DETAY_DELIK
10
-0.23349999999999999
20
4.3260000000000005
30
0
11
-0.20650000000000002
21
4.3260000000000005
31
0
0
LINE
5
10B95
330
10AD3
100
AcDbEntity
100
AcDbLine
8
TAVA_DETAY_DELIK
10
-0.23349999999999999
20
4.334
30
0
11
-0.20650000000000002
21
4.334
31
0
0
CIRCLE
5
10B96
330
10AD3
100
AcDbEntity
100
AcDbCircle
8
TAVA_DETAY_DELIK
10
-0.23349999999999999
20
4.33
30
0
40
0.004
0
CIRCLE
5
10B97
330
10AD3
100
AcDbEntity
100
AcDbCircle
8
TAVA_DETAY_DELIK
10
-0.20650000000000002
20
4.33
30
0
40
0.004
0
LINE
5
10B98
330
10AD3
100
AcDbEntity
100
AcDbLine
8
TAVA_DETAY_DELIK
10
-0.1335
20
3.966
30
0
11
-0.1065
21
3.966
31
0
0
LINE
5
10B99
330
10AD3
100
AcDbEntity
100
AcDbLine
8
TAVA_DETAY_DELIK
10
-0.1335
20
3.974
30
0
11
-0.1065
21
3.974
31
0
0
CIRCLE
5
10B9A
330
10AD3
100
AcDbEntity
100
AcDbCircle
8
TAVA_DETAY_DELIK
10
-0.1335
20
3.97
30
0
40
0.004
0
CIRCLE
5
10B9B
330
10AD3
100
AcDbEntity
100
AcDbCircle
8
TAVA_DETAY_DELIK
10
-0.1065
20
3.97
30
0
40
0.004
0
LINE
5
10B9C
330
10AD3
100
AcDbEntity
100
AcDbLine
8
TAVA_DETAY_DELIK
10
-0.1335
20
4.056000000000001
30
0
11
-0.1065
21
4.056000000000001
31
0
0
LINE
5
10B9D
330
10AD3
100
AcDbEntity
100
AcDbLine
8
TAVA_DETAY_DELIK
10
-0.1335
20
4.064
30
0
11
-0.1065
21
4.064
31
0
0
CIRCLE
5
10B9E
330
10AD3
100
AcDbEntity
100
AcDbCircle
8
TAVA_DETAY_DELIK
10
-0.1335
20
4.0600000000000005
30
0
40
0.004
0
CIRCLE
5
10B9F
330
10AD3
100
AcDbEntity
100
AcDbCircle
8
TAVA_DETAY_DELIK
10
-0.1065
20
4.0600000000000005
30
0
40
0.004
0
LINE
5
10BA0
330
10AD3
100
AcDbEntity
100
AcDbLine
8
TAVA_DETAY_DELIK
10
-0.1335
20
4.146000000000001
30
0
11
-0.1065
21
4.146000000000001
31
0
0
LINE
5
10BA1
330
10AD3
100
AcDbEntity
100
AcDbLine
8
TAVA_DETAY_DELIK
10
-0.1335
20
4.154
30
0
11
-0.1065
21
4.154
31
0
0
CIRCLE
5
10BA2
330
10AD3
100
AcDbEntity
100
AcDbCircle
8
TAVA_DETAY_DELIK
10
-0.1335
20
4.15
30
0
40
0.004
0
CIRCLE
5
10BA3
330
10AD3
100
AcDbEntity
100
AcDbCircle
8
TAVA_DETAY_DELIK
10
-0.1065
20
4.15
30
0
40
0.004
0
LINE
5
10BA4
330
10AD3
100
AcDbEntity
100
AcDbLine
8
TAVA_DETAY_DELIK
10
-0.1335
20
4.236000000000001
30
0
11
-0.1065
21
4.236000000000001
31
0
0
LINE
5
10BA5
330
10AD3
100
AcDbEntity
100
AcDbLine
8
TAVA_DETAY_DELIK
10
-0.1335
20
4.244
30
0
11
-0.1065
21
4.244
31
0
0
CIRCLE
5
10BA6
330
10AD3
100
AcDbEntity
100
AcDbCircle
8
TAVA_DETAY_DELIK
10
-0.1335
20
4.24
30
0
40
0.004
0
CIRCLE
5
10BA7
330
10AD3
100
AcDbEntity
100
AcDbCircle
8
TAVA_DETAY_DELIK
10
-0.1065
20
4.24
30
0
40
0.004
0
LINE
5
10BA8
330
10AD3
100
AcDbEntity
100
AcDbLine
8
TAVA_DETAY_DELIK
10
-0.1335
20
4.3260000000000005
30
0
11
-0.1065
21
4.3260000000000005
31
0
0
LINE
5
10BA9
330
10AD3
100
AcDbEntity
100
AcDbLine
8
TAVA_DETAY_DELIK
10
-0.1335
20
4.334
30
0
11
-0.1065
21
4.334
31
0
0
CIRCLE
5
10BAA
330
10AD3
100
AcDbEntity
100
AcDbCircle
8
TAVA_DETAY_DELIK
10
-0.1335
20
4.33
30
0
40
0.004
0
CIRCLE
5
10BAB
330
10AD3
100
AcDbEntity
100
AcDbCircle
8
TAVA_DETAY_DELIK
10
-0.1065
20
4.33
30
0
40
0.004
0
LINE
5
10BAC
330
10AD3
100
AcDbEntity
100
AcDbLine
8
TAVA_DETAY_DELIK
10
-0.0335
20
3.966
30
0
11
-0.006499999999999999
21
3.966
31
0
0
LINE
5
10BAD
330
10AD3
100
AcDbEntity
100
AcDbLine
8
TAVA_DETAY_DELIK
10
-0.0335
20
3.974
30
0
11
-0.006499999999999999
21
3.974
31
0
0
CIRCLE
5
10BAE
330
10AD3
100
AcDbEntity
100
AcDbCircle
8
TAVA_DETAY_DELIK
10
-0.0335
20
3.97
30
0
40
0.004
0
CIRCLE
5
10BAF
330
10AD3
100
AcDbEntity
100
AcDbCircle
8
TAVA_DETAY_DELIK
10
-0.006499999999999999
20
3.97
30
0
40
0.004
0
LINE
5
10BB0
330
10AD3
100
AcDbEntity
100
AcDbLine
8
TAVA_DETAY_DELIK
10
-0.0335
20
4.056000000000001
30
0
11
-0.006499999999999999
21
4.056000000000001
31
0
0
LINE
5
10BB1
330
10AD3
100
AcDbEntity
100
AcDbLine
8
TAVA_DETAY_DELIK
10
-0.0335
20
4.064
30
0
11
-0.006499999999999999
21
4.064
31
0
0
CIRCLE
5
10BB2
330
10AD3
100
AcDbEntity
100
AcDbCircle
8
TAVA_DETAY_DELIK
10
-0.0335
20
4.0600000000000005
30
0
40
0.004
0
CIRCLE
5
10BB3
330
10AD3
100
AcDbEntity
100
AcDbCircle
8
TAVA_DETAY_DELIK
10
-0.006499999999999999
20
4.0600000000000005
30
0
40
0.004
0
LINE
5
10BB4
330
10AD3
100
AcDbEntity
100
AcDbLine
8
TAVA_DETAY_DELIK
10
-0.0335
20
4.146000000000001
30
0
11
-0.006499999999999999
21
4.146000000000001
31
0
0
LINE
5
10BB5
330
10AD3
100
AcDbEntity
100
AcDbLine
8
TAVA_DETAY_DELIK
10
-0.0335
20
4.154
30
0
11
-0.006499999999999999
21
4.154
31
0
0
CIRCLE
5
10BB6
330
10AD3
100
AcDbEntity
100
AcDbCircle
8
TAVA_DETAY_DELIK
10
-0.0335
20
4.15
30
0
40
0.004
0
CIRCLE
5
10BB7
330
10AD3
100
AcDbEntity
100
AcDbCircle
8
TAVA_DETAY_DELIK
10
-0.006499999999999999
20
4.15
30
0
40
0.004
0
LINE
5
10BB8
330
10AD3
100
AcDbEntity
100
AcDbLine
8
TAVA_DETAY_DELIK
10
-0.0335
20
4.236000000000001
30
0
11
-0.006499999999999999
21
4.236000000000001
31
0
0
LINE
5
10BB9
330
10AD3
100
AcDbEntity
100
AcDbLine
8
TAVA_DETAY_DELIK
10
-0.0335
20
4.244
30
0
11
-0.006499999999999999
21
4.244
31
0
0
CIRCLE
5
10BBA
330
10AD3
100
AcDbEntity
100
AcDbCircle
8
TAVA_DETAY_DELIK
10
-0.0335
20
4.24
30
0
40
0.004
0
CIRCLE
5
10BBB
330
10AD3
100
AcDbEntity
100
AcDbCircle
8
TAVA_DETAY_DELIK
10
-0.006499999999999999
20
4.24
30
0
40
0.004
0
LINE
5
10BBC
330
10AD3
100
AcDbEntity
100
AcDbLine
8
TAVA_DETAY_DELIK
10
-0.0335
20
4.3260000000000005
30
0
11
-0.006499999999999999
21
4.3260000000000005
31
0
0
LINE
5
10BBD
330
10AD3
100
AcDbEntity
100
AcDbLine
8
TAVA_DETAY_DELIK
10
-0.0335
20
4.334
30
0
11
-0.006499999999999999
21
4.334
31
0
0
CIRCLE
5
10BBE
330
10AD3
100
AcDbEntity
100
AcDbCircle
8
TAVA_DETAY_DELIK
10
-0.0335
20
4.33
30
0
40
0.004
0
CIRCLE
5
10BBF
330
10AD3
100
AcDbEntity
100
AcDbCircle
8
TAVA_DETAY_DELIK
10
-0.006499999999999999
20
4.33
30
0
40
0.004
0
LINE
5
10BC0
330
10AD3
100
AcDbEntity
100
AcDbLine
8
TAVA_DETAY_DELIK
10
0.0665
20
3.966
30
0
11
0.0935
21
3.966
31
0
0
LINE
5
10BC1
330
10AD3
100
AcDbEntity
100
AcDbLine
8
TAVA_DETAY_DELIK
10
0.0665
20
3.974
30
0
11
0.0935
21
3.974
31
0
0
CIRCLE
5
10BC2
330
10AD3
100
AcDbEntity
100
AcDbCircle
8
TAVA_DETAY_DELIK
10
0.0665
20
3.97
30
0
40
0.004
0
CIRCLE
5
10BC3
330
10AD3
100
AcDbEntity
100
AcDbCircle
8
TAVA_DETAY_DELIK
10
0.0935
20
3.97
30
0
40
0.004
0
LINE
5
10BC4
330
10AD3
100
AcDbEntity
100
AcDbLine
8
TAVA_DETAY_DELIK
10
0.0665
20
4.056000000000001
30
0
11
0.0935
21
4.056000000000001
31
0
0
LINE
5
10BC5
330
10AD3
100
AcDbEntity
100
AcDbLine
8
TAVA_DETAY_DELIK
10
0.0665
20
4.064
30
0
11
0.0935
21
4.064
31
0
0
CIRCLE
5
10BC6
330
10AD3
100
AcDbEntity
100
AcDbCircle
8
TAVA_DETAY_DELIK
10
0.0665
20
4.0600000000000005
30
0
40
0.004
0
CIRCLE
5
10BC7
330
10AD3
100
AcDbEntity
100
AcDbCircle
8
TAVA_DETAY_DELIK
10
0.0935
20
4.0600000000000005
30
0
40
0.004
0
LINE
5
10BC8
330
10AD3
100
AcDbEntity
100
AcDbLine
8
TAVA_DETAY_DELIK
10
0.0665
20
4.146000000000001
30
0
11
0.0935
21
4.146000000000001
31
0
0
LINE
5
10BC9
330
10AD3
100
AcDbEntity
100
AcDbLine
8
TAVA_DETAY_DELIK
10
0.0665
20
4.154
30
0
11
0.0935
21
4.154
31
0
0
CIRCLE
5
10BCA
330
10AD3
100
AcDbEntity
100
AcDbCircle
8
TAVA_DETAY_DELIK
10
0.0665
20
4.15
30
0
40
0.004
0
CIRCLE
5
10BCB
330
10AD3
100
AcDbEntity
100
AcDbCircle
8
TAVA_DETAY_DELIK
10
0.0935
20
4.15
30
0
40
0.004
0
LINE
5
10BCC
330
10AD3
100
AcDbEntity
100
AcDbLine
8
TAVA_DETAY_DELIK
10
0.0665
20
4.236000000000001
30
0
11
0.0935
21
4.236000000000001
31
0
0
LINE
5
10BCD
330
10AD3
100
AcDbEntity
100
AcDbLine
8
TAVA_DETAY_DELIK
10
0.0665
20
4.244
30
0
11
0.0935
21
4.244
31
0
0
CIRCLE
5
10BCE
330
10AD3
100
AcDbEntity
100
AcDbCircle
8
TAVA_DETAY_DELIK
10
0.0665
20
4.24
30
0
40
0.004
0
CIRCLE
5
10BCF
330
10AD3
100
AcDbEntity
100
AcDbCircle
8
TAVA_DETAY_DELIK
10
0.0935
20
4.24
30
0
40
0.004
0
LINE
5
10BD0
330
10AD3
100
AcDbEntity
100
AcDbLine
8
TAVA_DETAY_DELIK
10
0.0665
20
4.3260000000000005
30
0
11
0.0935
21
4.3260000000000005
31
0
0
LINE
5
10BD1
330
10AD3
100
AcDbEntity
100
AcDbLine
8
TAVA_DETAY_DELIK
10
0.0665
20
4.334
30
0
11
0.0935
21
4.334
31
0
0
CIRCLE
5
10BD2
330
10AD3
100
AcDbEntity
100
AcDbCircle
8
TAVA_DETAY_DELIK
10
0.0665
20
4.33
30
0
40
0.004
0
CIRCLE
5
10BD3
330
10AD3
100
AcDbEntity
100
AcDbCircle
8
TAVA_DETAY_DELIK
10
0.0935
20
4.33
30
0
40
0.004
0
LINE
5
10BD4
330
10AD3
100
AcDbEntity
100
AcDbLine
8
TAVA_DETAY_DELIK
10
0.16649999999999998
20
3.966
30
0
11
0.1935
21
3.966
31
0
0
LINE
5
10BD5
330
10AD3
100
AcDbEntity
100
AcDbLine
8
TAVA_DETAY_DELIK
10
0.16649999999999998
20
3.974
30
0
11
0.1935
21
3.974
31
0
0
CIRCLE
5
10BD6
330
10AD3
100
AcDbEntity
100
AcDbCircle
8
TAVA_DETAY_DELIK
10
0.16649999999999998
20
3.97
30
0
40
0.004
0
CIRCLE
5
10BD7
330
10AD3
100
AcDbEntity
100
AcDbCircle
8
TAVA_DETAY_DELIK
10
0.1935
20
3.97
30
0
40
0.004
0
LINE
5
10BD8
330
10AD3
100
AcDbEntity
100
AcDbLine
8
TAVA_DETAY_DELIK
10
0.16649999999999998
20
4.056000000000001
30
0
11
0.1935
21
4.056000000000001
31
0
0
LINE
5
10BD9
330
10AD3
100
AcDbEntity
100
AcDbLine
8
TAVA_DETAY_DELIK
10
0.16649999999999998
20
4.064
30
0
11
0.1935
21
4.064
31
0
0
CIRCLE
5
10BDA
330
10AD3
100
AcDbEntity
100
AcDbCircle
8
TAVA_DETAY_DELIK
10
0.16649999999999998
20
4.0600000000000005
30
0
40
0.004
0
CIRCLE
5
10BDB
330
10AD3
100
AcDbEntity
100
AcDbCircle
8
TAVA_DETAY_DELIK
10
0.1935
20
4.0600000000000005
30
0
40
0.004
0
LINE
5
10BDC
330
10AD3
100
AcDbEntity
100
AcDbLine
8
TAVA_DETAY_DELIK
10
0.16649999999999998
20
4.146000000000001
30
0
11
0.1935
21
4.146000000000001
31
0
0
LINE
5
10BDD
330
10AD3
100
AcDbEntity
100
AcDbLine
8
TAVA_DETAY_DELIK
10
0.16649999999999998
20
4.154
30
0
11
0.1935
21
4.154
31
0
0
CIRCLE
5
10BDE
330
10AD3
100
AcDbEntity
100
AcDbCircle
8
TAVA_DETAY_DELIK
10
0.16649999999999998
20
4.15
30
0
40
0.004
0
CIRCLE
5
10BDF
330
10AD3
100
AcDbEntity
100
AcDbCircle
8
TAVA_DETAY_DELIK
10
0.1935
20
4.15
30
0
40
0.004
0
LINE
5
10BE0
330
10AD3
100
AcDbEntity
100
AcDbLine
8
TAVA_DETAY_DELIK
10
0.16649999999999998
20
4.236000000000001
30
0
11
0.1935
21
4.236000000000001
31
0
0
LINE
5
10BE1
330
10AD3
100
AcDbEntity
100
AcDbLine
8
TAVA_DETAY_DELIK
10
0.16649999999999998
20
4.244
30
0
11
0.1935
21
4.244
31
0
0
CIRCLE
5
10BE2
330
10AD3
100
AcDbEntity
100
AcDbCircle
8
TAVA_DETAY_DELIK
10
0.16649999999999998
20
4.24
30
0
40
0.004
0
CIRCLE
5
10BE3
330
10AD3
100
AcDbEntity
100
AcDbCircle
8
TAVA_DETAY_DELIK
10
0.1935
20
4.24
30
0
40
0.004
0
LINE
5
10BE4
330
10AD3
100
AcDbEntity
100
AcDbLine
8
TAVA_DETAY_DELIK
10
0.16649999999999998
20
4.3260000000000005
30
0
11
0.1935
21
4.3260000000000005
31
0
0
LINE
5
10BE5
330
10AD3
100
AcDbEntity
100
AcDbLine
8
TAVA_DETAY_DELIK
10
0.16649999999999998
20
4.334
30
0
11
0.1935
21
4.334
31
0
0
CIRCLE
5
10BE6
330
10AD3
100
AcDbEntity
100
AcDbCircle
8
TAVA_DETAY_DELIK
10
0.16649999999999998
20
4.33
30
0
40
0.004
0
CIRCLE
5
10BE7
330
10AD3
100
AcDbEntity
100
AcDbCircle
8
TAVA_DETAY_DELIK
10
0.1935
20
4.33
30
0
40
0.004
0
LINE
5
10BE8
330
10AD3
100
AcDbEntity
100
AcDbLine
8
TAVA_DETAY_DELIK
10
0.2665
20
3.966
30
0
11
0.29350000000000004
21
3.966
31
0
0
LINE
5
10BE9
330
10AD3
100
AcDbEntity
100
AcDbLine
8
TAVA_DETAY_DELIK
10
0.2665
20
3.974
30
0
11
0.29350000000000004
21
3.974
31
0
0
CIRCLE
5
10BEA
330
10AD3
100
AcDbEntity
100
AcDbCircle
8
TAVA_DETAY_DELIK
10
0.2665
20
3.97
30
0
40
0.004
0
CIRCLE
5
10BEB
330
10AD3
100
AcDbEntity
100
AcDbCircle
8
TAVA_DETAY_DELIK
10
0.29350000000000004
20
3.97
30
0
40
0.004
0
LINE
5
10BEC
330
10AD3
100
AcDbEntity
100
AcDbLine
8
TAVA_DETAY_DELIK
10
0.2665
20
4.056000000000001
30
0
11
0.29350000000000004
21
4.056000000000001
31
0
0
LINE
5
10BED
330
10AD3
100
AcDbEntity
100
AcDbLine
8
TAVA_DETAY_DELIK
10
0.2665
20
4.064
30
0
11
0.29350000000000004
21
4.064
31
0
0
CIRCLE
5
10BEE
330
10AD3
100
AcDbEntity
100
AcDbCircle
8
TAVA_DETAY_DELIK
10
0.2665
20
4.0600000000000005
30
0
40
0.004
0
CIRCLE
5
10BEF
330
10AD3
100
AcDbEntity
100
AcDbCircle
8
TAVA_DETAY_DELIK
10
0.29350000000000004
20
4.0600000000000005
30
0
40
0.004
0
LINE
5
10BF0
330
10AD3
100
AcDbEntity
100
AcDbLine
8
TAVA_DETAY_DELIK
10
0.2665
20
4.146000000000001
30
0
11
0.29350000000000004
21
4.146000000000001
31
0
0
LINE
5
10BF1
330
10AD3
100
AcDbEntity
100
AcDbLine
8
TAVA_DETAY_DELIK
10
0.2665
20
4.154
30
0
11
0.29350000000000004
21
4.154
31
0
0
CIRCLE
5
10BF2
330
10AD3
100
AcDbEntity
100
AcDbCircle
8
TAVA_DETAY_DELIK
10
0.2665
20
4.15
30
0
40
0.004
0
CIRCLE
5
10BF3
330
10AD3
100
AcDbEntity
100
AcDbCircle
8
TAVA_DETAY_DELIK
10
0.29350000000000004
20
4.15
30
0
40
0.004
0
LINE
5
10BF4
330
10AD3
100
AcDbEntity
100
AcDbLine
8
TAVA_DETAY_DELIK
10
0.2665
20
4.236000000000001
30
0
11
0.29350000000000004
21
4.236000000000001
31
0
0
LINE
5
10BF5
330
10AD3
100
AcDbEntity
100
AcDbLine
8
TAVA_DETAY_DELIK
10
0.2665
20
4.244
30
0
11
0.29350000000000004
21
4.244
31
0
0
CIRCLE
5
10BF6
330
10AD3
100
AcDbEntity
100
AcDbCircle
8
TAVA_DETAY_DELIK
10
0.2665
20
4.24
30
0
40
0.004
0
CIRCLE
5
10BF7
330
10AD3
100
AcDbEntity
100
AcDbCircle
8
TAVA_DETAY_DELIK
10
0.29350000000000004
20
4.24
30
0
40
0.004
0
LINE
5
10BF8
330
10AD3
100
AcDbEntity
100
AcDbLine
8
TAVA_DETAY_DELIK
10
0.2665
20
4.3260000000000005
30
0
11
0.29350000000000004
21
4.3260000000000005
31
0
0
LINE
5
10BF9
330
10AD3
100
AcDbEntity
100
AcDbLine
8
TAVA_DETAY_DELIK
10
0.2665
20
4.334
30
0
11
0.29350000000000004
21
4.334
31
0
0
CIRCLE
5
10BFA
330
10AD3
100
AcDbEntity
100
AcDbCircle
8
TAVA_DETAY_DELIK
10
0.2665
20
4.33
30
0
40
0.004
0
CIRCLE
5
10BFB
330
10AD3
100
AcDbEntity
100
AcDbCircle
8
TAVA_DETAY_DELIK
10
0.29350000000000004
20
4.33
30
0
40
0.004
0
LINE
5
10BFC
330
10AD3
100
AcDbEntity
100
AcDbLine
8
TAVA_DETAY_DELIK
10
0.3665
20
3.966
30
0
11
0.3935
21
3.966
31
0
0
LINE
5
10BFD
330
10AD3
100
AcDbEntity
100
AcDbLine
8
TAVA_DETAY_DELIK
10
0.3665
20
3.974
30
0
11
0.3935
21
3.974
31
0
0
CIRCLE
5
10BFE
330
10AD3
100
AcDbEntity
100
AcDbCircle
8
TAVA_DETAY_DELIK
10
0.3665
20
3.97
30
0
40
0.004
0
CIRCLE
5
10BFF
330
10AD3
100
AcDbEntity
100
AcDbCircle
8
TAVA_DETAY_DELIK
10
0.3935
20
3.97
30
0
40
0.004
0
LINE
5
10C00
330
10AD3
100
AcDbEntity
100
AcDbLine
8
TAVA_DETAY_DELIK
10
0.3665
20
4.056000000000001
30
0
11
0.3935
21
4.056000000000001
31
0
0
LINE
5
10C01
330
10AD3
100
AcDbEntity
100
AcDbLine
8
TAVA_DETAY_DELIK
10
0.3665
20
4.064
30
0
11
0.3935
21
4.064
31
0
0
CIRCLE
5
10C02
330
10AD3
100
AcDbEntity
100
AcDbCircle
8
TAVA_DETAY_DELIK
10
0.3665
20
4.0600000000000005
30
0
40
0.004
0
CIRCLE
5
10C03
330
10AD3
100
AcDbEntity
100
AcDbCircle
8
TAVA_DETAY_DELIK
10
0.3935
20
4.0600000000000005
30
0
40
0.004
0
LINE
5
10C04
330
10AD3
100
AcDbEntity
100
AcDbLine
8
TAVA_DETAY_DELIK
10
0.3665
20
4.146000000000001
30
0
11
0.3935
21
4.146000000000001
31
0
0
LINE
5
10C05
330
10AD3
100
AcDbEntity
100
AcDbLine
8
TAVA_DETAY_DELIK
10
0.3665
20
4.154
30
0
11
0.3935
21
4.154
31
0
0
CIRCLE
5
10C06
330
10AD3
100
AcDbEntity
100
AcDbCircle
8
TAVA_DETAY_DELIK
10
0.3665
20
4.15
30
0
40
0.004
0
CIRCLE
5
10C07
330
10AD3
100
AcDbEntity
100
AcDbCircle
8
TAVA_DETAY_DELIK
10
0.3935
20
4.15
30
0
40
0.004
0
LINE
5
10C08
330
10AD3
100
AcDbEntity
100
AcDbLine
8
TAVA_DETAY_DELIK
10
0.3665
20
4.236000000000001
30
0
11
0.3935
21
4.236000000000001
31
0
0
LINE
5
10C09
330
10AD3
100
AcDbEntity
100
AcDbLine
8
TAVA_DETAY_DELIK
10
0.3665
20
4.244
30
0
11
0.3935
21
4.244
31
0
0
CIRCLE
5
10C0A
330
10AD3
100
AcDbEntity
100
AcDbCircle
8
TAVA_DETAY_DELIK
10
0.3665
20
4.24
30
0
40
0.004
0
CIRCLE
5
10C0B
330
10AD3
100
AcDbEntity
100
AcDbCircle
8
TAVA_DETAY_DELIK
10
0.3935
20
4.24
30
0
40
0.004
0
LINE
5
10C0C
330
10AD3
100
AcDbEntity
100
AcDbLine
8
TAVA_DETAY_DELIK
10
0.3665
20
4.3260000000000005
30
0
11
0.3935
21
4.3260000000000005
31
0
0
LINE
5
10C0D
330
10AD3
100
AcDbEntity
100
AcDbLine
8
TAVA_DETAY_DELIK
10
0.3665
20
4.334
30
0
11
0.3935
21
4.334
31
0
0
CIRCLE
5
10C0E
330
10AD3
100
AcDbEntity
100
AcDbCircle
8
TAVA_DETAY_DELIK
10
0.3665
20
4.33
30
0
40
0.004
0
CIRCLE
5
10C0F
330
10AD3
100
AcDbEntity
100
AcDbCircle
8
TAVA_DETAY_DELIK
10
0.3935
20
4.33
30
0
40
0.004
0
LINE
5
10C10
330
10AD3
100
AcDbEntity
100
AcDbLine
8
TAVA_DETAY_DELIK
10
0.46649999999999997
20
3.966
30
0
11
0.4935
21
3.966
31
0
0
LINE
5
10C11
330
10AD3
100
AcDbEntity
100
AcDbLine
8
TAVA_DETAY_DELIK
10
0.46649999999999997
20
3.974
30
0
11
0.4935
21
3.974
31
0
0
CIRCLE
5
10C12
330
10AD3
100
AcDbEntity
100
AcDbCircle
8
TAVA_DETAY_DELIK
10
0.46649999999999997
20
3.97
30
0
40
0.004
0
CIRCLE
5
10C13
330
10AD3
100
AcDbEntity
100
AcDbCircle
8
TAVA_DETAY_DELIK
10
0.4935
20
3.97
30
0
40
0.004
0
LINE
5
10C14
330
10AD3
100
AcDbEntity
100
AcDbLine
8
TAVA_DETAY_DELIK
10
0.46649999999999997
20
4.056000000000001
30
0
11
0.4935
21
4.056000000000001
31
0
0
LINE
5
10C15
330
10AD3
100
AcDbEntity
100
AcDbLine
8
TAVA_DETAY_DELIK
10
0.46649999999999997
20
4.064
30
0
11
0.4935
21
4.064
31
0
0
CIRCLE
5
10C16
330
10AD3
100
AcDbEntity
100
AcDbCircle
8
TAVA_DETAY_DELIK
10
0.46649999999999997
20
4.0600000000000005
30
0
40
0.004
0
CIRCLE
5
10C17
330
10AD3
100
AcDbEntity
100
AcDbCircle
8
TAVA_DETAY_DELIK
10
0.4935
20
4.0600000000000005
30
0
40
0.004
0
LINE
5
10C18
330
10AD3
100
AcDbEntity
100
AcDbLine
8
TAVA_DETAY_DELIK
10
0.46649999999999997
20
4.146000000000001
30
0
11
0.4935
21
4.146000000000001
31
0
0
LINE
5
10C19
330
10AD3
100
AcDbEntity
100
AcDbLine
8
TAVA_DETAY_DELIK
10
0.46649999999999997
20
4.154
30
0
11
0.4935
21
4.154
31
0
0
CIRCLE
5
10C1A
330
10AD3
100
AcDbEntity
100
AcDbCircle
8
TAVA_DETAY_DELIK
10
0.46649999999999997
20
4.15
30
0
40
0.004
0
CIRCLE
5
10C1B
330
10AD3
100
AcDbEntity
100
AcDbCircle
8
TAVA_DETAY_DELIK
10
0.4935
20
4.15
30
0
40
0.004
0
LINE
5
10C1C
330
10AD3
100
AcDbEntity
100
AcDbLine
8
TAVA_DETAY_DELIK
10
0.46649999999999997
20
4.236000000000001
30
0
11
0.4935
21
4.236000000000001
31
0
0
LINE
5
10C1D
330
10AD3
100
AcDbEntity
100
AcDbLine
8
TAVA_DETAY_DELIK
10
0.46649999999999997
20
4.244
30
0
11
0.4935
21
4.244
31
0
0
CIRCLE
5
10C1E
330
10AD3
100
AcDbEntity
100
AcDbCircle
8
TAVA_DETAY_DELIK
10
0.46649999999999997
20
4.24
30
0
40
0.004
0
CIRCLE
5
10C1F
330
10AD3
100
AcDbEntity
100
AcDbCircle
8
TAVA_DETAY_DELIK
10
0.4935
20
4.24
30
0
40
0.004
0
LINE
5
10C20
330
10AD3
100
AcDbEntity
100
AcDbLine
8
TAVA_DETAY_DELIK
10
0.46649999999999997
20
4.3260000000000005
30
0
11
0.4935
21
4.3260000000000005
31
0
0
LINE
5
10C21
330
10AD3
100
AcDbEntity
100
AcDbLine
8
TAVA_DETAY_DELIK
10
0.46649999999999997
20
4.334
30
0
11
0.4935
21
4.334
31
0
0
CIRCLE
5
10C22
330
10AD3
100
AcDbEntity
100
AcDbCircle
8
TAVA_DETAY_DELIK
10
0.46649999999999997
20
4.33
30
0
40
0.004
0
CIRCLE
5
10C23
330
10AD3
100
AcDbEntity
100
AcDbCircle
8
TAVA_DETAY_DELIK
10
0.4935
20
4.33
30
0
40
0.004
0
LINE
5
10C24
330
10AD3
100
AcDbEntity
100
AcDbLine
8
TAVA_DETAY_DELIK
10
0.5665
20
3.966
30
0
11
0.5934999999999999
21
3.966
31
0
0
LINE
5
10C25
330
10AD3
100
AcDbEntity
100
AcDbLine
8
TAVA_DETAY_DELIK
10
0.5665
20
3.974
30
0
11
0.5934999999999999
21
3.974
31
0
0
CIRCLE
5
10C26
330
10AD3
100
AcDbEntity
100
AcDbCircle
8
TAVA_DETAY_DELIK
10
0.5665
20
3.97
30
0
40
0.004
0
CIRCLE
5
10C27
330
10AD3
100
AcDbEntity
100
AcDbCircle
8
TAVA_DETAY_DELIK
10
0.5934999999999999
20
3.97
30
0
40
0.004
0
LINE
5
10C28
330
10AD3
100
AcDbEntity
100
AcDbLine
8
TAVA_DETAY_DELIK
10
0.5665
20
4.056000000000001
30
0
11
0.5934999999999999
21
4.056000000000001
31
0
0
LINE
5
10C29
330
10AD3
100
AcDbEntity
100
AcDbLine
8
TAVA_DETAY_DELIK
10
0.5665
20
4.064
30
0
11
0.5934999999999999
21
4.064
31
0
0
CIRCLE
5
10C2A
330
10AD3
100
AcDbEntity
100
AcDbCircle
8
TAVA_DETAY_DELIK
10
0.5665
20
4.0600000000000005
30
0
40
0.004
0
CIRCLE
5
10C2B
330
10AD3
100
AcDbEntity
100
AcDbCircle
8
TAVA_DETAY_DELIK
10
0.5934999999999999
20
4.0600000000000005
30
0
40
0.004
0
LINE
5
10C2C
330
10AD3
100
AcDbEntity
100
AcDbLine
8
TAVA_DETAY_DELIK
10
0.5665
20
4.146000000000001
30
0
11
0.5934999999999999
21
4.146000000000001
31
0
0
LINE
5
10C2D
330
10AD3
100
AcDbEntity
100
AcDbLine
8
TAVA_DETAY_DELIK
10
0.5665
20
4.154
30
0
11
0.5934999999999999
21
4.154
31
0
0
CIRCLE
5
10C2E
330
10AD3
100
AcDbEntity
100
AcDbCircle
8
TAVA_DETAY_DELIK
10
0.5665
20
4.15
30
0
40
0.004
0
CIRCLE
5
10C2F
330
10AD3
100
AcDbEntity
100
AcDbCircle
8
TAVA_DETAY_DELIK
10
0.5934999999999999
20
4.15
30
0
40
0.004
0
LINE
5
10C30
330
10AD3
100
AcDbEntity
100
AcDbLine
8
TAVA_DETAY_DELIK
10
0.5665
20
4.236000000000001
30
0
11
0.5934999999999999
21
4.236000000000001
31
0
0
LINE
5
10C31
330
10AD3
100
AcDbEntity
100
AcDbLine
8
TAVA_DETAY_DELIK
10
0.5665
20
4.244
30
0
11
0.5934999999999999
21
4.244
31
0
0
CIRCLE
5
10C32
330
10AD3
100
AcDbEntity
100
AcDbCircle
8
TAVA_DETAY_DELIK
10
0.5665
20
4.24
30
0
40
0.004
0
CIRCLE
5
10C33
330
10AD3
100
AcDbEntity
100
AcDbCircle
8
TAVA_DETAY_DELIK
10
0.5934999999999999
20
4.24
30
0
40
0.004
0
LINE
5
10C34
330
10AD3
100
AcDbEntity
100
AcDbLine
8
TAVA_DETAY_DELIK
10
0.5665
20
4.3260000000000005
30
0
11
0.5934999999999999
21
4.3260000000000005
31
0
0
LINE
5
10C35
330
10AD3
100
AcDbEntity
100
AcDbLine
8
TAVA_DETAY_DELIK
10
0.5665
20
4.334
30
0
11
0.5934999999999999
21
4.334
31
0
0
CIRCLE
5
10C36
330
10AD3
100
AcDbEntity
100
AcDbCircle
8
TAVA_DETAY_DELIK
10
0.5665
20
4.33
30
0
40
0.004
0
CIRCLE
5
10C37
330
10AD3
100
AcDbEntity
100
AcDbCircle
8
TAVA_DETAY_DELIK
10
0.5934999999999999
20
4.33
30
0
40
0.004
0
LINE
5
10C38
330
10AD3
100
AcDbEntity
100
AcDbLine
8
TAVA_DETAY_DELIK
10
0.6665000000000001
20
3.966
30
0
11
0.6935
21
3.966
31
0
0
LINE
5
10C39
330
10AD3
100
AcDbEntity
100
AcDbLine
8
TAVA_DETAY_DELIK
10
0.6665000000000001
20
3.974
30
0
11
0.6935
21
3.974
31
0
0
CIRCLE
5
10C3A
330
10AD3
100
AcDbEntity
100
AcDbCircle
8
TAVA_DETAY_DELIK
10
0.6665000000000001
20
3.97
30
0
40
0.004
0
CIRCLE
5
10C3B
330
10AD3
100
AcDbEntity
100
AcDbCircle
8
TAVA_DETAY_DELIK
10
0.6935
20
3.97
30
0
40
0.004
0
LINE
5
10C3C
330
10AD3
100
AcDbEntity
100
AcDbLine
8
TAVA_DETAY_DELIK
10
0.6665000000000001
20
4.056000000000001
30
0
11
0.6935
21
4.056000000000001
31
0
0
LINE
5
10C3D
330
10AD3
100
AcDbEntity
100
AcDbLine
8
TAVA_DETAY_DELIK
10
0.6665000000000001
20
4.064
30
0
11
0.6935
21
4.064
31
0
0
CIRCLE
5
10C3E
330
10AD3
100
AcDbEntity
100
AcDbCircle
8
TAVA_DETAY_DELIK
10
0.6665000000000001
20
4.0600000000000005
30
0
40
0.004
0
CIRCLE
5
10C3F
330
10AD3
100
AcDbEntity
100
AcDbCircle
8
TAVA_DETAY_DELIK
10
0.6935
20
4.0600000000000005
30
0
40
0.004
0
LINE
5
10C40
330
10AD3
100
AcDbEntity
100
AcDbLine
8
TAVA_DETAY_DELIK
10
0.6665000000000001
20
4.146000000000001
30
0
11
0.6935
21
4.146000000000001
31
0
0
LINE
5
10C41
330
10AD3
100
AcDbEntity
100
AcDbLine
8
TAVA_DETAY_DELIK
10
0.6665000000000001
20
4.154
30
0
11
0.6935
21
4.154
31
0
0
CIRCLE
5
10C42
330
10AD3
100
AcDbEntity
100
AcDbCircle
8
TAVA_DETAY_DELIK
10
0.6665000000000001
20
4.15
30
0
40
0.004
0
CIRCLE
5
10C43
330
10AD3
100
AcDbEntity
100
AcDbCircle
8
TAVA_DETAY_DELIK
10
0.6935
20
4.15
30
0
40
0.004
0
LINE
5
10C44
330
10AD3
100
AcDbEntity
100
AcDbLine
8
TAVA_DETAY_DELIK
10
0.6665000000000001
20
4.236000000000001
30
0
11
0.6935
21
4.236000000000001
31
0
0
LINE
5
10C45
330
10AD3
100
AcDbEntity
100
AcDbLine
8
TAVA_DETAY_DELIK
10
0.6665000000000001
20
4.244
30
0
11
0.6935
21
4.244
31
0
0
CIRCLE
5
10C46
330
10AD3
100
AcDbEntity
100
AcDbCircle
8
TAVA_DETAY_DELIK
10
0.6665000000000001
20
4.24
30
0
40
0.004
0
CIRCLE
5
10C47
330
10AD3
100
AcDbEntity
100
AcDbCircle
8
TAVA_DETAY_DELIK
10
0.6935
20
4.24
30
0
40
0.004
0
LINE
5
10C48
330
10AD3
100
AcDbEntity
100
AcDbLine
8
TAVA_DETAY_DELIK
10
0.6665000000000001
20
4.3260000000000005
30
0
11
0.6935
21
4.3260000000000005
31
0
0
LINE
5
10C49
330
10AD3
100
AcDbEntity
100
AcDbLine
8
TAVA_DETAY_DELIK
10
0.6665000000000001
20
4.334
30
0
11
0.6935
21
4.334
31
0
0
CIRCLE
5
10C4A
330
10AD3
100
AcDbEntity
100
AcDbCircle
8
TAVA_DETAY_DELIK
10
0.6665000000000001
20
4.33
30
0
40
0.004
0
CIRCLE
5
10C4B
330
10AD3
100
AcDbEntity
100
AcDbCircle
8
TAVA_DETAY_DELIK
10
0.6935
20
4.33
30
0
40
0.004
0
LINE
5
10C4C
330
10AD3
100
AcDbEntity
100
AcDbLine
8
TAVA_DETAY_DELIK
10
0.7665000000000001
20
3.966
30
0
11
0.7935
21
3.966
31
0
0
LINE
5
10C4D
330
10AD3
100
AcDbEntity
100
AcDbLine
8
TAVA_DETAY_DELIK
10
0.7665000000000001
20
3.974
30
0
11
0.7935
21
3.974
31
0
0
CIRCLE
5
10C4E
330
10AD3
100
AcDbEntity
100
AcDbCircle
8
TAVA_DETAY_DELIK
10
0.7665000000000001
20
3.97
30
0
40
0.004
0
CIRCLE
5
10C4F
330
10AD3
100
AcDbEntity
100
AcDbCircle
8
TAVA_DETAY_DELIK
10
0.7935
20
3.97
30
0
40
0.004
0
LINE
5
10C50
330
10AD3
100
AcDbEntity
100
AcDbLine
8
TAVA_DETAY_DELIK
10
0.7665000000000001
20
4.056000000000001
30
0
11
0.7935
21
4.056000000000001
31
0
0
LINE
5
10C51
330
10AD3
100
AcDbEntity
100
AcDbLine
8
TAVA_DETAY_DELIK
10
0.7665000000000001
20
4.064
30
0
11
0.7935
21
4.064
31
0
0
CIRCLE
5
10C52
330
10AD3
100
AcDbEntity
100
AcDbCircle
8
TAVA_DETAY_DELIK
10
0.7665000000000001
20
4.0600000000000005
30
0
40
0.004
0
CIRCLE
5
10C53
330
10AD3
100
AcDbEntity
100
AcDbCircle
8
TAVA_DETAY_DELIK
10
0.7935
20
4.0600000000000005
30
0
40
0.004
0
LINE
5
10C54
330
10AD3
100
AcDbEntity
100
AcDbLine
8
TAVA_DETAY_DELIK
10
0.7665000000000001
20
4.146000000000001
30
0
11
0.7935
21
4.146000000000001
31
0
0
LINE
5
10C55
330
10AD3
100
AcDbEntity
100
AcDbLine
8
TAVA_DETAY_DELIK
10
0.7665000000000001
20
4.154
30
0
11
0.7935
21
4.154
31
0
0
CIRCLE
5
10C56
330
10AD3
100
AcDbEntity
100
AcDbCircle
8
TAVA_DETAY_DELIK
10
0.7665000000000001
20
4.15
30
0
40
0.004
0
CIRCLE
5
10C57
330
10AD3
100
AcDbEntity
100
AcDbCircle
8
TAVA_DETAY_DELIK
10
0.7935
20
4.15
30
0
40
0.004
0
LINE
5
10C58
330
10AD3
100
AcDbEntity
100
AcDbLine
8
TAVA_DETAY_DELIK
10
0.7665000000000001
20
4.236000000000001
30
0
11
0.7935
21
4.236000000000001
31
0
0
LINE
5
10C59
330
10AD3
100
AcDbEntity
100
AcDbLine
8
TAVA_DETAY_DELIK
10
0.7665000000000001
20
4.244
30
0
11
0.7935
21
4.244
31
0
0
CIRCLE
5
10C5A
330
10AD3
100
AcDbEntity
100
AcDbCircle
8
TAVA_DETAY_DELIK
10
0.7665000000000001
20
4.24
30
0
40
0.004
0
CIRCLE
5
10C5B
330
10AD3
100
AcDbEntity
100
AcDbCircle
8
TAVA_DETAY_DELIK
10
0.7935
20
4.24
30
0
40
0.004
0
LINE
5
10C5C
330
10AD3
100
AcDbEntity
100
AcDbLine
8
TAVA_DETAY_DELIK
10
0.7665000000000001
20
4.3260000000000005
30
0
11
0.7935
21
4.3260000000000005
31
0
0
LINE
5
10C5D
330
10AD3
100
AcDbEntity
100
AcDbLine
8
TAVA_DETAY_DELIK
10
0.7665000000000001
20
4.334
30
0
11
0.7935
21
4.334
31
0
0
CIRCLE
5
10C5E
330
10AD3
100
AcDbEntity
100
AcDbCircle
8
TAVA_DETAY_DELIK
10
0.7665000000000001
20
4.33
30
0
40
0.004
0
CIRCLE
5
10C5F
330
10AD3
100
AcDbEntity
100
AcDbCircle
8
TAVA_DETAY_DELIK
10
0.7935
20
4.33
30
0
40
0.004
0
LINE
5
10C60
330
10AD3
100
AcDbEntity
100
AcDbLine
8
TAVA_DETAY_DELIK
10
0.8665
20
3.966
30
0
11
0.8935
21
3.966
31
0
0
LINE
5
10C61
330
10AD3
100
AcDbEntity
100
AcDbLine
8
TAVA_DETAY_DELIK
10
0.8665
20
3.974
30
0
11
0.8935
21
3.974
31
0
0
CIRCLE
5
10C62
330
10AD3
100
AcDbEntity
100
AcDbCircle
8
TAVA_DETAY_DELIK
10
0.8665
20
3.97
30
0
40
0.004
0
CIRCLE
5
10C63
330
10AD3
100
AcDbEntity
100
AcDbCircle
8
TAVA_DETAY_DELIK
10
0.8935
20
3.97
30
0
40
0.004
0
LINE
5
10C64
330
10AD3
100
AcDbEntity
100
AcDbLine
8
TAVA_DETAY_DELIK
10
0.8665
20
4.056000000000001
30
0
11
0.8935
21
4.056000000000001
31
0
0
LINE
5
10C65
330
10AD3
100
AcDbEntity
100
AcDbLine
8
TAVA_DETAY_DELIK
10
0.8665
20
4.064
30
0
11
0.8935
21
4.064
31
0
0
CIRCLE
5
10C66
330
10AD3
100
AcDbEntity
100
AcDbCircle
8
TAVA_DETAY_DELIK
10
0.8665
20
4.0600000000000005
30
0
40
0.004
0
CIRCLE
5
10C67
330
10AD3
100
AcDbEntity
100
AcDbCircle
8
TAVA_DETAY_DELIK
10
0.8935
20
4.0600000000000005
30
0
40
0.004
0
LINE
5
10C68
330
10AD3
100
AcDbEntity
100
AcDbLine
8
TAVA_DETAY_DELIK
10
0.8665
20
4.146000000000001
30
0
11
0.8935
21
4.146000000000001
31
0
0
LINE
5
10C69
330
10AD3
100
AcDbEntity
100
AcDbLine
8
TAVA_DETAY_DELIK
10
0.8665
20
4.154
30
0
11
0.8935
21
4.154
31
0
0
CIRCLE
5
10C6A
330
10AD3
100
AcDbEntity
100
AcDbCircle
8
TAVA_DETAY_DELIK
10
0.8665
20
4.15
30
0
40
0.004
0
CIRCLE
5
10C6B
330
10AD3
100
AcDbEntity
100
AcDbCircle
8
TAVA_DETAY_DELIK
10
0.8935
20
4.15
30
0
40
0.004
0
LINE
5
10C6C
330
10AD3
100
AcDbEntity
100
AcDbLine
8
TAVA_DETAY_DELIK
10
0.8665
20
4.236000000000001
30
0
11
0.8935
21
4.236000000000001
31
0
0
LINE
5
10C6D
330
10AD3
100
AcDbEntity
100
AcDbLine
8
TAVA_DETAY_DELIK
10
0.8665
20
4.244
30
0
11
0.8935
21
4.244
31
0
0
CIRCLE
5
10C6E
330
10AD3
100
AcDbEntity
100
AcDbCircle
8
TAVA_DETAY_DELIK
10
0.8665
20
4.24
30
0
40
0.004
0
CIRCLE
5
10C6F
330
10AD3
100
AcDbEntity
100
AcDbCircle
8
TAVA_DETAY_DELIK
10
0.8935
20
4.24
30
0
40
0.004
0
LINE
5
10C70
330
10AD3
100
AcDbEntity
100
AcDbLine
8
TAVA_DETAY_DELIK
10
0.8665
20
4.3260000000000005
30
0
11
0.8935
21
4.3260000000000005
31
0
0
LINE
5
10C71
330
10AD3
100
AcDbEntity
100
AcDbLine
8
TAVA_DETAY_DELIK
10
0.8665
20
4.334
30
0
11
0.8935
21
4.334
31
0
0
CIRCLE
5
10C72
330
10AD3
100
AcDbEntity
100
AcDbCircle
8
TAVA_DETAY_DELIK
10
0.8665
20
4.33
30
0
40
0.004
0
CIRCLE
5
10C73
330
10AD3
100
AcDbEntity
100
AcDbCircle
8
TAVA_DETAY_DELIK
10
0.8935
20
4.33
30
0
40
0.004
0
LWPOLYLINE
5
10C74
330
10AD3
100
AcDbEntity
100
AcDbPolyline
8
TAVA_DETAY_DELIK
6
ByLayer
62
256
370
-1
90
4
70
1
10
-0.804
20
3.9925000000000006
10
-0.804
20
4.0375000000000005
10
-0.796
20
4.0375000000000005
10
-0.796
20
3.9925000000000006
0
LWPOLYLINE
5
10C75
330
10AD3
100
AcDbEntity
100
AcDbPolyline
8
TAVA_DETAY_DELIK
6
ByLayer
62
256
370
-1
90
4
70
1
10
-0.804
20
4.2625
10
-0.804
20
4.3075
10
-0.796
20
4.3075
10
-0.796
20
4.2625
0
LWPOLYLINE
5
10C76
330
10AD3
100
AcDbEntity
100
AcDbPolyline
8
TAVA_DETAY_DELIK
6
ByLayer
62
256
370
-1
90
4
70
1
10
-0.554
20
3.9925000000000006
10
-0.554
20
4.0375000000000005
10
-0.546
20
4.0375000000000005
10
-0.546
20
3.9925000000000006
0
LWPOLYLINE
5
10C77
330
10AD3
100
AcDbEntity
100
AcDbPolyline
8
TAVA_DETAY_DELIK
6
ByLayer
62
256
370
-1
90
4
70
1
10
-0.554
20
4.2625
10
-0.554
20
4.3075
10
-0.546
20
4.3075
10
-0.546
20
4.2625
0
LWPOLYLINE
5
10C78
330
10AD3
100
AcDbEntity
100
AcDbPolyline
8
TAVA_DETAY_DELIK
6
ByLayer
62
256
370
-1
90
4
70
1
10
-0.304
20
3.9925000000000006
10
-0.304
20
4.0375000000000005
10
-0.296
20
4.0375000000000005
10
-0.296
20
3.9925000000000006
0
LWPOLYLINE
5
10C79
330
10AD3
100
AcDbEntity
100
AcDbPolyline
8
TAVA_DETAY_DELIK
6
ByLayer
62
256
370
-1
90
4
70
1
10
-0.304
20
4.2625
10
-0.304
20
4.3075
10
-0.296
20
4.3075
10
-0.296
20
4.2625
0
LWPOLYLINE
5
10C7A
330
10AD3
100
AcDbEntity
100
AcDbPolyline
8
TAVA_DETAY_DELIK
6
ByLayer
62
256
370
-1
90
4
70
1
10
-0.054000000000000006
20
3.9925000000000006
10
-0.054000000000000006
20
4.0375000000000005
10
-0.046000000000000006
20
4.0375000000000005
10
-0.046000000000000006
20
3.9925000000000006
0
LWPOLYLINE
5
10C7B
330
10AD3
100
AcDbEntity
100
AcDbPolyline
8
TAVA_DETAY_DELIK
6
ByLayer
62
256
370
-1
90
4
70
1
10
-0.054000000000000006
20
4.2625
10
-0.054000000000000006
20
4.3075
10
-0.046000000000000006
20
4.3075
10
-0.046000000000000006
20
4.2625
0
LWPOLYLINE
5
10C7C
330
10AD3
100
AcDbEntity
100
AcDbPolyline
8
TAVA_DETAY_DELIK
6
ByLayer
62
256
370
-1
90
4
70
1
10
0.196
20
3.9925000000000006
10
0.196
20
4.0375000000000005
10
0.20400000000000001
20
4.0375000000000005
10
0.20400000000000001
20
3.9925000000000006
0
LWPOLYLINE
5
10C7D
330
10AD3
100
AcDbEntity
100
AcDbPolyline
8
TAVA_DETAY_DELIK
6
ByLayer
62
256
370
-1
90
4
70
1
10
0.196
20
4.2625
10
0.196
20
4.3075
10
0.20400000000000001
20
4.3075
10
0.20400000000000001
20
4.2625
0
LWPOLYLINE
5
10C7E
330
10AD3
100
AcDbEntity
100
AcDbPolyline
8
TAVA_DETAY_DELIK
6
ByLayer
62
256
370
-1
90
4
70
1
10
0.446
20
3.9925000000000006
10
0.446
20
4.0375000000000005
10
0.454
20
4.0375000000000005
10
0.454
20
3.9925000000000006
0
LWPOLYLINE
5
10C7F
330
10AD3
100
AcDbEntity
100
AcDbPolyline
8
TAVA_DETAY_DELIK
6
ByLayer
62
256
370
-1
90
4
70
1
10
0.446
20
4.2625
10
0.446
20
4.3075
10
0.454
20
4.3075
10
0.454
20
4.2625
0
LWPOLYLINE
5
10C80
330
10AD3
100
AcDbEntity
100
AcDbPolyline
8
TAVA_DETAY_DELIK
6
ByLayer
62
256
370
-1
90
4
70
1
10
0.6960000000000001
20
3.9925000000000006
10
0.6960000000000001
20
4.0375000000000005
10
0.7040000000000001
20
4.0375000000000005
10
0.7040000000000001
20
3.9925000000000006
0
LWPOLYLINE
5
10C81
330
10AD3
100
AcDbEntity
100
AcDbPolyline
8
TAVA_DETAY_DELIK
6
ByLayer
62
256
370
-1
90
4
70
1
10
0.6960000000000001
20
4.2625
10
0.6960000000000001
20
4.3075
10
0.7040000000000001
20
4.3075
10
0.7040000000000001
20
4.2625
0
LINE
5
10CD0
330
10AD3
100
AcDbEntity
100
AcDbLine
8
TAVA_DETAY_DELIK
10
-0.9390000000000001
20
3.389
30
0
11
-0.911
21
3.389
31
0
0
LINE
5
10CD1
330
10AD3
100
AcDbEntity
100
AcDbLine
8
TAVA_DETAY_DELIK
10
-0.9390000000000001
20
3.411
30
0
11
-0.911
21
3.411
31
0
0
CIRCLE
5
10CD2
330
10AD3
100
AcDbEntity
100
AcDbCircle
8
TAVA_DETAY_DELIK
10
-0.9390000000000001
20
3.4
30
0
40
0.004
0
CIRCLE
5
10CD3
330
10AD3
100
AcDbEntity
100
AcDbCircle
8
TAVA_DETAY_DELIK
10
-0.911
20
3.4
30
0
40
0.004
0
LINE
5
10CD4
330
10AD3
100
AcDbEntity
100
AcDbLine
8
TAVA_DETAY_DELIK
10
-0.8390000000000001
20
3.389
30
0
11
-0.811
21
3.389
31
0
0
LINE
5
10CD5
330
10AD3
100
AcDbEntity
100
AcDbLine
8
TAVA_DETAY_DELIK
10
-0.8390000000000001
20
3.411
30
0
11
-0.811
21
3.411
31
0
0
CIRCLE
5
10CD6
330
10AD3
100
AcDbEntity
100
AcDbCircle
8
TAVA_DETAY_DELIK
10
-0.8390000000000001
20
3.4
30
0
40
0.004
0
CIRCLE
5
10CD7
330
10AD3
100
AcDbEntity
100
AcDbCircle
8
TAVA_DETAY_DELIK
10
-0.811
20
3.4
30
0
40
0.004
0
LINE
5
10CD8
330
10AD3
100
AcDbEntity
100
AcDbLine
8
TAVA_DETAY_DELIK
10
-0.739
20
3.389
30
0
11
-0.711
21
3.389
31
0
0
LINE
5
10CD9
330
10AD3
100
AcDbEntity
100
AcDbLine
8
TAVA_DETAY_DELIK
10
-0.739
20
3.411
30
0
11
-0.711
21
3.411
31
0
0
CIRCLE
5
10CDA
330
10AD3
100
AcDbEntity
100
AcDbCircle
8
TAVA_DETAY_DELIK
10
-0.739
20
3.4
30
0
40
0.004
0
CIRCLE
5
10CDB
330
10AD3
100
AcDbEntity
100
AcDbCircle
8
TAVA_DETAY_DELIK
10
-0.711
20
3.4
30
0
40
0.004
0
LINE
5
10CDC
330
10AD3
100
AcDbEntity
100
AcDbLine
8
TAVA_DETAY_DELIK
10
-0.639
20
3.389
30
0
11
-0.611
21
3.389
31
0
0
LINE
5
10CDD
330
10AD3
100
AcDbEntity
100
AcDbLine
8
TAVA_DETAY_DELIK
10
-0.639
20
3.411
30
0
11
-0.611
21
3.411
31
0
0
CIRCLE
5
10CDE
330
10AD3
100
AcDbEntity
100
AcDbCircle
8
TAVA_DETAY_DELIK
10
-0.639
20
3.4
30
0
40
0.004
0
CIRCLE
5
10CDF
330
10AD3
100
AcDbEntity
100
AcDbCircle
8
TAVA_DETAY_DELIK
10
-0.611
20
3.4
30
0
40
0.004
0
LINE
5
10CE0
330
10AD3
100
AcDbEntity
100
AcDbLine
8
TAVA_DETAY_DELIK
10
-0.539
20
3.389
30
0
11
-0.511
21
3.389
31
0
0
LINE
5
10CE1
330
10AD3
100
AcDbEntity
100
AcDbLine
8
TAVA_DETAY_DELIK
10
-0.539
20
3.411
30
0
11
-0.511
21
3.411
31
0
0
CIRCLE
5
10CE2
330
10AD3
100
AcDbEntity
100
AcDbCircle
8
TAVA_DETAY_DELIK
10
-0.539
20
3.4
30
0
40
0.004
0
CIRCLE
5
10CE3
330
10AD3
100
AcDbEntity
100
AcDbCircle
8
TAVA_DETAY_DELIK
10
-0.511
20
3.4
30
0
40
0.004
0
LINE
5
10CE4
330
10AD3
100
AcDbEntity
100
AcDbLine
8
TAVA_DETAY_DELIK
10
-0.439
20
3.389
30
0
11
-0.411
21
3.389
31
0
0
LINE
5
10CE5
330
10AD3
100
AcDbEntity
100
AcDbLine
8
TAVA_DETAY_DELIK
10
-0.439
20
3.411
30
0
11
-0.411
21
3.411
31
0
0
CIRCLE
5
10CE6
330
10AD3
100
AcDbEntity
100
AcDbCircle
8
TAVA_DETAY_DELIK
10
-0.439
20
3.4
30
0
40
0.004
0
CIRCLE
5
10CE7
330
10AD3
100
AcDbEntity
100
AcDbCircle
8
TAVA_DETAY_DELIK
10
-0.411
20
3.4
30
0
40
0.004
0
LINE
5
10CE8
330
10AD3
100
AcDbEntity
100
AcDbLine
8
TAVA_DETAY_DELIK
10
-0.339
20
3.389
30
0
11
-0.311
21
3.389
31
0
0
LINE
5
10CE9
330
10AD3
100
AcDbEntity
100
AcDbLine
8
TAVA_DETAY_DELIK
10
-0.339
20
3.411
30
0
11
-0.311
21
3.411
31
0
0
CIRCLE
5
10CEA
330
10AD3
100
AcDbEntity
100
AcDbCircle
8
TAVA_DETAY_DELIK
10
-0.339
20
3.4
30
0
40
0.004
0
CIRCLE
5
10CEB
330
10AD3
100
AcDbEntity
100
AcDbCircle
8
TAVA_DETAY_DELIK
10
-0.311
20
3.4
30
0
40
0.004
0
LINE
5
10CEC
330
10AD3
100
AcDbEntity
100
AcDbLine
8
TAVA_DETAY_DELIK
10
-0.239
20
3.389
30
0
11
-0.21100000000000002
21
3.389
31
0
0
LINE
5
10CED
330
10AD3
100
AcDbEntity
100
AcDbLine
8
TAVA_DETAY_DELIK
10
-0.239
20
3.411
30
0
11
-0.21100000000000002
21
3.411
31
0
0
CIRCLE
5
10CEE
330
10AD3
100
AcDbEntity
100
AcDbCircle
8
TAVA_DETAY_DELIK
10
-0.239
20
3.4
30
0
40
0.004
0
CIRCLE
5
10CEF
330
10AD3
100
AcDbEntity
100
AcDbCircle
8
TAVA_DETAY_DELIK
10
-0.21100000000000002
20
3.4
30
0
40
0.004
0
LINE
5
10CF0
330
10AD3
100
AcDbEntity
100
AcDbLine
8
TAVA_DETAY_DELIK
10
-0.139
20
3.389
30
0
11
-0.111
21
3.389
31
0
0
LINE
5
10CF1
330
10AD3
100
AcDbEntity
100
AcDbLine
8
TAVA_DETAY_DELIK
10
-0.139
20
3.411
30
0
11
-0.111
21
3.411
31
0
0
CIRCLE
5
10CF2
330
10AD3
100
AcDbEntity
100
AcDbCircle
8
TAVA_DETAY_DELIK
10
-0.139
20
3.4
30
0
40
0.004
0
CIRCLE
5
10CF3
330
10AD3
100
AcDbEntity
100
AcDbCircle
8
TAVA_DETAY_DELIK
10
-0.111
20
3.4
30
0
40
0.004
0
LINE
5
10CF4
330
10AD3
100
AcDbEntity
100
AcDbLine
8
TAVA_DETAY_DELIK
10
-0.03900000000000001
20
3.389
30
0
11
-0.011
21
3.389
31
0
0
LINE
5
10CF5
330
10AD3
100
AcDbEntity
100
AcDbLine
8
TAVA_DETAY_DELIK
10
-0.03900000000000001
20
3.411
30
0
11
-0.011
21
3.411
31
0
0
CIRCLE
5
10CF6
330
10AD3
100
AcDbEntity
100
AcDbCircle
8
TAVA_DETAY_DELIK
10
-0.03900000000000001
20
3.4
30
0
40
0.004
0
CIRCLE
5
10CF7
330
10AD3
100
AcDbEntity
100
AcDbCircle
8
TAVA_DETAY_DELIK
10
-0.011
20
3.4
30
0
40
0.004
0
LINE
5
10CF8
330
10AD3
100
AcDbEntity
100
AcDbLine
8
TAVA_DETAY_DELIK
10
0.061
20
3.389
30
0
11
0.089
21
3.389
31
0
0
LINE
5
10CF9
330
10AD3
100
AcDbEntity
100
AcDbLine
8
TAVA_DETAY_DELIK
10
0.061
20
3.411
30
0
11
0.089
21
3.411
31
0
0
CIRCLE
5
10CFA
330
10AD3
100
AcDbEntity
100
AcDbCircle
8
TAVA_DETAY_DELIK
10
0.061
20
3.4
30
0
40
0.004
0
CIRCLE
5
10CFB
330
10AD3
100
AcDbEntity
100
AcDbCircle
8
TAVA_DETAY_DELIK
10
0.089
20
3.4
30
0
40
0.004
0
LINE
5
10CFC
330
10AD3
100
AcDbEntity
100
AcDbLine
8
TAVA_DETAY_DELIK
10
0.16100000000000003
20
3.389
30
0
11
0.189
21
3.389
31
0
0
LINE
5
10CFD
330
10AD3
100
AcDbEntity
100
AcDbLine
8
TAVA_DETAY_DELIK
10
0.16100000000000003
20
3.411
30
0
11
0.189
21
3.411
31
0
0
CIRCLE
5
10CFE
330
10AD3
100
AcDbEntity
100
AcDbCircle
8
TAVA_DETAY_DELIK
10
0.16100000000000003
20
3.4
30
0
40
0.004
0
CIRCLE
5
10CFF
330
10AD3
100
AcDbEntity
100
AcDbCircle
8
TAVA_DETAY_DELIK
10
0.189
20
3.4
30
0
40
0.004
0
LINE
5
10D00
330
10AD3
100
AcDbEntity
100
AcDbLine
8
TAVA_DETAY_DELIK
10
0.261
20
3.389
30
0
11
0.28900000000000003
21
3.389
31
0
0
LINE
5
10D01
330
10AD3
100
AcDbEntity
100
AcDbLine
8
TAVA_DETAY_DELIK
10
0.261
20
3.411
30
0
11
0.28900000000000003
21
3.411
31
0
0
CIRCLE
5
10D02
330
10AD3
100
AcDbEntity
100
AcDbCircle
8
TAVA_DETAY_DELIK
10
0.261
20
3.4
30
0
40
0.004
0
CIRCLE
5
10D03
330
10AD3
100
AcDbEntity
100
AcDbCircle
8
TAVA_DETAY_DELIK
10
0.28900000000000003
20
3.4
30
0
40
0.004
0
LINE
5
10D04
330
10AD3
100
AcDbEntity
100
AcDbLine
8
TAVA_DETAY_DELIK
10
0.361
20
3.389
30
0
11
0.389
21
3.389
31
0
0
LINE
5
10D05
330
10AD3
100
AcDbEntity
100
AcDbLine
8
TAVA_DETAY_DELIK
10
0.361
20
3.411
30
0
11
0.389
21
3.411
31
0
0
CIRCLE
5
10D06
330
10AD3
100
AcDbEntity
100
AcDbCircle
8
TAVA_DETAY_DELIK
10
0.361
20
3.4
30
0
40
0.004
0
CIRCLE
5
10D07
330
10AD3
100
AcDbEntity
100
AcDbCircle
8
TAVA_DETAY_DELIK
10
0.389
20
3.4
30
0
40
0.004
0
LINE
5
10D08
330
10AD3
100
AcDbEntity
100
AcDbLine
8
TAVA_DETAY_DELIK
10
0.461
20
3.389
30
0
11
0.48900000000000005
21
3.389
31
0
0
LINE
5
10D09
330
10AD3
100
AcDbEntity
100
AcDbLine
8
TAVA_DETAY_DELIK
10
0.461
20
3.411
30
0
11
0.48900000000000005
21
3.411
31
0
0
CIRCLE
5
10D0A
330
10AD3
100
AcDbEntity
100
AcDbCircle
8
TAVA_DETAY_DELIK
10
0.461
20
3.4
30
0
40
0.004
0
CIRCLE
5
10D0B
330
10AD3
100
AcDbEntity
100
AcDbCircle
8
TAVA_DETAY_DELIK
10
0.48900000000000005
20
3.4
30
0
40
0.004
0
LINE
5
10D0C
330
10AD3
100
AcDbEntity
100
AcDbLine
8
TAVA_DETAY_DELIK
10
0.561
20
3.389
30
0
11
0.5890000000000001
21
3.389
31
0
0
LINE
5
10D0D
330
10AD3
100
AcDbEntity
100
AcDbLine
8
TAVA_DETAY_DELIK
10
0.561
20
3.411
30
0
11
0.5890000000000001
21
3.411
31
0
0
CIRCLE
5
10D0E
330
10AD3
100
AcDbEntity
100
AcDbCircle
8
TAVA_DETAY_DELIK
10
0.561
20
3.4
30
0
40
0.004
0
CIRCLE
5
10D0F
330
10AD3
100
AcDbEntity
100
AcDbCircle
8
TAVA_DETAY_DELIK
10
0.5890000000000001
20
3.4
30
0
40
0.004
0
LINE
5
10D10
330
10AD3
100
AcDbEntity
100
AcDbLine
8
TAVA_DETAY_DELIK
10
0.661
20
3.389
30
0
11
0.6890000000000001
21
3.389
31
0
0
LINE
5
10D11
330
10AD3
100
AcDbEntity
100
AcDbLine
8
TAVA_DETAY_DELIK
10
0.661
20
3.411
30
0
11
0.6890000000000001
21
3.411
31
0
0
CIRCLE
5
10D12
330
10AD3
100
AcDbEntity
100
AcDbCircle
8
TAVA_DETAY_DELIK
10
0.661
20
3.4
30
0
40
0.004
0
CIRCLE
5
10D13
330
10AD3
100
AcDbEntity
100
AcDbCircle
8
TAVA_DETAY_DELIK
10
0.6890000000000001
20
3.4
30
0
40
0.004
0
LINE
5
10D14
330
10AD3
100
AcDbEntity
100
AcDbLine
8
TAVA_DETAY_DELIK
10
0.761
20
3.389
30
0
11
0.789
21
3.389
31
0
0
LINE
5
10D15
330
10AD3
100
AcDbEntity
100
AcDbLine
8
TAVA_DETAY_DELIK
10
0.761
20
3.411
30
0
11
0.789
21
3.411
31
0
0
CIRCLE
5
10D16
330
10AD3
100
AcDbEntity
100
AcDbCircle
8
TAVA_DETAY_DELIK
10
0.761
20
3.4
30
0
40
0.004
0
CIRCLE
5
10D17
330
10AD3
100
AcDbEntity
100
AcDbCircle
8
TAVA_DETAY_DELIK
10
0.789
20
3.4
30
0
40
0.004
0
LINE
5
10D18
330
10AD3
100
AcDbEntity
100
AcDbLine
8
TAVA_DETAY_DELIK
10
0.861
20
3.389
30
0
11
0.889
21
3.389
31
0
0
LINE
5
10D19
330
10AD3
100
AcDbEntity
100
AcDbLine
8
TAVA_DETAY_DELIK
10
0.861
20
3.411
30
0
11
0.889
21
3.411
31
0
0
CIRCLE
5
10D1A
330
10AD3
100
AcDbEntity
100
AcDbCircle
8
TAVA_DETAY_DELIK
10
0.861
20
3.4
30
0
40
0.004
0
CIRCLE
5
10D1B
330
10AD3
100
AcDbEntity
100
AcDbCircle
8
TAVA_DETAY_DELIK
10
0.889
20
3.4
30
0
40
0.004
0
LINE
5
10D55
330
10AD3
100
AcDbEntity
100
AcDbLine
8
TAVA_DETAY_DELIK
10
-0.6220836477965032
20
2.51225
30
0
11
-0.6428682574873297
21
2.50025
31
0
0
LINE
5
10D56
330
10AD3
100
AcDbEntity
100
AcDbLine
8
TAVA_DETAY_DELIK
10
-0.6428682574873297
20
2.50025
30
0
11
-0.5995669872981078
21
2.47525
31
0
0
LINE
5
10D57
330
10AD3
100
AcDbEntity
100
AcDbLine
8
TAVA_DETAY_DELIK
10
-0.5995669872981078
20
2.47525
30
0
11
-0.5787823776072812
21
2.48725
31
0
0
LINE
5
10D58
330
10AD3
100
AcDbEntity
100
AcDbLine
8
TAVA_DETAY_DELIK
10
-0.5787823776072812
20
2.48725
30
0
11
-0.6220836477965032
21
2.51225
31
0
0
LINE
5
10D59
330
10AD3
100
AcDbEntity
100
AcDbLine
8
TAVA_DETAY_DELIK
10
-0.7195115057222525
20
2.456
30
0
11
-0.740296115413079
21
2.444
31
0
0
LINE
5
10D5A
330
10AD3
100
AcDbEntity
100
AcDbLine
8
TAVA_DETAY_DELIK
10
-0.740296115413079
20
2.444
30
0
11
-0.6969948452238571
21
2.419
31
0
0
LINE
5
10D5B
330
10AD3
100
AcDbEntity
100
AcDbLine
8
TAVA_DETAY_DELIK
10
-0.6969948452238571
20
2.419
30
0
11
-0.6762102355330306
21
2.431
31
0
0
LINE
5
10D5C
330
10AD3
100
AcDbEntity
100
AcDbLine
8
TAVA_DETAY_DELIK
10
-0.6762102355330306
20
2.431
30
0
11
-0.7195115057222525
21
2.456
31
0
0
LINE
5
10D5D
330
10AD3
100
AcDbEntity
100
AcDbLine
8
TAVA_DETAY_DELIK
10
-0.8169393636480019
20
2.39975
30
0
11
-0.8377239733388285
21
2.38775
31
0
0
LINE
5
10D5E
330
10AD3
100
AcDbEntity
100
AcDbLine
8
TAVA_DETAY_DELIK
10
-0.8377239733388285
20
2.38775
30
0
11
-0.7944227031496066
21
2.36275
31
0
0
LINE
5
10D5F
330
10AD3
100
AcDbEntity
100
AcDbLine
8
TAVA_DETAY_DELIK
10
-0.7944227031496066
20
2.36275
30
0
11
-0.77363809345878
21
2.37475
31
0
0
LINE
5
10D60
330
10AD3
100
AcDbEntity
100
AcDbLine
8
TAVA_DETAY_DELIK
10
-0.77363809345878
20
2.37475
30
0
11
-0.8169393636480019
21
2.39975
31
0
0
LINE
5
10D61
330
10AD3
100
AcDbEntity
100
AcDbLine
8
TAVA_DETAY_DELIK
10
-0.5008400912666817
20
2.44225
30
0
11
-0.5216247009575082
21
2.43025
31
0
0
LINE
5
10D62
330
10AD3
100
AcDbEntity
100
AcDbLine
8
TAVA_DETAY_DELIK
10
-0.5216247009575082
20
2.43025
30
0
11
-0.4783234307682863
21
2.40525
31
0
0
LINE
5
10D63
330
10AD3
100
AcDbEntity
100
AcDbLine
8
TAVA_DETAY_DELIK
10
-0.4783234307682863
20
2.40525
30
0
11
-0.4575388210774598
21
2.41725
31
0
0
LINE
5
10D64
330
10AD3
100
AcDbEntity
100
AcDbLine
8
TAVA_DETAY_DELIK
10
-0.4575388210774598
20
2.41725
30
0
11
-0.5008400912666817
21
2.44225
31
0
0
LINE
5
10D65
330
10AD3
100
AcDbEntity
100
AcDbLine
8
TAVA_DETAY_DELIK
10
-0.5982679491924311
20
2.386
30
0
11
-0.6190525588832576
21
2.374
31
0
0
LINE
5
10D66
330
10AD3
100
AcDbEntity
100
AcDbLine
8
TAVA_DETAY_DELIK
10
-0.6190525588832576
20
2.374
30
0
11
-0.5757512886940357
21
2.349
31
0
0
LINE
5
10D67
330
10AD3
100
AcDbEntity
100
AcDbLine
8
TAVA_DETAY_DELIK
10
-0.5757512886940357
20
2.349
30
0
11
-0.5549666790032092
21
2.361
31
0
0
LINE
5
10D68
330
10AD3
100
AcDbEntity
100
AcDbLine
8
TAVA_DETAY_DELIK
10
-0.5549666790032092
20
2.361
30
0
11
-0.5982679491924311
21
2.386
31
0
0
LINE
5
10D69
330
10AD3
100
AcDbEntity
100
AcDbLine
8
TAVA_DETAY_DELIK
10
-0.6956958071181805
20
2.32975
30
0
11
-0.7164804168090071
21
2.31775
31
0
0
LINE
5
10D6A
330
10AD3
100
AcDbEntity
100
AcDbLine
8
TAVA_DETAY_DELIK
10
-0.7164804168090071
20
2.31775
30
0
11
-0.6731791466197852
21
2.2927500000000003
31
0
0
LINE
5
10D6B
330
10AD3
100
AcDbEntity
100
AcDbLine
8
TAVA_DETAY_DELIK
10
-0.6731791466197852
20
2.2927500000000003
30
0
11
-0.6523945369289585
21
2.3047500000000003
31
0
0
LINE
5
10D6C
330
10AD3
100
AcDbEntity
100
AcDbLine
8
TAVA_DETAY_DELIK
10
-0.6523945369289585
20
2.3047500000000003
30
0
11
-0.6956958071181805
21
2.32975
31
0
0
LINE
5
10D6D
330
10AD3
100
AcDbEntity
100
AcDbLine
8
TAVA_DETAY_DELIK
10
-0.37959653473686034
20
2.37225
30
0
11
-0.40038114442768685
21
2.36025
31
0
0
LINE
5
10D6E
330
10AD3
100
AcDbEntity
100
AcDbLine
8
TAVA_DETAY_DELIK
10
-0.40038114442768685
20
2.36025
30
0
11
-0.3570798742384649
21
2.33525
31
0
0
LINE
5
10D6F
330
10AD3
100
AcDbEntity
100
AcDbLine
8
TAVA_DETAY_DELIK
10
-0.3570798742384649
20
2.33525
30
0
11
-0.33629526454763836
21
2.34725
31
0
0
LINE
5
10D70
330
10AD3
100
AcDbEntity
100
AcDbLine
8
TAVA_DETAY_DELIK
10
-0.33629526454763836
20
2.34725
30
0
11
-0.37959653473686034
21
2.37225
31
0
0
LINE
5
10D71
330
10AD3
100
AcDbEntity
100
AcDbLine
8
TAVA_DETAY_DELIK
10
-0.4770243926626097
20
2.3160000000000003
30
0
11
-0.4978090023534362
21
2.3040000000000003
31
0
0
LINE
5
10D72
330
10AD3
100
AcDbEntity
100
AcDbLine
8
TAVA_DETAY_DELIK
10
-0.4978090023534362
20
2.3040000000000003
30
0
11
-0.45450773216421425
21
2.279
31
0
0
LINE
5
10D73
330
10AD3
100
AcDbEntity
100
AcDbLine
8
TAVA_DETAY_DELIK
10
-0.45450773216421425
20
2.279
30
0
11
-0.43372312247338773
21
2.291
31
0
0
LINE
5
10D74
330
10AD3
100
AcDbEntity
100
AcDbLine
8
TAVA_DETAY_DELIK
10
-0.43372312247338773
20
2.291
30
0
11
-0.4770243926626097
21
2.3160000000000003
31
0
0
LINE
5
10D75
330
10AD3
100
AcDbEntity
100
AcDbLine
8
TAVA_DETAY_DELIK
10
-0.5744522505883591
20
2.2597500000000004
30
0
11
-0.5952368602791858
21
2.2477500000000004
31
0
0
LINE
5
10D76
330
10AD3
100
AcDbEntity
100
AcDbLine
8
TAVA_DETAY_DELIK
10
-0.5952368602791858
20
2.2477500000000004
30
0
11
-0.5519355900899637
21
2.22275
31
0
0
LINE
5
10D77
330
10AD3
100
AcDbEntity
100
AcDbLine
8
TAVA_DETAY_DELIK
10
-0.5519355900899637
20
2.22275
30
0
11
-0.5311509803991371
21
2.23475
31
0
0
LINE
5
10D78
330
10AD3
100
AcDbEntity
100
AcDbLine
8
TAVA_DETAY_DELIK
10
-0.5311509803991371
20
2.23475
30
0
11
-0.5744522505883591
21
2.2597500000000004
31
0
0
LINE
5
10D79
330
10AD3
100
AcDbEntity
100
AcDbLine
8
TAVA_DETAY_DELIK
10
-0.2583529782070389
20
2.30225
30
0
11
-0.2791375878978654
21
2.29025
31
0
0
LINE
5
10D7A
330
10AD3
100
AcDbEntity
100
AcDbLine
8
TAVA_DETAY_DELIK
10
-0.2791375878978654
20
2.29025
30
0
11
-0.23583631770864344
21
2.26525
31
0
0
LINE
5
10D7B
330
10AD3
100
AcDbEntity
100
AcDbLine
8
TAVA_DETAY_DELIK
10
-0.23583631770864344
20
2.26525
30
0
11
-0.21505170801781692
21
2.27725
31
0
0
LINE
5
10D7C
330
10AD3
100
AcDbEntity
100
AcDbLine
8
TAVA_DETAY_DELIK
10
-0.21505170801781692
20
2.27725
30
0
11
-0.2583529782070389
21
2.30225
31
0
0
LINE
5
10D7D
330
10AD3
100
AcDbEntity
100
AcDbLine
8
TAVA_DETAY_DELIK
10
-0.35578083613278827
20
2.246
30
0
11
-0.3765654458236148
21
2.234
31
0
0
LINE
5
10D7E
330
10AD3
100
AcDbEntity
100
AcDbLine
8
TAVA_DETAY_DELIK
10
-0.3765654458236148
20
2.234
30
0
11
-0.3332641756343928
21
2.209
31
0
0
LINE
5
10D7F
330
10AD3
100
AcDbEntity
100
AcDbLine
8
TAVA_DETAY_DELIK
10
-0.3332641756343928
20
2.209
30
0
11
-0.3124795659435663
21
2.221
31
0
0
LINE
5
10D80
330
10AD3
100
AcDbEntity
100
AcDbLine
8
TAVA_DETAY_DELIK
10
-0.3124795659435663
20
2.221
30
0
11
-0.35578083613278827
21
2.246
31
0
0
LINE
5
10D81
330
10AD3
100
AcDbEntity
100
AcDbLine
8
TAVA_DETAY_DELIK
10
-0.45320869405853764
20
2.18975
30
0
11
-0.47399330374936427
21
2.17775
31
0
0
LINE
5
10D82
330
10AD3
100
AcDbEntity
100
AcDbLine
8
TAVA_DETAY_DELIK
10
-0.47399330374936427
20
2.17775
30
0
11
-0.4306920335601423
21
2.15275
31
0
0
LINE
5
10D83
330
10AD3
100
AcDbEntity
100
AcDbLine
8
TAVA_DETAY_DELIK
10
-0.4306920335601423
20
2.15275
30
0
11
-0.40990742386931567
21
2.16475
31
0
0
LINE
5
10D84
330
10AD3
100
AcDbEntity
100
AcDbLine
8
TAVA_DETAY_DELIK
10
-0.40990742386931567
20
2.16475
30
0
11
-0.45320869405853764
21
2.18975
31
0
0
LINE
5
10DC5
330
10AD3
100
AcDbEntity
100
AcDbLine
8
TAVA_DETAY_DELIK
10
-0.785
20
1.749
30
0
11
-0.755
21
1.749
31
0
0
LINE
5
10DC6
330
10AD3
100
AcDbEntity
100
AcDbLine
8
TAVA_DETAY_DELIK
10
-0.73
20
1.749
30
0
11
-0.7
21
1.749
31
0
0
LINE
5
10DC7
330
10AD3
100
AcDbEntity
100
AcDbLine
8
TAVA_DETAY_DELIK
10
-0.675
20
1.749
30
0
11
-0.645
21
1.749
31
0
0
LINE
5
10DC8
330
10AD3
100
AcDbEntity
100
AcDbLine
8
TAVA_DETAY_DELIK
10
-0.62
20
1.749
30
0
11
-0.59
21
1.749
31
0
0
LINE
5
10DC9
330
10AD3
100
AcDbEntity
100
AcDbLine
8
TAVA_DETAY_DELIK
10
-0.5650000000000001
20
1.749
30
0
11
-0.535
21
1.749
31
0
0
LINE
5
10DCA
330
10AD3
100
AcDbEntity
100
AcDbLine
8
TAVA_DETAY_DELIK
10
-0.51
20
1.749
30
0
11
-0.48
21
1.749
31
0
0
LINE
5
10DCB
330
10AD3
100
AcDbEntity
100
AcDbLine
8
TAVA_DETAY_DELIK
10
-0.455
20
1.749
30
0
11
-0.425
21
1.749
31
0
0
LINE
5
10DCC
330
10AD3
100
AcDbEntity
100
AcDbLine
8
TAVA_DETAY_DELIK
10
-0.4
20
1.749
30
0
11
-0.37
21
1.749
31
0
0
LINE
5
10DCD
330
10AD3
100
AcDbEntity
100
AcDbLine
8
TAVA_DETAY_DELIK
10
-0.34500000000000003
20
1.749
30
0
11
-0.315
21
1.749
31
0
0
LINE
5
10F7B
330
10AD3
100
AcDbEntity
100
AcDbLine
8
TAVA_DETAY_DELIK
10
-0.785
20
1.249
30
0
11
-0.755
21
1.249
31
0
0
LINE
5
10F7C
330
10AD3
100
AcDbEntity
100
AcDbLine
8
TAVA_DETAY_DELIK
10
-0.73
20
1.249
30
0
11
-0.7
21
1.249
31
0
0
LINE
5
10F7D
330
10AD3
100
AcDbEntity
100
AcDbLine
8
TAVA_DETAY_DELIK
10
-0.675
20
1.249
30
0
11
-0.645
21
1.249
31
0
0
LINE
5
10F7E
330
10AD3
100
AcDbEntity
100
AcDbLine
8
TAVA_DETAY_DELIK
10
-0.62
20
1.249
30
0
11
-0.59
21
1.249
31
0
0
LINE
5
10F7F
330
10AD3
100
AcDbEntity
100
AcDbLine
8
TAVA_DETAY_DELIK
10
-0.5650000000000001
20
1.249
30
0
11
-0.535
21
1.249
31
0
0
LINE
5
10F80
330
10AD3
100
AcDbEntity
100
AcDbLine
8
TAVA_DETAY_DELIK
10
-0.51
20
1.249
30
0
11
-0.48
21
1.249
31
0
0
LINE
5
10F81
330
10AD3
100
AcDbEntity
100
AcDbLine
8
TAVA_DETAY_DELIK
10
-0.455
20
1.249
30
0
11
-0.425
21
1.249
31
0
0
LINE
5
10F82
330
10AD3
100
AcDbEntity
100
AcDbLine
8
TAVA_DETAY_DELIK
10
-0.4
20
1.249
30
0
11
-0.37
21
1.249
31
0
0
LINE
5
10F83
330
10AD3
100
AcDbEntity
100
AcDbLine
8
TAVA_DETAY_DELIK
10
-0.34500000000000003
20
1.249
30
0
11
-0.315
21
1.249
31
0
0
LINE
5
11109
330
10AD3
100
AcDbEntity
100
AcDbLine
8
TAVA_DETAY_DELIK
10
-0.785
20
0.749
30
0
11
-0.755
21
0.749
31
0
0
LINE
5
1110A
330
10AD3
100
AcDbEntity
100
AcDbLine
8
TAVA_DETAY_DELIK
10
-0.73
20
0.749
30
0
11
-0.7
21
0.749
31
0
0
LINE
5
1110B
330
10AD3
100
AcDbEntity
100
AcDbLine
8
TAVA_DETAY_DELIK
10
-0.675
20
0.749
30
0
11
-0.645
21
0.749
31
0
0
LINE
5
1110C
330
10AD3
100
AcDbEntity
100
AcDbLine
8
TAVA_DETAY_DELIK
10
-0.62
20
0.749
30
0
11
-0.59
21
0.749
31
0
0
LINE
5
1110D
330
10AD3
100
AcDbEntity
100
AcDbLine
8
TAVA_DETAY_DELIK
10
-0.5650000000000001
20
0.749
30
0
11
-0.535
21
0.749
31
0
0
LINE
5
1110E
330
10AD3
100
AcDbEntity
100
AcDbLine
8
TAVA_DETAY_DELIK
10
-0.51
20
0.749
30
0
11
-0.48
21
0.749
31
0
0
LINE
5
1110F
330
10AD3
100
AcDbEntity
100
AcDbLine
8
TAVA_DETAY_DELIK
10
-0.455
20
0.749
30
0
11
-0.425
21
0.749
31
0
0
LINE
5
11110
330
10AD3
100
AcDbEntity
100
AcDbLine
8
TAVA_DETAY_DELIK
10
-0.4
20
0.749
30
0
11
-0.37
21
0.749
31
0
0
LINE
5
11111
330
10AD3
100
AcDbEntity
100
AcDbLine
8
TAVA_DETAY_DELIK
10
-0.34500000000000003
20
0.749
30
0
11
-0.315
21
0.749
31
0
0
LINE
5
1135E
330
10AD3
100
AcDbEntity
100
AcDbLine
8
TAVA_DETAY_DELIK
10
-0.785
20
0.249
30
0
11
-0.755
21
0.249
31
0
0
LINE
5
1135F
330
10AD3
100
AcDbEntity
100
AcDbLine
8
TAVA_DETAY_DELIK
10
-0.73
20
0.249
30
0
11
-0.7
21
0.249
31
0
0
LINE
5
11360
330
10AD3
100
AcDbEntity
100
AcDbLine
8
TAVA_DETAY_DELIK
10
-0.675
20
0.249
30
0
11
-0.645
21
0.249
31
0
0
LINE
5
11361
330
10AD3
100
AcDbEntity
100
AcDbLine
8
TAVA_DETAY_DELIK
10
-0.62
20
0.249
30
0
11
-0.59
21
0.249
31
0
0
LINE
5
11362
330
10AD3
100
AcDbEntity
100
AcDbLine
8
TAVA_DETAY_DELIK
10
-0.5650000000000001
20
0.249
30
0
11
-0.535
21
0.249
31
0
0
LINE
5
11363
330
10AD3
100
AcDbEntity
100
AcDbLine
8
TAVA_DETAY_DELIK
10
-0.51
20
0.249
30
0
11
-0.48
21
0.249
31
0
0
LINE
5
11364
330
10AD3
100
AcDbEntity
100
AcDbLine
8
TAVA_DETAY_DELIK
10
-0.455
20
0.249
30
0
11
-0.425
21
0.249
31
0
0
LINE
5
11365
330
10AD3
100
AcDbEntity
100
AcDbLine
8
TAVA_DETAY_DELIK
10
-0.4
20
0.249
30
0
11
-0.37
21
0.249
31
0
0
LINE
5
11366
330
10AD3
100
AcDbEntity
100
AcDbLine
8
TAVA_DETAY_DELIK
10
-0.34500000000000003
20
0.249
30
0
11
-0.315
21
0.249
31
0
0
LINE
5
114A4
330
10AD3
100
AcDbEntity
100
AcDbLine
8
TAVA_DETAY_DELIK
10
0.31500000000000006
20
1.749
30
0
11
0.3450000000000001
21
1.749
31
0
0
LINE
5
114A5
330
10AD3
100
AcDbEntity
100
AcDbLine
8
TAVA_DETAY_DELIK
10
0.37000000000000005
20
1.749
30
0
11
0.4000000000000001
21
1.749
31
0
0
LINE
5
114A6
330
10AD3
100
AcDbEntity
100
AcDbLine
8
TAVA_DETAY_DELIK
10
0.42500000000000004
20
1.749
30
0
11
0.45500000000000007
21
1.749
31
0
0
LINE
5
114A7
330
10AD3
100
AcDbEntity
100
AcDbLine
8
TAVA_DETAY_DELIK
10
0.4800000000000001
20
1.749
30
0
11
0.5100000000000001
21
1.749
31
0
0
LINE
5
114A8
330
10AD3
100
AcDbEntity
100
AcDbLine
8
TAVA_DETAY_DELIK
10
0.535
20
1.749
30
0
11
0.5650000000000001
21
1.749
31
0
0
LINE
5
114A9
330
10AD3
100
AcDbEntity
100
AcDbLine
8
TAVA_DETAY_DELIK
10
0.5900000000000001
20
1.749
30
0
11
0.6200000000000001
21
1.749
31
0
0
LINE
5
114AA
330
10AD3
100
AcDbEntity
100
AcDbLine
8
TAVA_DETAY_DELIK
10
0.6450000000000001
20
1.749
30
0
11
0.6750000000000002
21
1.749
31
0
0
LINE
5
114AB
330
10AD3
100
AcDbEntity
100
AcDbLine
8
TAVA_DETAY_DELIK
10
0.7000000000000001
20
1.749
30
0
11
0.7300000000000001
21
1.749
31
0
0
LINE
5
114AC
330
10AD3
100
AcDbEntity
100
AcDbLine
8
TAVA_DETAY_DELIK
10
0.755
20
1.749
30
0
11
0.785
21
1.749
31
0
0
LINE
5
1155E
330
10AD3
100
AcDbEntity
100
AcDbLine
8
TAVA_DETAY_DELIK
10
0.31500000000000006
20
1.249
30
0
11
0.3450000000000001
21
1.249
31
0
0
LINE
5
1155F
330
10AD3
100
AcDbEntity
100
AcDbLine
8
TAVA_DETAY_DELIK
10
0.37000000000000005
20
1.249
30
0
11
0.4000000000000001
21
1.249
31
0
0
LINE
5
11560
330
10AD3
100
AcDbEntity
100
AcDbLine
8
TAVA_DETAY_DELIK
10
0.42500000000000004
20
1.249
30
0
11
0.45500000000000007
21
1.249
31
0
0
LINE
5
11561
330
10AD3
100
AcDbEntity
100
AcDbLine
8
TAVA_DETAY_DELIK
10
0.4800000000000001
20
1.249
30
0
11
0.5100000000000001
21
1.249
31
0
0
LINE
5
11562
330
10AD3
100
AcDbEntity
100
AcDbLine
8
TAVA_DETAY_DELIK
10
0.535
20
1.249
30
0
11
0.5650000000000001
21
1.249
31
0
0
LINE
5
11563
330
10AD3
100
AcDbEntity
100
AcDbLine
8
TAVA_DETAY_DELIK
10
0.5900000000000001
20
1.249
30
0
11
0.6200000000000001
21
1.249
31
0
0
LINE
5
11564
330
10AD3
100
AcDbEntity
100
AcDbLine
8
TAVA_DETAY_DELIK
10
0.6450000000000001
20
1.249
30
0
11
0.6750000000000002
21
1.249
31
0
0
LINE
5
11565
330
10AD3
100
AcDbEntity
100
AcDbLine
8
TAVA_DETAY_DELIK
10
0.7000000000000001
20
1.249
30
0
11
0.7300000000000001
21
1.249
31
0
0
LINE
5
11566
330
10AD3
100
AcDbEntity
100
AcDbLine
8
TAVA_DETAY_DELIK
10
0.755
20
1.249
30
0
11
0.785
21
1.249
31
0
0
LINE
5
115F7
330
10AD3
100
AcDbEntity
100
AcDbLine
8
TAVA_DETAY_DELIK
10
0.31500000000000006
20
0.749
30
0
11
0.3450000000000001
21
0.749
31
0
0
LINE
5
115F8
330
10AD3
100
AcDbEntity
100
AcDbLine
8
TAVA_DETAY_DELIK
10
0.37000000000000005
20
0.749
30
0
11
0.4000000000000001
21
0.749
31
0
0
LINE
5
115F9
330
10AD3
100
AcDbEntity
100
AcDbLine
8
TAVA_DETAY_DELIK
10
0.42500000000000004
20
0.749
30
0
11
0.45500000000000007
21
0.749
31
0
0
LINE
5
115FA
330
10AD3
100
AcDbEntity
100
AcDbLine
8
TAVA_DETAY_DELIK
10
0.4800000000000001
20
0.749
30
0
11
0.5100000000000001
21
0.749
31
0
0
LINE
5
115FB
330
10AD3
100
AcDbEntity
100
AcDbLine
8
TAVA_DETAY_DELIK
10
0.535
20
0.749
30
0
11
0.5650000000000001
21
0.749
31
0
0
LINE
5
115FC
330
10AD3
100
AcDbEntity
100
AcDbLine
8
TAVA_DETAY_DELIK
10
0.5900000000000001
20
0.749
30
0
11
0.6200000000000001
21
0.749
31
0
0
LINE
5
115FD
330
10AD3
100
AcDbEntity
100
AcDbLine
8
TAVA_DETAY_DELIK
10
0.6450000000000001
20
0.749
30
0
11
0.6750000000000002
21
0.749
31
0
0
LINE
5
115FE
330
10AD3
100
AcDbEntity
100
AcDbLine
8
TAVA_DETAY_DELIK
10
0.7000000000000001
20
0.749
30
0
11
0.7300000000000001
21
0.749
31
0
0
LINE
5
115FF
330
10AD3
100
AcDbEntity
100
AcDbLine
8
TAVA_DETAY_DELIK
10
0.755
20
0.749
30
0
11
0.785
21
0.749
31
0
0
LWPOLYLINE
5
10C84
330
10AD3
100
AcDbEntity
100
AcDbPolyline
8
TAVA_KONSOL
6
ByLayer
62
256
370
-1
90
4
70
1
10
0.25
20
3.9150000000000005
10
0.25
20
4.385000000000001
10
0.45
20
4.385000000000001
10
0.45
20
3.9150000000000005
0
CIRCLE
5
10C85
330
10AD3
100
AcDbEntity
100
AcDbCircle
8
TAVA_KONSOL
10
0.30000000000000004
20
3.97
30
0
40
0.007
0
CIRCLE
5
10C86
330
10AD3
100
AcDbEntity
100
AcDbCircle
8
TAVA_KONSOL
10
0.30000000000000004
20
3.97
30
0
40
0.0045000000000000005
0
LINE
5
10C87
330
10AD3
100
AcDbEntity
100
AcDbLine
8
TAVA_KONSOL
10
0.29200000000000004
20
3.97
30
0
11
0.30800000000000005
21
3.97
31
0
0
LINE
5
10C88
330
10AD3
100
AcDbEntity
100
AcDbLine
8
TAVA_KONSOL
10
0.30000000000000004
20
3.962
30
0
11
0.30000000000000004
21
3.978
31
0
0
CIRCLE
5
10C89
330
10AD3
100
AcDbEntity
100
AcDbCircle
8
TAVA_KONSOL
10
0.30000000000000004
20
4.090000000000001
30
0
40
0.007
0
CIRCLE
5
10C8A
330
10AD3
100
AcDbEntity
100
AcDbCircle
8
TAVA_KONSOL
10
0.30000000000000004
20
4.090000000000001
30
0
40
0.0045000000000000005
0
LINE
5
10C8B
330
10AD3
100
AcDbEntity
100
AcDbLine
8
TAVA_KONSOL
10
0.29200000000000004
20
4.090000000000001
30
0
11
0.30800000000000005
21
4.090000000000001
31
0
0
LINE
5
10C8C
330
10AD3
100
AcDbEntity
100
AcDbLine
8
TAVA_KONSOL
10
0.30000000000000004
20
4.082000000000001
30
0
11
0.30000000000000004
21
4.098000000000001
31
0
0
CIRCLE
5
10C8D
330
10AD3
100
AcDbEntity
100
AcDbCircle
8
TAVA_KONSOL
10
0.30000000000000004
20
4.21
30
0
40
0.007
0
CIRCLE
5
10C8E
330
10AD3
100
AcDbEntity
100
AcDbCircle
8
TAVA_KONSOL
10
0.30000000000000004
20
4.21
30
0
40
0.0045000000000000005
0
LINE
5
10C8F
330
10AD3
100
AcDbEntity
100
AcDbLine
8
TAVA_KONSOL
10
0.29200000000000004
20
4.21
30
0
11
0.30800000000000005
21
4.21
31
0
0
LINE
5
10C90
330
10AD3
100
AcDbEntity
100
AcDbLine
8
TAVA_KONSOL
10
0.30000000000000004
20
4.202
30
0
11
0.30000000000000004
21
4.218
31
0
0
CIRCLE
5
10C91
330
10AD3
100
AcDbEntity
100
AcDbCircle
8
TAVA_KONSOL
10
0.30000000000000004
20
4.33
30
0
40
0.007
0
CIRCLE
5
10C92
330
10AD3
100
AcDbEntity
100
AcDbCircle
8
TAVA_KONSOL
10
0.30000000000000004
20
4.33
30
0
40
0.0045000000000000005
0
LINE
5
10C93
330
10AD3
100
AcDbEntity
100
AcDbLine
8
TAVA_KONSOL
10
0.29200000000000004
20
4.33
30
0
11
0.30800000000000005
21
4.33
31
0
0
LINE
5
10C94
330
10AD3
100
AcDbEntity
100
AcDbLine
8
TAVA_KONSOL
10
0.30000000000000004
20
4.322
30
0
11
0.30000000000000004
21
4.338
31
0
0
CIRCLE
5
10C95
330
10AD3
100
AcDbEntity
100
AcDbCircle
8
TAVA_KONSOL
10
0.4
20
3.97
30
0
40
0.007
0
CIRCLE
5
10C96
330
10AD3
100
AcDbEntity
100
AcDbCircle
8
TAVA_KONSOL
10
0.4
20
3.97
30
0
40
0.0045000000000000005
0
LINE
5
10C97
330
10AD3
100
AcDbEntity
100
AcDbLine
8
TAVA_KONSOL
10
0.392
20
3.97
30
0
11
0.40800000000000003
21
3.97
31
0
0
LINE
5
10C98
330
10AD3
100
AcDbEntity
100
AcDbLine
8
TAVA_KONSOL
10
0.4
20
3.962
30
0
11
0.4
21
3.978
31
0
0
CIRCLE
5
10C99
330
10AD3
100
AcDbEntity
100
AcDbCircle
8
TAVA_KONSOL
10
0.4
20
4.090000000000001
30
0
40
0.007
0
CIRCLE
5
10C9A
330
10AD3
100
AcDbEntity
100
AcDbCircle
8
TAVA_KONSOL
10
0.4
20
4.090000000000001
30
0
40
0.0045000000000000005
0
LINE
5
10C9B
330
10AD3
100
AcDbEntity
100
AcDbLine
8
TAVA_KONSOL
10
0.392
20
4.090000000000001
30
0
11
0.40800000000000003
21
4.090000000000001
31
0
0
LINE
5
10C9C
330
10AD3
100
AcDbEntity
100
AcDbLine
8
TAVA_KONSOL
10
0.4
20
4.082000000000001
30
0
11
0.4
21
4.098000000000001
31
0
0
CIRCLE
5
10C9D
330
10AD3
100
AcDbEntity
100
AcDbCircle
8
TAVA_KONSOL
10
0.4
20
4.21
30
0
40
0.007
0
CIRCLE
5
10C9E
330
10AD3
100
AcDbEntity
100
AcDbCircle
8
TAVA_KONSOL
10
0.4
20
4.21
30
0
40
0.0045000000000000005
0
LINE
5
10C9F
330
10AD3
100
AcDbEntity
100
AcDbLine
8
TAVA_KONSOL
10
0.392
20
4.21
30
0
11
0.40800000000000003
21
4.21
31
0
0
LINE
5
10CA0
330
10AD3
100
AcDbEntity
100
AcDbLine
8
TAVA_KONSOL
10
0.4
20
4.202
30
0
11
0.4
21
4.218
31
0
0
CIRCLE
5
10CA1
330
10AD3
100
AcDbEntity
100
AcDbCircle
8
TAVA_KONSOL
10
0.4
20
4.33
30
0
40
0.007
0
CIRCLE
5
10CA2
330
10AD3
100
AcDbEntity
100
AcDbCircle
8
TAVA_KONSOL
10
0.4
20
4.33
30
0
40
0.0045000000000000005
0
LINE
5
10CA3
330
10AD3
100
AcDbEntity
100
AcDbLine
8
TAVA_KONSOL
10
0.392
20
4.33
30
0
11
0.40800000000000003
21
4.33
31
0
0
LINE
5
10CA4
330
10AD3
100
AcDbEntity
100
AcDbLine
8
TAVA_KONSOL
10
0.4
20
4.322
30
0
11
0.4
21
4.338
31
0
0
LWPOLYLINE
5
10D1D
330
10AD3
100
AcDbEntity
100
AcDbPolyline
8
TAVA_KONSOL
6
ByLayer
62
256
370
-1
90
4
70
1
10
0.26
20
3.362
10
0.26
20
3.438
10
0.44
20
3.438
10
0.44
20
3.362
0
CIRCLE
5
10D1E
330
10AD3
100
AcDbEntity
100
AcDbCircle
8
TAVA_KONSOL
10
0.30500000000000005
20
3.375
30
0
40
0.006
0
CIRCLE
5
10D1F
330
10AD3
100
AcDbEntity
100
AcDbCircle
8
TAVA_KONSOL
10
0.30500000000000005
20
3.375
30
0
40
0.0035
0
CIRCLE
5
10D20
330
10AD3
100
AcDbEntity
100
AcDbCircle
8
TAVA_KONSOL
10
0.30500000000000005
20
3.4250000000000003
30
0
40
0.006
0
CIRCLE
5
10D21
330
10AD3
100
AcDbEntity
100
AcDbCircle
8
TAVA_KONSOL
10
0.30500000000000005
20
3.4250000000000003
30
0
40
0.0035
0
CIRCLE
5
10D22
330
10AD3
100
AcDbEntity
100
AcDbCircle
8
TAVA_KONSOL
10
0.395
20
3.375
30
0
40
0.006
0
CIRCLE
5
10D23
330
10AD3
100
AcDbEntity
100
AcDbCircle
8
TAVA_KONSOL
10
0.395
20
3.375
30
0
40
0.0035
0
CIRCLE
5
10D24
330
10AD3
100
AcDbEntity
100
AcDbCircle
8
TAVA_KONSOL
10
0.395
20
3.4250000000000003
30
0
40
0.006
0
CIRCLE
5
10D25
330
10AD3
100
AcDbEntity
100
AcDbCircle
8
TAVA_KONSOL
10
0.395
20
3.4250000000000003
30
0
40
0.0035
0
LWPOLYLINE
5
10DA0
330
10AD3
100
AcDbEntity
100
AcDbPolyline
8
TAVA_KONSOL
6
ByLayer
62
256
370
-1
90
4
70
1
10
0.45999999999999996
20
2.575
10
0.45999999999999996
20
2.645
10
0.74
20
2.645
10
0.74
20
2.575
0
CIRCLE
5
10DA1
330
10AD3
100
AcDbEntity
100
AcDbCircle
8
TAVA_KONSOL
10
0.51
20
2.61
30
0
40
0.012
0
CIRCLE
5
10DA2
330
10AD3
100
AcDbEntity
100
AcDbCircle
8
TAVA_KONSOL
10
0.51
20
2.61
30
0
40
0.006
0
LINE
5
10DA3
330
10AD3
100
AcDbEntity
100
AcDbLine
8
TAVA_KONSOL
10
0.498
20
2.61
30
0
11
0.522
21
2.61
31
0
0
LINE
5
10DA4
330
10AD3
100
AcDbEntity
100
AcDbLine
8
TAVA_KONSOL
10
0.51
20
2.5980000000000003
30
0
11
0.51
21
2.622
31
0
0
CIRCLE
5
10DA5
330
10AD3
100
AcDbEntity
100
AcDbCircle
8
TAVA_KONSOL
10
0.57
20
2.61
30
0
40
0.012
0
CIRCLE
5
10DA6
330
10AD3
100
AcDbEntity
100
AcDbCircle
8
TAVA_KONSOL
10
0.57
20
2.61
30
0
40
0.006
0
LINE
5
10DA7
330
10AD3
100
AcDbEntity
100
AcDbLine
8
TAVA_KONSOL
10
0.5579999999999999
20
2.61
30
0
11
0.582
21
2.61
31
0
0
LINE
5
10DA8
330
10AD3
100
AcDbEntity
100
AcDbLine
8
TAVA_KONSOL
10
0.57
20
2.5980000000000003
30
0
11
0.57
21
2.622
31
0
0
CIRCLE
5
10DA9
330
10AD3
100
AcDbEntity
100
AcDbCircle
8
TAVA_KONSOL
10
0.63
20
2.61
30
0
40
0.012
0
CIRCLE
5
10DAA
330
10AD3
100
AcDbEntity
100
AcDbCircle
8
TAVA_KONSOL
10
0.63
20
2.61
30
0
40
0.006
0
LINE
5
10DAB
330
10AD3
100
AcDbEntity
100
AcDbLine
8
TAVA_KONSOL
10
0.618
20
2.61
30
0
11
0.642
21
2.61
31
0
0
LINE
5
10DAC
330
10AD3
100
AcDbEntity
100
AcDbLine
8
TAVA_KONSOL
10
0.63
20
2.5980000000000003
30
0
11
0.63
21
2.622
31
0
0
CIRCLE
5
10DAD
330
10AD3
100
AcDbEntity
100
AcDbCircle
8
TAVA_KONSOL
10
0.69
20
2.61
30
0
40
0.012
0
CIRCLE
5
10DAE
330
10AD3
100
AcDbEntity
100
AcDbCircle
8
TAVA_KONSOL
10
0.69
20
2.61
30
0
40
0.006
0
LINE
5
10DAF
330
10AD3
100
AcDbEntity
100
AcDbLine
8
TAVA_KONSOL
10
0.6779999999999999
20
2.61
30
0
11
0.702
21
2.61
31
0
0
LINE
5
10DB0
330
10AD3
100
AcDbEntity
100
AcDbLine
8
TAVA_KONSOL
10
0.69
20
2.5980000000000003
30
0
11
0.69
21
2.622
31
0
0
LWPOLYLINE
5
10CA6
330
10AD3
100
AcDbEntity
100
AcDbPolyline
8
KBL_ETIKET_BAG
6
ByLayer
62
256
370
-1
90
4
70
1
10
0.27
20
4.365
10
0.27
20
4.381
10
0.43000000000000005
20
4.381
10
0.43000000000000005
20
4.365
0
CIRCLE
5
10CA7
330
10AD3
100
AcDbEntity
100
AcDbCircle
8
KBL_ETIKET_BAG
10
0.29000000000000004
20
4.373
30
0
40
0.005
0
CIRCLE
5
10CA8
330
10AD3
100
AcDbEntity
100
AcDbCircle
8
KBL_ETIKET_BAG
10
0.41000000000000003
20
4.373
30
0
40
0.005
0
LWPOLYLINE
5
10DB1
330
10AD3
100
AcDbEntity
100
AcDbPolyline
8
KBL_ETIKET_BAG
6
ByLayer
62
256
370
-1
90
4
70
1
10
0.49
20
2.665
10
0.49
20
2.685
10
0.71
20
2.685
10
0.71
20
2.665
0
CIRCLE
5
10DB2
330
10AD3
100
AcDbEntity
100
AcDbCircle
8
KBL_ETIKET_BAG
10
0.51
20
2.6750000000000003
30
0
40
0.007
0
CIRCLE
5
10DB3
330
10AD3
100
AcDbEntity
100
AcDbCircle
8
KBL_ETIKET_BAG
10
0.69
20
2.6750000000000003
30
0
40
0.007
0
LINE
5
1161D
330
10AD3
100
AcDbEntity
100
AcDbLine
8
KBL_ETIKET_BAG
10
0.33000000000000007
20
0.781
30
0
11
0.3500000000000001
21
0.781
31
0
0
LINE
5
11625
330
10AD3
100
AcDbEntity
100
AcDbLine
8
KBL_ETIKET_BAG
10
0.39000000000000007
20
0.781
30
0
11
0.4100000000000001
21
0.781
31
0
0
LINE
5
1162D
330
10AD3
100
AcDbEntity
100
AcDbLine
8
KBL_ETIKET_BAG
10
0.45000000000000007
20
0.781
30
0
11
0.4700000000000001
21
0.781
31
0
0
LINE
5
11635
330
10AD3
100
AcDbEntity
100
AcDbLine
8
KBL_ETIKET_BAG
10
0.51
20
0.781
30
0
11
0.53
21
0.781
31
0
0
LINE
5
1163D
330
10AD3
100
AcDbEntity
100
AcDbLine
8
KBL_ETIKET_BAG
10
0.5700000000000001
20
0.781
30
0
11
0.5900000000000001
21
0.781
31
0
0
LINE
5
11645
330
10AD3
100
AcDbEntity
100
AcDbLine
8
KBL_ETIKET_BAG
10
0.6300000000000001
20
0.781
30
0
11
0.6500000000000001
21
0.781
31
0
0
LINE
5
1164D
330
10AD3
100
AcDbEntity
100
AcDbLine
8
KBL_ETIKET_BAG
10
0.6900000000000001
20
0.781
30
0
11
0.7100000000000001
21
0.781
31
0
0
LINE
5
11655
330
10AD3
100
AcDbEntity
100
AcDbLine
8
KBL_ETIKET_BAG
10
0.75
20
0.781
30
0
11
0.77
21
0.781
31
0
0
LWPOLYLINE
5
10D27
330
10AD3
100
AcDbEntity
100
AcDbPolyline
8
TAVA_ASKI_KONSOL
6
ByLayer
62
256
370
-1
90
4
70
1
10
-0.625
20
3.31
10
-0.625
20
3.35
10
-0.575
20
3.35
10
-0.575
20
3.31
0
LINE
5
10D28
330
10AD3
100
AcDbEntity
100
AcDbLine
8
TAVA_ASKI_KONSOL
10
-0.6
20
3.23
30
0
11
-0.6
21
3.31
31
0
0
LINE
5
10D29
330
10AD3
100
AcDbEntity
100
AcDbLine
8
TAVA_ASKI_KONSOL
10
-0.596
20
3.23
30
0
11
-0.596
21
3.31
31
0
0
LWPOLYLINE
5
10D2A
330
10AD3
100
AcDbEntity
100
AcDbPolyline
8
TAVA_ASKI_KONSOL
6
ByLayer
62
256
370
-1
90
4
70
1
10
-0.608
20
3.295
10
-0.608
20
3.31
10
-0.588
20
3.31
10
-0.588
20
3.295
0
LWPOLYLINE
5
10D2B
330
10AD3
100
AcDbEntity
100
AcDbPolyline
8
TAVA_ASKI_KONSOL
6
ByLayer
62
256
370
-1
90
4
70
1
10
-0.612
20
3.35
10
-0.612
20
3.362
10
-0.588
20
3.362
10
-0.588
20
3.35
0
LWPOLYLINE
5
10D2C
330
10AD3
100
AcDbEntity
100
AcDbPolyline
8
TAVA_ASKI_KONSOL
6
ByLayer
62
256
370
-1
90
4
70
1
10
0.575
20
3.31
10
0.575
20
3.35
10
0.625
20
3.35
10
0.625
20
3.31
0
LINE
5
10D2D
330
10AD3
100
AcDbEntity
100
AcDbLine
8
TAVA_ASKI_KONSOL
10
0.6
20
3.23
30
0
11
0.6
21
3.31
31
0
0
LINE
5
10D2E
330
10AD3
100
AcDbEntity
100
AcDbLine
8
TAVA_ASKI_KONSOL
10
0.604
20
3.23
30
0
11
0.604
21
3.31
31
0
0
LWPOLYLINE
5
10D2F
330
10AD3
100
AcDbEntity
100
AcDbPolyline
8
TAVA_ASKI_KONSOL
6
ByLayer
62
256
370
-1
90
4
70
1
10
0.592
20
3.295
10
0.592
20
3.31
10
0.612
20
3.31
10
0.612
20
3.295
0
LWPOLYLINE
5
10D30
330
10AD3
100
AcDbEntity
100
AcDbPolyline
8
TAVA_ASKI_KONSOL
6
ByLayer
62
256
370
-1
90
4
70
1
10
0.588
20
3.35
10
0.588
20
3.362
10
0.612
20
3.362
10
0.612
20
3.35
0
LINE
5
10D85
330
10AD3
100
AcDbEntity
100
AcDbLine
8
TAVA_ASKI_KONSOL
10
-0.26441515603353
20
2.4212499999999997
30
0
11
-0.7407291281149713
21
2.1462499999999998
31
0
0
LINE
5
10D86
330
10AD3
100
AcDbEntity
100
AcDbLine
8
TAVA_ASKI_KONSOL
10
-0.26441515603353
20
2.45625
30
0
11
-0.7407291281149713
21
2.18125
31
0
0
LINE
5
10D87
330
10AD3
100
AcDbEntity
100
AcDbLine
8
TAVA_ASKI_KONSOL
10
-0.26441515603353
20
2.4212499999999997
30
0
11
-0.26441515603353
21
2.45625
31
0
0
LINE
5
10D88
330
10AD3
100
AcDbEntity
100
AcDbLine
8
TAVA_ASKI_KONSOL
10
-0.7407291281149713
20
2.1462499999999998
30
0
11
-0.7407291281149713
21
2.18125
31
0
0
LINE
5
10D89
330
10AD3
100
AcDbEntity
100
AcDbLine
8
TAVA_ASKI_KONSOL
10
-0.26441515603353
20
2.45625
30
0
11
-0.26441515603353
21
2.61625
31
0
0
LINE
5
10D8A
330
10AD3
100
AcDbEntity
100
AcDbLine
8
TAVA_ASKI_KONSOL
10
-0.7407291281149713
20
2.18125
30
0
11
-0.7407291281149713
21
2.34125
31
0
0
LWPOLYLINE
5
10D8F
330
10AD3
100
AcDbEntity
100
AcDbPolyline
8
TAVA_ASKI_KONSOL
6
ByLayer
62
256
370
-1
90
4
70
1
10
-0.020000000000000004
20
2.56
10
-0.020000000000000004
20
2.7
10
0.12000000000000001
20
2.7
10
0.12000000000000001
20
2.56
0
LWPOLYLINE
5
10D90
330
10AD3
100
AcDbEntity
100
AcDbPolyline
8
TAVA_ASKI_KONSOL
6
ByLayer
62
256
370
-1
90
4
70
1
10
-0.008000000000000004
20
2.572
10
-0.008000000000000004
20
2.688
10
0.10800000000000001
20
2.688
10
0.10800000000000001
20
2.572
0
LWPOLYLINE
5
10D91
330
10AD3
100
AcDbEntity
100
AcDbPolyline
8
TAVA_ASKI_KONSOL
6
ByLayer
62
256
370
-1
90
4
70
1
10
0.015
20
2.6860000000000004
10
0.015
20
2.7020000000000004
10
0.085
20
2.7020000000000004
10
0.085
20
2.6860000000000004
0
LINE
5
10D92
330
10AD3
100
AcDbEntity
100
AcDbLine
8
TAVA_ASKI_KONSOL
10
0.04
20
2.42
30
0
11
0.04
21
2.74
31
0
0
LINE
5
10D93
330
10AD3
100
AcDbEntity
100
AcDbLine
8
TAVA_ASKI_KONSOL
10
0.060000000000000005
20
2.42
30
0
11
0.060000000000000005
21
2.74
31
0
0
LWPOLYLINE
5
10D94
330
10AD3
100
AcDbEntity
100
AcDbPolyline
8
TAVA_ASKI_KONSOL
6
ByLayer
62
256
370
-1
90
4
70
1
10
0.020000000000000004
20
2.6700000000000004
10
0.020000000000000004
20
2.6900000000000004
10
0.08
20
2.6900000000000004
10
0.08
20
2.6700000000000004
0
LWPOLYLINE
5
10D95
330
10AD3
100
AcDbEntity
100
AcDbPolyline
8
TAVA_ASKI_KONSOL
6
ByLayer
62
256
370
-1
90
4
70
1
10
0.025
20
2.536
10
0.025
20
2.554
10
0.07500000000000001
20
2.554
10
0.07500000000000001
20
2.536
0
LWPOLYLINE
5
10D96
330
10AD3
100
AcDbEntity
100
AcDbPolyline
8
TAVA_ASKI_KONSOL
6
ByLayer
62
256
370
-1
90
4
70
1
10
0.018000000000000002
20
2.5540000000000003
10
0.018000000000000002
20
2.56
10
0.082
20
2.56
10
0.082
20
2.5540000000000003
0
LWPOLYLINE
5
10DD3
330
10AD3
100
AcDbEntity
100
AcDbPolyline
8
TAVA_ASKI_KONSOL
6
ByLayer
62
256
370
-1
90
4
70
1
10
-0.8400000000000001
20
1.713
10
-0.8400000000000001
20
1.748
10
-0.2600000000000001
20
1.748
10
-0.2600000000000001
20
1.713
0
LWPOLYLINE
5
10DD4
330
10AD3
100
AcDbEntity
100
AcDbPolyline
8
TAVA_ASKI_KONSOL
6
ByLayer
62
256
370
-1
90
4
70
1
10
-0.8300000000000001
20
1.721
10
-0.8300000000000001
20
1.735
10
-0.27000000000000013
20
1.735
10
-0.27000000000000013
20
1.721
0
LINE
5
10DD5
330
10AD3
100
AcDbEntity
100
AcDbLine
8
TAVA_ASKI_KONSOL
10
-0.8200000000000001
20
1.693
30
0
11
-0.8200000000000001
21
1.9500000000000002
31
0
0
LINE
5
10DD6
330
10AD3
100
AcDbEntity
100
AcDbLine
8
TAVA_ASKI_KONSOL
10
-0.812
20
1.693
30
0
11
-0.812
21
1.9500000000000002
31
0
0
LWPOLYLINE
5
10DD7
330
10AD3
100
AcDbEntity
100
AcDbPolyline
8
TAVA_ASKI_KONSOL
6
ByLayer
62
256
370
-1
90
4
70
1
10
-0.8240000000000001
20
1.699
10
-0.8240000000000001
20
1.709
10
-0.808
20
1.709
10
-0.808
20
1.699
0
LWPOLYLINE
5
10DD8
330
10AD3
100
AcDbEntity
100
AcDbPolyline
8
TAVA_ASKI_KONSOL
6
ByLayer
62
256
370
-1
90
4
70
1
10
-0.8260000000000001
20
1.709
10
-0.8260000000000001
20
1.713
10
-0.806
20
1.713
10
-0.806
20
1.709
0
LINE
5
10DD9
330
10AD3
100
AcDbEntity
100
AcDbLine
8
TAVA_ASKI_KONSOL
10
-0.28800000000000003
20
1.693
30
0
11
-0.28800000000000003
21
1.9500000000000002
31
0
0
LINE
5
10DDA
330
10AD3
100
AcDbEntity
100
AcDbLine
8
TAVA_ASKI_KONSOL
10
-0.28
20
1.693
30
0
11
-0.28
21
1.9500000000000002
31
0
0
LWPOLYLINE
5
10DDB
330
10AD3
100
AcDbEntity
100
AcDbPolyline
8
TAVA_ASKI_KONSOL
6
ByLayer
62
256
370
-1
90
4
70
1
10
-0.29200000000000004
20
1.699
10
-0.29200000000000004
20
1.709
10
-0.276
20
1.709
10
-0.276
20
1.699
0
LWPOLYLINE
5
10DDC
330
10AD3
100
AcDbEntity
100
AcDbPolyline
8
TAVA_ASKI_KONSOL
6
ByLayer
62
256
370
-1
90
4
70
1
10
-0.29400000000000004
20
1.709
10
-0.29400000000000004
20
1.713
10
-0.274
20
1.713
10
-0.274
20
1.709
0
LWPOLYLINE
5
10F84
330
10AD3
100
AcDbEntity
100
AcDbPolyline
8
TAVA_ASKI_KONSOL
6
ByLayer
62
256
370
-1
90
4
70
1
10
-0.8400000000000001
20
1.213
10
-0.8400000000000001
20
1.248
10
-0.2600000000000001
20
1.248
10
-0.2600000000000001
20
1.213
0
LWPOLYLINE
5
10F85
330
10AD3
100
AcDbEntity
100
AcDbPolyline
8
TAVA_ASKI_KONSOL
6
ByLayer
62
256
370
-1
90
4
70
1
10
-0.8300000000000001
20
1.221
10
-0.8300000000000001
20
1.235
10
-0.27000000000000013
20
1.235
10
-0.27000000000000013
20
1.221
0
LINE
5
10F86
330
10AD3
100
AcDbEntity
100
AcDbLine
8
TAVA_ASKI_KONSOL
10
-0.8200000000000001
20
1.193
30
0
11
-0.8200000000000001
21
1.4500000000000002
31
0
0
LINE
5
10F87
330
10AD3
100
AcDbEntity
100
AcDbLine
8
TAVA_ASKI_KONSOL
10
-0.812
20
1.193
30
0
11
-0.812
21
1.4500000000000002
31
0
0
LWPOLYLINE
5
10F88
330
10AD3
100
AcDbEntity
100
AcDbPolyline
8
TAVA_ASKI_KONSOL
6
ByLayer
62
256
370
-1
90
4
70
1
10
-0.8240000000000001
20
1.199
10
-0.8240000000000001
20
1.209
10
-0.808
20
1.209
10
-0.808
20
1.199
0
LWPOLYLINE
5
10F89
330
10AD3
100
AcDbEntity
100
AcDbPolyline
8
TAVA_ASKI_KONSOL
6
ByLayer
62
256
370
-1
90
4
70
1
10
-0.8260000000000001
20
1.209
10
-0.8260000000000001
20
1.213
10
-0.806
20
1.213
10
-0.806
20
1.209
0
LINE
5
10F8A
330
10AD3
100
AcDbEntity
100
AcDbLine
8
TAVA_ASKI_KONSOL
10
-0.28800000000000003
20
1.193
30
0
11
-0.28800000000000003
21
1.4500000000000002
31
0
0
LINE
5
10F8B
330
10AD3
100
AcDbEntity
100
AcDbLine
8
TAVA_ASKI_KONSOL
10
-0.28
20
1.193
30
0
11
-0.28
21
1.4500000000000002
31
0
0
LWPOLYLINE
5
10F8C
330
10AD3
100
AcDbEntity
100
AcDbPolyline
8
TAVA_ASKI_KONSOL
6
ByLayer
62
256
370
-1
90
4
70
1
10
-0.29200000000000004
20
1.199
10
-0.29200000000000004
20
1.209
10
-0.276
20
1.209
10
-0.276
20
1.199
0
LWPOLYLINE
5
10F8D
330
10AD3
100
AcDbEntity
100
AcDbPolyline
8
TAVA_ASKI_KONSOL
6
ByLayer
62
256
370
-1
90
4
70
1
10
-0.29400000000000004
20
1.209
10
-0.29400000000000004
20
1.213
10
-0.274
20
1.213
10
-0.274
20
1.209
0
LWPOLYLINE
5
11116
330
10AD3
100
AcDbEntity
100
AcDbPolyline
8
TAVA_ASKI_KONSOL
6
ByLayer
62
256
370
-1
90
4
70
1
10
-0.8400000000000001
20
0.713
10
-0.8400000000000001
20
0.748
10
-0.2600000000000001
20
0.748
10
-0.2600000000000001
20
0.713
0
LWPOLYLINE
5
11117
330
10AD3
100
AcDbEntity
100
AcDbPolyline
8
TAVA_ASKI_KONSOL
6
ByLayer
62
256
370
-1
90
4
70
1
10
-0.8300000000000001
20
0.721
10
-0.8300000000000001
20
0.735
10
-0.27000000000000013
20
0.735
10
-0.27000000000000013
20
0.721
0
LINE
5
11118
330
10AD3
100
AcDbEntity
100
AcDbLine
8
TAVA_ASKI_KONSOL
10
-0.8200000000000001
20
0.693
30
0
11
-0.8200000000000001
21
0.9299999999999999
31
0
0
LINE
5
11119
330
10AD3
100
AcDbEntity
100
AcDbLine
8
TAVA_ASKI_KONSOL
10
-0.812
20
0.693
30
0
11
-0.812
21
0.9299999999999999
31
0
0
LWPOLYLINE
5
1111A
330
10AD3
100
AcDbEntity
100
AcDbPolyline
8
TAVA_ASKI_KONSOL
6
ByLayer
62
256
370
-1
90
4
70
1
10
-0.8240000000000001
20
0.699
10
-0.8240000000000001
20
0.709
10
-0.808
20
0.709
10
-0.808
20
0.699
0
LWPOLYLINE
5
1111B
330
10AD3
100
AcDbEntity
100
AcDbPolyline
8
TAVA_ASKI_KONSOL
6
ByLayer
62
256
370
-1
90
4
70
1
10
-0.8260000000000001
20
0.709
10
-0.8260000000000001
20
0.713
10
-0.806
20
0.713
10
-0.806
20
0.709
0
LINE
5
1111C
330
10AD3
100
AcDbEntity
100
AcDbLine
8
TAVA_ASKI_KONSOL
10
-0.28800000000000003
20
0.693
30
0
11
-0.28800000000000003
21
0.9299999999999999
31
0
0
LINE
5
1111D
330
10AD3
100
AcDbEntity
100
AcDbLine
8
TAVA_ASKI_KONSOL
10
-0.28
20
0.693
30
0
11
-0.28
21
0.9299999999999999
31
0
0
LWPOLYLINE
5
1111E
330
10AD3
100
AcDbEntity
100
AcDbPolyline
8
TAVA_ASKI_KONSOL
6
ByLayer
62
256
370
-1
90
4
70
1
10
-0.29200000000000004
20
0.699
10
-0.29200000000000004
20
0.709
10
-0.276
20
0.709
10
-0.276
20
0.699
0
LWPOLYLINE
5
1111F
330
10AD3
100
AcDbEntity
100
AcDbPolyline
8
TAVA_ASKI_KONSOL
6
ByLayer
62
256
370
-1
90
4
70
1
10
-0.29400000000000004
20
0.709
10
-0.29400000000000004
20
0.713
10
-0.274
20
0.713
10
-0.274
20
0.709
0
LWPOLYLINE
5
11367
330
10AD3
100
AcDbEntity
100
AcDbPolyline
8
TAVA_ASKI_KONSOL
6
ByLayer
62
256
370
-1
90
4
70
1
10
-0.8400000000000001
20
0.213
10
-0.8400000000000001
20
0.248
10
-0.2600000000000001
20
0.248
10
-0.2600000000000001
20
0.213
0
LWPOLYLINE
5
11368
330
10AD3
100
AcDbEntity
100
AcDbPolyline
8
TAVA_ASKI_KONSOL
6
ByLayer
62
256
370
-1
90
4
70
1
10
-0.8300000000000001
20
0.221
10
-0.8300000000000001
20
0.23500000000000001
10
-0.27000000000000013
20
0.23500000000000001
10
-0.27000000000000013
20
0.221
0
LINE
5
11369
330
10AD3
100
AcDbEntity
100
AcDbLine
8
TAVA_ASKI_KONSOL
10
-0.8200000000000001
20
0.193
30
0
11
-0.8200000000000001
21
0.45
31
0
0
LINE
5
1136A
330
10AD3
100
AcDbEntity
100
AcDbLine
8
TAVA_ASKI_KONSOL
10
-0.812
20
0.193
30
0
11
-0.812
21
0.45
31
0
0
LWPOLYLINE
5
1136B
330
10AD3
100
AcDbEntity
100
AcDbPolyline
8
TAVA_ASKI_KONSOL
6
ByLayer
62
256
370
-1
90
4
70
1
10
-0.8240000000000001
20
0.19899999999999998
10
-0.8240000000000001
20
0.209
10
-0.808
20
0.209
10
-0.808
20
0.19899999999999998
0
LWPOLYLINE
5
1136C
330
10AD3
100
AcDbEntity
100
AcDbPolyline
8
TAVA_ASKI_KONSOL
6
ByLayer
62
256
370
-1
90
4
70
1
10
-0.8260000000000001
20
0.209
10
-0.8260000000000001
20
0.213
10
-0.806
20
0.213
10
-0.806
20
0.209
0
LINE
5
1136D
330
10AD3
100
AcDbEntity
100
AcDbLine
8
TAVA_ASKI_KONSOL
10
-0.28800000000000003
20
0.193
30
0
11
-0.28800000000000003
21
0.45
31
0
0
LINE
5
1136E
330
10AD3
100
AcDbEntity
100
AcDbLine
8
TAVA_ASKI_KONSOL
10
-0.28
20
0.193
30
0
11
-0.28
21
0.45
31
0
0
LWPOLYLINE
5
1136F
330
10AD3
100
AcDbEntity
100
AcDbPolyline
8
TAVA_ASKI_KONSOL
6
ByLayer
62
256
370
-1
90
4
70
1
10
-0.29200000000000004
20
0.19899999999999998
10
-0.29200000000000004
20
0.209
10
-0.276
20
0.209
10
-0.276
20
0.19899999999999998
0
LWPOLYLINE
5
11370
330
10AD3
100
AcDbEntity
100
AcDbPolyline
8
TAVA_ASKI_KONSOL
6
ByLayer
62
256
370
-1
90
4
70
1
10
-0.29400000000000004
20
0.209
10
-0.29400000000000004
20
0.213
10
-0.274
20
0.213
10
-0.274
20
0.209
0
LWPOLYLINE
5
114AD
330
10AD3
100
AcDbEntity
100
AcDbPolyline
8
TAVA_ASKI_KONSOL
6
ByLayer
62
256
370
-1
90
4
70
1
10
0.26000000000000006
20
1.713
10
0.26000000000000006
20
1.748
10
0.8400000000000001
20
1.748
10
0.8400000000000001
20
1.713
0
LWPOLYLINE
5
114AE
330
10AD3
100
AcDbEntity
100
AcDbPolyline
8
TAVA_ASKI_KONSOL
6
ByLayer
62
256
370
-1
90
4
70
1
10
0.2700000000000001
20
1.721
10
0.2700000000000001
20
1.735
10
0.8300000000000001
20
1.735
10
0.8300000000000001
20
1.721
0
LINE
5
114AF
330
10AD3
100
AcDbEntity
100
AcDbLine
8
TAVA_ASKI_KONSOL
10
0.28
20
1.693
30
0
11
0.28
21
1.9300000000000002
31
0
0
LINE
5
114B0
330
10AD3
100
AcDbEntity
100
AcDbLine
8
TAVA_ASKI_KONSOL
10
0.28800000000000003
20
1.693
30
0
11
0.28800000000000003
21
1.9300000000000002
31
0
0
LWPOLYLINE
5
114B1
330
10AD3
100
AcDbEntity
100
AcDbPolyline
8
TAVA_ASKI_KONSOL
6
ByLayer
62
256
370
-1
90
4
70
1
10
0.276
20
1.699
10
0.276
20
1.709
10
0.29200000000000004
20
1.709
10
0.29200000000000004
20
1.699
0
LWPOLYLINE
5
114B2
330
10AD3
100
AcDbEntity
100
AcDbPolyline
8
TAVA_ASKI_KONSOL
6
ByLayer
62
256
370
-1
90
4
70
1
10
0.274
20
1.709
10
0.274
20
1.713
10
0.29400000000000004
20
1.713
10
0.29400000000000004
20
1.709
0
LINE
5
114B3
330
10AD3
100
AcDbEntity
100
AcDbLine
8
TAVA_ASKI_KONSOL
10
0.812
20
1.693
30
0
11
0.812
21
1.9300000000000002
31
0
0
LINE
5
114B4
330
10AD3
100
AcDbEntity
100
AcDbLine
8
TAVA_ASKI_KONSOL
10
0.8200000000000001
20
1.693
30
0
11
0.8200000000000001
21
1.9300000000000002
31
0
0
LWPOLYLINE
5
114B5
330
10AD3
100
AcDbEntity
100
AcDbPolyline
8
TAVA_ASKI_KONSOL
6
ByLayer
62
256
370
-1
90
4
70
1
10
0.808
20
1.699
10
0.808
20
1.709
10
0.8240000000000001
20
1.709
10
0.8240000000000001
20
1.699
0
LWPOLYLINE
5
114B6
330
10AD3
100
AcDbEntity
100
AcDbPolyline
8
TAVA_ASKI_KONSOL
6
ByLayer
62
256
370
-1
90
4
70
1
10
0.806
20
1.709
10
0.806
20
1.713
10
0.8260000000000001
20
1.713
10
0.8260000000000001
20
1.709
0
LWPOLYLINE
5
1156B
330
10AD3
100
AcDbEntity
100
AcDbPolyline
8
TAVA_ASKI_KONSOL
6
ByLayer
62
256
370
-1
90
4
70
1
10
0.26000000000000006
20
1.213
10
0.26000000000000006
20
1.248
10
0.8400000000000001
20
1.248
10
0.8400000000000001
20
1.213
0
LWPOLYLINE
5
1156C
330
10AD3
100
AcDbEntity
100
AcDbPolyline
8
TAVA_ASKI_KONSOL
6
ByLayer
62
256
370
-1
90
4
70
1
10
0.2700000000000001
20
1.221
10
0.2700000000000001
20
1.235
10
0.8300000000000001
20
1.235
10
0.8300000000000001
20
1.221
0
LINE
5
1156D
330
10AD3
100
AcDbEntity
100
AcDbLine
8
TAVA_ASKI_KONSOL
10
0.28
20
1.193
30
0
11
0.28
21
1.4300000000000002
31
0
0
LINE
5
1156E
330
10AD3
100
AcDbEntity
100
AcDbLine
8
TAVA_ASKI_KONSOL
10
0.28800000000000003
20
1.193
30
0
11
0.28800000000000003
21
1.4300000000000002
31
0
0
LWPOLYLINE
5
1156F
330
10AD3
100
AcDbEntity
100
AcDbPolyline
8
TAVA_ASKI_KONSOL
6
ByLayer
62
256
370
-1
90
4
70
1
10
0.276
20
1.199
10
0.276
20
1.209
10
0.29200000000000004
20
1.209
10
0.29200000000000004
20
1.199
0
LWPOLYLINE
5
11570
330
10AD3
100
AcDbEntity
100
AcDbPolyline
8
TAVA_ASKI_KONSOL
6
ByLayer
62
256
370
-1
90
4
70
1
10
0.274
20
1.209
10
0.274
20
1.213
10
0.29400000000000004
20
1.213
10
0.29400000000000004
20
1.209
0
LINE
5
11571
330
10AD3
100
AcDbEntity
100
AcDbLine
8
TAVA_ASKI_KONSOL
10
0.812
20
1.193
30
0
11
0.812
21
1.4300000000000002
31
0
0
LINE
5
11572
330
10AD3
100
AcDbEntity
100
AcDbLine
8
TAVA_ASKI_KONSOL
10
0.8200000000000001
20
1.193
30
0
11
0.8200000000000001
21
1.4300000000000002
31
0
0
LWPOLYLINE
5
11573
330
10AD3
100
AcDbEntity
100
AcDbPolyline
8
TAVA_ASKI_KONSOL
6
ByLayer
62
256
370
-1
90
4
70
1
10
0.808
20
1.199
10
0.808
20
1.209
10
0.8240000000000001
20
1.209
10
0.8240000000000001
20
1.199
0
LWPOLYLINE
5
11574
330
10AD3
100
AcDbEntity
100
AcDbPolyline
8
TAVA_ASKI_KONSOL
6
ByLayer
62
256
370
-1
90
4
70
1
10
0.806
20
1.209
10
0.806
20
1.213
10
0.8260000000000001
20
1.213
10
0.8260000000000001
20
1.209
0
LWPOLYLINE
5
11600
330
10AD3
100
AcDbEntity
100
AcDbPolyline
8
TAVA_ASKI_KONSOL
6
ByLayer
62
256
370
-1
90
4
70
1
10
0.26000000000000006
20
0.713
10
0.26000000000000006
20
0.748
10
0.8400000000000001
20
0.748
10
0.8400000000000001
20
0.713
0
LWPOLYLINE
5
11601
330
10AD3
100
AcDbEntity
100
AcDbPolyline
8
TAVA_ASKI_KONSOL
6
ByLayer
62
256
370
-1
90
4
70
1
10
0.2700000000000001
20
0.721
10
0.2700000000000001
20
0.735
10
0.8300000000000001
20
0.735
10
0.8300000000000001
20
0.721
0
LINE
5
11602
330
10AD3
100
AcDbEntity
100
AcDbLine
8
TAVA_ASKI_KONSOL
10
0.28
20
0.693
30
0
11
0.28
21
0.9299999999999999
31
0
0
LINE
5
11603
330
10AD3
100
AcDbEntity
100
AcDbLine
8
TAVA_ASKI_KONSOL
10
0.28800000000000003
20
0.693
30
0
11
0.28800000000000003
21
0.9299999999999999
31
0
0
LWPOLYLINE
5
11604
330
10AD3
100
AcDbEntity
100
AcDbPolyline
8
TAVA_ASKI_KONSOL
6
ByLayer
62
256
370
-1
90
4
70
1
10
0.276
20
0.699
10
0.276
20
0.709
10
0.29200000000000004
20
0.709
10
0.29200000000000004
20
0.699
0
LWPOLYLINE
5
11605
330
10AD3
100
AcDbEntity
100
AcDbPolyline
8
TAVA_ASKI_KONSOL
6
ByLayer
62
256
370
-1
90
4
70
1
10
0.274
20
0.709
10
0.274
20
0.713
10
0.29400000000000004
20
0.713
10
0.29400000000000004
20
0.709
0
LINE
5
11606
330
10AD3
100
AcDbEntity
100
AcDbLine
8
TAVA_ASKI_KONSOL
10
0.812
20
0.693
30
0
11
0.812
21
0.9299999999999999
31
0
0
LINE
5
11607
330
10AD3
100
AcDbEntity
100
AcDbLine
8
TAVA_ASKI_KONSOL
10
0.8200000000000001
20
0.693
30
0
11
0.8200000000000001
21
0.9299999999999999
31
0
0
LWPOLYLINE
5
11608
330
10AD3
100
AcDbEntity
100
AcDbPolyline
8
TAVA_ASKI_KONSOL
6
ByLayer
62
256
370
-1
90
4
70
1
10
0.808
20
0.699
10
0.808
20
0.709
10
0.8240000000000001
20
0.709
10
0.8240000000000001
20
0.699
0
LWPOLYLINE
5
11609
330
10AD3
100
AcDbEntity
100
AcDbPolyline
8
TAVA_ASKI_KONSOL
6
ByLayer
62
256
370
-1
90
4
70
1
10
0.806
20
0.709
10
0.806
20
0.713
10
0.8260000000000001
20
0.713
10
0.8260000000000001
20
0.709
0
LWPOLYLINE
5
10DCF
330
10AD3
100
AcDbEntity
100
AcDbPolyline
8
TAVA_SEPERATOR
6
ByLayer
62
256
370
-1
90
4
70
1
10
-0.47100000000000003
20
1.75
10
-0.47100000000000003
20
1.85
10
-0.46900000000000003
20
1.85
10
-0.46900000000000003
20
1.75
0
LINE
5
10DD0
330
10AD3
100
AcDbEntity
100
AcDbLine
8
TAVA_SEPERATOR
10
-0.48500000000000004
20
1.75
30
0
11
-0.455
21
1.75
31
0
0
CIRCLE
5
10DD1
330
10AD3
100
AcDbEntity
100
AcDbCircle
8
TAVA_SEPERATOR
10
-0.47000000000000003
20
1.76
30
0
40
0.003
0
TEXT
5
10DD2
330
10AD3
100
AcDbEntity
100
AcDbText
8
TAVA_SEPERATOR
10
-0.47000000000000003
20
1.862
30
0
40
0.016
1
EMC SEPERATOR SACI
50
0
7
STANDARD
72
1
11
-0.47000000000000003
21
1.862
31
0
100
AcDbText
73
1
0
LWPOLYLINE
5
11112
330
10AD3
100
AcDbEntity
100
AcDbPolyline
8
TAVA_SEPERATOR
6
ByLayer
62
256
370
-1
90
4
70
1
10
-0.651
20
0.75
10
-0.651
20
0.83
10
-0.649
20
0.83
10
-0.649
20
0.75
0
LINE
5
11113
330
10AD3
100
AcDbEntity
100
AcDbLine
8
TAVA_SEPERATOR
10
-0.665
20
0.75
30
0
11
-0.635
21
0.75
31
0
0
CIRCLE
5
11114
330
10AD3
100
AcDbEntity
100
AcDbCircle
8
TAVA_SEPERATOR
10
-0.65
20
0.76
30
0
40
0.003
0
TEXT
5
11115
330
10AD3
100
AcDbEntity
100
AcDbText
8
TAVA_SEPERATOR
10
-0.65
20
0.842
30
0
40
0.016
1
BOLUM AYIRICI SAC
50
0
7
STANDARD
72
1
11
-0.65
21
0.842
31
0
100
AcDbText
73
1
0
LWPOLYLINE
5
11567
330
10AD3
100
AcDbEntity
100
AcDbPolyline
8
TAVA_SEPERATOR
6
ByLayer
62
256
370
-1
90
4
70
1
10
0.5890000000000001
20
1.25
10
0.5890000000000001
20
1.33
10
0.5910000000000001
20
1.33
10
0.5910000000000001
20
1.25
0
LINE
5
11568
330
10AD3
100
AcDbEntity
100
AcDbLine
8
TAVA_SEPERATOR
10
0.5750000000000001
20
1.25
30
0
11
0.6050000000000001
21
1.25
31
0
0
CIRCLE
5
11569
330
10AD3
100
AcDbEntity
100
AcDbCircle
8
TAVA_SEPERATOR
10
0.5900000000000001
20
1.26
30
0
40
0.003
0
TEXT
5
1156A
330
10AD3
100
AcDbEntity
100
AcDbText
8
TAVA_SEPERATOR
10
0.5900000000000001
20
1.342
30
0
40
0.016
1
IZOLASYON SEPERATORU
50
0
7
STANDARD
72
1
11
0.5900000000000001
21
1.342
31
0
100
AcDbText
73
1
0
CIRCLE
5
10DEA
330
10AD3
100
AcDbEntity
100
AcDbCircle
8
KBL_FEEDER_7_8
10
-0.775
20
1.764
30
0
40
0.014
0
CIRCLE
5
10DEB
330
10AD3
100
AcDbEntity
100
AcDbCircle
8
KBL_FEEDER_7_8
10
-0.775
20
1.764
30
0
40
0.012320000000000001
0
CIRCLE
5
10DEC
330
10AD3
100
AcDbEntity
100
AcDbCircle
8
KBL_FEEDER_7_8
10
-0.775
20
1.764
30
0
40
0.01008
0
CIRCLE
5
10DED
330
10AD3
100
AcDbEntity
100
AcDbCircle
8
KBL_FEEDER_7_8
10
-0.775
20
1.764
30
0
40
0.0049
0
CIRCLE
5
10DEE
330
10AD3
100
AcDbEntity
100
AcDbCircle
8
KBL_FEEDER_7_8
10
-0.775
20
1.764
30
0
40
0.0030800000000000003
0
LINE
5
10DEF
330
10AD3
100
AcDbEntity
100
AcDbLine
8
KBL_FEEDER_7_8
10
-0.7785
20
1.764
30
0
11
-0.7715000000000001
21
1.764
31
0
0
LINE
5
10DF0
330
10AD3
100
AcDbEntity
100
AcDbLine
8
KBL_FEEDER_7_8
10
-0.775
20
1.7605
30
0
11
-0.775
21
1.7675
31
0
0
CIRCLE
5
10DF1
330
10AD3
100
AcDbEntity
100
AcDbCircle
8
KBL_FEEDER_7_8
10
-0.775
20
1.792
30
0
40
0.014
0
CIRCLE
5
10DF2
330
10AD3
100
AcDbEntity
100
AcDbCircle
8
KBL_FEEDER_7_8
10
-0.775
20
1.792
30
0
40
0.012320000000000001
0
CIRCLE
5
10DF3
330
10AD3
100
AcDbEntity
100
AcDbCircle
8
KBL_FEEDER_7_8
10
-0.775
20
1.792
30
0
40
0.01008
0
CIRCLE
5
10DF4
330
10AD3
100
AcDbEntity
100
AcDbCircle
8
KBL_FEEDER_7_8
10
-0.775
20
1.792
30
0
40
0.0049
0
CIRCLE
5
10DF5
330
10AD3
100
AcDbEntity
100
AcDbCircle
8
KBL_FEEDER_7_8
10
-0.775
20
1.792
30
0
40
0.0030800000000000003
0
LINE
5
10DF6
330
10AD3
100
AcDbEntity
100
AcDbLine
8
KBL_FEEDER_7_8
10
-0.7785
20
1.792
30
0
11
-0.7715000000000001
21
1.792
31
0
0
LINE
5
10DF7
330
10AD3
100
AcDbEntity
100
AcDbLine
8
KBL_FEEDER_7_8
10
-0.775
20
1.7885
30
0
11
-0.775
21
1.7955
31
0
0
CIRCLE
5
10DF8
330
10AD3
100
AcDbEntity
100
AcDbCircle
8
KBL_FEEDER_7_8
10
-0.775
20
1.82
30
0
40
0.014
0
CIRCLE
5
10DF9
330
10AD3
100
AcDbEntity
100
AcDbCircle
8
KBL_FEEDER_7_8
10
-0.775
20
1.82
30
0
40
0.012320000000000001
0
CIRCLE
5
10DFA
330
10AD3
100
AcDbEntity
100
AcDbCircle
8
KBL_FEEDER_7_8
10
-0.775
20
1.82
30
0
40
0.01008
0
CIRCLE
5
10DFB
330
10AD3
100
AcDbEntity
100
AcDbCircle
8
KBL_FEEDER_7_8
10
-0.775
20
1.82
30
0
40
0.0049
0
CIRCLE
5
10DFC
330
10AD3
100
AcDbEntity
100
AcDbCircle
8
KBL_FEEDER_7_8
10
-0.775
20
1.82
30
0
40
0.0030800000000000003
0
LINE
5
10DFD
330
10AD3
100
AcDbEntity
100
AcDbLine
8
KBL_FEEDER_7_8
10
-0.7785
20
1.82
30
0
11
-0.7715000000000001
21
1.82
31
0
0
LINE
5
10DFE
330
10AD3
100
AcDbEntity
100
AcDbLine
8
KBL_FEEDER_7_8
10
-0.775
20
1.8165
30
0
11
-0.775
21
1.8235000000000001
31
0
0
CIRCLE
5
10DFF
330
10AD3
100
AcDbEntity
100
AcDbCircle
8
KBL_FEEDER_7_8
10
-0.775
20
1.848
30
0
40
0.014
0
CIRCLE
5
10E00
330
10AD3
100
AcDbEntity
100
AcDbCircle
8
KBL_FEEDER_7_8
10
-0.775
20
1.848
30
0
40
0.012320000000000001
0
CIRCLE
5
10E01
330
10AD3
100
AcDbEntity
100
AcDbCircle
8
KBL_FEEDER_7_8
10
-0.775
20
1.848
30
0
40
0.01008
0
CIRCLE
5
10E02
330
10AD3
100
AcDbEntity
100
AcDbCircle
8
KBL_FEEDER_7_8
10
-0.775
20
1.848
30
0
40
0.0049
0
CIRCLE
5
10E03
330
10AD3
100
AcDbEntity
100
AcDbCircle
8
KBL_FEEDER_7_8
10
-0.775
20
1.848
30
0
40
0.0030800000000000003
0
LINE
5
10E04
330
10AD3
100
AcDbEntity
100
AcDbLine
8
KBL_FEEDER_7_8
10
-0.7785
20
1.848
30
0
11
-0.7715000000000001
21
1.848
31
0
0
LINE
5
10E05
330
10AD3
100
AcDbEntity
100
AcDbLine
8
KBL_FEEDER_7_8
10
-0.775
20
1.8445
30
0
11
-0.775
21
1.8515000000000001
31
0
0
CIRCLE
5
10E06
330
10AD3
100
AcDbEntity
100
AcDbCircle
8
KBL_FEEDER_7_8
10
-0.745
20
1.764
30
0
40
0.014
0
CIRCLE
5
10E07
330
10AD3
100
AcDbEntity
100
AcDbCircle
8
KBL_FEEDER_7_8
10
-0.745
20
1.764
30
0
40
0.012320000000000001
0
CIRCLE
5
10E08
330
10AD3
100
AcDbEntity
100
AcDbCircle
8
KBL_FEEDER_7_8
10
-0.745
20
1.764
30
0
40
0.01008
0
CIRCLE
5
10E09
330
10AD3
100
AcDbEntity
100
AcDbCircle
8
KBL_FEEDER_7_8
10
-0.745
20
1.764
30
0
40
0.0049
0
CIRCLE
5
10E0A
330
10AD3
100
AcDbEntity
100
AcDbCircle
8
KBL_FEEDER_7_8
10
-0.745
20
1.764
30
0
40
0.0030800000000000003
0
LINE
5
10E0B
330
10AD3
100
AcDbEntity
100
AcDbLine
8
KBL_FEEDER_7_8
10
-0.7484999999999999
20
1.764
30
0
11
-0.7415
21
1.764
31
0
0
LINE
5
10E0C
330
10AD3
100
AcDbEntity
100
AcDbLine
8
KBL_FEEDER_7_8
10
-0.745
20
1.7605
30
0
11
-0.745
21
1.7675
31
0
0
CIRCLE
5
10E0D
330
10AD3
100
AcDbEntity
100
AcDbCircle
8
KBL_FEEDER_7_8
10
-0.745
20
1.792
30
0
40
0.014
0
CIRCLE
5
10E0E
330
10AD3
100
AcDbEntity
100
AcDbCircle
8
KBL_FEEDER_7_8
10
-0.745
20
1.792
30
0
40
0.012320000000000001
0
CIRCLE
5
10E0F
330
10AD3
100
AcDbEntity
100
AcDbCircle
8
KBL_FEEDER_7_8
10
-0.745
20
1.792
30
0
40
0.01008
0
CIRCLE
5
10E10
330
10AD3
100
AcDbEntity
100
AcDbCircle
8
KBL_FEEDER_7_8
10
-0.745
20
1.792
30
0
40
0.0049
0
CIRCLE
5
10E11
330
10AD3
100
AcDbEntity
100
AcDbCircle
8
KBL_FEEDER_7_8
10
-0.745
20
1.792
30
0
40
0.0030800000000000003
0
LINE
5
10E12
330
10AD3
100
AcDbEntity
100
AcDbLine
8
KBL_FEEDER_7_8
10
-0.7484999999999999
20
1.792
30
0
11
-0.7415
21
1.792
31
0
0
LINE
5
10E13
330
10AD3
100
AcDbEntity
100
AcDbLine
8
KBL_FEEDER_7_8
10
-0.745
20
1.7885
30
0
11
-0.745
21
1.7955
31
0
0
CIRCLE
5
10E14
330
10AD3
100
AcDbEntity
100
AcDbCircle
8
KBL_FEEDER_7_8
10
-0.745
20
1.82
30
0
40
0.014
0
CIRCLE
5
10E15
330
10AD3
100
AcDbEntity
100
AcDbCircle
8
KBL_FEEDER_7_8
10
-0.745
20
1.82
30
0
40
0.012320000000000001
0
CIRCLE
5
10E16
330
10AD3
100
AcDbEntity
100
AcDbCircle
8
KBL_FEEDER_7_8
10
-0.745
20
1.82
30
0
40
0.01008
0
CIRCLE
5
10E17
330
10AD3
100
AcDbEntity
100
AcDbCircle
8
KBL_FEEDER_7_8
10
-0.745
20
1.82
30
0
40
0.0049
0
CIRCLE
5
10E18
330
10AD3
100
AcDbEntity
100
AcDbCircle
8
KBL_FEEDER_7_8
10
-0.745
20
1.82
30
0
40
0.0030800000000000003
0
LINE
5
10E19
330
10AD3
100
AcDbEntity
100
AcDbLine
8
KBL_FEEDER_7_8
10
-0.7484999999999999
20
1.82
30
0
11
-0.7415
21
1.82
31
0
0
LINE
5
10E1A
330
10AD3
100
AcDbEntity
100
AcDbLine
8
KBL_FEEDER_7_8
10
-0.745
20
1.8165
30
0
11
-0.745
21
1.8235000000000001
31
0
0
CIRCLE
5
10E1B
330
10AD3
100
AcDbEntity
100
AcDbCircle
8
KBL_FEEDER_7_8
10
-0.745
20
1.848
30
0
40
0.014
0
CIRCLE
5
10E1C
330
10AD3
100
AcDbEntity
100
AcDbCircle
8
KBL_FEEDER_7_8
10
-0.745
20
1.848
30
0
40
0.012320000000000001
0
CIRCLE
5
10E1D
330
10AD3
100
AcDbEntity
100
AcDbCircle
8
KBL_FEEDER_7_8
10
-0.745
20
1.848
30
0
40
0.01008
0
CIRCLE
5
10E1E
330
10AD3
100
AcDbEntity
100
AcDbCircle
8
KBL_FEEDER_7_8
10
-0.745
20
1.848
30
0
40
0.0049
0
CIRCLE
5
10E1F
330
10AD3
100
AcDbEntity
100
AcDbCircle
8
KBL_FEEDER_7_8
10
-0.745
20
1.848
30
0
40
0.0030800000000000003
0
LINE
5
10E20
330
10AD3
100
AcDbEntity
100
AcDbLine
8
KBL_FEEDER_7_8
10
-0.7484999999999999
20
1.848
30
0
11
-0.7415
21
1.848
31
0
0
LINE
5
10E21
330
10AD3
100
AcDbEntity
100
AcDbLine
8
KBL_FEEDER_7_8
10
-0.745
20
1.8445
30
0
11
-0.745
21
1.8515000000000001
31
0
0
CIRCLE
5
10E22
330
10AD3
100
AcDbEntity
100
AcDbCircle
8
KBL_FEEDER_7_8
10
-0.7150000000000001
20
1.764
30
0
40
0.014
0
CIRCLE
5
10E23
330
10AD3
100
AcDbEntity
100
AcDbCircle
8
KBL_FEEDER_7_8
10
-0.7150000000000001
20
1.764
30
0
40
0.012320000000000001
0
CIRCLE
5
10E24
330
10AD3
100
AcDbEntity
100
AcDbCircle
8
KBL_FEEDER_7_8
10
-0.7150000000000001
20
1.764
30
0
40
0.01008
0
CIRCLE
5
10E25
330
10AD3
100
AcDbEntity
100
AcDbCircle
8
KBL_FEEDER_7_8
10
-0.7150000000000001
20
1.764
30
0
40
0.0049
0
CIRCLE
5
10E26
330
10AD3
100
AcDbEntity
100
AcDbCircle
8
KBL_FEEDER_7_8
10
-0.7150000000000001
20
1.764
30
0
40
0.0030800000000000003
0
LINE
5
10E27
330
10AD3
100
AcDbEntity
100
AcDbLine
8
KBL_FEEDER_7_8
10
-0.7185
20
1.764
30
0
11
-0.7115000000000001
21
1.764
31
0
0
LINE
5
10E28
330
10AD3
100
AcDbEntity
100
AcDbLine
8
KBL_FEEDER_7_8
10
-0.7150000000000001
20
1.7605
30
0
11
-0.7150000000000001
21
1.7675
31
0
0
CIRCLE
5
10E29
330
10AD3
100
AcDbEntity
100
AcDbCircle
8
KBL_FEEDER_7_8
10
-0.7150000000000001
20
1.792
30
0
40
0.014
0
CIRCLE
5
10E2A
330
10AD3
100
AcDbEntity
100
AcDbCircle
8
KBL_FEEDER_7_8
10
-0.7150000000000001
20
1.792
30
0
40
0.012320000000000001
0
CIRCLE
5
10E2B
330
10AD3
100
AcDbEntity
100
AcDbCircle
8
KBL_FEEDER_7_8
10
-0.7150000000000001
20
1.792
30
0
40
0.01008
0
CIRCLE
5
10E2C
330
10AD3
100
AcDbEntity
100
AcDbCircle
8
KBL_FEEDER_7_8
10
-0.7150000000000001
20
1.792
30
0
40
0.0049
0
CIRCLE
5
10E2D
330
10AD3
100
AcDbEntity
100
AcDbCircle
8
KBL_FEEDER_7_8
10
-0.7150000000000001
20
1.792
30
0
40
0.0030800000000000003
0
LINE
5
10E2E
330
10AD3
100
AcDbEntity
100
AcDbLine
8
KBL_FEEDER_7_8
10
-0.7185
20
1.792
30
0
11
-0.7115000000000001
21
1.792
31
0
0
LINE
5
10E2F
330
10AD3
100
AcDbEntity
100
AcDbLine
8
KBL_FEEDER_7_8
10
-0.7150000000000001
20
1.7885
30
0
11
-0.7150000000000001
21
1.7955
31
0
0
CIRCLE
5
10E30
330
10AD3
100
AcDbEntity
100
AcDbCircle
8
KBL_FEEDER_7_8
10
-0.7150000000000001
20
1.82
30
0
40
0.014
0
CIRCLE
5
10E31
330
10AD3
100
AcDbEntity
100
AcDbCircle
8
KBL_FEEDER_7_8
10
-0.7150000000000001
20
1.82
30
0
40
0.012320000000000001
0
CIRCLE
5
10E32
330
10AD3
100
AcDbEntity
100
AcDbCircle
8
KBL_FEEDER_7_8
10
-0.7150000000000001
20
1.82
30
0
40
0.01008
0
CIRCLE
5
10E33
330
10AD3
100
AcDbEntity
100
AcDbCircle
8
KBL_FEEDER_7_8
10
-0.7150000000000001
20
1.82
30
0
40
0.0049
0
CIRCLE
5
10E34
330
10AD3
100
AcDbEntity
100
AcDbCircle
8
KBL_FEEDER_7_8
10
-0.7150000000000001
20
1.82
30
0
40
0.0030800000000000003
0
LINE
5
10E35
330
10AD3
100
AcDbEntity
100
AcDbLine
8
KBL_FEEDER_7_8
10
-0.7185
20
1.82
30
0
11
-0.7115000000000001
21
1.82
31
0
0
LINE
5
10E36
330
10AD3
100
AcDbEntity
100
AcDbLine
8
KBL_FEEDER_7_8
10
-0.7150000000000001
20
1.8165
30
0
11
-0.7150000000000001
21
1.8235000000000001
31
0
0
CIRCLE
5
10E37
330
10AD3
100
AcDbEntity
100
AcDbCircle
8
KBL_FEEDER_7_8
10
-0.7150000000000001
20
1.848
30
0
40
0.014
0
CIRCLE
5
10E38
330
10AD3
100
AcDbEntity
100
AcDbCircle
8
KBL_FEEDER_7_8
10
-0.7150000000000001
20
1.848
30
0
40
0.012320000000000001
0
CIRCLE
5
10E39
330
10AD3
100
AcDbEntity
100
AcDbCircle
8
KBL_FEEDER_7_8
10
-0.7150000000000001
20
1.848
30
0
40
0.01008
0
CIRCLE
5
10E3A
330
10AD3
100
AcDbEntity
100
AcDbCircle
8
KBL_FEEDER_7_8
10
-0.7150000000000001
20
1.848
30
0
40
0.0049
0
CIRCLE
5
10E3B
330
10AD3
100
AcDbEntity
100
AcDbCircle
8
KBL_FEEDER_7_8
10
-0.7150000000000001
20
1.848
30
0
40
0.0030800000000000003
0
LINE
5
10E3C
330
10AD3
100
AcDbEntity
100
AcDbLine
8
KBL_FEEDER_7_8
10
-0.7185
20
1.848
30
0
11
-0.7115000000000001
21
1.848
31
0
0
LINE
5
10E3D
330
10AD3
100
AcDbEntity
100
AcDbLine
8
KBL_FEEDER_7_8
10
-0.7150000000000001
20
1.8445
30
0
11
-0.7150000000000001
21
1.8515000000000001
31
0
0
CIRCLE
5
10E3E
330
10AD3
100
AcDbEntity
100
AcDbCircle
8
KBL_FEEDER_7_8
10
-0.685
20
1.764
30
0
40
0.014
0
CIRCLE
5
10E3F
330
10AD3
100
AcDbEntity
100
AcDbCircle
8
KBL_FEEDER_7_8
10
-0.685
20
1.764
30
0
40
0.012320000000000001
0
CIRCLE
5
10E40
330
10AD3
100
AcDbEntity
100
AcDbCircle
8
KBL_FEEDER_7_8
10
-0.685
20
1.764
30
0
40
0.01008
0
CIRCLE
5
10E41
330
10AD3
100
AcDbEntity
100
AcDbCircle
8
KBL_FEEDER_7_8
10
-0.685
20
1.764
30
0
40
0.0049
0
CIRCLE
5
10E42
330
10AD3
100
AcDbEntity
100
AcDbCircle
8
KBL_FEEDER_7_8
10
-0.685
20
1.764
30
0
40
0.0030800000000000003
0
LINE
5
10E43
330
10AD3
100
AcDbEntity
100
AcDbLine
8
KBL_FEEDER_7_8
10
-0.6885
20
1.764
30
0
11
-0.6815000000000001
21
1.764
31
0
0
LINE
5
10E44
330
10AD3
100
AcDbEntity
100
AcDbLine
8
KBL_FEEDER_7_8
10
-0.685
20
1.7605
30
0
11
-0.685
21
1.7675
31
0
0
CIRCLE
5
10E45
330
10AD3
100
AcDbEntity
100
AcDbCircle
8
KBL_FEEDER_7_8
10
-0.685
20
1.792
30
0
40
0.014
0
CIRCLE
5
10E46
330
10AD3
100
AcDbEntity
100
AcDbCircle
8
KBL_FEEDER_7_8
10
-0.685
20
1.792
30
0
40
0.012320000000000001
0
CIRCLE
5
10E47
330
10AD3
100
AcDbEntity
100
AcDbCircle
8
KBL_FEEDER_7_8
10
-0.685
20
1.792
30
0
40
0.01008
0
CIRCLE
5
10E48
330
10AD3
100
AcDbEntity
100
AcDbCircle
8
KBL_FEEDER_7_8
10
-0.685
20
1.792
30
0
40
0.0049
0
CIRCLE
5
10E49
330
10AD3
100
AcDbEntity
100
AcDbCircle
8
KBL_FEEDER_7_8
10
-0.685
20
1.792
30
0
40
0.0030800000000000003
0
LINE
5
10E4A
330
10AD3
100
AcDbEntity
100
AcDbLine
8
KBL_FEEDER_7_8
10
-0.6885
20
1.792
30
0
11
-0.6815000000000001
21
1.792
31
0
0
LINE
5
10E4B
330
10AD3
100
AcDbEntity
100
AcDbLine
8
KBL_FEEDER_7_8
10
-0.685
20
1.7885
30
0
11
-0.685
21
1.7955
31
0
0
CIRCLE
5
10E4C
330
10AD3
100
AcDbEntity
100
AcDbCircle
8
KBL_FEEDER_7_8
10
-0.685
20
1.82
30
0
40
0.014
0
CIRCLE
5
10E4D
330
10AD3
100
AcDbEntity
100
AcDbCircle
8
KBL_FEEDER_7_8
10
-0.685
20
1.82
30
0
40
0.012320000000000001
0
CIRCLE
5
10E4E
330
10AD3
100
AcDbEntity
100
AcDbCircle
8
KBL_FEEDER_7_8
10
-0.685
20
1.82
30
0
40
0.01008
0
CIRCLE
5
10E4F
330
10AD3
100
AcDbEntity
100
AcDbCircle
8
KBL_FEEDER_7_8
10
-0.685
20
1.82
30
0
40
0.0049
0
CIRCLE
5
10E50
330
10AD3
100
AcDbEntity
100
AcDbCircle
8
KBL_FEEDER_7_8
10
-0.685
20
1.82
30
0
40
0.0030800000000000003
0
LINE
5
10E51
330
10AD3
100
AcDbEntity
100
AcDbLine
8
KBL_FEEDER_7_8
10
-0.6885
20
1.82
30
0
11
-0.6815000000000001
21
1.82
31
0
0
LINE
5
10E52
330
10AD3
100
AcDbEntity
100
AcDbLine
8
KBL_FEEDER_7_8
10
-0.685
20
1.8165
30
0
11
-0.685
21
1.8235000000000001
31
0
0
CIRCLE
5
10E53
330
10AD3
100
AcDbEntity
100
AcDbCircle
8
KBL_FEEDER_7_8
10
-0.685
20
1.848
30
0
40
0.014
0
CIRCLE
5
10E54
330
10AD3
100
AcDbEntity
100
AcDbCircle
8
KBL_FEEDER_7_8
10
-0.685
20
1.848
30
0
40
0.012320000000000001
0
CIRCLE
5
10E55
330
10AD3
100
AcDbEntity
100
AcDbCircle
8
KBL_FEEDER_7_8
10
-0.685
20
1.848
30
0
40
0.01008
0
CIRCLE
5
10E56
330
10AD3
100
AcDbEntity
100
AcDbCircle
8
KBL_FEEDER_7_8
10
-0.685
20
1.848
30
0
40
0.0049
0
CIRCLE
5
10E57
330
10AD3
100
AcDbEntity
100
AcDbCircle
8
KBL_FEEDER_7_8
10
-0.685
20
1.848
30
0
40
0.0030800000000000003
0
LINE
5
10E58
330
10AD3
100
AcDbEntity
100
AcDbLine
8
KBL_FEEDER_7_8
10
-0.6885
20
1.848
30
0
11
-0.6815000000000001
21
1.848
31
0
0
LINE
5
10E59
330
10AD3
100
AcDbEntity
100
AcDbLine
8
KBL_FEEDER_7_8
10
-0.685
20
1.8445
30
0
11
-0.685
21
1.8515000000000001
31
0
0
CIRCLE
5
10E5A
330
10AD3
100
AcDbEntity
100
AcDbCircle
8
KBL_FEEDER_7_8
10
-0.655
20
1.764
30
0
40
0.014
0
CIRCLE
5
10E5B
330
10AD3
100
AcDbEntity
100
AcDbCircle
8
KBL_FEEDER_7_8
10
-0.655
20
1.764
30
0
40
0.012320000000000001
0
CIRCLE
5
10E5C
330
10AD3
100
AcDbEntity
100
AcDbCircle
8
KBL_FEEDER_7_8
10
-0.655
20
1.764
30
0
40
0.01008
0
CIRCLE
5
10E5D
330
10AD3
100
AcDbEntity
100
AcDbCircle
8
KBL_FEEDER_7_8
10
-0.655
20
1.764
30
0
40
0.0049
0
CIRCLE
5
10E5E
330
10AD3
100
AcDbEntity
100
AcDbCircle
8
KBL_FEEDER_7_8
10
-0.655
20
1.764
30
0
40
0.0030800000000000003
0
LINE
5
10E5F
330
10AD3
100
AcDbEntity
100
AcDbLine
8
KBL_FEEDER_7_8
10
-0.6585
20
1.764
30
0
11
-0.6515000000000001
21
1.764
31
0
0
LINE
5
10E60
330
10AD3
100
AcDbEntity
100
AcDbLine
8
KBL_FEEDER_7_8
10
-0.655
20
1.7605
30
0
11
-0.655
21
1.7675
31
0
0
CIRCLE
5
10E61
330
10AD3
100
AcDbEntity
100
AcDbCircle
8
KBL_FEEDER_7_8
10
-0.655
20
1.792
30
0
40
0.014
0
CIRCLE
5
10E62
330
10AD3
100
AcDbEntity
100
AcDbCircle
8
KBL_FEEDER_7_8
10
-0.655
20
1.792
30
0
40
0.012320000000000001
0
CIRCLE
5
10E63
330
10AD3
100
AcDbEntity
100
AcDbCircle
8
KBL_FEEDER_7_8
10
-0.655
20
1.792
30
0
40
0.01008
0
CIRCLE
5
10E64
330
10AD3
100
AcDbEntity
100
AcDbCircle
8
KBL_FEEDER_7_8
10
-0.655
20
1.792
30
0
40
0.0049
0
CIRCLE
5
10E65
330
10AD3
100
AcDbEntity
100
AcDbCircle
8
KBL_FEEDER_7_8
10
-0.655
20
1.792
30
0
40
0.0030800000000000003
0
LINE
5
10E66
330
10AD3
100
AcDbEntity
100
AcDbLine
8
KBL_FEEDER_7_8
10
-0.6585
20
1.792
30
0
11
-0.6515000000000001
21
1.792
31
0
0
LINE
5
10E67
330
10AD3
100
AcDbEntity
100
AcDbLine
8
KBL_FEEDER_7_8
10
-0.655
20
1.7885
30
0
11
-0.655
21
1.7955
31
0
0
CIRCLE
5
10E68
330
10AD3
100
AcDbEntity
100
AcDbCircle
8
KBL_FEEDER_7_8
10
-0.655
20
1.82
30
0
40
0.014
0
CIRCLE
5
10E69
330
10AD3
100
AcDbEntity
100
AcDbCircle
8
KBL_FEEDER_7_8
10
-0.655
20
1.82
30
0
40
0.012320000000000001
0
CIRCLE
5
10E6A
330
10AD3
100
AcDbEntity
100
AcDbCircle
8
KBL_FEEDER_7_8
10
-0.655
20
1.82
30
0
40
0.01008
0
CIRCLE
5
10E6B
330
10AD3
100
AcDbEntity
100
AcDbCircle
8
KBL_FEEDER_7_8
10
-0.655
20
1.82
30
0
40
0.0049
0
CIRCLE
5
10E6C
330
10AD3
100
AcDbEntity
100
AcDbCircle
8
KBL_FEEDER_7_8
10
-0.655
20
1.82
30
0
40
0.0030800000000000003
0
LINE
5
10E6D
330
10AD3
100
AcDbEntity
100
AcDbLine
8
KBL_FEEDER_7_8
10
-0.6585
20
1.82
30
0
11
-0.6515000000000001
21
1.82
31
0
0
LINE
5
10E6E
330
10AD3
100
AcDbEntity
100
AcDbLine
8
KBL_FEEDER_7_8
10
-0.655
20
1.8165
30
0
11
-0.655
21
1.8235000000000001
31
0
0
CIRCLE
5
10E6F
330
10AD3
100
AcDbEntity
100
AcDbCircle
8
KBL_FEEDER_7_8
10
-0.655
20
1.848
30
0
40
0.014
0
CIRCLE
5
10E70
330
10AD3
100
AcDbEntity
100
AcDbCircle
8
KBL_FEEDER_7_8
10
-0.655
20
1.848
30
0
40
0.012320000000000001
0
CIRCLE
5
10E71
330
10AD3
100
AcDbEntity
100
AcDbCircle
8
KBL_FEEDER_7_8
10
-0.655
20
1.848
30
0
40
0.01008
0
CIRCLE
5
10E72
330
10AD3
100
AcDbEntity
100
AcDbCircle
8
KBL_FEEDER_7_8
10
-0.655
20
1.848
30
0
40
0.0049
0
CIRCLE
5
10E73
330
10AD3
100
AcDbEntity
100
AcDbCircle
8
KBL_FEEDER_7_8
10
-0.655
20
1.848
30
0
40
0.0030800000000000003
0
LINE
5
10E74
330
10AD3
100
AcDbEntity
100
AcDbLine
8
KBL_FEEDER_7_8
10
-0.6585
20
1.848
30
0
11
-0.6515000000000001
21
1.848
31
0
0
LINE
5
10E75
330
10AD3
100
AcDbEntity
100
AcDbLine
8
KBL_FEEDER_7_8
10
-0.655
20
1.8445
30
0
11
-0.655
21
1.8515000000000001
31
0
0
CIRCLE
5
10E76
330
10AD3
100
AcDbEntity
100
AcDbCircle
8
KBL_FEEDER_7_8
10
-0.625
20
1.764
30
0
40
0.014
0
CIRCLE
5
10E77
330
10AD3
100
AcDbEntity
100
AcDbCircle
8
KBL_FEEDER_7_8
10
-0.625
20
1.764
30
0
40
0.012320000000000001
0
CIRCLE
5
10E78
330
10AD3
100
AcDbEntity
100
AcDbCircle
8
KBL_FEEDER_7_8
10
-0.625
20
1.764
30
0
40
0.01008
0
CIRCLE
5
10E79
330
10AD3
100
AcDbEntity
100
AcDbCircle
8
KBL_FEEDER_7_8
10
-0.625
20
1.764
30
0
40
0.0049
0
CIRCLE
5
10E7A
330
10AD3
100
AcDbEntity
100
AcDbCircle
8
KBL_FEEDER_7_8
10
-0.625
20
1.764
30
0
40
0.0030800000000000003
0
LINE
5
10E7B
330
10AD3
100
AcDbEntity
100
AcDbLine
8
KBL_FEEDER_7_8
10
-0.6285
20
1.764
30
0
11
-0.6215
21
1.764
31
0
0
LINE
5
10E7C
330
10AD3
100
AcDbEntity
100
AcDbLine
8
KBL_FEEDER_7_8
10
-0.625
20
1.7605
30
0
11
-0.625
21
1.7675
31
0
0
CIRCLE
5
10E7D
330
10AD3
100
AcDbEntity
100
AcDbCircle
8
KBL_FEEDER_7_8
10
-0.625
20
1.792
30
0
40
0.014
0
CIRCLE
5
10E7E
330
10AD3
100
AcDbEntity
100
AcDbCircle
8
KBL_FEEDER_7_8
10
-0.625
20
1.792
30
0
40
0.012320000000000001
0
CIRCLE
5
10E7F
330
10AD3
100
AcDbEntity
100
AcDbCircle
8
KBL_FEEDER_7_8
10
-0.625
20
1.792
30
0
40
0.01008
0
CIRCLE
5
10E80
330
10AD3
100
AcDbEntity
100
AcDbCircle
8
KBL_FEEDER_7_8
10
-0.625
20
1.792
30
0
40
0.0049
0
CIRCLE
5
10E81
330
10AD3
100
AcDbEntity
100
AcDbCircle
8
KBL_FEEDER_7_8
10
-0.625
20
1.792
30
0
40
0.0030800000000000003
0
LINE
5
10E82
330
10AD3
100
AcDbEntity
100
AcDbLine
8
KBL_FEEDER_7_8
10
-0.6285
20
1.792
30
0
11
-0.6215
21
1.792
31
0
0
LINE
5
10E83
330
10AD3
100
AcDbEntity
100
AcDbLine
8
KBL_FEEDER_7_8
10
-0.625
20
1.7885
30
0
11
-0.625
21
1.7955
31
0
0
CIRCLE
5
10E84
330
10AD3
100
AcDbEntity
100
AcDbCircle
8
KBL_FEEDER_7_8
10
-0.625
20
1.82
30
0
40
0.014
0
CIRCLE
5
10E85
330
10AD3
100
AcDbEntity
100
AcDbCircle
8
KBL_FEEDER_7_8
10
-0.625
20
1.82
30
0
40
0.012320000000000001
0
CIRCLE
5
10E86
330
10AD3
100
AcDbEntity
100
AcDbCircle
8
KBL_FEEDER_7_8
10
-0.625
20
1.82
30
0
40
0.01008
0
CIRCLE
5
10E87
330
10AD3
100
AcDbEntity
100
AcDbCircle
8
KBL_FEEDER_7_8
10
-0.625
20
1.82
30
0
40
0.0049
0
CIRCLE
5
10E88
330
10AD3
100
AcDbEntity
100
AcDbCircle
8
KBL_FEEDER_7_8
10
-0.625
20
1.82
30
0
40
0.0030800000000000003
0
LINE
5
10E89
330
10AD3
100
AcDbEntity
100
AcDbLine
8
KBL_FEEDER_7_8
10
-0.6285
20
1.82
30
0
11
-0.6215
21
1.82
31
0
0
LINE
5
10E8A
330
10AD3
100
AcDbEntity
100
AcDbLine
8
KBL_FEEDER_7_8
10
-0.625
20
1.8165
30
0
11
-0.625
21
1.8235000000000001
31
0
0
CIRCLE
5
10E8B
330
10AD3
100
AcDbEntity
100
AcDbCircle
8
KBL_FEEDER_7_8
10
-0.625
20
1.848
30
0
40
0.014
0
CIRCLE
5
10E8C
330
10AD3
100
AcDbEntity
100
AcDbCircle
8
KBL_FEEDER_7_8
10
-0.625
20
1.848
30
0
40
0.012320000000000001
0
CIRCLE
5
10E8D
330
10AD3
100
AcDbEntity
100
AcDbCircle
8
KBL_FEEDER_7_8
10
-0.625
20
1.848
30
0
40
0.01008
0
CIRCLE
5
10E8E
330
10AD3
100
AcDbEntity
100
AcDbCircle
8
KBL_FEEDER_7_8
10
-0.625
20
1.848
30
0
40
0.0049
0
CIRCLE
5
10E8F
330
10AD3
100
AcDbEntity
100
AcDbCircle
8
KBL_FEEDER_7_8
10
-0.625
20
1.848
30
0
40
0.0030800000000000003
0
LINE
5
10E90
330
10AD3
100
AcDbEntity
100
AcDbLine
8
KBL_FEEDER_7_8
10
-0.6285
20
1.848
30
0
11
-0.6215
21
1.848
31
0
0
LINE
5
10E91
330
10AD3
100
AcDbEntity
100
AcDbLine
8
KBL_FEEDER_7_8
10
-0.625
20
1.8445
30
0
11
-0.625
21
1.8515000000000001
31
0
0
CIRCLE
5
10E92
330
10AD3
100
AcDbEntity
100
AcDbCircle
8
KBL_FEEDER_7_8
10
-0.595
20
1.764
30
0
40
0.014
0
CIRCLE
5
10E93
330
10AD3
100
AcDbEntity
100
AcDbCircle
8
KBL_FEEDER_7_8
10
-0.595
20
1.764
30
0
40
0.012320000000000001
0
CIRCLE
5
10E94
330
10AD3
100
AcDbEntity
100
AcDbCircle
8
KBL_FEEDER_7_8
10
-0.595
20
1.764
30
0
40
0.01008
0
CIRCLE
5
10E95
330
10AD3
100
AcDbEntity
100
AcDbCircle
8
KBL_FEEDER_7_8
10
-0.595
20
1.764
30
0
40
0.0049
0
CIRCLE
5
10E96
330
10AD3
100
AcDbEntity
100
AcDbCircle
8
KBL_FEEDER_7_8
10
-0.595
20
1.764
30
0
40
0.0030800000000000003
0
LINE
5
10E97
330
10AD3
100
AcDbEntity
100
AcDbLine
8
KBL_FEEDER_7_8
10
-0.5984999999999999
20
1.764
30
0
11
-0.5915
21
1.764
31
0
0
LINE
5
10E98
330
10AD3
100
AcDbEntity
100
AcDbLine
8
KBL_FEEDER_7_8
10
-0.595
20
1.7605
30
0
11
-0.595
21
1.7675
31
0
0
CIRCLE
5
10E99
330
10AD3
100
AcDbEntity
100
AcDbCircle
8
KBL_FEEDER_7_8
10
-0.595
20
1.792
30
0
40
0.014
0
CIRCLE
5
10E9A
330
10AD3
100
AcDbEntity
100
AcDbCircle
8
KBL_FEEDER_7_8
10
-0.595
20
1.792
30
0
40
0.012320000000000001
0
CIRCLE
5
10E9B
330
10AD3
100
AcDbEntity
100
AcDbCircle
8
KBL_FEEDER_7_8
10
-0.595
20
1.792
30
0
40
0.01008
0
CIRCLE
5
10E9C
330
10AD3
100
AcDbEntity
100
AcDbCircle
8
KBL_FEEDER_7_8
10
-0.595
20
1.792
30
0
40
0.0049
0
CIRCLE
5
10E9D
330
10AD3
100
AcDbEntity
100
AcDbCircle
8
KBL_FEEDER_7_8
10
-0.595
20
1.792
30
0
40
0.0030800000000000003
0
LINE
5
10E9E
330
10AD3
100
AcDbEntity
100
AcDbLine
8
KBL_FEEDER_7_8
10
-0.5984999999999999
20
1.792
30
0
11
-0.5915
21
1.792
31
0
0
LINE
5
10E9F
330
10AD3
100
AcDbEntity
100
AcDbLine
8
KBL_FEEDER_7_8
10
-0.595
20
1.7885
30
0
11
-0.595
21
1.7955
31
0
0
CIRCLE
5
10EA0
330
10AD3
100
AcDbEntity
100
AcDbCircle
8
KBL_FEEDER_7_8
10
-0.595
20
1.82
30
0
40
0.014
0
CIRCLE
5
10EA1
330
10AD3
100
AcDbEntity
100
AcDbCircle
8
KBL_FEEDER_7_8
10
-0.595
20
1.82
30
0
40
0.012320000000000001
0
CIRCLE
5
10EA2
330
10AD3
100
AcDbEntity
100
AcDbCircle
8
KBL_FEEDER_7_8
10
-0.595
20
1.82
30
0
40
0.01008
0
CIRCLE
5
10EA3
330
10AD3
100
AcDbEntity
100
AcDbCircle
8
KBL_FEEDER_7_8
10
-0.595
20
1.82
30
0
40
0.0049
0
CIRCLE
5
10EA4
330
10AD3
100
AcDbEntity
100
AcDbCircle
8
KBL_FEEDER_7_8
10
-0.595
20
1.82
30
0
40
0.0030800000000000003
0
LINE
5
10EA5
330
10AD3
100
AcDbEntity
100
AcDbLine
8
KBL_FEEDER_7_8
10
-0.5984999999999999
20
1.82
30
0
11
-0.5915
21
1.82
31
0
0
LINE
5
10EA6
330
10AD3
100
AcDbEntity
100
AcDbLine
8
KBL_FEEDER_7_8
10
-0.595
20
1.8165
30
0
11
-0.595
21
1.8235000000000001
31
0
0
CIRCLE
5
10EA7
330
10AD3
100
AcDbEntity
100
AcDbCircle
8
KBL_FEEDER_7_8
10
-0.595
20
1.848
30
0
40
0.014
0
CIRCLE
5
10EA8
330
10AD3
100
AcDbEntity
100
AcDbCircle
8
KBL_FEEDER_7_8
10
-0.595
20
1.848
30
0
40
0.012320000000000001
0
CIRCLE
5
10EA9
330
10AD3
100
AcDbEntity
100
AcDbCircle
8
KBL_FEEDER_7_8
10
-0.595
20
1.848
30
0
40
0.01008
0
CIRCLE
5
10EAA
330
10AD3
100
AcDbEntity
100
AcDbCircle
8
KBL_FEEDER_7_8
10
-0.595
20
1.848
30
0
40
0.0049
0
CIRCLE
5
10EAB
330
10AD3
100
AcDbEntity
100
AcDbCircle
8
KBL_FEEDER_7_8
10
-0.595
20
1.848
30
0
40
0.0030800000000000003
0
LINE
5
10EAC
330
10AD3
100
AcDbEntity
100
AcDbLine
8
KBL_FEEDER_7_8
10
-0.5984999999999999
20
1.848
30
0
11
-0.5915
21
1.848
31
0
0
LINE
5
10EAD
330
10AD3
100
AcDbEntity
100
AcDbLine
8
KBL_FEEDER_7_8
10
-0.595
20
1.8445
30
0
11
-0.595
21
1.8515000000000001
31
0
0
CIRCLE
5
10EAE
330
10AD3
100
AcDbEntity
100
AcDbCircle
8
KBL_FEEDER_7_8
10
-0.5650000000000001
20
1.764
30
0
40
0.014
0
CIRCLE
5
10EAF
330
10AD3
100
AcDbEntity
100
AcDbCircle
8
KBL_FEEDER_7_8
10
-0.5650000000000001
20
1.764
30
0
40
0.012320000000000001
0
CIRCLE
5
10EB0
330
10AD3
100
AcDbEntity
100
AcDbCircle
8
KBL_FEEDER_7_8
10
-0.5650000000000001
20
1.764
30
0
40
0.01008
0
CIRCLE
5
10EB1
330
10AD3
100
AcDbEntity
100
AcDbCircle
8
KBL_FEEDER_7_8
10
-0.5650000000000001
20
1.764
30
0
40
0.0049
0
CIRCLE
5
10EB2
330
10AD3
100
AcDbEntity
100
AcDbCircle
8
KBL_FEEDER_7_8
10
-0.5650000000000001
20
1.764
30
0
40
0.0030800000000000003
0
LINE
5
10EB3
330
10AD3
100
AcDbEntity
100
AcDbLine
8
KBL_FEEDER_7_8
10
-0.5685
20
1.764
30
0
11
-0.5615000000000001
21
1.764
31
0
0
LINE
5
10EB4
330
10AD3
100
AcDbEntity
100
AcDbLine
8
KBL_FEEDER_7_8
10
-0.5650000000000001
20
1.7605
30
0
11
-0.5650000000000001
21
1.7675
31
0
0
CIRCLE
5
10EB5
330
10AD3
100
AcDbEntity
100
AcDbCircle
8
KBL_FEEDER_7_8
10
-0.5650000000000001
20
1.792
30
0
40
0.014
0
CIRCLE
5
10EB6
330
10AD3
100
AcDbEntity
100
AcDbCircle
8
KBL_FEEDER_7_8
10
-0.5650000000000001
20
1.792
30
0
40
0.012320000000000001
0
CIRCLE
5
10EB7
330
10AD3
100
AcDbEntity
100
AcDbCircle
8
KBL_FEEDER_7_8
10
-0.5650000000000001
20
1.792
30
0
40
0.01008
0
CIRCLE
5
10EB8
330
10AD3
100
AcDbEntity
100
AcDbCircle
8
KBL_FEEDER_7_8
10
-0.5650000000000001
20
1.792
30
0
40
0.0049
0
CIRCLE
5
10EB9
330
10AD3
100
AcDbEntity
100
AcDbCircle
8
KBL_FEEDER_7_8
10
-0.5650000000000001
20
1.792
30
0
40
0.0030800000000000003
0
LINE
5
10EBA
330
10AD3
100
AcDbEntity
100
AcDbLine
8
KBL_FEEDER_7_8
10
-0.5685
20
1.792
30
0
11
-0.5615000000000001
21
1.792
31
0
0
LINE
5
10EBB
330
10AD3
100
AcDbEntity
100
AcDbLine
8
KBL_FEEDER_7_8
10
-0.5650000000000001
20
1.7885
30
0
11
-0.5650000000000001
21
1.7955
31
0
0
CIRCLE
5
10EBC
330
10AD3
100
AcDbEntity
100
AcDbCircle
8
KBL_FEEDER_7_8
10
-0.5650000000000001
20
1.82
30
0
40
0.014
0
CIRCLE
5
10EBD
330
10AD3
100
AcDbEntity
100
AcDbCircle
8
KBL_FEEDER_7_8
10
-0.5650000000000001
20
1.82
30
0
40
0.012320000000000001
0
CIRCLE
5
10EBE
330
10AD3
100
AcDbEntity
100
AcDbCircle
8
KBL_FEEDER_7_8
10
-0.5650000000000001
20
1.82
30
0
40
0.01008
0
CIRCLE
5
10EBF
330
10AD3
100
AcDbEntity
100
AcDbCircle
8
KBL_FEEDER_7_8
10
-0.5650000000000001
20
1.82
30
0
40
0.0049
0
CIRCLE
5
10EC0
330
10AD3
100
AcDbEntity
100
AcDbCircle
8
KBL_FEEDER_7_8
10
-0.5650000000000001
20
1.82
30
0
40
0.0030800000000000003
0
LINE
5
10EC1
330
10AD3
100
AcDbEntity
100
AcDbLine
8
KBL_FEEDER_7_8
10
-0.5685
20
1.82
30
0
11
-0.5615000000000001
21
1.82
31
0
0
LINE
5
10EC2
330
10AD3
100
AcDbEntity
100
AcDbLine
8
KBL_FEEDER_7_8
10
-0.5650000000000001
20
1.8165
30
0
11
-0.5650000000000001
21
1.8235000000000001
31
0
0
CIRCLE
5
10EC3
330
10AD3
100
AcDbEntity
100
AcDbCircle
8
KBL_FEEDER_7_8
10
-0.5650000000000001
20
1.848
30
0
40
0.014
0
CIRCLE
5
10EC4
330
10AD3
100
AcDbEntity
100
AcDbCircle
8
KBL_FEEDER_7_8
10
-0.5650000000000001
20
1.848
30
0
40
0.012320000000000001
0
CIRCLE
5
10EC5
330
10AD3
100
AcDbEntity
100
AcDbCircle
8
KBL_FEEDER_7_8
10
-0.5650000000000001
20
1.848
30
0
40
0.01008
0
CIRCLE
5
10EC6
330
10AD3
100
AcDbEntity
100
AcDbCircle
8
KBL_FEEDER_7_8
10
-0.5650000000000001
20
1.848
30
0
40
0.0049
0
CIRCLE
5
10EC7
330
10AD3
100
AcDbEntity
100
AcDbCircle
8
KBL_FEEDER_7_8
10
-0.5650000000000001
20
1.848
30
0
40
0.0030800000000000003
0
LINE
5
10EC8
330
10AD3
100
AcDbEntity
100
AcDbLine
8
KBL_FEEDER_7_8
10
-0.5685
20
1.848
30
0
11
-0.5615000000000001
21
1.848
31
0
0
LINE
5
10EC9
330
10AD3
100
AcDbEntity
100
AcDbLine
8
KBL_FEEDER_7_8
10
-0.5650000000000001
20
1.8445
30
0
11
-0.5650000000000001
21
1.8515000000000001
31
0
0
CIRCLE
5
10ECA
330
10AD3
100
AcDbEntity
100
AcDbCircle
8
KBL_FEEDER_7_8
10
-0.535
20
1.764
30
0
40
0.014
0
CIRCLE
5
10ECB
330
10AD3
100
AcDbEntity
100
AcDbCircle
8
KBL_FEEDER_7_8
10
-0.535
20
1.764
30
0
40
0.012320000000000001
0
CIRCLE
5
10ECC
330
10AD3
100
AcDbEntity
100
AcDbCircle
8
KBL_FEEDER_7_8
10
-0.535
20
1.764
30
0
40
0.01008
0
CIRCLE
5
10ECD
330
10AD3
100
AcDbEntity
100
AcDbCircle
8
KBL_FEEDER_7_8
10
-0.535
20
1.764
30
0
40
0.0049
0
CIRCLE
5
10ECE
330
10AD3
100
AcDbEntity
100
AcDbCircle
8
KBL_FEEDER_7_8
10
-0.535
20
1.764
30
0
40
0.0030800000000000003
0
LINE
5
10ECF
330
10AD3
100
AcDbEntity
100
AcDbLine
8
KBL_FEEDER_7_8
10
-0.5385
20
1.764
30
0
11
-0.5315000000000001
21
1.764
31
0
0
LINE
5
10ED0
330
10AD3
100
AcDbEntity
100
AcDbLine
8
KBL_FEEDER_7_8
10
-0.535
20
1.7605
30
0
11
-0.535
21
1.7675
31
0
0
CIRCLE
5
10ED1
330
10AD3
100
AcDbEntity
100
AcDbCircle
8
KBL_FEEDER_7_8
10
-0.535
20
1.792
30
0
40
0.014
0
CIRCLE
5
10ED2
330
10AD3
100
AcDbEntity
100
AcDbCircle
8
KBL_FEEDER_7_8
10
-0.535
20
1.792
30
0
40
0.012320000000000001
0
CIRCLE
5
10ED3
330
10AD3
100
AcDbEntity
100
AcDbCircle
8
KBL_FEEDER_7_8
10
-0.535
20
1.792
30
0
40
0.01008
0
CIRCLE
5
10ED4
330
10AD3
100
AcDbEntity
100
AcDbCircle
8
KBL_FEEDER_7_8
10
-0.535
20
1.792
30
0
40
0.0049
0
CIRCLE
5
10ED5
330
10AD3
100
AcDbEntity
100
AcDbCircle
8
KBL_FEEDER_7_8
10
-0.535
20
1.792
30
0
40
0.0030800000000000003
0
LINE
5
10ED6
330
10AD3
100
AcDbEntity
100
AcDbLine
8
KBL_FEEDER_7_8
10
-0.5385
20
1.792
30
0
11
-0.5315000000000001
21
1.792
31
0
0
LINE
5
10ED7
330
10AD3
100
AcDbEntity
100
AcDbLine
8
KBL_FEEDER_7_8
10
-0.535
20
1.7885
30
0
11
-0.535
21
1.7955
31
0
0
CIRCLE
5
10ED8
330
10AD3
100
AcDbEntity
100
AcDbCircle
8
KBL_FEEDER_7_8
10
-0.535
20
1.82
30
0
40
0.014
0
CIRCLE
5
10ED9
330
10AD3
100
AcDbEntity
100
AcDbCircle
8
KBL_FEEDER_7_8
10
-0.535
20
1.82
30
0
40
0.012320000000000001
0
CIRCLE
5
10EDA
330
10AD3
100
AcDbEntity
100
AcDbCircle
8
KBL_FEEDER_7_8
10
-0.535
20
1.82
30
0
40
0.01008
0
CIRCLE
5
10EDB
330
10AD3
100
AcDbEntity
100
AcDbCircle
8
KBL_FEEDER_7_8
10
-0.535
20
1.82
30
0
40
0.0049
0
CIRCLE
5
10EDC
330
10AD3
100
AcDbEntity
100
AcDbCircle
8
KBL_FEEDER_7_8
10
-0.535
20
1.82
30
0
40
0.0030800000000000003
0
LINE
5
10EDD
330
10AD3
100
AcDbEntity
100
AcDbLine
8
KBL_FEEDER_7_8
10
-0.5385
20
1.82
30
0
11
-0.5315000000000001
21
1.82
31
0
0
LINE
5
10EDE
330
10AD3
100
AcDbEntity
100
AcDbLine
8
KBL_FEEDER_7_8
10
-0.535
20
1.8165
30
0
11
-0.535
21
1.8235000000000001
31
0
0
CIRCLE
5
10EDF
330
10AD3
100
AcDbEntity
100
AcDbCircle
8
KBL_FEEDER_7_8
10
-0.535
20
1.848
30
0
40
0.014
0
CIRCLE
5
10EE0
330
10AD3
100
AcDbEntity
100
AcDbCircle
8
KBL_FEEDER_7_8
10
-0.535
20
1.848
30
0
40
0.012320000000000001
0
CIRCLE
5
10EE1
330
10AD3
100
AcDbEntity
100
AcDbCircle
8
KBL_FEEDER_7_8
10
-0.535
20
1.848
30
0
40
0.01008
0
CIRCLE
5
10EE2
330
10AD3
100
AcDbEntity
100
AcDbCircle
8
KBL_FEEDER_7_8
10
-0.535
20
1.848
30
0
40
0.0049
0
CIRCLE
5
10EE3
330
10AD3
100
AcDbEntity
100
AcDbCircle
8
KBL_FEEDER_7_8
10
-0.535
20
1.848
30
0
40
0.0030800000000000003
0
LINE
5
10EE4
330
10AD3
100
AcDbEntity
100
AcDbLine
8
KBL_FEEDER_7_8
10
-0.5385
20
1.848
30
0
11
-0.5315000000000001
21
1.848
31
0
0
LINE
5
10EE5
330
10AD3
100
AcDbEntity
100
AcDbLine
8
KBL_FEEDER_7_8
10
-0.535
20
1.8445
30
0
11
-0.535
21
1.8515000000000001
31
0
0
CIRCLE
5
10EE6
330
10AD3
100
AcDbEntity
100
AcDbCircle
8
KBL_FEEDER_7_8
10
-0.505
20
1.764
30
0
40
0.014
0
CIRCLE
5
10EE7
330
10AD3
100
AcDbEntity
100
AcDbCircle
8
KBL_FEEDER_7_8
10
-0.505
20
1.764
30
0
40
0.012320000000000001
0
CIRCLE
5
10EE8
330
10AD3
100
AcDbEntity
100
AcDbCircle
8
KBL_FEEDER_7_8
10
-0.505
20
1.764
30
0
40
0.01008
0
CIRCLE
5
10EE9
330
10AD3
100
AcDbEntity
100
AcDbCircle
8
KBL_FEEDER_7_8
10
-0.505
20
1.764
30
0
40
0.0049
0
CIRCLE
5
10EEA
330
10AD3
100
AcDbEntity
100
AcDbCircle
8
KBL_FEEDER_7_8
10
-0.505
20
1.764
30
0
40
0.0030800000000000003
0
LINE
5
10EEB
330
10AD3
100
AcDbEntity
100
AcDbLine
8
KBL_FEEDER_7_8
10
-0.5085
20
1.764
30
0
11
-0.5015000000000001
21
1.764
31
0
0
LINE
5
10EEC
330
10AD3
100
AcDbEntity
100
AcDbLine
8
KBL_FEEDER_7_8
10
-0.505
20
1.7605
30
0
11
-0.505
21
1.7675
31
0
0
CIRCLE
5
10EED
330
10AD3
100
AcDbEntity
100
AcDbCircle
8
KBL_FEEDER_7_8
10
-0.505
20
1.792
30
0
40
0.014
0
CIRCLE
5
10EEE
330
10AD3
100
AcDbEntity
100
AcDbCircle
8
KBL_FEEDER_7_8
10
-0.505
20
1.792
30
0
40
0.012320000000000001
0
CIRCLE
5
10EEF
330
10AD3
100
AcDbEntity
100
AcDbCircle
8
KBL_FEEDER_7_8
10
-0.505
20
1.792
30
0
40
0.01008
0
CIRCLE
5
10EF0
330
10AD3
100
AcDbEntity
100
AcDbCircle
8
KBL_FEEDER_7_8
10
-0.505
20
1.792
30
0
40
0.0049
0
CIRCLE
5
10EF1
330
10AD3
100
AcDbEntity
100
AcDbCircle
8
KBL_FEEDER_7_8
10
-0.505
20
1.792
30
0
40
0.0030800000000000003
0
LINE
5
10EF2
330
10AD3
100
AcDbEntity
100
AcDbLine
8
KBL_FEEDER_7_8
10
-0.5085
20
1.792
30
0
11
-0.5015000000000001
21
1.792
31
0
0
LINE
5
10EF3
330
10AD3
100
AcDbEntity
100
AcDbLine
8
KBL_FEEDER_7_8
10
-0.505
20
1.7885
30
0
11
-0.505
21
1.7955
31
0
0
CIRCLE
5
10EF4
330
10AD3
100
AcDbEntity
100
AcDbCircle
8
KBL_FEEDER_7_8
10
-0.505
20
1.82
30
0
40
0.014
0
CIRCLE
5
10EF5
330
10AD3
100
AcDbEntity
100
AcDbCircle
8
KBL_FEEDER_7_8
10
-0.505
20
1.82
30
0
40
0.012320000000000001
0
CIRCLE
5
10EF6
330
10AD3
100
AcDbEntity
100
AcDbCircle
8
KBL_FEEDER_7_8
10
-0.505
20
1.82
30
0
40
0.01008
0
CIRCLE
5
10EF7
330
10AD3
100
AcDbEntity
100
AcDbCircle
8
KBL_FEEDER_7_8
10
-0.505
20
1.82
30
0
40
0.0049
0
CIRCLE
5
10EF8
330
10AD3
100
AcDbEntity
100
AcDbCircle
8
KBL_FEEDER_7_8
10
-0.505
20
1.82
30
0
40
0.0030800000000000003
0
LINE
5
10EF9
330
10AD3
100
AcDbEntity
100
AcDbLine
8
KBL_FEEDER_7_8
10
-0.5085
20
1.82
30
0
11
-0.5015000000000001
21
1.82
31
0
0
LINE
5
10EFA
330
10AD3
100
AcDbEntity
100
AcDbLine
8
KBL_FEEDER_7_8
10
-0.505
20
1.8165
30
0
11
-0.505
21
1.8235000000000001
31
0
0
CIRCLE
5
10EFB
330
10AD3
100
AcDbEntity
100
AcDbCircle
8
KBL_FEEDER_7_8
10
-0.505
20
1.848
30
0
40
0.014
0
CIRCLE
5
10EFC
330
10AD3
100
AcDbEntity
100
AcDbCircle
8
KBL_FEEDER_7_8
10
-0.505
20
1.848
30
0
40
0.012320000000000001
0
CIRCLE
5
10EFD
330
10AD3
100
AcDbEntity
100
AcDbCircle
8
KBL_FEEDER_7_8
10
-0.505
20
1.848
30
0
40
0.01008
0
CIRCLE
5
10EFE
330
10AD3
100
AcDbEntity
100
AcDbCircle
8
KBL_FEEDER_7_8
10
-0.505
20
1.848
30
0
40
0.0049
0
CIRCLE
5
10EFF
330
10AD3
100
AcDbEntity
100
AcDbCircle
8
KBL_FEEDER_7_8
10
-0.505
20
1.848
30
0
40
0.0030800000000000003
0
LINE
5
10F00
330
10AD3
100
AcDbEntity
100
AcDbLine
8
KBL_FEEDER_7_8
10
-0.5085
20
1.848
30
0
11
-0.5015000000000001
21
1.848
31
0
0
LINE
5
10F01
330
10AD3
100
AcDbEntity
100
AcDbLine
8
KBL_FEEDER_7_8
10
-0.505
20
1.8445
30
0
11
-0.505
21
1.8515000000000001
31
0
0
CIRCLE
5
10F9A
330
10AD3
100
AcDbEntity
100
AcDbCircle
8
KBL_FEEDER_7_8
10
-0.775
20
1.264
30
0
40
0.014
0
CIRCLE
5
10F9B
330
10AD3
100
AcDbEntity
100
AcDbCircle
8
KBL_FEEDER_7_8
10
-0.775
20
1.264
30
0
40
0.012320000000000001
0
CIRCLE
5
10F9C
330
10AD3
100
AcDbEntity
100
AcDbCircle
8
KBL_FEEDER_7_8
10
-0.775
20
1.264
30
0
40
0.01008
0
CIRCLE
5
10F9D
330
10AD3
100
AcDbEntity
100
AcDbCircle
8
KBL_FEEDER_7_8
10
-0.775
20
1.264
30
0
40
0.0049
0
CIRCLE
5
10F9E
330
10AD3
100
AcDbEntity
100
AcDbCircle
8
KBL_FEEDER_7_8
10
-0.775
20
1.264
30
0
40
0.0030800000000000003
0
LINE
5
10F9F
330
10AD3
100
AcDbEntity
100
AcDbLine
8
KBL_FEEDER_7_8
10
-0.7785
20
1.264
30
0
11
-0.7715000000000001
21
1.264
31
0
0
LINE
5
10FA0
330
10AD3
100
AcDbEntity
100
AcDbLine
8
KBL_FEEDER_7_8
10
-0.775
20
1.2605
30
0
11
-0.775
21
1.2675
31
0
0
CIRCLE
5
10FA1
330
10AD3
100
AcDbEntity
100
AcDbCircle
8
KBL_FEEDER_7_8
10
-0.775
20
1.292
30
0
40
0.014
0
CIRCLE
5
10FA2
330
10AD3
100
AcDbEntity
100
AcDbCircle
8
KBL_FEEDER_7_8
10
-0.775
20
1.292
30
0
40
0.012320000000000001
0
CIRCLE
5
10FA3
330
10AD3
100
AcDbEntity
100
AcDbCircle
8
KBL_FEEDER_7_8
10
-0.775
20
1.292
30
0
40
0.01008
0
CIRCLE
5
10FA4
330
10AD3
100
AcDbEntity
100
AcDbCircle
8
KBL_FEEDER_7_8
10
-0.775
20
1.292
30
0
40
0.0049
0
CIRCLE
5
10FA5
330
10AD3
100
AcDbEntity
100
AcDbCircle
8
KBL_FEEDER_7_8
10
-0.775
20
1.292
30
0
40
0.0030800000000000003
0
LINE
5
10FA6
330
10AD3
100
AcDbEntity
100
AcDbLine
8
KBL_FEEDER_7_8
10
-0.7785
20
1.292
30
0
11
-0.7715000000000001
21
1.292
31
0
0
LINE
5
10FA7
330
10AD3
100
AcDbEntity
100
AcDbLine
8
KBL_FEEDER_7_8
10
-0.775
20
1.2885
30
0
11
-0.775
21
1.2955
31
0
0
CIRCLE
5
10FA8
330
10AD3
100
AcDbEntity
100
AcDbCircle
8
KBL_FEEDER_7_8
10
-0.775
20
1.32
30
0
40
0.014
0
CIRCLE
5
10FA9
330
10AD3
100
AcDbEntity
100
AcDbCircle
8
KBL_FEEDER_7_8
10
-0.775
20
1.32
30
0
40
0.012320000000000001
0
CIRCLE
5
10FAA
330
10AD3
100
AcDbEntity
100
AcDbCircle
8
KBL_FEEDER_7_8
10
-0.775
20
1.32
30
0
40
0.01008
0
CIRCLE
5
10FAB
330
10AD3
100
AcDbEntity
100
AcDbCircle
8
KBL_FEEDER_7_8
10
-0.775
20
1.32
30
0
40
0.0049
0
CIRCLE
5
10FAC
330
10AD3
100
AcDbEntity
100
AcDbCircle
8
KBL_FEEDER_7_8
10
-0.775
20
1.32
30
0
40
0.0030800000000000003
0
LINE
5
10FAD
330
10AD3
100
AcDbEntity
100
AcDbLine
8
KBL_FEEDER_7_8
10
-0.7785
20
1.32
30
0
11
-0.7715000000000001
21
1.32
31
0
0
LINE
5
10FAE
330
10AD3
100
AcDbEntity
100
AcDbLine
8
KBL_FEEDER_7_8
10
-0.775
20
1.3165
30
0
11
-0.775
21
1.3235000000000001
31
0
0
CIRCLE
5
10FAF
330
10AD3
100
AcDbEntity
100
AcDbCircle
8
KBL_FEEDER_7_8
10
-0.775
20
1.348
30
0
40
0.014
0
CIRCLE
5
10FB0
330
10AD3
100
AcDbEntity
100
AcDbCircle
8
KBL_FEEDER_7_8
10
-0.775
20
1.348
30
0
40
0.012320000000000001
0
CIRCLE
5
10FB1
330
10AD3
100
AcDbEntity
100
AcDbCircle
8
KBL_FEEDER_7_8
10
-0.775
20
1.348
30
0
40
0.01008
0
CIRCLE
5
10FB2
330
10AD3
100
AcDbEntity
100
AcDbCircle
8
KBL_FEEDER_7_8
10
-0.775
20
1.348
30
0
40
0.0049
0
CIRCLE
5
10FB3
330
10AD3
100
AcDbEntity
100
AcDbCircle
8
KBL_FEEDER_7_8
10
-0.775
20
1.348
30
0
40
0.0030800000000000003
0
LINE
5
10FB4
330
10AD3
100
AcDbEntity
100
AcDbLine
8
KBL_FEEDER_7_8
10
-0.7785
20
1.348
30
0
11
-0.7715000000000001
21
1.348
31
0
0
LINE
5
10FB5
330
10AD3
100
AcDbEntity
100
AcDbLine
8
KBL_FEEDER_7_8
10
-0.775
20
1.3445
30
0
11
-0.775
21
1.3515000000000001
31
0
0
CIRCLE
5
10FB6
330
10AD3
100
AcDbEntity
100
AcDbCircle
8
KBL_FEEDER_7_8
10
-0.745
20
1.264
30
0
40
0.014
0
CIRCLE
5
10FB7
330
10AD3
100
AcDbEntity
100
AcDbCircle
8
KBL_FEEDER_7_8
10
-0.745
20
1.264
30
0
40
0.012320000000000001
0
CIRCLE
5
10FB8
330
10AD3
100
AcDbEntity
100
AcDbCircle
8
KBL_FEEDER_7_8
10
-0.745
20
1.264
30
0
40
0.01008
0
CIRCLE
5
10FB9
330
10AD3
100
AcDbEntity
100
AcDbCircle
8
KBL_FEEDER_7_8
10
-0.745
20
1.264
30
0
40
0.0049
0
CIRCLE
5
10FBA
330
10AD3
100
AcDbEntity
100
AcDbCircle
8
KBL_FEEDER_7_8
10
-0.745
20
1.264
30
0
40
0.0030800000000000003
0
LINE
5
10FBB
330
10AD3
100
AcDbEntity
100
AcDbLine
8
KBL_FEEDER_7_8
10
-0.7484999999999999
20
1.264
30
0
11
-0.7415
21
1.264
31
0
0
LINE
5
10FBC
330
10AD3
100
AcDbEntity
100
AcDbLine
8
KBL_FEEDER_7_8
10
-0.745
20
1.2605
30
0
11
-0.745
21
1.2675
31
0
0
CIRCLE
5
10FBD
330
10AD3
100
AcDbEntity
100
AcDbCircle
8
KBL_FEEDER_7_8
10
-0.745
20
1.292
30
0
40
0.014
0
CIRCLE
5
10FBE
330
10AD3
100
AcDbEntity
100
AcDbCircle
8
KBL_FEEDER_7_8
10
-0.745
20
1.292
30
0
40
0.012320000000000001
0
CIRCLE
5
10FBF
330
10AD3
100
AcDbEntity
100
AcDbCircle
8
KBL_FEEDER_7_8
10
-0.745
20
1.292
30
0
40
0.01008
0
CIRCLE
5
10FC0
330
10AD3
100
AcDbEntity
100
AcDbCircle
8
KBL_FEEDER_7_8
10
-0.745
20
1.292
30
0
40
0.0049
0
CIRCLE
5
10FC1
330
10AD3
100
AcDbEntity
100
AcDbCircle
8
KBL_FEEDER_7_8
10
-0.745
20
1.292
30
0
40
0.0030800000000000003
0
LINE
5
10FC2
330
10AD3
100
AcDbEntity
100
AcDbLine
8
KBL_FEEDER_7_8
10
-0.7484999999999999
20
1.292
30
0
11
-0.7415
21
1.292
31
0
0
LINE
5
10FC3
330
10AD3
100
AcDbEntity
100
AcDbLine
8
KBL_FEEDER_7_8
10
-0.745
20
1.2885
30
0
11
-0.745
21
1.2955
31
0
0
CIRCLE
5
10FC4
330
10AD3
100
AcDbEntity
100
AcDbCircle
8
KBL_FEEDER_7_8
10
-0.745
20
1.32
30
0
40
0.014
0
CIRCLE
5
10FC5
330
10AD3
100
AcDbEntity
100
AcDbCircle
8
KBL_FEEDER_7_8
10
-0.745
20
1.32
30
0
40
0.012320000000000001
0
CIRCLE
5
10FC6
330
10AD3
100
AcDbEntity
100
AcDbCircle
8
KBL_FEEDER_7_8
10
-0.745
20
1.32
30
0
40
0.01008
0
CIRCLE
5
10FC7
330
10AD3
100
AcDbEntity
100
AcDbCircle
8
KBL_FEEDER_7_8
10
-0.745
20
1.32
30
0
40
0.0049
0
CIRCLE
5
10FC8
330
10AD3
100
AcDbEntity
100
AcDbCircle
8
KBL_FEEDER_7_8
10
-0.745
20
1.32
30
0
40
0.0030800000000000003
0
LINE
5
10FC9
330
10AD3
100
AcDbEntity
100
AcDbLine
8
KBL_FEEDER_7_8
10
-0.7484999999999999
20
1.32
30
0
11
-0.7415
21
1.32
31
0
0
LINE
5
10FCA
330
10AD3
100
AcDbEntity
100
AcDbLine
8
KBL_FEEDER_7_8
10
-0.745
20
1.3165
30
0
11
-0.745
21
1.3235000000000001
31
0
0
CIRCLE
5
10FCB
330
10AD3
100
AcDbEntity
100
AcDbCircle
8
KBL_FEEDER_7_8
10
-0.745
20
1.348
30
0
40
0.014
0
CIRCLE
5
10FCC
330
10AD3
100
AcDbEntity
100
AcDbCircle
8
KBL_FEEDER_7_8
10
-0.745
20
1.348
30
0
40
0.012320000000000001
0
CIRCLE
5
10FCD
330
10AD3
100
AcDbEntity
100
AcDbCircle
8
KBL_FEEDER_7_8
10
-0.745
20
1.348
30
0
40
0.01008
0
CIRCLE
5
10FCE
330
10AD3
100
AcDbEntity
100
AcDbCircle
8
KBL_FEEDER_7_8
10
-0.745
20
1.348
30
0
40
0.0049
0
CIRCLE
5
10FCF
330
10AD3
100
AcDbEntity
100
AcDbCircle
8
KBL_FEEDER_7_8
10
-0.745
20
1.348
30
0
40
0.0030800000000000003
0
LINE
5
10FD0
330
10AD3
100
AcDbEntity
100
AcDbLine
8
KBL_FEEDER_7_8
10
-0.7484999999999999
20
1.348
30
0
11
-0.7415
21
1.348
31
0
0
LINE
5
10FD1
330
10AD3
100
AcDbEntity
100
AcDbLine
8
KBL_FEEDER_7_8
10
-0.745
20
1.3445
30
0
11
-0.745
21
1.3515000000000001
31
0
0
CIRCLE
5
10FD2
330
10AD3
100
AcDbEntity
100
AcDbCircle
8
KBL_FEEDER_7_8
10
-0.7150000000000001
20
1.264
30
0
40
0.014
0
CIRCLE
5
10FD3
330
10AD3
100
AcDbEntity
100
AcDbCircle
8
KBL_FEEDER_7_8
10
-0.7150000000000001
20
1.264
30
0
40
0.012320000000000001
0
CIRCLE
5
10FD4
330
10AD3
100
AcDbEntity
100
AcDbCircle
8
KBL_FEEDER_7_8
10
-0.7150000000000001
20
1.264
30
0
40
0.01008
0
CIRCLE
5
10FD5
330
10AD3
100
AcDbEntity
100
AcDbCircle
8
KBL_FEEDER_7_8
10
-0.7150000000000001
20
1.264
30
0
40
0.0049
0
CIRCLE
5
10FD6
330
10AD3
100
AcDbEntity
100
AcDbCircle
8
KBL_FEEDER_7_8
10
-0.7150000000000001
20
1.264
30
0
40
0.0030800000000000003
0
LINE
5
10FD7
330
10AD3
100
AcDbEntity
100
AcDbLine
8
KBL_FEEDER_7_8
10
-0.7185
20
1.264
30
0
11
-0.7115000000000001
21
1.264
31
0
0
LINE
5
10FD8
330
10AD3
100
AcDbEntity
100
AcDbLine
8
KBL_FEEDER_7_8
10
-0.7150000000000001
20
1.2605
30
0
11
-0.7150000000000001
21
1.2675
31
0
0
CIRCLE
5
10FD9
330
10AD3
100
AcDbEntity
100
AcDbCircle
8
KBL_FEEDER_7_8
10
-0.7150000000000001
20
1.292
30
0
40
0.014
0
CIRCLE
5
10FDA
330
10AD3
100
AcDbEntity
100
AcDbCircle
8
KBL_FEEDER_7_8
10
-0.7150000000000001
20
1.292
30
0
40
0.012320000000000001
0
CIRCLE
5
10FDB
330
10AD3
100
AcDbEntity
100
AcDbCircle
8
KBL_FEEDER_7_8
10
-0.7150000000000001
20
1.292
30
0
40
0.01008
0
CIRCLE
5
10FDC
330
10AD3
100
AcDbEntity
100
AcDbCircle
8
KBL_FEEDER_7_8
10
-0.7150000000000001
20
1.292
30
0
40
0.0049
0
CIRCLE
5
10FDD
330
10AD3
100
AcDbEntity
100
AcDbCircle
8
KBL_FEEDER_7_8
10
-0.7150000000000001
20
1.292
30
0
40
0.0030800000000000003
0
LINE
5
10FDE
330
10AD3
100
AcDbEntity
100
AcDbLine
8
KBL_FEEDER_7_8
10
-0.7185
20
1.292
30
0
11
-0.7115000000000001
21
1.292
31
0
0
LINE
5
10FDF
330
10AD3
100
AcDbEntity
100
AcDbLine
8
KBL_FEEDER_7_8
10
-0.7150000000000001
20
1.2885
30
0
11
-0.7150000000000001
21
1.2955
31
0
0
CIRCLE
5
10FE0
330
10AD3
100
AcDbEntity
100
AcDbCircle
8
KBL_FEEDER_7_8
10
-0.7150000000000001
20
1.32
30
0
40
0.014
0
CIRCLE
5
10FE1
330
10AD3
100
AcDbEntity
100
AcDbCircle
8
KBL_FEEDER_7_8
10
-0.7150000000000001
20
1.32
30
0
40
0.012320000000000001
0
CIRCLE
5
10FE2
330
10AD3
100
AcDbEntity
100
AcDbCircle
8
KBL_FEEDER_7_8
10
-0.7150000000000001
20
1.32
30
0
40
0.01008
0
CIRCLE
5
10FE3
330
10AD3
100
AcDbEntity
100
AcDbCircle
8
KBL_FEEDER_7_8
10
-0.7150000000000001
20
1.32
30
0
40
0.0049
0
CIRCLE
5
10FE4
330
10AD3
100
AcDbEntity
100
AcDbCircle
8
KBL_FEEDER_7_8
10
-0.7150000000000001
20
1.32
30
0
40
0.0030800000000000003
0
LINE
5
10FE5
330
10AD3
100
AcDbEntity
100
AcDbLine
8
KBL_FEEDER_7_8
10
-0.7185
20
1.32
30
0
11
-0.7115000000000001
21
1.32
31
0
0
LINE
5
10FE6
330
10AD3
100
AcDbEntity
100
AcDbLine
8
KBL_FEEDER_7_8
10
-0.7150000000000001
20
1.3165
30
0
11
-0.7150000000000001
21
1.3235000000000001
31
0
0
CIRCLE
5
10FE7
330
10AD3
100
AcDbEntity
100
AcDbCircle
8
KBL_FEEDER_7_8
10
-0.7150000000000001
20
1.348
30
0
40
0.014
0
CIRCLE
5
10FE8
330
10AD3
100
AcDbEntity
100
AcDbCircle
8
KBL_FEEDER_7_8
10
-0.7150000000000001
20
1.348
30
0
40
0.012320000000000001
0
CIRCLE
5
10FE9
330
10AD3
100
AcDbEntity
100
AcDbCircle
8
KBL_FEEDER_7_8
10
-0.7150000000000001
20
1.348
30
0
40
0.01008
0
CIRCLE
5
10FEA
330
10AD3
100
AcDbEntity
100
AcDbCircle
8
KBL_FEEDER_7_8
10
-0.7150000000000001
20
1.348
30
0
40
0.0049
0
CIRCLE
5
10FEB
330
10AD3
100
AcDbEntity
100
AcDbCircle
8
KBL_FEEDER_7_8
10
-0.7150000000000001
20
1.348
30
0
40
0.0030800000000000003
0
LINE
5
10FEC
330
10AD3
100
AcDbEntity
100
AcDbLine
8
KBL_FEEDER_7_8
10
-0.7185
20
1.348
30
0
11
-0.7115000000000001
21
1.348
31
0
0
LINE
5
10FED
330
10AD3
100
AcDbEntity
100
AcDbLine
8
KBL_FEEDER_7_8
10
-0.7150000000000001
20
1.3445
30
0
11
-0.7150000000000001
21
1.3515000000000001
31
0
0
CIRCLE
5
10FEE
330
10AD3
100
AcDbEntity
100
AcDbCircle
8
KBL_FEEDER_7_8
10
-0.685
20
1.264
30
0
40
0.014
0
CIRCLE
5
10FEF
330
10AD3
100
AcDbEntity
100
AcDbCircle
8
KBL_FEEDER_7_8
10
-0.685
20
1.264
30
0
40
0.012320000000000001
0
CIRCLE
5
10FF0
330
10AD3
100
AcDbEntity
100
AcDbCircle
8
KBL_FEEDER_7_8
10
-0.685
20
1.264
30
0
40
0.01008
0
CIRCLE
5
10FF1
330
10AD3
100
AcDbEntity
100
AcDbCircle
8
KBL_FEEDER_7_8
10
-0.685
20
1.264
30
0
40
0.0049
0
CIRCLE
5
10FF2
330
10AD3
100
AcDbEntity
100
AcDbCircle
8
KBL_FEEDER_7_8
10
-0.685
20
1.264
30
0
40
0.0030800000000000003
0
LINE
5
10FF3
330
10AD3
100
AcDbEntity
100
AcDbLine
8
KBL_FEEDER_7_8
10
-0.6885
20
1.264
30
0
11
-0.6815000000000001
21
1.264
31
0
0
LINE
5
10FF4
330
10AD3
100
AcDbEntity
100
AcDbLine
8
KBL_FEEDER_7_8
10
-0.685
20
1.2605
30
0
11
-0.685
21
1.2675
31
0
0
CIRCLE
5
10FF5
330
10AD3
100
AcDbEntity
100
AcDbCircle
8
KBL_FEEDER_7_8
10
-0.685
20
1.292
30
0
40
0.014
0
CIRCLE
5
10FF6
330
10AD3
100
AcDbEntity
100
AcDbCircle
8
KBL_FEEDER_7_8
10
-0.685
20
1.292
30
0
40
0.012320000000000001
0
CIRCLE
5
10FF7
330
10AD3
100
AcDbEntity
100
AcDbCircle
8
KBL_FEEDER_7_8
10
-0.685
20
1.292
30
0
40
0.01008
0
CIRCLE
5
10FF8
330
10AD3
100
AcDbEntity
100
AcDbCircle
8
KBL_FEEDER_7_8
10
-0.685
20
1.292
30
0
40
0.0049
0
CIRCLE
5
10FF9
330
10AD3
100
AcDbEntity
100
AcDbCircle
8
KBL_FEEDER_7_8
10
-0.685
20
1.292
30
0
40
0.0030800000000000003
0
LINE
5
10FFA
330
10AD3
100
AcDbEntity
100
AcDbLine
8
KBL_FEEDER_7_8
10
-0.6885
20
1.292
30
0
11
-0.6815000000000001
21
1.292
31
0
0
LINE
5
10FFB
330
10AD3
100
AcDbEntity
100
AcDbLine
8
KBL_FEEDER_7_8
10
-0.685
20
1.2885
30
0
11
-0.685
21
1.2955
31
0
0
CIRCLE
5
10FFC
330
10AD3
100
AcDbEntity
100
AcDbCircle
8
KBL_FEEDER_7_8
10
-0.685
20
1.32
30
0
40
0.014
0
CIRCLE
5
10FFD
330
10AD3
100
AcDbEntity
100
AcDbCircle
8
KBL_FEEDER_7_8
10
-0.685
20
1.32
30
0
40
0.012320000000000001
0
CIRCLE
5
10FFE
330
10AD3
100
AcDbEntity
100
AcDbCircle
8
KBL_FEEDER_7_8
10
-0.685
20
1.32
30
0
40
0.01008
0
CIRCLE
5
10FFF
330
10AD3
100
AcDbEntity
100
AcDbCircle
8
KBL_FEEDER_7_8
10
-0.685
20
1.32
30
0
40
0.0049
0
CIRCLE
5
11000
330
10AD3
100
AcDbEntity
100
AcDbCircle
8
KBL_FEEDER_7_8
10
-0.685
20
1.32
30
0
40
0.0030800000000000003
0
LINE
5
11001
330
10AD3
100
AcDbEntity
100
AcDbLine
8
KBL_FEEDER_7_8
10
-0.6885
20
1.32
30
0
11
-0.6815000000000001
21
1.32
31
0
0
LINE
5
11002
330
10AD3
100
AcDbEntity
100
AcDbLine
8
KBL_FEEDER_7_8
10
-0.685
20
1.3165
30
0
11
-0.685
21
1.3235000000000001
31
0
0
CIRCLE
5
11003
330
10AD3
100
AcDbEntity
100
AcDbCircle
8
KBL_FEEDER_7_8
10
-0.685
20
1.348
30
0
40
0.014
0
CIRCLE
5
11004
330
10AD3
100
AcDbEntity
100
AcDbCircle
8
KBL_FEEDER_7_8
10
-0.685
20
1.348
30
0
40
0.012320000000000001
0
CIRCLE
5
11005
330
10AD3
100
AcDbEntity
100
AcDbCircle
8
KBL_FEEDER_7_8
10
-0.685
20
1.348
30
0
40
0.01008
0
CIRCLE
5
11006
330
10AD3
100
AcDbEntity
100
AcDbCircle
8
KBL_FEEDER_7_8
10
-0.685
20
1.348
30
0
40
0.0049
0
CIRCLE
5
11007
330
10AD3
100
AcDbEntity
100
AcDbCircle
8
KBL_FEEDER_7_8
10
-0.685
20
1.348
30
0
40
0.0030800000000000003
0
LINE
5
11008
330
10AD3
100
AcDbEntity
100
AcDbLine
8
KBL_FEEDER_7_8
10
-0.6885
20
1.348
30
0
11
-0.6815000000000001
21
1.348
31
0
0
LINE
5
11009
330
10AD3
100
AcDbEntity
100
AcDbLine
8
KBL_FEEDER_7_8
10
-0.685
20
1.3445
30
0
11
-0.685
21
1.3515000000000001
31
0
0
CIRCLE
5
1100A
330
10AD3
100
AcDbEntity
100
AcDbCircle
8
KBL_FEEDER_7_8
10
-0.655
20
1.264
30
0
40
0.014
0
CIRCLE
5
1100B
330
10AD3
100
AcDbEntity
100
AcDbCircle
8
KBL_FEEDER_7_8
10
-0.655
20
1.264
30
0
40
0.012320000000000001
0
CIRCLE
5
1100C
330
10AD3
100
AcDbEntity
100
AcDbCircle
8
KBL_FEEDER_7_8
10
-0.655
20
1.264
30
0
40
0.01008
0
CIRCLE
5
1100D
330
10AD3
100
AcDbEntity
100
AcDbCircle
8
KBL_FEEDER_7_8
10
-0.655
20
1.264
30
0
40
0.0049
0
CIRCLE
5
1100E
330
10AD3
100
AcDbEntity
100
AcDbCircle
8
KBL_FEEDER_7_8
10
-0.655
20
1.264
30
0
40
0.0030800000000000003
0
LINE
5
1100F
330
10AD3
100
AcDbEntity
100
AcDbLine
8
KBL_FEEDER_7_8
10
-0.6585
20
1.264
30
0
11
-0.6515000000000001
21
1.264
31
0
0
LINE
5
11010
330
10AD3
100
AcDbEntity
100
AcDbLine
8
KBL_FEEDER_7_8
10
-0.655
20
1.2605
30
0
11
-0.655
21
1.2675
31
0
0
CIRCLE
5
11011
330
10AD3
100
AcDbEntity
100
AcDbCircle
8
KBL_FEEDER_7_8
10
-0.655
20
1.292
30
0
40
0.014
0
CIRCLE
5
11012
330
10AD3
100
AcDbEntity
100
AcDbCircle
8
KBL_FEEDER_7_8
10
-0.655
20
1.292
30
0
40
0.012320000000000001
0
CIRCLE
5
11013
330
10AD3
100
AcDbEntity
100
AcDbCircle
8
KBL_FEEDER_7_8
10
-0.655
20
1.292
30
0
40
0.01008
0
CIRCLE
5
11014
330
10AD3
100
AcDbEntity
100
AcDbCircle
8
KBL_FEEDER_7_8
10
-0.655
20
1.292
30
0
40
0.0049
0
CIRCLE
5
11015
330
10AD3
100
AcDbEntity
100
AcDbCircle
8
KBL_FEEDER_7_8
10
-0.655
20
1.292
30
0
40
0.0030800000000000003
0
LINE
5
11016
330
10AD3
100
AcDbEntity
100
AcDbLine
8
KBL_FEEDER_7_8
10
-0.6585
20
1.292
30
0
11
-0.6515000000000001
21
1.292
31
0
0
LINE
5
11017
330
10AD3
100
AcDbEntity
100
AcDbLine
8
KBL_FEEDER_7_8
10
-0.655
20
1.2885
30
0
11
-0.655
21
1.2955
31
0
0
CIRCLE
5
11018
330
10AD3
100
AcDbEntity
100
AcDbCircle
8
KBL_FEEDER_7_8
10
-0.655
20
1.32
30
0
40
0.014
0
CIRCLE
5
11019
330
10AD3
100
AcDbEntity
100
AcDbCircle
8
KBL_FEEDER_7_8
10
-0.655
20
1.32
30
0
40
0.012320000000000001
0
CIRCLE
5
1101A
330
10AD3
100
AcDbEntity
100
AcDbCircle
8
KBL_FEEDER_7_8
10
-0.655
20
1.32
30
0
40
0.01008
0
CIRCLE
5
1101B
330
10AD3
100
AcDbEntity
100
AcDbCircle
8
KBL_FEEDER_7_8
10
-0.655
20
1.32
30
0
40
0.0049
0
CIRCLE
5
1101C
330
10AD3
100
AcDbEntity
100
AcDbCircle
8
KBL_FEEDER_7_8
10
-0.655
20
1.32
30
0
40
0.0030800000000000003
0
LINE
5
1101D
330
10AD3
100
AcDbEntity
100
AcDbLine
8
KBL_FEEDER_7_8
10
-0.6585
20
1.32
30
0
11
-0.6515000000000001
21
1.32
31
0
0
LINE
5
1101E
330
10AD3
100
AcDbEntity
100
AcDbLine
8
KBL_FEEDER_7_8
10
-0.655
20
1.3165
30
0
11
-0.655
21
1.3235000000000001
31
0
0
CIRCLE
5
1101F
330
10AD3
100
AcDbEntity
100
AcDbCircle
8
KBL_FEEDER_7_8
10
-0.655
20
1.348
30
0
40
0.014
0
CIRCLE
5
11020
330
10AD3
100
AcDbEntity
100
AcDbCircle
8
KBL_FEEDER_7_8
10
-0.655
20
1.348
30
0
40
0.012320000000000001
0
CIRCLE
5
11021
330
10AD3
100
AcDbEntity
100
AcDbCircle
8
KBL_FEEDER_7_8
10
-0.655
20
1.348
30
0
40
0.01008
0
CIRCLE
5
11022
330
10AD3
100
AcDbEntity
100
AcDbCircle
8
KBL_FEEDER_7_8
10
-0.655
20
1.348
30
0
40
0.0049
0
CIRCLE
5
11023
330
10AD3
100
AcDbEntity
100
AcDbCircle
8
KBL_FEEDER_7_8
10
-0.655
20
1.348
30
0
40
0.0030800000000000003
0
LINE
5
11024
330
10AD3
100
AcDbEntity
100
AcDbLine
8
KBL_FEEDER_7_8
10
-0.6585
20
1.348
30
0
11
-0.6515000000000001
21
1.348
31
0
0
LINE
5
11025
330
10AD3
100
AcDbEntity
100
AcDbLine
8
KBL_FEEDER_7_8
10
-0.655
20
1.3445
30
0
11
-0.655
21
1.3515000000000001
31
0
0
CIRCLE
5
11026
330
10AD3
100
AcDbEntity
100
AcDbCircle
8
KBL_FEEDER_7_8
10
-0.625
20
1.264
30
0
40
0.014
0
CIRCLE
5
11027
330
10AD3
100
AcDbEntity
100
AcDbCircle
8
KBL_FEEDER_7_8
10
-0.625
20
1.264
30
0
40
0.012320000000000001
0
CIRCLE
5
11028
330
10AD3
100
AcDbEntity
100
AcDbCircle
8
KBL_FEEDER_7_8
10
-0.625
20
1.264
30
0
40
0.01008
0
CIRCLE
5
11029
330
10AD3
100
AcDbEntity
100
AcDbCircle
8
KBL_FEEDER_7_8
10
-0.625
20
1.264
30
0
40
0.0049
0
CIRCLE
5
1102A
330
10AD3
100
AcDbEntity
100
AcDbCircle
8
KBL_FEEDER_7_8
10
-0.625
20
1.264
30
0
40
0.0030800000000000003
0
LINE
5
1102B
330
10AD3
100
AcDbEntity
100
AcDbLine
8
KBL_FEEDER_7_8
10
-0.6285
20
1.264
30
0
11
-0.6215
21
1.264
31
0
0
LINE
5
1102C
330
10AD3
100
AcDbEntity
100
AcDbLine
8
KBL_FEEDER_7_8
10
-0.625
20
1.2605
30
0
11
-0.625
21
1.2675
31
0
0
CIRCLE
5
1102D
330
10AD3
100
AcDbEntity
100
AcDbCircle
8
KBL_FEEDER_7_8
10
-0.625
20
1.292
30
0
40
0.014
0
CIRCLE
5
1102E
330
10AD3
100
AcDbEntity
100
AcDbCircle
8
KBL_FEEDER_7_8
10
-0.625
20
1.292
30
0
40
0.012320000000000001
0
CIRCLE
5
1102F
330
10AD3
100
AcDbEntity
100
AcDbCircle
8
KBL_FEEDER_7_8
10
-0.625
20
1.292
30
0
40
0.01008
0
CIRCLE
5
11030
330
10AD3
100
AcDbEntity
100
AcDbCircle
8
KBL_FEEDER_7_8
10
-0.625
20
1.292
30
0
40
0.0049
0
CIRCLE
5
11031
330
10AD3
100
AcDbEntity
100
AcDbCircle
8
KBL_FEEDER_7_8
10
-0.625
20
1.292
30
0
40
0.0030800000000000003
0
LINE
5
11032
330
10AD3
100
AcDbEntity
100
AcDbLine
8
KBL_FEEDER_7_8
10
-0.6285
20
1.292
30
0
11
-0.6215
21
1.292
31
0
0
LINE
5
11033
330
10AD3
100
AcDbEntity
100
AcDbLine
8
KBL_FEEDER_7_8
10
-0.625
20
1.2885
30
0
11
-0.625
21
1.2955
31
0
0
CIRCLE
5
11034
330
10AD3
100
AcDbEntity
100
AcDbCircle
8
KBL_FEEDER_7_8
10
-0.625
20
1.32
30
0
40
0.014
0
CIRCLE
5
11035
330
10AD3
100
AcDbEntity
100
AcDbCircle
8
KBL_FEEDER_7_8
10
-0.625
20
1.32
30
0
40
0.012320000000000001
0
CIRCLE
5
11036
330
10AD3
100
AcDbEntity
100
AcDbCircle
8
KBL_FEEDER_7_8
10
-0.625
20
1.32
30
0
40
0.01008
0
CIRCLE
5
11037
330
10AD3
100
AcDbEntity
100
AcDbCircle
8
KBL_FEEDER_7_8
10
-0.625
20
1.32
30
0
40
0.0049
0
CIRCLE
5
11038
330
10AD3
100
AcDbEntity
100
AcDbCircle
8
KBL_FEEDER_7_8
10
-0.625
20
1.32
30
0
40
0.0030800000000000003
0
LINE
5
11039
330
10AD3
100
AcDbEntity
100
AcDbLine
8
KBL_FEEDER_7_8
10
-0.6285
20
1.32
30
0
11
-0.6215
21
1.32
31
0
0
LINE
5
1103A
330
10AD3
100
AcDbEntity
100
AcDbLine
8
KBL_FEEDER_7_8
10
-0.625
20
1.3165
30
0
11
-0.625
21
1.3235000000000001
31
0
0
CIRCLE
5
1103B
330
10AD3
100
AcDbEntity
100
AcDbCircle
8
KBL_FEEDER_7_8
10
-0.625
20
1.348
30
0
40
0.014
0
CIRCLE
5
1103C
330
10AD3
100
AcDbEntity
100
AcDbCircle
8
KBL_FEEDER_7_8
10
-0.625
20
1.348
30
0
40
0.012320000000000001
0
CIRCLE
5
1103D
330
10AD3
100
AcDbEntity
100
AcDbCircle
8
KBL_FEEDER_7_8
10
-0.625
20
1.348
30
0
40
0.01008
0
CIRCLE
5
1103E
330
10AD3
100
AcDbEntity
100
AcDbCircle
8
KBL_FEEDER_7_8
10
-0.625
20
1.348
30
0
40
0.0049
0
CIRCLE
5
1103F
330
10AD3
100
AcDbEntity
100
AcDbCircle
8
KBL_FEEDER_7_8
10
-0.625
20
1.348
30
0
40
0.0030800000000000003
0
LINE
5
11040
330
10AD3
100
AcDbEntity
100
AcDbLine
8
KBL_FEEDER_7_8
10
-0.6285
20
1.348
30
0
11
-0.6215
21
1.348
31
0
0
LINE
5
11041
330
10AD3
100
AcDbEntity
100
AcDbLine
8
KBL_FEEDER_7_8
10
-0.625
20
1.3445
30
0
11
-0.625
21
1.3515000000000001
31
0
0
CIRCLE
5
11042
330
10AD3
100
AcDbEntity
100
AcDbCircle
8
KBL_FEEDER_7_8
10
-0.595
20
1.264
30
0
40
0.014
0
CIRCLE
5
11043
330
10AD3
100
AcDbEntity
100
AcDbCircle
8
KBL_FEEDER_7_8
10
-0.595
20
1.264
30
0
40
0.012320000000000001
0
CIRCLE
5
11044
330
10AD3
100
AcDbEntity
100
AcDbCircle
8
KBL_FEEDER_7_8
10
-0.595
20
1.264
30
0
40
0.01008
0
CIRCLE
5
11045
330
10AD3
100
AcDbEntity
100
AcDbCircle
8
KBL_FEEDER_7_8
10
-0.595
20
1.264
30
0
40
0.0049
0
CIRCLE
5
11046
330
10AD3
100
AcDbEntity
100
AcDbCircle
8
KBL_FEEDER_7_8
10
-0.595
20
1.264
30
0
40
0.0030800000000000003
0
LINE
5
11047
330
10AD3
100
AcDbEntity
100
AcDbLine
8
KBL_FEEDER_7_8
10
-0.5984999999999999
20
1.264
30
0
11
-0.5915
21
1.264
31
0
0
LINE
5
11048
330
10AD3
100
AcDbEntity
100
AcDbLine
8
KBL_FEEDER_7_8
10
-0.595
20
1.2605
30
0
11
-0.595
21
1.2675
31
0
0
CIRCLE
5
11049
330
10AD3
100
AcDbEntity
100
AcDbCircle
8
KBL_FEEDER_7_8
10
-0.595
20
1.292
30
0
40
0.014
0
CIRCLE
5
1104A
330
10AD3
100
AcDbEntity
100
AcDbCircle
8
KBL_FEEDER_7_8
10
-0.595
20
1.292
30
0
40
0.012320000000000001
0
CIRCLE
5
1104B
330
10AD3
100
AcDbEntity
100
AcDbCircle
8
KBL_FEEDER_7_8
10
-0.595
20
1.292
30
0
40
0.01008
0
CIRCLE
5
1104C
330
10AD3
100
AcDbEntity
100
AcDbCircle
8
KBL_FEEDER_7_8
10
-0.595
20
1.292
30
0
40
0.0049
0
CIRCLE
5
1104D
330
10AD3
100
AcDbEntity
100
AcDbCircle
8
KBL_FEEDER_7_8
10
-0.595
20
1.292
30
0
40
0.0030800000000000003
0
LINE
5
1104E
330
10AD3
100
AcDbEntity
100
AcDbLine
8
KBL_FEEDER_7_8
10
-0.5984999999999999
20
1.292
30
0
11
-0.5915
21
1.292
31
0
0
LINE
5
1104F
330
10AD3
100
AcDbEntity
100
AcDbLine
8
KBL_FEEDER_7_8
10
-0.595
20
1.2885
30
0
11
-0.595
21
1.2955
31
0
0
CIRCLE
5
11050
330
10AD3
100
AcDbEntity
100
AcDbCircle
8
KBL_FEEDER_7_8
10
-0.595
20
1.32
30
0
40
0.014
0
CIRCLE
5
11051
330
10AD3
100
AcDbEntity
100
AcDbCircle
8
KBL_FEEDER_7_8
10
-0.595
20
1.32
30
0
40
0.012320000000000001
0
CIRCLE
5
11052
330
10AD3
100
AcDbEntity
100
AcDbCircle
8
KBL_FEEDER_7_8
10
-0.595
20
1.32
30
0
40
0.01008
0
CIRCLE
5
11053
330
10AD3
100
AcDbEntity
100
AcDbCircle
8
KBL_FEEDER_7_8
10
-0.595
20
1.32
30
0
40
0.0049
0
CIRCLE
5
11054
330
10AD3
100
AcDbEntity
100
AcDbCircle
8
KBL_FEEDER_7_8
10
-0.595
20
1.32
30
0
40
0.0030800000000000003
0
LINE
5
11055
330
10AD3
100
AcDbEntity
100
AcDbLine
8
KBL_FEEDER_7_8
10
-0.5984999999999999
20
1.32
30
0
11
-0.5915
21
1.32
31
0
0
LINE
5
11056
330
10AD3
100
AcDbEntity
100
AcDbLine
8
KBL_FEEDER_7_8
10
-0.595
20
1.3165
30
0
11
-0.595
21
1.3235000000000001
31
0
0
CIRCLE
5
11057
330
10AD3
100
AcDbEntity
100
AcDbCircle
8
KBL_FEEDER_7_8
10
-0.595
20
1.348
30
0
40
0.014
0
CIRCLE
5
11058
330
10AD3
100
AcDbEntity
100
AcDbCircle
8
KBL_FEEDER_7_8
10
-0.595
20
1.348
30
0
40
0.012320000000000001
0
CIRCLE
5
11059
330
10AD3
100
AcDbEntity
100
AcDbCircle
8
KBL_FEEDER_7_8
10
-0.595
20
1.348
30
0
40
0.01008
0
CIRCLE
5
1105A
330
10AD3
100
AcDbEntity
100
AcDbCircle
8
KBL_FEEDER_7_8
10
-0.595
20
1.348
30
0
40
0.0049
0
CIRCLE
5
1105B
330
10AD3
100
AcDbEntity
100
AcDbCircle
8
KBL_FEEDER_7_8
10
-0.595
20
1.348
30
0
40
0.0030800000000000003
0
LINE
5
1105C
330
10AD3
100
AcDbEntity
100
AcDbLine
8
KBL_FEEDER_7_8
10
-0.5984999999999999
20
1.348
30
0
11
-0.5915
21
1.348
31
0
0
LINE
5
1105D
330
10AD3
100
AcDbEntity
100
AcDbLine
8
KBL_FEEDER_7_8
10
-0.595
20
1.3445
30
0
11
-0.595
21
1.3515000000000001
31
0
0
CIRCLE
5
1105E
330
10AD3
100
AcDbEntity
100
AcDbCircle
8
KBL_FEEDER_7_8
10
-0.5650000000000001
20
1.264
30
0
40
0.014
0
CIRCLE
5
1105F
330
10AD3
100
AcDbEntity
100
AcDbCircle
8
KBL_FEEDER_7_8
10
-0.5650000000000001
20
1.264
30
0
40
0.012320000000000001
0
CIRCLE
5
11060
330
10AD3
100
AcDbEntity
100
AcDbCircle
8
KBL_FEEDER_7_8
10
-0.5650000000000001
20
1.264
30
0
40
0.01008
0
CIRCLE
5
11061
330
10AD3
100
AcDbEntity
100
AcDbCircle
8
KBL_FEEDER_7_8
10
-0.5650000000000001
20
1.264
30
0
40
0.0049
0
CIRCLE
5
11062
330
10AD3
100
AcDbEntity
100
AcDbCircle
8
KBL_FEEDER_7_8
10
-0.5650000000000001
20
1.264
30
0
40
0.0030800000000000003
0
LINE
5
11063
330
10AD3
100
AcDbEntity
100
AcDbLine
8
KBL_FEEDER_7_8
10
-0.5685
20
1.264
30
0
11
-0.5615000000000001
21
1.264
31
0
0
LINE
5
11064
330
10AD3
100
AcDbEntity
100
AcDbLine
8
KBL_FEEDER_7_8
10
-0.5650000000000001
20
1.2605
30
0
11
-0.5650000000000001
21
1.2675
31
0
0
CIRCLE
5
11065
330
10AD3
100
AcDbEntity
100
AcDbCircle
8
KBL_FEEDER_7_8
10
-0.5650000000000001
20
1.292
30
0
40
0.014
0
CIRCLE
5
11066
330
10AD3
100
AcDbEntity
100
AcDbCircle
8
KBL_FEEDER_7_8
10
-0.5650000000000001
20
1.292
30
0
40
0.012320000000000001
0
CIRCLE
5
11067
330
10AD3
100
AcDbEntity
100
AcDbCircle
8
KBL_FEEDER_7_8
10
-0.5650000000000001
20
1.292
30
0
40
0.01008
0
CIRCLE
5
11068
330
10AD3
100
AcDbEntity
100
AcDbCircle
8
KBL_FEEDER_7_8
10
-0.5650000000000001
20
1.292
30
0
40
0.0049
0
CIRCLE
5
11069
330
10AD3
100
AcDbEntity
100
AcDbCircle
8
KBL_FEEDER_7_8
10
-0.5650000000000001
20
1.292
30
0
40
0.0030800000000000003
0
LINE
5
1106A
330
10AD3
100
AcDbEntity
100
AcDbLine
8
KBL_FEEDER_7_8
10
-0.5685
20
1.292
30
0
11
-0.5615000000000001
21
1.292
31
0
0
LINE
5
1106B
330
10AD3
100
AcDbEntity
100
AcDbLine
8
KBL_FEEDER_7_8
10
-0.5650000000000001
20
1.2885
30
0
11
-0.5650000000000001
21
1.2955
31
0
0
CIRCLE
5
1106C
330
10AD3
100
AcDbEntity
100
AcDbCircle
8
KBL_FEEDER_7_8
10
-0.5650000000000001
20
1.32
30
0
40
0.014
0
CIRCLE
5
1106D
330
10AD3
100
AcDbEntity
100
AcDbCircle
8
KBL_FEEDER_7_8
10
-0.5650000000000001
20
1.32
30
0
40
0.012320000000000001
0
CIRCLE
5
1106E
330
10AD3
100
AcDbEntity
100
AcDbCircle
8
KBL_FEEDER_7_8
10
-0.5650000000000001
20
1.32
30
0
40
0.01008
0
CIRCLE
5
1106F
330
10AD3
100
AcDbEntity
100
AcDbCircle
8
KBL_FEEDER_7_8
10
-0.5650000000000001
20
1.32
30
0
40
0.0049
0
CIRCLE
5
11070
330
10AD3
100
AcDbEntity
100
AcDbCircle
8
KBL_FEEDER_7_8
10
-0.5650000000000001
20
1.32
30
0
40
0.0030800000000000003
0
LINE
5
11071
330
10AD3
100
AcDbEntity
100
AcDbLine
8
KBL_FEEDER_7_8
10
-0.5685
20
1.32
30
0
11
-0.5615000000000001
21
1.32
31
0
0
LINE
5
11072
330
10AD3
100
AcDbEntity
100
AcDbLine
8
KBL_FEEDER_7_8
10
-0.5650000000000001
20
1.3165
30
0
11
-0.5650000000000001
21
1.3235000000000001
31
0
0
CIRCLE
5
11073
330
10AD3
100
AcDbEntity
100
AcDbCircle
8
KBL_FEEDER_7_8
10
-0.5650000000000001
20
1.348
30
0
40
0.014
0
CIRCLE
5
11074
330
10AD3
100
AcDbEntity
100
AcDbCircle
8
KBL_FEEDER_7_8
10
-0.5650000000000001
20
1.348
30
0
40
0.012320000000000001
0
CIRCLE
5
11075
330
10AD3
100
AcDbEntity
100
AcDbCircle
8
KBL_FEEDER_7_8
10
-0.5650000000000001
20
1.348
30
0
40
0.01008
0
CIRCLE
5
11076
330
10AD3
100
AcDbEntity
100
AcDbCircle
8
KBL_FEEDER_7_8
10
-0.5650000000000001
20
1.348
30
0
40
0.0049
0
CIRCLE
5
11077
330
10AD3
100
AcDbEntity
100
AcDbCircle
8
KBL_FEEDER_7_8
10
-0.5650000000000001
20
1.348
30
0
40
0.0030800000000000003
0
LINE
5
11078
330
10AD3
100
AcDbEntity
100
AcDbLine
8
KBL_FEEDER_7_8
10
-0.5685
20
1.348
30
0
11
-0.5615000000000001
21
1.348
31
0
0
LINE
5
11079
330
10AD3
100
AcDbEntity
100
AcDbLine
8
KBL_FEEDER_7_8
10
-0.5650000000000001
20
1.3445
30
0
11
-0.5650000000000001
21
1.3515000000000001
31
0
0
CIRCLE
5
1107A
330
10AD3
100
AcDbEntity
100
AcDbCircle
8
KBL_FEEDER_7_8
10
-0.535
20
1.264
30
0
40
0.014
0
CIRCLE
5
1107B
330
10AD3
100
AcDbEntity
100
AcDbCircle
8
KBL_FEEDER_7_8
10
-0.535
20
1.264
30
0
40
0.012320000000000001
0
CIRCLE
5
1107C
330
10AD3
100
AcDbEntity
100
AcDbCircle
8
KBL_FEEDER_7_8
10
-0.535
20
1.264
30
0
40
0.01008
0
CIRCLE
5
1107D
330
10AD3
100
AcDbEntity
100
AcDbCircle
8
KBL_FEEDER_7_8
10
-0.535
20
1.264
30
0
40
0.0049
0
CIRCLE
5
1107E
330
10AD3
100
AcDbEntity
100
AcDbCircle
8
KBL_FEEDER_7_8
10
-0.535
20
1.264
30
0
40
0.0030800000000000003
0
LINE
5
1107F
330
10AD3
100
AcDbEntity
100
AcDbLine
8
KBL_FEEDER_7_8
10
-0.5385
20
1.264
30
0
11
-0.5315000000000001
21
1.264
31
0
0
LINE
5
11080
330
10AD3
100
AcDbEntity
100
AcDbLine
8
KBL_FEEDER_7_8
10
-0.535
20
1.2605
30
0
11
-0.535
21
1.2675
31
0
0
CIRCLE
5
11081
330
10AD3
100
AcDbEntity
100
AcDbCircle
8
KBL_FEEDER_7_8
10
-0.535
20
1.292
30
0
40
0.014
0
CIRCLE
5
11082
330
10AD3
100
AcDbEntity
100
AcDbCircle
8
KBL_FEEDER_7_8
10
-0.535
20
1.292
30
0
40
0.012320000000000001
0
CIRCLE
5
11083
330
10AD3
100
AcDbEntity
100
AcDbCircle
8
KBL_FEEDER_7_8
10
-0.535
20
1.292
30
0
40
0.01008
0
CIRCLE
5
11084
330
10AD3
100
AcDbEntity
100
AcDbCircle
8
KBL_FEEDER_7_8
10
-0.535
20
1.292
30
0
40
0.0049
0
CIRCLE
5
11085
330
10AD3
100
AcDbEntity
100
AcDbCircle
8
KBL_FEEDER_7_8
10
-0.535
20
1.292
30
0
40
0.0030800000000000003
0
LINE
5
11086
330
10AD3
100
AcDbEntity
100
AcDbLine
8
KBL_FEEDER_7_8
10
-0.5385
20
1.292
30
0
11
-0.5315000000000001
21
1.292
31
0
0
LINE
5
11087
330
10AD3
100
AcDbEntity
100
AcDbLine
8
KBL_FEEDER_7_8
10
-0.535
20
1.2885
30
0
11
-0.535
21
1.2955
31
0
0
CIRCLE
5
11088
330
10AD3
100
AcDbEntity
100
AcDbCircle
8
KBL_FEEDER_7_8
10
-0.535
20
1.32
30
0
40
0.014
0
CIRCLE
5
11089
330
10AD3
100
AcDbEntity
100
AcDbCircle
8
KBL_FEEDER_7_8
10
-0.535
20
1.32
30
0
40
0.012320000000000001
0
CIRCLE
5
1108A
330
10AD3
100
AcDbEntity
100
AcDbCircle
8
KBL_FEEDER_7_8
10
-0.535
20
1.32
30
0
40
0.01008
0
CIRCLE
5
1108B
330
10AD3
100
AcDbEntity
100
AcDbCircle
8
KBL_FEEDER_7_8
10
-0.535
20
1.32
30
0
40
0.0049
0
CIRCLE
5
1108C
330
10AD3
100
AcDbEntity
100
AcDbCircle
8
KBL_FEEDER_7_8
10
-0.535
20
1.32
30
0
40
0.0030800000000000003
0
LINE
5
1108D
330
10AD3
100
AcDbEntity
100
AcDbLine
8
KBL_FEEDER_7_8
10
-0.5385
20
1.32
30
0
11
-0.5315000000000001
21
1.32
31
0
0
LINE
5
1108E
330
10AD3
100
AcDbEntity
100
AcDbLine
8
KBL_FEEDER_7_8
10
-0.535
20
1.3165
30
0
11
-0.535
21
1.3235000000000001
31
0
0
CIRCLE
5
1108F
330
10AD3
100
AcDbEntity
100
AcDbCircle
8
KBL_FEEDER_7_8
10
-0.535
20
1.348
30
0
40
0.014
0
CIRCLE
5
11090
330
10AD3
100
AcDbEntity
100
AcDbCircle
8
KBL_FEEDER_7_8
10
-0.535
20
1.348
30
0
40
0.012320000000000001
0
CIRCLE
5
11091
330
10AD3
100
AcDbEntity
100
AcDbCircle
8
KBL_FEEDER_7_8
10
-0.535
20
1.348
30
0
40
0.01008
0
CIRCLE
5
11092
330
10AD3
100
AcDbEntity
100
AcDbCircle
8
KBL_FEEDER_7_8
10
-0.535
20
1.348
30
0
40
0.0049
0
CIRCLE
5
11093
330
10AD3
100
AcDbEntity
100
AcDbCircle
8
KBL_FEEDER_7_8
10
-0.535
20
1.348
30
0
40
0.0030800000000000003
0
LINE
5
11094
330
10AD3
100
AcDbEntity
100
AcDbLine
8
KBL_FEEDER_7_8
10
-0.5385
20
1.348
30
0
11
-0.5315000000000001
21
1.348
31
0
0
LINE
5
11095
330
10AD3
100
AcDbEntity
100
AcDbLine
8
KBL_FEEDER_7_8
10
-0.535
20
1.3445
30
0
11
-0.535
21
1.3515000000000001
31
0
0
CIRCLE
5
11096
330
10AD3
100
AcDbEntity
100
AcDbCircle
8
KBL_FEEDER_7_8
10
-0.505
20
1.264
30
0
40
0.014
0
CIRCLE
5
11097
330
10AD3
100
AcDbEntity
100
AcDbCircle
8
KBL_FEEDER_7_8
10
-0.505
20
1.264
30
0
40
0.012320000000000001
0
CIRCLE
5
11098
330
10AD3
100
AcDbEntity
100
AcDbCircle
8
KBL_FEEDER_7_8
10
-0.505
20
1.264
30
0
40
0.01008
0
CIRCLE
5
11099
330
10AD3
100
AcDbEntity
100
AcDbCircle
8
KBL_FEEDER_7_8
10
-0.505
20
1.264
30
0
40
0.0049
0
CIRCLE
5
1109A
330
10AD3
100
AcDbEntity
100
AcDbCircle
8
KBL_FEEDER_7_8
10
-0.505
20
1.264
30
0
40
0.0030800000000000003
0
LINE
5
1109B
330
10AD3
100
AcDbEntity
100
AcDbLine
8
KBL_FEEDER_7_8
10
-0.5085
20
1.264
30
0
11
-0.5015000000000001
21
1.264
31
0
0
LINE
5
1109C
330
10AD3
100
AcDbEntity
100
AcDbLine
8
KBL_FEEDER_7_8
10
-0.505
20
1.2605
30
0
11
-0.505
21
1.2675
31
0
0
CIRCLE
5
1109D
330
10AD3
100
AcDbEntity
100
AcDbCircle
8
KBL_FEEDER_7_8
10
-0.505
20
1.292
30
0
40
0.014
0
CIRCLE
5
1109E
330
10AD3
100
AcDbEntity
100
AcDbCircle
8
KBL_FEEDER_7_8
10
-0.505
20
1.292
30
0
40
0.012320000000000001
0
CIRCLE
5
1109F
330
10AD3
100
AcDbEntity
100
AcDbCircle
8
KBL_FEEDER_7_8
10
-0.505
20
1.292
30
0
40
0.01008
0
CIRCLE
5
110A0
330
10AD3
100
AcDbEntity
100
AcDbCircle
8
KBL_FEEDER_7_8
10
-0.505
20
1.292
30
0
40
0.0049
0
CIRCLE
5
110A1
330
10AD3
100
AcDbEntity
100
AcDbCircle
8
KBL_FEEDER_7_8
10
-0.505
20
1.292
30
0
40
0.0030800000000000003
0
LINE
5
110A2
330
10AD3
100
AcDbEntity
100
AcDbLine
8
KBL_FEEDER_7_8
10
-0.5085
20
1.292
30
0
11
-0.5015000000000001
21
1.292
31
0
0
LINE
5
110A3
330
10AD3
100
AcDbEntity
100
AcDbLine
8
KBL_FEEDER_7_8
10
-0.505
20
1.2885
30
0
11
-0.505
21
1.2955
31
0
0
CIRCLE
5
110A4
330
10AD3
100
AcDbEntity
100
AcDbCircle
8
KBL_FEEDER_7_8
10
-0.505
20
1.32
30
0
40
0.014
0
CIRCLE
5
110A5
330
10AD3
100
AcDbEntity
100
AcDbCircle
8
KBL_FEEDER_7_8
10
-0.505
20
1.32
30
0
40
0.012320000000000001
0
CIRCLE
5
110A6
330
10AD3
100
AcDbEntity
100
AcDbCircle
8
KBL_FEEDER_7_8
10
-0.505
20
1.32
30
0
40
0.01008
0
CIRCLE
5
110A7
330
10AD3
100
AcDbEntity
100
AcDbCircle
8
KBL_FEEDER_7_8
10
-0.505
20
1.32
30
0
40
0.0049
0
CIRCLE
5
110A8
330
10AD3
100
AcDbEntity
100
AcDbCircle
8
KBL_FEEDER_7_8
10
-0.505
20
1.32
30
0
40
0.0030800000000000003
0
LINE
5
110A9
330
10AD3
100
AcDbEntity
100
AcDbLine
8
KBL_FEEDER_7_8
10
-0.5085
20
1.32
30
0
11
-0.5015000000000001
21
1.32
31
0
0
LINE
5
110AA
330
10AD3
100
AcDbEntity
100
AcDbLine
8
KBL_FEEDER_7_8
10
-0.505
20
1.3165
30
0
11
-0.505
21
1.3235000000000001
31
0
0
CIRCLE
5
110AB
330
10AD3
100
AcDbEntity
100
AcDbCircle
8
KBL_FEEDER_7_8
10
-0.505
20
1.348
30
0
40
0.014
0
CIRCLE
5
110AC
330
10AD3
100
AcDbEntity
100
AcDbCircle
8
KBL_FEEDER_7_8
10
-0.505
20
1.348
30
0
40
0.012320000000000001
0
CIRCLE
5
110AD
330
10AD3
100
AcDbEntity
100
AcDbCircle
8
KBL_FEEDER_7_8
10
-0.505
20
1.348
30
0
40
0.01008
0
CIRCLE
5
110AE
330
10AD3
100
AcDbEntity
100
AcDbCircle
8
KBL_FEEDER_7_8
10
-0.505
20
1.348
30
0
40
0.0049
0
CIRCLE
5
110AF
330
10AD3
100
AcDbEntity
100
AcDbCircle
8
KBL_FEEDER_7_8
10
-0.505
20
1.348
30
0
40
0.0030800000000000003
0
LINE
5
110B0
330
10AD3
100
AcDbEntity
100
AcDbLine
8
KBL_FEEDER_7_8
10
-0.5085
20
1.348
30
0
11
-0.5015000000000001
21
1.348
31
0
0
LINE
5
110B1
330
10AD3
100
AcDbEntity
100
AcDbLine
8
KBL_FEEDER_7_8
10
-0.505
20
1.3445
30
0
11
-0.505
21
1.3515000000000001
31
0
0
CIRCLE
5
1137D
330
10AD3
100
AcDbEntity
100
AcDbCircle
8
KBL_FEEDER_7_8
10
-0.775
20
0.264
30
0
40
0.014
0
CIRCLE
5
1137E
330
10AD3
100
AcDbEntity
100
AcDbCircle
8
KBL_FEEDER_7_8
10
-0.775
20
0.264
30
0
40
0.012320000000000001
0
CIRCLE
5
1137F
330
10AD3
100
AcDbEntity
100
AcDbCircle
8
KBL_FEEDER_7_8
10
-0.775
20
0.264
30
0
40
0.01008
0
CIRCLE
5
11380
330
10AD3
100
AcDbEntity
100
AcDbCircle
8
KBL_FEEDER_7_8
10
-0.775
20
0.264
30
0
40
0.0049
0
CIRCLE
5
11381
330
10AD3
100
AcDbEntity
100
AcDbCircle
8
KBL_FEEDER_7_8
10
-0.775
20
0.264
30
0
40
0.0030800000000000003
0
LINE
5
11382
330
10AD3
100
AcDbEntity
100
AcDbLine
8
KBL_FEEDER_7_8
10
-0.7785
20
0.264
30
0
11
-0.7715000000000001
21
0.264
31
0
0
LINE
5
11383
330
10AD3
100
AcDbEntity
100
AcDbLine
8
KBL_FEEDER_7_8
10
-0.775
20
0.2605
30
0
11
-0.775
21
0.2675
31
0
0
CIRCLE
5
11384
330
10AD3
100
AcDbEntity
100
AcDbCircle
8
KBL_FEEDER_7_8
10
-0.775
20
0.29200000000000004
30
0
40
0.014
0
CIRCLE
5
11385
330
10AD3
100
AcDbEntity
100
AcDbCircle
8
KBL_FEEDER_7_8
10
-0.775
20
0.29200000000000004
30
0
40
0.012320000000000001
0
CIRCLE
5
11386
330
10AD3
100
AcDbEntity
100
AcDbCircle
8
KBL_FEEDER_7_8
10
-0.775
20
0.29200000000000004
30
0
40
0.01008
0
CIRCLE
5
11387
330
10AD3
100
AcDbEntity
100
AcDbCircle
8
KBL_FEEDER_7_8
10
-0.775
20
0.29200000000000004
30
0
40
0.0049
0
CIRCLE
5
11388
330
10AD3
100
AcDbEntity
100
AcDbCircle
8
KBL_FEEDER_7_8
10
-0.775
20
0.29200000000000004
30
0
40
0.0030800000000000003
0
LINE
5
11389
330
10AD3
100
AcDbEntity
100
AcDbLine
8
KBL_FEEDER_7_8
10
-0.7785
20
0.29200000000000004
30
0
11
-0.7715000000000001
21
0.29200000000000004
31
0
0
LINE
5
1138A
330
10AD3
100
AcDbEntity
100
AcDbLine
8
KBL_FEEDER_7_8
10
-0.775
20
0.28850000000000003
30
0
11
-0.775
21
0.29550000000000004
31
0
0
CIRCLE
5
1138B
330
10AD3
100
AcDbEntity
100
AcDbCircle
8
KBL_FEEDER_7_8
10
-0.775
20
0.32
30
0
40
0.014
0
CIRCLE
5
1138C
330
10AD3
100
AcDbEntity
100
AcDbCircle
8
KBL_FEEDER_7_8
10
-0.775
20
0.32
30
0
40
0.012320000000000001
0
CIRCLE
5
1138D
330
10AD3
100
AcDbEntity
100
AcDbCircle
8
KBL_FEEDER_7_8
10
-0.775
20
0.32
30
0
40
0.01008
0
CIRCLE
5
1138E
330
10AD3
100
AcDbEntity
100
AcDbCircle
8
KBL_FEEDER_7_8
10
-0.775
20
0.32
30
0
40
0.0049
0
CIRCLE
5
1138F
330
10AD3
100
AcDbEntity
100
AcDbCircle
8
KBL_FEEDER_7_8
10
-0.775
20
0.32
30
0
40
0.0030800000000000003
0
LINE
5
11390
330
10AD3
100
AcDbEntity
100
AcDbLine
8
KBL_FEEDER_7_8
10
-0.7785
20
0.32
30
0
11
-0.7715000000000001
21
0.32
31
0
0
LINE
5
11391
330
10AD3
100
AcDbEntity
100
AcDbLine
8
KBL_FEEDER_7_8
10
-0.775
20
0.3165
30
0
11
-0.775
21
0.3235
31
0
0
CIRCLE
5
11392
330
10AD3
100
AcDbEntity
100
AcDbCircle
8
KBL_FEEDER_7_8
10
-0.775
20
0.34800000000000003
30
0
40
0.014
0
CIRCLE
5
11393
330
10AD3
100
AcDbEntity
100
AcDbCircle
8
KBL_FEEDER_7_8
10
-0.775
20
0.34800000000000003
30
0
40
0.012320000000000001
0
CIRCLE
5
11394
330
10AD3
100
AcDbEntity
100
AcDbCircle
8
KBL_FEEDER_7_8
10
-0.775
20
0.34800000000000003
30
0
40
0.01008
0
CIRCLE
5
11395
330
10AD3
100
AcDbEntity
100
AcDbCircle
8
KBL_FEEDER_7_8
10
-0.775
20
0.34800000000000003
30
0
40
0.0049
0
CIRCLE
5
11396
330
10AD3
100
AcDbEntity
100
AcDbCircle
8
KBL_FEEDER_7_8
10
-0.775
20
0.34800000000000003
30
0
40
0.0030800000000000003
0
LINE
5
11397
330
10AD3
100
AcDbEntity
100
AcDbLine
8
KBL_FEEDER_7_8
10
-0.7785
20
0.34800000000000003
30
0
11
-0.7715000000000001
21
0.34800000000000003
31
0
0
LINE
5
11398
330
10AD3
100
AcDbEntity
100
AcDbLine
8
KBL_FEEDER_7_8
10
-0.775
20
0.34450000000000003
30
0
11
-0.775
21
0.35150000000000003
31
0
0
CIRCLE
5
11399
330
10AD3
100
AcDbEntity
100
AcDbCircle
8
KBL_FEEDER_7_8
10
-0.745
20
0.264
30
0
40
0.014
0
CIRCLE
5
1139A
330
10AD3
100
AcDbEntity
100
AcDbCircle
8
KBL_FEEDER_7_8
10
-0.745
20
0.264
30
0
40
0.012320000000000001
0
CIRCLE
5
1139B
330
10AD3
100
AcDbEntity
100
AcDbCircle
8
KBL_FEEDER_7_8
10
-0.745
20
0.264
30
0
40
0.01008
0
CIRCLE
5
1139C
330
10AD3
100
AcDbEntity
100
AcDbCircle
8
KBL_FEEDER_7_8
10
-0.745
20
0.264
30
0
40
0.0049
0
CIRCLE
5
1139D
330
10AD3
100
AcDbEntity
100
AcDbCircle
8
KBL_FEEDER_7_8
10
-0.745
20
0.264
30
0
40
0.0030800000000000003
0
LINE
5
1139E
330
10AD3
100
AcDbEntity
100
AcDbLine
8
KBL_FEEDER_7_8
10
-0.7484999999999999
20
0.264
30
0
11
-0.7415
21
0.264
31
0
0
LINE
5
1139F
330
10AD3
100
AcDbEntity
100
AcDbLine
8
KBL_FEEDER_7_8
10
-0.745
20
0.2605
30
0
11
-0.745
21
0.2675
31
0
0
CIRCLE
5
113A0
330
10AD3
100
AcDbEntity
100
AcDbCircle
8
KBL_FEEDER_7_8
10
-0.745
20
0.29200000000000004
30
0
40
0.014
0
CIRCLE
5
113A1
330
10AD3
100
AcDbEntity
100
AcDbCircle
8
KBL_FEEDER_7_8
10
-0.745
20
0.29200000000000004
30
0
40
0.012320000000000001
0
CIRCLE
5
113A2
330
10AD3
100
AcDbEntity
100
AcDbCircle
8
KBL_FEEDER_7_8
10
-0.745
20
0.29200000000000004
30
0
40
0.01008
0
CIRCLE
5
113A3
330
10AD3
100
AcDbEntity
100
AcDbCircle
8
KBL_FEEDER_7_8
10
-0.745
20
0.29200000000000004
30
0
40
0.0049
0
CIRCLE
5
113A4
330
10AD3
100
AcDbEntity
100
AcDbCircle
8
KBL_FEEDER_7_8
10
-0.745
20
0.29200000000000004
30
0
40
0.0030800000000000003
0
LINE
5
113A5
330
10AD3
100
AcDbEntity
100
AcDbLine
8
KBL_FEEDER_7_8
10
-0.7484999999999999
20
0.29200000000000004
30
0
11
-0.7415
21
0.29200000000000004
31
0
0
LINE
5
113A6
330
10AD3
100
AcDbEntity
100
AcDbLine
8
KBL_FEEDER_7_8
10
-0.745
20
0.28850000000000003
30
0
11
-0.745
21
0.29550000000000004
31
0
0
CIRCLE
5
113A7
330
10AD3
100
AcDbEntity
100
AcDbCircle
8
KBL_FEEDER_7_8
10
-0.745
20
0.32
30
0
40
0.014
0
CIRCLE
5
113A8
330
10AD3
100
AcDbEntity
100
AcDbCircle
8
KBL_FEEDER_7_8
10
-0.745
20
0.32
30
0
40
0.012320000000000001
0
CIRCLE
5
113A9
330
10AD3
100
AcDbEntity
100
AcDbCircle
8
KBL_FEEDER_7_8
10
-0.745
20
0.32
30
0
40
0.01008
0
CIRCLE
5
113AA
330
10AD3
100
AcDbEntity
100
AcDbCircle
8
KBL_FEEDER_7_8
10
-0.745
20
0.32
30
0
40
0.0049
0
CIRCLE
5
113AB
330
10AD3
100
AcDbEntity
100
AcDbCircle
8
KBL_FEEDER_7_8
10
-0.745
20
0.32
30
0
40
0.0030800000000000003
0
LINE
5
113AC
330
10AD3
100
AcDbEntity
100
AcDbLine
8
KBL_FEEDER_7_8
10
-0.7484999999999999
20
0.32
30
0
11
-0.7415
21
0.32
31
0
0
LINE
5
113AD
330
10AD3
100
AcDbEntity
100
AcDbLine
8
KBL_FEEDER_7_8
10
-0.745
20
0.3165
30
0
11
-0.745
21
0.3235
31
0
0
CIRCLE
5
113AE
330
10AD3
100
AcDbEntity
100
AcDbCircle
8
KBL_FEEDER_7_8
10
-0.745
20
0.34800000000000003
30
0
40
0.014
0
CIRCLE
5
113AF
330
10AD3
100
AcDbEntity
100
AcDbCircle
8
KBL_FEEDER_7_8
10
-0.745
20
0.34800000000000003
30
0
40
0.012320000000000001
0
CIRCLE
5
113B0
330
10AD3
100
AcDbEntity
100
AcDbCircle
8
KBL_FEEDER_7_8
10
-0.745
20
0.34800000000000003
30
0
40
0.01008
0
CIRCLE
5
113B1
330
10AD3
100
AcDbEntity
100
AcDbCircle
8
KBL_FEEDER_7_8
10
-0.745
20
0.34800000000000003
30
0
40
0.0049
0
CIRCLE
5
113B2
330
10AD3
100
AcDbEntity
100
AcDbCircle
8
KBL_FEEDER_7_8
10
-0.745
20
0.34800000000000003
30
0
40
0.0030800000000000003
0
LINE
5
113B3
330
10AD3
100
AcDbEntity
100
AcDbLine
8
KBL_FEEDER_7_8
10
-0.7484999999999999
20
0.34800000000000003
30
0
11
-0.7415
21
0.34800000000000003
31
0
0
LINE
5
113B4
330
10AD3
100
AcDbEntity
100
AcDbLine
8
KBL_FEEDER_7_8
10
-0.745
20
0.34450000000000003
30
0
11
-0.745
21
0.35150000000000003
31
0
0
CIRCLE
5
113B5
330
10AD3
100
AcDbEntity
100
AcDbCircle
8
KBL_FEEDER_7_8
10
-0.7150000000000001
20
0.264
30
0
40
0.014
0
CIRCLE
5
113B6
330
10AD3
100
AcDbEntity
100
AcDbCircle
8
KBL_FEEDER_7_8
10
-0.7150000000000001
20
0.264
30
0
40
0.012320000000000001
0
CIRCLE
5
113B7
330
10AD3
100
AcDbEntity
100
AcDbCircle
8
KBL_FEEDER_7_8
10
-0.7150000000000001
20
0.264
30
0
40
0.01008
0
CIRCLE
5
113B8
330
10AD3
100
AcDbEntity
100
AcDbCircle
8
KBL_FEEDER_7_8
10
-0.7150000000000001
20
0.264
30
0
40
0.0049
0
CIRCLE
5
113B9
330
10AD3
100
AcDbEntity
100
AcDbCircle
8
KBL_FEEDER_7_8
10
-0.7150000000000001
20
0.264
30
0
40
0.0030800000000000003
0
LINE
5
113BA
330
10AD3
100
AcDbEntity
100
AcDbLine
8
KBL_FEEDER_7_8
10
-0.7185
20
0.264
30
0
11
-0.7115000000000001
21
0.264
31
0
0
LINE
5
113BB
330
10AD3
100
AcDbEntity
100
AcDbLine
8
KBL_FEEDER_7_8
10
-0.7150000000000001
20
0.2605
30
0
11
-0.7150000000000001
21
0.2675
31
0
0
CIRCLE
5
113BC
330
10AD3
100
AcDbEntity
100
AcDbCircle
8
KBL_FEEDER_7_8
10
-0.7150000000000001
20
0.29200000000000004
30
0
40
0.014
0
CIRCLE
5
113BD
330
10AD3
100
AcDbEntity
100
AcDbCircle
8
KBL_FEEDER_7_8
10
-0.7150000000000001
20
0.29200000000000004
30
0
40
0.012320000000000001
0
CIRCLE
5
113BE
330
10AD3
100
AcDbEntity
100
AcDbCircle
8
KBL_FEEDER_7_8
10
-0.7150000000000001
20
0.29200000000000004
30
0
40
0.01008
0
CIRCLE
5
113BF
330
10AD3
100
AcDbEntity
100
AcDbCircle
8
KBL_FEEDER_7_8
10
-0.7150000000000001
20
0.29200000000000004
30
0
40
0.0049
0
CIRCLE
5
113C0
330
10AD3
100
AcDbEntity
100
AcDbCircle
8
KBL_FEEDER_7_8
10
-0.7150000000000001
20
0.29200000000000004
30
0
40
0.0030800000000000003
0
LINE
5
113C1
330
10AD3
100
AcDbEntity
100
AcDbLine
8
KBL_FEEDER_7_8
10
-0.7185
20
0.29200000000000004
30
0
11
-0.7115000000000001
21
0.29200000000000004
31
0
0
LINE
5
113C2
330
10AD3
100
AcDbEntity
100
AcDbLine
8
KBL_FEEDER_7_8
10
-0.7150000000000001
20
0.28850000000000003
30
0
11
-0.7150000000000001
21
0.29550000000000004
31
0
0
CIRCLE
5
113C3
330
10AD3
100
AcDbEntity
100
AcDbCircle
8
KBL_FEEDER_7_8
10
-0.7150000000000001
20
0.32
30
0
40
0.014
0
CIRCLE
5
113C4
330
10AD3
100
AcDbEntity
100
AcDbCircle
8
KBL_FEEDER_7_8
10
-0.7150000000000001
20
0.32
30
0
40
0.012320000000000001
0
CIRCLE
5
113C5
330
10AD3
100
AcDbEntity
100
AcDbCircle
8
KBL_FEEDER_7_8
10
-0.7150000000000001
20
0.32
30
0
40
0.01008
0
CIRCLE
5
113C6
330
10AD3
100
AcDbEntity
100
AcDbCircle
8
KBL_FEEDER_7_8
10
-0.7150000000000001
20
0.32
30
0
40
0.0049
0
CIRCLE
5
113C7
330
10AD3
100
AcDbEntity
100
AcDbCircle
8
KBL_FEEDER_7_8
10
-0.7150000000000001
20
0.32
30
0
40
0.0030800000000000003
0
LINE
5
113C8
330
10AD3
100
AcDbEntity
100
AcDbLine
8
KBL_FEEDER_7_8
10
-0.7185
20
0.32
30
0
11
-0.7115000000000001
21
0.32
31
0
0
LINE
5
113C9
330
10AD3
100
AcDbEntity
100
AcDbLine
8
KBL_FEEDER_7_8
10
-0.7150000000000001
20
0.3165
30
0
11
-0.7150000000000001
21
0.3235
31
0
0
CIRCLE
5
113CA
330
10AD3
100
AcDbEntity
100
AcDbCircle
8
KBL_FEEDER_7_8
10
-0.7150000000000001
20
0.34800000000000003
30
0
40
0.014
0
CIRCLE
5
113CB
330
10AD3
100
AcDbEntity
100
AcDbCircle
8
KBL_FEEDER_7_8
10
-0.7150000000000001
20
0.34800000000000003
30
0
40
0.012320000000000001
0
CIRCLE
5
113CC
330
10AD3
100
AcDbEntity
100
AcDbCircle
8
KBL_FEEDER_7_8
10
-0.7150000000000001
20
0.34800000000000003
30
0
40
0.01008
0
CIRCLE
5
113CD
330
10AD3
100
AcDbEntity
100
AcDbCircle
8
KBL_FEEDER_7_8
10
-0.7150000000000001
20
0.34800000000000003
30
0
40
0.0049
0
CIRCLE
5
113CE
330
10AD3
100
AcDbEntity
100
AcDbCircle
8
KBL_FEEDER_7_8
10
-0.7150000000000001
20
0.34800000000000003
30
0
40
0.0030800000000000003
0
LINE
5
113CF
330
10AD3
100
AcDbEntity
100
AcDbLine
8
KBL_FEEDER_7_8
10
-0.7185
20
0.34800000000000003
30
0
11
-0.7115000000000001
21
0.34800000000000003
31
0
0
LINE
5
113D0
330
10AD3
100
AcDbEntity
100
AcDbLine
8
KBL_FEEDER_7_8
10
-0.7150000000000001
20
0.34450000000000003
30
0
11
-0.7150000000000001
21
0.35150000000000003
31
0
0
CIRCLE
5
113D1
330
10AD3
100
AcDbEntity
100
AcDbCircle
8
KBL_FEEDER_7_8
10
-0.685
20
0.264
30
0
40
0.014
0
CIRCLE
5
113D2
330
10AD3
100
AcDbEntity
100
AcDbCircle
8
KBL_FEEDER_7_8
10
-0.685
20
0.264
30
0
40
0.012320000000000001
0
CIRCLE
5
113D3
330
10AD3
100
AcDbEntity
100
AcDbCircle
8
KBL_FEEDER_7_8
10
-0.685
20
0.264
30
0
40
0.01008
0
CIRCLE
5
113D4
330
10AD3
100
AcDbEntity
100
AcDbCircle
8
KBL_FEEDER_7_8
10
-0.685
20
0.264
30
0
40
0.0049
0
CIRCLE
5
113D5
330
10AD3
100
AcDbEntity
100
AcDbCircle
8
KBL_FEEDER_7_8
10
-0.685
20
0.264
30
0
40
0.0030800000000000003
0
LINE
5
113D6
330
10AD3
100
AcDbEntity
100
AcDbLine
8
KBL_FEEDER_7_8
10
-0.6885
20
0.264
30
0
11
-0.6815000000000001
21
0.264
31
0
0
LINE
5
113D7
330
10AD3
100
AcDbEntity
100
AcDbLine
8
KBL_FEEDER_7_8
10
-0.685
20
0.2605
30
0
11
-0.685
21
0.2675
31
0
0
CIRCLE
5
113D8
330
10AD3
100
AcDbEntity
100
AcDbCircle
8
KBL_FEEDER_7_8
10
-0.685
20
0.29200000000000004
30
0
40
0.014
0
CIRCLE
5
113D9
330
10AD3
100
AcDbEntity
100
AcDbCircle
8
KBL_FEEDER_7_8
10
-0.685
20
0.29200000000000004
30
0
40
0.012320000000000001
0
CIRCLE
5
113DA
330
10AD3
100
AcDbEntity
100
AcDbCircle
8
KBL_FEEDER_7_8
10
-0.685
20
0.29200000000000004
30
0
40
0.01008
0
CIRCLE
5
113DB
330
10AD3
100
AcDbEntity
100
AcDbCircle
8
KBL_FEEDER_7_8
10
-0.685
20
0.29200000000000004
30
0
40
0.0049
0
CIRCLE
5
113DC
330
10AD3
100
AcDbEntity
100
AcDbCircle
8
KBL_FEEDER_7_8
10
-0.685
20
0.29200000000000004
30
0
40
0.0030800000000000003
0
LINE
5
113DD
330
10AD3
100
AcDbEntity
100
AcDbLine
8
KBL_FEEDER_7_8
10
-0.6885
20
0.29200000000000004
30
0
11
-0.6815000000000001
21
0.29200000000000004
31
0
0
LINE
5
113DE
330
10AD3
100
AcDbEntity
100
AcDbLine
8
KBL_FEEDER_7_8
10
-0.685
20
0.28850000000000003
30
0
11
-0.685
21
0.29550000000000004
31
0
0
CIRCLE
5
113DF
330
10AD3
100
AcDbEntity
100
AcDbCircle
8
KBL_FEEDER_7_8
10
-0.685
20
0.32
30
0
40
0.014
0
CIRCLE
5
113E0
330
10AD3
100
AcDbEntity
100
AcDbCircle
8
KBL_FEEDER_7_8
10
-0.685
20
0.32
30
0
40
0.012320000000000001
0
CIRCLE
5
113E1
330
10AD3
100
AcDbEntity
100
AcDbCircle
8
KBL_FEEDER_7_8
10
-0.685
20
0.32
30
0
40
0.01008
0
CIRCLE
5
113E2
330
10AD3
100
AcDbEntity
100
AcDbCircle
8
KBL_FEEDER_7_8
10
-0.685
20
0.32
30
0
40
0.0049
0
CIRCLE
5
113E3
330
10AD3
100
AcDbEntity
100
AcDbCircle
8
KBL_FEEDER_7_8
10
-0.685
20
0.32
30
0
40
0.0030800000000000003
0
LINE
5
113E4
330
10AD3
100
AcDbEntity
100
AcDbLine
8
KBL_FEEDER_7_8
10
-0.6885
20
0.32
30
0
11
-0.6815000000000001
21
0.32
31
0
0
LINE
5
113E5
330
10AD3
100
AcDbEntity
100
AcDbLine
8
KBL_FEEDER_7_8
10
-0.685
20
0.3165
30
0
11
-0.685
21
0.3235
31
0
0
CIRCLE
5
113E6
330
10AD3
100
AcDbEntity
100
AcDbCircle
8
KBL_FEEDER_7_8
10
-0.685
20
0.34800000000000003
30
0
40
0.014
0
CIRCLE
5
113E7
330
10AD3
100
AcDbEntity
100
AcDbCircle
8
KBL_FEEDER_7_8
10
-0.685
20
0.34800000000000003
30
0
40
0.012320000000000001
0
CIRCLE
5
113E8
330
10AD3
100
AcDbEntity
100
AcDbCircle
8
KBL_FEEDER_7_8
10
-0.685
20
0.34800000000000003
30
0
40
0.01008
0
CIRCLE
5
113E9
330
10AD3
100
AcDbEntity
100
AcDbCircle
8
KBL_FEEDER_7_8
10
-0.685
20
0.34800000000000003
30
0
40
0.0049
0
CIRCLE
5
113EA
330
10AD3
100
AcDbEntity
100
AcDbCircle
8
KBL_FEEDER_7_8
10
-0.685
20
0.34800000000000003
30
0
40
0.0030800000000000003
0
LINE
5
113EB
330
10AD3
100
AcDbEntity
100
AcDbLine
8
KBL_FEEDER_7_8
10
-0.6885
20
0.34800000000000003
30
0
11
-0.6815000000000001
21
0.34800000000000003
31
0
0
LINE
5
113EC
330
10AD3
100
AcDbEntity
100
AcDbLine
8
KBL_FEEDER_7_8
10
-0.685
20
0.34450000000000003
30
0
11
-0.685
21
0.35150000000000003
31
0
0
CIRCLE
5
113ED
330
10AD3
100
AcDbEntity
100
AcDbCircle
8
KBL_FEEDER_7_8
10
-0.655
20
0.264
30
0
40
0.014
0
CIRCLE
5
113EE
330
10AD3
100
AcDbEntity
100
AcDbCircle
8
KBL_FEEDER_7_8
10
-0.655
20
0.264
30
0
40
0.012320000000000001
0
CIRCLE
5
113EF
330
10AD3
100
AcDbEntity
100
AcDbCircle
8
KBL_FEEDER_7_8
10
-0.655
20
0.264
30
0
40
0.01008
0
CIRCLE
5
113F0
330
10AD3
100
AcDbEntity
100
AcDbCircle
8
KBL_FEEDER_7_8
10
-0.655
20
0.264
30
0
40
0.0049
0
CIRCLE
5
113F1
330
10AD3
100
AcDbEntity
100
AcDbCircle
8
KBL_FEEDER_7_8
10
-0.655
20
0.264
30
0
40
0.0030800000000000003
0
LINE
5
113F2
330
10AD3
100
AcDbEntity
100
AcDbLine
8
KBL_FEEDER_7_8
10
-0.6585
20
0.264
30
0
11
-0.6515000000000001
21
0.264
31
0
0
LINE
5
113F3
330
10AD3
100
AcDbEntity
100
AcDbLine
8
KBL_FEEDER_7_8
10
-0.655
20
0.2605
30
0
11
-0.655
21
0.2675
31
0
0
CIRCLE
5
113F4
330
10AD3
100
AcDbEntity
100
AcDbCircle
8
KBL_FEEDER_7_8
10
-0.655
20
0.29200000000000004
30
0
40
0.014
0
CIRCLE
5
113F5
330
10AD3
100
AcDbEntity
100
AcDbCircle
8
KBL_FEEDER_7_8
10
-0.655
20
0.29200000000000004
30
0
40
0.012320000000000001
0
CIRCLE
5
113F6
330
10AD3
100
AcDbEntity
100
AcDbCircle
8
KBL_FEEDER_7_8
10
-0.655
20
0.29200000000000004
30
0
40
0.01008
0
CIRCLE
5
113F7
330
10AD3
100
AcDbEntity
100
AcDbCircle
8
KBL_FEEDER_7_8
10
-0.655
20
0.29200000000000004
30
0
40
0.0049
0
CIRCLE
5
113F8
330
10AD3
100
AcDbEntity
100
AcDbCircle
8
KBL_FEEDER_7_8
10
-0.655
20
0.29200000000000004
30
0
40
0.0030800000000000003
0
LINE
5
113F9
330
10AD3
100
AcDbEntity
100
AcDbLine
8
KBL_FEEDER_7_8
10
-0.6585
20
0.29200000000000004
30
0
11
-0.6515000000000001
21
0.29200000000000004
31
0
0
LINE
5
113FA
330
10AD3
100
AcDbEntity
100
AcDbLine
8
KBL_FEEDER_7_8
10
-0.655
20
0.28850000000000003
30
0
11
-0.655
21
0.29550000000000004
31
0
0
CIRCLE
5
113FB
330
10AD3
100
AcDbEntity
100
AcDbCircle
8
KBL_FEEDER_7_8
10
-0.655
20
0.32
30
0
40
0.014
0
CIRCLE
5
113FC
330
10AD3
100
AcDbEntity
100
AcDbCircle
8
KBL_FEEDER_7_8
10
-0.655
20
0.32
30
0
40
0.012320000000000001
0
CIRCLE
5
113FD
330
10AD3
100
AcDbEntity
100
AcDbCircle
8
KBL_FEEDER_7_8
10
-0.655
20
0.32
30
0
40
0.01008
0
CIRCLE
5
113FE
330
10AD3
100
AcDbEntity
100
AcDbCircle
8
KBL_FEEDER_7_8
10
-0.655
20
0.32
30
0
40
0.0049
0
CIRCLE
5
113FF
330
10AD3
100
AcDbEntity
100
AcDbCircle
8
KBL_FEEDER_7_8
10
-0.655
20
0.32
30
0
40
0.0030800000000000003
0
LINE
5
11400
330
10AD3
100
AcDbEntity
100
AcDbLine
8
KBL_FEEDER_7_8
10
-0.6585
20
0.32
30
0
11
-0.6515000000000001
21
0.32
31
0
0
LINE
5
11401
330
10AD3
100
AcDbEntity
100
AcDbLine
8
KBL_FEEDER_7_8
10
-0.655
20
0.3165
30
0
11
-0.655
21
0.3235
31
0
0
CIRCLE
5
11402
330
10AD3
100
AcDbEntity
100
AcDbCircle
8
KBL_FEEDER_7_8
10
-0.655
20
0.34800000000000003
30
0
40
0.014
0
CIRCLE
5
11403
330
10AD3
100
AcDbEntity
100
AcDbCircle
8
KBL_FEEDER_7_8
10
-0.655
20
0.34800000000000003
30
0
40
0.012320000000000001
0
CIRCLE
5
11404
330
10AD3
100
AcDbEntity
100
AcDbCircle
8
KBL_FEEDER_7_8
10
-0.655
20
0.34800000000000003
30
0
40
0.01008
0
CIRCLE
5
11405
330
10AD3
100
AcDbEntity
100
AcDbCircle
8
KBL_FEEDER_7_8
10
-0.655
20
0.34800000000000003
30
0
40
0.0049
0
CIRCLE
5
11406
330
10AD3
100
AcDbEntity
100
AcDbCircle
8
KBL_FEEDER_7_8
10
-0.655
20
0.34800000000000003
30
0
40
0.0030800000000000003
0
LINE
5
11407
330
10AD3
100
AcDbEntity
100
AcDbLine
8
KBL_FEEDER_7_8
10
-0.6585
20
0.34800000000000003
30
0
11
-0.6515000000000001
21
0.34800000000000003
31
0
0
LINE
5
11408
330
10AD3
100
AcDbEntity
100
AcDbLine
8
KBL_FEEDER_7_8
10
-0.655
20
0.34450000000000003
30
0
11
-0.655
21
0.35150000000000003
31
0
0
CIRCLE
5
11409
330
10AD3
100
AcDbEntity
100
AcDbCircle
8
KBL_FEEDER_7_8
10
-0.625
20
0.264
30
0
40
0.014
0
CIRCLE
5
1140A
330
10AD3
100
AcDbEntity
100
AcDbCircle
8
KBL_FEEDER_7_8
10
-0.625
20
0.264
30
0
40
0.012320000000000001
0
CIRCLE
5
1140B
330
10AD3
100
AcDbEntity
100
AcDbCircle
8
KBL_FEEDER_7_8
10
-0.625
20
0.264
30
0
40
0.01008
0
CIRCLE
5
1140C
330
10AD3
100
AcDbEntity
100
AcDbCircle
8
KBL_FEEDER_7_8
10
-0.625
20
0.264
30
0
40
0.0049
0
CIRCLE
5
1140D
330
10AD3
100
AcDbEntity
100
AcDbCircle
8
KBL_FEEDER_7_8
10
-0.625
20
0.264
30
0
40
0.0030800000000000003
0
LINE
5
1140E
330
10AD3
100
AcDbEntity
100
AcDbLine
8
KBL_FEEDER_7_8
10
-0.6285
20
0.264
30
0
11
-0.6215
21
0.264
31
0
0
LINE
5
1140F
330
10AD3
100
AcDbEntity
100
AcDbLine
8
KBL_FEEDER_7_8
10
-0.625
20
0.2605
30
0
11
-0.625
21
0.2675
31
0
0
CIRCLE
5
11410
330
10AD3
100
AcDbEntity
100
AcDbCircle
8
KBL_FEEDER_7_8
10
-0.625
20
0.29200000000000004
30
0
40
0.014
0
CIRCLE
5
11411
330
10AD3
100
AcDbEntity
100
AcDbCircle
8
KBL_FEEDER_7_8
10
-0.625
20
0.29200000000000004
30
0
40
0.012320000000000001
0
CIRCLE
5
11412
330
10AD3
100
AcDbEntity
100
AcDbCircle
8
KBL_FEEDER_7_8
10
-0.625
20
0.29200000000000004
30
0
40
0.01008
0
CIRCLE
5
11413
330
10AD3
100
AcDbEntity
100
AcDbCircle
8
KBL_FEEDER_7_8
10
-0.625
20
0.29200000000000004
30
0
40
0.0049
0
CIRCLE
5
11414
330
10AD3
100
AcDbEntity
100
AcDbCircle
8
KBL_FEEDER_7_8
10
-0.625
20
0.29200000000000004
30
0
40
0.0030800000000000003
0
LINE
5
11415
330
10AD3
100
AcDbEntity
100
AcDbLine
8
KBL_FEEDER_7_8
10
-0.6285
20
0.29200000000000004
30
0
11
-0.6215
21
0.29200000000000004
31
0
0
LINE
5
11416
330
10AD3
100
AcDbEntity
100
AcDbLine
8
KBL_FEEDER_7_8
10
-0.625
20
0.28850000000000003
30
0
11
-0.625
21
0.29550000000000004
31
0
0
CIRCLE
5
11417
330
10AD3
100
AcDbEntity
100
AcDbCircle
8
KBL_FEEDER_7_8
10
-0.625
20
0.32
30
0
40
0.014
0
CIRCLE
5
11418
330
10AD3
100
AcDbEntity
100
AcDbCircle
8
KBL_FEEDER_7_8
10
-0.625
20
0.32
30
0
40
0.012320000000000001
0
CIRCLE
5
11419
330
10AD3
100
AcDbEntity
100
AcDbCircle
8
KBL_FEEDER_7_8
10
-0.625
20
0.32
30
0
40
0.01008
0
CIRCLE
5
1141A
330
10AD3
100
AcDbEntity
100
AcDbCircle
8
KBL_FEEDER_7_8
10
-0.625
20
0.32
30
0
40
0.0049
0
CIRCLE
5
1141B
330
10AD3
100
AcDbEntity
100
AcDbCircle
8
KBL_FEEDER_7_8
10
-0.625
20
0.32
30
0
40
0.0030800000000000003
0
LINE
5
1141C
330
10AD3
100
AcDbEntity
100
AcDbLine
8
KBL_FEEDER_7_8
10
-0.6285
20
0.32
30
0
11
-0.6215
21
0.32
31
0
0
LINE
5
1141D
330
10AD3
100
AcDbEntity
100
AcDbLine
8
KBL_FEEDER_7_8
10
-0.625
20
0.3165
30
0
11
-0.625
21
0.3235
31
0
0
CIRCLE
5
1141E
330
10AD3
100
AcDbEntity
100
AcDbCircle
8
KBL_FEEDER_7_8
10
-0.625
20
0.34800000000000003
30
0
40
0.014
0
CIRCLE
5
1141F
330
10AD3
100
AcDbEntity
100
AcDbCircle
8
KBL_FEEDER_7_8
10
-0.625
20
0.34800000000000003
30
0
40
0.012320000000000001
0
CIRCLE
5
11420
330
10AD3
100
AcDbEntity
100
AcDbCircle
8
KBL_FEEDER_7_8
10
-0.625
20
0.34800000000000003
30
0
40
0.01008
0
CIRCLE
5
11421
330
10AD3
100
AcDbEntity
100
AcDbCircle
8
KBL_FEEDER_7_8
10
-0.625
20
0.34800000000000003
30
0
40
0.0049
0
CIRCLE
5
11422
330
10AD3
100
AcDbEntity
100
AcDbCircle
8
KBL_FEEDER_7_8
10
-0.625
20
0.34800000000000003
30
0
40
0.0030800000000000003
0
LINE
5
11423
330
10AD3
100
AcDbEntity
100
AcDbLine
8
KBL_FEEDER_7_8
10
-0.6285
20
0.34800000000000003
30
0
11
-0.6215
21
0.34800000000000003
31
0
0
LINE
5
11424
330
10AD3
100
AcDbEntity
100
AcDbLine
8
KBL_FEEDER_7_8
10
-0.625
20
0.34450000000000003
30
0
11
-0.625
21
0.35150000000000003
31
0
0
CIRCLE
5
11425
330
10AD3
100
AcDbEntity
100
AcDbCircle
8
KBL_FEEDER_7_8
10
-0.595
20
0.264
30
0
40
0.014
0
CIRCLE
5
11426
330
10AD3
100
AcDbEntity
100
AcDbCircle
8
KBL_FEEDER_7_8
10
-0.595
20
0.264
30
0
40
0.012320000000000001
0
CIRCLE
5
11427
330
10AD3
100
AcDbEntity
100
AcDbCircle
8
KBL_FEEDER_7_8
10
-0.595
20
0.264
30
0
40
0.01008
0
CIRCLE
5
11428
330
10AD3
100
AcDbEntity
100
AcDbCircle
8
KBL_FEEDER_7_8
10
-0.595
20
0.264
30
0
40
0.0049
0
CIRCLE
5
11429
330
10AD3
100
AcDbEntity
100
AcDbCircle
8
KBL_FEEDER_7_8
10
-0.595
20
0.264
30
0
40
0.0030800000000000003
0
LINE
5
1142A
330
10AD3
100
AcDbEntity
100
AcDbLine
8
KBL_FEEDER_7_8
10
-0.5984999999999999
20
0.264
30
0
11
-0.5915
21
0.264
31
0
0
LINE
5
1142B
330
10AD3
100
AcDbEntity
100
AcDbLine
8
KBL_FEEDER_7_8
10
-0.595
20
0.2605
30
0
11
-0.595
21
0.2675
31
0
0
CIRCLE
5
1142C
330
10AD3
100
AcDbEntity
100
AcDbCircle
8
KBL_FEEDER_7_8
10
-0.595
20
0.29200000000000004
30
0
40
0.014
0
CIRCLE
5
1142D
330
10AD3
100
AcDbEntity
100
AcDbCircle
8
KBL_FEEDER_7_8
10
-0.595
20
0.29200000000000004
30
0
40
0.012320000000000001
0
CIRCLE
5
1142E
330
10AD3
100
AcDbEntity
100
AcDbCircle
8
KBL_FEEDER_7_8
10
-0.595
20
0.29200000000000004
30
0
40
0.01008
0
CIRCLE
5
1142F
330
10AD3
100
AcDbEntity
100
AcDbCircle
8
KBL_FEEDER_7_8
10
-0.595
20
0.29200000000000004
30
0
40
0.0049
0
CIRCLE
5
11430
330
10AD3
100
AcDbEntity
100
AcDbCircle
8
KBL_FEEDER_7_8
10
-0.595
20
0.29200000000000004
30
0
40
0.0030800000000000003
0
LINE
5
11431
330
10AD3
100
AcDbEntity
100
AcDbLine
8
KBL_FEEDER_7_8
10
-0.5984999999999999
20
0.29200000000000004
30
0
11
-0.5915
21
0.29200000000000004
31
0
0
LINE
5
11432
330
10AD3
100
AcDbEntity
100
AcDbLine
8
KBL_FEEDER_7_8
10
-0.595
20
0.28850000000000003
30
0
11
-0.595
21
0.29550000000000004
31
0
0
CIRCLE
5
11433
330
10AD3
100
AcDbEntity
100
AcDbCircle
8
KBL_FEEDER_7_8
10
-0.595
20
0.32
30
0
40
0.014
0
CIRCLE
5
11434
330
10AD3
100
AcDbEntity
100
AcDbCircle
8
KBL_FEEDER_7_8
10
-0.595
20
0.32
30
0
40
0.012320000000000001
0
CIRCLE
5
11435
330
10AD3
100
AcDbEntity
100
AcDbCircle
8
KBL_FEEDER_7_8
10
-0.595
20
0.32
30
0
40
0.01008
0
CIRCLE
5
11436
330
10AD3
100
AcDbEntity
100
AcDbCircle
8
KBL_FEEDER_7_8
10
-0.595
20
0.32
30
0
40
0.0049
0
CIRCLE
5
11437
330
10AD3
100
AcDbEntity
100
AcDbCircle
8
KBL_FEEDER_7_8
10
-0.595
20
0.32
30
0
40
0.0030800000000000003
0
LINE
5
11438
330
10AD3
100
AcDbEntity
100
AcDbLine
8
KBL_FEEDER_7_8
10
-0.5984999999999999
20
0.32
30
0
11
-0.5915
21
0.32
31
0
0
LINE
5
11439
330
10AD3
100
AcDbEntity
100
AcDbLine
8
KBL_FEEDER_7_8
10
-0.595
20
0.3165
30
0
11
-0.595
21
0.3235
31
0
0
CIRCLE
5
1143A
330
10AD3
100
AcDbEntity
100
AcDbCircle
8
KBL_FEEDER_7_8
10
-0.595
20
0.34800000000000003
30
0
40
0.014
0
CIRCLE
5
1143B
330
10AD3
100
AcDbEntity
100
AcDbCircle
8
KBL_FEEDER_7_8
10
-0.595
20
0.34800000000000003
30
0
40
0.012320000000000001
0
CIRCLE
5
1143C
330
10AD3
100
AcDbEntity
100
AcDbCircle
8
KBL_FEEDER_7_8
10
-0.595
20
0.34800000000000003
30
0
40
0.01008
0
CIRCLE
5
1143D
330
10AD3
100
AcDbEntity
100
AcDbCircle
8
KBL_FEEDER_7_8
10
-0.595
20
0.34800000000000003
30
0
40
0.0049
0
CIRCLE
5
1143E
330
10AD3
100
AcDbEntity
100
AcDbCircle
8
KBL_FEEDER_7_8
10
-0.595
20
0.34800000000000003
30
0
40
0.0030800000000000003
0
LINE
5
1143F
330
10AD3
100
AcDbEntity
100
AcDbLine
8
KBL_FEEDER_7_8
10
-0.5984999999999999
20
0.34800000000000003
30
0
11
-0.5915
21
0.34800000000000003
31
0
0
LINE
5
11440
330
10AD3
100
AcDbEntity
100
AcDbLine
8
KBL_FEEDER_7_8
10
-0.595
20
0.34450000000000003
30
0
11
-0.595
21
0.35150000000000003
31
0
0
CIRCLE
5
11441
330
10AD3
100
AcDbEntity
100
AcDbCircle
8
KBL_FEEDER_7_8
10
-0.5650000000000001
20
0.264
30
0
40
0.014
0
CIRCLE
5
11442
330
10AD3
100
AcDbEntity
100
AcDbCircle
8
KBL_FEEDER_7_8
10
-0.5650000000000001
20
0.264
30
0
40
0.012320000000000001
0
CIRCLE
5
11443
330
10AD3
100
AcDbEntity
100
AcDbCircle
8
KBL_FEEDER_7_8
10
-0.5650000000000001
20
0.264
30
0
40
0.01008
0
CIRCLE
5
11444
330
10AD3
100
AcDbEntity
100
AcDbCircle
8
KBL_FEEDER_7_8
10
-0.5650000000000001
20
0.264
30
0
40
0.0049
0
CIRCLE
5
11445
330
10AD3
100
AcDbEntity
100
AcDbCircle
8
KBL_FEEDER_7_8
10
-0.5650000000000001
20
0.264
30
0
40
0.0030800000000000003
0
LINE
5
11446
330
10AD3
100
AcDbEntity
100
AcDbLine
8
KBL_FEEDER_7_8
10
-0.5685
20
0.264
30
0
11
-0.5615000000000001
21
0.264
31
0
0
LINE
5
11447
330
10AD3
100
AcDbEntity
100
AcDbLine
8
KBL_FEEDER_7_8
10
-0.5650000000000001
20
0.2605
30
0
11
-0.5650000000000001
21
0.2675
31
0
0
CIRCLE
5
11448
330
10AD3
100
AcDbEntity
100
AcDbCircle
8
KBL_FEEDER_7_8
10
-0.5650000000000001
20
0.29200000000000004
30
0
40
0.014
0
CIRCLE
5
11449
330
10AD3
100
AcDbEntity
100
AcDbCircle
8
KBL_FEEDER_7_8
10
-0.5650000000000001
20
0.29200000000000004
30
0
40
0.012320000000000001
0
CIRCLE
5
1144A
330
10AD3
100
AcDbEntity
100
AcDbCircle
8
KBL_FEEDER_7_8
10
-0.5650000000000001
20
0.29200000000000004
30
0
40
0.01008
0
CIRCLE
5
1144B
330
10AD3
100
AcDbEntity
100
AcDbCircle
8
KBL_FEEDER_7_8
10
-0.5650000000000001
20
0.29200000000000004
30
0
40
0.0049
0
CIRCLE
5
1144C
330
10AD3
100
AcDbEntity
100
AcDbCircle
8
KBL_FEEDER_7_8
10
-0.5650000000000001
20
0.29200000000000004
30
0
40
0.0030800000000000003
0
LINE
5
1144D
330
10AD3
100
AcDbEntity
100
AcDbLine
8
KBL_FEEDER_7_8
10
-0.5685
20
0.29200000000000004
30
0
11
-0.5615000000000001
21
0.29200000000000004
31
0
0
LINE
5
1144E
330
10AD3
100
AcDbEntity
100
AcDbLine
8
KBL_FEEDER_7_8
10
-0.5650000000000001
20
0.28850000000000003
30
0
11
-0.5650000000000001
21
0.29550000000000004
31
0
0
CIRCLE
5
1144F
330
10AD3
100
AcDbEntity
100
AcDbCircle
8
KBL_FEEDER_7_8
10
-0.5650000000000001
20
0.32
30
0
40
0.014
0
CIRCLE
5
11450
330
10AD3
100
AcDbEntity
100
AcDbCircle
8
KBL_FEEDER_7_8
10
-0.5650000000000001
20
0.32
30
0
40
0.012320000000000001
0
CIRCLE
5
11451
330
10AD3
100
AcDbEntity
100
AcDbCircle
8
KBL_FEEDER_7_8
10
-0.5650000000000001
20
0.32
30
0
40
0.01008
0
CIRCLE
5
11452
330
10AD3
100
AcDbEntity
100
AcDbCircle
8
KBL_FEEDER_7_8
10
-0.5650000000000001
20
0.32
30
0
40
0.0049
0
CIRCLE
5
11453
330
10AD3
100
AcDbEntity
100
AcDbCircle
8
KBL_FEEDER_7_8
10
-0.5650000000000001
20
0.32
30
0
40
0.0030800000000000003
0
LINE
5
11454
330
10AD3
100
AcDbEntity
100
AcDbLine
8
KBL_FEEDER_7_8
10
-0.5685
20
0.32
30
0
11
-0.5615000000000001
21
0.32
31
0
0
LINE
5
11455
330
10AD3
100
AcDbEntity
100
AcDbLine
8
KBL_FEEDER_7_8
10
-0.5650000000000001
20
0.3165
30
0
11
-0.5650000000000001
21
0.3235
31
0
0
CIRCLE
5
11456
330
10AD3
100
AcDbEntity
100
AcDbCircle
8
KBL_FEEDER_7_8
10
-0.5650000000000001
20
0.34800000000000003
30
0
40
0.014
0
CIRCLE
5
11457
330
10AD3
100
AcDbEntity
100
AcDbCircle
8
KBL_FEEDER_7_8
10
-0.5650000000000001
20
0.34800000000000003
30
0
40
0.012320000000000001
0
CIRCLE
5
11458
330
10AD3
100
AcDbEntity
100
AcDbCircle
8
KBL_FEEDER_7_8
10
-0.5650000000000001
20
0.34800000000000003
30
0
40
0.01008
0
CIRCLE
5
11459
330
10AD3
100
AcDbEntity
100
AcDbCircle
8
KBL_FEEDER_7_8
10
-0.5650000000000001
20
0.34800000000000003
30
0
40
0.0049
0
CIRCLE
5
1145A
330
10AD3
100
AcDbEntity
100
AcDbCircle
8
KBL_FEEDER_7_8
10
-0.5650000000000001
20
0.34800000000000003
30
0
40
0.0030800000000000003
0
LINE
5
1145B
330
10AD3
100
AcDbEntity
100
AcDbLine
8
KBL_FEEDER_7_8
10
-0.5685
20
0.34800000000000003
30
0
11
-0.5615000000000001
21
0.34800000000000003
31
0
0
LINE
5
1145C
330
10AD3
100
AcDbEntity
100
AcDbLine
8
KBL_FEEDER_7_8
10
-0.5650000000000001
20
0.34450000000000003
30
0
11
-0.5650000000000001
21
0.35150000000000003
31
0
0
CIRCLE
5
1145D
330
10AD3
100
AcDbEntity
100
AcDbCircle
8
KBL_FEEDER_7_8
10
-0.535
20
0.264
30
0
40
0.014
0
CIRCLE
5
1145E
330
10AD3
100
AcDbEntity
100
AcDbCircle
8
KBL_FEEDER_7_8
10
-0.535
20
0.264
30
0
40
0.012320000000000001
0
CIRCLE
5
1145F
330
10AD3
100
AcDbEntity
100
AcDbCircle
8
KBL_FEEDER_7_8
10
-0.535
20
0.264
30
0
40
0.01008
0
CIRCLE
5
11460
330
10AD3
100
AcDbEntity
100
AcDbCircle
8
KBL_FEEDER_7_8
10
-0.535
20
0.264
30
0
40
0.0049
0
CIRCLE
5
11461
330
10AD3
100
AcDbEntity
100
AcDbCircle
8
KBL_FEEDER_7_8
10
-0.535
20
0.264
30
0
40
0.0030800000000000003
0
LINE
5
11462
330
10AD3
100
AcDbEntity
100
AcDbLine
8
KBL_FEEDER_7_8
10
-0.5385
20
0.264
30
0
11
-0.5315000000000001
21
0.264
31
0
0
LINE
5
11463
330
10AD3
100
AcDbEntity
100
AcDbLine
8
KBL_FEEDER_7_8
10
-0.535
20
0.2605
30
0
11
-0.535
21
0.2675
31
0
0
CIRCLE
5
11464
330
10AD3
100
AcDbEntity
100
AcDbCircle
8
KBL_FEEDER_7_8
10
-0.535
20
0.29200000000000004
30
0
40
0.014
0
CIRCLE
5
11465
330
10AD3
100
AcDbEntity
100
AcDbCircle
8
KBL_FEEDER_7_8
10
-0.535
20
0.29200000000000004
30
0
40
0.012320000000000001
0
CIRCLE
5
11466
330
10AD3
100
AcDbEntity
100
AcDbCircle
8
KBL_FEEDER_7_8
10
-0.535
20
0.29200000000000004
30
0
40
0.01008
0
CIRCLE
5
11467
330
10AD3
100
AcDbEntity
100
AcDbCircle
8
KBL_FEEDER_7_8
10
-0.535
20
0.29200000000000004
30
0
40
0.0049
0
CIRCLE
5
11468
330
10AD3
100
AcDbEntity
100
AcDbCircle
8
KBL_FEEDER_7_8
10
-0.535
20
0.29200000000000004
30
0
40
0.0030800000000000003
0
LINE
5
11469
330
10AD3
100
AcDbEntity
100
AcDbLine
8
KBL_FEEDER_7_8
10
-0.5385
20
0.29200000000000004
30
0
11
-0.5315000000000001
21
0.29200000000000004
31
0
0
LINE
5
1146A
330
10AD3
100
AcDbEntity
100
AcDbLine
8
KBL_FEEDER_7_8
10
-0.535
20
0.28850000000000003
30
0
11
-0.535
21
0.29550000000000004
31
0
0
CIRCLE
5
1146B
330
10AD3
100
AcDbEntity
100
AcDbCircle
8
KBL_FEEDER_7_8
10
-0.535
20
0.32
30
0
40
0.014
0
CIRCLE
5
1146C
330
10AD3
100
AcDbEntity
100
AcDbCircle
8
KBL_FEEDER_7_8
10
-0.535
20
0.32
30
0
40
0.012320000000000001
0
CIRCLE
5
1146D
330
10AD3
100
AcDbEntity
100
AcDbCircle
8
KBL_FEEDER_7_8
10
-0.535
20
0.32
30
0
40
0.01008
0
CIRCLE
5
1146E
330
10AD3
100
AcDbEntity
100
AcDbCircle
8
KBL_FEEDER_7_8
10
-0.535
20
0.32
30
0
40
0.0049
0
CIRCLE
5
1146F
330
10AD3
100
AcDbEntity
100
AcDbCircle
8
KBL_FEEDER_7_8
10
-0.535
20
0.32
30
0
40
0.0030800000000000003
0
LINE
5
11470
330
10AD3
100
AcDbEntity
100
AcDbLine
8
KBL_FEEDER_7_8
10
-0.5385
20
0.32
30
0
11
-0.5315000000000001
21
0.32
31
0
0
LINE
5
11471
330
10AD3
100
AcDbEntity
100
AcDbLine
8
KBL_FEEDER_7_8
10
-0.535
20
0.3165
30
0
11
-0.535
21
0.3235
31
0
0
CIRCLE
5
11472
330
10AD3
100
AcDbEntity
100
AcDbCircle
8
KBL_FEEDER_7_8
10
-0.535
20
0.34800000000000003
30
0
40
0.014
0
CIRCLE
5
11473
330
10AD3
100
AcDbEntity
100
AcDbCircle
8
KBL_FEEDER_7_8
10
-0.535
20
0.34800000000000003
30
0
40
0.012320000000000001
0
CIRCLE
5
11474
330
10AD3
100
AcDbEntity
100
AcDbCircle
8
KBL_FEEDER_7_8
10
-0.535
20
0.34800000000000003
30
0
40
0.01008
0
CIRCLE
5
11475
330
10AD3
100
AcDbEntity
100
AcDbCircle
8
KBL_FEEDER_7_8
10
-0.535
20
0.34800000000000003
30
0
40
0.0049
0
CIRCLE
5
11476
330
10AD3
100
AcDbEntity
100
AcDbCircle
8
KBL_FEEDER_7_8
10
-0.535
20
0.34800000000000003
30
0
40
0.0030800000000000003
0
LINE
5
11477
330
10AD3
100
AcDbEntity
100
AcDbLine
8
KBL_FEEDER_7_8
10
-0.5385
20
0.34800000000000003
30
0
11
-0.5315000000000001
21
0.34800000000000003
31
0
0
LINE
5
11478
330
10AD3
100
AcDbEntity
100
AcDbLine
8
KBL_FEEDER_7_8
10
-0.535
20
0.34450000000000003
30
0
11
-0.535
21
0.35150000000000003
31
0
0
CIRCLE
5
11479
330
10AD3
100
AcDbEntity
100
AcDbCircle
8
KBL_FEEDER_7_8
10
-0.505
20
0.264
30
0
40
0.014
0
CIRCLE
5
1147A
330
10AD3
100
AcDbEntity
100
AcDbCircle
8
KBL_FEEDER_7_8
10
-0.505
20
0.264
30
0
40
0.012320000000000001
0
CIRCLE
5
1147B
330
10AD3
100
AcDbEntity
100
AcDbCircle
8
KBL_FEEDER_7_8
10
-0.505
20
0.264
30
0
40
0.01008
0
CIRCLE
5
1147C
330
10AD3
100
AcDbEntity
100
AcDbCircle
8
KBL_FEEDER_7_8
10
-0.505
20
0.264
30
0
40
0.0049
0
CIRCLE
5
1147D
330
10AD3
100
AcDbEntity
100
AcDbCircle
8
KBL_FEEDER_7_8
10
-0.505
20
0.264
30
0
40
0.0030800000000000003
0
LINE
5
1147E
330
10AD3
100
AcDbEntity
100
AcDbLine
8
KBL_FEEDER_7_8
10
-0.5085
20
0.264
30
0
11
-0.5015000000000001
21
0.264
31
0
0
LINE
5
1147F
330
10AD3
100
AcDbEntity
100
AcDbLine
8
KBL_FEEDER_7_8
10
-0.505
20
0.2605
30
0
11
-0.505
21
0.2675
31
0
0
CIRCLE
5
11480
330
10AD3
100
AcDbEntity
100
AcDbCircle
8
KBL_FEEDER_7_8
10
-0.505
20
0.29200000000000004
30
0
40
0.014
0
CIRCLE
5
11481
330
10AD3
100
AcDbEntity
100
AcDbCircle
8
KBL_FEEDER_7_8
10
-0.505
20
0.29200000000000004
30
0
40
0.012320000000000001
0
CIRCLE
5
11482
330
10AD3
100
AcDbEntity
100
AcDbCircle
8
KBL_FEEDER_7_8
10
-0.505
20
0.29200000000000004
30
0
40
0.01008
0
CIRCLE
5
11483
330
10AD3
100
AcDbEntity
100
AcDbCircle
8
KBL_FEEDER_7_8
10
-0.505
20
0.29200000000000004
30
0
40
0.0049
0
CIRCLE
5
11484
330
10AD3
100
AcDbEntity
100
AcDbCircle
8
KBL_FEEDER_7_8
10
-0.505
20
0.29200000000000004
30
0
40
0.0030800000000000003
0
LINE
5
11485
330
10AD3
100
AcDbEntity
100
AcDbLine
8
KBL_FEEDER_7_8
10
-0.5085
20
0.29200000000000004
30
0
11
-0.5015000000000001
21
0.29200000000000004
31
0
0
LINE
5
11486
330
10AD3
100
AcDbEntity
100
AcDbLine
8
KBL_FEEDER_7_8
10
-0.505
20
0.28850000000000003
30
0
11
-0.505
21
0.29550000000000004
31
0
0
CIRCLE
5
11487
330
10AD3
100
AcDbEntity
100
AcDbCircle
8
KBL_FEEDER_7_8
10
-0.505
20
0.32
30
0
40
0.014
0
CIRCLE
5
11488
330
10AD3
100
AcDbEntity
100
AcDbCircle
8
KBL_FEEDER_7_8
10
-0.505
20
0.32
30
0
40
0.012320000000000001
0
CIRCLE
5
11489
330
10AD3
100
AcDbEntity
100
AcDbCircle
8
KBL_FEEDER_7_8
10
-0.505
20
0.32
30
0
40
0.01008
0
CIRCLE
5
1148A
330
10AD3
100
AcDbEntity
100
AcDbCircle
8
KBL_FEEDER_7_8
10
-0.505
20
0.32
30
0
40
0.0049
0
CIRCLE
5
1148B
330
10AD3
100
AcDbEntity
100
AcDbCircle
8
KBL_FEEDER_7_8
10
-0.505
20
0.32
30
0
40
0.0030800000000000003
0
LINE
5
1148C
330
10AD3
100
AcDbEntity
100
AcDbLine
8
KBL_FEEDER_7_8
10
-0.5085
20
0.32
30
0
11
-0.5015000000000001
21
0.32
31
0
0
LINE
5
1148D
330
10AD3
100
AcDbEntity
100
AcDbLine
8
KBL_FEEDER_7_8
10
-0.505
20
0.3165
30
0
11
-0.505
21
0.3235
31
0
0
CIRCLE
5
1148E
330
10AD3
100
AcDbEntity
100
AcDbCircle
8
KBL_FEEDER_7_8
10
-0.505
20
0.34800000000000003
30
0
40
0.014
0
CIRCLE
5
1148F
330
10AD3
100
AcDbEntity
100
AcDbCircle
8
KBL_FEEDER_7_8
10
-0.505
20
0.34800000000000003
30
0
40
0.012320000000000001
0
CIRCLE
5
11490
330
10AD3
100
AcDbEntity
100
AcDbCircle
8
KBL_FEEDER_7_8
10
-0.505
20
0.34800000000000003
30
0
40
0.01008
0
CIRCLE
5
11491
330
10AD3
100
AcDbEntity
100
AcDbCircle
8
KBL_FEEDER_7_8
10
-0.505
20
0.34800000000000003
30
0
40
0.0049
0
CIRCLE
5
11492
330
10AD3
100
AcDbEntity
100
AcDbCircle
8
KBL_FEEDER_7_8
10
-0.505
20
0.34800000000000003
30
0
40
0.0030800000000000003
0
LINE
5
11493
330
10AD3
100
AcDbEntity
100
AcDbLine
8
KBL_FEEDER_7_8
10
-0.5085
20
0.34800000000000003
30
0
11
-0.5015000000000001
21
0.34800000000000003
31
0
0
LINE
5
11494
330
10AD3
100
AcDbEntity
100
AcDbLine
8
KBL_FEEDER_7_8
10
-0.505
20
0.34450000000000003
30
0
11
-0.505
21
0.35150000000000003
31
0
0
CIRCLE
5
11616
330
10AD3
100
AcDbEntity
100
AcDbCircle
8
KBL_FEEDER_7_8
10
0.3400000000000001
20
0.764
30
0
40
0.014
0
CIRCLE
5
11617
330
10AD3
100
AcDbEntity
100
AcDbCircle
8
KBL_FEEDER_7_8
10
0.3400000000000001
20
0.764
30
0
40
0.012320000000000001
0
CIRCLE
5
11618
330
10AD3
100
AcDbEntity
100
AcDbCircle
8
KBL_FEEDER_7_8
10
0.3400000000000001
20
0.764
30
0
40
0.01008
0
CIRCLE
5
11619
330
10AD3
100
AcDbEntity
100
AcDbCircle
8
KBL_FEEDER_7_8
10
0.3400000000000001
20
0.764
30
0
40
0.0049
0
CIRCLE
5
1161A
330
10AD3
100
AcDbEntity
100
AcDbCircle
8
KBL_FEEDER_7_8
10
0.3400000000000001
20
0.764
30
0
40
0.0030800000000000003
0
LINE
5
1161B
330
10AD3
100
AcDbEntity
100
AcDbLine
8
KBL_FEEDER_7_8
10
0.3365000000000001
20
0.764
30
0
11
0.3435000000000001
21
0.764
31
0
0
LINE
5
1161C
330
10AD3
100
AcDbEntity
100
AcDbLine
8
KBL_FEEDER_7_8
10
0.3400000000000001
20
0.7605000000000001
30
0
11
0.3400000000000001
21
0.7675
31
0
0
CIRCLE
5
1161E
330
10AD3
100
AcDbEntity
100
AcDbCircle
8
KBL_FEEDER_7_8
10
0.4000000000000001
20
0.764
30
0
40
0.014
0
CIRCLE
5
1161F
330
10AD3
100
AcDbEntity
100
AcDbCircle
8
KBL_FEEDER_7_8
10
0.4000000000000001
20
0.764
30
0
40
0.012320000000000001
0
CIRCLE
5
11620
330
10AD3
100
AcDbEntity
100
AcDbCircle
8
KBL_FEEDER_7_8
10
0.4000000000000001
20
0.764
30
0
40
0.01008
0
CIRCLE
5
11621
330
10AD3
100
AcDbEntity
100
AcDbCircle
8
KBL_FEEDER_7_8
10
0.4000000000000001
20
0.764
30
0
40
0.0049
0
CIRCLE
5
11622
330
10AD3
100
AcDbEntity
100
AcDbCircle
8
KBL_FEEDER_7_8
10
0.4000000000000001
20
0.764
30
0
40
0.0030800000000000003
0
LINE
5
11623
330
10AD3
100
AcDbEntity
100
AcDbLine
8
KBL_FEEDER_7_8
10
0.3965000000000001
20
0.764
30
0
11
0.4035000000000001
21
0.764
31
0
0
LINE
5
11624
330
10AD3
100
AcDbEntity
100
AcDbLine
8
KBL_FEEDER_7_8
10
0.4000000000000001
20
0.7605000000000001
30
0
11
0.4000000000000001
21
0.7675
31
0
0
CIRCLE
5
11626
330
10AD3
100
AcDbEntity
100
AcDbCircle
8
KBL_FEEDER_7_8
10
0.4600000000000001
20
0.764
30
0
40
0.014
0
CIRCLE
5
11627
330
10AD3
100
AcDbEntity
100
AcDbCircle
8
KBL_FEEDER_7_8
10
0.4600000000000001
20
0.764
30
0
40
0.012320000000000001
0
CIRCLE
5
11628
330
10AD3
100
AcDbEntity
100
AcDbCircle
8
KBL_FEEDER_7_8
10
0.4600000000000001
20
0.764
30
0
40
0.01008
0
CIRCLE
5
11629
330
10AD3
100
AcDbEntity
100
AcDbCircle
8
KBL_FEEDER_7_8
10
0.4600000000000001
20
0.764
30
0
40
0.0049
0
CIRCLE
5
1162A
330
10AD3
100
AcDbEntity
100
AcDbCircle
8
KBL_FEEDER_7_8
10
0.4600000000000001
20
0.764
30
0
40
0.0030800000000000003
0
LINE
5
1162B
330
10AD3
100
AcDbEntity
100
AcDbLine
8
KBL_FEEDER_7_8
10
0.4565000000000001
20
0.764
30
0
11
0.4635000000000001
21
0.764
31
0
0
LINE
5
1162C
330
10AD3
100
AcDbEntity
100
AcDbLine
8
KBL_FEEDER_7_8
10
0.4600000000000001
20
0.7605000000000001
30
0
11
0.4600000000000001
21
0.7675
31
0
0
CIRCLE
5
1162E
330
10AD3
100
AcDbEntity
100
AcDbCircle
8
KBL_FEEDER_7_8
10
0.52
20
0.764
30
0
40
0.014
0
CIRCLE
5
1162F
330
10AD3
100
AcDbEntity
100
AcDbCircle
8
KBL_FEEDER_7_8
10
0.52
20
0.764
30
0
40
0.012320000000000001
0
CIRCLE
5
11630
330
10AD3
100
AcDbEntity
100
AcDbCircle
8
KBL_FEEDER_7_8
10
0.52
20
0.764
30
0
40
0.01008
0
CIRCLE
5
11631
330
10AD3
100
AcDbEntity
100
AcDbCircle
8
KBL_FEEDER_7_8
10
0.52
20
0.764
30
0
40
0.0049
0
CIRCLE
5
11632
330
10AD3
100
AcDbEntity
100
AcDbCircle
8
KBL_FEEDER_7_8
10
0.52
20
0.764
30
0
40
0.0030800000000000003
0
LINE
5
11633
330
10AD3
100
AcDbEntity
100
AcDbLine
8
KBL_FEEDER_7_8
10
0.5165000000000001
20
0.764
30
0
11
0.5235
21
0.764
31
0
0
LINE
5
11634
330
10AD3
100
AcDbEntity
100
AcDbLine
8
KBL_FEEDER_7_8
10
0.52
20
0.7605000000000001
30
0
11
0.52
21
0.7675
31
0
0
CIRCLE
5
11636
330
10AD3
100
AcDbEntity
100
AcDbCircle
8
KBL_FEEDER_7_8
10
0.5800000000000001
20
0.764
30
0
40
0.014
0
CIRCLE
5
11637
330
10AD3
100
AcDbEntity
100
AcDbCircle
8
KBL_FEEDER_7_8
10
0.5800000000000001
20
0.764
30
0
40
0.012320000000000001
0
CIRCLE
5
11638
330
10AD3
100
AcDbEntity
100
AcDbCircle
8
KBL_FEEDER_7_8
10
0.5800000000000001
20
0.764
30
0
40
0.01008
0
CIRCLE
5
11639
330
10AD3
100
AcDbEntity
100
AcDbCircle
8
KBL_FEEDER_7_8
10
0.5800000000000001
20
0.764
30
0
40
0.0049
0
CIRCLE
5
1163A
330
10AD3
100
AcDbEntity
100
AcDbCircle
8
KBL_FEEDER_7_8
10
0.5800000000000001
20
0.764
30
0
40
0.0030800000000000003
0
LINE
5
1163B
330
10AD3
100
AcDbEntity
100
AcDbLine
8
KBL_FEEDER_7_8
10
0.5765000000000001
20
0.764
30
0
11
0.5835
21
0.764
31
0
0
LINE
5
1163C
330
10AD3
100
AcDbEntity
100
AcDbLine
8
KBL_FEEDER_7_8
10
0.5800000000000001
20
0.7605000000000001
30
0
11
0.5800000000000001
21
0.7675
31
0
0
CIRCLE
5
1163E
330
10AD3
100
AcDbEntity
100
AcDbCircle
8
KBL_FEEDER_7_8
10
0.6400000000000001
20
0.764
30
0
40
0.014
0
CIRCLE
5
1163F
330
10AD3
100
AcDbEntity
100
AcDbCircle
8
KBL_FEEDER_7_8
10
0.6400000000000001
20
0.764
30
0
40
0.012320000000000001
0
CIRCLE
5
11640
330
10AD3
100
AcDbEntity
100
AcDbCircle
8
KBL_FEEDER_7_8
10
0.6400000000000001
20
0.764
30
0
40
0.01008
0
CIRCLE
5
11641
330
10AD3
100
AcDbEntity
100
AcDbCircle
8
KBL_FEEDER_7_8
10
0.6400000000000001
20
0.764
30
0
40
0.0049
0
CIRCLE
5
11642
330
10AD3
100
AcDbEntity
100
AcDbCircle
8
KBL_FEEDER_7_8
10
0.6400000000000001
20
0.764
30
0
40
0.0030800000000000003
0
LINE
5
11643
330
10AD3
100
AcDbEntity
100
AcDbLine
8
KBL_FEEDER_7_8
10
0.6365000000000002
20
0.764
30
0
11
0.6435000000000001
21
0.764
31
0
0
LINE
5
11644
330
10AD3
100
AcDbEntity
100
AcDbLine
8
KBL_FEEDER_7_8
10
0.6400000000000001
20
0.7605000000000001
30
0
11
0.6400000000000001
21
0.7675
31
0
0
CIRCLE
5
11646
330
10AD3
100
AcDbEntity
100
AcDbCircle
8
KBL_FEEDER_7_8
10
0.7000000000000001
20
0.764
30
0
40
0.014
0
CIRCLE
5
11647
330
10AD3
100
AcDbEntity
100
AcDbCircle
8
KBL_FEEDER_7_8
10
0.7000000000000001
20
0.764
30
0
40
0.012320000000000001
0
CIRCLE
5
11648
330
10AD3
100
AcDbEntity
100
AcDbCircle
8
KBL_FEEDER_7_8
10
0.7000000000000001
20
0.764
30
0
40
0.01008
0
CIRCLE
5
11649
330
10AD3
100
AcDbEntity
100
AcDbCircle
8
KBL_FEEDER_7_8
10
0.7000000000000001
20
0.764
30
0
40
0.0049
0
CIRCLE
5
1164A
330
10AD3
100
AcDbEntity
100
AcDbCircle
8
KBL_FEEDER_7_8
10
0.7000000000000001
20
0.764
30
0
40
0.0030800000000000003
0
LINE
5
1164B
330
10AD3
100
AcDbEntity
100
AcDbLine
8
KBL_FEEDER_7_8
10
0.6965000000000001
20
0.764
30
0
11
0.7035
21
0.764
31
0
0
LINE
5
1164C
330
10AD3
100
AcDbEntity
100
AcDbLine
8
KBL_FEEDER_7_8
10
0.7000000000000001
20
0.7605000000000001
30
0
11
0.7000000000000001
21
0.7675
31
0
0
CIRCLE
5
1164E
330
10AD3
100
AcDbEntity
100
AcDbCircle
8
KBL_FEEDER_7_8
10
0.76
20
0.764
30
0
40
0.014
0
CIRCLE
5
1164F
330
10AD3
100
AcDbEntity
100
AcDbCircle
8
KBL_FEEDER_7_8
10
0.76
20
0.764
30
0
40
0.012320000000000001
0
CIRCLE
5
11650
330
10AD3
100
AcDbEntity
100
AcDbCircle
8
KBL_FEEDER_7_8
10
0.76
20
0.764
30
0
40
0.01008
0
CIRCLE
5
11651
330
10AD3
100
AcDbEntity
100
AcDbCircle
8
KBL_FEEDER_7_8
10
0.76
20
0.764
30
0
40
0.0049
0
CIRCLE
5
11652
330
10AD3
100
AcDbEntity
100
AcDbCircle
8
KBL_FEEDER_7_8
10
0.76
20
0.764
30
0
40
0.0030800000000000003
0
LINE
5
11653
330
10AD3
100
AcDbEntity
100
AcDbLine
8
KBL_FEEDER_7_8
10
0.7565000000000001
20
0.764
30
0
11
0.7635
21
0.764
31
0
0
LINE
5
11654
330
10AD3
100
AcDbEntity
100
AcDbLine
8
KBL_FEEDER_7_8
10
0.76
20
0.7605000000000001
30
0
11
0.76
21
0.7675
31
0
0
CIRCLE
5
1165B
330
10AD3
100
AcDbEntity
100
AcDbCircle
8
KBL_FEEDER_7_8
10
0.37000000000000005
20
0.295
30
0
40
0.014
0
CIRCLE
5
1165C
330
10AD3
100
AcDbEntity
100
AcDbCircle
8
KBL_FEEDER_7_8
10
0.37000000000000005
20
0.295
30
0
40
0.012320000000000001
0
CIRCLE
5
1165D
330
10AD3
100
AcDbEntity
100
AcDbCircle
8
KBL_FEEDER_7_8
10
0.37000000000000005
20
0.295
30
0
40
0.01008
0
CIRCLE
5
1165E
330
10AD3
100
AcDbEntity
100
AcDbCircle
8
KBL_FEEDER_7_8
10
0.37000000000000005
20
0.295
30
0
40
0.0049
0
CIRCLE
5
1165F
330
10AD3
100
AcDbEntity
100
AcDbCircle
8
KBL_FEEDER_7_8
10
0.37000000000000005
20
0.295
30
0
40
0.0030800000000000003
0
LINE
5
11660
330
10AD3
100
AcDbEntity
100
AcDbLine
8
KBL_FEEDER_7_8
10
0.36650000000000005
20
0.295
30
0
11
0.37350000000000005
21
0.295
31
0
0
LINE
5
11661
330
10AD3
100
AcDbEntity
100
AcDbLine
8
KBL_FEEDER_7_8
10
0.37000000000000005
20
0.2915
30
0
11
0.37000000000000005
21
0.2985
31
0
0
CIRCLE
5
10F03
330
10AD3
100
AcDbEntity
100
AcDbCircle
8
KBL_ENERJI_2X25
10
-0.44500000000000006
20
1.7605
30
0
40
0.0105
0
CIRCLE
5
10F04
330
10AD3
100
AcDbEntity
100
AcDbCircle
8
KBL_ENERJI_2X25
10
-0.44500000000000006
20
1.7605
30
0
40
0.00945
0
CIRCLE
5
10F05
330
10AD3
100
AcDbEntity
100
AcDbCircle
8
KBL_ENERJI_2X25
10
-0.44899000000000006
20
1.7605
30
0
40
0.00378
0
CIRCLE
5
10F06
330
10AD3
100
AcDbEntity
100
AcDbCircle
8
KBL_ENERJI_2X25
10
-0.44899000000000006
20
1.7605
30
0
40
0.002646
0
CIRCLE
5
10F07
330
10AD3
100
AcDbEntity
100
AcDbCircle
8
KBL_ENERJI_2X25
10
-0.44101000000000007
20
1.7605
30
0
40
0.00378
0
CIRCLE
5
10F08
330
10AD3
100
AcDbEntity
100
AcDbCircle
8
KBL_ENERJI_2X25
10
-0.44101000000000007
20
1.7605
30
0
40
0.002646
0
CIRCLE
5
10F09
330
10AD3
100
AcDbEntity
100
AcDbCircle
8
KBL_ENERJI_2X25
10
-0.42200000000000004
20
1.7605
30
0
40
0.0105
0
CIRCLE
5
10F0A
330
10AD3
100
AcDbEntity
100
AcDbCircle
8
KBL_ENERJI_2X25
10
-0.42200000000000004
20
1.7605
30
0
40
0.00945
0
CIRCLE
5
10F0B
330
10AD3
100
AcDbEntity
100
AcDbCircle
8
KBL_ENERJI_2X25
10
-0.42599000000000004
20
1.7605
30
0
40
0.00378
0
CIRCLE
5
10F0C
330
10AD3
100
AcDbEntity
100
AcDbCircle
8
KBL_ENERJI_2X25
10
-0.42599000000000004
20
1.7605
30
0
40
0.002646
0
CIRCLE
5
10F0D
330
10AD3
100
AcDbEntity
100
AcDbCircle
8
KBL_ENERJI_2X25
10
-0.41801000000000005
20
1.7605
30
0
40
0.00378
0
CIRCLE
5
10F0E
330
10AD3
100
AcDbEntity
100
AcDbCircle
8
KBL_ENERJI_2X25
10
-0.41801000000000005
20
1.7605
30
0
40
0.002646
0
CIRCLE
5
10F0F
330
10AD3
100
AcDbEntity
100
AcDbCircle
8
KBL_ENERJI_2X25
10
-0.3990000000000001
20
1.7605
30
0
40
0.0105
0
CIRCLE
5
10F10
330
10AD3
100
AcDbEntity
100
AcDbCircle
8
KBL_ENERJI_2X25
10
-0.3990000000000001
20
1.7605
30
0
40
0.00945
0
CIRCLE
5
10F11
330
10AD3
100
AcDbEntity
100
AcDbCircle
8
KBL_ENERJI_2X25
10
-0.40299000000000007
20
1.7605
30
0
40
0.00378
0
CIRCLE
5
10F12
330
10AD3
100
AcDbEntity
100
AcDbCircle
8
KBL_ENERJI_2X25
10
-0.40299000000000007
20
1.7605
30
0
40
0.002646
0
CIRCLE
5
10F13
330
10AD3
100
AcDbEntity
100
AcDbCircle
8
KBL_ENERJI_2X25
10
-0.3950100000000001
20
1.7605
30
0
40
0.00378
0
CIRCLE
5
10F14
330
10AD3
100
AcDbEntity
100
AcDbCircle
8
KBL_ENERJI_2X25
10
-0.3950100000000001
20
1.7605
30
0
40
0.002646
0
CIRCLE
5
10F15
330
10AD3
100
AcDbEntity
100
AcDbCircle
8
KBL_ENERJI_2X25
10
-0.37600000000000006
20
1.7605
30
0
40
0.0105
0
CIRCLE
5
10F16
330
10AD3
100
AcDbEntity
100
AcDbCircle
8
KBL_ENERJI_2X25
10
-0.37600000000000006
20
1.7605
30
0
40
0.00945
0
CIRCLE
5
10F17
330
10AD3
100
AcDbEntity
100
AcDbCircle
8
KBL_ENERJI_2X25
10
-0.37999000000000005
20
1.7605
30
0
40
0.00378
0
CIRCLE
5
10F18
330
10AD3
100
AcDbEntity
100
AcDbCircle
8
KBL_ENERJI_2X25
10
-0.37999000000000005
20
1.7605
30
0
40
0.002646
0
CIRCLE
5
10F19
330
10AD3
100
AcDbEntity
100
AcDbCircle
8
KBL_ENERJI_2X25
10
-0.37201000000000006
20
1.7605
30
0
40
0.00378
0
CIRCLE
5
10F1A
330
10AD3
100
AcDbEntity
100
AcDbCircle
8
KBL_ENERJI_2X25
10
-0.37201000000000006
20
1.7605
30
0
40
0.002646
0
CIRCLE
5
10F1B
330
10AD3
100
AcDbEntity
100
AcDbCircle
8
KBL_ENERJI_2X25
10
-0.44500000000000006
20
1.7825
30
0
40
0.0105
0
CIRCLE
5
10F1C
330
10AD3
100
AcDbEntity
100
AcDbCircle
8
KBL_ENERJI_2X25
10
-0.44500000000000006
20
1.7825
30
0
40
0.00945
0
CIRCLE
5
10F1D
330
10AD3
100
AcDbEntity
100
AcDbCircle
8
KBL_ENERJI_2X25
10
-0.44899000000000006
20
1.7825
30
0
40
0.00378
0
CIRCLE
5
10F1E
330
10AD3
100
AcDbEntity
100
AcDbCircle
8
KBL_ENERJI_2X25
10
-0.44899000000000006
20
1.7825
30
0
40
0.002646
0
CIRCLE
5
10F1F
330
10AD3
100
AcDbEntity
100
AcDbCircle
8
KBL_ENERJI_2X25
10
-0.44101000000000007
20
1.7825
30
0
40
0.00378
0
CIRCLE
5
10F20
330
10AD3
100
AcDbEntity
100
AcDbCircle
8
KBL_ENERJI_2X25
10
-0.44101000000000007
20
1.7825
30
0
40
0.002646
0
CIRCLE
5
10F21
330
10AD3
100
AcDbEntity
100
AcDbCircle
8
KBL_ENERJI_2X25
10
-0.42200000000000004
20
1.7825
30
0
40
0.0105
0
CIRCLE
5
10F22
330
10AD3
100
AcDbEntity
100
AcDbCircle
8
KBL_ENERJI_2X25
10
-0.42200000000000004
20
1.7825
30
0
40
0.00945
0
CIRCLE
5
10F23
330
10AD3
100
AcDbEntity
100
AcDbCircle
8
KBL_ENERJI_2X25
10
-0.42599000000000004
20
1.7825
30
0
40
0.00378
0
CIRCLE
5
10F24
330
10AD3
100
AcDbEntity
100
AcDbCircle
8
KBL_ENERJI_2X25
10
-0.42599000000000004
20
1.7825
30
0
40
0.002646
0
CIRCLE
5
10F25
330
10AD3
100
AcDbEntity
100
AcDbCircle
8
KBL_ENERJI_2X25
10
-0.41801000000000005
20
1.7825
30
0
40
0.00378
0
CIRCLE
5
10F26
330
10AD3
100
AcDbEntity
100
AcDbCircle
8
KBL_ENERJI_2X25
10
-0.41801000000000005
20
1.7825
30
0
40
0.002646
0
CIRCLE
5
10F27
330
10AD3
100
AcDbEntity
100
AcDbCircle
8
KBL_ENERJI_2X25
10
-0.3990000000000001
20
1.7825
30
0
40
0.0105
0
CIRCLE
5
10F28
330
10AD3
100
AcDbEntity
100
AcDbCircle
8
KBL_ENERJI_2X25
10
-0.3990000000000001
20
1.7825
30
0
40
0.00945
0
CIRCLE
5
10F29
330
10AD3
100
AcDbEntity
100
AcDbCircle
8
KBL_ENERJI_2X25
10
-0.40299000000000007
20
1.7825
30
0
40
0.00378
0
CIRCLE
5
10F2A
330
10AD3
100
AcDbEntity
100
AcDbCircle
8
KBL_ENERJI_2X25
10
-0.40299000000000007
20
1.7825
30
0
40
0.002646
0
CIRCLE
5
10F2B
330
10AD3
100
AcDbEntity
100
AcDbCircle
8
KBL_ENERJI_2X25
10
-0.3950100000000001
20
1.7825
30
0
40
0.00378
0
CIRCLE
5
10F2C
330
10AD3
100
AcDbEntity
100
AcDbCircle
8
KBL_ENERJI_2X25
10
-0.3950100000000001
20
1.7825
30
0
40
0.002646
0
CIRCLE
5
10F2D
330
10AD3
100
AcDbEntity
100
AcDbCircle
8
KBL_ENERJI_2X25
10
-0.37600000000000006
20
1.7825
30
0
40
0.0105
0
CIRCLE
5
10F2E
330
10AD3
100
AcDbEntity
100
AcDbCircle
8
KBL_ENERJI_2X25
10
-0.37600000000000006
20
1.7825
30
0
40
0.00945
0
CIRCLE
5
10F2F
330
10AD3
100
AcDbEntity
100
AcDbCircle
8
KBL_ENERJI_2X25
10
-0.37999000000000005
20
1.7825
30
0
40
0.00378
0
CIRCLE
5
10F30
330
10AD3
100
AcDbEntity
100
AcDbCircle
8
KBL_ENERJI_2X25
10
-0.37999000000000005
20
1.7825
30
0
40
0.002646
0
CIRCLE
5
10F31
330
10AD3
100
AcDbEntity
100
AcDbCircle
8
KBL_ENERJI_2X25
10
-0.37201000000000006
20
1.7825
30
0
40
0.00378
0
CIRCLE
5
10F32
330
10AD3
100
AcDbEntity
100
AcDbCircle
8
KBL_ENERJI_2X25
10
-0.37201000000000006
20
1.7825
30
0
40
0.002646
0
CIRCLE
5
10F33
330
10AD3
100
AcDbEntity
100
AcDbCircle
8
KBL_ENERJI_2X25
10
-0.44500000000000006
20
1.8045
30
0
40
0.0105
0
CIRCLE
5
10F34
330
10AD3
100
AcDbEntity
100
AcDbCircle
8
KBL_ENERJI_2X25
10
-0.44500000000000006
20
1.8045
30
0
40
0.00945
0
CIRCLE
5
10F35
330
10AD3
100
AcDbEntity
100
AcDbCircle
8
KBL_ENERJI_2X25
10
-0.44899000000000006
20
1.8045
30
0
40
0.00378
0
CIRCLE
5
10F36
330
10AD3
100
AcDbEntity
100
AcDbCircle
8
KBL_ENERJI_2X25
10
-0.44899000000000006
20
1.8045
30
0
40
0.002646
0
CIRCLE
5
10F37
330
10AD3
100
AcDbEntity
100
AcDbCircle
8
KBL_ENERJI_2X25
10
-0.44101000000000007
20
1.8045
30
0
40
0.00378
0
CIRCLE
5
10F38
330
10AD3
100
AcDbEntity
100
AcDbCircle
8
KBL_ENERJI_2X25
10
-0.44101000000000007
20
1.8045
30
0
40
0.002646
0
CIRCLE
5
10F39
330
10AD3
100
AcDbEntity
100
AcDbCircle
8
KBL_ENERJI_2X25
10
-0.42200000000000004
20
1.8045
30
0
40
0.0105
0
CIRCLE
5
10F3A
330
10AD3
100
AcDbEntity
100
AcDbCircle
8
KBL_ENERJI_2X25
10
-0.42200000000000004
20
1.8045
30
0
40
0.00945
0
CIRCLE
5
10F3B
330
10AD3
100
AcDbEntity
100
AcDbCircle
8
KBL_ENERJI_2X25
10
-0.42599000000000004
20
1.8045
30
0
40
0.00378
0
CIRCLE
5
10F3C
330
10AD3
100
AcDbEntity
100
AcDbCircle
8
KBL_ENERJI_2X25
10
-0.42599000000000004
20
1.8045
30
0
40
0.002646
0
CIRCLE
5
10F3D
330
10AD3
100
AcDbEntity
100
AcDbCircle
8
KBL_ENERJI_2X25
10
-0.41801000000000005
20
1.8045
30
0
40
0.00378
0
CIRCLE
5
10F3E
330
10AD3
100
AcDbEntity
100
AcDbCircle
8
KBL_ENERJI_2X25
10
-0.41801000000000005
20
1.8045
30
0
40
0.002646
0
CIRCLE
5
10F3F
330
10AD3
100
AcDbEntity
100
AcDbCircle
8
KBL_ENERJI_2X25
10
-0.3990000000000001
20
1.8045
30
0
40
0.0105
0
CIRCLE
5
10F40
330
10AD3
100
AcDbEntity
100
AcDbCircle
8
KBL_ENERJI_2X25
10
-0.3990000000000001
20
1.8045
30
0
40
0.00945
0
CIRCLE
5
10F41
330
10AD3
100
AcDbEntity
100
AcDbCircle
8
KBL_ENERJI_2X25
10
-0.40299000000000007
20
1.8045
30
0
40
0.00378
0
CIRCLE
5
10F42
330
10AD3
100
AcDbEntity
100
AcDbCircle
8
KBL_ENERJI_2X25
10
-0.40299000000000007
20
1.8045
30
0
40
0.002646
0
CIRCLE
5
10F43
330
10AD3
100
AcDbEntity
100
AcDbCircle
8
KBL_ENERJI_2X25
10
-0.3950100000000001
20
1.8045
30
0
40
0.00378
0
CIRCLE
5
10F44
330
10AD3
100
AcDbEntity
100
AcDbCircle
8
KBL_ENERJI_2X25
10
-0.3950100000000001
20
1.8045
30
0
40
0.002646
0
CIRCLE
5
10F45
330
10AD3
100
AcDbEntity
100
AcDbCircle
8
KBL_ENERJI_2X25
10
-0.37600000000000006
20
1.8045
30
0
40
0.0105
0
CIRCLE
5
10F46
330
10AD3
100
AcDbEntity
100
AcDbCircle
8
KBL_ENERJI_2X25
10
-0.37600000000000006
20
1.8045
30
0
40
0.00945
0
CIRCLE
5
10F47
330
10AD3
100
AcDbEntity
100
AcDbCircle
8
KBL_ENERJI_2X25
10
-0.37999000000000005
20
1.8045
30
0
40
0.00378
0
CIRCLE
5
10F48
330
10AD3
100
AcDbEntity
100
AcDbCircle
8
KBL_ENERJI_2X25
10
-0.37999000000000005
20
1.8045
30
0
40
0.002646
0
CIRCLE
5
10F49
330
10AD3
100
AcDbEntity
100
AcDbCircle
8
KBL_ENERJI_2X25
10
-0.37201000000000006
20
1.8045
30
0
40
0.00378
0
CIRCLE
5
10F4A
330
10AD3
100
AcDbEntity
100
AcDbCircle
8
KBL_ENERJI_2X25
10
-0.37201000000000006
20
1.8045
30
0
40
0.002646
0
CIRCLE
5
10F4B
330
10AD3
100
AcDbEntity
100
AcDbCircle
8
KBL_ENERJI_2X25
10
-0.44500000000000006
20
1.8265
30
0
40
0.0105
0
CIRCLE
5
10F4C
330
10AD3
100
AcDbEntity
100
AcDbCircle
8
KBL_ENERJI_2X25
10
-0.44500000000000006
20
1.8265
30
0
40
0.00945
0
CIRCLE
5
10F4D
330
10AD3
100
AcDbEntity
100
AcDbCircle
8
KBL_ENERJI_2X25
10
-0.44899000000000006
20
1.8265
30
0
40
0.00378
0
CIRCLE
5
10F4E
330
10AD3
100
AcDbEntity
100
AcDbCircle
8
KBL_ENERJI_2X25
10
-0.44899000000000006
20
1.8265
30
0
40
0.002646
0
CIRCLE
5
10F4F
330
10AD3
100
AcDbEntity
100
AcDbCircle
8
KBL_ENERJI_2X25
10
-0.44101000000000007
20
1.8265
30
0
40
0.00378
0
CIRCLE
5
10F50
330
10AD3
100
AcDbEntity
100
AcDbCircle
8
KBL_ENERJI_2X25
10
-0.44101000000000007
20
1.8265
30
0
40
0.002646
0
CIRCLE
5
11581
330
10AD3
100
AcDbEntity
100
AcDbCircle
8
KBL_ENERJI_2X25
10
0.3400000000000001
20
1.2605
30
0
40
0.0105
0
CIRCLE
5
11582
330
10AD3
100
AcDbEntity
100
AcDbCircle
8
KBL_ENERJI_2X25
10
0.3400000000000001
20
1.2605
30
0
40
0.00945
0
CIRCLE
5
11583
330
10AD3
100
AcDbEntity
100
AcDbCircle
8
KBL_ENERJI_2X25
10
0.3360100000000001
20
1.2605
30
0
40
0.00378
0
CIRCLE
5
11584
330
10AD3
100
AcDbEntity
100
AcDbCircle
8
KBL_ENERJI_2X25
10
0.3360100000000001
20
1.2605
30
0
40
0.002646
0
CIRCLE
5
11585
330
10AD3
100
AcDbEntity
100
AcDbCircle
8
KBL_ENERJI_2X25
10
0.3439900000000001
20
1.2605
30
0
40
0.00378
0
CIRCLE
5
11586
330
10AD3
100
AcDbEntity
100
AcDbCircle
8
KBL_ENERJI_2X25
10
0.3439900000000001
20
1.2605
30
0
40
0.002646
0
CIRCLE
5
11587
330
10AD3
100
AcDbEntity
100
AcDbCircle
8
KBL_ENERJI_2X25
10
0.3720000000000001
20
1.2605
30
0
40
0.0105
0
CIRCLE
5
11588
330
10AD3
100
AcDbEntity
100
AcDbCircle
8
KBL_ENERJI_2X25
10
0.3720000000000001
20
1.2605
30
0
40
0.00945
0
CIRCLE
5
11589
330
10AD3
100
AcDbEntity
100
AcDbCircle
8
KBL_ENERJI_2X25
10
0.3680100000000001
20
1.2605
30
0
40
0.00378
0
CIRCLE
5
1158A
330
10AD3
100
AcDbEntity
100
AcDbCircle
8
KBL_ENERJI_2X25
10
0.3680100000000001
20
1.2605
30
0
40
0.002646
0
CIRCLE
5
1158B
330
10AD3
100
AcDbEntity
100
AcDbCircle
8
KBL_ENERJI_2X25
10
0.3759900000000001
20
1.2605
30
0
40
0.00378
0
CIRCLE
5
1158C
330
10AD3
100
AcDbEntity
100
AcDbCircle
8
KBL_ENERJI_2X25
10
0.3759900000000001
20
1.2605
30
0
40
0.002646
0
CIRCLE
5
1158D
330
10AD3
100
AcDbEntity
100
AcDbCircle
8
KBL_ENERJI_2X25
10
0.4040000000000001
20
1.2605
30
0
40
0.0105
0
CIRCLE
5
1158E
330
10AD3
100
AcDbEntity
100
AcDbCircle
8
KBL_ENERJI_2X25
10
0.4040000000000001
20
1.2605
30
0
40
0.00945
0
CIRCLE
5
1158F
330
10AD3
100
AcDbEntity
100
AcDbCircle
8
KBL_ENERJI_2X25
10
0.4000100000000001
20
1.2605
30
0
40
0.00378
0
CIRCLE
5
11590
330
10AD3
100
AcDbEntity
100
AcDbCircle
8
KBL_ENERJI_2X25
10
0.4000100000000001
20
1.2605
30
0
40
0.002646
0
CIRCLE
5
11591
330
10AD3
100
AcDbEntity
100
AcDbCircle
8
KBL_ENERJI_2X25
10
0.4079900000000001
20
1.2605
30
0
40
0.00378
0
CIRCLE
5
11592
330
10AD3
100
AcDbEntity
100
AcDbCircle
8
KBL_ENERJI_2X25
10
0.4079900000000001
20
1.2605
30
0
40
0.002646
0
CIRCLE
5
11593
330
10AD3
100
AcDbEntity
100
AcDbCircle
8
KBL_ENERJI_2X25
10
0.43600000000000005
20
1.2605
30
0
40
0.0105
0
CIRCLE
5
11594
330
10AD3
100
AcDbEntity
100
AcDbCircle
8
KBL_ENERJI_2X25
10
0.43600000000000005
20
1.2605
30
0
40
0.00945
0
CIRCLE
5
11595
330
10AD3
100
AcDbEntity
100
AcDbCircle
8
KBL_ENERJI_2X25
10
0.43201000000000006
20
1.2605
30
0
40
0.00378
0
CIRCLE
5
11596
330
10AD3
100
AcDbEntity
100
AcDbCircle
8
KBL_ENERJI_2X25
10
0.43201000000000006
20
1.2605
30
0
40
0.002646
0
CIRCLE
5
11597
330
10AD3
100
AcDbEntity
100
AcDbCircle
8
KBL_ENERJI_2X25
10
0.43999000000000005
20
1.2605
30
0
40
0.00378
0
CIRCLE
5
11598
330
10AD3
100
AcDbEntity
100
AcDbCircle
8
KBL_ENERJI_2X25
10
0.43999000000000005
20
1.2605
30
0
40
0.002646
0
CIRCLE
5
11599
330
10AD3
100
AcDbEntity
100
AcDbCircle
8
KBL_ENERJI_2X25
10
0.4680000000000001
20
1.2605
30
0
40
0.0105
0
CIRCLE
5
1159A
330
10AD3
100
AcDbEntity
100
AcDbCircle
8
KBL_ENERJI_2X25
10
0.4680000000000001
20
1.2605
30
0
40
0.00945
0
CIRCLE
5
1159B
330
10AD3
100
AcDbEntity
100
AcDbCircle
8
KBL_ENERJI_2X25
10
0.4640100000000001
20
1.2605
30
0
40
0.00378
0
CIRCLE
5
1159C
330
10AD3
100
AcDbEntity
100
AcDbCircle
8
KBL_ENERJI_2X25
10
0.4640100000000001
20
1.2605
30
0
40
0.002646
0
CIRCLE
5
1159D
330
10AD3
100
AcDbEntity
100
AcDbCircle
8
KBL_ENERJI_2X25
10
0.4719900000000001
20
1.2605
30
0
40
0.00378
0
CIRCLE
5
1159E
330
10AD3
100
AcDbEntity
100
AcDbCircle
8
KBL_ENERJI_2X25
10
0.4719900000000001
20
1.2605
30
0
40
0.002646
0
CIRCLE
5
1159F
330
10AD3
100
AcDbEntity
100
AcDbCircle
8
KBL_ENERJI_2X25
10
0.5000000000000001
20
1.2605
30
0
40
0.0105
0
CIRCLE
5
115A0
330
10AD3
100
AcDbEntity
100
AcDbCircle
8
KBL_ENERJI_2X25
10
0.5000000000000001
20
1.2605
30
0
40
0.00945
0
CIRCLE
5
115A1
330
10AD3
100
AcDbEntity
100
AcDbCircle
8
KBL_ENERJI_2X25
10
0.4960100000000001
20
1.2605
30
0
40
0.00378
0
CIRCLE
5
115A2
330
10AD3
100
AcDbEntity
100
AcDbCircle
8
KBL_ENERJI_2X25
10
0.4960100000000001
20
1.2605
30
0
40
0.002646
0
CIRCLE
5
115A3
330
10AD3
100
AcDbEntity
100
AcDbCircle
8
KBL_ENERJI_2X25
10
0.5039900000000002
20
1.2605
30
0
40
0.00378
0
CIRCLE
5
115A4
330
10AD3
100
AcDbEntity
100
AcDbCircle
8
KBL_ENERJI_2X25
10
0.5039900000000002
20
1.2605
30
0
40
0.002646
0
CIRCLE
5
115A5
330
10AD3
100
AcDbEntity
100
AcDbCircle
8
KBL_ENERJI_2X25
10
0.532
20
1.2605
30
0
40
0.0105
0
CIRCLE
5
115A6
330
10AD3
100
AcDbEntity
100
AcDbCircle
8
KBL_ENERJI_2X25
10
0.532
20
1.2605
30
0
40
0.00945
0
CIRCLE
5
115A7
330
10AD3
100
AcDbEntity
100
AcDbCircle
8
KBL_ENERJI_2X25
10
0.52801
20
1.2605
30
0
40
0.00378
0
CIRCLE
5
115A8
330
10AD3
100
AcDbEntity
100
AcDbCircle
8
KBL_ENERJI_2X25
10
0.52801
20
1.2605
30
0
40
0.002646
0
CIRCLE
5
115A9
330
10AD3
100
AcDbEntity
100
AcDbCircle
8
KBL_ENERJI_2X25
10
0.5359900000000001
20
1.2605
30
0
40
0.00378
0
CIRCLE
5
115AA
330
10AD3
100
AcDbEntity
100
AcDbCircle
8
KBL_ENERJI_2X25
10
0.5359900000000001
20
1.2605
30
0
40
0.002646
0
CIRCLE
5
115AB
330
10AD3
100
AcDbEntity
100
AcDbCircle
8
KBL_ENERJI_2X25
10
0.3400000000000001
20
1.2865
30
0
40
0.0105
0
CIRCLE
5
115AC
330
10AD3
100
AcDbEntity
100
AcDbCircle
8
KBL_ENERJI_2X25
10
0.3400000000000001
20
1.2865
30
0
40
0.00945
0
CIRCLE
5
115AD
330
10AD3
100
AcDbEntity
100
AcDbCircle
8
KBL_ENERJI_2X25
10
0.3360100000000001
20
1.2865
30
0
40
0.00378
0
CIRCLE
5
115AE
330
10AD3
100
AcDbEntity
100
AcDbCircle
8
KBL_ENERJI_2X25
10
0.3360100000000001
20
1.2865
30
0
40
0.002646
0
CIRCLE
5
115AF
330
10AD3
100
AcDbEntity
100
AcDbCircle
8
KBL_ENERJI_2X25
10
0.3439900000000001
20
1.2865
30
0
40
0.00378
0
CIRCLE
5
115B0
330
10AD3
100
AcDbEntity
100
AcDbCircle
8
KBL_ENERJI_2X25
10
0.3439900000000001
20
1.2865
30
0
40
0.002646
0
CIRCLE
5
115B1
330
10AD3
100
AcDbEntity
100
AcDbCircle
8
KBL_ENERJI_2X25
10
0.3720000000000001
20
1.2865
30
0
40
0.0105
0
CIRCLE
5
115B2
330
10AD3
100
AcDbEntity
100
AcDbCircle
8
KBL_ENERJI_2X25
10
0.3720000000000001
20
1.2865
30
0
40
0.00945
0
CIRCLE
5
115B3
330
10AD3
100
AcDbEntity
100
AcDbCircle
8
KBL_ENERJI_2X25
10
0.3680100000000001
20
1.2865
30
0
40
0.00378
0
CIRCLE
5
115B4
330
10AD3
100
AcDbEntity
100
AcDbCircle
8
KBL_ENERJI_2X25
10
0.3680100000000001
20
1.2865
30
0
40
0.002646
0
CIRCLE
5
115B5
330
10AD3
100
AcDbEntity
100
AcDbCircle
8
KBL_ENERJI_2X25
10
0.3759900000000001
20
1.2865
30
0
40
0.00378
0
CIRCLE
5
115B6
330
10AD3
100
AcDbEntity
100
AcDbCircle
8
KBL_ENERJI_2X25
10
0.3759900000000001
20
1.2865
30
0
40
0.002646
0
CIRCLE
5
115B7
330
10AD3
100
AcDbEntity
100
AcDbCircle
8
KBL_ENERJI_2X25
10
0.4040000000000001
20
1.2865
30
0
40
0.0105
0
CIRCLE
5
115B8
330
10AD3
100
AcDbEntity
100
AcDbCircle
8
KBL_ENERJI_2X25
10
0.4040000000000001
20
1.2865
30
0
40
0.00945
0
CIRCLE
5
115B9
330
10AD3
100
AcDbEntity
100
AcDbCircle
8
KBL_ENERJI_2X25
10
0.4000100000000001
20
1.2865
30
0
40
0.00378
0
CIRCLE
5
115BA
330
10AD3
100
AcDbEntity
100
AcDbCircle
8
KBL_ENERJI_2X25
10
0.4000100000000001
20
1.2865
30
0
40
0.002646
0
CIRCLE
5
115BB
330
10AD3
100
AcDbEntity
100
AcDbCircle
8
KBL_ENERJI_2X25
10
0.4079900000000001
20
1.2865
30
0
40
0.00378
0
CIRCLE
5
115BC
330
10AD3
100
AcDbEntity
100
AcDbCircle
8
KBL_ENERJI_2X25
10
0.4079900000000001
20
1.2865
30
0
40
0.002646
0
CIRCLE
5
115BD
330
10AD3
100
AcDbEntity
100
AcDbCircle
8
KBL_ENERJI_2X25
10
0.43600000000000005
20
1.2865
30
0
40
0.0105
0
CIRCLE
5
115BE
330
10AD3
100
AcDbEntity
100
AcDbCircle
8
KBL_ENERJI_2X25
10
0.43600000000000005
20
1.2865
30
0
40
0.00945
0
CIRCLE
5
115BF
330
10AD3
100
AcDbEntity
100
AcDbCircle
8
KBL_ENERJI_2X25
10
0.43201000000000006
20
1.2865
30
0
40
0.00378
0
CIRCLE
5
115C0
330
10AD3
100
AcDbEntity
100
AcDbCircle
8
KBL_ENERJI_2X25
10
0.43201000000000006
20
1.2865
30
0
40
0.002646
0
CIRCLE
5
115C1
330
10AD3
100
AcDbEntity
100
AcDbCircle
8
KBL_ENERJI_2X25
10
0.43999000000000005
20
1.2865
30
0
40
0.00378
0
CIRCLE
5
115C2
330
10AD3
100
AcDbEntity
100
AcDbCircle
8
KBL_ENERJI_2X25
10
0.43999000000000005
20
1.2865
30
0
40
0.002646
0
CIRCLE
5
115C3
330
10AD3
100
AcDbEntity
100
AcDbCircle
8
KBL_ENERJI_2X25
10
0.4680000000000001
20
1.2865
30
0
40
0.0105
0
CIRCLE
5
115C4
330
10AD3
100
AcDbEntity
100
AcDbCircle
8
KBL_ENERJI_2X25
10
0.4680000000000001
20
1.2865
30
0
40
0.00945
0
CIRCLE
5
115C5
330
10AD3
100
AcDbEntity
100
AcDbCircle
8
KBL_ENERJI_2X25
10
0.4640100000000001
20
1.2865
30
0
40
0.00378
0
CIRCLE
5
115C6
330
10AD3
100
AcDbEntity
100
AcDbCircle
8
KBL_ENERJI_2X25
10
0.4640100000000001
20
1.2865
30
0
40
0.002646
0
CIRCLE
5
115C7
330
10AD3
100
AcDbEntity
100
AcDbCircle
8
KBL_ENERJI_2X25
10
0.4719900000000001
20
1.2865
30
0
40
0.00378
0
CIRCLE
5
115C8
330
10AD3
100
AcDbEntity
100
AcDbCircle
8
KBL_ENERJI_2X25
10
0.4719900000000001
20
1.2865
30
0
40
0.002646
0
CIRCLE
5
115C9
330
10AD3
100
AcDbEntity
100
AcDbCircle
8
KBL_ENERJI_2X25
10
0.5000000000000001
20
1.2865
30
0
40
0.0105
0
CIRCLE
5
115CA
330
10AD3
100
AcDbEntity
100
AcDbCircle
8
KBL_ENERJI_2X25
10
0.5000000000000001
20
1.2865
30
0
40
0.00945
0
CIRCLE
5
115CB
330
10AD3
100
AcDbEntity
100
AcDbCircle
8
KBL_ENERJI_2X25
10
0.4960100000000001
20
1.2865
30
0
40
0.00378
0
CIRCLE
5
115CC
330
10AD3
100
AcDbEntity
100
AcDbCircle
8
KBL_ENERJI_2X25
10
0.4960100000000001
20
1.2865
30
0
40
0.002646
0
CIRCLE
5
115CD
330
10AD3
100
AcDbEntity
100
AcDbCircle
8
KBL_ENERJI_2X25
10
0.5039900000000002
20
1.2865
30
0
40
0.00378
0
CIRCLE
5
115CE
330
10AD3
100
AcDbEntity
100
AcDbCircle
8
KBL_ENERJI_2X25
10
0.5039900000000002
20
1.2865
30
0
40
0.002646
0
CIRCLE
5
1166B
330
10AD3
100
AcDbEntity
100
AcDbCircle
8
KBL_ENERJI_2X25
10
0.6100000000000001
20
0.295
30
0
40
0.0105
0
CIRCLE
5
1166C
330
10AD3
100
AcDbEntity
100
AcDbCircle
8
KBL_ENERJI_2X25
10
0.6100000000000001
20
0.295
30
0
40
0.00945
0
CIRCLE
5
1166D
330
10AD3
100
AcDbEntity
100
AcDbCircle
8
KBL_ENERJI_2X25
10
0.60601
20
0.295
30
0
40
0.00378
0
CIRCLE
5
1166E
330
10AD3
100
AcDbEntity
100
AcDbCircle
8
KBL_ENERJI_2X25
10
0.60601
20
0.295
30
0
40
0.002646
0
CIRCLE
5
1166F
330
10AD3
100
AcDbEntity
100
AcDbCircle
8
KBL_ENERJI_2X25
10
0.6139900000000001
20
0.295
30
0
40
0.00378
0
CIRCLE
5
11670
330
10AD3
100
AcDbEntity
100
AcDbCircle
8
KBL_ENERJI_2X25
10
0.6139900000000001
20
0.295
30
0
40
0.002646
0
CIRCLE
5
10F52
330
10AD3
100
AcDbEntity
100
AcDbCircle
8
KBL_FIBER_OPTIK
10
-0.34500000000000003
20
1.756
30
0
40
0.006
0
CIRCLE
5
10F53
330
10AD3
100
AcDbEntity
100
AcDbCircle
8
KBL_FIBER_OPTIK
10
-0.34500000000000003
20
1.756
30
0
40
0.0051
0
CIRCLE
5
10F54
330
10AD3
100
AcDbEntity
100
AcDbCircle
8
KBL_FIBER_OPTIK
10
-0.34500000000000003
20
1.756
30
0
40
0.0039000000000000003
0
CIRCLE
5
10F55
330
10AD3
100
AcDbEntity
100
AcDbCircle
8
KBL_FIBER_OPTIK
10
-0.34500000000000003
20
1.756
30
0
40
0.0016800000000000003
0
CIRCLE
5
10F56
330
10AD3
100
AcDbEntity
100
AcDbCircle
8
KBL_FIBER_OPTIK
10
-0.3477
20
1.756
30
0
40
0.0007199999999999999
0
CIRCLE
5
10F57
330
10AD3
100
AcDbEntity
100
AcDbCircle
8
KBL_FIBER_OPTIK
10
-0.34230000000000005
20
1.756
30
0
40
0.0007199999999999999
0
CIRCLE
5
10F58
330
10AD3
100
AcDbEntity
100
AcDbCircle
8
KBL_FIBER_OPTIK
10
-0.34500000000000003
20
1.7533
30
0
40
0.0007199999999999999
0
CIRCLE
5
10F59
330
10AD3
100
AcDbEntity
100
AcDbCircle
8
KBL_FIBER_OPTIK
10
-0.34500000000000003
20
1.7587
30
0
40
0.0007199999999999999
0
CIRCLE
5
10F5A
330
10AD3
100
AcDbEntity
100
AcDbCircle
8
KBL_FIBER_OPTIK
10
-0.331
20
1.756
30
0
40
0.006
0
CIRCLE
5
10F5B
330
10AD3
100
AcDbEntity
100
AcDbCircle
8
KBL_FIBER_OPTIK
10
-0.331
20
1.756
30
0
40
0.0051
0
CIRCLE
5
10F5C
330
10AD3
100
AcDbEntity
100
AcDbCircle
8
KBL_FIBER_OPTIK
10
-0.331
20
1.756
30
0
40
0.0039000000000000003
0
CIRCLE
5
10F5D
330
10AD3
100
AcDbEntity
100
AcDbCircle
8
KBL_FIBER_OPTIK
10
-0.331
20
1.756
30
0
40
0.0016800000000000003
0
CIRCLE
5
10F5E
330
10AD3
100
AcDbEntity
100
AcDbCircle
8
KBL_FIBER_OPTIK
10
-0.3337
20
1.756
30
0
40
0.0007199999999999999
0
CIRCLE
5
10F5F
330
10AD3
100
AcDbEntity
100
AcDbCircle
8
KBL_FIBER_OPTIK
10
-0.32830000000000004
20
1.756
30
0
40
0.0007199999999999999
0
CIRCLE
5
10F60
330
10AD3
100
AcDbEntity
100
AcDbCircle
8
KBL_FIBER_OPTIK
10
-0.331
20
1.7533
30
0
40
0.0007199999999999999
0
CIRCLE
5
10F61
330
10AD3
100
AcDbEntity
100
AcDbCircle
8
KBL_FIBER_OPTIK
10
-0.331
20
1.7587
30
0
40
0.0007199999999999999
0
CIRCLE
5
10F62
330
10AD3
100
AcDbEntity
100
AcDbCircle
8
KBL_FIBER_OPTIK
10
-0.317
20
1.756
30
0
40
0.006
0
CIRCLE
5
10F63
330
10AD3
100
AcDbEntity
100
AcDbCircle
8
KBL_FIBER_OPTIK
10
-0.317
20
1.756
30
0
40
0.0051
0
CIRCLE
5
10F64
330
10AD3
100
AcDbEntity
100
AcDbCircle
8
KBL_FIBER_OPTIK
10
-0.317
20
1.756
30
0
40
0.0039000000000000003
0
CIRCLE
5
10F65
330
10AD3
100
AcDbEntity
100
AcDbCircle
8
KBL_FIBER_OPTIK
10
-0.317
20
1.756
30
0
40
0.0016800000000000003
0
CIRCLE
5
10F66
330
10AD3
100
AcDbEntity
100
AcDbCircle
8
KBL_FIBER_OPTIK
10
-0.3197
20
1.756
30
0
40
0.0007199999999999999
0
CIRCLE
5
10F67
330
10AD3
100
AcDbEntity
100
AcDbCircle
8
KBL_FIBER_OPTIK
10
-0.3143
20
1.756
30
0
40
0.0007199999999999999
0
CIRCLE
5
10F68
330
10AD3
100
AcDbEntity
100
AcDbCircle
8
KBL_FIBER_OPTIK
10
-0.317
20
1.7533
30
0
40
0.0007199999999999999
0
CIRCLE
5
10F69
330
10AD3
100
AcDbEntity
100
AcDbCircle
8
KBL_FIBER_OPTIK
10
-0.317
20
1.7587
30
0
40
0.0007199999999999999
0
CIRCLE
5
115CF
330
10AD3
100
AcDbEntity
100
AcDbCircle
8
KBL_FIBER_OPTIK
10
0.66
20
1.256
30
0
40
0.006
0
CIRCLE
5
115D0
330
10AD3
100
AcDbEntity
100
AcDbCircle
8
KBL_FIBER_OPTIK
10
0.66
20
1.256
30
0
40
0.0051
0
CIRCLE
5
115D1
330
10AD3
100
AcDbEntity
100
AcDbCircle
8
KBL_FIBER_OPTIK
10
0.66
20
1.256
30
0
40
0.0039000000000000003
0
CIRCLE
5
115D2
330
10AD3
100
AcDbEntity
100
AcDbCircle
8
KBL_FIBER_OPTIK
10
0.66
20
1.256
30
0
40
0.0016800000000000003
0
CIRCLE
5
115D3
330
10AD3
100
AcDbEntity
100
AcDbCircle
8
KBL_FIBER_OPTIK
10
0.6573
20
1.256
30
0
40
0.0007199999999999999
0
CIRCLE
5
115D4
330
10AD3
100
AcDbEntity
100
AcDbCircle
8
KBL_FIBER_OPTIK
10
0.6627000000000001
20
1.256
30
0
40
0.0007199999999999999
0
CIRCLE
5
115D5
330
10AD3
100
AcDbEntity
100
AcDbCircle
8
KBL_FIBER_OPTIK
10
0.66
20
1.2533
30
0
40
0.0007199999999999999
0
CIRCLE
5
115D6
330
10AD3
100
AcDbEntity
100
AcDbCircle
8
KBL_FIBER_OPTIK
10
0.66
20
1.2587
30
0
40
0.0007199999999999999
0
CIRCLE
5
115D7
330
10AD3
100
AcDbEntity
100
AcDbCircle
8
KBL_FIBER_OPTIK
10
0.6950000000000001
20
1.256
30
0
40
0.006
0
CIRCLE
5
115D8
330
10AD3
100
AcDbEntity
100
AcDbCircle
8
KBL_FIBER_OPTIK
10
0.6950000000000001
20
1.256
30
0
40
0.0051
0
CIRCLE
5
115D9
330
10AD3
100
AcDbEntity
100
AcDbCircle
8
KBL_FIBER_OPTIK
10
0.6950000000000001
20
1.256
30
0
40
0.0039000000000000003
0
CIRCLE
5
115DA
330
10AD3
100
AcDbEntity
100
AcDbCircle
8
KBL_FIBER_OPTIK
10
0.6950000000000001
20
1.256
30
0
40
0.0016800000000000003
0
CIRCLE
5
115DB
330
10AD3
100
AcDbEntity
100
AcDbCircle
8
KBL_FIBER_OPTIK
10
0.6923
20
1.256
30
0
40
0.0007199999999999999
0
CIRCLE
5
115DC
330
10AD3
100
AcDbEntity
100
AcDbCircle
8
KBL_FIBER_OPTIK
10
0.6977000000000001
20
1.256
30
0
40
0.0007199999999999999
0
CIRCLE
5
115DD
330
10AD3
100
AcDbEntity
100
AcDbCircle
8
KBL_FIBER_OPTIK
10
0.6950000000000001
20
1.2533
30
0
40
0.0007199999999999999
0
CIRCLE
5
115DE
330
10AD3
100
AcDbEntity
100
AcDbCircle
8
KBL_FIBER_OPTIK
10
0.6950000000000001
20
1.2587
30
0
40
0.0007199999999999999
0
CIRCLE
5
115DF
330
10AD3
100
AcDbEntity
100
AcDbCircle
8
KBL_FIBER_OPTIK
10
0.73
20
1.256
30
0
40
0.006
0
CIRCLE
5
115E0
330
10AD3
100
AcDbEntity
100
AcDbCircle
8
KBL_FIBER_OPTIK
10
0.73
20
1.256
30
0
40
0.0051
0
CIRCLE
5
115E1
330
10AD3
100
AcDbEntity
100
AcDbCircle
8
KBL_FIBER_OPTIK
10
0.73
20
1.256
30
0
40
0.0039000000000000003
0
CIRCLE
5
115E2
330
10AD3
100
AcDbEntity
100
AcDbCircle
8
KBL_FIBER_OPTIK
10
0.73
20
1.256
30
0
40
0.0016800000000000003
0
CIRCLE
5
115E3
330
10AD3
100
AcDbEntity
100
AcDbCircle
8
KBL_FIBER_OPTIK
10
0.7273
20
1.256
30
0
40
0.0007199999999999999
0
CIRCLE
5
115E4
330
10AD3
100
AcDbEntity
100
AcDbCircle
8
KBL_FIBER_OPTIK
10
0.7327
20
1.256
30
0
40
0.0007199999999999999
0
CIRCLE
5
115E5
330
10AD3
100
AcDbEntity
100
AcDbCircle
8
KBL_FIBER_OPTIK
10
0.73
20
1.2533
30
0
40
0.0007199999999999999
0
CIRCLE
5
115E6
330
10AD3
100
AcDbEntity
100
AcDbCircle
8
KBL_FIBER_OPTIK
10
0.73
20
1.2587
30
0
40
0.0007199999999999999
0
CIRCLE
5
11672
330
10AD3
100
AcDbEntity
100
AcDbCircle
8
KBL_FIBER_OPTIK
10
0.73
20
0.295
30
0
40
0.006
0
CIRCLE
5
11673
330
10AD3
100
AcDbEntity
100
AcDbCircle
8
KBL_FIBER_OPTIK
10
0.73
20
0.295
30
0
40
0.0051
0
CIRCLE
5
11674
330
10AD3
100
AcDbEntity
100
AcDbCircle
8
KBL_FIBER_OPTIK
10
0.73
20
0.295
30
0
40
0.0039000000000000003
0
CIRCLE
5
11675
330
10AD3
100
AcDbEntity
100
AcDbCircle
8
KBL_FIBER_OPTIK
10
0.73
20
0.295
30
0
40
0.0016800000000000003
0
CIRCLE
5
11676
330
10AD3
100
AcDbEntity
100
AcDbCircle
8
KBL_FIBER_OPTIK
10
0.7273
20
0.295
30
0
40
0.0007199999999999999
0
CIRCLE
5
11677
330
10AD3
100
AcDbEntity
100
AcDbCircle
8
KBL_FIBER_OPTIK
10
0.7327
20
0.295
30
0
40
0.0007199999999999999
0
CIRCLE
5
11678
330
10AD3
100
AcDbEntity
100
AcDbCircle
8
KBL_FIBER_OPTIK
10
0.73
20
0.2923
30
0
40
0.0007199999999999999
0
CIRCLE
5
11679
330
10AD3
100
AcDbEntity
100
AcDbCircle
8
KBL_FIBER_OPTIK
10
0.73
20
0.29769999999999996
30
0
40
0.0007199999999999999
0
CIRCLE
5
110B3
330
10AD3
100
AcDbEntity
100
AcDbCircle
8
KBL_FEEDER_1_2
10
-0.44000000000000006
20
1.258
30
0
40
0.008
0
CIRCLE
5
110B4
330
10AD3
100
AcDbEntity
100
AcDbCircle
8
KBL_FEEDER_1_2
10
-0.44000000000000006
20
1.258
30
0
40
0.00704
0
CIRCLE
5
110B5
330
10AD3
100
AcDbEntity
100
AcDbCircle
8
KBL_FEEDER_1_2
10
-0.44000000000000006
20
1.258
30
0
40
0.0057599999999999995
0
CIRCLE
5
110B6
330
10AD3
100
AcDbEntity
100
AcDbCircle
8
KBL_FEEDER_1_2
10
-0.44000000000000006
20
1.258
30
0
40
0.0028
0
CIRCLE
5
110B7
330
10AD3
100
AcDbEntity
100
AcDbCircle
8
KBL_FEEDER_1_2
10
-0.44000000000000006
20
1.258
30
0
40
0.00176
0
LINE
5
110B8
330
10AD3
100
AcDbEntity
100
AcDbLine
8
KBL_FEEDER_1_2
10
-0.44200000000000006
20
1.258
30
0
11
-0.43800000000000006
21
1.258
31
0
0
LINE
5
110B9
330
10AD3
100
AcDbEntity
100
AcDbLine
8
KBL_FEEDER_1_2
10
-0.44000000000000006
20
1.256
30
0
11
-0.44000000000000006
21
1.26
31
0
0
CIRCLE
5
110BA
330
10AD3
100
AcDbEntity
100
AcDbCircle
8
KBL_FEEDER_1_2
10
-0.42200000000000004
20
1.258
30
0
40
0.008
0
CIRCLE
5
110BB
330
10AD3
100
AcDbEntity
100
AcDbCircle
8
KBL_FEEDER_1_2
10
-0.42200000000000004
20
1.258
30
0
40
0.00704
0
CIRCLE
5
110BC
330
10AD3
100
AcDbEntity
100
AcDbCircle
8
KBL_FEEDER_1_2
10
-0.42200000000000004
20
1.258
30
0
40
0.0057599999999999995
0
CIRCLE
5
110BD
330
10AD3
100
AcDbEntity
100
AcDbCircle
8
KBL_FEEDER_1_2
10
-0.42200000000000004
20
1.258
30
0
40
0.0028
0
CIRCLE
5
110BE
330
10AD3
100
AcDbEntity
100
AcDbCircle
8
KBL_FEEDER_1_2
10
-0.42200000000000004
20
1.258
30
0
40
0.00176
0
LINE
5
110BF
330
10AD3
100
AcDbEntity
100
AcDbLine
8
KBL_FEEDER_1_2
10
-0.42400000000000004
20
1.258
30
0
11
-0.42000000000000004
21
1.258
31
0
0
LINE
5
110C0
330
10AD3
100
AcDbEntity
100
AcDbLine
8
KBL_FEEDER_1_2
10
-0.42200000000000004
20
1.256
30
0
11
-0.42200000000000004
21
1.26
31
0
0
CIRCLE
5
110C1
330
10AD3
100
AcDbEntity
100
AcDbCircle
8
KBL_FEEDER_1_2
10
-0.404
20
1.258
30
0
40
0.008
0
CIRCLE
5
110C2
330
10AD3
100
AcDbEntity
100
AcDbCircle
8
KBL_FEEDER_1_2
10
-0.404
20
1.258
30
0
40
0.00704
0
CIRCLE
5
110C3
330
10AD3
100
AcDbEntity
100
AcDbCircle
8
KBL_FEEDER_1_2
10
-0.404
20
1.258
30
0
40
0.0057599999999999995
0
CIRCLE
5
110C4
330
10AD3
100
AcDbEntity
100
AcDbCircle
8
KBL_FEEDER_1_2
10
-0.404
20
1.258
30
0
40
0.0028
0
CIRCLE
5
110C5
330
10AD3
100
AcDbEntity
100
AcDbCircle
8
KBL_FEEDER_1_2
10
-0.404
20
1.258
30
0
40
0.00176
0
LINE
5
110C6
330
10AD3
100
AcDbEntity
100
AcDbLine
8
KBL_FEEDER_1_2
10
-0.406
20
1.258
30
0
11
-0.402
21
1.258
31
0
0
LINE
5
110C7
330
10AD3
100
AcDbEntity
100
AcDbLine
8
KBL_FEEDER_1_2
10
-0.404
20
1.256
30
0
11
-0.404
21
1.26
31
0
0
CIRCLE
5
110C8
330
10AD3
100
AcDbEntity
100
AcDbCircle
8
KBL_FEEDER_1_2
10
-0.38600000000000007
20
1.258
30
0
40
0.008
0
CIRCLE
5
110C9
330
10AD3
100
AcDbEntity
100
AcDbCircle
8
KBL_FEEDER_1_2
10
-0.38600000000000007
20
1.258
30
0
40
0.00704
0
CIRCLE
5
110CA
330
10AD3
100
AcDbEntity
100
AcDbCircle
8
KBL_FEEDER_1_2
10
-0.38600000000000007
20
1.258
30
0
40
0.0057599999999999995
0
CIRCLE
5
110CB
330
10AD3
100
AcDbEntity
100
AcDbCircle
8
KBL_FEEDER_1_2
10
-0.38600000000000007
20
1.258
30
0
40
0.0028
0
CIRCLE
5
110CC
330
10AD3
100
AcDbEntity
100
AcDbCircle
8
KBL_FEEDER_1_2
10
-0.38600000000000007
20
1.258
30
0
40
0.00176
0
LINE
5
110CD
330
10AD3
100
AcDbEntity
100
AcDbLine
8
KBL_FEEDER_1_2
10
-0.38800000000000007
20
1.258
30
0
11
-0.38400000000000006
21
1.258
31
0
0
LINE
5
110CE
330
10AD3
100
AcDbEntity
100
AcDbLine
8
KBL_FEEDER_1_2
10
-0.38600000000000007
20
1.256
30
0
11
-0.38600000000000007
21
1.26
31
0
0
CIRCLE
5
110CF
330
10AD3
100
AcDbEntity
100
AcDbCircle
8
KBL_FEEDER_1_2
10
-0.36800000000000005
20
1.258
30
0
40
0.008
0
CIRCLE
5
110D0
330
10AD3
100
AcDbEntity
100
AcDbCircle
8
KBL_FEEDER_1_2
10
-0.36800000000000005
20
1.258
30
0
40
0.00704
0
CIRCLE
5
110D1
330
10AD3
100
AcDbEntity
100
AcDbCircle
8
KBL_FEEDER_1_2
10
-0.36800000000000005
20
1.258
30
0
40
0.0057599999999999995
0
CIRCLE
5
110D2
330
10AD3
100
AcDbEntity
100
AcDbCircle
8
KBL_FEEDER_1_2
10
-0.36800000000000005
20
1.258
30
0
40
0.0028
0
CIRCLE
5
110D3
330
10AD3
100
AcDbEntity
100
AcDbCircle
8
KBL_FEEDER_1_2
10
-0.36800000000000005
20
1.258
30
0
40
0.00176
0
LINE
5
110D4
330
10AD3
100
AcDbEntity
100
AcDbLine
8
KBL_FEEDER_1_2
10
-0.37000000000000005
20
1.258
30
0
11
-0.36600000000000005
21
1.258
31
0
0
LINE
5
110D5
330
10AD3
100
AcDbEntity
100
AcDbLine
8
KBL_FEEDER_1_2
10
-0.36800000000000005
20
1.256
30
0
11
-0.36800000000000005
21
1.26
31
0
0
CIRCLE
5
110D6
330
10AD3
100
AcDbEntity
100
AcDbCircle
8
KBL_FEEDER_1_2
10
-0.44000000000000006
20
1.276
30
0
40
0.008
0
CIRCLE
5
110D7
330
10AD3
100
AcDbEntity
100
AcDbCircle
8
KBL_FEEDER_1_2
10
-0.44000000000000006
20
1.276
30
0
40
0.00704
0
CIRCLE
5
110D8
330
10AD3
100
AcDbEntity
100
AcDbCircle
8
KBL_FEEDER_1_2
10
-0.44000000000000006
20
1.276
30
0
40
0.0057599999999999995
0
CIRCLE
5
110D9
330
10AD3
100
AcDbEntity
100
AcDbCircle
8
KBL_FEEDER_1_2
10
-0.44000000000000006
20
1.276
30
0
40
0.0028
0
CIRCLE
5
110DA
330
10AD3
100
AcDbEntity
100
AcDbCircle
8
KBL_FEEDER_1_2
10
-0.44000000000000006
20
1.276
30
0
40
0.00176
0
LINE
5
110DB
330
10AD3
100
AcDbEntity
100
AcDbLine
8
KBL_FEEDER_1_2
10
-0.44200000000000006
20
1.276
30
0
11
-0.43800000000000006
21
1.276
31
0
0
LINE
5
110DC
330
10AD3
100
AcDbEntity
100
AcDbLine
8
KBL_FEEDER_1_2
10
-0.44000000000000006
20
1.274
30
0
11
-0.44000000000000006
21
1.278
31
0
0
CIRCLE
5
110DD
330
10AD3
100
AcDbEntity
100
AcDbCircle
8
KBL_FEEDER_1_2
10
-0.42200000000000004
20
1.276
30
0
40
0.008
0
CIRCLE
5
110DE
330
10AD3
100
AcDbEntity
100
AcDbCircle
8
KBL_FEEDER_1_2
10
-0.42200000000000004
20
1.276
30
0
40
0.00704
0
CIRCLE
5
110DF
330
10AD3
100
AcDbEntity
100
AcDbCircle
8
KBL_FEEDER_1_2
10
-0.42200000000000004
20
1.276
30
0
40
0.0057599999999999995
0
CIRCLE
5
110E0
330
10AD3
100
AcDbEntity
100
AcDbCircle
8
KBL_FEEDER_1_2
10
-0.42200000000000004
20
1.276
30
0
40
0.0028
0
CIRCLE
5
110E1
330
10AD3
100
AcDbEntity
100
AcDbCircle
8
KBL_FEEDER_1_2
10
-0.42200000000000004
20
1.276
30
0
40
0.00176
0
LINE
5
110E2
330
10AD3
100
AcDbEntity
100
AcDbLine
8
KBL_FEEDER_1_2
10
-0.42400000000000004
20
1.276
30
0
11
-0.42000000000000004
21
1.276
31
0
0
LINE
5
110E3
330
10AD3
100
AcDbEntity
100
AcDbLine
8
KBL_FEEDER_1_2
10
-0.42200000000000004
20
1.274
30
0
11
-0.42200000000000004
21
1.278
31
0
0
CIRCLE
5
110E4
330
10AD3
100
AcDbEntity
100
AcDbCircle
8
KBL_FEEDER_1_2
10
-0.404
20
1.276
30
0
40
0.008
0
CIRCLE
5
110E5
330
10AD3
100
AcDbEntity
100
AcDbCircle
8
KBL_FEEDER_1_2
10
-0.404
20
1.276
30
0
40
0.00704
0
CIRCLE
5
110E6
330
10AD3
100
AcDbEntity
100
AcDbCircle
8
KBL_FEEDER_1_2
10
-0.404
20
1.276
30
0
40
0.0057599999999999995
0
CIRCLE
5
110E7
330
10AD3
100
AcDbEntity
100
AcDbCircle
8
KBL_FEEDER_1_2
10
-0.404
20
1.276
30
0
40
0.0028
0
CIRCLE
5
110E8
330
10AD3
100
AcDbEntity
100
AcDbCircle
8
KBL_FEEDER_1_2
10
-0.404
20
1.276
30
0
40
0.00176
0
LINE
5
110E9
330
10AD3
100
AcDbEntity
100
AcDbLine
8
KBL_FEEDER_1_2
10
-0.406
20
1.276
30
0
11
-0.402
21
1.276
31
0
0
LINE
5
110EA
330
10AD3
100
AcDbEntity
100
AcDbLine
8
KBL_FEEDER_1_2
10
-0.404
20
1.274
30
0
11
-0.404
21
1.278
31
0
0
CIRCLE
5
110EB
330
10AD3
100
AcDbEntity
100
AcDbCircle
8
KBL_FEEDER_1_2
10
-0.38600000000000007
20
1.276
30
0
40
0.008
0
CIRCLE
5
110EC
330
10AD3
100
AcDbEntity
100
AcDbCircle
8
KBL_FEEDER_1_2
10
-0.38600000000000007
20
1.276
30
0
40
0.00704
0
CIRCLE
5
110ED
330
10AD3
100
AcDbEntity
100
AcDbCircle
8
KBL_FEEDER_1_2
10
-0.38600000000000007
20
1.276
30
0
40
0.0057599999999999995
0
CIRCLE
5
110EE
330
10AD3
100
AcDbEntity
100
AcDbCircle
8
KBL_FEEDER_1_2
10
-0.38600000000000007
20
1.276
30
0
40
0.0028
0
CIRCLE
5
110EF
330
10AD3
100
AcDbEntity
100
AcDbCircle
8
KBL_FEEDER_1_2
10
-0.38600000000000007
20
1.276
30
0
40
0.00176
0
LINE
5
110F0
330
10AD3
100
AcDbEntity
100
AcDbLine
8
KBL_FEEDER_1_2
10
-0.38800000000000007
20
1.276
30
0
11
-0.38400000000000006
21
1.276
31
0
0
LINE
5
110F1
330
10AD3
100
AcDbEntity
100
AcDbLine
8
KBL_FEEDER_1_2
10
-0.38600000000000007
20
1.274
30
0
11
-0.38600000000000007
21
1.278
31
0
0
CIRCLE
5
110F2
330
10AD3
100
AcDbEntity
100
AcDbCircle
8
KBL_FEEDER_1_2
10
-0.36800000000000005
20
1.276
30
0
40
0.008
0
CIRCLE
5
110F3
330
10AD3
100
AcDbEntity
100
AcDbCircle
8
KBL_FEEDER_1_2
10
-0.36800000000000005
20
1.276
30
0
40
0.00704
0
CIRCLE
5
110F4
330
10AD3
100
AcDbEntity
100
AcDbCircle
8
KBL_FEEDER_1_2
10
-0.36800000000000005
20
1.276
30
0
40
0.0057599999999999995
0
CIRCLE
5
110F5
330
10AD3
100
AcDbEntity
100
AcDbCircle
8
KBL_FEEDER_1_2
10
-0.36800000000000005
20
1.276
30
0
40
0.0028
0
CIRCLE
5
110F6
330
10AD3
100
AcDbEntity
100
AcDbCircle
8
KBL_FEEDER_1_2
10
-0.36800000000000005
20
1.276
30
0
40
0.00176
0
LINE
5
110F7
330
10AD3
100
AcDbEntity
100
AcDbLine
8
KBL_FEEDER_1_2
10
-0.37000000000000005
20
1.276
30
0
11
-0.36600000000000005
21
1.276
31
0
0
LINE
5
110F8
330
10AD3
100
AcDbEntity
100
AcDbLine
8
KBL_FEEDER_1_2
10
-0.36800000000000005
20
1.274
30
0
11
-0.36800000000000005
21
1.278
31
0
0
CIRCLE
5
1112C
330
10AD3
100
AcDbEntity
100
AcDbCircle
8
KBL_FEEDER_1_2
10
-0.77
20
0.758
30
0
40
0.008
0
CIRCLE
5
1112D
330
10AD3
100
AcDbEntity
100
AcDbCircle
8
KBL_FEEDER_1_2
10
-0.77
20
0.758
30
0
40
0.00704
0
CIRCLE
5
1112E
330
10AD3
100
AcDbEntity
100
AcDbCircle
8
KBL_FEEDER_1_2
10
-0.77
20
0.758
30
0
40
0.0057599999999999995
0
CIRCLE
5
1112F
330
10AD3
100
AcDbEntity
100
AcDbCircle
8
KBL_FEEDER_1_2
10
-0.77
20
0.758
30
0
40
0.0028
0
CIRCLE
5
11130
330
10AD3
100
AcDbEntity
100
AcDbCircle
8
KBL_FEEDER_1_2
10
-0.77
20
0.758
30
0
40
0.00176
0
LINE
5
11131
330
10AD3
100
AcDbEntity
100
AcDbLine
8
KBL_FEEDER_1_2
10
-0.772
20
0.758
30
0
11
-0.768
21
0.758
31
0
0
LINE
5
11132
330
10AD3
100
AcDbEntity
100
AcDbLine
8
KBL_FEEDER_1_2
10
-0.77
20
0.756
30
0
11
-0.77
21
0.76
31
0
0
CIRCLE
5
11133
330
10AD3
100
AcDbEntity
100
AcDbCircle
8
KBL_FEEDER_1_2
10
-0.77
20
0.776
30
0
40
0.008
0
CIRCLE
5
11134
330
10AD3
100
AcDbEntity
100
AcDbCircle
8
KBL_FEEDER_1_2
10
-0.77
20
0.776
30
0
40
0.00704
0
CIRCLE
5
11135
330
10AD3
100
AcDbEntity
100
AcDbCircle
8
KBL_FEEDER_1_2
10
-0.77
20
0.776
30
0
40
0.0057599999999999995
0
CIRCLE
5
11136
330
10AD3
100
AcDbEntity
100
AcDbCircle
8
KBL_FEEDER_1_2
10
-0.77
20
0.776
30
0
40
0.0028
0
CIRCLE
5
11137
330
10AD3
100
AcDbEntity
100
AcDbCircle
8
KBL_FEEDER_1_2
10
-0.77
20
0.776
30
0
40
0.00176
0
LINE
5
11138
330
10AD3
100
AcDbEntity
100
AcDbLine
8
KBL_FEEDER_1_2
10
-0.772
20
0.776
30
0
11
-0.768
21
0.776
31
0
0
LINE
5
11139
330
10AD3
100
AcDbEntity
100
AcDbLine
8
KBL_FEEDER_1_2
10
-0.77
20
0.774
30
0
11
-0.77
21
0.778
31
0
0
CIRCLE
5
1113A
330
10AD3
100
AcDbEntity
100
AcDbCircle
8
KBL_FEEDER_1_2
10
-0.77
20
0.794
30
0
40
0.008
0
CIRCLE
5
1113B
330
10AD3
100
AcDbEntity
100
AcDbCircle
8
KBL_FEEDER_1_2
10
-0.77
20
0.794
30
0
40
0.00704
0
CIRCLE
5
1113C
330
10AD3
100
AcDbEntity
100
AcDbCircle
8
KBL_FEEDER_1_2
10
-0.77
20
0.794
30
0
40
0.0057599999999999995
0
CIRCLE
5
1113D
330
10AD3
100
AcDbEntity
100
AcDbCircle
8
KBL_FEEDER_1_2
10
-0.77
20
0.794
30
0
40
0.0028
0
CIRCLE
5
1113E
330
10AD3
100
AcDbEntity
100
AcDbCircle
8
KBL_FEEDER_1_2
10
-0.77
20
0.794
30
0
40
0.00176
0
LINE
5
1113F
330
10AD3
100
AcDbEntity
100
AcDbLine
8
KBL_FEEDER_1_2
10
-0.772
20
0.794
30
0
11
-0.768
21
0.794
31
0
0
LINE
5
11140
330
10AD3
100
AcDbEntity
100
AcDbLine
8
KBL_FEEDER_1_2
10
-0.77
20
0.792
30
0
11
-0.77
21
0.796
31
0
0
CIRCLE
5
11141
330
10AD3
100
AcDbEntity
100
AcDbCircle
8
KBL_FEEDER_1_2
10
-0.77
20
0.812
30
0
40
0.008
0
CIRCLE
5
11142
330
10AD3
100
AcDbEntity
100
AcDbCircle
8
KBL_FEEDER_1_2
10
-0.77
20
0.812
30
0
40
0.00704
0
CIRCLE
5
11143
330
10AD3
100
AcDbEntity
100
AcDbCircle
8
KBL_FEEDER_1_2
10
-0.77
20
0.812
30
0
40
0.0057599999999999995
0
CIRCLE
5
11144
330
10AD3
100
AcDbEntity
100
AcDbCircle
8
KBL_FEEDER_1_2
10
-0.77
20
0.812
30
0
40
0.0028
0
CIRCLE
5
11145
330
10AD3
100
AcDbEntity
100
AcDbCircle
8
KBL_FEEDER_1_2
10
-0.77
20
0.812
30
0
40
0.00176
0
LINE
5
11146
330
10AD3
100
AcDbEntity
100
AcDbLine
8
KBL_FEEDER_1_2
10
-0.772
20
0.812
30
0
11
-0.768
21
0.812
31
0
0
LINE
5
11147
330
10AD3
100
AcDbEntity
100
AcDbLine
8
KBL_FEEDER_1_2
10
-0.77
20
0.81
30
0
11
-0.77
21
0.8140000000000001
31
0
0
CIRCLE
5
11148
330
10AD3
100
AcDbEntity
100
AcDbCircle
8
KBL_FEEDER_1_2
10
-0.75
20
0.758
30
0
40
0.008
0
CIRCLE
5
11149
330
10AD3
100
AcDbEntity
100
AcDbCircle
8
KBL_FEEDER_1_2
10
-0.75
20
0.758
30
0
40
0.00704
0
CIRCLE
5
1114A
330
10AD3
100
AcDbEntity
100
AcDbCircle
8
KBL_FEEDER_1_2
10
-0.75
20
0.758
30
0
40
0.0057599999999999995
0
CIRCLE
5
1114B
330
10AD3
100
AcDbEntity
100
AcDbCircle
8
KBL_FEEDER_1_2
10
-0.75
20
0.758
30
0
40
0.0028
0
CIRCLE
5
1114C
330
10AD3
100
AcDbEntity
100
AcDbCircle
8
KBL_FEEDER_1_2
10
-0.75
20
0.758
30
0
40
0.00176
0
LINE
5
1114D
330
10AD3
100
AcDbEntity
100
AcDbLine
8
KBL_FEEDER_1_2
10
-0.752
20
0.758
30
0
11
-0.748
21
0.758
31
0
0
LINE
5
1114E
330
10AD3
100
AcDbEntity
100
AcDbLine
8
KBL_FEEDER_1_2
10
-0.75
20
0.756
30
0
11
-0.75
21
0.76
31
0
0
CIRCLE
5
1114F
330
10AD3
100
AcDbEntity
100
AcDbCircle
8
KBL_FEEDER_1_2
10
-0.75
20
0.776
30
0
40
0.008
0
CIRCLE
5
11150
330
10AD3
100
AcDbEntity
100
AcDbCircle
8
KBL_FEEDER_1_2
10
-0.75
20
0.776
30
0
40
0.00704
0
CIRCLE
5
11151
330
10AD3
100
AcDbEntity
100
AcDbCircle
8
KBL_FEEDER_1_2
10
-0.75
20
0.776
30
0
40
0.0057599999999999995
0
CIRCLE
5
11152
330
10AD3
100
AcDbEntity
100
AcDbCircle
8
KBL_FEEDER_1_2
10
-0.75
20
0.776
30
0
40
0.0028
0
CIRCLE
5
11153
330
10AD3
100
AcDbEntity
100
AcDbCircle
8
KBL_FEEDER_1_2
10
-0.75
20
0.776
30
0
40
0.00176
0
LINE
5
11154
330
10AD3
100
AcDbEntity
100
AcDbLine
8
KBL_FEEDER_1_2
10
-0.752
20
0.776
30
0
11
-0.748
21
0.776
31
0
0
LINE
5
11155
330
10AD3
100
AcDbEntity
100
AcDbLine
8
KBL_FEEDER_1_2
10
-0.75
20
0.774
30
0
11
-0.75
21
0.778
31
0
0
CIRCLE
5
11156
330
10AD3
100
AcDbEntity
100
AcDbCircle
8
KBL_FEEDER_1_2
10
-0.75
20
0.794
30
0
40
0.008
0
CIRCLE
5
11157
330
10AD3
100
AcDbEntity
100
AcDbCircle
8
KBL_FEEDER_1_2
10
-0.75
20
0.794
30
0
40
0.00704
0
CIRCLE
5
11158
330
10AD3
100
AcDbEntity
100
AcDbCircle
8
KBL_FEEDER_1_2
10
-0.75
20
0.794
30
0
40
0.0057599999999999995
0
CIRCLE
5
11159
330
10AD3
100
AcDbEntity
100
AcDbCircle
8
KBL_FEEDER_1_2
10
-0.75
20
0.794
30
0
40
0.0028
0
CIRCLE
5
1115A
330
10AD3
100
AcDbEntity
100
AcDbCircle
8
KBL_FEEDER_1_2
10
-0.75
20
0.794
30
0
40
0.00176
0
LINE
5
1115B
330
10AD3
100
AcDbEntity
100
AcDbLine
8
KBL_FEEDER_1_2
10
-0.752
20
0.794
30
0
11
-0.748
21
0.794
31
0
0
LINE
5
1115C
330
10AD3
100
AcDbEntity
100
AcDbLine
8
KBL_FEEDER_1_2
10
-0.75
20
0.792
30
0
11
-0.75
21
0.796
31
0
0
CIRCLE
5
1115D
330
10AD3
100
AcDbEntity
100
AcDbCircle
8
KBL_FEEDER_1_2
10
-0.75
20
0.812
30
0
40
0.008
0
CIRCLE
5
1115E
330
10AD3
100
AcDbEntity
100
AcDbCircle
8
KBL_FEEDER_1_2
10
-0.75
20
0.812
30
0
40
0.00704
0
CIRCLE
5
1115F
330
10AD3
100
AcDbEntity
100
AcDbCircle
8
KBL_FEEDER_1_2
10
-0.75
20
0.812
30
0
40
0.0057599999999999995
0
CIRCLE
5
11160
330
10AD3
100
AcDbEntity
100
AcDbCircle
8
KBL_FEEDER_1_2
10
-0.75
20
0.812
30
0
40
0.0028
0
CIRCLE
5
11161
330
10AD3
100
AcDbEntity
100
AcDbCircle
8
KBL_FEEDER_1_2
10
-0.75
20
0.812
30
0
40
0.00176
0
LINE
5
11162
330
10AD3
100
AcDbEntity
100
AcDbLine
8
KBL_FEEDER_1_2
10
-0.752
20
0.812
30
0
11
-0.748
21
0.812
31
0
0
LINE
5
11163
330
10AD3
100
AcDbEntity
100
AcDbLine
8
KBL_FEEDER_1_2
10
-0.75
20
0.81
30
0
11
-0.75
21
0.8140000000000001
31
0
0
CIRCLE
5
11164
330
10AD3
100
AcDbEntity
100
AcDbCircle
8
KBL_FEEDER_1_2
10
-0.73
20
0.758
30
0
40
0.008
0
CIRCLE
5
11165
330
10AD3
100
AcDbEntity
100
AcDbCircle
8
KBL_FEEDER_1_2
10
-0.73
20
0.758
30
0
40
0.00704
0
CIRCLE
5
11166
330
10AD3
100
AcDbEntity
100
AcDbCircle
8
KBL_FEEDER_1_2
10
-0.73
20
0.758
30
0
40
0.0057599999999999995
0
CIRCLE
5
11167
330
10AD3
100
AcDbEntity
100
AcDbCircle
8
KBL_FEEDER_1_2
10
-0.73
20
0.758
30
0
40
0.0028
0
CIRCLE
5
11168
330
10AD3
100
AcDbEntity
100
AcDbCircle
8
KBL_FEEDER_1_2
10
-0.73
20
0.758
30
0
40
0.00176
0
LINE
5
11169
330
10AD3
100
AcDbEntity
100
AcDbLine
8
KBL_FEEDER_1_2
10
-0.732
20
0.758
30
0
11
-0.728
21
0.758
31
0
0
LINE
5
1116A
330
10AD3
100
AcDbEntity
100
AcDbLine
8
KBL_FEEDER_1_2
10
-0.73
20
0.756
30
0
11
-0.73
21
0.76
31
0
0
CIRCLE
5
1116B
330
10AD3
100
AcDbEntity
100
AcDbCircle
8
KBL_FEEDER_1_2
10
-0.73
20
0.776
30
0
40
0.008
0
CIRCLE
5
1116C
330
10AD3
100
AcDbEntity
100
AcDbCircle
8
KBL_FEEDER_1_2
10
-0.73
20
0.776
30
0
40
0.00704
0
CIRCLE
5
1116D
330
10AD3
100
AcDbEntity
100
AcDbCircle
8
KBL_FEEDER_1_2
10
-0.73
20
0.776
30
0
40
0.0057599999999999995
0
CIRCLE
5
1116E
330
10AD3
100
AcDbEntity
100
AcDbCircle
8
KBL_FEEDER_1_2
10
-0.73
20
0.776
30
0
40
0.0028
0
CIRCLE
5
1116F
330
10AD3
100
AcDbEntity
100
AcDbCircle
8
KBL_FEEDER_1_2
10
-0.73
20
0.776
30
0
40
0.00176
0
LINE
5
11170
330
10AD3
100
AcDbEntity
100
AcDbLine
8
KBL_FEEDER_1_2
10
-0.732
20
0.776
30
0
11
-0.728
21
0.776
31
0
0
LINE
5
11171
330
10AD3
100
AcDbEntity
100
AcDbLine
8
KBL_FEEDER_1_2
10
-0.73
20
0.774
30
0
11
-0.73
21
0.778
31
0
0
CIRCLE
5
11172
330
10AD3
100
AcDbEntity
100
AcDbCircle
8
KBL_FEEDER_1_2
10
-0.73
20
0.794
30
0
40
0.008
0
CIRCLE
5
11173
330
10AD3
100
AcDbEntity
100
AcDbCircle
8
KBL_FEEDER_1_2
10
-0.73
20
0.794
30
0
40
0.00704
0
CIRCLE
5
11174
330
10AD3
100
AcDbEntity
100
AcDbCircle
8
KBL_FEEDER_1_2
10
-0.73
20
0.794
30
0
40
0.0057599999999999995
0
CIRCLE
5
11175
330
10AD3
100
AcDbEntity
100
AcDbCircle
8
KBL_FEEDER_1_2
10
-0.73
20
0.794
30
0
40
0.0028
0
CIRCLE
5
11176
330
10AD3
100
AcDbEntity
100
AcDbCircle
8
KBL_FEEDER_1_2
10
-0.73
20
0.794
30
0
40
0.00176
0
LINE
5
11177
330
10AD3
100
AcDbEntity
100
AcDbLine
8
KBL_FEEDER_1_2
10
-0.732
20
0.794
30
0
11
-0.728
21
0.794
31
0
0
LINE
5
11178
330
10AD3
100
AcDbEntity
100
AcDbLine
8
KBL_FEEDER_1_2
10
-0.73
20
0.792
30
0
11
-0.73
21
0.796
31
0
0
CIRCLE
5
11179
330
10AD3
100
AcDbEntity
100
AcDbCircle
8
KBL_FEEDER_1_2
10
-0.73
20
0.812
30
0
40
0.008
0
CIRCLE
5
1117A
330
10AD3
100
AcDbEntity
100
AcDbCircle
8
KBL_FEEDER_1_2
10
-0.73
20
0.812
30
0
40
0.00704
0
CIRCLE
5
1117B
330
10AD3
100
AcDbEntity
100
AcDbCircle
8
KBL_FEEDER_1_2
10
-0.73
20
0.812
30
0
40
0.0057599999999999995
0
CIRCLE
5
1117C
330
10AD3
100
AcDbEntity
100
AcDbCircle
8
KBL_FEEDER_1_2
10
-0.73
20
0.812
30
0
40
0.0028
0
CIRCLE
5
1117D
330
10AD3
100
AcDbEntity
100
AcDbCircle
8
KBL_FEEDER_1_2
10
-0.73
20
0.812
30
0
40
0.00176
0
LINE
5
1117E
330
10AD3
100
AcDbEntity
100
AcDbLine
8
KBL_FEEDER_1_2
10
-0.732
20
0.812
30
0
11
-0.728
21
0.812
31
0
0
LINE
5
1117F
330
10AD3
100
AcDbEntity
100
AcDbLine
8
KBL_FEEDER_1_2
10
-0.73
20
0.81
30
0
11
-0.73
21
0.8140000000000001
31
0
0
CIRCLE
5
11180
330
10AD3
100
AcDbEntity
100
AcDbCircle
8
KBL_FEEDER_1_2
10
-0.71
20
0.758
30
0
40
0.008
0
CIRCLE
5
11181
330
10AD3
100
AcDbEntity
100
AcDbCircle
8
KBL_FEEDER_1_2
10
-0.71
20
0.758
30
0
40
0.00704
0
CIRCLE
5
11182
330
10AD3
100
AcDbEntity
100
AcDbCircle
8
KBL_FEEDER_1_2
10
-0.71
20
0.758
30
0
40
0.0057599999999999995
0
CIRCLE
5
11183
330
10AD3
100
AcDbEntity
100
AcDbCircle
8
KBL_FEEDER_1_2
10
-0.71
20
0.758
30
0
40
0.0028
0
CIRCLE
5
11184
330
10AD3
100
AcDbEntity
100
AcDbCircle
8
KBL_FEEDER_1_2
10
-0.71
20
0.758
30
0
40
0.00176
0
LINE
5
11185
330
10AD3
100
AcDbEntity
100
AcDbLine
8
KBL_FEEDER_1_2
10
-0.712
20
0.758
30
0
11
-0.708
21
0.758
31
0
0
LINE
5
11186
330
10AD3
100
AcDbEntity
100
AcDbLine
8
KBL_FEEDER_1_2
10
-0.71
20
0.756
30
0
11
-0.71
21
0.76
31
0
0
CIRCLE
5
11187
330
10AD3
100
AcDbEntity
100
AcDbCircle
8
KBL_FEEDER_1_2
10
-0.71
20
0.776
30
0
40
0.008
0
CIRCLE
5
11188
330
10AD3
100
AcDbEntity
100
AcDbCircle
8
KBL_FEEDER_1_2
10
-0.71
20
0.776
30
0
40
0.00704
0
CIRCLE
5
11189
330
10AD3
100
AcDbEntity
100
AcDbCircle
8
KBL_FEEDER_1_2
10
-0.71
20
0.776
30
0
40
0.0057599999999999995
0
CIRCLE
5
1118A
330
10AD3
100
AcDbEntity
100
AcDbCircle
8
KBL_FEEDER_1_2
10
-0.71
20
0.776
30
0
40
0.0028
0
CIRCLE
5
1118B
330
10AD3
100
AcDbEntity
100
AcDbCircle
8
KBL_FEEDER_1_2
10
-0.71
20
0.776
30
0
40
0.00176
0
LINE
5
1118C
330
10AD3
100
AcDbEntity
100
AcDbLine
8
KBL_FEEDER_1_2
10
-0.712
20
0.776
30
0
11
-0.708
21
0.776
31
0
0
LINE
5
1118D
330
10AD3
100
AcDbEntity
100
AcDbLine
8
KBL_FEEDER_1_2
10
-0.71
20
0.774
30
0
11
-0.71
21
0.778
31
0
0
CIRCLE
5
1118E
330
10AD3
100
AcDbEntity
100
AcDbCircle
8
KBL_FEEDER_1_2
10
-0.71
20
0.794
30
0
40
0.008
0
CIRCLE
5
1118F
330
10AD3
100
AcDbEntity
100
AcDbCircle
8
KBL_FEEDER_1_2
10
-0.71
20
0.794
30
0
40
0.00704
0
CIRCLE
5
11190
330
10AD3
100
AcDbEntity
100
AcDbCircle
8
KBL_FEEDER_1_2
10
-0.71
20
0.794
30
0
40
0.0057599999999999995
0
CIRCLE
5
11191
330
10AD3
100
AcDbEntity
100
AcDbCircle
8
KBL_FEEDER_1_2
10
-0.71
20
0.794
30
0
40
0.0028
0
CIRCLE
5
11192
330
10AD3
100
AcDbEntity
100
AcDbCircle
8
KBL_FEEDER_1_2
10
-0.71
20
0.794
30
0
40
0.00176
0
LINE
5
11193
330
10AD3
100
AcDbEntity
100
AcDbLine
8
KBL_FEEDER_1_2
10
-0.712
20
0.794
30
0
11
-0.708
21
0.794
31
0
0
LINE
5
11194
330
10AD3
100
AcDbEntity
100
AcDbLine
8
KBL_FEEDER_1_2
10
-0.71
20
0.792
30
0
11
-0.71
21
0.796
31
0
0
CIRCLE
5
11195
330
10AD3
100
AcDbEntity
100
AcDbCircle
8
KBL_FEEDER_1_2
10
-0.71
20
0.812
30
0
40
0.008
0
CIRCLE
5
11196
330
10AD3
100
AcDbEntity
100
AcDbCircle
8
KBL_FEEDER_1_2
10
-0.71
20
0.812
30
0
40
0.00704
0
CIRCLE
5
11197
330
10AD3
100
AcDbEntity
100
AcDbCircle
8
KBL_FEEDER_1_2
10
-0.71
20
0.812
30
0
40
0.0057599999999999995
0
CIRCLE
5
11198
330
10AD3
100
AcDbEntity
100
AcDbCircle
8
KBL_FEEDER_1_2
10
-0.71
20
0.812
30
0
40
0.0028
0
CIRCLE
5
11199
330
10AD3
100
AcDbEntity
100
AcDbCircle
8
KBL_FEEDER_1_2
10
-0.71
20
0.812
30
0
40
0.00176
0
LINE
5
1119A
330
10AD3
100
AcDbEntity
100
AcDbLine
8
KBL_FEEDER_1_2
10
-0.712
20
0.812
30
0
11
-0.708
21
0.812
31
0
0
LINE
5
1119B
330
10AD3
100
AcDbEntity
100
AcDbLine
8
KBL_FEEDER_1_2
10
-0.71
20
0.81
30
0
11
-0.71
21
0.8140000000000001
31
0
0
CIRCLE
5
1119C
330
10AD3
100
AcDbEntity
100
AcDbCircle
8
KBL_FEEDER_1_2
10
-0.6900000000000001
20
0.758
30
0
40
0.008
0
CIRCLE
5
1119D
330
10AD3
100
AcDbEntity
100
AcDbCircle
8
KBL_FEEDER_1_2
10
-0.6900000000000001
20
0.758
30
0
40
0.00704
0
CIRCLE
5
1119E
330
10AD3
100
AcDbEntity
100
AcDbCircle
8
KBL_FEEDER_1_2
10
-0.6900000000000001
20
0.758
30
0
40
0.0057599999999999995
0
CIRCLE
5
1119F
330
10AD3
100
AcDbEntity
100
AcDbCircle
8
KBL_FEEDER_1_2
10
-0.6900000000000001
20
0.758
30
0
40
0.0028
0
CIRCLE
5
111A0
330
10AD3
100
AcDbEntity
100
AcDbCircle
8
KBL_FEEDER_1_2
10
-0.6900000000000001
20
0.758
30
0
40
0.00176
0
LINE
5
111A1
330
10AD3
100
AcDbEntity
100
AcDbLine
8
KBL_FEEDER_1_2
10
-0.6920000000000001
20
0.758
30
0
11
-0.6880000000000001
21
0.758
31
0
0
LINE
5
111A2
330
10AD3
100
AcDbEntity
100
AcDbLine
8
KBL_FEEDER_1_2
10
-0.6900000000000001
20
0.756
30
0
11
-0.6900000000000001
21
0.76
31
0
0
CIRCLE
5
111A3
330
10AD3
100
AcDbEntity
100
AcDbCircle
8
KBL_FEEDER_1_2
10
-0.6900000000000001
20
0.776
30
0
40
0.008
0
CIRCLE
5
111A4
330
10AD3
100
AcDbEntity
100
AcDbCircle
8
KBL_FEEDER_1_2
10
-0.6900000000000001
20
0.776
30
0
40
0.00704
0
CIRCLE
5
111A5
330
10AD3
100
AcDbEntity
100
AcDbCircle
8
KBL_FEEDER_1_2
10
-0.6900000000000001
20
0.776
30
0
40
0.0057599999999999995
0
CIRCLE
5
111A6
330
10AD3
100
AcDbEntity
100
AcDbCircle
8
KBL_FEEDER_1_2
10
-0.6900000000000001
20
0.776
30
0
40
0.0028
0
CIRCLE
5
111A7
330
10AD3
100
AcDbEntity
100
AcDbCircle
8
KBL_FEEDER_1_2
10
-0.6900000000000001
20
0.776
30
0
40
0.00176
0
LINE
5
111A8
330
10AD3
100
AcDbEntity
100
AcDbLine
8
KBL_FEEDER_1_2
10
-0.6920000000000001
20
0.776
30
0
11
-0.6880000000000001
21
0.776
31
0
0
LINE
5
111A9
330
10AD3
100
AcDbEntity
100
AcDbLine
8
KBL_FEEDER_1_2
10
-0.6900000000000001
20
0.774
30
0
11
-0.6900000000000001
21
0.778
31
0
0
CIRCLE
5
111AA
330
10AD3
100
AcDbEntity
100
AcDbCircle
8
KBL_FEEDER_1_2
10
-0.6900000000000001
20
0.794
30
0
40
0.008
0
CIRCLE
5
111AB
330
10AD3
100
AcDbEntity
100
AcDbCircle
8
KBL_FEEDER_1_2
10
-0.6900000000000001
20
0.794
30
0
40
0.00704
0
CIRCLE
5
111AC
330
10AD3
100
AcDbEntity
100
AcDbCircle
8
KBL_FEEDER_1_2
10
-0.6900000000000001
20
0.794
30
0
40
0.0057599999999999995
0
CIRCLE
5
111AD
330
10AD3
100
AcDbEntity
100
AcDbCircle
8
KBL_FEEDER_1_2
10
-0.6900000000000001
20
0.794
30
0
40
0.0028
0
CIRCLE
5
111AE
330
10AD3
100
AcDbEntity
100
AcDbCircle
8
KBL_FEEDER_1_2
10
-0.6900000000000001
20
0.794
30
0
40
0.00176
0
LINE
5
111AF
330
10AD3
100
AcDbEntity
100
AcDbLine
8
KBL_FEEDER_1_2
10
-0.6920000000000001
20
0.794
30
0
11
-0.6880000000000001
21
0.794
31
0
0
LINE
5
111B0
330
10AD3
100
AcDbEntity
100
AcDbLine
8
KBL_FEEDER_1_2
10
-0.6900000000000001
20
0.792
30
0
11
-0.6900000000000001
21
0.796
31
0
0
CIRCLE
5
111B1
330
10AD3
100
AcDbEntity
100
AcDbCircle
8
KBL_FEEDER_1_2
10
-0.6900000000000001
20
0.812
30
0
40
0.008
0
CIRCLE
5
111B2
330
10AD3
100
AcDbEntity
100
AcDbCircle
8
KBL_FEEDER_1_2
10
-0.6900000000000001
20
0.812
30
0
40
0.00704
0
CIRCLE
5
111B3
330
10AD3
100
AcDbEntity
100
AcDbCircle
8
KBL_FEEDER_1_2
10
-0.6900000000000001
20
0.812
30
0
40
0.0057599999999999995
0
CIRCLE
5
111B4
330
10AD3
100
AcDbEntity
100
AcDbCircle
8
KBL_FEEDER_1_2
10
-0.6900000000000001
20
0.812
30
0
40
0.0028
0
CIRCLE
5
111B5
330
10AD3
100
AcDbEntity
100
AcDbCircle
8
KBL_FEEDER_1_2
10
-0.6900000000000001
20
0.812
30
0
40
0.00176
0
LINE
5
111B6
330
10AD3
100
AcDbEntity
100
AcDbLine
8
KBL_FEEDER_1_2
10
-0.6920000000000001
20
0.812
30
0
11
-0.6880000000000001
21
0.812
31
0
0
LINE
5
111B7
330
10AD3
100
AcDbEntity
100
AcDbLine
8
KBL_FEEDER_1_2
10
-0.6900000000000001
20
0.81
30
0
11
-0.6900000000000001
21
0.8140000000000001
31
0
0
CIRCLE
5
111B8
330
10AD3
100
AcDbEntity
100
AcDbCircle
8
KBL_FEEDER_1_2
10
-0.6200000000000001
20
0.758
30
0
40
0.008
0
CIRCLE
5
111B9
330
10AD3
100
AcDbEntity
100
AcDbCircle
8
KBL_FEEDER_1_2
10
-0.6200000000000001
20
0.758
30
0
40
0.00704
0
CIRCLE
5
111BA
330
10AD3
100
AcDbEntity
100
AcDbCircle
8
KBL_FEEDER_1_2
10
-0.6200000000000001
20
0.758
30
0
40
0.0057599999999999995
0
CIRCLE
5
111BB
330
10AD3
100
AcDbEntity
100
AcDbCircle
8
KBL_FEEDER_1_2
10
-0.6200000000000001
20
0.758
30
0
40
0.0028
0
CIRCLE
5
111BC
330
10AD3
100
AcDbEntity
100
AcDbCircle
8
KBL_FEEDER_1_2
10
-0.6200000000000001
20
0.758
30
0
40
0.00176
0
LINE
5
111BD
330
10AD3
100
AcDbEntity
100
AcDbLine
8
KBL_FEEDER_1_2
10
-0.6220000000000001
20
0.758
30
0
11
-0.6180000000000001
21
0.758
31
0
0
LINE
5
111BE
330
10AD3
100
AcDbEntity
100
AcDbLine
8
KBL_FEEDER_1_2
10
-0.6200000000000001
20
0.756
30
0
11
-0.6200000000000001
21
0.76
31
0
0
CIRCLE
5
111BF
330
10AD3
100
AcDbEntity
100
AcDbCircle
8
KBL_FEEDER_1_2
10
-0.6000000000000001
20
0.758
30
0
40
0.008
0
CIRCLE
5
111C0
330
10AD3
100
AcDbEntity
100
AcDbCircle
8
KBL_FEEDER_1_2
10
-0.6000000000000001
20
0.758
30
0
40
0.00704
0
CIRCLE
5
111C1
330
10AD3
100
AcDbEntity
100
AcDbCircle
8
KBL_FEEDER_1_2
10
-0.6000000000000001
20
0.758
30
0
40
0.0057599999999999995
0
CIRCLE
5
111C2
330
10AD3
100
AcDbEntity
100
AcDbCircle
8
KBL_FEEDER_1_2
10
-0.6000000000000001
20
0.758
30
0
40
0.0028
0
CIRCLE
5
111C3
330
10AD3
100
AcDbEntity
100
AcDbCircle
8
KBL_FEEDER_1_2
10
-0.6000000000000001
20
0.758
30
0
40
0.00176
0
LINE
5
111C4
330
10AD3
100
AcDbEntity
100
AcDbLine
8
KBL_FEEDER_1_2
10
-0.6020000000000001
20
0.758
30
0
11
-0.5980000000000001
21
0.758
31
0
0
LINE
5
111C5
330
10AD3
100
AcDbEntity
100
AcDbLine
8
KBL_FEEDER_1_2
10
-0.6000000000000001
20
0.756
30
0
11
-0.6000000000000001
21
0.76
31
0
0
CIRCLE
5
111C6
330
10AD3
100
AcDbEntity
100
AcDbCircle
8
KBL_FEEDER_1_2
10
-0.5800000000000001
20
0.758
30
0
40
0.008
0
CIRCLE
5
111C7
330
10AD3
100
AcDbEntity
100
AcDbCircle
8
KBL_FEEDER_1_2
10
-0.5800000000000001
20
0.758
30
0
40
0.00704
0
CIRCLE
5
111C8
330
10AD3
100
AcDbEntity
100
AcDbCircle
8
KBL_FEEDER_1_2
10
-0.5800000000000001
20
0.758
30
0
40
0.0057599999999999995
0
CIRCLE
5
111C9
330
10AD3
100
AcDbEntity
100
AcDbCircle
8
KBL_FEEDER_1_2
10
-0.5800000000000001
20
0.758
30
0
40
0.0028
0
CIRCLE
5
111CA
330
10AD3
100
AcDbEntity
100
AcDbCircle
8
KBL_FEEDER_1_2
10
-0.5800000000000001
20
0.758
30
0
40
0.00176
0
LINE
5
111CB
330
10AD3
100
AcDbEntity
100
AcDbLine
8
KBL_FEEDER_1_2
10
-0.5820000000000001
20
0.758
30
0
11
-0.5780000000000001
21
0.758
31
0
0
LINE
5
111CC
330
10AD3
100
AcDbEntity
100
AcDbLine
8
KBL_FEEDER_1_2
10
-0.5800000000000001
20
0.756
30
0
11
-0.5800000000000001
21
0.76
31
0
0
CIRCLE
5
111CD
330
10AD3
100
AcDbEntity
100
AcDbCircle
8
KBL_FEEDER_1_2
10
-0.56
20
0.758
30
0
40
0.008
0
CIRCLE
5
111CE
330
10AD3
100
AcDbEntity
100
AcDbCircle
8
KBL_FEEDER_1_2
10
-0.56
20
0.758
30
0
40
0.00704
0
CIRCLE
5
111CF
330
10AD3
100
AcDbEntity
100
AcDbCircle
8
KBL_FEEDER_1_2
10
-0.56
20
0.758
30
0
40
0.0057599999999999995
0
CIRCLE
5
111D0
330
10AD3
100
AcDbEntity
100
AcDbCircle
8
KBL_FEEDER_1_2
10
-0.56
20
0.758
30
0
40
0.0028
0
CIRCLE
5
111D1
330
10AD3
100
AcDbEntity
100
AcDbCircle
8
KBL_FEEDER_1_2
10
-0.56
20
0.758
30
0
40
0.00176
0
LINE
5
111D2
330
10AD3
100
AcDbEntity
100
AcDbLine
8
KBL_FEEDER_1_2
10
-0.562
20
0.758
30
0
11
-0.558
21
0.758
31
0
0
LINE
5
111D3
330
10AD3
100
AcDbEntity
100
AcDbLine
8
KBL_FEEDER_1_2
10
-0.56
20
0.756
30
0
11
-0.56
21
0.76
31
0
0
CIRCLE
5
111D4
330
10AD3
100
AcDbEntity
100
AcDbCircle
8
KBL_FEEDER_1_2
10
-0.5400000000000001
20
0.758
30
0
40
0.008
0
CIRCLE
5
111D5
330
10AD3
100
AcDbEntity
100
AcDbCircle
8
KBL_FEEDER_1_2
10
-0.5400000000000001
20
0.758
30
0
40
0.00704
0
CIRCLE
5
111D6
330
10AD3
100
AcDbEntity
100
AcDbCircle
8
KBL_FEEDER_1_2
10
-0.5400000000000001
20
0.758
30
0
40
0.0057599999999999995
0
CIRCLE
5
111D7
330
10AD3
100
AcDbEntity
100
AcDbCircle
8
KBL_FEEDER_1_2
10
-0.5400000000000001
20
0.758
30
0
40
0.0028
0
CIRCLE
5
111D8
330
10AD3
100
AcDbEntity
100
AcDbCircle
8
KBL_FEEDER_1_2
10
-0.5400000000000001
20
0.758
30
0
40
0.00176
0
LINE
5
111D9
330
10AD3
100
AcDbEntity
100
AcDbLine
8
KBL_FEEDER_1_2
10
-0.5420000000000001
20
0.758
30
0
11
-0.5380000000000001
21
0.758
31
0
0
LINE
5
111DA
330
10AD3
100
AcDbEntity
100
AcDbLine
8
KBL_FEEDER_1_2
10
-0.5400000000000001
20
0.756
30
0
11
-0.5400000000000001
21
0.76
31
0
0
CIRCLE
5
111DB
330
10AD3
100
AcDbEntity
100
AcDbCircle
8
KBL_FEEDER_1_2
10
-0.5200000000000001
20
0.758
30
0
40
0.008
0
CIRCLE
5
111DC
330
10AD3
100
AcDbEntity
100
AcDbCircle
8
KBL_FEEDER_1_2
10
-0.5200000000000001
20
0.758
30
0
40
0.00704
0
CIRCLE
5
111DD
330
10AD3
100
AcDbEntity
100
AcDbCircle
8
KBL_FEEDER_1_2
10
-0.5200000000000001
20
0.758
30
0
40
0.0057599999999999995
0
CIRCLE
5
111DE
330
10AD3
100
AcDbEntity
100
AcDbCircle
8
KBL_FEEDER_1_2
10
-0.5200000000000001
20
0.758
30
0
40
0.0028
0
CIRCLE
5
111DF
330
10AD3
100
AcDbEntity
100
AcDbCircle
8
KBL_FEEDER_1_2
10
-0.5200000000000001
20
0.758
30
0
40
0.00176
0
LINE
5
111E0
330
10AD3
100
AcDbEntity
100
AcDbLine
8
KBL_FEEDER_1_2
10
-0.5220000000000001
20
0.758
30
0
11
-0.5180000000000001
21
0.758
31
0
0
LINE
5
111E1
330
10AD3
100
AcDbEntity
100
AcDbLine
8
KBL_FEEDER_1_2
10
-0.5200000000000001
20
0.756
30
0
11
-0.5200000000000001
21
0.76
31
0
0
CIRCLE
5
111E2
330
10AD3
100
AcDbEntity
100
AcDbCircle
8
KBL_FEEDER_1_2
10
-0.5000000000000001
20
0.758
30
0
40
0.008
0
CIRCLE
5
111E3
330
10AD3
100
AcDbEntity
100
AcDbCircle
8
KBL_FEEDER_1_2
10
-0.5000000000000001
20
0.758
30
0
40
0.00704
0
CIRCLE
5
111E4
330
10AD3
100
AcDbEntity
100
AcDbCircle
8
KBL_FEEDER_1_2
10
-0.5000000000000001
20
0.758
30
0
40
0.0057599999999999995
0
CIRCLE
5
111E5
330
10AD3
100
AcDbEntity
100
AcDbCircle
8
KBL_FEEDER_1_2
10
-0.5000000000000001
20
0.758
30
0
40
0.0028
0
CIRCLE
5
111E6
330
10AD3
100
AcDbEntity
100
AcDbCircle
8
KBL_FEEDER_1_2
10
-0.5000000000000001
20
0.758
30
0
40
0.00176
0
LINE
5
111E7
330
10AD3
100
AcDbEntity
100
AcDbLine
8
KBL_FEEDER_1_2
10
-0.5020000000000001
20
0.758
30
0
11
-0.4980000000000001
21
0.758
31
0
0
LINE
5
111E8
330
10AD3
100
AcDbEntity
100
AcDbLine
8
KBL_FEEDER_1_2
10
-0.5000000000000001
20
0.756
30
0
11
-0.5000000000000001
21
0.76
31
0
0
CIRCLE
5
111E9
330
10AD3
100
AcDbEntity
100
AcDbCircle
8
KBL_FEEDER_1_2
10
-0.4800000000000001
20
0.758
30
0
40
0.008
0
CIRCLE
5
111EA
330
10AD3
100
AcDbEntity
100
AcDbCircle
8
KBL_FEEDER_1_2
10
-0.4800000000000001
20
0.758
30
0
40
0.00704
0
CIRCLE
5
111EB
330
10AD3
100
AcDbEntity
100
AcDbCircle
8
KBL_FEEDER_1_2
10
-0.4800000000000001
20
0.758
30
0
40
0.0057599999999999995
0
CIRCLE
5
111EC
330
10AD3
100
AcDbEntity
100
AcDbCircle
8
KBL_FEEDER_1_2
10
-0.4800000000000001
20
0.758
30
0
40
0.0028
0
CIRCLE
5
111ED
330
10AD3
100
AcDbEntity
100
AcDbCircle
8
KBL_FEEDER_1_2
10
-0.4800000000000001
20
0.758
30
0
40
0.00176
0
LINE
5
111EE
330
10AD3
100
AcDbEntity
100
AcDbLine
8
KBL_FEEDER_1_2
10
-0.4820000000000001
20
0.758
30
0
11
-0.4780000000000001
21
0.758
31
0
0
LINE
5
111EF
330
10AD3
100
AcDbEntity
100
AcDbLine
8
KBL_FEEDER_1_2
10
-0.4800000000000001
20
0.756
30
0
11
-0.4800000000000001
21
0.76
31
0
0
CIRCLE
5
111F0
330
10AD3
100
AcDbEntity
100
AcDbCircle
8
KBL_FEEDER_1_2
10
-0.4600000000000001
20
0.758
30
0
40
0.008
0
CIRCLE
5
111F1
330
10AD3
100
AcDbEntity
100
AcDbCircle
8
KBL_FEEDER_1_2
10
-0.4600000000000001
20
0.758
30
0
40
0.00704
0
CIRCLE
5
111F2
330
10AD3
100
AcDbEntity
100
AcDbCircle
8
KBL_FEEDER_1_2
10
-0.4600000000000001
20
0.758
30
0
40
0.0057599999999999995
0
CIRCLE
5
111F3
330
10AD3
100
AcDbEntity
100
AcDbCircle
8
KBL_FEEDER_1_2
10
-0.4600000000000001
20
0.758
30
0
40
0.0028
0
CIRCLE
5
111F4
330
10AD3
100
AcDbEntity
100
AcDbCircle
8
KBL_FEEDER_1_2
10
-0.4600000000000001
20
0.758
30
0
40
0.00176
0
LINE
5
111F5
330
10AD3
100
AcDbEntity
100
AcDbLine
8
KBL_FEEDER_1_2
10
-0.4620000000000001
20
0.758
30
0
11
-0.4580000000000001
21
0.758
31
0
0
LINE
5
111F6
330
10AD3
100
AcDbEntity
100
AcDbLine
8
KBL_FEEDER_1_2
10
-0.4600000000000001
20
0.756
30
0
11
-0.4600000000000001
21
0.76
31
0
0
CIRCLE
5
111F7
330
10AD3
100
AcDbEntity
100
AcDbCircle
8
KBL_FEEDER_1_2
10
-0.4400000000000001
20
0.758
30
0
40
0.008
0
CIRCLE
5
111F8
330
10AD3
100
AcDbEntity
100
AcDbCircle
8
KBL_FEEDER_1_2
10
-0.4400000000000001
20
0.758
30
0
40
0.00704
0
CIRCLE
5
111F9
330
10AD3
100
AcDbEntity
100
AcDbCircle
8
KBL_FEEDER_1_2
10
-0.4400000000000001
20
0.758
30
0
40
0.0057599999999999995
0
CIRCLE
5
111FA
330
10AD3
100
AcDbEntity
100
AcDbCircle
8
KBL_FEEDER_1_2
10
-0.4400000000000001
20
0.758
30
0
40
0.0028
0
CIRCLE
5
111FB
330
10AD3
100
AcDbEntity
100
AcDbCircle
8
KBL_FEEDER_1_2
10
-0.4400000000000001
20
0.758
30
0
40
0.00176
0
LINE
5
111FC
330
10AD3
100
AcDbEntity
100
AcDbLine
8
KBL_FEEDER_1_2
10
-0.4420000000000001
20
0.758
30
0
11
-0.4380000000000001
21
0.758
31
0
0
LINE
5
111FD
330
10AD3
100
AcDbEntity
100
AcDbLine
8
KBL_FEEDER_1_2
10
-0.4400000000000001
20
0.756
30
0
11
-0.4400000000000001
21
0.76
31
0
0
CIRCLE
5
111FE
330
10AD3
100
AcDbEntity
100
AcDbCircle
8
KBL_FEEDER_1_2
10
-0.4200000000000001
20
0.758
30
0
40
0.008
0
CIRCLE
5
111FF
330
10AD3
100
AcDbEntity
100
AcDbCircle
8
KBL_FEEDER_1_2
10
-0.4200000000000001
20
0.758
30
0
40
0.00704
0
CIRCLE
5
11200
330
10AD3
100
AcDbEntity
100
AcDbCircle
8
KBL_FEEDER_1_2
10
-0.4200000000000001
20
0.758
30
0
40
0.0057599999999999995
0
CIRCLE
5
11201
330
10AD3
100
AcDbEntity
100
AcDbCircle
8
KBL_FEEDER_1_2
10
-0.4200000000000001
20
0.758
30
0
40
0.0028
0
CIRCLE
5
11202
330
10AD3
100
AcDbEntity
100
AcDbCircle
8
KBL_FEEDER_1_2
10
-0.4200000000000001
20
0.758
30
0
40
0.00176
0
LINE
5
11203
330
10AD3
100
AcDbEntity
100
AcDbLine
8
KBL_FEEDER_1_2
10
-0.4220000000000001
20
0.758
30
0
11
-0.4180000000000001
21
0.758
31
0
0
LINE
5
11204
330
10AD3
100
AcDbEntity
100
AcDbLine
8
KBL_FEEDER_1_2
10
-0.4200000000000001
20
0.756
30
0
11
-0.4200000000000001
21
0.76
31
0
0
CIRCLE
5
11205
330
10AD3
100
AcDbEntity
100
AcDbCircle
8
KBL_FEEDER_1_2
10
-0.40000000000000013
20
0.758
30
0
40
0.008
0
CIRCLE
5
11206
330
10AD3
100
AcDbEntity
100
AcDbCircle
8
KBL_FEEDER_1_2
10
-0.40000000000000013
20
0.758
30
0
40
0.00704
0
CIRCLE
5
11207
330
10AD3
100
AcDbEntity
100
AcDbCircle
8
KBL_FEEDER_1_2
10
-0.40000000000000013
20
0.758
30
0
40
0.0057599999999999995
0
CIRCLE
5
11208
330
10AD3
100
AcDbEntity
100
AcDbCircle
8
KBL_FEEDER_1_2
10
-0.40000000000000013
20
0.758
30
0
40
0.0028
0
CIRCLE
5
11209
330
10AD3
100
AcDbEntity
100
AcDbCircle
8
KBL_FEEDER_1_2
10
-0.40000000000000013
20
0.758
30
0
40
0.00176
0
LINE
5
1120A
330
10AD3
100
AcDbEntity
100
AcDbLine
8
KBL_FEEDER_1_2
10
-0.40200000000000014
20
0.758
30
0
11
-0.39800000000000013
21
0.758
31
0
0
LINE
5
1120B
330
10AD3
100
AcDbEntity
100
AcDbLine
8
KBL_FEEDER_1_2
10
-0.40000000000000013
20
0.756
30
0
11
-0.40000000000000013
21
0.76
31
0
0
CIRCLE
5
1120C
330
10AD3
100
AcDbEntity
100
AcDbCircle
8
KBL_FEEDER_1_2
10
-0.3800000000000001
20
0.758
30
0
40
0.008
0
CIRCLE
5
1120D
330
10AD3
100
AcDbEntity
100
AcDbCircle
8
KBL_FEEDER_1_2
10
-0.3800000000000001
20
0.758
30
0
40
0.00704
0
CIRCLE
5
1120E
330
10AD3
100
AcDbEntity
100
AcDbCircle
8
KBL_FEEDER_1_2
10
-0.3800000000000001
20
0.758
30
0
40
0.0057599999999999995
0
CIRCLE
5
1120F
330
10AD3
100
AcDbEntity
100
AcDbCircle
8
KBL_FEEDER_1_2
10
-0.3800000000000001
20
0.758
30
0
40
0.0028
0
CIRCLE
5
11210
330
10AD3
100
AcDbEntity
100
AcDbCircle
8
KBL_FEEDER_1_2
10
-0.3800000000000001
20
0.758
30
0
40
0.00176
0
LINE
5
11211
330
10AD3
100
AcDbEntity
100
AcDbLine
8
KBL_FEEDER_1_2
10
-0.3820000000000001
20
0.758
30
0
11
-0.3780000000000001
21
0.758
31
0
0
LINE
5
11212
330
10AD3
100
AcDbEntity
100
AcDbLine
8
KBL_FEEDER_1_2
10
-0.3800000000000001
20
0.756
30
0
11
-0.3800000000000001
21
0.76
31
0
0
CIRCLE
5
11213
330
10AD3
100
AcDbEntity
100
AcDbCircle
8
KBL_FEEDER_1_2
10
-0.3600000000000001
20
0.758
30
0
40
0.008
0
CIRCLE
5
11214
330
10AD3
100
AcDbEntity
100
AcDbCircle
8
KBL_FEEDER_1_2
10
-0.3600000000000001
20
0.758
30
0
40
0.00704
0
CIRCLE
5
11215
330
10AD3
100
AcDbEntity
100
AcDbCircle
8
KBL_FEEDER_1_2
10
-0.3600000000000001
20
0.758
30
0
40
0.0057599999999999995
0
CIRCLE
5
11216
330
10AD3
100
AcDbEntity
100
AcDbCircle
8
KBL_FEEDER_1_2
10
-0.3600000000000001
20
0.758
30
0
40
0.0028
0
CIRCLE
5
11217
330
10AD3
100
AcDbEntity
100
AcDbCircle
8
KBL_FEEDER_1_2
10
-0.3600000000000001
20
0.758
30
0
40
0.00176
0
LINE
5
11218
330
10AD3
100
AcDbEntity
100
AcDbLine
8
KBL_FEEDER_1_2
10
-0.3620000000000001
20
0.758
30
0
11
-0.3580000000000001
21
0.758
31
0
0
LINE
5
11219
330
10AD3
100
AcDbEntity
100
AcDbLine
8
KBL_FEEDER_1_2
10
-0.3600000000000001
20
0.756
30
0
11
-0.3600000000000001
21
0.76
31
0
0
CIRCLE
5
1121A
330
10AD3
100
AcDbEntity
100
AcDbCircle
8
KBL_FEEDER_1_2
10
-0.3400000000000001
20
0.758
30
0
40
0.008
0
CIRCLE
5
1121B
330
10AD3
100
AcDbEntity
100
AcDbCircle
8
KBL_FEEDER_1_2
10
-0.3400000000000001
20
0.758
30
0
40
0.00704
0
CIRCLE
5
1121C
330
10AD3
100
AcDbEntity
100
AcDbCircle
8
KBL_FEEDER_1_2
10
-0.3400000000000001
20
0.758
30
0
40
0.0057599999999999995
0
CIRCLE
5
1121D
330
10AD3
100
AcDbEntity
100
AcDbCircle
8
KBL_FEEDER_1_2
10
-0.3400000000000001
20
0.758
30
0
40
0.0028
0
CIRCLE
5
1121E
330
10AD3
100
AcDbEntity
100
AcDbCircle
8
KBL_FEEDER_1_2
10
-0.3400000000000001
20
0.758
30
0
40
0.00176
0
LINE
5
1121F
330
10AD3
100
AcDbEntity
100
AcDbLine
8
KBL_FEEDER_1_2
10
-0.3420000000000001
20
0.758
30
0
11
-0.3380000000000001
21
0.758
31
0
0
LINE
5
11220
330
10AD3
100
AcDbEntity
100
AcDbLine
8
KBL_FEEDER_1_2
10
-0.3400000000000001
20
0.756
30
0
11
-0.3400000000000001
21
0.76
31
0
0
CIRCLE
5
11221
330
10AD3
100
AcDbEntity
100
AcDbCircle
8
KBL_FEEDER_1_2
10
-0.6200000000000001
20
0.776
30
0
40
0.008
0
CIRCLE
5
11222
330
10AD3
100
AcDbEntity
100
AcDbCircle
8
KBL_FEEDER_1_2
10
-0.6200000000000001
20
0.776
30
0
40
0.00704
0
CIRCLE
5
11223
330
10AD3
100
AcDbEntity
100
AcDbCircle
8
KBL_FEEDER_1_2
10
-0.6200000000000001
20
0.776
30
0
40
0.0057599999999999995
0
CIRCLE
5
11224
330
10AD3
100
AcDbEntity
100
AcDbCircle
8
KBL_FEEDER_1_2
10
-0.6200000000000001
20
0.776
30
0
40
0.0028
0
CIRCLE
5
11225
330
10AD3
100
AcDbEntity
100
AcDbCircle
8
KBL_FEEDER_1_2
10
-0.6200000000000001
20
0.776
30
0
40
0.00176
0
LINE
5
11226
330
10AD3
100
AcDbEntity
100
AcDbLine
8
KBL_FEEDER_1_2
10
-0.6220000000000001
20
0.776
30
0
11
-0.6180000000000001
21
0.776
31
0
0
LINE
5
11227
330
10AD3
100
AcDbEntity
100
AcDbLine
8
KBL_FEEDER_1_2
10
-0.6200000000000001
20
0.774
30
0
11
-0.6200000000000001
21
0.778
31
0
0
CIRCLE
5
11228
330
10AD3
100
AcDbEntity
100
AcDbCircle
8
KBL_FEEDER_1_2
10
-0.6000000000000001
20
0.776
30
0
40
0.008
0
CIRCLE
5
11229
330
10AD3
100
AcDbEntity
100
AcDbCircle
8
KBL_FEEDER_1_2
10
-0.6000000000000001
20
0.776
30
0
40
0.00704
0
CIRCLE
5
1122A
330
10AD3
100
AcDbEntity
100
AcDbCircle
8
KBL_FEEDER_1_2
10
-0.6000000000000001
20
0.776
30
0
40
0.0057599999999999995
0
CIRCLE
5
1122B
330
10AD3
100
AcDbEntity
100
AcDbCircle
8
KBL_FEEDER_1_2
10
-0.6000000000000001
20
0.776
30
0
40
0.0028
0
CIRCLE
5
1122C
330
10AD3
100
AcDbEntity
100
AcDbCircle
8
KBL_FEEDER_1_2
10
-0.6000000000000001
20
0.776
30
0
40
0.00176
0
LINE
5
1122D
330
10AD3
100
AcDbEntity
100
AcDbLine
8
KBL_FEEDER_1_2
10
-0.6020000000000001
20
0.776
30
0
11
-0.5980000000000001
21
0.776
31
0
0
LINE
5
1122E
330
10AD3
100
AcDbEntity
100
AcDbLine
8
KBL_FEEDER_1_2
10
-0.6000000000000001
20
0.774
30
0
11
-0.6000000000000001
21
0.778
31
0
0
CIRCLE
5
1122F
330
10AD3
100
AcDbEntity
100
AcDbCircle
8
KBL_FEEDER_1_2
10
-0.5800000000000001
20
0.776
30
0
40
0.008
0
CIRCLE
5
11230
330
10AD3
100
AcDbEntity
100
AcDbCircle
8
KBL_FEEDER_1_2
10
-0.5800000000000001
20
0.776
30
0
40
0.00704
0
CIRCLE
5
11231
330
10AD3
100
AcDbEntity
100
AcDbCircle
8
KBL_FEEDER_1_2
10
-0.5800000000000001
20
0.776
30
0
40
0.0057599999999999995
0
CIRCLE
5
11232
330
10AD3
100
AcDbEntity
100
AcDbCircle
8
KBL_FEEDER_1_2
10
-0.5800000000000001
20
0.776
30
0
40
0.0028
0
CIRCLE
5
11233
330
10AD3
100
AcDbEntity
100
AcDbCircle
8
KBL_FEEDER_1_2
10
-0.5800000000000001
20
0.776
30
0
40
0.00176
0
LINE
5
11234
330
10AD3
100
AcDbEntity
100
AcDbLine
8
KBL_FEEDER_1_2
10
-0.5820000000000001
20
0.776
30
0
11
-0.5780000000000001
21
0.776
31
0
0
LINE
5
11235
330
10AD3
100
AcDbEntity
100
AcDbLine
8
KBL_FEEDER_1_2
10
-0.5800000000000001
20
0.774
30
0
11
-0.5800000000000001
21
0.778
31
0
0
CIRCLE
5
11236
330
10AD3
100
AcDbEntity
100
AcDbCircle
8
KBL_FEEDER_1_2
10
-0.56
20
0.776
30
0
40
0.008
0
CIRCLE
5
11237
330
10AD3
100
AcDbEntity
100
AcDbCircle
8
KBL_FEEDER_1_2
10
-0.56
20
0.776
30
0
40
0.00704
0
CIRCLE
5
11238
330
10AD3
100
AcDbEntity
100
AcDbCircle
8
KBL_FEEDER_1_2
10
-0.56
20
0.776
30
0
40
0.0057599999999999995
0
CIRCLE
5
11239
330
10AD3
100
AcDbEntity
100
AcDbCircle
8
KBL_FEEDER_1_2
10
-0.56
20
0.776
30
0
40
0.0028
0
CIRCLE
5
1123A
330
10AD3
100
AcDbEntity
100
AcDbCircle
8
KBL_FEEDER_1_2
10
-0.56
20
0.776
30
0
40
0.00176
0
LINE
5
1123B
330
10AD3
100
AcDbEntity
100
AcDbLine
8
KBL_FEEDER_1_2
10
-0.562
20
0.776
30
0
11
-0.558
21
0.776
31
0
0
LINE
5
1123C
330
10AD3
100
AcDbEntity
100
AcDbLine
8
KBL_FEEDER_1_2
10
-0.56
20
0.774
30
0
11
-0.56
21
0.778
31
0
0
CIRCLE
5
1123D
330
10AD3
100
AcDbEntity
100
AcDbCircle
8
KBL_FEEDER_1_2
10
-0.5400000000000001
20
0.776
30
0
40
0.008
0
CIRCLE
5
1123E
330
10AD3
100
AcDbEntity
100
AcDbCircle
8
KBL_FEEDER_1_2
10
-0.5400000000000001
20
0.776
30
0
40
0.00704
0
CIRCLE
5
1123F
330
10AD3
100
AcDbEntity
100
AcDbCircle
8
KBL_FEEDER_1_2
10
-0.5400000000000001
20
0.776
30
0
40
0.0057599999999999995
0
CIRCLE
5
11240
330
10AD3
100
AcDbEntity
100
AcDbCircle
8
KBL_FEEDER_1_2
10
-0.5400000000000001
20
0.776
30
0
40
0.0028
0
CIRCLE
5
11241
330
10AD3
100
AcDbEntity
100
AcDbCircle
8
KBL_FEEDER_1_2
10
-0.5400000000000001
20
0.776
30
0
40
0.00176
0
LINE
5
11242
330
10AD3
100
AcDbEntity
100
AcDbLine
8
KBL_FEEDER_1_2
10
-0.5420000000000001
20
0.776
30
0
11
-0.5380000000000001
21
0.776
31
0
0
LINE
5
11243
330
10AD3
100
AcDbEntity
100
AcDbLine
8
KBL_FEEDER_1_2
10
-0.5400000000000001
20
0.774
30
0
11
-0.5400000000000001
21
0.778
31
0
0
CIRCLE
5
11244
330
10AD3
100
AcDbEntity
100
AcDbCircle
8
KBL_FEEDER_1_2
10
-0.5200000000000001
20
0.776
30
0
40
0.008
0
CIRCLE
5
11245
330
10AD3
100
AcDbEntity
100
AcDbCircle
8
KBL_FEEDER_1_2
10
-0.5200000000000001
20
0.776
30
0
40
0.00704
0
CIRCLE
5
11246
330
10AD3
100
AcDbEntity
100
AcDbCircle
8
KBL_FEEDER_1_2
10
-0.5200000000000001
20
0.776
30
0
40
0.0057599999999999995
0
CIRCLE
5
11247
330
10AD3
100
AcDbEntity
100
AcDbCircle
8
KBL_FEEDER_1_2
10
-0.5200000000000001
20
0.776
30
0
40
0.0028
0
CIRCLE
5
11248
330
10AD3
100
AcDbEntity
100
AcDbCircle
8
KBL_FEEDER_1_2
10
-0.5200000000000001
20
0.776
30
0
40
0.00176
0
LINE
5
11249
330
10AD3
100
AcDbEntity
100
AcDbLine
8
KBL_FEEDER_1_2
10
-0.5220000000000001
20
0.776
30
0
11
-0.5180000000000001
21
0.776
31
0
0
LINE
5
1124A
330
10AD3
100
AcDbEntity
100
AcDbLine
8
KBL_FEEDER_1_2
10
-0.5200000000000001
20
0.774
30
0
11
-0.5200000000000001
21
0.778
31
0
0
CIRCLE
5
1124B
330
10AD3
100
AcDbEntity
100
AcDbCircle
8
KBL_FEEDER_1_2
10
-0.5000000000000001
20
0.776
30
0
40
0.008
0
CIRCLE
5
1124C
330
10AD3
100
AcDbEntity
100
AcDbCircle
8
KBL_FEEDER_1_2
10
-0.5000000000000001
20
0.776
30
0
40
0.00704
0
CIRCLE
5
1124D
330
10AD3
100
AcDbEntity
100
AcDbCircle
8
KBL_FEEDER_1_2
10
-0.5000000000000001
20
0.776
30
0
40
0.0057599999999999995
0
CIRCLE
5
1124E
330
10AD3
100
AcDbEntity
100
AcDbCircle
8
KBL_FEEDER_1_2
10
-0.5000000000000001
20
0.776
30
0
40
0.0028
0
CIRCLE
5
1124F
330
10AD3
100
AcDbEntity
100
AcDbCircle
8
KBL_FEEDER_1_2
10
-0.5000000000000001
20
0.776
30
0
40
0.00176
0
LINE
5
11250
330
10AD3
100
AcDbEntity
100
AcDbLine
8
KBL_FEEDER_1_2
10
-0.5020000000000001
20
0.776
30
0
11
-0.4980000000000001
21
0.776
31
0
0
LINE
5
11251
330
10AD3
100
AcDbEntity
100
AcDbLine
8
KBL_FEEDER_1_2
10
-0.5000000000000001
20
0.774
30
0
11
-0.5000000000000001
21
0.778
31
0
0
CIRCLE
5
11252
330
10AD3
100
AcDbEntity
100
AcDbCircle
8
KBL_FEEDER_1_2
10
-0.4800000000000001
20
0.776
30
0
40
0.008
0
CIRCLE
5
11253
330
10AD3
100
AcDbEntity
100
AcDbCircle
8
KBL_FEEDER_1_2
10
-0.4800000000000001
20
0.776
30
0
40
0.00704
0
CIRCLE
5
11254
330
10AD3
100
AcDbEntity
100
AcDbCircle
8
KBL_FEEDER_1_2
10
-0.4800000000000001
20
0.776
30
0
40
0.0057599999999999995
0
CIRCLE
5
11255
330
10AD3
100
AcDbEntity
100
AcDbCircle
8
KBL_FEEDER_1_2
10
-0.4800000000000001
20
0.776
30
0
40
0.0028
0
CIRCLE
5
11256
330
10AD3
100
AcDbEntity
100
AcDbCircle
8
KBL_FEEDER_1_2
10
-0.4800000000000001
20
0.776
30
0
40
0.00176
0
LINE
5
11257
330
10AD3
100
AcDbEntity
100
AcDbLine
8
KBL_FEEDER_1_2
10
-0.4820000000000001
20
0.776
30
0
11
-0.4780000000000001
21
0.776
31
0
0
LINE
5
11258
330
10AD3
100
AcDbEntity
100
AcDbLine
8
KBL_FEEDER_1_2
10
-0.4800000000000001
20
0.774
30
0
11
-0.4800000000000001
21
0.778
31
0
0
CIRCLE
5
11259
330
10AD3
100
AcDbEntity
100
AcDbCircle
8
KBL_FEEDER_1_2
10
-0.4600000000000001
20
0.776
30
0
40
0.008
0
CIRCLE
5
1125A
330
10AD3
100
AcDbEntity
100
AcDbCircle
8
KBL_FEEDER_1_2
10
-0.4600000000000001
20
0.776
30
0
40
0.00704
0
CIRCLE
5
1125B
330
10AD3
100
AcDbEntity
100
AcDbCircle
8
KBL_FEEDER_1_2
10
-0.4600000000000001
20
0.776
30
0
40
0.0057599999999999995
0
CIRCLE
5
1125C
330
10AD3
100
AcDbEntity
100
AcDbCircle
8
KBL_FEEDER_1_2
10
-0.4600000000000001
20
0.776
30
0
40
0.0028
0
CIRCLE
5
1125D
330
10AD3
100
AcDbEntity
100
AcDbCircle
8
KBL_FEEDER_1_2
10
-0.4600000000000001
20
0.776
30
0
40
0.00176
0
LINE
5
1125E
330
10AD3
100
AcDbEntity
100
AcDbLine
8
KBL_FEEDER_1_2
10
-0.4620000000000001
20
0.776
30
0
11
-0.4580000000000001
21
0.776
31
0
0
LINE
5
1125F
330
10AD3
100
AcDbEntity
100
AcDbLine
8
KBL_FEEDER_1_2
10
-0.4600000000000001
20
0.774
30
0
11
-0.4600000000000001
21
0.778
31
0
0
CIRCLE
5
11260
330
10AD3
100
AcDbEntity
100
AcDbCircle
8
KBL_FEEDER_1_2
10
-0.4400000000000001
20
0.776
30
0
40
0.008
0
CIRCLE
5
11261
330
10AD3
100
AcDbEntity
100
AcDbCircle
8
KBL_FEEDER_1_2
10
-0.4400000000000001
20
0.776
30
0
40
0.00704
0
CIRCLE
5
11262
330
10AD3
100
AcDbEntity
100
AcDbCircle
8
KBL_FEEDER_1_2
10
-0.4400000000000001
20
0.776
30
0
40
0.0057599999999999995
0
CIRCLE
5
11263
330
10AD3
100
AcDbEntity
100
AcDbCircle
8
KBL_FEEDER_1_2
10
-0.4400000000000001
20
0.776
30
0
40
0.0028
0
CIRCLE
5
11264
330
10AD3
100
AcDbEntity
100
AcDbCircle
8
KBL_FEEDER_1_2
10
-0.4400000000000001
20
0.776
30
0
40
0.00176
0
LINE
5
11265
330
10AD3
100
AcDbEntity
100
AcDbLine
8
KBL_FEEDER_1_2
10
-0.4420000000000001
20
0.776
30
0
11
-0.4380000000000001
21
0.776
31
0
0
LINE
5
11266
330
10AD3
100
AcDbEntity
100
AcDbLine
8
KBL_FEEDER_1_2
10
-0.4400000000000001
20
0.774
30
0
11
-0.4400000000000001
21
0.778
31
0
0
CIRCLE
5
11267
330
10AD3
100
AcDbEntity
100
AcDbCircle
8
KBL_FEEDER_1_2
10
-0.4200000000000001
20
0.776
30
0
40
0.008
0
CIRCLE
5
11268
330
10AD3
100
AcDbEntity
100
AcDbCircle
8
KBL_FEEDER_1_2
10
-0.4200000000000001
20
0.776
30
0
40
0.00704
0
CIRCLE
5
11269
330
10AD3
100
AcDbEntity
100
AcDbCircle
8
KBL_FEEDER_1_2
10
-0.4200000000000001
20
0.776
30
0
40
0.0057599999999999995
0
CIRCLE
5
1126A
330
10AD3
100
AcDbEntity
100
AcDbCircle
8
KBL_FEEDER_1_2
10
-0.4200000000000001
20
0.776
30
0
40
0.0028
0
CIRCLE
5
1126B
330
10AD3
100
AcDbEntity
100
AcDbCircle
8
KBL_FEEDER_1_2
10
-0.4200000000000001
20
0.776
30
0
40
0.00176
0
LINE
5
1126C
330
10AD3
100
AcDbEntity
100
AcDbLine
8
KBL_FEEDER_1_2
10
-0.4220000000000001
20
0.776
30
0
11
-0.4180000000000001
21
0.776
31
0
0
LINE
5
1126D
330
10AD3
100
AcDbEntity
100
AcDbLine
8
KBL_FEEDER_1_2
10
-0.4200000000000001
20
0.774
30
0
11
-0.4200000000000001
21
0.778
31
0
0
CIRCLE
5
1126E
330
10AD3
100
AcDbEntity
100
AcDbCircle
8
KBL_FEEDER_1_2
10
-0.40000000000000013
20
0.776
30
0
40
0.008
0
CIRCLE
5
1126F
330
10AD3
100
AcDbEntity
100
AcDbCircle
8
KBL_FEEDER_1_2
10
-0.40000000000000013
20
0.776
30
0
40
0.00704
0
CIRCLE
5
11270
330
10AD3
100
AcDbEntity
100
AcDbCircle
8
KBL_FEEDER_1_2
10
-0.40000000000000013
20
0.776
30
0
40
0.0057599999999999995
0
CIRCLE
5
11271
330
10AD3
100
AcDbEntity
100
AcDbCircle
8
KBL_FEEDER_1_2
10
-0.40000000000000013
20
0.776
30
0
40
0.0028
0
CIRCLE
5
11272
330
10AD3
100
AcDbEntity
100
AcDbCircle
8
KBL_FEEDER_1_2
10
-0.40000000000000013
20
0.776
30
0
40
0.00176
0
LINE
5
11273
330
10AD3
100
AcDbEntity
100
AcDbLine
8
KBL_FEEDER_1_2
10
-0.40200000000000014
20
0.776
30
0
11
-0.39800000000000013
21
0.776
31
0
0
LINE
5
11274
330
10AD3
100
AcDbEntity
100
AcDbLine
8
KBL_FEEDER_1_2
10
-0.40000000000000013
20
0.774
30
0
11
-0.40000000000000013
21
0.778
31
0
0
CIRCLE
5
11275
330
10AD3
100
AcDbEntity
100
AcDbCircle
8
KBL_FEEDER_1_2
10
-0.3800000000000001
20
0.776
30
0
40
0.008
0
CIRCLE
5
11276
330
10AD3
100
AcDbEntity
100
AcDbCircle
8
KBL_FEEDER_1_2
10
-0.3800000000000001
20
0.776
30
0
40
0.00704
0
CIRCLE
5
11277
330
10AD3
100
AcDbEntity
100
AcDbCircle
8
KBL_FEEDER_1_2
10
-0.3800000000000001
20
0.776
30
0
40
0.0057599999999999995
0
CIRCLE
5
11278
330
10AD3
100
AcDbEntity
100
AcDbCircle
8
KBL_FEEDER_1_2
10
-0.3800000000000001
20
0.776
30
0
40
0.0028
0
CIRCLE
5
11279
330
10AD3
100
AcDbEntity
100
AcDbCircle
8
KBL_FEEDER_1_2
10
-0.3800000000000001
20
0.776
30
0
40
0.00176
0
LINE
5
1127A
330
10AD3
100
AcDbEntity
100
AcDbLine
8
KBL_FEEDER_1_2
10
-0.3820000000000001
20
0.776
30
0
11
-0.3780000000000001
21
0.776
31
0
0
LINE
5
1127B
330
10AD3
100
AcDbEntity
100
AcDbLine
8
KBL_FEEDER_1_2
10
-0.3800000000000001
20
0.774
30
0
11
-0.3800000000000001
21
0.778
31
0
0
CIRCLE
5
1127C
330
10AD3
100
AcDbEntity
100
AcDbCircle
8
KBL_FEEDER_1_2
10
-0.3600000000000001
20
0.776
30
0
40
0.008
0
CIRCLE
5
1127D
330
10AD3
100
AcDbEntity
100
AcDbCircle
8
KBL_FEEDER_1_2
10
-0.3600000000000001
20
0.776
30
0
40
0.00704
0
CIRCLE
5
1127E
330
10AD3
100
AcDbEntity
100
AcDbCircle
8
KBL_FEEDER_1_2
10
-0.3600000000000001
20
0.776
30
0
40
0.0057599999999999995
0
CIRCLE
5
1127F
330
10AD3
100
AcDbEntity
100
AcDbCircle
8
KBL_FEEDER_1_2
10
-0.3600000000000001
20
0.776
30
0
40
0.0028
0
CIRCLE
5
11280
330
10AD3
100
AcDbEntity
100
AcDbCircle
8
KBL_FEEDER_1_2
10
-0.3600000000000001
20
0.776
30
0
40
0.00176
0
LINE
5
11281
330
10AD3
100
AcDbEntity
100
AcDbLine
8
KBL_FEEDER_1_2
10
-0.3620000000000001
20
0.776
30
0
11
-0.3580000000000001
21
0.776
31
0
0
LINE
5
11282
330
10AD3
100
AcDbEntity
100
AcDbLine
8
KBL_FEEDER_1_2
10
-0.3600000000000001
20
0.774
30
0
11
-0.3600000000000001
21
0.778
31
0
0
CIRCLE
5
11283
330
10AD3
100
AcDbEntity
100
AcDbCircle
8
KBL_FEEDER_1_2
10
-0.3400000000000001
20
0.776
30
0
40
0.008
0
CIRCLE
5
11284
330
10AD3
100
AcDbEntity
100
AcDbCircle
8
KBL_FEEDER_1_2
10
-0.3400000000000001
20
0.776
30
0
40
0.00704
0
CIRCLE
5
11285
330
10AD3
100
AcDbEntity
100
AcDbCircle
8
KBL_FEEDER_1_2
10
-0.3400000000000001
20
0.776
30
0
40
0.0057599999999999995
0
CIRCLE
5
11286
330
10AD3
100
AcDbEntity
100
AcDbCircle
8
KBL_FEEDER_1_2
10
-0.3400000000000001
20
0.776
30
0
40
0.0028
0
CIRCLE
5
11287
330
10AD3
100
AcDbEntity
100
AcDbCircle
8
KBL_FEEDER_1_2
10
-0.3400000000000001
20
0.776
30
0
40
0.00176
0
LINE
5
11288
330
10AD3
100
AcDbEntity
100
AcDbLine
8
KBL_FEEDER_1_2
10
-0.3420000000000001
20
0.776
30
0
11
-0.3380000000000001
21
0.776
31
0
0
LINE
5
11289
330
10AD3
100
AcDbEntity
100
AcDbLine
8
KBL_FEEDER_1_2
10
-0.3400000000000001
20
0.774
30
0
11
-0.3400000000000001
21
0.778
31
0
0
CIRCLE
5
1128A
330
10AD3
100
AcDbEntity
100
AcDbCircle
8
KBL_FEEDER_1_2
10
-0.6200000000000001
20
0.794
30
0
40
0.008
0
CIRCLE
5
1128B
330
10AD3
100
AcDbEntity
100
AcDbCircle
8
KBL_FEEDER_1_2
10
-0.6200000000000001
20
0.794
30
0
40
0.00704
0
CIRCLE
5
1128C
330
10AD3
100
AcDbEntity
100
AcDbCircle
8
KBL_FEEDER_1_2
10
-0.6200000000000001
20
0.794
30
0
40
0.0057599999999999995
0
CIRCLE
5
1128D
330
10AD3
100
AcDbEntity
100
AcDbCircle
8
KBL_FEEDER_1_2
10
-0.6200000000000001
20
0.794
30
0
40
0.0028
0
CIRCLE
5
1128E
330
10AD3
100
AcDbEntity
100
AcDbCircle
8
KBL_FEEDER_1_2
10
-0.6200000000000001
20
0.794
30
0
40
0.00176
0
LINE
5
1128F
330
10AD3
100
AcDbEntity
100
AcDbLine
8
KBL_FEEDER_1_2
10
-0.6220000000000001
20
0.794
30
0
11
-0.6180000000000001
21
0.794
31
0
0
LINE
5
11290
330
10AD3
100
AcDbEntity
100
AcDbLine
8
KBL_FEEDER_1_2
10
-0.6200000000000001
20
0.792
30
0
11
-0.6200000000000001
21
0.796
31
0
0
CIRCLE
5
11291
330
10AD3
100
AcDbEntity
100
AcDbCircle
8
KBL_FEEDER_1_2
10
-0.6000000000000001
20
0.794
30
0
40
0.008
0
CIRCLE
5
11292
330
10AD3
100
AcDbEntity
100
AcDbCircle
8
KBL_FEEDER_1_2
10
-0.6000000000000001
20
0.794
30
0
40
0.00704
0
CIRCLE
5
11293
330
10AD3
100
AcDbEntity
100
AcDbCircle
8
KBL_FEEDER_1_2
10
-0.6000000000000001
20
0.794
30
0
40
0.0057599999999999995
0
CIRCLE
5
11294
330
10AD3
100
AcDbEntity
100
AcDbCircle
8
KBL_FEEDER_1_2
10
-0.6000000000000001
20
0.794
30
0
40
0.0028
0
CIRCLE
5
11295
330
10AD3
100
AcDbEntity
100
AcDbCircle
8
KBL_FEEDER_1_2
10
-0.6000000000000001
20
0.794
30
0
40
0.00176
0
LINE
5
11296
330
10AD3
100
AcDbEntity
100
AcDbLine
8
KBL_FEEDER_1_2
10
-0.6020000000000001
20
0.794
30
0
11
-0.5980000000000001
21
0.794
31
0
0
LINE
5
11297
330
10AD3
100
AcDbEntity
100
AcDbLine
8
KBL_FEEDER_1_2
10
-0.6000000000000001
20
0.792
30
0
11
-0.6000000000000001
21
0.796
31
0
0
CIRCLE
5
11298
330
10AD3
100
AcDbEntity
100
AcDbCircle
8
KBL_FEEDER_1_2
10
-0.5800000000000001
20
0.794
30
0
40
0.008
0
CIRCLE
5
11299
330
10AD3
100
AcDbEntity
100
AcDbCircle
8
KBL_FEEDER_1_2
10
-0.5800000000000001
20
0.794
30
0
40
0.00704
0
CIRCLE
5
1129A
330
10AD3
100
AcDbEntity
100
AcDbCircle
8
KBL_FEEDER_1_2
10
-0.5800000000000001
20
0.794
30
0
40
0.0057599999999999995
0
CIRCLE
5
1129B
330
10AD3
100
AcDbEntity
100
AcDbCircle
8
KBL_FEEDER_1_2
10
-0.5800000000000001
20
0.794
30
0
40
0.0028
0
CIRCLE
5
1129C
330
10AD3
100
AcDbEntity
100
AcDbCircle
8
KBL_FEEDER_1_2
10
-0.5800000000000001
20
0.794
30
0
40
0.00176
0
LINE
5
1129D
330
10AD3
100
AcDbEntity
100
AcDbLine
8
KBL_FEEDER_1_2
10
-0.5820000000000001
20
0.794
30
0
11
-0.5780000000000001
21
0.794
31
0
0
LINE
5
1129E
330
10AD3
100
AcDbEntity
100
AcDbLine
8
KBL_FEEDER_1_2
10
-0.5800000000000001
20
0.792
30
0
11
-0.5800000000000001
21
0.796
31
0
0
CIRCLE
5
1129F
330
10AD3
100
AcDbEntity
100
AcDbCircle
8
KBL_FEEDER_1_2
10
-0.56
20
0.794
30
0
40
0.008
0
CIRCLE
5
112A0
330
10AD3
100
AcDbEntity
100
AcDbCircle
8
KBL_FEEDER_1_2
10
-0.56
20
0.794
30
0
40
0.00704
0
CIRCLE
5
112A1
330
10AD3
100
AcDbEntity
100
AcDbCircle
8
KBL_FEEDER_1_2
10
-0.56
20
0.794
30
0
40
0.0057599999999999995
0
CIRCLE
5
112A2
330
10AD3
100
AcDbEntity
100
AcDbCircle
8
KBL_FEEDER_1_2
10
-0.56
20
0.794
30
0
40
0.0028
0
CIRCLE
5
112A3
330
10AD3
100
AcDbEntity
100
AcDbCircle
8
KBL_FEEDER_1_2
10
-0.56
20
0.794
30
0
40
0.00176
0
LINE
5
112A4
330
10AD3
100
AcDbEntity
100
AcDbLine
8
KBL_FEEDER_1_2
10
-0.562
20
0.794
30
0
11
-0.558
21
0.794
31
0
0
LINE
5
112A5
330
10AD3
100
AcDbEntity
100
AcDbLine
8
KBL_FEEDER_1_2
10
-0.56
20
0.792
30
0
11
-0.56
21
0.796
31
0
0
CIRCLE
5
112A6
330
10AD3
100
AcDbEntity
100
AcDbCircle
8
KBL_FEEDER_1_2
10
-0.5400000000000001
20
0.794
30
0
40
0.008
0
CIRCLE
5
112A7
330
10AD3
100
AcDbEntity
100
AcDbCircle
8
KBL_FEEDER_1_2
10
-0.5400000000000001
20
0.794
30
0
40
0.00704
0
CIRCLE
5
112A8
330
10AD3
100
AcDbEntity
100
AcDbCircle
8
KBL_FEEDER_1_2
10
-0.5400000000000001
20
0.794
30
0
40
0.0057599999999999995
0
CIRCLE
5
112A9
330
10AD3
100
AcDbEntity
100
AcDbCircle
8
KBL_FEEDER_1_2
10
-0.5400000000000001
20
0.794
30
0
40
0.0028
0
CIRCLE
5
112AA
330
10AD3
100
AcDbEntity
100
AcDbCircle
8
KBL_FEEDER_1_2
10
-0.5400000000000001
20
0.794
30
0
40
0.00176
0
LINE
5
112AB
330
10AD3
100
AcDbEntity
100
AcDbLine
8
KBL_FEEDER_1_2
10
-0.5420000000000001
20
0.794
30
0
11
-0.5380000000000001
21
0.794
31
0
0
LINE
5
112AC
330
10AD3
100
AcDbEntity
100
AcDbLine
8
KBL_FEEDER_1_2
10
-0.5400000000000001
20
0.792
30
0
11
-0.5400000000000001
21
0.796
31
0
0
CIRCLE
5
112AD
330
10AD3
100
AcDbEntity
100
AcDbCircle
8
KBL_FEEDER_1_2
10
-0.5200000000000001
20
0.794
30
0
40
0.008
0
CIRCLE
5
112AE
330
10AD3
100
AcDbEntity
100
AcDbCircle
8
KBL_FEEDER_1_2
10
-0.5200000000000001
20
0.794
30
0
40
0.00704
0
CIRCLE
5
112AF
330
10AD3
100
AcDbEntity
100
AcDbCircle
8
KBL_FEEDER_1_2
10
-0.5200000000000001
20
0.794
30
0
40
0.0057599999999999995
0
CIRCLE
5
112B0
330
10AD3
100
AcDbEntity
100
AcDbCircle
8
KBL_FEEDER_1_2
10
-0.5200000000000001
20
0.794
30
0
40
0.0028
0
CIRCLE
5
112B1
330
10AD3
100
AcDbEntity
100
AcDbCircle
8
KBL_FEEDER_1_2
10
-0.5200000000000001
20
0.794
30
0
40
0.00176
0
LINE
5
112B2
330
10AD3
100
AcDbEntity
100
AcDbLine
8
KBL_FEEDER_1_2
10
-0.5220000000000001
20
0.794
30
0
11
-0.5180000000000001
21
0.794
31
0
0
LINE
5
112B3
330
10AD3
100
AcDbEntity
100
AcDbLine
8
KBL_FEEDER_1_2
10
-0.5200000000000001
20
0.792
30
0
11
-0.5200000000000001
21
0.796
31
0
0
CIRCLE
5
112B4
330
10AD3
100
AcDbEntity
100
AcDbCircle
8
KBL_FEEDER_1_2
10
-0.5000000000000001
20
0.794
30
0
40
0.008
0
CIRCLE
5
112B5
330
10AD3
100
AcDbEntity
100
AcDbCircle
8
KBL_FEEDER_1_2
10
-0.5000000000000001
20
0.794
30
0
40
0.00704
0
CIRCLE
5
112B6
330
10AD3
100
AcDbEntity
100
AcDbCircle
8
KBL_FEEDER_1_2
10
-0.5000000000000001
20
0.794
30
0
40
0.0057599999999999995
0
CIRCLE
5
112B7
330
10AD3
100
AcDbEntity
100
AcDbCircle
8
KBL_FEEDER_1_2
10
-0.5000000000000001
20
0.794
30
0
40
0.0028
0
CIRCLE
5
112B8
330
10AD3
100
AcDbEntity
100
AcDbCircle
8
KBL_FEEDER_1_2
10
-0.5000000000000001
20
0.794
30
0
40
0.00176
0
LINE
5
112B9
330
10AD3
100
AcDbEntity
100
AcDbLine
8
KBL_FEEDER_1_2
10
-0.5020000000000001
20
0.794
30
0
11
-0.4980000000000001
21
0.794
31
0
0
LINE
5
112BA
330
10AD3
100
AcDbEntity
100
AcDbLine
8
KBL_FEEDER_1_2
10
-0.5000000000000001
20
0.792
30
0
11
-0.5000000000000001
21
0.796
31
0
0
CIRCLE
5
112BB
330
10AD3
100
AcDbEntity
100
AcDbCircle
8
KBL_FEEDER_1_2
10
-0.4800000000000001
20
0.794
30
0
40
0.008
0
CIRCLE
5
112BC
330
10AD3
100
AcDbEntity
100
AcDbCircle
8
KBL_FEEDER_1_2
10
-0.4800000000000001
20
0.794
30
0
40
0.00704
0
CIRCLE
5
112BD
330
10AD3
100
AcDbEntity
100
AcDbCircle
8
KBL_FEEDER_1_2
10
-0.4800000000000001
20
0.794
30
0
40
0.0057599999999999995
0
CIRCLE
5
112BE
330
10AD3
100
AcDbEntity
100
AcDbCircle
8
KBL_FEEDER_1_2
10
-0.4800000000000001
20
0.794
30
0
40
0.0028
0
CIRCLE
5
112BF
330
10AD3
100
AcDbEntity
100
AcDbCircle
8
KBL_FEEDER_1_2
10
-0.4800000000000001
20
0.794
30
0
40
0.00176
0
LINE
5
112C0
330
10AD3
100
AcDbEntity
100
AcDbLine
8
KBL_FEEDER_1_2
10
-0.4820000000000001
20
0.794
30
0
11
-0.4780000000000001
21
0.794
31
0
0
LINE
5
112C1
330
10AD3
100
AcDbEntity
100
AcDbLine
8
KBL_FEEDER_1_2
10
-0.4800000000000001
20
0.792
30
0
11
-0.4800000000000001
21
0.796
31
0
0
CIRCLE
5
112C2
330
10AD3
100
AcDbEntity
100
AcDbCircle
8
KBL_FEEDER_1_2
10
-0.4600000000000001
20
0.794
30
0
40
0.008
0
CIRCLE
5
112C3
330
10AD3
100
AcDbEntity
100
AcDbCircle
8
KBL_FEEDER_1_2
10
-0.4600000000000001
20
0.794
30
0
40
0.00704
0
CIRCLE
5
112C4
330
10AD3
100
AcDbEntity
100
AcDbCircle
8
KBL_FEEDER_1_2
10
-0.4600000000000001
20
0.794
30
0
40
0.0057599999999999995
0
CIRCLE
5
112C5
330
10AD3
100
AcDbEntity
100
AcDbCircle
8
KBL_FEEDER_1_2
10
-0.4600000000000001
20
0.794
30
0
40
0.0028
0
CIRCLE
5
112C6
330
10AD3
100
AcDbEntity
100
AcDbCircle
8
KBL_FEEDER_1_2
10
-0.4600000000000001
20
0.794
30
0
40
0.00176
0
LINE
5
112C7
330
10AD3
100
AcDbEntity
100
AcDbLine
8
KBL_FEEDER_1_2
10
-0.4620000000000001
20
0.794
30
0
11
-0.4580000000000001
21
0.794
31
0
0
LINE
5
112C8
330
10AD3
100
AcDbEntity
100
AcDbLine
8
KBL_FEEDER_1_2
10
-0.4600000000000001
20
0.792
30
0
11
-0.4600000000000001
21
0.796
31
0
0
CIRCLE
5
112C9
330
10AD3
100
AcDbEntity
100
AcDbCircle
8
KBL_FEEDER_1_2
10
-0.4400000000000001
20
0.794
30
0
40
0.008
0
CIRCLE
5
112CA
330
10AD3
100
AcDbEntity
100
AcDbCircle
8
KBL_FEEDER_1_2
10
-0.4400000000000001
20
0.794
30
0
40
0.00704
0
CIRCLE
5
112CB
330
10AD3
100
AcDbEntity
100
AcDbCircle
8
KBL_FEEDER_1_2
10
-0.4400000000000001
20
0.794
30
0
40
0.0057599999999999995
0
CIRCLE
5
112CC
330
10AD3
100
AcDbEntity
100
AcDbCircle
8
KBL_FEEDER_1_2
10
-0.4400000000000001
20
0.794
30
0
40
0.0028
0
CIRCLE
5
112CD
330
10AD3
100
AcDbEntity
100
AcDbCircle
8
KBL_FEEDER_1_2
10
-0.4400000000000001
20
0.794
30
0
40
0.00176
0
LINE
5
112CE
330
10AD3
100
AcDbEntity
100
AcDbLine
8
KBL_FEEDER_1_2
10
-0.4420000000000001
20
0.794
30
0
11
-0.4380000000000001
21
0.794
31
0
0
LINE
5
112CF
330
10AD3
100
AcDbEntity
100
AcDbLine
8
KBL_FEEDER_1_2
10
-0.4400000000000001
20
0.792
30
0
11
-0.4400000000000001
21
0.796
31
0
0
CIRCLE
5
112D0
330
10AD3
100
AcDbEntity
100
AcDbCircle
8
KBL_FEEDER_1_2
10
-0.4200000000000001
20
0.794
30
0
40
0.008
0
CIRCLE
5
112D1
330
10AD3
100
AcDbEntity
100
AcDbCircle
8
KBL_FEEDER_1_2
10
-0.4200000000000001
20
0.794
30
0
40
0.00704
0
CIRCLE
5
112D2
330
10AD3
100
AcDbEntity
100
AcDbCircle
8
KBL_FEEDER_1_2
10
-0.4200000000000001
20
0.794
30
0
40
0.0057599999999999995
0
CIRCLE
5
112D3
330
10AD3
100
AcDbEntity
100
AcDbCircle
8
KBL_FEEDER_1_2
10
-0.4200000000000001
20
0.794
30
0
40
0.0028
0
CIRCLE
5
112D4
330
10AD3
100
AcDbEntity
100
AcDbCircle
8
KBL_FEEDER_1_2
10
-0.4200000000000001
20
0.794
30
0
40
0.00176
0
LINE
5
112D5
330
10AD3
100
AcDbEntity
100
AcDbLine
8
KBL_FEEDER_1_2
10
-0.4220000000000001
20
0.794
30
0
11
-0.4180000000000001
21
0.794
31
0
0
LINE
5
112D6
330
10AD3
100
AcDbEntity
100
AcDbLine
8
KBL_FEEDER_1_2
10
-0.4200000000000001
20
0.792
30
0
11
-0.4200000000000001
21
0.796
31
0
0
CIRCLE
5
112D7
330
10AD3
100
AcDbEntity
100
AcDbCircle
8
KBL_FEEDER_1_2
10
-0.40000000000000013
20
0.794
30
0
40
0.008
0
CIRCLE
5
112D8
330
10AD3
100
AcDbEntity
100
AcDbCircle
8
KBL_FEEDER_1_2
10
-0.40000000000000013
20
0.794
30
0
40
0.00704
0
CIRCLE
5
112D9
330
10AD3
100
AcDbEntity
100
AcDbCircle
8
KBL_FEEDER_1_2
10
-0.40000000000000013
20
0.794
30
0
40
0.0057599999999999995
0
CIRCLE
5
112DA
330
10AD3
100
AcDbEntity
100
AcDbCircle
8
KBL_FEEDER_1_2
10
-0.40000000000000013
20
0.794
30
0
40
0.0028
0
CIRCLE
5
112DB
330
10AD3
100
AcDbEntity
100
AcDbCircle
8
KBL_FEEDER_1_2
10
-0.40000000000000013
20
0.794
30
0
40
0.00176
0
LINE
5
112DC
330
10AD3
100
AcDbEntity
100
AcDbLine
8
KBL_FEEDER_1_2
10
-0.40200000000000014
20
0.794
30
0
11
-0.39800000000000013
21
0.794
31
0
0
LINE
5
112DD
330
10AD3
100
AcDbEntity
100
AcDbLine
8
KBL_FEEDER_1_2
10
-0.40000000000000013
20
0.792
30
0
11
-0.40000000000000013
21
0.796
31
0
0
CIRCLE
5
112DE
330
10AD3
100
AcDbEntity
100
AcDbCircle
8
KBL_FEEDER_1_2
10
-0.3800000000000001
20
0.794
30
0
40
0.008
0
CIRCLE
5
112DF
330
10AD3
100
AcDbEntity
100
AcDbCircle
8
KBL_FEEDER_1_2
10
-0.3800000000000001
20
0.794
30
0
40
0.00704
0
CIRCLE
5
112E0
330
10AD3
100
AcDbEntity
100
AcDbCircle
8
KBL_FEEDER_1_2
10
-0.3800000000000001
20
0.794
30
0
40
0.0057599999999999995
0
CIRCLE
5
112E1
330
10AD3
100
AcDbEntity
100
AcDbCircle
8
KBL_FEEDER_1_2
10
-0.3800000000000001
20
0.794
30
0
40
0.0028
0
CIRCLE
5
112E2
330
10AD3
100
AcDbEntity
100
AcDbCircle
8
KBL_FEEDER_1_2
10
-0.3800000000000001
20
0.794
30
0
40
0.00176
0
LINE
5
112E3
330
10AD3
100
AcDbEntity
100
AcDbLine
8
KBL_FEEDER_1_2
10
-0.3820000000000001
20
0.794
30
0
11
-0.3780000000000001
21
0.794
31
0
0
LINE
5
112E4
330
10AD3
100
AcDbEntity
100
AcDbLine
8
KBL_FEEDER_1_2
10
-0.3800000000000001
20
0.792
30
0
11
-0.3800000000000001
21
0.796
31
0
0
CIRCLE
5
112E5
330
10AD3
100
AcDbEntity
100
AcDbCircle
8
KBL_FEEDER_1_2
10
-0.3600000000000001
20
0.794
30
0
40
0.008
0
CIRCLE
5
112E6
330
10AD3
100
AcDbEntity
100
AcDbCircle
8
KBL_FEEDER_1_2
10
-0.3600000000000001
20
0.794
30
0
40
0.00704
0
CIRCLE
5
112E7
330
10AD3
100
AcDbEntity
100
AcDbCircle
8
KBL_FEEDER_1_2
10
-0.3600000000000001
20
0.794
30
0
40
0.0057599999999999995
0
CIRCLE
5
112E8
330
10AD3
100
AcDbEntity
100
AcDbCircle
8
KBL_FEEDER_1_2
10
-0.3600000000000001
20
0.794
30
0
40
0.0028
0
CIRCLE
5
112E9
330
10AD3
100
AcDbEntity
100
AcDbCircle
8
KBL_FEEDER_1_2
10
-0.3600000000000001
20
0.794
30
0
40
0.00176
0
LINE
5
112EA
330
10AD3
100
AcDbEntity
100
AcDbLine
8
KBL_FEEDER_1_2
10
-0.3620000000000001
20
0.794
30
0
11
-0.3580000000000001
21
0.794
31
0
0
LINE
5
112EB
330
10AD3
100
AcDbEntity
100
AcDbLine
8
KBL_FEEDER_1_2
10
-0.3600000000000001
20
0.792
30
0
11
-0.3600000000000001
21
0.796
31
0
0
CIRCLE
5
112EC
330
10AD3
100
AcDbEntity
100
AcDbCircle
8
KBL_FEEDER_1_2
10
-0.3400000000000001
20
0.794
30
0
40
0.008
0
CIRCLE
5
112ED
330
10AD3
100
AcDbEntity
100
AcDbCircle
8
KBL_FEEDER_1_2
10
-0.3400000000000001
20
0.794
30
0
40
0.00704
0
CIRCLE
5
112EE
330
10AD3
100
AcDbEntity
100
AcDbCircle
8
KBL_FEEDER_1_2
10
-0.3400000000000001
20
0.794
30
0
40
0.0057599999999999995
0
CIRCLE
5
112EF
330
10AD3
100
AcDbEntity
100
AcDbCircle
8
KBL_FEEDER_1_2
10
-0.3400000000000001
20
0.794
30
0
40
0.0028
0
CIRCLE
5
112F0
330
10AD3
100
AcDbEntity
100
AcDbCircle
8
KBL_FEEDER_1_2
10
-0.3400000000000001
20
0.794
30
0
40
0.00176
0
LINE
5
112F1
330
10AD3
100
AcDbEntity
100
AcDbLine
8
KBL_FEEDER_1_2
10
-0.3420000000000001
20
0.794
30
0
11
-0.3380000000000001
21
0.794
31
0
0
LINE
5
112F2
330
10AD3
100
AcDbEntity
100
AcDbLine
8
KBL_FEEDER_1_2
10
-0.3400000000000001
20
0.792
30
0
11
-0.3400000000000001
21
0.796
31
0
0
CIRCLE
5
112F3
330
10AD3
100
AcDbEntity
100
AcDbCircle
8
KBL_FEEDER_1_2
10
-0.6200000000000001
20
0.812
30
0
40
0.008
0
CIRCLE
5
112F4
330
10AD3
100
AcDbEntity
100
AcDbCircle
8
KBL_FEEDER_1_2
10
-0.6200000000000001
20
0.812
30
0
40
0.00704
0
CIRCLE
5
112F5
330
10AD3
100
AcDbEntity
100
AcDbCircle
8
KBL_FEEDER_1_2
10
-0.6200000000000001
20
0.812
30
0
40
0.0057599999999999995
0
CIRCLE
5
112F6
330
10AD3
100
AcDbEntity
100
AcDbCircle
8
KBL_FEEDER_1_2
10
-0.6200000000000001
20
0.812
30
0
40
0.0028
0
CIRCLE
5
112F7
330
10AD3
100
AcDbEntity
100
AcDbCircle
8
KBL_FEEDER_1_2
10
-0.6200000000000001
20
0.812
30
0
40
0.00176
0
LINE
5
112F8
330
10AD3
100
AcDbEntity
100
AcDbLine
8
KBL_FEEDER_1_2
10
-0.6220000000000001
20
0.812
30
0
11
-0.6180000000000001
21
0.812
31
0
0
LINE
5
112F9
330
10AD3
100
AcDbEntity
100
AcDbLine
8
KBL_FEEDER_1_2
10
-0.6200000000000001
20
0.81
30
0
11
-0.6200000000000001
21
0.8140000000000001
31
0
0
CIRCLE
5
112FA
330
10AD3
100
AcDbEntity
100
AcDbCircle
8
KBL_FEEDER_1_2
10
-0.6000000000000001
20
0.812
30
0
40
0.008
0
CIRCLE
5
112FB
330
10AD3
100
AcDbEntity
100
AcDbCircle
8
KBL_FEEDER_1_2
10
-0.6000000000000001
20
0.812
30
0
40
0.00704
0
CIRCLE
5
112FC
330
10AD3
100
AcDbEntity
100
AcDbCircle
8
KBL_FEEDER_1_2
10
-0.6000000000000001
20
0.812
30
0
40
0.0057599999999999995
0
CIRCLE
5
112FD
330
10AD3
100
AcDbEntity
100
AcDbCircle
8
KBL_FEEDER_1_2
10
-0.6000000000000001
20
0.812
30
0
40
0.0028
0
CIRCLE
5
112FE
330
10AD3
100
AcDbEntity
100
AcDbCircle
8
KBL_FEEDER_1_2
10
-0.6000000000000001
20
0.812
30
0
40
0.00176
0
LINE
5
112FF
330
10AD3
100
AcDbEntity
100
AcDbLine
8
KBL_FEEDER_1_2
10
-0.6020000000000001
20
0.812
30
0
11
-0.5980000000000001
21
0.812
31
0
0
LINE
5
11300
330
10AD3
100
AcDbEntity
100
AcDbLine
8
KBL_FEEDER_1_2
10
-0.6000000000000001
20
0.81
30
0
11
-0.6000000000000001
21
0.8140000000000001
31
0
0
CIRCLE
5
11301
330
10AD3
100
AcDbEntity
100
AcDbCircle
8
KBL_FEEDER_1_2
10
-0.5800000000000001
20
0.812
30
0
40
0.008
0
CIRCLE
5
11302
330
10AD3
100
AcDbEntity
100
AcDbCircle
8
KBL_FEEDER_1_2
10
-0.5800000000000001
20
0.812
30
0
40
0.00704
0
CIRCLE
5
11303
330
10AD3
100
AcDbEntity
100
AcDbCircle
8
KBL_FEEDER_1_2
10
-0.5800000000000001
20
0.812
30
0
40
0.0057599999999999995
0
CIRCLE
5
11304
330
10AD3
100
AcDbEntity
100
AcDbCircle
8
KBL_FEEDER_1_2
10
-0.5800000000000001
20
0.812
30
0
40
0.0028
0
CIRCLE
5
11305
330
10AD3
100
AcDbEntity
100
AcDbCircle
8
KBL_FEEDER_1_2
10
-0.5800000000000001
20
0.812
30
0
40
0.00176
0
LINE
5
11306
330
10AD3
100
AcDbEntity
100
AcDbLine
8
KBL_FEEDER_1_2
10
-0.5820000000000001
20
0.812
30
0
11
-0.5780000000000001
21
0.812
31
0
0
LINE
5
11307
330
10AD3
100
AcDbEntity
100
AcDbLine
8
KBL_FEEDER_1_2
10
-0.5800000000000001
20
0.81
30
0
11
-0.5800000000000001
21
0.8140000000000001
31
0
0
CIRCLE
5
11308
330
10AD3
100
AcDbEntity
100
AcDbCircle
8
KBL_FEEDER_1_2
10
-0.56
20
0.812
30
0
40
0.008
0
CIRCLE
5
11309
330
10AD3
100
AcDbEntity
100
AcDbCircle
8
KBL_FEEDER_1_2
10
-0.56
20
0.812
30
0
40
0.00704
0
CIRCLE
5
1130A
330
10AD3
100
AcDbEntity
100
AcDbCircle
8
KBL_FEEDER_1_2
10
-0.56
20
0.812
30
0
40
0.0057599999999999995
0
CIRCLE
5
1130B
330
10AD3
100
AcDbEntity
100
AcDbCircle
8
KBL_FEEDER_1_2
10
-0.56
20
0.812
30
0
40
0.0028
0
CIRCLE
5
1130C
330
10AD3
100
AcDbEntity
100
AcDbCircle
8
KBL_FEEDER_1_2
10
-0.56
20
0.812
30
0
40
0.00176
0
LINE
5
1130D
330
10AD3
100
AcDbEntity
100
AcDbLine
8
KBL_FEEDER_1_2
10
-0.562
20
0.812
30
0
11
-0.558
21
0.812
31
0
0
LINE
5
1130E
330
10AD3
100
AcDbEntity
100
AcDbLine
8
KBL_FEEDER_1_2
10
-0.56
20
0.81
30
0
11
-0.56
21
0.8140000000000001
31
0
0
CIRCLE
5
1130F
330
10AD3
100
AcDbEntity
100
AcDbCircle
8
KBL_FEEDER_1_2
10
-0.5400000000000001
20
0.812
30
0
40
0.008
0
CIRCLE
5
11310
330
10AD3
100
AcDbEntity
100
AcDbCircle
8
KBL_FEEDER_1_2
10
-0.5400000000000001
20
0.812
30
0
40
0.00704
0
CIRCLE
5
11311
330
10AD3
100
AcDbEntity
100
AcDbCircle
8
KBL_FEEDER_1_2
10
-0.5400000000000001
20
0.812
30
0
40
0.0057599999999999995
0
CIRCLE
5
11312
330
10AD3
100
AcDbEntity
100
AcDbCircle
8
KBL_FEEDER_1_2
10
-0.5400000000000001
20
0.812
30
0
40
0.0028
0
CIRCLE
5
11313
330
10AD3
100
AcDbEntity
100
AcDbCircle
8
KBL_FEEDER_1_2
10
-0.5400000000000001
20
0.812
30
0
40
0.00176
0
LINE
5
11314
330
10AD3
100
AcDbEntity
100
AcDbLine
8
KBL_FEEDER_1_2
10
-0.5420000000000001
20
0.812
30
0
11
-0.5380000000000001
21
0.812
31
0
0
LINE
5
11315
330
10AD3
100
AcDbEntity
100
AcDbLine
8
KBL_FEEDER_1_2
10
-0.5400000000000001
20
0.81
30
0
11
-0.5400000000000001
21
0.8140000000000001
31
0
0
CIRCLE
5
11316
330
10AD3
100
AcDbEntity
100
AcDbCircle
8
KBL_FEEDER_1_2
10
-0.5200000000000001
20
0.812
30
0
40
0.008
0
CIRCLE
5
11317
330
10AD3
100
AcDbEntity
100
AcDbCircle
8
KBL_FEEDER_1_2
10
-0.5200000000000001
20
0.812
30
0
40
0.00704
0
CIRCLE
5
11318
330
10AD3
100
AcDbEntity
100
AcDbCircle
8
KBL_FEEDER_1_2
10
-0.5200000000000001
20
0.812
30
0
40
0.0057599999999999995
0
CIRCLE
5
11319
330
10AD3
100
AcDbEntity
100
AcDbCircle
8
KBL_FEEDER_1_2
10
-0.5200000000000001
20
0.812
30
0
40
0.0028
0
CIRCLE
5
1131A
330
10AD3
100
AcDbEntity
100
AcDbCircle
8
KBL_FEEDER_1_2
10
-0.5200000000000001
20
0.812
30
0
40
0.00176
0
LINE
5
1131B
330
10AD3
100
AcDbEntity
100
AcDbLine
8
KBL_FEEDER_1_2
10
-0.5220000000000001
20
0.812
30
0
11
-0.5180000000000001
21
0.812
31
0
0
LINE
5
1131C
330
10AD3
100
AcDbEntity
100
AcDbLine
8
KBL_FEEDER_1_2
10
-0.5200000000000001
20
0.81
30
0
11
-0.5200000000000001
21
0.8140000000000001
31
0
0
CIRCLE
5
1131D
330
10AD3
100
AcDbEntity
100
AcDbCircle
8
KBL_FEEDER_1_2
10
-0.5000000000000001
20
0.812
30
0
40
0.008
0
CIRCLE
5
1131E
330
10AD3
100
AcDbEntity
100
AcDbCircle
8
KBL_FEEDER_1_2
10
-0.5000000000000001
20
0.812
30
0
40
0.00704
0
CIRCLE
5
1131F
330
10AD3
100
AcDbEntity
100
AcDbCircle
8
KBL_FEEDER_1_2
10
-0.5000000000000001
20
0.812
30
0
40
0.0057599999999999995
0
CIRCLE
5
11320
330
10AD3
100
AcDbEntity
100
AcDbCircle
8
KBL_FEEDER_1_2
10
-0.5000000000000001
20
0.812
30
0
40
0.0028
0
CIRCLE
5
11321
330
10AD3
100
AcDbEntity
100
AcDbCircle
8
KBL_FEEDER_1_2
10
-0.5000000000000001
20
0.812
30
0
40
0.00176
0
LINE
5
11322
330
10AD3
100
AcDbEntity
100
AcDbLine
8
KBL_FEEDER_1_2
10
-0.5020000000000001
20
0.812
30
0
11
-0.4980000000000001
21
0.812
31
0
0
LINE
5
11323
330
10AD3
100
AcDbEntity
100
AcDbLine
8
KBL_FEEDER_1_2
10
-0.5000000000000001
20
0.81
30
0
11
-0.5000000000000001
21
0.8140000000000001
31
0
0
CIRCLE
5
11324
330
10AD3
100
AcDbEntity
100
AcDbCircle
8
KBL_FEEDER_1_2
10
-0.4800000000000001
20
0.812
30
0
40
0.008
0
CIRCLE
5
11325
330
10AD3
100
AcDbEntity
100
AcDbCircle
8
KBL_FEEDER_1_2
10
-0.4800000000000001
20
0.812
30
0
40
0.00704
0
CIRCLE
5
11326
330
10AD3
100
AcDbEntity
100
AcDbCircle
8
KBL_FEEDER_1_2
10
-0.4800000000000001
20
0.812
30
0
40
0.0057599999999999995
0
CIRCLE
5
11327
330
10AD3
100
AcDbEntity
100
AcDbCircle
8
KBL_FEEDER_1_2
10
-0.4800000000000001
20
0.812
30
0
40
0.0028
0
CIRCLE
5
11328
330
10AD3
100
AcDbEntity
100
AcDbCircle
8
KBL_FEEDER_1_2
10
-0.4800000000000001
20
0.812
30
0
40
0.00176
0
LINE
5
11329
330
10AD3
100
AcDbEntity
100
AcDbLine
8
KBL_FEEDER_1_2
10
-0.4820000000000001
20
0.812
30
0
11
-0.4780000000000001
21
0.812
31
0
0
LINE
5
1132A
330
10AD3
100
AcDbEntity
100
AcDbLine
8
KBL_FEEDER_1_2
10
-0.4800000000000001
20
0.81
30
0
11
-0.4800000000000001
21
0.8140000000000001
31
0
0
CIRCLE
5
1132B
330
10AD3
100
AcDbEntity
100
AcDbCircle
8
KBL_FEEDER_1_2
10
-0.4600000000000001
20
0.812
30
0
40
0.008
0
CIRCLE
5
1132C
330
10AD3
100
AcDbEntity
100
AcDbCircle
8
KBL_FEEDER_1_2
10
-0.4600000000000001
20
0.812
30
0
40
0.00704
0
CIRCLE
5
1132D
330
10AD3
100
AcDbEntity
100
AcDbCircle
8
KBL_FEEDER_1_2
10
-0.4600000000000001
20
0.812
30
0
40
0.0057599999999999995
0
CIRCLE
5
1132E
330
10AD3
100
AcDbEntity
100
AcDbCircle
8
KBL_FEEDER_1_2
10
-0.4600000000000001
20
0.812
30
0
40
0.0028
0
CIRCLE
5
1132F
330
10AD3
100
AcDbEntity
100
AcDbCircle
8
KBL_FEEDER_1_2
10
-0.4600000000000001
20
0.812
30
0
40
0.00176
0
LINE
5
11330
330
10AD3
100
AcDbEntity
100
AcDbLine
8
KBL_FEEDER_1_2
10
-0.4620000000000001
20
0.812
30
0
11
-0.4580000000000001
21
0.812
31
0
0
LINE
5
11331
330
10AD3
100
AcDbEntity
100
AcDbLine
8
KBL_FEEDER_1_2
10
-0.4600000000000001
20
0.81
30
0
11
-0.4600000000000001
21
0.8140000000000001
31
0
0
CIRCLE
5
11332
330
10AD3
100
AcDbEntity
100
AcDbCircle
8
KBL_FEEDER_1_2
10
-0.4400000000000001
20
0.812
30
0
40
0.008
0
CIRCLE
5
11333
330
10AD3
100
AcDbEntity
100
AcDbCircle
8
KBL_FEEDER_1_2
10
-0.4400000000000001
20
0.812
30
0
40
0.00704
0
CIRCLE
5
11334
330
10AD3
100
AcDbEntity
100
AcDbCircle
8
KBL_FEEDER_1_2
10
-0.4400000000000001
20
0.812
30
0
40
0.0057599999999999995
0
CIRCLE
5
11335
330
10AD3
100
AcDbEntity
100
AcDbCircle
8
KBL_FEEDER_1_2
10
-0.4400000000000001
20
0.812
30
0
40
0.0028
0
CIRCLE
5
11336
330
10AD3
100
AcDbEntity
100
AcDbCircle
8
KBL_FEEDER_1_2
10
-0.4400000000000001
20
0.812
30
0
40
0.00176
0
LINE
5
11337
330
10AD3
100
AcDbEntity
100
AcDbLine
8
KBL_FEEDER_1_2
10
-0.4420000000000001
20
0.812
30
0
11
-0.4380000000000001
21
0.812
31
0
0
LINE
5
11338
330
10AD3
100
AcDbEntity
100
AcDbLine
8
KBL_FEEDER_1_2
10
-0.4400000000000001
20
0.81
30
0
11
-0.4400000000000001
21
0.8140000000000001
31
0
0
CIRCLE
5
11339
330
10AD3
100
AcDbEntity
100
AcDbCircle
8
KBL_FEEDER_1_2
10
-0.4200000000000001
20
0.812
30
0
40
0.008
0
CIRCLE
5
1133A
330
10AD3
100
AcDbEntity
100
AcDbCircle
8
KBL_FEEDER_1_2
10
-0.4200000000000001
20
0.812
30
0
40
0.00704
0
CIRCLE
5
1133B
330
10AD3
100
AcDbEntity
100
AcDbCircle
8
KBL_FEEDER_1_2
10
-0.4200000000000001
20
0.812
30
0
40
0.0057599999999999995
0
CIRCLE
5
1133C
330
10AD3
100
AcDbEntity
100
AcDbCircle
8
KBL_FEEDER_1_2
10
-0.4200000000000001
20
0.812
30
0
40
0.0028
0
CIRCLE
5
1133D
330
10AD3
100
AcDbEntity
100
AcDbCircle
8
KBL_FEEDER_1_2
10
-0.4200000000000001
20
0.812
30
0
40
0.00176
0
LINE
5
1133E
330
10AD3
100
AcDbEntity
100
AcDbLine
8
KBL_FEEDER_1_2
10
-0.4220000000000001
20
0.812
30
0
11
-0.4180000000000001
21
0.812
31
0
0
LINE
5
1133F
330
10AD3
100
AcDbEntity
100
AcDbLine
8
KBL_FEEDER_1_2
10
-0.4200000000000001
20
0.81
30
0
11
-0.4200000000000001
21
0.8140000000000001
31
0
0
CIRCLE
5
11340
330
10AD3
100
AcDbEntity
100
AcDbCircle
8
KBL_FEEDER_1_2
10
-0.40000000000000013
20
0.812
30
0
40
0.008
0
CIRCLE
5
11341
330
10AD3
100
AcDbEntity
100
AcDbCircle
8
KBL_FEEDER_1_2
10
-0.40000000000000013
20
0.812
30
0
40
0.00704
0
CIRCLE
5
11342
330
10AD3
100
AcDbEntity
100
AcDbCircle
8
KBL_FEEDER_1_2
10
-0.40000000000000013
20
0.812
30
0
40
0.0057599999999999995
0
CIRCLE
5
11343
330
10AD3
100
AcDbEntity
100
AcDbCircle
8
KBL_FEEDER_1_2
10
-0.40000000000000013
20
0.812
30
0
40
0.0028
0
CIRCLE
5
11344
330
10AD3
100
AcDbEntity
100
AcDbCircle
8
KBL_FEEDER_1_2
10
-0.40000000000000013
20
0.812
30
0
40
0.00176
0
LINE
5
11345
330
10AD3
100
AcDbEntity
100
AcDbLine
8
KBL_FEEDER_1_2
10
-0.40200000000000014
20
0.812
30
0
11
-0.39800000000000013
21
0.812
31
0
0
LINE
5
11346
330
10AD3
100
AcDbEntity
100
AcDbLine
8
KBL_FEEDER_1_2
10
-0.40000000000000013
20
0.81
30
0
11
-0.40000000000000013
21
0.8140000000000001
31
0
0
CIRCLE
5
11347
330
10AD3
100
AcDbEntity
100
AcDbCircle
8
KBL_FEEDER_1_2
10
-0.3800000000000001
20
0.812
30
0
40
0.008
0
CIRCLE
5
11348
330
10AD3
100
AcDbEntity
100
AcDbCircle
8
KBL_FEEDER_1_2
10
-0.3800000000000001
20
0.812
30
0
40
0.00704
0
CIRCLE
5
11349
330
10AD3
100
AcDbEntity
100
AcDbCircle
8
KBL_FEEDER_1_2
10
-0.3800000000000001
20
0.812
30
0
40
0.0057599999999999995
0
CIRCLE
5
1134A
330
10AD3
100
AcDbEntity
100
AcDbCircle
8
KBL_FEEDER_1_2
10
-0.3800000000000001
20
0.812
30
0
40
0.0028
0
CIRCLE
5
1134B
330
10AD3
100
AcDbEntity
100
AcDbCircle
8
KBL_FEEDER_1_2
10
-0.3800000000000001
20
0.812
30
0
40
0.00176
0
LINE
5
1134C
330
10AD3
100
AcDbEntity
100
AcDbLine
8
KBL_FEEDER_1_2
10
-0.3820000000000001
20
0.812
30
0
11
-0.3780000000000001
21
0.812
31
0
0
LINE
5
1134D
330
10AD3
100
AcDbEntity
100
AcDbLine
8
KBL_FEEDER_1_2
10
-0.3800000000000001
20
0.81
30
0
11
-0.3800000000000001
21
0.8140000000000001
31
0
0
CIRCLE
5
114C3
330
10AD3
100
AcDbEntity
100
AcDbCircle
8
KBL_FEEDER_1_2
10
0.35000000000000003
20
1.758
30
0
40
0.008
0
CIRCLE
5
114C4
330
10AD3
100
AcDbEntity
100
AcDbCircle
8
KBL_FEEDER_1_2
10
0.35000000000000003
20
1.758
30
0
40
0.00704
0
CIRCLE
5
114C5
330
10AD3
100
AcDbEntity
100
AcDbCircle
8
KBL_FEEDER_1_2
10
0.35000000000000003
20
1.758
30
0
40
0.0057599999999999995
0
CIRCLE
5
114C6
330
10AD3
100
AcDbEntity
100
AcDbCircle
8
KBL_FEEDER_1_2
10
0.35000000000000003
20
1.758
30
0
40
0.0028
0
CIRCLE
5
114C7
330
10AD3
100
AcDbEntity
100
AcDbCircle
8
KBL_FEEDER_1_2
10
0.35000000000000003
20
1.758
30
0
40
0.00176
0
LINE
5
114C8
330
10AD3
100
AcDbEntity
100
AcDbLine
8
KBL_FEEDER_1_2
10
0.34800000000000003
20
1.758
30
0
11
0.35200000000000004
21
1.758
31
0
0
LINE
5
114C9
330
10AD3
100
AcDbEntity
100
AcDbLine
8
KBL_FEEDER_1_2
10
0.35000000000000003
20
1.756
30
0
11
0.35000000000000003
21
1.76
31
0
0
CIRCLE
5
114CA
330
10AD3
100
AcDbEntity
100
AcDbCircle
8
KBL_FEEDER_1_2
10
0.394
20
1.758
30
0
40
0.008
0
CIRCLE
5
114CB
330
10AD3
100
AcDbEntity
100
AcDbCircle
8
KBL_FEEDER_1_2
10
0.394
20
1.758
30
0
40
0.00704
0
CIRCLE
5
114CC
330
10AD3
100
AcDbEntity
100
AcDbCircle
8
KBL_FEEDER_1_2
10
0.394
20
1.758
30
0
40
0.0057599999999999995
0
CIRCLE
5
114CD
330
10AD3
100
AcDbEntity
100
AcDbCircle
8
KBL_FEEDER_1_2
10
0.394
20
1.758
30
0
40
0.0028
0
CIRCLE
5
114CE
330
10AD3
100
AcDbEntity
100
AcDbCircle
8
KBL_FEEDER_1_2
10
0.394
20
1.758
30
0
40
0.00176
0
LINE
5
114CF
330
10AD3
100
AcDbEntity
100
AcDbLine
8
KBL_FEEDER_1_2
10
0.392
20
1.758
30
0
11
0.396
21
1.758
31
0
0
LINE
5
114D0
330
10AD3
100
AcDbEntity
100
AcDbLine
8
KBL_FEEDER_1_2
10
0.394
20
1.756
30
0
11
0.394
21
1.76
31
0
0
CIRCLE
5
114D1
330
10AD3
100
AcDbEntity
100
AcDbCircle
8
KBL_FEEDER_1_2
10
0.43800000000000006
20
1.758
30
0
40
0.008
0
CIRCLE
5
114D2
330
10AD3
100
AcDbEntity
100
AcDbCircle
8
KBL_FEEDER_1_2
10
0.43800000000000006
20
1.758
30
0
40
0.00704
0
CIRCLE
5
114D3
330
10AD3
100
AcDbEntity
100
AcDbCircle
8
KBL_FEEDER_1_2
10
0.43800000000000006
20
1.758
30
0
40
0.0057599999999999995
0
CIRCLE
5
114D4
330
10AD3
100
AcDbEntity
100
AcDbCircle
8
KBL_FEEDER_1_2
10
0.43800000000000006
20
1.758
30
0
40
0.0028
0
CIRCLE
5
114D5
330
10AD3
100
AcDbEntity
100
AcDbCircle
8
KBL_FEEDER_1_2
10
0.43800000000000006
20
1.758
30
0
40
0.00176
0
LINE
5
114D6
330
10AD3
100
AcDbEntity
100
AcDbLine
8
KBL_FEEDER_1_2
10
0.43600000000000005
20
1.758
30
0
11
0.44000000000000006
21
1.758
31
0
0
LINE
5
114D7
330
10AD3
100
AcDbEntity
100
AcDbLine
8
KBL_FEEDER_1_2
10
0.43800000000000006
20
1.756
30
0
11
0.43800000000000006
21
1.76
31
0
0
CIRCLE
5
114D8
330
10AD3
100
AcDbEntity
100
AcDbCircle
8
KBL_FEEDER_1_2
10
0.48200000000000004
20
1.758
30
0
40
0.008
0
CIRCLE
5
114D9
330
10AD3
100
AcDbEntity
100
AcDbCircle
8
KBL_FEEDER_1_2
10
0.48200000000000004
20
1.758
30
0
40
0.00704
0
CIRCLE
5
114DA
330
10AD3
100
AcDbEntity
100
AcDbCircle
8
KBL_FEEDER_1_2
10
0.48200000000000004
20
1.758
30
0
40
0.0057599999999999995
0
CIRCLE
5
114DB
330
10AD3
100
AcDbEntity
100
AcDbCircle
8
KBL_FEEDER_1_2
10
0.48200000000000004
20
1.758
30
0
40
0.0028
0
CIRCLE
5
114DC
330
10AD3
100
AcDbEntity
100
AcDbCircle
8
KBL_FEEDER_1_2
10
0.48200000000000004
20
1.758
30
0
40
0.00176
0
LINE
5
114DD
330
10AD3
100
AcDbEntity
100
AcDbLine
8
KBL_FEEDER_1_2
10
0.48000000000000004
20
1.758
30
0
11
0.48400000000000004
21
1.758
31
0
0
LINE
5
114DE
330
10AD3
100
AcDbEntity
100
AcDbLine
8
KBL_FEEDER_1_2
10
0.48200000000000004
20
1.756
30
0
11
0.48200000000000004
21
1.76
31
0
0
CIRCLE
5
114DF
330
10AD3
100
AcDbEntity
100
AcDbCircle
8
KBL_FEEDER_1_2
10
0.526
20
1.758
30
0
40
0.008
0
CIRCLE
5
114E0
330
10AD3
100
AcDbEntity
100
AcDbCircle
8
KBL_FEEDER_1_2
10
0.526
20
1.758
30
0
40
0.00704
0
CIRCLE
5
114E1
330
10AD3
100
AcDbEntity
100
AcDbCircle
8
KBL_FEEDER_1_2
10
0.526
20
1.758
30
0
40
0.0057599999999999995
0
CIRCLE
5
114E2
330
10AD3
100
AcDbEntity
100
AcDbCircle
8
KBL_FEEDER_1_2
10
0.526
20
1.758
30
0
40
0.0028
0
CIRCLE
5
114E3
330
10AD3
100
AcDbEntity
100
AcDbCircle
8
KBL_FEEDER_1_2
10
0.526
20
1.758
30
0
40
0.00176
0
LINE
5
114E4
330
10AD3
100
AcDbEntity
100
AcDbLine
8
KBL_FEEDER_1_2
10
0.524
20
1.758
30
0
11
0.528
21
1.758
31
0
0
LINE
5
114E5
330
10AD3
100
AcDbEntity
100
AcDbLine
8
KBL_FEEDER_1_2
10
0.526
20
1.756
30
0
11
0.526
21
1.76
31
0
0
CIRCLE
5
114E6
330
10AD3
100
AcDbEntity
100
AcDbCircle
8
KBL_FEEDER_1_2
10
0.5700000000000001
20
1.758
30
0
40
0.008
0
CIRCLE
5
114E7
330
10AD3
100
AcDbEntity
100
AcDbCircle
8
KBL_FEEDER_1_2
10
0.5700000000000001
20
1.758
30
0
40
0.00704
0
CIRCLE
5
114E8
330
10AD3
100
AcDbEntity
100
AcDbCircle
8
KBL_FEEDER_1_2
10
0.5700000000000001
20
1.758
30
0
40
0.0057599999999999995
0
CIRCLE
5
114E9
330
10AD3
100
AcDbEntity
100
AcDbCircle
8
KBL_FEEDER_1_2
10
0.5700000000000001
20
1.758
30
0
40
0.0028
0
CIRCLE
5
114EA
330
10AD3
100
AcDbEntity
100
AcDbCircle
8
KBL_FEEDER_1_2
10
0.5700000000000001
20
1.758
30
0
40
0.00176
0
LINE
5
114EB
330
10AD3
100
AcDbEntity
100
AcDbLine
8
KBL_FEEDER_1_2
10
0.5680000000000001
20
1.758
30
0
11
0.5720000000000001
21
1.758
31
0
0
LINE
5
114EC
330
10AD3
100
AcDbEntity
100
AcDbLine
8
KBL_FEEDER_1_2
10
0.5700000000000001
20
1.756
30
0
11
0.5700000000000001
21
1.76
31
0
0
CIRCLE
5
114ED
330
10AD3
100
AcDbEntity
100
AcDbCircle
8
KBL_FEEDER_1_2
10
0.6140000000000001
20
1.758
30
0
40
0.008
0
CIRCLE
5
114EE
330
10AD3
100
AcDbEntity
100
AcDbCircle
8
KBL_FEEDER_1_2
10
0.6140000000000001
20
1.758
30
0
40
0.00704
0
CIRCLE
5
114EF
330
10AD3
100
AcDbEntity
100
AcDbCircle
8
KBL_FEEDER_1_2
10
0.6140000000000001
20
1.758
30
0
40
0.0057599999999999995
0
CIRCLE
5
114F0
330
10AD3
100
AcDbEntity
100
AcDbCircle
8
KBL_FEEDER_1_2
10
0.6140000000000001
20
1.758
30
0
40
0.0028
0
CIRCLE
5
114F1
330
10AD3
100
AcDbEntity
100
AcDbCircle
8
KBL_FEEDER_1_2
10
0.6140000000000001
20
1.758
30
0
40
0.00176
0
LINE
5
114F2
330
10AD3
100
AcDbEntity
100
AcDbLine
8
KBL_FEEDER_1_2
10
0.6120000000000001
20
1.758
30
0
11
0.6160000000000001
21
1.758
31
0
0
LINE
5
114F3
330
10AD3
100
AcDbEntity
100
AcDbLine
8
KBL_FEEDER_1_2
10
0.6140000000000001
20
1.756
30
0
11
0.6140000000000001
21
1.76
31
0
0
CIRCLE
5
114F4
330
10AD3
100
AcDbEntity
100
AcDbCircle
8
KBL_FEEDER_1_2
10
0.658
20
1.758
30
0
40
0.008
0
CIRCLE
5
114F5
330
10AD3
100
AcDbEntity
100
AcDbCircle
8
KBL_FEEDER_1_2
10
0.658
20
1.758
30
0
40
0.00704
0
CIRCLE
5
114F6
330
10AD3
100
AcDbEntity
100
AcDbCircle
8
KBL_FEEDER_1_2
10
0.658
20
1.758
30
0
40
0.0057599999999999995
0
CIRCLE
5
114F7
330
10AD3
100
AcDbEntity
100
AcDbCircle
8
KBL_FEEDER_1_2
10
0.658
20
1.758
30
0
40
0.0028
0
CIRCLE
5
114F8
330
10AD3
100
AcDbEntity
100
AcDbCircle
8
KBL_FEEDER_1_2
10
0.658
20
1.758
30
0
40
0.00176
0
LINE
5
114F9
330
10AD3
100
AcDbEntity
100
AcDbLine
8
KBL_FEEDER_1_2
10
0.656
20
1.758
30
0
11
0.66
21
1.758
31
0
0
LINE
5
114FA
330
10AD3
100
AcDbEntity
100
AcDbLine
8
KBL_FEEDER_1_2
10
0.658
20
1.756
30
0
11
0.658
21
1.76
31
0
0
CIRCLE
5
114FB
330
10AD3
100
AcDbEntity
100
AcDbCircle
8
KBL_FEEDER_1_2
10
0.702
20
1.758
30
0
40
0.008
0
CIRCLE
5
114FC
330
10AD3
100
AcDbEntity
100
AcDbCircle
8
KBL_FEEDER_1_2
10
0.702
20
1.758
30
0
40
0.00704
0
CIRCLE
5
114FD
330
10AD3
100
AcDbEntity
100
AcDbCircle
8
KBL_FEEDER_1_2
10
0.702
20
1.758
30
0
40
0.0057599999999999995
0
CIRCLE
5
114FE
330
10AD3
100
AcDbEntity
100
AcDbCircle
8
KBL_FEEDER_1_2
10
0.702
20
1.758
30
0
40
0.0028
0
CIRCLE
5
114FF
330
10AD3
100
AcDbEntity
100
AcDbCircle
8
KBL_FEEDER_1_2
10
0.702
20
1.758
30
0
40
0.00176
0
LINE
5
11500
330
10AD3
100
AcDbEntity
100
AcDbLine
8
KBL_FEEDER_1_2
10
0.7
20
1.758
30
0
11
0.704
21
1.758
31
0
0
LINE
5
11501
330
10AD3
100
AcDbEntity
100
AcDbLine
8
KBL_FEEDER_1_2
10
0.702
20
1.756
30
0
11
0.702
21
1.76
31
0
0
CIRCLE
5
11502
330
10AD3
100
AcDbEntity
100
AcDbCircle
8
KBL_FEEDER_1_2
10
0.746
20
1.758
30
0
40
0.008
0
CIRCLE
5
11503
330
10AD3
100
AcDbEntity
100
AcDbCircle
8
KBL_FEEDER_1_2
10
0.746
20
1.758
30
0
40
0.00704
0
CIRCLE
5
11504
330
10AD3
100
AcDbEntity
100
AcDbCircle
8
KBL_FEEDER_1_2
10
0.746
20
1.758
30
0
40
0.0057599999999999995
0
CIRCLE
5
11505
330
10AD3
100
AcDbEntity
100
AcDbCircle
8
KBL_FEEDER_1_2
10
0.746
20
1.758
30
0
40
0.0028
0
CIRCLE
5
11506
330
10AD3
100
AcDbEntity
100
AcDbCircle
8
KBL_FEEDER_1_2
10
0.746
20
1.758
30
0
40
0.00176
0
LINE
5
11507
330
10AD3
100
AcDbEntity
100
AcDbLine
8
KBL_FEEDER_1_2
10
0.744
20
1.758
30
0
11
0.748
21
1.758
31
0
0
LINE
5
11508
330
10AD3
100
AcDbEntity
100
AcDbLine
8
KBL_FEEDER_1_2
10
0.746
20
1.756
30
0
11
0.746
21
1.76
31
0
0
CIRCLE
5
11509
330
10AD3
100
AcDbEntity
100
AcDbCircle
8
KBL_FEEDER_1_2
10
0.35000000000000003
20
1.783
30
0
40
0.008
0
CIRCLE
5
1150A
330
10AD3
100
AcDbEntity
100
AcDbCircle
8
KBL_FEEDER_1_2
10
0.35000000000000003
20
1.783
30
0
40
0.00704
0
CIRCLE
5
1150B
330
10AD3
100
AcDbEntity
100
AcDbCircle
8
KBL_FEEDER_1_2
10
0.35000000000000003
20
1.783
30
0
40
0.0057599999999999995
0
CIRCLE
5
1150C
330
10AD3
100
AcDbEntity
100
AcDbCircle
8
KBL_FEEDER_1_2
10
0.35000000000000003
20
1.783
30
0
40
0.0028
0
CIRCLE
5
1150D
330
10AD3
100
AcDbEntity
100
AcDbCircle
8
KBL_FEEDER_1_2
10
0.35000000000000003
20
1.783
30
0
40
0.00176
0
LINE
5
1150E
330
10AD3
100
AcDbEntity
100
AcDbLine
8
KBL_FEEDER_1_2
10
0.34800000000000003
20
1.783
30
0
11
0.35200000000000004
21
1.783
31
0
0
LINE
5
1150F
330
10AD3
100
AcDbEntity
100
AcDbLine
8
KBL_FEEDER_1_2
10
0.35000000000000003
20
1.781
30
0
11
0.35000000000000003
21
1.785
31
0
0
CIRCLE
5
11510
330
10AD3
100
AcDbEntity
100
AcDbCircle
8
KBL_FEEDER_1_2
10
0.394
20
1.783
30
0
40
0.008
0
CIRCLE
5
11511
330
10AD3
100
AcDbEntity
100
AcDbCircle
8
KBL_FEEDER_1_2
10
0.394
20
1.783
30
0
40
0.00704
0
CIRCLE
5
11512
330
10AD3
100
AcDbEntity
100
AcDbCircle
8
KBL_FEEDER_1_2
10
0.394
20
1.783
30
0
40
0.0057599999999999995
0
CIRCLE
5
11513
330
10AD3
100
AcDbEntity
100
AcDbCircle
8
KBL_FEEDER_1_2
10
0.394
20
1.783
30
0
40
0.0028
0
CIRCLE
5
11514
330
10AD3
100
AcDbEntity
100
AcDbCircle
8
KBL_FEEDER_1_2
10
0.394
20
1.783
30
0
40
0.00176
0
LINE
5
11515
330
10AD3
100
AcDbEntity
100
AcDbLine
8
KBL_FEEDER_1_2
10
0.392
20
1.783
30
0
11
0.396
21
1.783
31
0
0
LINE
5
11516
330
10AD3
100
AcDbEntity
100
AcDbLine
8
KBL_FEEDER_1_2
10
0.394
20
1.781
30
0
11
0.394
21
1.785
31
0
0
CIRCLE
5
11517
330
10AD3
100
AcDbEntity
100
AcDbCircle
8
KBL_FEEDER_1_2
10
0.43800000000000006
20
1.783
30
0
40
0.008
0
CIRCLE
5
11518
330
10AD3
100
AcDbEntity
100
AcDbCircle
8
KBL_FEEDER_1_2
10
0.43800000000000006
20
1.783
30
0
40
0.00704
0
CIRCLE
5
11519
330
10AD3
100
AcDbEntity
100
AcDbCircle
8
KBL_FEEDER_1_2
10
0.43800000000000006
20
1.783
30
0
40
0.0057599999999999995
0
CIRCLE
5
1151A
330
10AD3
100
AcDbEntity
100
AcDbCircle
8
KBL_FEEDER_1_2
10
0.43800000000000006
20
1.783
30
0
40
0.0028
0
CIRCLE
5
1151B
330
10AD3
100
AcDbEntity
100
AcDbCircle
8
KBL_FEEDER_1_2
10
0.43800000000000006
20
1.783
30
0
40
0.00176
0
LINE
5
1151C
330
10AD3
100
AcDbEntity
100
AcDbLine
8
KBL_FEEDER_1_2
10
0.43600000000000005
20
1.783
30
0
11
0.44000000000000006
21
1.783
31
0
0
LINE
5
1151D
330
10AD3
100
AcDbEntity
100
AcDbLine
8
KBL_FEEDER_1_2
10
0.43800000000000006
20
1.781
30
0
11
0.43800000000000006
21
1.785
31
0
0
CIRCLE
5
1151E
330
10AD3
100
AcDbEntity
100
AcDbCircle
8
KBL_FEEDER_1_2
10
0.48200000000000004
20
1.783
30
0
40
0.008
0
CIRCLE
5
1151F
330
10AD3
100
AcDbEntity
100
AcDbCircle
8
KBL_FEEDER_1_2
10
0.48200000000000004
20
1.783
30
0
40
0.00704
0
CIRCLE
5
11520
330
10AD3
100
AcDbEntity
100
AcDbCircle
8
KBL_FEEDER_1_2
10
0.48200000000000004
20
1.783
30
0
40
0.0057599999999999995
0
CIRCLE
5
11521
330
10AD3
100
AcDbEntity
100
AcDbCircle
8
KBL_FEEDER_1_2
10
0.48200000000000004
20
1.783
30
0
40
0.0028
0
CIRCLE
5
11522
330
10AD3
100
AcDbEntity
100
AcDbCircle
8
KBL_FEEDER_1_2
10
0.48200000000000004
20
1.783
30
0
40
0.00176
0
LINE
5
11523
330
10AD3
100
AcDbEntity
100
AcDbLine
8
KBL_FEEDER_1_2
10
0.48000000000000004
20
1.783
30
0
11
0.48400000000000004
21
1.783
31
0
0
LINE
5
11524
330
10AD3
100
AcDbEntity
100
AcDbLine
8
KBL_FEEDER_1_2
10
0.48200000000000004
20
1.781
30
0
11
0.48200000000000004
21
1.785
31
0
0
CIRCLE
5
11525
330
10AD3
100
AcDbEntity
100
AcDbCircle
8
KBL_FEEDER_1_2
10
0.526
20
1.783
30
0
40
0.008
0
CIRCLE
5
11526
330
10AD3
100
AcDbEntity
100
AcDbCircle
8
KBL_FEEDER_1_2
10
0.526
20
1.783
30
0
40
0.00704
0
CIRCLE
5
11527
330
10AD3
100
AcDbEntity
100
AcDbCircle
8
KBL_FEEDER_1_2
10
0.526
20
1.783
30
0
40
0.0057599999999999995
0
CIRCLE
5
11528
330
10AD3
100
AcDbEntity
100
AcDbCircle
8
KBL_FEEDER_1_2
10
0.526
20
1.783
30
0
40
0.0028
0
CIRCLE
5
11529
330
10AD3
100
AcDbEntity
100
AcDbCircle
8
KBL_FEEDER_1_2
10
0.526
20
1.783
30
0
40
0.00176
0
LINE
5
1152A
330
10AD3
100
AcDbEntity
100
AcDbLine
8
KBL_FEEDER_1_2
10
0.524
20
1.783
30
0
11
0.528
21
1.783
31
0
0
LINE
5
1152B
330
10AD3
100
AcDbEntity
100
AcDbLine
8
KBL_FEEDER_1_2
10
0.526
20
1.781
30
0
11
0.526
21
1.785
31
0
0
CIRCLE
5
1152C
330
10AD3
100
AcDbEntity
100
AcDbCircle
8
KBL_FEEDER_1_2
10
0.5700000000000001
20
1.783
30
0
40
0.008
0
CIRCLE
5
1152D
330
10AD3
100
AcDbEntity
100
AcDbCircle
8
KBL_FEEDER_1_2
10
0.5700000000000001
20
1.783
30
0
40
0.00704
0
CIRCLE
5
1152E
330
10AD3
100
AcDbEntity
100
AcDbCircle
8
KBL_FEEDER_1_2
10
0.5700000000000001
20
1.783
30
0
40
0.0057599999999999995
0
CIRCLE
5
1152F
330
10AD3
100
AcDbEntity
100
AcDbCircle
8
KBL_FEEDER_1_2
10
0.5700000000000001
20
1.783
30
0
40
0.0028
0
CIRCLE
5
11530
330
10AD3
100
AcDbEntity
100
AcDbCircle
8
KBL_FEEDER_1_2
10
0.5700000000000001
20
1.783
30
0
40
0.00176
0
LINE
5
11531
330
10AD3
100
AcDbEntity
100
AcDbLine
8
KBL_FEEDER_1_2
10
0.5680000000000001
20
1.783
30
0
11
0.5720000000000001
21
1.783
31
0
0
LINE
5
11532
330
10AD3
100
AcDbEntity
100
AcDbLine
8
KBL_FEEDER_1_2
10
0.5700000000000001
20
1.781
30
0
11
0.5700000000000001
21
1.785
31
0
0
CIRCLE
5
11533
330
10AD3
100
AcDbEntity
100
AcDbCircle
8
KBL_FEEDER_1_2
10
0.6140000000000001
20
1.783
30
0
40
0.008
0
CIRCLE
5
11534
330
10AD3
100
AcDbEntity
100
AcDbCircle
8
KBL_FEEDER_1_2
10
0.6140000000000001
20
1.783
30
0
40
0.00704
0
CIRCLE
5
11535
330
10AD3
100
AcDbEntity
100
AcDbCircle
8
KBL_FEEDER_1_2
10
0.6140000000000001
20
1.783
30
0
40
0.0057599999999999995
0
CIRCLE
5
11536
330
10AD3
100
AcDbEntity
100
AcDbCircle
8
KBL_FEEDER_1_2
10
0.6140000000000001
20
1.783
30
0
40
0.0028
0
CIRCLE
5
11537
330
10AD3
100
AcDbEntity
100
AcDbCircle
8
KBL_FEEDER_1_2
10
0.6140000000000001
20
1.783
30
0
40
0.00176
0
LINE
5
11538
330
10AD3
100
AcDbEntity
100
AcDbLine
8
KBL_FEEDER_1_2
10
0.6120000000000001
20
1.783
30
0
11
0.6160000000000001
21
1.783
31
0
0
LINE
5
11539
330
10AD3
100
AcDbEntity
100
AcDbLine
8
KBL_FEEDER_1_2
10
0.6140000000000001
20
1.781
30
0
11
0.6140000000000001
21
1.785
31
0
0
CIRCLE
5
1153A
330
10AD3
100
AcDbEntity
100
AcDbCircle
8
KBL_FEEDER_1_2
10
0.658
20
1.783
30
0
40
0.008
0
CIRCLE
5
1153B
330
10AD3
100
AcDbEntity
100
AcDbCircle
8
KBL_FEEDER_1_2
10
0.658
20
1.783
30
0
40
0.00704
0
CIRCLE
5
1153C
330
10AD3
100
AcDbEntity
100
AcDbCircle
8
KBL_FEEDER_1_2
10
0.658
20
1.783
30
0
40
0.0057599999999999995
0
CIRCLE
5
1153D
330
10AD3
100
AcDbEntity
100
AcDbCircle
8
KBL_FEEDER_1_2
10
0.658
20
1.783
30
0
40
0.0028
0
CIRCLE
5
1153E
330
10AD3
100
AcDbEntity
100
AcDbCircle
8
KBL_FEEDER_1_2
10
0.658
20
1.783
30
0
40
0.00176
0
LINE
5
1153F
330
10AD3
100
AcDbEntity
100
AcDbLine
8
KBL_FEEDER_1_2
10
0.656
20
1.783
30
0
11
0.66
21
1.783
31
0
0
LINE
5
11540
330
10AD3
100
AcDbEntity
100
AcDbLine
8
KBL_FEEDER_1_2
10
0.658
20
1.781
30
0
11
0.658
21
1.785
31
0
0
CIRCLE
5
11541
330
10AD3
100
AcDbEntity
100
AcDbCircle
8
KBL_FEEDER_1_2
10
0.702
20
1.783
30
0
40
0.008
0
CIRCLE
5
11542
330
10AD3
100
AcDbEntity
100
AcDbCircle
8
KBL_FEEDER_1_2
10
0.702
20
1.783
30
0
40
0.00704
0
CIRCLE
5
11543
330
10AD3
100
AcDbEntity
100
AcDbCircle
8
KBL_FEEDER_1_2
10
0.702
20
1.783
30
0
40
0.0057599999999999995
0
CIRCLE
5
11544
330
10AD3
100
AcDbEntity
100
AcDbCircle
8
KBL_FEEDER_1_2
10
0.702
20
1.783
30
0
40
0.0028
0
CIRCLE
5
11545
330
10AD3
100
AcDbEntity
100
AcDbCircle
8
KBL_FEEDER_1_2
10
0.702
20
1.783
30
0
40
0.00176
0
LINE
5
11546
330
10AD3
100
AcDbEntity
100
AcDbLine
8
KBL_FEEDER_1_2
10
0.7
20
1.783
30
0
11
0.704
21
1.783
31
0
0
LINE
5
11547
330
10AD3
100
AcDbEntity
100
AcDbLine
8
KBL_FEEDER_1_2
10
0.702
20
1.781
30
0
11
0.702
21
1.785
31
0
0
CIRCLE
5
11548
330
10AD3
100
AcDbEntity
100
AcDbCircle
8
KBL_FEEDER_1_2
10
0.746
20
1.783
30
0
40
0.008
0
CIRCLE
5
11549
330
10AD3
100
AcDbEntity
100
AcDbCircle
8
KBL_FEEDER_1_2
10
0.746
20
1.783
30
0
40
0.00704
0
CIRCLE
5
1154A
330
10AD3
100
AcDbEntity
100
AcDbCircle
8
KBL_FEEDER_1_2
10
0.746
20
1.783
30
0
40
0.0057599999999999995
0
CIRCLE
5
1154B
330
10AD3
100
AcDbEntity
100
AcDbCircle
8
KBL_FEEDER_1_2
10
0.746
20
1.783
30
0
40
0.0028
0
CIRCLE
5
1154C
330
10AD3
100
AcDbEntity
100
AcDbCircle
8
KBL_FEEDER_1_2
10
0.746
20
1.783
30
0
40
0.00176
0
LINE
5
1154D
330
10AD3
100
AcDbEntity
100
AcDbLine
8
KBL_FEEDER_1_2
10
0.744
20
1.783
30
0
11
0.748
21
1.783
31
0
0
LINE
5
1154E
330
10AD3
100
AcDbEntity
100
AcDbLine
8
KBL_FEEDER_1_2
10
0.746
20
1.781
30
0
11
0.746
21
1.785
31
0
0
CIRCLE
5
11663
330
10AD3
100
AcDbEntity
100
AcDbCircle
8
KBL_FEEDER_1_2
10
0.49000000000000005
20
0.295
30
0
40
0.008
0
CIRCLE
5
11664
330
10AD3
100
AcDbEntity
100
AcDbCircle
8
KBL_FEEDER_1_2
10
0.49000000000000005
20
0.295
30
0
40
0.00704
0
CIRCLE
5
11665
330
10AD3
100
AcDbEntity
100
AcDbCircle
8
KBL_FEEDER_1_2
10
0.49000000000000005
20
0.295
30
0
40
0.0057599999999999995
0
CIRCLE
5
11666
330
10AD3
100
AcDbEntity
100
AcDbCircle
8
KBL_FEEDER_1_2
10
0.49000000000000005
20
0.295
30
0
40
0.0028
0
CIRCLE
5
11667
330
10AD3
100
AcDbEntity
100
AcDbCircle
8
KBL_FEEDER_1_2
10
0.49000000000000005
20
0.295
30
0
40
0.00176
0
LINE
5
11668
330
10AD3
100
AcDbEntity
100
AcDbLine
8
KBL_FEEDER_1_2
10
0.48800000000000004
20
0.295
30
0
11
0.49200000000000005
21
0.295
31
0
0
LINE
5
11669
330
10AD3
100
AcDbEntity
100
AcDbLine
8
KBL_FEEDER_1_2
10
0.49000000000000005
20
0.293
30
0
11
0.49000000000000005
21
0.297
31
0
0
ENDSEC
0
SECTION
2
OBJECTS
0
DICTIONARY
5
10AC1
330
0
100
AcDbDictionary
281
1
3
ACAD_GROUP
350
10AD7
0
DICTIONARY
5
10AD7
330
10AC1
100
AcDbDictionary
281
1
0
ENDSEC
0
EOF