0
SECTION
2
HEADER
9
$HANDSEED
5
52E
9
$INSUNITS
70
4
9
$ACADVER
1
AC1021
9
$DWGCODEPAGE
3
UTF-8
0
ENDSEC
0
SECTION
2
CLASSES
0
ENDSEC
0
SECTION
2
TABLES
0
TABLE
2
LTYPE
5
52C
330
0
100
AcDbSymbolTable
70
5
0
LTYPE
5
2
330
52C
100
AcDbSymbolTableRecord
100
AcDbLinetypeTableRecord
2
CONTINUOUS
3
______
70
0
72
65
73
0
40
0
0
LTYPE
5
3
330
52C
100
AcDbSymbolTableRecord
100
AcDbLinetypeTableRecord
2
DASHED
3
_ _ _ 
70
0
72
65
73
2
40
10
49
5
74
0
49
-5
74
0
0
LTYPE
5
4
330
52C
100
AcDbSymbolTableRecord
100
AcDbLinetypeTableRecord
2
DOTTED
3
. . . 
70
0
72
65
73
2
40
5
49
0
74
0
49
-5
74
0
0
LTYPE
5
6
330
52C
100
AcDbSymbolTableRecord
100
AcDbLinetypeTableRecord
2
ByBlock
3

70
0
72
65
73
0
40
0
0
LTYPE
5
7
330
52C
100
AcDbSymbolTableRecord
100
AcDbLinetypeTableRecord
2
ByLayer
3

70
0
72
65
73
0
40
0
0
ENDTAB
0
TABLE
2
LAYER
5
52D
330
0
100
AcDbSymbolTable
70
21
0
LAYER
5
5
330
52D
100
AcDbSymbolTableRecord
100
AcDbLayerTableRecord
2
0
62
7
70
0
6
CONTINUOUS
390
1
0
LAYER
5
18
330
52D
100
AcDbSymbolTableRecord
100
AcDbLayerTableRecord
2
ZEMIN_PLATFORM
62
8
70
0
6
CONTINUOUS
390
1
0
LAYER
5
19
330
52D
100
AcDbSymbolTableRecord
100
AcDbLayerTableRecord
2
KORKULUK_KAPI
62
4
70
0
6
CONTINUOUS
390
1
0
LAYER
5
1A
330
52D
100
AcDbSymbolTableRecord
100
AcDbLayerTableRecord
2
CELIK_KIRIS_KOLON
62
9
70
0
6
CONTINUOUS
390
1
0
LAYER
5
1B
330
52D
100
AcDbSymbolTableRecord
100
AcDbLayerTableRecord
2
MONTAJ_BORULARI
62
2
70
0
6
CONTINUOUS
390
1
0
LAYER
5
1C
330
52D
100
AcDbSymbolTableRecord
100
AcDbLayerTableRecord
2
KABLO_TAVALARI
62
6
70
0
6
CONTINUOUS
390
1
0
LAYER
5
1D
330
52D
100
AcDbSymbolTableRecord
100
AcDbLayerTableRecord
2
YURUYUS_KORIDORU
62
3
70
0
6
DASHED
390
1
0
LAYER
5
1E
330
52D
100
AcDbSymbolTableRecord
100
AcDbLayerTableRecord
2
OLCULER
62
1
70
0
6
CONTINUOUS
390
1
0
LAYER
5
1F
330
52D
100
AcDbSymbolTableRecord
100
AcDbLayerTableRecord
2
METIN_BILGI
62
7
70
0
6
CONTINUOUS
390
1
0
LAYER
5
20
330
52D
100
AcDbSymbolTableRecord
100
AcDbLayerTableRecord
2
EKP_TURKCELL_RRU
62
5
70
0
6
CONTINUOUS
390
1
0
LAYER
5
21
330
52D
100
AcDbSymbolTableRecord
100
AcDbLayerTableRecord
2
EKP_VODAFONE_RRU
62
1
70
0
6
CONTINUOUS
390
1
0
LAYER
5
22
330
52D
100
AcDbSymbolTableRecord
100
AcDbLayerTableRecord
2
EKP_TURK_TELEKOM_RRU
62
4
70
0
6
CONTINUOUS
390
1
0
LAYER
5
23
330
52D
100
AcDbSymbolTableRecord
100
AcDbLayerTableRecord
2
EKP_POI_TASIYICI_SASE
62
30
70
0
6
CONTINUOUS
390
1
0
LAYER
5
24
330
52D
100
AcDbSymbolTableRecord
100
AcDbLayerTableRecord
2
EKP_POI_MODULLERI
62
40
70
0
6
CONTINUOUS
390
1
0
LAYER
5
25
330
52D
100
AcDbSymbolTableRecord
100
AcDbLayerTableRecord
2
EKP_RECTIFIER_ELTEK_20U
62
3
70
0
6
CONTINUOUS
390
1
0
LAYER
5
26
330
52D
100
AcDbSymbolTableRecord
100
AcDbLayerTableRecord
2
EKP_RECTIFIER_MTS9304A
62
94
70
0
6
CONTINUOUS
390
1
0
LAYER
5
27
330
52D
100
AcDbSymbolTableRecord
100
AcDbLayerTableRecord
2
BLOK_OZEL_PLATFORM
62
140
70
0
6
CONTINUOUS
390
1
0
LAYER
5
28
330
52D
100
AcDbSymbolTableRecord
100
AcDbLayerTableRecord
2
EKP_MATSING_ANTEN
62
2
70
0
6
CONTINUOUS
390
1
0
LAYER
5
29
330
52D
100
AcDbSymbolTableRecord
100
AcDbLayerTableRecord
2
EKP_PANEL_ANTEN
62
6
70
0
6
CONTINUOUS
390
1
0
LAYER
5
2A
330
52D
100
AcDbSymbolTableRecord
100
AcDbLayerTableRecord
2
EKP_ANTEN_TASIYICI_KOL
62
141
70
0
6
CONTINUOUS
390
1
0
LAYER
5
2B
330
52D
100
AcDbSymbolTableRecord
100
AcDbLayerTableRecord
2
EKP_DIGER_EKIPMANLAR
62
7
70
0
6
CONTINUOUS
390
1
0
ENDTAB
0
TABLE
2
VPORT
5
8
330
0
100
AcDbSymbolTable
70
1
0
VPORT
5
E
330
8
100
AcDbSymbolTableRecord
100
AcDbViewportTableRecord
2
*ACTIVE
40
1000
70
0
0
ENDTAB
0
TABLE
2
STYLE
5
9
330
0
100
AcDbSymbolTable
70
3
0
STYLE
5
F
330
9
100
AcDbSymbolTableRecord
100
AcDbTextStyleTableRecord
2
standard
70
0
40
0
41
1
50
0
71
0
42
1
3
calibrib.ttf
4

1001
ACAD
1000
Calibri
1071
33554466
0
STYLE
5
10
330
9
100
AcDbSymbolTableRecord
100
AcDbTextStyleTableRecord
2
STANDARD
70
0
40
0
41
1
50
0
71
0
42
1
3
calibrib.ttf
4

1001
ACAD
1000
Calibri
1071
33554466
0
STYLE
5
11
330
9
100
AcDbSymbolTableRecord
100
AcDbTextStyleTableRecord
2
CALIBRI_BOLD
70
0
40
0
41
1
50
0
71
0
42
1
3
calibrib.ttf
4

1001
ACAD
1000
Calibri
1071
33554466
0
ENDTAB
0
TABLE
2
VIEW
5
A
330
0
100
AcDbSymbolTable
70
0
0
ENDTAB
0
TABLE
2
UCS
5
B
330
0
100
AcDbSymbolTable
70
0
0
ENDTAB
0
TABLE
2
APPID
5
C
330
0
100
AcDbSymbolTable
70
1
0
APPID
5
12
330
C
100
AcDbSymbolTableRecord
100
AcDbRegAppTableRecord
2
ACAD
70
0
0
ENDTAB
0
TABLE
2
DIMSTYLE
5
D
330
0
100
AcDbSymbolTable
100
AcDbDimStyleTable
70
0
71
1
0
ENDTAB
0
TABLE
2
BLOCK_RECORD
5
529
330
0
100
AcDbSymbolTable
70
2
0
BLOCK_RECORD
5
52A
330
529
100
AcDbSymbolTableRecord
100
AcDbBlockTableRecord
2
*Model_Space
70
0
280
0
281
1
0
BLOCK_RECORD
5
52B
330
529
100
AcDbSymbolTableRecord
100
AcDbBlockTableRecord
2
*Paper_Space
70
0
280
0
281
1
0
ENDTAB
0
ENDSEC
0
SECTION
2
BLOCKS
0
BLOCK
5
13
330
0
100
AcDbEntity
100
AcDbBlockBegin
2
*Model_Space
70
0
10
0
20
0
30
0
3
*Model_Space
1

0
ENDBLK
5
14
330
0
100
AcDbEntity
100
AcDbBlockEnd
0
BLOCK
5
15
330
0
100
AcDbEntity
100
AcDbBlockBegin
2
*Paper_Space
70
0
10
0
20
0
30
0
3
*Paper_Space
1

0
ENDBLK
5
16
330
0
100
AcDbEntity
100
AcDbBlockEnd
0
ENDSEC
0
SECTION
2
ENTITIES
0
LWPOLYLINE
5
2C
330
13
100
AcDbEntity
100
AcDbPolyline
8
ZEMIN_PLATFORM
6
ByLayer
62
256
370
-1
90
4
70
1
10
-15000
20
0
10
-15000
20
2000
10
15000
20
2000
10
15000
20
0
0
LINE
5
2D
330
13
100
AcDbEntity
100
AcDbLine
8
ZEMIN_PLATFORM
10
-14000
20
0
30
0
11
-14000
21
2000
31
0
0
LINE
5
2E
330
13
100
AcDbEntity
100
AcDbLine
8
ZEMIN_PLATFORM
10
-13000
20
0
30
0
11
-13000
21
2000
31
0
0
LINE
5
2F
330
13
100
AcDbEntity
100
AcDbLine
8
ZEMIN_PLATFORM
10
-12000
20
0
30
0
11
-12000
21
2000
31
0
0
LINE
5
30
330
13
100
AcDbEntity
100
AcDbLine
8
ZEMIN_PLATFORM
10
-11000
20
0
30
0
11
-11000
21
2000
31
0
0
LINE
5
31
330
13
100
AcDbEntity
100
AcDbLine
8
ZEMIN_PLATFORM
10
-10000
20
0
30
0
11
-10000
21
2000
31
0
0
LINE
5
32
330
13
100
AcDbEntity
100
AcDbLine
8
ZEMIN_PLATFORM
10
-9000
20
0
30
0
11
-9000
21
2000
31
0
0
LINE
5
33
330
13
100
AcDbEntity
100
AcDbLine
8
ZEMIN_PLATFORM
10
-8000
20
0
30
0
11
-8000
21
2000
31
0
0
LINE
5
34
330
13
100
AcDbEntity
100
AcDbLine
8
ZEMIN_PLATFORM
10
-7000
20
0
30
0
11
-7000
21
2000
31
0
0
LINE
5
35
330
13
100
AcDbEntity
100
AcDbLine
8
ZEMIN_PLATFORM
10
-6000
20
0
30
0
11
-6000
21
2000
31
0
0
LINE
5
36
330
13
100
AcDbEntity
100
AcDbLine
8
ZEMIN_PLATFORM
10
-5000
20
0
30
0
11
-5000
21
2000
31
0
0
LINE
5
37
330
13
100
AcDbEntity
100
AcDbLine
8
ZEMIN_PLATFORM
10
-4000
20
0
30
0
11
-4000
21
2000
31
0
0
LINE
5
38
330
13
100
AcDbEntity
100
AcDbLine
8
ZEMIN_PLATFORM
10
-3000
20
0
30
0
11
-3000
21
2000
31
0
0
LINE
5
39
330
13
100
AcDbEntity
100
AcDbLine
8
ZEMIN_PLATFORM
10
-2000
20
0
30
0
11
-2000
21
2000
31
0
0
LINE
5
3A
330
13
100
AcDbEntity
100
AcDbLine
8
ZEMIN_PLATFORM
10
-1000
20
0
30
0
11
-1000
21
2000
31
0
0
LINE
5
3B
330
13
100
AcDbEntity
100
AcDbLine
8
ZEMIN_PLATFORM
10
0
20
0
30
0
11
0
21
2000
31
0
0
LINE
5
3C
330
13
100
AcDbEntity
100
AcDbLine
8
ZEMIN_PLATFORM
10
1000
20
0
30
0
11
1000
21
2000
31
0
0
LINE
5
3D
330
13
100
AcDbEntity
100
AcDbLine
8
ZEMIN_PLATFORM
10
2000
20
0
30
0
11
2000
21
2000
31
0
0
LINE
5
3E
330
13
100
AcDbEntity
100
AcDbLine
8
ZEMIN_PLATFORM
10
3000
20
0
30
0
11
3000
21
2000
31
0
0
LINE
5
3F
330
13
100
AcDbEntity
100
AcDbLine
8
ZEMIN_PLATFORM
10
4000
20
0
30
0
11
4000
21
2000
31
0
0
LINE
5
40
330
13
100
AcDbEntity
100
AcDbLine
8
ZEMIN_PLATFORM
10
5000
20
0
30
0
11
5000
21
2000
31
0
0
LINE
5
41
330
13
100
AcDbEntity
100
AcDbLine
8
ZEMIN_PLATFORM
10
6000
20
0
30
0
11
6000
21
2000
31
0
0
LINE
5
42
330
13
100
AcDbEntity
100
AcDbLine
8
ZEMIN_PLATFORM
10
7000
20
0
30
0
11
7000
21
2000
31
0
0
LINE
5
43
330
13
100
AcDbEntity
100
AcDbLine
8
ZEMIN_PLATFORM
10
8000
20
0
30
0
11
8000
21
2000
31
0
0
LINE
5
44
330
13
100
AcDbEntity
100
AcDbLine
8
ZEMIN_PLATFORM
10
9000
20
0
30
0
11
9000
21
2000
31
0
0
LINE
5
45
330
13
100
AcDbEntity
100
AcDbLine
8
ZEMIN_PLATFORM
10
10000
20
0
30
0
11
10000
21
2000
31
0
0
LINE
5
46
330
13
100
AcDbEntity
100
AcDbLine
8
ZEMIN_PLATFORM
10
11000
20
0
30
0
11
11000
21
2000
31
0
0
LINE
5
47
330
13
100
AcDbEntity
100
AcDbLine
8
ZEMIN_PLATFORM
10
12000
20
0
30
0
11
12000
21
2000
31
0
0
LINE
5
48
330
13
100
AcDbEntity
100
AcDbLine
8
ZEMIN_PLATFORM
10
13000
20
0
30
0
11
13000
21
2000
31
0
0
LINE
5
49
330
13
100
AcDbEntity
100
AcDbLine
8
ZEMIN_PLATFORM
10
14000
20
0
30
0
11
14000
21
2000
31
0
0
LWPOLYLINE
5
1D5
330
13
100
AcDbEntity
100
AcDbPolyline
8
ZEMIN_PLATFORM
6
ByLayer
62
256
370
-1
90
4
70
1
10
-13000
20
4000
10
-13000
20
5000
10
7000
20
5000
10
7000
20
4000
0
LINE
5
1D6
330
13
100
AcDbEntity
100
AcDbLine
8
ZEMIN_PLATFORM
10
-12500
20
4000
30
0
11
-12500
21
5000
31
0
0
LINE
5
1D7
330
13
100
AcDbEntity
100
AcDbLine
8
ZEMIN_PLATFORM
10
-11500
20
4000
30
0
11
-11500
21
5000
31
0
0
LINE
5
1D8
330
13
100
AcDbEntity
100
AcDbLine
8
ZEMIN_PLATFORM
10
-10500
20
4000
30
0
11
-10500
21
5000
31
0
0
LINE
5
1D9
330
13
100
AcDbEntity
100
AcDbLine
8
ZEMIN_PLATFORM
10
-9500
20
4000
30
0
11
-9500
21
5000
31
0
0
LINE
5
1DA
330
13
100
AcDbEntity
100
AcDbLine
8
ZEMIN_PLATFORM
10
-8500
20
4000
30
0
11
-8500
21
5000
31
0
0
LINE
5
1DB
330
13
100
AcDbEntity
100
AcDbLine
8
ZEMIN_PLATFORM
10
-7500
20
4000
30
0
11
-7500
21
5000
31
0
0
LINE
5
1DC
330
13
100
AcDbEntity
100
AcDbLine
8
ZEMIN_PLATFORM
10
-6500
20
4000
30
0
11
-6500
21
5000
31
0
0
LINE
5
1DD
330
13
100
AcDbEntity
100
AcDbLine
8
ZEMIN_PLATFORM
10
-5500
20
4000
30
0
11
-5500
21
5000
31
0
0
LINE
5
1DE
330
13
100
AcDbEntity
100
AcDbLine
8
ZEMIN_PLATFORM
10
-4500
20
4000
30
0
11
-4500
21
5000
31
0
0
LINE
5
1DF
330
13
100
AcDbEntity
100
AcDbLine
8
ZEMIN_PLATFORM
10
-3500
20
4000
30
0
11
-3500
21
5000
31
0
0
LINE
5
1E0
330
13
100
AcDbEntity
100
AcDbLine
8
ZEMIN_PLATFORM
10
-2500
20
4000
30
0
11
-2500
21
5000
31
0
0
LINE
5
1E1
330
13
100
AcDbEntity
100
AcDbLine
8
ZEMIN_PLATFORM
10
-1500
20
4000
30
0
11
-1500
21
5000
31
0
0
LINE
5
1E2
330
13
100
AcDbEntity
100
AcDbLine
8
ZEMIN_PLATFORM
10
-500
20
4000
30
0
11
-500
21
5000
31
0
0
LINE
5
1E3
330
13
100
AcDbEntity
100
AcDbLine
8
ZEMIN_PLATFORM
10
500
20
4000
30
0
11
500
21
5000
31
0
0
LINE
5
1E4
330
13
100
AcDbEntity
100
AcDbLine
8
ZEMIN_PLATFORM
10
1500
20
4000
30
0
11
1500
21
5000
31
0
0
LINE
5
1E5
330
13
100
AcDbEntity
100
AcDbLine
8
ZEMIN_PLATFORM
10
2500
20
4000
30
0
11
2500
21
5000
31
0
0
LINE
5
1E6
330
13
100
AcDbEntity
100
AcDbLine
8
ZEMIN_PLATFORM
10
3500
20
4000
30
0
11
3500
21
5000
31
0
0
LINE
5
1E7
330
13
100
AcDbEntity
100
AcDbLine
8
ZEMIN_PLATFORM
10
4500
20
4000
30
0
11
4500
21
5000
31
0
0
LINE
5
1E8
330
13
100
AcDbEntity
100
AcDbLine
8
ZEMIN_PLATFORM
10
5500
20
4000
30
0
11
5500
21
5000
31
0
0
LINE
5
1E9
330
13
100
AcDbEntity
100
AcDbLine
8
ZEMIN_PLATFORM
10
6500
20
4000
30
0
11
6500
21
5000
31
0
0
LWPOLYLINE
5
23F
330
13
100
AcDbEntity
100
AcDbPolyline
8
ZEMIN_PLATFORM
6
ByLayer
62
256
370
-1
90
4
70
1
10
-13000
20
8500
10
-13000
20
9500
10
7000
20
9500
10
7000
20
8500
0
LINE
5
240
330
13
100
AcDbEntity
100
AcDbLine
8
ZEMIN_PLATFORM
10
-12500
20
8500
30
0
11
-12500
21
9500
31
0
0
LINE
5
241
330
13
100
AcDbEntity
100
AcDbLine
8
ZEMIN_PLATFORM
10
-11500
20
8500
30
0
11
-11500
21
9500
31
0
0
LINE
5
242
330
13
100
AcDbEntity
100
AcDbLine
8
ZEMIN_PLATFORM
10
-10500
20
8500
30
0
11
-10500
21
9500
31
0
0
LINE
5
243
330
13
100
AcDbEntity
100
AcDbLine
8
ZEMIN_PLATFORM
10
-9500
20
8500
30
0
11
-9500
21
9500
31
0
0
LINE
5
244
330
13
100
AcDbEntity
100
AcDbLine
8
ZEMIN_PLATFORM
10
-8500
20
8500
30
0
11
-8500
21
9500
31
0
0
LINE
5
245
330
13
100
AcDbEntity
100
AcDbLine
8
ZEMIN_PLATFORM
10
-7500
20
8500
30
0
11
-7500
21
9500
31
0
0
LINE
5
246
330
13
100
AcDbEntity
100
AcDbLine
8
ZEMIN_PLATFORM
10
-6500
20
8500
30
0
11
-6500
21
9500
31
0
0
LINE
5
247
330
13
100
AcDbEntity
100
AcDbLine
8
ZEMIN_PLATFORM
10
-5500
20
8500
30
0
11
-5500
21
9500
31
0
0
LINE
5
248
330
13
100
AcDbEntity
100
AcDbLine
8
ZEMIN_PLATFORM
10
-4500
20
8500
30
0
11
-4500
21
9500
31
0
0
LINE
5
249
330
13
100
AcDbEntity
100
AcDbLine
8
ZEMIN_PLATFORM
10
-3500
20
8500
30
0
11
-3500
21
9500
31
0
0
LINE
5
24A
330
13
100
AcDbEntity
100
AcDbLine
8
ZEMIN_PLATFORM
10
-2500
20
8500
30
0
11
-2500
21
9500
31
0
0
LINE
5
24B
330
13
100
AcDbEntity
100
AcDbLine
8
ZEMIN_PLATFORM
10
-1500
20
8500
30
0
11
-1500
21
9500
31
0
0
LINE
5
24C
330
13
100
AcDbEntity
100
AcDbLine
8
ZEMIN_PLATFORM
10
-500
20
8500
30
0
11
-500
21
9500
31
0
0
LINE
5
24D
330
13
100
AcDbEntity
100
AcDbLine
8
ZEMIN_PLATFORM
10
500
20
8500
30
0
11
500
21
9500
31
0
0
LINE
5
24E
330
13
100
AcDbEntity
100
AcDbLine
8
ZEMIN_PLATFORM
10
1500
20
8500
30
0
11
1500
21
9500
31
0
0
LINE
5
24F
330
13
100
AcDbEntity
100
AcDbLine
8
ZEMIN_PLATFORM
10
2500
20
8500
30
0
11
2500
21
9500
31
0
0
LINE
5
250
330
13
100
AcDbEntity
100
AcDbLine
8
ZEMIN_PLATFORM
10
3500
20
8500
30
0
11
3500
21
9500
31
0
0
LINE
5
251
330
13
100
AcDbEntity
100
AcDbLine
8
ZEMIN_PLATFORM
10
4500
20
8500
30
0
11
4500
21
9500
31
0
0
LINE
5
252
330
13
100
AcDbEntity
100
AcDbLine
8
ZEMIN_PLATFORM
10
5500
20
8500
30
0
11
5500
21
9500
31
0
0
LINE
5
253
330
13
100
AcDbEntity
100
AcDbLine
8
ZEMIN_PLATFORM
10
6500
20
8500
30
0
11
6500
21
9500
31
0
0
LWPOLYLINE
5
3F9
330
13
100
AcDbEntity
100
AcDbPolyline
8
ZEMIN_PLATFORM
6
ByLayer
62
256
370
-1
90
4
70
1
10
-15000
20
-7400
10
-15000
20
-7000
10
15000
20
-7000
10
15000
20
-7400
0
LINE
5
3FA
330
13
100
AcDbEntity
100
AcDbLine
8
ZEMIN_PLATFORM
10
-15000
20
-7000
30
0
11
15000
21
-7000
31
0
0
LWPOLYLINE
5
47C
330
13
100
AcDbEntity
100
AcDbPolyline
8
ZEMIN_PLATFORM
6
ByLayer
62
256
370
-1
90
4
70
1
10
-10000
20
-14200
10
-10000
20
-14000
10
10000
20
-14000
10
10000
20
-14200
0
LWPOLYLINE
5
4B5
330
13
100
AcDbEntity
100
AcDbPolyline
8
ZEMIN_PLATFORM
6
ByLayer
62
256
370
-1
90
4
70
1
10
-10000
20
-21200
10
-10000
20
-21000
10
10000
20
-21000
10
10000
20
-21200
0
LINE
5
4A
330
13
100
AcDbEntity
100
AcDbLine
8
KORKULUK_KAPI
10
-15000
20
50
30
0
11
-5500
21
50
31
0
0
LINE
5
4B
330
13
100
AcDbEntity
100
AcDbLine
8
KORKULUK_KAPI
10
5500
20
50
30
0
11
15000
21
50
31
0
0
LINE
5
4C
330
13
100
AcDbEntity
100
AcDbLine
8
KORKULUK_KAPI
10
-15000
20
1950
30
0
11
-5500
21
1950
31
0
0
LINE
5
4D
330
13
100
AcDbEntity
100
AcDbLine
8
KORKULUK_KAPI
10
5500
20
1950
30
0
11
15000
21
1950
31
0
0
LINE
5
4E
330
13
100
AcDbEntity
100
AcDbLine
8
KORKULUK_KAPI
10
-15000
20
50
30
0
11
-15000
21
1950
31
0
0
LINE
5
4F
330
13
100
AcDbEntity
100
AcDbLine
8
KORKULUK_KAPI
10
15000
20
50
30
0
11
15000
21
1950
31
0
0
LINE
5
50
330
13
100
AcDbEntity
100
AcDbLine
8
KORKULUK_KAPI
10
-5500
20
1950
30
0
11
5500
21
1950
31
0
0
LINE
5
51
330
13
100
AcDbEntity
100
AcDbLine
8
KORKULUK_KAPI
10
-5500
20
50
30
0
11
-5500
21
1950
31
0
0
LINE
5
52
330
13
100
AcDbEntity
100
AcDbLine
8
KORKULUK_KAPI
10
5500
20
50
30
0
11
5500
21
1950
31
0
0
LWPOLYLINE
5
53
330
13
100
AcDbEntity
100
AcDbPolyline
8
KORKULUK_KAPI
6
ByLayer
62
256
370
-1
90
4
70
1
10
-5500
20
40
10
-5500
20
60
10
-4500
20
60
10
-4500
20
40
0
TEXT
5
54
330
13
100
AcDbEntity
100
AcDbText
8
KORKULUK_KAPI
10
-5000
20
120
30
0
40
100
1
SABIT PANEL (1m)
50
0
7
STANDARD
72
1
11
-5000
21
120
31
0
100
AcDbText
73
0
0
LWPOLYLINE
5
55
330
13
100
AcDbEntity
100
AcDbPolyline
8
KORKULUK_KAPI
6
ByLayer
62
256
370
-1
90
4
70
1
10
4500
20
40
10
4500
20
60
10
5500
20
60
10
5500
20
40
0
TEXT
5
56
330
13
100
AcDbEntity
100
AcDbText
8
KORKULUK_KAPI
10
5000
20
120
30
0
40
100
1
SABIT PANEL (1m)
50
0
7
STANDARD
72
1
11
5000
21
120
31
0
100
AcDbText
73
0
0
LINE
5
57
330
13
100
AcDbEntity
100
AcDbLine
8
KORKULUK_KAPI
10
-5500
20
30
30
0
11
5500
21
30
31
0
0
LINE
5
58
330
13
100
AcDbEntity
100
AcDbLine
8
KORKULUK_KAPI
10
-5500
20
70
30
0
11
5500
21
70
31
0
0
LWPOLYLINE
5
59
330
13
100
AcDbEntity
100
AcDbPolyline
8
KORKULUK_KAPI
6
ByLayer
62
256
370
-1
90
4
70
1
10
-4500
20
18
10
-4500
20
42
10
-3000
20
42
10
-3000
20
18
0
CIRCLE
5
5A
330
13
100
AcDbEntity
100
AcDbCircle
8
KORKULUK_KAPI
10
-3200
20
30
30
0
40
20
0
TEXT
5
5B
330
13
100
AcDbEntity
100
AcDbText
8
KORKULUK_KAPI
10
-3750
20
-90
30
0
40
90
1
KAPI 1 (1.5m)
50
0
7
STANDARD
72
1
11
-3750
21
-90
31
0
100
AcDbText
73
0
0
LWPOLYLINE
5
5C
330
13
100
AcDbEntity
100
AcDbPolyline
8
KORKULUK_KAPI
6
ByLayer
62
256
370
-1
90
4
70
1
10
-3000
20
58
10
-3000
20
82
10
-1500
20
82
10
-1500
20
58
0
CIRCLE
5
5D
330
13
100
AcDbEntity
100
AcDbCircle
8
KORKULUK_KAPI
10
-2800
20
70
30
0
40
20
0
TEXT
5
5E
330
13
100
AcDbEntity
100
AcDbText
8
KORKULUK_KAPI
10
-2250
20
190
30
0
40
90
1
KAPI 2 (1.5m)
50
0
7
STANDARD
72
1
11
-2250
21
190
31
0
100
AcDbText
73
0
0
LWPOLYLINE
5
5F
330
13
100
AcDbEntity
100
AcDbPolyline
8
KORKULUK_KAPI
6
ByLayer
62
256
370
-1
90
4
70
1
10
-1500
20
18
10
-1500
20
42
10
0
20
42
10
0
20
18
0
CIRCLE
5
60
330
13
100
AcDbEntity
100
AcDbCircle
8
KORKULUK_KAPI
10
-200
20
30
30
0
40
20
0
TEXT
5
61
330
13
100
AcDbEntity
100
AcDbText
8
KORKULUK_KAPI
10
-750
20
-90
30
0
40
90
1
KAPI 3 (1.5m)
50
0
7
STANDARD
72
1
11
-750
21
-90
31
0
100
AcDbText
73
0
0
LWPOLYLINE
5
62
330
13
100
AcDbEntity
100
AcDbPolyline
8
KORKULUK_KAPI
6
ByLayer
62
256
370
-1
90
4
70
1
10
0
20
58
10
0
20
82
10
1500
20
82
10
1500
20
58
0
CIRCLE
5
63
330
13
100
AcDbEntity
100
AcDbCircle
8
KORKULUK_KAPI
10
200
20
70
30
0
40
20
0
TEXT
5
64
330
13
100
AcDbEntity
100
AcDbText
8
KORKULUK_KAPI
10
750
20
190
30
0
40
90
1
KAPI 4 (1.5m)
50
0
7
STANDARD
72
1
11
750
21
190
31
0
100
AcDbText
73
0
0
LWPOLYLINE
5
65
330
13
100
AcDbEntity
100
AcDbPolyline
8
KORKULUK_KAPI
6
ByLayer
62
256
370
-1
90
4
70
1
10
1500
20
18
10
1500
20
42
10
3000
20
42
10
3000
20
18
0
CIRCLE
5
66
330
13
100
AcDbEntity
100
AcDbCircle
8
KORKULUK_KAPI
10
2800
20
30
30
0
40
20
0
TEXT
5
67
330
13
100
AcDbEntity
100
AcDbText
8
KORKULUK_KAPI
10
2250
20
-90
30
0
40
90
1
KAPI 5 (1.5m)
50
0
7
STANDARD
72
1
11
2250
21
-90
31
0
100
AcDbText
73
0
0
LWPOLYLINE
5
68
330
13
100
AcDbEntity
100
AcDbPolyline
8
KORKULUK_KAPI
6
ByLayer
62
256
370
-1
90
4
70
1
10
3000
20
58
10
3000
20
82
10
4500
20
82
10
4500
20
58
0
CIRCLE
5
69
330
13
100
AcDbEntity
100
AcDbCircle
8
KORKULUK_KAPI
10
3200
20
70
30
0
40
20
0
TEXT
5
6A
330
13
100
AcDbEntity
100
AcDbText
8
KORKULUK_KAPI
10
3750
20
190
30
0
40
90
1
KAPI 6 (1.5m)
50
0
7
STANDARD
72
1
11
3750
21
190
31
0
100
AcDbText
73
0
0
LINE
5
1EA
330
13
100
AcDbEntity
100
AcDbLine
8
KORKULUK_KAPI
10
-13000
20
4050
30
0
11
7000
21
4050
31
0
0
LINE
5
1EB
330
13
100
AcDbEntity
100
AcDbLine
8
KORKULUK_KAPI
10
-13000
20
4950
30
0
11
7000
21
4950
31
0
0
CIRCLE
5
1EC
330
13
100
AcDbEntity
100
AcDbCircle
8
KORKULUK_KAPI
10
-12500
20
4050
30
0
40
20
0
CIRCLE
5
1ED
330
13
100
AcDbEntity
100
AcDbCircle
8
KORKULUK_KAPI
10
-12500
20
4950
30
0
40
20
0
CIRCLE
5
1EE
330
13
100
AcDbEntity
100
AcDbCircle
8
KORKULUK_KAPI
10
-11000
20
4050
30
0
40
20
0
CIRCLE
5
1EF
330
13
100
AcDbEntity
100
AcDbCircle
8
KORKULUK_KAPI
10
-11000
20
4950
30
0
40
20
0
CIRCLE
5
1F0
330
13
100
AcDbEntity
100
AcDbCircle
8
KORKULUK_KAPI
10
-9500
20
4050
30
0
40
20
0
CIRCLE
5
1F1
330
13
100
AcDbEntity
100
AcDbCircle
8
KORKULUK_KAPI
10
-9500
20
4950
30
0
40
20
0
CIRCLE
5
1F2
330
13
100
AcDbEntity
100
AcDbCircle
8
KORKULUK_KAPI
10
-8000
20
4050
30
0
40
20
0
CIRCLE
5
1F3
330
13
100
AcDbEntity
100
AcDbCircle
8
KORKULUK_KAPI
10
-8000
20
4950
30
0
40
20
0
CIRCLE
5
1F4
330
13
100
AcDbEntity
100
AcDbCircle
8
KORKULUK_KAPI
10
-6500
20
4050
30
0
40
20
0
CIRCLE
5
1F5
330
13
100
AcDbEntity
100
AcDbCircle
8
KORKULUK_KAPI
10
-6500
20
4950
30
0
40
20
0
CIRCLE
5
1F6
330
13
100
AcDbEntity
100
AcDbCircle
8
KORKULUK_KAPI
10
-5000
20
4050
30
0
40
20
0
CIRCLE
5
1F7
330
13
100
AcDbEntity
100
AcDbCircle
8
KORKULUK_KAPI
10
-5000
20
4950
30
0
40
20
0
CIRCLE
5
1F8
330
13
100
AcDbEntity
100
AcDbCircle
8
KORKULUK_KAPI
10
-3500
20
4050
30
0
40
20
0
CIRCLE
5
1F9
330
13
100
AcDbEntity
100
AcDbCircle
8
KORKULUK_KAPI
10
-3500
20
4950
30
0
40
20
0
CIRCLE
5
1FA
330
13
100
AcDbEntity
100
AcDbCircle
8
KORKULUK_KAPI
10
-2000
20
4050
30
0
40
20
0
CIRCLE
5
1FB
330
13
100
AcDbEntity
100
AcDbCircle
8
KORKULUK_KAPI
10
-2000
20
4950
30
0
40
20
0
CIRCLE
5
1FC
330
13
100
AcDbEntity
100
AcDbCircle
8
KORKULUK_KAPI
10
-500
20
4050
30
0
40
20
0
CIRCLE
5
1FD
330
13
100
AcDbEntity
100
AcDbCircle
8
KORKULUK_KAPI
10
-500
20
4950
30
0
40
20
0
CIRCLE
5
1FE
330
13
100
AcDbEntity
100
AcDbCircle
8
KORKULUK_KAPI
10
1000
20
4050
30
0
40
20
0
CIRCLE
5
1FF
330
13
100
AcDbEntity
100
AcDbCircle
8
KORKULUK_KAPI
10
1000
20
4950
30
0
40
20
0
CIRCLE
5
200
330
13
100
AcDbEntity
100
AcDbCircle
8
KORKULUK_KAPI
10
2500
20
4050
30
0
40
20
0
CIRCLE
5
201
330
13
100
AcDbEntity
100
AcDbCircle
8
KORKULUK_KAPI
10
2500
20
4950
30
0
40
20
0
CIRCLE
5
202
330
13
100
AcDbEntity
100
AcDbCircle
8
KORKULUK_KAPI
10
4000
20
4050
30
0
40
20
0
CIRCLE
5
203
330
13
100
AcDbEntity
100
AcDbCircle
8
KORKULUK_KAPI
10
4000
20
4950
30
0
40
20
0
CIRCLE
5
204
330
13
100
AcDbEntity
100
AcDbCircle
8
KORKULUK_KAPI
10
5500
20
4050
30
0
40
20
0
CIRCLE
5
205
330
13
100
AcDbEntity
100
AcDbCircle
8
KORKULUK_KAPI
10
5500
20
4950
30
0
40
20
0
LINE
5
254
330
13
100
AcDbEntity
100
AcDbLine
8
KORKULUK_KAPI
10
-13000
20
8550
30
0
11
7000
21
8550
31
0
0
LINE
5
255
330
13
100
AcDbEntity
100
AcDbLine
8
KORKULUK_KAPI
10
-13000
20
9450
30
0
11
7000
21
9450
31
0
0
CIRCLE
5
256
330
13
100
AcDbEntity
100
AcDbCircle
8
KORKULUK_KAPI
10
-12500
20
8550
30
0
40
20
0
CIRCLE
5
257
330
13
100
AcDbEntity
100
AcDbCircle
8
KORKULUK_KAPI
10
-12500
20
9450
30
0
40
20
0
CIRCLE
5
258
330
13
100
AcDbEntity
100
AcDbCircle
8
KORKULUK_KAPI
10
-11000
20
8550
30
0
40
20
0
CIRCLE
5
259
330
13
100
AcDbEntity
100
AcDbCircle
8
KORKULUK_KAPI
10
-11000
20
9450
30
0
40
20
0
CIRCLE
5
25A
330
13
100
AcDbEntity
100
AcDbCircle
8
KORKULUK_KAPI
10
-9500
20
8550
30
0
40
20
0
CIRCLE
5
25B
330
13
100
AcDbEntity
100
AcDbCircle
8
KORKULUK_KAPI
10
-9500
20
9450
30
0
40
20
0
CIRCLE
5
25C
330
13
100
AcDbEntity
100
AcDbCircle
8
KORKULUK_KAPI
10
-8000
20
8550
30
0
40
20
0
CIRCLE
5
25D
330
13
100
AcDbEntity
100
AcDbCircle
8
KORKULUK_KAPI
10
-8000
20
9450
30
0
40
20
0
CIRCLE
5
25E
330
13
100
AcDbEntity
100
AcDbCircle
8
KORKULUK_KAPI
10
-6500
20
8550
30
0
40
20
0
CIRCLE
5
25F
330
13
100
AcDbEntity
100
AcDbCircle
8
KORKULUK_KAPI
10
-6500
20
9450
30
0
40
20
0
CIRCLE
5
260
330
13
100
AcDbEntity
100
AcDbCircle
8
KORKULUK_KAPI
10
-5000
20
8550
30
0
40
20
0
CIRCLE
5
261
330
13
100
AcDbEntity
100
AcDbCircle
8
KORKULUK_KAPI
10
-5000
20
9450
30
0
40
20
0
CIRCLE
5
262
330
13
100
AcDbEntity
100
AcDbCircle
8
KORKULUK_KAPI
10
-3500
20
8550
30
0
40
20
0
CIRCLE
5
263
330
13
100
AcDbEntity
100
AcDbCircle
8
KORKULUK_KAPI
10
-3500
20
9450
30
0
40
20
0
CIRCLE
5
264
330
13
100
AcDbEntity
100
AcDbCircle
8
KORKULUK_KAPI
10
-2000
20
8550
30
0
40
20
0
CIRCLE
5
265
330
13
100
AcDbEntity
100
AcDbCircle
8
KORKULUK_KAPI
10
-2000
20
9450
30
0
40
20
0
CIRCLE
5
266
330
13
100
AcDbEntity
100
AcDbCircle
8
KORKULUK_KAPI
10
-500
20
8550
30
0
40
20
0
CIRCLE
5
267
330
13
100
AcDbEntity
100
AcDbCircle
8
KORKULUK_KAPI
10
-500
20
9450
30
0
40
20
0
CIRCLE
5
268
330
13
100
AcDbEntity
100
AcDbCircle
8
KORKULUK_KAPI
10
1000
20
8550
30
0
40
20
0
CIRCLE
5
269
330
13
100
AcDbEntity
100
AcDbCircle
8
KORKULUK_KAPI
10
1000
20
9450
30
0
40
20
0
CIRCLE
5
26A
330
13
100
AcDbEntity
100
AcDbCircle
8
KORKULUK_KAPI
10
2500
20
8550
30
0
40
20
0
CIRCLE
5
26B
330
13
100
AcDbEntity
100
AcDbCircle
8
KORKULUK_KAPI
10
2500
20
9450
30
0
40
20
0
CIRCLE
5
26C
330
13
100
AcDbEntity
100
AcDbCircle
8
KORKULUK_KAPI
10
4000
20
8550
30
0
40
20
0
CIRCLE
5
26D
330
13
100
AcDbEntity
100
AcDbCircle
8
KORKULUK_KAPI
10
4000
20
9450
30
0
40
20
0
CIRCLE
5
26E
330
13
100
AcDbEntity
100
AcDbCircle
8
KORKULUK_KAPI
10
5500
20
8550
30
0
40
20
0
CIRCLE
5
26F
330
13
100
AcDbEntity
100
AcDbCircle
8
KORKULUK_KAPI
10
5500
20
9450
30
0
40
20
0
LINE
5
3FB
330
13
100
AcDbEntity
100
AcDbLine
8
KORKULUK_KAPI
10
-15000
20
-5900
30
0
11
-5500
21
-5900
31
0
0
LINE
5
3FC
330
13
100
AcDbEntity
100
AcDbLine
8
KORKULUK_KAPI
10
5500
20
-5900
30
0
11
15000
21
-5900
31
0
0
LINE
5
3FD
330
13
100
AcDbEntity
100
AcDbLine
8
KORKULUK_KAPI
10
-5500
20
-5300
30
0
11
5500
21
-5300
31
0
0
LWPOLYLINE
5
3FE
330
13
100
AcDbEntity
100
AcDbPolyline
8
KORKULUK_KAPI
6
ByLayer
62
256
370
-1
90
4
70
1
10
-4500
20
-6970
10
-4500
20
-5330
10
-3000
20
-5330
10
-3000
20
-6970
0
LINE
5
3FF
330
13
100
AcDbEntity
100
AcDbLine
8
KORKULUK_KAPI
10
-4500
20
-6970
30
0
11
-3000
21
-5330
31
0
0
LINE
5
400
330
13
100
AcDbEntity
100
AcDbLine
8
KORKULUK_KAPI
10
-4500
20
-5330
30
0
11
-3000
21
-6970
31
0
0
LWPOLYLINE
5
401
330
13
100
AcDbEntity
100
AcDbPolyline
8
KORKULUK_KAPI
6
ByLayer
62
256
370
-1
90
4
70
1
10
-3000
20
-6970
10
-3000
20
-5330
10
-1500
20
-5330
10
-1500
20
-6970
0
LINE
5
402
330
13
100
AcDbEntity
100
AcDbLine
8
KORKULUK_KAPI
10
-3000
20
-6970
30
0
11
-1500
21
-5330
31
0
0
LINE
5
403
330
13
100
AcDbEntity
100
AcDbLine
8
KORKULUK_KAPI
10
-3000
20
-5330
30
0
11
-1500
21
-6970
31
0
0
LWPOLYLINE
5
404
330
13
100
AcDbEntity
100
AcDbPolyline
8
KORKULUK_KAPI
6
ByLayer
62
256
370
-1
90
4
70
1
10
-1500
20
-6970
10
-1500
20
-5330
10
0
20
-5330
10
0
20
-6970
0
LINE
5
405
330
13
100
AcDbEntity
100
AcDbLine
8
KORKULUK_KAPI
10
-1500
20
-6970
30
0
11
0
21
-5330
31
0
0
LINE
5
406
330
13
100
AcDbEntity
100
AcDbLine
8
KORKULUK_KAPI
10
-1500
20
-5330
30
0
11
0
21
-6970
31
0
0
LWPOLYLINE
5
407
330
13
100
AcDbEntity
100
AcDbPolyline
8
KORKULUK_KAPI
6
ByLayer
62
256
370
-1
90
4
70
1
10
0
20
-6970
10
0
20
-5330
10
1500
20
-5330
10
1500
20
-6970
0
LINE
5
408
330
13
100
AcDbEntity
100
AcDbLine
8
KORKULUK_KAPI
10
0
20
-6970
30
0
11
1500
21
-5330
31
0
0
LINE
5
409
330
13
100
AcDbEntity
100
AcDbLine
8
KORKULUK_KAPI
10
0
20
-5330
30
0
11
1500
21
-6970
31
0
0
LWPOLYLINE
5
40A
330
13
100
AcDbEntity
100
AcDbPolyline
8
KORKULUK_KAPI
6
ByLayer
62
256
370
-1
90
4
70
1
10
1500
20
-6970
10
1500
20
-5330
10
3000
20
-5330
10
3000
20
-6970
0
LINE
5
40B
330
13
100
AcDbEntity
100
AcDbLine
8
KORKULUK_KAPI
10
1500
20
-6970
30
0
11
3000
21
-5330
31
0
0
LINE
5
40C
330
13
100
AcDbEntity
100
AcDbLine
8
KORKULUK_KAPI
10
1500
20
-5330
30
0
11
3000
21
-6970
31
0
0
LWPOLYLINE
5
40D
330
13
100
AcDbEntity
100
AcDbPolyline
8
KORKULUK_KAPI
6
ByLayer
62
256
370
-1
90
4
70
1
10
3000
20
-6970
10
3000
20
-5330
10
4500
20
-5330
10
4500
20
-6970
0
LINE
5
40E
330
13
100
AcDbEntity
100
AcDbLine
8
KORKULUK_KAPI
10
3000
20
-6970
30
0
11
4500
21
-5330
31
0
0
LINE
5
40F
330
13
100
AcDbEntity
100
AcDbLine
8
KORKULUK_KAPI
10
3000
20
-5330
30
0
11
4500
21
-6970
31
0
0
LINE
5
47D
330
13
100
AcDbEntity
100
AcDbLine
8
KORKULUK_KAPI
10
-10000
20
-13000
30
0
11
10000
21
-13000
31
0
0
LINE
5
4B6
330
13
100
AcDbEntity
100
AcDbLine
8
KORKULUK_KAPI
10
-10000
20
-20000
30
0
11
10000
21
-20000
31
0
0
CIRCLE
5
209
330
13
100
AcDbEntity
100
AcDbCircle
8
CELIK_KIRIS_KOLON
10
-3820
20
4700
30
0
40
70
0
CIRCLE
5
21E
330
13
100
AcDbEntity
100
AcDbCircle
8
CELIK_KIRIS_KOLON
10
-2180
20
4700
30
0
40
70
0
LWPOLYLINE
5
274
330
13
100
AcDbEntity
100
AcDbPolyline
8
CELIK_KIRIS_KOLON
6
ByLayer
62
256
370
-1
90
4
70
1
10
-11000
20
7542.5
10
-11000
20
8500
10
-10800
20
8500
10
-10800
20
7542.5
0
LWPOLYLINE
5
275
330
13
100
AcDbEntity
100
AcDbPolyline
8
CELIK_KIRIS_KOLON
6
ByLayer
62
256
370
-1
90
4
70
1
10
-7000
20
7542.5
10
-7000
20
8500
10
-6800
20
8500
10
-6800
20
7542.5
0
LWPOLYLINE
5
276
330
13
100
AcDbEntity
100
AcDbPolyline
8
CELIK_KIRIS_KOLON
6
ByLayer
62
256
370
-1
90
4
70
1
10
-3000
20
7542.5
10
-3000
20
8500
10
-2800
20
8500
10
-2800
20
7542.5
0
LWPOLYLINE
5
277
330
13
100
AcDbEntity
100
AcDbPolyline
8
CELIK_KIRIS_KOLON
6
ByLayer
62
256
370
-1
90
4
70
1
10
1000
20
7542.5
10
1000
20
8500
10
1200
20
8500
10
1200
20
7542.5
0
LWPOLYLINE
5
278
330
13
100
AcDbEntity
100
AcDbPolyline
8
CELIK_KIRIS_KOLON
6
ByLayer
62
256
370
-1
90
4
70
1
10
5000
20
7542.5
10
5000
20
8500
10
5200
20
8500
10
5200
20
7542.5
0
CIRCLE
5
36B
330
13
100
AcDbEntity
100
AcDbCircle
8
CELIK_KIRIS_KOLON
10
-11500
20
13700
30
0
40
70
0
CIRCLE
5
380
330
13
100
AcDbEntity
100
AcDbCircle
8
CELIK_KIRIS_KOLON
10
-6500
20
13700
30
0
40
70
0
CIRCLE
5
6B
330
13
100
AcDbEntity
100
AcDbCircle
8
MONTAJ_BORULARI
10
-12000
20
1350
30
0
40
200
0
CIRCLE
5
6C
330
13
100
AcDbEntity
100
AcDbCircle
8
MONTAJ_BORULARI
10
-12000
20
1350
30
0
40
270
0
LINE
5
6D
330
13
100
AcDbEntity
100
AcDbLine
8
MONTAJ_BORULARI
10
-12350
20
1350
30
0
11
-11650
21
1350
31
0
0
LINE
5
6E
330
13
100
AcDbEntity
100
AcDbLine
8
MONTAJ_BORULARI
10
-12000
20
1000
30
0
11
-12000
21
1700
31
0
0
CIRCLE
5
6F
330
13
100
AcDbEntity
100
AcDbCircle
8
MONTAJ_BORULARI
10
-6000
20
1350
30
0
40
200
0
CIRCLE
5
70
330
13
100
AcDbEntity
100
AcDbCircle
8
MONTAJ_BORULARI
10
-6000
20
1350
30
0
40
270
0
LINE
5
71
330
13
100
AcDbEntity
100
AcDbLine
8
MONTAJ_BORULARI
10
-6350
20
1350
30
0
11
-5650
21
1350
31
0
0
LINE
5
72
330
13
100
AcDbEntity
100
AcDbLine
8
MONTAJ_BORULARI
10
-6000
20
1000
30
0
11
-6000
21
1700
31
0
0
CIRCLE
5
73
330
13
100
AcDbEntity
100
AcDbCircle
8
MONTAJ_BORULARI
10
0
20
1350
30
0
40
200
0
CIRCLE
5
74
330
13
100
AcDbEntity
100
AcDbCircle
8
MONTAJ_BORULARI
10
0
20
1350
30
0
40
270
0
LINE
5
75
330
13
100
AcDbEntity
100
AcDbLine
8
MONTAJ_BORULARI
10
-350
20
1350
30
0
11
350
21
1350
31
0
0
LINE
5
76
330
13
100
AcDbEntity
100
AcDbLine
8
MONTAJ_BORULARI
10
0
20
1000
30
0
11
0
21
1700
31
0
0
CIRCLE
5
77
330
13
100
AcDbEntity
100
AcDbCircle
8
MONTAJ_BORULARI
10
6000
20
1350
30
0
40
200
0
CIRCLE
5
78
330
13
100
AcDbEntity
100
AcDbCircle
8
MONTAJ_BORULARI
10
6000
20
1350
30
0
40
270
0
LINE
5
79
330
13
100
AcDbEntity
100
AcDbLine
8
MONTAJ_BORULARI
10
5650
20
1350
30
0
11
6350
21
1350
31
0
0
LINE
5
7A
330
13
100
AcDbEntity
100
AcDbLine
8
MONTAJ_BORULARI
10
6000
20
1000
30
0
11
6000
21
1700
31
0
0
CIRCLE
5
7B
330
13
100
AcDbEntity
100
AcDbCircle
8
MONTAJ_BORULARI
10
12000
20
1350
30
0
40
200
0
CIRCLE
5
7C
330
13
100
AcDbEntity
100
AcDbCircle
8
MONTAJ_BORULARI
10
12000
20
1350
30
0
40
270
0
LINE
5
7D
330
13
100
AcDbEntity
100
AcDbLine
8
MONTAJ_BORULARI
10
11650
20
1350
30
0
11
12350
21
1350
31
0
0
LINE
5
7E
330
13
100
AcDbEntity
100
AcDbLine
8
MONTAJ_BORULARI
10
12000
20
1000
30
0
11
12000
21
1700
31
0
0
CIRCLE
5
19B
330
13
100
AcDbEntity
100
AcDbCircle
8
MONTAJ_BORULARI
10
-2200.5
20
1609.9999999999998
30
0
40
32
0
LWPOLYLINE
5
19C
330
13
100
AcDbEntity
100
AcDbPolyline
8
MONTAJ_BORULARI
6
ByLayer
62
256
370
-1
90
4
70
1
10
-2290.5
20
1519.9999999999998
10
-2290.5
20
1699.9999999999998
10
-2110.5
20
1699.9999999999998
10
-2110.5
20
1519.9999999999998
0
CIRCLE
5
19D
330
13
100
AcDbEntity
100
AcDbCircle
8
MONTAJ_BORULARI
10
-2200.5
20
1430
30
0
40
32
0
LWPOLYLINE
5
19E
330
13
100
AcDbEntity
100
AcDbPolyline
8
MONTAJ_BORULARI
6
ByLayer
62
256
370
-1
90
4
70
1
10
-2290.5
20
1340
10
-2290.5
20
1520
10
-2110.5
20
1520
10
-2110.5
20
1340
0
CIRCLE
5
19F
330
13
100
AcDbEntity
100
AcDbCircle
8
MONTAJ_BORULARI
10
-2200.5
20
1250
30
0
40
32
0
LWPOLYLINE
5
1A0
330
13
100
AcDbEntity
100
AcDbPolyline
8
MONTAJ_BORULARI
6
ByLayer
62
256
370
-1
90
4
70
1
10
-2290.5
20
1160
10
-2290.5
20
1340
10
-2110.5
20
1340
10
-2110.5
20
1160
0
CIRCLE
5
1A1
330
13
100
AcDbEntity
100
AcDbCircle
8
MONTAJ_BORULARI
10
-2200.5
20
1069.9999999999998
30
0
40
32
0
LWPOLYLINE
5
1A2
330
13
100
AcDbEntity
100
AcDbPolyline
8
MONTAJ_BORULARI
6
ByLayer
62
256
370
-1
90
4
70
1
10
-2290.5
20
979.9999999999998
10
-2290.5
20
1159.9999999999998
10
-2110.5
20
1159.9999999999998
10
-2110.5
20
979.9999999999998
0
CIRCLE
5
1A3
330
13
100
AcDbEntity
100
AcDbCircle
8
MONTAJ_BORULARI
10
-2200.5
20
889.9999999999999
30
0
40
32
0
LWPOLYLINE
5
1A4
330
13
100
AcDbEntity
100
AcDbPolyline
8
MONTAJ_BORULARI
6
ByLayer
62
256
370
-1
90
4
70
1
10
-2290.5
20
799.9999999999999
10
-2290.5
20
979.9999999999999
10
-2110.5
20
979.9999999999999
10
-2110.5
20
799.9999999999999
0
CIRCLE
5
1A5
330
13
100
AcDbEntity
100
AcDbCircle
8
MONTAJ_BORULARI
10
-2200.5
20
710
30
0
40
32
0
LWPOLYLINE
5
1A6
330
13
100
AcDbEntity
100
AcDbPolyline
8
MONTAJ_BORULARI
6
ByLayer
62
256
370
-1
90
4
70
1
10
-2290.5
20
620
10
-2290.5
20
800
10
-2110.5
20
800
10
-2110.5
20
620
0
CIRCLE
5
1A7
330
13
100
AcDbEntity
100
AcDbCircle
8
MONTAJ_BORULARI
10
-840.4999999999999
20
1520
30
0
40
32
0
LWPOLYLINE
5
1A8
330
13
100
AcDbEntity
100
AcDbPolyline
8
MONTAJ_BORULARI
6
ByLayer
62
256
370
-1
90
4
70
1
10
-930.4999999999999
20
1430
10
-930.4999999999999
20
1610
10
-750.4999999999999
20
1610
10
-750.4999999999999
20
1430
0
CIRCLE
5
1A9
330
13
100
AcDbEntity
100
AcDbCircle
8
MONTAJ_BORULARI
10
-840.4999999999999
20
1339.9999999999998
30
0
40
32
0
LWPOLYLINE
5
1AA
330
13
100
AcDbEntity
100
AcDbPolyline
8
MONTAJ_BORULARI
6
ByLayer
62
256
370
-1
90
4
70
1
10
-930.4999999999999
20
1249.9999999999998
10
-930.4999999999999
20
1429.9999999999998
10
-750.4999999999999
20
1429.9999999999998
10
-750.4999999999999
20
1249.9999999999998
0
CIRCLE
5
1AB
330
13
100
AcDbEntity
100
AcDbCircle
8
MONTAJ_BORULARI
10
-840.4999999999999
20
1160
30
0
40
32
0
LWPOLYLINE
5
1AC
330
13
100
AcDbEntity
100
AcDbPolyline
8
MONTAJ_BORULARI
6
ByLayer
62
256
370
-1
90
4
70
1
10
-930.4999999999999
20
1070
10
-930.4999999999999
20
1250
10
-750.4999999999999
20
1250
10
-750.4999999999999
20
1070
0
CIRCLE
5
1AD
330
13
100
AcDbEntity
100
AcDbCircle
8
MONTAJ_BORULARI
10
-840.4999999999999
20
980
30
0
40
32
0
LWPOLYLINE
5
1AE
330
13
100
AcDbEntity
100
AcDbPolyline
8
MONTAJ_BORULARI
6
ByLayer
62
256
370
-1
90
4
70
1
10
-930.4999999999999
20
890
10
-930.4999999999999
20
1070
10
-750.4999999999999
20
1070
10
-750.4999999999999
20
890
0
CIRCLE
5
1AF
330
13
100
AcDbEntity
100
AcDbCircle
8
MONTAJ_BORULARI
10
-840.4999999999999
20
799.9999999999999
30
0
40
32
0
LWPOLYLINE
5
1B0
330
13
100
AcDbEntity
100
AcDbPolyline
8
MONTAJ_BORULARI
6
ByLayer
62
256
370
-1
90
4
70
1
10
-930.4999999999999
20
709.9999999999999
10
-930.4999999999999
20
889.9999999999999
10
-750.4999999999999
20
889.9999999999999
10
-750.4999999999999
20
709.9999999999999
0
LWPOLYLINE
5
20A
330
13
100
AcDbEntity
100
AcDbPolyline
8
MONTAJ_BORULARI
6
ByLayer
62
256
370
-1
90
4
70
1
10
-3850
20
4500
10
-3850
20
4700
10
-3790
20
4700
10
-3790
20
4500
0
CIRCLE
5
20B
330
13
100
AcDbEntity
100
AcDbCircle
8
MONTAJ_BORULARI
10
-3820
20
4500
30
0
40
30.15
0
CIRCLE
5
20C
330
13
100
AcDbEntity
100
AcDbCircle
8
MONTAJ_BORULARI
10
-3820
20
4500
30
0
40
38.15
0
LWPOLYLINE
5
20D
330
13
100
AcDbEntity
100
AcDbPolyline
8
MONTAJ_BORULARI
6
ByLayer
62
256
370
-1
90
4
70
1
10
-4060
20
4460
10
-4060
20
4485
10
-3580
20
4485
10
-3580
20
4460
0
LWPOLYLINE
5
21F
330
13
100
AcDbEntity
100
AcDbPolyline
8
MONTAJ_BORULARI
6
ByLayer
62
256
370
-1
90
4
70
1
10
-2210
20
4500
10
-2210
20
4700
10
-2150
20
4700
10
-2150
20
4500
0
CIRCLE
5
220
330
13
100
AcDbEntity
100
AcDbCircle
8
MONTAJ_BORULARI
10
-2180
20
4500
30
0
40
30.15
0
CIRCLE
5
221
330
13
100
AcDbEntity
100
AcDbCircle
8
MONTAJ_BORULARI
10
-2180
20
4500
30
0
40
38.15
0
LWPOLYLINE
5
222
330
13
100
AcDbEntity
100
AcDbPolyline
8
MONTAJ_BORULARI
6
ByLayer
62
256
370
-1
90
4
70
1
10
-2420
20
4460
10
-2420
20
4485
10
-1940
20
4485
10
-1940
20
4460
0
LWPOLYLINE
5
271
330
13
100
AcDbEntity
100
AcDbPolyline
8
MONTAJ_BORULARI
6
ByLayer
62
256
370
-1
90
4
70
1
10
-13000
20
7085.5
10
-13000
20
7542.5
10
7000
20
7542.5
10
7000
20
7085.5
0
LINE
5
272
330
13
100
AcDbEntity
100
AcDbLine
8
MONTAJ_BORULARI
10
-13000
20
7314
30
0
11
7000
21
7314
31
0
0
TEXT
5
273
330
13
100
AcDbEntity
100
AcDbText
8
MONTAJ_BORULARI
10
-8000
20
7314
30
0
40
140
1
CATI UCU TASIYICI SILINDIR BORU (DIA 457mm / O45.7cm, L=20m)
50
0
7
STANDARD
72
0
11
-8000
21
7314
31
0
100
AcDbText
73
2
0
LWPOLYLINE
5
279
330
13
100
AcDbEntity
100
AcDbPolyline
8
MONTAJ_BORULARI
6
ByLayer
62
256
370
-1
90
4
70
1
10
-2860
20
7085.5
10
-2860
20
7542.5
10
-1980
20
7542.5
10
-1980
20
7085.5
0
LINE
5
27A
330
13
100
AcDbEntity
100
AcDbLine
8
MONTAJ_BORULARI
10
-2900
20
7314
30
0
11
-1940
21
7314
31
0
0
LWPOLYLINE
5
2C3
330
13
100
AcDbEntity
100
AcDbPolyline
8
MONTAJ_BORULARI
6
ByLayer
62
256
370
-1
90
4
70
1
10
-2040
20
7085.5
10
-2040
20
7542.5
10
-1160
20
7542.5
10
-1160
20
7085.5
0
LINE
5
2C4
330
13
100
AcDbEntity
100
AcDbLine
8
MONTAJ_BORULARI
10
-2080
20
7314
30
0
11
-1120
21
7314
31
0
0
LWPOLYLINE
5
30D
330
13
100
AcDbEntity
100
AcDbPolyline
8
MONTAJ_BORULARI
6
ByLayer
62
256
370
-1
90
4
70
1
10
-1220
20
7085.5
10
-1220
20
7542.5
10
-340
20
7542.5
10
-340
20
7085.5
0
LINE
5
30E
330
13
100
AcDbEntity
100
AcDbLine
8
MONTAJ_BORULARI
10
-1260
20
7314
30
0
11
-300
21
7314
31
0
0
LWPOLYLINE
5
36C
330
13
100
AcDbEntity
100
AcDbPolyline
8
MONTAJ_BORULARI
6
ByLayer
62
256
370
-1
90
4
70
1
10
-11530
20
13500
10
-11530
20
13700
10
-11470
20
13700
10
-11470
20
13500
0
CIRCLE
5
36D
330
13
100
AcDbEntity
100
AcDbCircle
8
MONTAJ_BORULARI
10
-11500
20
13500
30
0
40
30.15
0
CIRCLE
5
36E
330
13
100
AcDbEntity
100
AcDbCircle
8
MONTAJ_BORULARI
10
-11500
20
13500
30
0
40
38.15
0
LWPOLYLINE
5
36F
330
13
100
AcDbEntity
100
AcDbPolyline
8
MONTAJ_BORULARI
6
ByLayer
62
256
370
-1
90
4
70
1
10
-11740
20
13460
10
-11740
20
13485
10
-11260
20
13485
10
-11260
20
13460
0
LWPOLYLINE
5
381
330
13
100
AcDbEntity
100
AcDbPolyline
8
MONTAJ_BORULARI
6
ByLayer
62
256
370
-1
90
4
70
1
10
-6530
20
13500
10
-6530
20
13700
10
-6470
20
13700
10
-6470
20
13500
0
CIRCLE
5
382
330
13
100
AcDbEntity
100
AcDbCircle
8
MONTAJ_BORULARI
10
-6500
20
13500
30
0
40
30.15
0
CIRCLE
5
383
330
13
100
AcDbEntity
100
AcDbCircle
8
MONTAJ_BORULARI
10
-6500
20
13500
30
0
40
38.15
0
LWPOLYLINE
5
384
330
13
100
AcDbEntity
100
AcDbPolyline
8
MONTAJ_BORULARI
6
ByLayer
62
256
370
-1
90
4
70
1
10
-6740
20
13460
10
-6740
20
13485
10
-6260
20
13485
10
-6260
20
13460
0
LWPOLYLINE
5
39D
330
13
100
AcDbEntity
100
AcDbPolyline
8
MONTAJ_BORULARI
6
ByLayer
62
256
370
-1
90
4
70
1
10
6560
20
13271.5
10
6560
20
13728.5
10
7440
20
13728.5
10
7440
20
13271.5
0
LINE
5
39E
330
13
100
AcDbEntity
100
AcDbLine
8
MONTAJ_BORULARI
10
6520
20
13500
30
0
11
7480
21
13500
31
0
0
LWPOLYLINE
5
410
330
13
100
AcDbEntity
100
AcDbPolyline
8
MONTAJ_BORULARI
6
ByLayer
62
256
370
-1
90
4
70
1
10
-12200
20
-7000
10
-12200
20
-2700
10
-11800
20
-2700
10
-11800
20
-7000
0
LWPOLYLINE
5
411
330
13
100
AcDbEntity
100
AcDbPolyline
8
MONTAJ_BORULARI
6
ByLayer
62
256
370
-1
90
4
70
1
10
-12270
20
-7000
10
-12270
20
-6850
10
-11730
20
-6850
10
-11730
20
-7000
0
LWPOLYLINE
5
412
330
13
100
AcDbEntity
100
AcDbPolyline
8
MONTAJ_BORULARI
6
ByLayer
62
256
370
-1
90
4
70
1
10
-12270
20
-2800
10
-12270
20
-2700
10
-11730
20
-2700
10
-11730
20
-2800
0
LWPOLYLINE
5
413
330
13
100
AcDbEntity
100
AcDbPolyline
8
MONTAJ_BORULARI
6
ByLayer
62
256
370
-1
90
4
70
1
10
-6200
20
-7000
10
-6200
20
-2700
10
-5800
20
-2700
10
-5800
20
-7000
0
LWPOLYLINE
5
414
330
13
100
AcDbEntity
100
AcDbPolyline
8
MONTAJ_BORULARI
6
ByLayer
62
256
370
-1
90
4
70
1
10
-6270
20
-7000
10
-6270
20
-6850
10
-5730
20
-6850
10
-5730
20
-7000
0
LWPOLYLINE
5
415
330
13
100
AcDbEntity
100
AcDbPolyline
8
MONTAJ_BORULARI
6
ByLayer
62
256
370
-1
90
4
70
1
10
-6270
20
-2800
10
-6270
20
-2700
10
-5730
20
-2700
10
-5730
20
-2800
0
LWPOLYLINE
5
416
330
13
100
AcDbEntity
100
AcDbPolyline
8
MONTAJ_BORULARI
6
ByLayer
62
256
370
-1
90
4
70
1
10
-200
20
-7000
10
-200
20
-2700
10
200
20
-2700
10
200
20
-7000
0
LWPOLYLINE
5
417
330
13
100
AcDbEntity
100
AcDbPolyline
8
MONTAJ_BORULARI
6
ByLayer
62
256
370
-1
90
4
70
1
10
-270
20
-7000
10
-270
20
-6850
10
270
20
-6850
10
270
20
-7000
0
LWPOLYLINE
5
418
330
13
100
AcDbEntity
100
AcDbPolyline
8
MONTAJ_BORULARI
6
ByLayer
62
256
370
-1
90
4
70
1
10
-270
20
-2800
10
-270
20
-2700
10
270
20
-2700
10
270
20
-2800
0
LWPOLYLINE
5
419
330
13
100
AcDbEntity
100
AcDbPolyline
8
MONTAJ_BORULARI
6
ByLayer
62
256
370
-1
90
4
70
1
10
5800
20
-7000
10
5800
20
-2700
10
6200
20
-2700
10
6200
20
-7000
0
LWPOLYLINE
5
41A
330
13
100
AcDbEntity
100
AcDbPolyline
8
MONTAJ_BORULARI
6
ByLayer
62
256
370
-1
90
4
70
1
10
5730
20
-7000
10
5730
20
-6850
10
6270
20
-6850
10
6270
20
-7000
0
LWPOLYLINE
5
41B
330
13
100
AcDbEntity
100
AcDbPolyline
8
MONTAJ_BORULARI
6
ByLayer
62
256
370
-1
90
4
70
1
10
5730
20
-2800
10
5730
20
-2700
10
6270
20
-2700
10
6270
20
-2800
0
LWPOLYLINE
5
41C
330
13
100
AcDbEntity
100
AcDbPolyline
8
MONTAJ_BORULARI
6
ByLayer
62
256
370
-1
90
4
70
1
10
11800
20
-7000
10
11800
20
-2700
10
12200
20
-2700
10
12200
20
-7000
0
LWPOLYLINE
5
41D
330
13
100
AcDbEntity
100
AcDbPolyline
8
MONTAJ_BORULARI
6
ByLayer
62
256
370
-1
90
4
70
1
10
11730
20
-7000
10
11730
20
-6850
10
12270
20
-6850
10
12270
20
-7000
0
LWPOLYLINE
5
41E
330
13
100
AcDbEntity
100
AcDbPolyline
8
MONTAJ_BORULARI
6
ByLayer
62
256
370
-1
90
4
70
1
10
11730
20
-2800
10
11730
20
-2700
10
12270
20
-2700
10
12270
20
-2800
0
LWPOLYLINE
5
41F
330
13
100
AcDbEntity
100
AcDbPolyline
8
MONTAJ_BORULARI
6
ByLayer
62
256
370
-1
90
4
70
1
10
-12000
20
-3110
10
-12000
20
-2890
10
12000
20
-2890
10
12000
20
-3110
0
LWPOLYLINE
5
444
330
13
100
AcDbEntity
100
AcDbPolyline
8
MONTAJ_BORULARI
6
ByLayer
62
256
370
-1
90
4
70
1
10
-2010
20
-7000
10
-2010
20
-6985
10
-1830
20
-6985
10
-1830
20
-7000
0
LWPOLYLINE
5
445
330
13
100
AcDbEntity
100
AcDbPolyline
8
MONTAJ_BORULARI
6
ByLayer
62
256
370
-1
90
4
70
1
10
-1950
20
-6985
10
-1950
20
-5300
10
-1890
20
-5300
10
-1890
20
-6985
0
LWPOLYLINE
5
446
330
13
100
AcDbEntity
100
AcDbPolyline
8
MONTAJ_BORULARI
6
ByLayer
62
256
370
-1
90
4
70
1
10
-1970
20
-6208
10
-1970
20
-6112
10
-1950
20
-6112
10
-1950
20
-6208
0
LWPOLYLINE
5
44A
330
13
100
AcDbEntity
100
AcDbPolyline
8
MONTAJ_BORULARI
6
ByLayer
62
256
370
-1
90
4
70
1
10
-1970
20
-5428
10
-1970
20
-5332
10
-1950
20
-5332
10
-1950
20
-5428
0
LWPOLYLINE
5
44E
330
13
100
AcDbEntity
100
AcDbPolyline
8
MONTAJ_BORULARI
6
ByLayer
62
256
370
-1
90
4
70
1
10
-1210
20
-7000
10
-1210
20
-6985
10
-1030
20
-6985
10
-1030
20
-7000
0
LWPOLYLINE
5
44F
330
13
100
AcDbEntity
100
AcDbPolyline
8
MONTAJ_BORULARI
6
ByLayer
62
256
370
-1
90
4
70
1
10
-1150
20
-6985
10
-1150
20
-5300
10
-1090
20
-5300
10
-1090
20
-6985
0
LWPOLYLINE
5
450
330
13
100
AcDbEntity
100
AcDbPolyline
8
MONTAJ_BORULARI
6
ByLayer
62
256
370
-1
90
4
70
1
10
-1090
20
-6208
10
-1090
20
-6112
10
-1070
20
-6112
10
-1070
20
-6208
0
LWPOLYLINE
5
454
330
13
100
AcDbEntity
100
AcDbPolyline
8
MONTAJ_BORULARI
6
ByLayer
62
256
370
-1
90
4
70
1
10
-1090
20
-5408
10
-1090
20
-5302
10
-1070
20
-5302
10
-1070
20
-5408
0
LWPOLYLINE
5
47F
330
13
100
AcDbEntity
100
AcDbPolyline
8
MONTAJ_BORULARI
6
ByLayer
62
256
370
-1
90
4
70
1
10
-3850
20
-13800
10
-3850
20
-10900
10
-3790
20
-10900
10
-3790
20
-13800
0
LWPOLYLINE
5
480
330
13
100
AcDbEntity
100
AcDbPolyline
8
MONTAJ_BORULARI
6
ByLayer
62
256
370
-1
90
4
70
1
10
-2210
20
-13800
10
-2210
20
-10900
10
-2150
20
-10900
10
-2150
20
-13800
0
LWPOLYLINE
5
481
330
13
100
AcDbEntity
100
AcDbPolyline
8
MONTAJ_BORULARI
6
ByLayer
62
256
370
-1
90
4
70
1
10
-3910
20
-13800
10
-3910
20
-13785
10
-3730
20
-13785
10
-3730
20
-13800
0
LWPOLYLINE
5
482
330
13
100
AcDbEntity
100
AcDbPolyline
8
MONTAJ_BORULARI
6
ByLayer
62
256
370
-1
90
4
70
1
10
-3850
20
-13785
10
-3850
20
-10900
10
-3790
20
-10900
10
-3790
20
-13785
0
LWPOLYLINE
5
483
330
13
100
AcDbEntity
100
AcDbPolyline
8
MONTAJ_BORULARI
6
ByLayer
62
256
370
-1
90
4
70
1
10
-3870
20
-13258
10
-3870
20
-13162
10
-3850
20
-13162
10
-3850
20
-13258
0
LWPOLYLINE
5
487
330
13
100
AcDbEntity
100
AcDbPolyline
8
MONTAJ_BORULARI
6
ByLayer
62
256
370
-1
90
4
70
1
10
-3790
20
-13258
10
-3790
20
-13162
10
-3770
20
-13162
10
-3770
20
-13258
0
LWPOLYLINE
5
48B
330
13
100
AcDbEntity
100
AcDbPolyline
8
MONTAJ_BORULARI
6
ByLayer
62
256
370
-1
90
4
70
1
10
-3870
20
-12408
10
-3870
20
-12312
10
-3850
20
-12312
10
-3850
20
-12408
0
LWPOLYLINE
5
48F
330
13
100
AcDbEntity
100
AcDbPolyline
8
MONTAJ_BORULARI
6
ByLayer
62
256
370
-1
90
4
70
1
10
-3790
20
-12408
10
-3790
20
-12312
10
-3770
20
-12312
10
-3770
20
-12408
0
LWPOLYLINE
5
493
330
13
100
AcDbEntity
100
AcDbPolyline
8
MONTAJ_BORULARI
6
ByLayer
62
256
370
-1
90
4
70
1
10
-3870
20
-11558
10
-3870
20
-11462
10
-3850
20
-11462
10
-3850
20
-11558
0
LWPOLYLINE
5
497
330
13
100
AcDbEntity
100
AcDbPolyline
8
MONTAJ_BORULARI
6
ByLayer
62
256
370
-1
90
4
70
1
10
-3790
20
-11558
10
-3790
20
-11462
10
-3770
20
-11462
10
-3770
20
-11558
0
LWPOLYLINE
5
49B
330
13
100
AcDbEntity
100
AcDbPolyline
8
MONTAJ_BORULARI
6
ByLayer
62
256
370
-1
90
4
70
1
10
-2270
20
-13800
10
-2270
20
-13785
10
-2090
20
-13785
10
-2090
20
-13800
0
LWPOLYLINE
5
49C
330
13
100
AcDbEntity
100
AcDbPolyline
8
MONTAJ_BORULARI
6
ByLayer
62
256
370
-1
90
4
70
1
10
-2210
20
-13785
10
-2210
20
-10900
10
-2150
20
-10900
10
-2150
20
-13785
0
LWPOLYLINE
5
49D
330
13
100
AcDbEntity
100
AcDbPolyline
8
MONTAJ_BORULARI
6
ByLayer
62
256
370
-1
90
4
70
1
10
-2230
20
-13258
10
-2230
20
-13162
10
-2210
20
-13162
10
-2210
20
-13258
0
LWPOLYLINE
5
4A1
330
13
100
AcDbEntity
100
AcDbPolyline
8
MONTAJ_BORULARI
6
ByLayer
62
256
370
-1
90
4
70
1
10
-2150
20
-13258
10
-2150
20
-13162
10
-2130
20
-13162
10
-2130
20
-13258
0
LWPOLYLINE
5
4A5
330
13
100
AcDbEntity
100
AcDbPolyline
8
MONTAJ_BORULARI
6
ByLayer
62
256
370
-1
90
4
70
1
10
-2230
20
-12408
10
-2230
20
-12312
10
-2210
20
-12312
10
-2210
20
-12408
0
LWPOLYLINE
5
4A9
330
13
100
AcDbEntity
100
AcDbPolyline
8
MONTAJ_BORULARI
6
ByLayer
62
256
370
-1
90
4
70
1
10
-2150
20
-12408
10
-2150
20
-12312
10
-2130
20
-12312
10
-2130
20
-12408
0
LWPOLYLINE
5
4AD
330
13
100
AcDbEntity
100
AcDbPolyline
8
MONTAJ_BORULARI
6
ByLayer
62
256
370
-1
90
4
70
1
10
-2230
20
-11558
10
-2230
20
-11462
10
-2210
20
-11462
10
-2210
20
-11558
0
LWPOLYLINE
5
4B1
330
13
100
AcDbEntity
100
AcDbPolyline
8
MONTAJ_BORULARI
6
ByLayer
62
256
370
-1
90
4
70
1
10
-2150
20
-11558
10
-2150
20
-11462
10
-2130
20
-11462
10
-2130
20
-11558
0
LWPOLYLINE
5
4B8
330
13
100
AcDbEntity
100
AcDbPolyline
8
MONTAJ_BORULARI
6
ByLayer
62
256
370
-1
90
4
70
1
10
-10000
20
-21450
10
-10000
20
-20993
10
10000
20
-20993
10
10000
20
-21450
0
LINE
5
7F
330
13
100
AcDbEntity
100
AcDbLine
8
YURUYUS_KORIDORU
10
-15000
20
150
30
0
11
15000
21
150
31
0
0
LINE
5
80
330
13
100
AcDbEntity
100
AcDbLine
8
YURUYUS_KORIDORU
10
-15000
20
950
30
0
11
15000
21
950
31
0
0
TEXT
5
81
330
13
100
AcDbEntity
100
AcDbText
8
YURUYUS_KORIDORU
10
0
20
550
30
0
40
180
1
<--- NET YURUYUS KORIDORU (SERBEST GECIS GENISLIGI 800mm) --->
50
0
7
STANDARD
72
1
11
0
21
550
31
0
100
AcDbText
73
0
0
LINE
5
206
330
13
100
AcDbEntity
100
AcDbLine
8
YURUYUS_KORIDORU
10
-13000
20
4100
30
0
11
7000
21
4100
31
0
0
LINE
5
207
330
13
100
AcDbEntity
100
AcDbLine
8
YURUYUS_KORIDORU
10
-13000
20
4900
30
0
11
7000
21
4900
31
0
0
TEXT
5
208
330
13
100
AcDbEntity
100
AcDbText
8
YURUYUS_KORIDORU
10
-3000
20
4500
30
0
40
140
1
<--- ARA KEDI YOLU (Z = 27.43m, NET GECIS GENISLIGI 800mm) --->
50
0
7
STANDARD
72
1
11
-3000
21
4500
31
0
100
AcDbText
73
0
0
TEXT
5
270
330
13
100
AcDbEntity
100
AcDbText
8
YURUYUS_KORIDORU
10
-3000
20
9000
30
0
40
140
1
<--- CATI UCU KEDI YOLU (Z = 44.43m, NET GECIS GENISLIGI 800mm) --->
50
0
7
STANDARD
72
1
11
-3000
21
9000
31
0
100
AcDbText
73
0
0
LINE
5
1B1
330
13
100
AcDbEntity
100
AcDbLine
8
OLCULER
10
-15000
20
0
30
0
11
-15000
21
-1240
31
0
0
LINE
5
1B2
330
13
100
AcDbEntity
100
AcDbLine
8
OLCULER
10
15000
20
0
30
0
11
15000
21
-1240
31
0
0
LINE
5
1B3
330
13
100
AcDbEntity
100
AcDbLine
8
OLCULER
10
-15000
20
-1200
30
0
11
15000
21
-1200
31
0
0
LINE
5
1B4
330
13
100
AcDbEntity
100
AcDbLine
8
OLCULER
10
-15028
20
-1228
30
0
11
-14972
21
-1172
31
0
0
LINE
5
1B5
330
13
100
AcDbEntity
100
AcDbLine
8
OLCULER
10
14972
20
-1228
30
0
11
15028
21
-1172
31
0
0
TEXT
5
1B6
330
13
100
AcDbEntity
100
AcDbText
8
OLCULER
10
0
20
-1284
30
0
40
60
1
30000 mm (ZEMIN KEDI YOLU BOYU)
50
0
7
STANDARD
72
1
11
0
21
-1284
31
0
100
AcDbText
73
2
0
LINE
5
1B7
330
13
100
AcDbEntity
100
AcDbLine
8
OLCULER
10
-5500
20
0
30
0
11
-5500
21
-640
31
0
0
LINE
5
1B8
330
13
100
AcDbEntity
100
AcDbLine
8
OLCULER
10
5500
20
0
30
0
11
5500
21
-640
31
0
0
LINE
5
1B9
330
13
100
AcDbEntity
100
AcDbLine
8
OLCULER
10
-5500
20
-600
30
0
11
5500
21
-600
31
0
0
LINE
5
1BA
330
13
100
AcDbEntity
100
AcDbLine
8
OLCULER
10
-5528
20
-628
30
0
11
-5472
21
-572
31
0
0
LINE
5
1BB
330
13
100
AcDbEntity
100
AcDbLine
8
OLCULER
10
5472
20
-628
30
0
11
5528
21
-572
31
0
0
TEXT
5
1BC
330
13
100
AcDbEntity
100
AcDbText
8
OLCULER
10
0
20
-684
30
0
40
60
1
11000 mm (OZEL KORUMALI ALAN)
50
0
7
STANDARD
72
1
11
0
21
-684
31
0
100
AcDbText
73
2
0
LINE
5
1BD
330
13
100
AcDbEntity
100
AcDbLine
8
OLCULER
10
-12000
20
2000
30
0
11
-12000
21
2640
31
0
0
LINE
5
1BE
330
13
100
AcDbEntity
100
AcDbLine
8
OLCULER
10
-6000
20
2000
30
0
11
-6000
21
2640
31
0
0
LINE
5
1BF
330
13
100
AcDbEntity
100
AcDbLine
8
OLCULER
10
-12000
20
2600
30
0
11
-6000
21
2600
31
0
0
LINE
5
1C0
330
13
100
AcDbEntity
100
AcDbLine
8
OLCULER
10
-12028
20
2572
30
0
11
-11972
21
2628
31
0
0
LINE
5
1C1
330
13
100
AcDbEntity
100
AcDbLine
8
OLCULER
10
-6028
20
2572
30
0
11
-5972
21
2628
31
0
0
TEXT
5
1C2
330
13
100
AcDbEntity
100
AcDbText
8
OLCULER
10
-9000
20
2624
30
0
40
60
1
6000 mm
50
0
7
STANDARD
72
1
11
-9000
21
2624
31
0
100
AcDbText
73
2
0
LINE
5
1C3
330
13
100
AcDbEntity
100
AcDbLine
8
OLCULER
10
-6000
20
2000
30
0
11
-6000
21
2640
31
0
0
LINE
5
1C4
330
13
100
AcDbEntity
100
AcDbLine
8
OLCULER
10
0
20
2000
30
0
11
0
21
2640
31
0
0
LINE
5
1C5
330
13
100
AcDbEntity
100
AcDbLine
8
OLCULER
10
-6000
20
2600
30
0
11
0
21
2600
31
0
0
LINE
5
1C6
330
13
100
AcDbEntity
100
AcDbLine
8
OLCULER
10
-6028
20
2572
30
0
11
-5972
21
2628
31
0
0
LINE
5
1C7
330
13
100
AcDbEntity
100
AcDbLine
8
OLCULER
10
-28
20
2572
30
0
11
28
21
2628
31
0
0
TEXT
5
1C8
330
13
100
AcDbEntity
100
AcDbText
8
OLCULER
10
-3000
20
2624
30
0
40
60
1
6000 mm
50
0
7
STANDARD
72
1
11
-3000
21
2624
31
0
100
AcDbText
73
2
0
LINE
5
1C9
330
13
100
AcDbEntity
100
AcDbLine
8
OLCULER
10
0
20
2000
30
0
11
0
21
2640
31
0
0
LINE
5
1CA
330
13
100
AcDbEntity
100
AcDbLine
8
OLCULER
10
6000
20
2000
30
0
11
6000
21
2640
31
0
0
LINE
5
1CB
330
13
100
AcDbEntity
100
AcDbLine
8
OLCULER
10
0
20
2600
30
0
11
6000
21
2600
31
0
0
LINE
5
1CC
330
13
100
AcDbEntity
100
AcDbLine
8
OLCULER
10
-28
20
2572
30
0
11
28
21
2628
31
0
0
LINE
5
1CD
330
13
100
AcDbEntity
100
AcDbLine
8
OLCULER
10
5972
20
2572
30
0
11
6028
21
2628
31
0
0
TEXT
5
1CE
330
13
100
AcDbEntity
100
AcDbText
8
OLCULER
10
3000
20
2624
30
0
40
60
1
6000 mm
50
0
7
STANDARD
72
1
11
3000
21
2624
31
0
100
AcDbText
73
2
0
LINE
5
1CF
330
13
100
AcDbEntity
100
AcDbLine
8
OLCULER
10
6000
20
2000
30
0
11
6000
21
2640
31
0
0
LINE
5
1D0
330
13
100
AcDbEntity
100
AcDbLine
8
OLCULER
10
12000
20
2000
30
0
11
12000
21
2640
31
0
0
LINE
5
1D1
330
13
100
AcDbEntity
100
AcDbLine
8
OLCULER
10
6000
20
2600
30
0
11
12000
21
2600
31
0
0
LINE
5
1D2
330
13
100
AcDbEntity
100
AcDbLine
8
OLCULER
10
5972
20
2572
30
0
11
6028
21
2628
31
0
0
LINE
5
1D3
330
13
100
AcDbEntity
100
AcDbLine
8
OLCULER
10
11972
20
2572
30
0
11
12028
21
2628
31
0
0
TEXT
5
1D4
330
13
100
AcDbEntity
100
AcDbText
8
OLCULER
10
9000
20
2624
30
0
40
60
1
6000 mm
50
0
7
STANDARD
72
1
11
9000
21
2624
31
0
100
AcDbText
73
2
0
LINE
5
233
330
13
100
AcDbEntity
100
AcDbLine
8
OLCULER
10
-13000
20
4000
30
0
11
-13000
21
3460
31
0
0
LINE
5
234
330
13
100
AcDbEntity
100
AcDbLine
8
OLCULER
10
7000
20
4000
30
0
11
7000
21
3460
31
0
0
LINE
5
235
330
13
100
AcDbEntity
100
AcDbLine
8
OLCULER
10
-13000
20
3500
30
0
11
7000
21
3500
31
0
0
LINE
5
236
330
13
100
AcDbEntity
100
AcDbLine
8
OLCULER
10
-13028
20
3472
30
0
11
-12972
21
3528
31
0
0
LINE
5
237
330
13
100
AcDbEntity
100
AcDbLine
8
OLCULER
10
6972
20
3472
30
0
11
7028
21
3528
31
0
0
TEXT
5
238
330
13
100
AcDbEntity
100
AcDbText
8
OLCULER
10
-3000
20
3416
30
0
40
60
1
20000 mm (ARA KEDI YOLU BOYU)
50
0
7
STANDARD
72
1
11
-3000
21
3416
31
0
100
AcDbText
73
2
0
LINE
5
239
330
13
100
AcDbEntity
100
AcDbLine
8
OLCULER
10
-3820
20
5200
30
0
11
-3820
21
5640
31
0
0
LINE
5
23A
330
13
100
AcDbEntity
100
AcDbLine
8
OLCULER
10
-2180
20
5200
30
0
11
-2180
21
5640
31
0
0
LINE
5
23B
330
13
100
AcDbEntity
100
AcDbLine
8
OLCULER
10
-3820
20
5600
30
0
11
-2180
21
5600
31
0
0
LINE
5
23C
330
13
100
AcDbEntity
100
AcDbLine
8
OLCULER
10
-3848
20
5572
30
0
11
-3792
21
5628
31
0
0
LINE
5
23D
330
13
100
AcDbEntity
100
AcDbLine
8
OLCULER
10
-2208
20
5572
30
0
11
-2152
21
5628
31
0
0
TEXT
5
23E
330
13
100
AcDbEntity
100
AcDbText
8
OLCULER
10
-3000
20
5624
30
0
40
60
1
1640 mm (BORULAR ARASI MESAFE)
50
0
7
STANDARD
72
1
11
-3000
21
5624
31
0
100
AcDbText
73
2
0
LINE
5
357
330
13
100
AcDbEntity
100
AcDbLine
8
OLCULER
10
-13000
20
9700
30
0
11
-13000
21
10140
31
0
0
LINE
5
358
330
13
100
AcDbEntity
100
AcDbLine
8
OLCULER
10
7000
20
9700
30
0
11
7000
21
10140
31
0
0
LINE
5
359
330
13
100
AcDbEntity
100
AcDbLine
8
OLCULER
10
-13000
20
10100
30
0
11
7000
21
10100
31
0
0
LINE
5
35A
330
13
100
AcDbEntity
100
AcDbLine
8
OLCULER
10
-13028
20
10072
30
0
11
-12972
21
10128
31
0
0
LINE
5
35B
330
13
100
AcDbEntity
100
AcDbLine
8
OLCULER
10
6972
20
10072
30
0
11
7028
21
10128
31
0
0
TEXT
5
35C
330
13
100
AcDbEntity
100
AcDbText
8
OLCULER
10
-3000
20
10124
30
0
40
60
1
20000 mm (CATI UCU KEDI YOLU BOYU)
50
0
7
STANDARD
72
1
11
-3000
21
10124
31
0
100
AcDbText
73
2
0
LINE
5
35D
330
13
100
AcDbEntity
100
AcDbLine
8
OLCULER
10
-2420
20
6814
30
0
11
-2420
21
6474
31
0
0
LINE
5
35E
330
13
100
AcDbEntity
100
AcDbLine
8
OLCULER
10
-1600
20
6814
30
0
11
-1600
21
6474
31
0
0
LINE
5
35F
330
13
100
AcDbEntity
100
AcDbLine
8
OLCULER
10
-2420
20
6514
30
0
11
-1600
21
6514
31
0
0
LINE
5
360
330
13
100
AcDbEntity
100
AcDbLine
8
OLCULER
10
-2448
20
6486
30
0
11
-2392
21
6542
31
0
0
LINE
5
361
330
13
100
AcDbEntity
100
AcDbLine
8
OLCULER
10
-1628
20
6486
30
0
11
-1572
21
6542
31
0
0
TEXT
5
362
330
13
100
AcDbEntity
100
AcDbText
8
OLCULER
10
-2010
20
6430
30
0
40
60
1
820 mm
50
0
7
STANDARD
72
1
11
-2010
21
6430
31
0
100
AcDbText
73
2
0
LINE
5
363
330
13
100
AcDbEntity
100
AcDbLine
8
OLCULER
10
-1600
20
6814
30
0
11
-1600
21
6474
31
0
0
LINE
5
364
330
13
100
AcDbEntity
100
AcDbLine
8
OLCULER
10
-780
20
6814
30
0
11
-780
21
6474
31
0
0
LINE
5
365
330
13
100
AcDbEntity
100
AcDbLine
8
OLCULER
10
-1600
20
6514
30
0
11
-780
21
6514
31
0
0
LINE
5
366
330
13
100
AcDbEntity
100
AcDbLine
8
OLCULER
10
-1628
20
6486
30
0
11
-1572
21
6542
31
0
0
LINE
5
367
330
13
100
AcDbEntity
100
AcDbLine
8
OLCULER
10
-808
20
6486
30
0
11
-752
21
6542
31
0
0
TEXT
5
368
330
13
100
AcDbEntity
100
AcDbText
8
OLCULER
10
-1190
20
6430
30
0
40
60
1
820 mm
50
0
7
STANDARD
72
1
11
-1190
21
6430
31
0
100
AcDbText
73
2
0
LINE
5
395
330
13
100
AcDbEntity
100
AcDbLine
8
OLCULER
10
-11500
20
14700
30
0
11
-11500
21
15140
31
0
0
LINE
5
396
330
13
100
AcDbEntity
100
AcDbLine
8
OLCULER
10
-6500
20
14700
30
0
11
-6500
21
15140
31
0
0
LINE
5
397
330
13
100
AcDbEntity
100
AcDbLine
8
OLCULER
10
-11500
20
15100
30
0
11
-6500
21
15100
31
0
0
LINE
5
398
330
13
100
AcDbEntity
100
AcDbLine
8
OLCULER
10
-11528
20
15072
30
0
11
-11472
21
15128
31
0
0
LINE
5
399
330
13
100
AcDbEntity
100
AcDbLine
8
OLCULER
10
-6528
20
15072
30
0
11
-6472
21
15128
31
0
0
TEXT
5
39A
330
13
100
AcDbEntity
100
AcDbText
8
OLCULER
10
-9000
20
15124
30
0
40
60
1
5000 mm (MAKAS DIKME AKSI ACIKLIGI)
50
0
7
STANDARD
72
1
11
-9000
21
15124
31
0
100
AcDbText
73
2
0
LINE
5
3E7
330
13
100
AcDbEntity
100
AcDbLine
8
OLCULER
10
6640
20
13900
30
0
11
6640
21
14240
31
0
0
LINE
5
3E8
330
13
100
AcDbEntity
100
AcDbLine
8
OLCULER
10
7360
20
13900
30
0
11
7360
21
14240
31
0
0
LINE
5
3E9
330
13
100
AcDbEntity
100
AcDbLine
8
OLCULER
10
6640
20
14200
30
0
11
7360
21
14200
31
0
0
LINE
5
3EA
330
13
100
AcDbEntity
100
AcDbLine
8
OLCULER
10
6612
20
14172
30
0
11
6668
21
14228
31
0
0
LINE
5
3EB
330
13
100
AcDbEntity
100
AcDbLine
8
OLCULER
10
7332
20
14172
30
0
11
7388
21
14228
31
0
0
TEXT
5
3EC
330
13
100
AcDbEntity
100
AcDbText
8
OLCULER
10
7000
20
14224
30
0
40
60
1
720 mm (RAF BOYU)
50
0
7
STANDARD
72
1
11
7000
21
14224
31
0
100
AcDbText
73
2
0
LINE
5
3ED
330
13
100
AcDbEntity
100
AcDbLine
8
OLCULER
10
6640
20
13230
30
0
11
6200
21
13230
31
0
0
LINE
5
3EE
330
13
100
AcDbEntity
100
AcDbLine
8
OLCULER
10
6640
20
13770
30
0
11
6200
21
13770
31
0
0
LINE
5
3EF
330
13
100
AcDbEntity
100
AcDbLine
8
OLCULER
10
6240
20
13230
30
0
11
6240
21
13770
31
0
0
LINE
5
3F0
330
13
100
AcDbEntity
100
AcDbLine
8
OLCULER
10
6212
20
13202
30
0
11
6268
21
13258
31
0
0
LINE
5
3F1
330
13
100
AcDbEntity
100
AcDbLine
8
OLCULER
10
6212
20
13742
30
0
11
6268
21
13798
31
0
0
TEXT
5
3F2
330
13
100
AcDbEntity
100
AcDbText
8
OLCULER
10
6198
20
13500
30
0
40
60
1
540 mm (RAF DERINLIGI)
50
90
7
STANDARD
72
1
11
6198
21
13500
31
0
100
AcDbText
73
2
0
LINE
5
3F3
330
13
100
AcDbEntity
100
AcDbLine
8
OLCULER
10
6800
20
13100
30
0
11
6800
21
12760
31
0
0
LINE
5
3F4
330
13
100
AcDbEntity
100
AcDbLine
8
OLCULER
10
7200
20
13100
30
0
11
7200
21
12760
31
0
0
LINE
5
3F5
330
13
100
AcDbEntity
100
AcDbLine
8
OLCULER
10
6800
20
12800
30
0
11
7200
21
12800
31
0
0
LINE
5
3F6
330
13
100
AcDbEntity
100
AcDbLine
8
OLCULER
10
6772
20
12772
30
0
11
6828
21
12828
31
0
0
LINE
5
3F7
330
13
100
AcDbEntity
100
AcDbLine
8
OLCULER
10
7172
20
12772
30
0
11
7228
21
12828
31
0
0
TEXT
5
3F8
330
13
100
AcDbEntity
100
AcDbText
8
OLCULER
10
7000
20
12716
30
0
40
60
1
400 mm (CEMBERLER ARASI)
50
0
7
STANDARD
72
1
11
7000
21
12716
31
0
100
AcDbText
73
2
0
TEXT
5
21D
330
13
100
AcDbEntity
100
AcDbText
8
METIN_BILGI
10
-3820
20
4630
30
0
40
45
1
SOL DIREK (4 TCELL + 3 VDF RRU)
50
0
7
STANDARD
72
1
11
-3820
21
4630
31
0
100
AcDbText
73
2
0
TEXT
5
232
330
13
100
AcDbEntity
100
AcDbText
8
METIN_BILGI
10
-2180
20
4630
30
0
40
45
1
SAG DIREK (4 TT + 3 VDF RRU)
50
0
7
STANDARD
72
1
11
-2180
21
4630
31
0
100
AcDbText
73
2
0
TEXT
5
2C2
330
13
100
AcDbEntity
100
AcDbText
8
METIN_BILGI
10
-2420
20
7004
30
0
40
45
1
SET 1 (SOL POI RAFI - TCELL & TT 5G)
50
0
7
STANDARD
72
1
11
-2420
21
7004
31
0
100
AcDbText
73
2
0
TEXT
5
30C
330
13
100
AcDbEntity
100
AcDbText
8
METIN_BILGI
10
-1600
20
7004
30
0
40
45
1
SET 2 (ORTA POI RAFI - TCELL & TT 5G)
50
0
7
STANDARD
72
1
11
-1600
21
7004
31
0
100
AcDbText
73
2
0
TEXT
5
356
330
13
100
AcDbEntity
100
AcDbText
8
METIN_BILGI
10
-780
20
7004
30
0
40
45
1
SET 3 (SAG POI RAFI - VDF & AUX 5G)
50
0
7
STANDARD
72
1
11
-780
21
7004
31
0
100
AcDbText
73
2
0
LWPOLYLINE
5
369
330
13
100
AcDbEntity
100
AcDbPolyline
8
METIN_BILGI
6
ByLayer
62
256
370
-1
90
4
70
1
10
-15500
20
11300
10
-15500
20
15700
10
-1500
20
15700
10
-1500
20
11300
0
TEXT
5
36A
330
13
100
AcDbEntity
100
AcDbText
8
METIN_BILGI
10
-15000
20
15400
30
0
40
180
1
DETAY A: KEDI YOLU 20CM OFSETLI MONTAJ BORULARI VE 14 ADET RRU YERLESIMI
50
0
7
STANDARD
100
AcDbText
0
TEXT
5
37F
330
13
100
AcDbEntity
100
AcDbText
8
METIN_BILGI
10
-11500
20
13630
30
0
40
45
1
SOL DIREK (4 TURKCELL + 3 VODAFONE RRU)
50
0
7
STANDARD
72
1
11
-11500
21
13630
31
0
100
AcDbText
73
2
0
TEXT
5
394
330
13
100
AcDbEntity
100
AcDbText
8
METIN_BILGI
10
-6500
20
13630
30
0
40
45
1
SAG DIREK (4 TURK TELEKOM + 3 VODAFONE RRU)
50
0
7
STANDARD
72
1
11
-6500
21
13630
31
0
100
AcDbText
73
2
0
LWPOLYLINE
5
39B
330
13
100
AcDbEntity
100
AcDbPolyline
8
METIN_BILGI
6
ByLayer
62
256
370
-1
90
4
70
1
10
0
20
11300
10
0
20
15700
10
14000
20
15700
10
14000
20
11300
0
TEXT
5
39C
330
13
100
AcDbEntity
100
AcDbText
8
METIN_BILGI
10
500
20
15400
30
0
40
180
1
DETAY B: O45.7CM SILINDIR UZERI CEMBER SABITLEMELI YATAY 2x POI RAFI VE PROSE MODULLERI
50
0
7
STANDARD
100
AcDbText
0
TEXT
5
3E6
330
13
100
AcDbEntity
100
AcDbText
8
METIN_BILGI
10
7000
20
13190
30
0
40
45
1
TIP-1: YATAY 2x PROSE CB-12-POI-64F-A12 MODULU (12 BTS + 4 ANT PORT)
50
0
7
STANDARD
72
1
11
7000
21
13190
31
0
100
AcDbText
73
2
0
TEXT
5
47E
330
13
100
AcDbEntity
100
AcDbText
8
METIN_BILGI
10
-3000
20
-12800
30
0
40
180
1
ARA KEDI YOLU VE 20CM OFSET BORULARINDA 14 RRU KESITI (KOT +8.60m)
50
0
7
STANDARD
72
1
11
-3000
21
-12800
31
0
100
AcDbText
73
0
0
TEXT
5
4B7
330
13
100
AcDbEntity
100
AcDbText
8
METIN_BILGI
10
-3000
20
-19800
30
0
40
180
1
CATI UCU KEDI YOLU VE O45.7CM SILINDIR UZERI YATAY 3 SET POI GORUNUSU (KOT +5.75m)
50
0
7
STANDARD
72
1
11
-3000
21
-19800
31
0
100
AcDbText
73
0
0
TEXT
5
4BC
330
13
100
AcDbEntity
100
AcDbText
8
METIN_BILGI
10
-2420
20
-20820
30
0
40
70
1
SET 1 (2x POI)
50
0
7
STANDARD
72
1
11
-2420
21
-20820
31
0
100
AcDbText
73
0
0
TEXT
5
4C0
330
13
100
AcDbEntity
100
AcDbText
8
METIN_BILGI
10
-1600
20
-20820
30
0
40
70
1
SET 2 (2x POI)
50
0
7
STANDARD
72
1
11
-1600
21
-20820
31
0
100
AcDbText
73
0
0
TEXT
5
4C4
330
13
100
AcDbEntity
100
AcDbText
8
METIN_BILGI
10
-780
20
-20820
30
0
40
70
1
SET 3 (2x POI)
50
0
7
STANDARD
72
1
11
-780
21
-20820
31
0
100
AcDbText
73
0
0
LWPOLYLINE
5
4C5
330
13
100
AcDbEntity
100
AcDbPolyline
8
METIN_BILGI
6
ByLayer
62
256
370
-1
90
4
70
1
10
-15000
20
23500
10
-15000
20
25700
10
-7000
20
25700
10
-7000
20
23500
0
LINE
5
4C6
330
13
100
AcDbEntity
100
AcDbLine
8
METIN_BILGI
10
-15000
20
24900
30
0
11
-7000
21
24900
31
0
0
LINE
5
4C7
330
13
100
AcDbEntity
100
AcDbLine
8
METIN_BILGI
10
-15000
20
24200
30
0
11
-7000
21
24200
31
0
0
LINE
5
4C8
330
13
100
AcDbEntity
100
AcDbLine
8
METIN_BILGI
10
-10500
20
23500
30
0
11
-10500
21
24900
31
0
0
TEXT
5
4C9
330
13
100
AcDbEntity
100
AcDbText
8
METIN_BILGI
10
-14800
20
25150
30
0
40
320
1
GALATASARAY STADYUMU GSM ALTYAPI PROJESI
50
0
7
STANDARD
100
AcDbText
0
TEXT
5
4CA
330
13
100
AcDbEntity
100
AcDbText
8
METIN_BILGI
10
-14800
20
24450
30
0
40
260
1
ALAN: MARATON TRIBUNU, KEDI YOLU VE CATI SIKLET DETAYLI YERLESIMI (ALAN 1 & ALAN 3)
50
0
7
STANDARD
100
AcDbText
0
TEXT
5
4CB
330
13
100
AcDbEntity
100
AcDbText
8
METIN_BILGI
10
-14800
20
23780
30
0
40
200
1
OLCEK: 1:1 mm (1:1 mm)
50
0
7
STANDARD
100
AcDbText
0
TEXT
5
4CC
330
13
100
AcDbEntity
100
AcDbText
8
METIN_BILGI
10
-10300
20
24450
30
0
40
180
1
CIZIM: ANTIGRAVITY CAD / BIM
50
0
7
STANDARD
100
AcDbText
0
TEXT
5
4CD
330
13
100
AcDbEntity
100
AcDbText
8
METIN_BILGI
10
-10300
20
23780
30
0
40
180
1
TARIH: 2026-10-04
50
0
7
STANDARD
100
AcDbText
0
CIRCLE
5
4CE
330
13
100
AcDbEntity
100
AcDbCircle
8
METIN_BILGI
10
-16500
20
24600
30
0
40
800
0
LINE
5
4CF
330
13
100
AcDbEntity
100
AcDbLine
8
METIN_BILGI
10
-16500
20
23880
30
0
11
-16500
21
25320
31
0
0
LINE
5
4D0
330
13
100
AcDbEntity
100
AcDbLine
8
METIN_BILGI
10
-16500
20
25320
30
0
11
-16750
21
24900
31
0
0
LINE
5
4D1
330
13
100
AcDbEntity
100
AcDbLine
8
METIN_BILGI
10
-16500
20
25320
30
0
11
-16250
21
24900
31
0
0
TEXT
5
4D2
330
13
100
AcDbEntity
100
AcDbText
8
METIN_BILGI
10
-16500
20
25600
30
0
40
300
1
K
50
0
7
STANDARD
72
1
11
-16500
21
25600
31
0
100
AcDbText
73
2
0
LWPOLYLINE
5
4D3
330
13
100
AcDbEntity
100
AcDbPolyline
8
METIN_BILGI
6
ByLayer
62
256
370
-1
90
4
70
1
10
-15000
20
19500
10
-15000
20
26300
10
-3800
20
26300
10
-3800
20
19500
0
TEXT
5
4D4
330
13
100
AcDbEntity
100
AcDbText
8
METIN_BILGI
10
-14800
20
26000
30
0
40
240
1
EKIPMAN VE ALTYAPI YERLESIM CETVELI (BOM)
50
0
7
STANDARD
100
AcDbText
0
LINE
5
4D5
330
13
100
AcDbEntity
100
AcDbLine
8
METIN_BILGI
10
-15000
20
25900
30
0
11
-3800
21
25900
31
0
0
LINE
5
4D6
330
13
100
AcDbEntity
100
AcDbLine
8
METIN_BILGI
10
-15000
20
25500
30
0
11
-3800
21
25500
31
0
0
LINE
5
4D7
330
13
100
AcDbEntity
100
AcDbLine
8
METIN_BILGI
10
-13800
20
19500
30
0
11
-13800
21
25900
31
0
0
LINE
5
4D8
330
13
100
AcDbEntity
100
AcDbLine
8
METIN_BILGI
10
-7800
20
19500
30
0
11
-7800
21
25900
31
0
0
LINE
5
4D9
330
13
100
AcDbEntity
100
AcDbLine
8
METIN_BILGI
10
-5300
20
19500
30
0
11
-5300
21
25900
31
0
0
TEXT
5
4DA
330
13
100
AcDbEntity
100
AcDbText
8
METIN_BILGI
10
-14900
20
25620
30
0
40
180
1
NO
50
0
7
STANDARD
100
AcDbText
0
TEXT
5
4DB
330
13
100
AcDbEntity
100
AcDbText
8
METIN_BILGI
10
-13700
20
25620
30
0
40
180
1
EKIPMAN TANIMI
50
0
7
STANDARD
100
AcDbText
0
TEXT
5
4DC
330
13
100
AcDbEntity
100
AcDbText
8
METIN_BILGI
10
-7700
20
25620
30
0
40
180
1
BOYUTLAR (GxDxY)
50
0
7
STANDARD
100
AcDbText
0
TEXT
5
4DD
330
13
100
AcDbEntity
100
AcDbText
8
METIN_BILGI
10
-5200
20
25620
30
0
40
180
1
ADET
50
0
7
STANDARD
100
AcDbText
0
LINE
5
4DE
330
13
100
AcDbEntity
100
AcDbLine
8
METIN_BILGI
10
-15000
20
25100
30
0
11
-3800
21
25100
31
0
0
TEXT
5
4DF
330
13
100
AcDbEntity
100
AcDbText
8
METIN_BILGI
10
-14900
20
25220
30
0
40
160
1
1
50
0
7
STANDARD
100
AcDbText
0
TEXT
5
4E0
330
13
100
AcDbEntity
100
AcDbText
8
METIN_BILGI
10
-13700
20
25220
30
0
40
160
1
Kedi Yolu 20cm Ofset Borulari Turkcell RRU
50
0
7
STANDARD
100
AcDbText
0
TEXT
5
4E1
330
13
100
AcDbEntity
100
AcDbText
8
METIN_BILGI
10
-7700
20
25220
30
0
40
160
1
356x140x480 mm
50
0
7
STANDARD
100
AcDbText
0
TEXT
5
4E2
330
13
100
AcDbEntity
100
AcDbText
8
METIN_BILGI
10
-5200
20
25220
30
0
40
160
1
4
50
0
7
STANDARD
100
AcDbText
0
LINE
5
4E3
330
13
100
AcDbEntity
100
AcDbLine
8
METIN_BILGI
10
-15000
20
24700
30
0
11
-3800
21
24700
31
0
0
TEXT
5
4E4
330
13
100
AcDbEntity
100
AcDbText
8
METIN_BILGI
10
-14900
20
24820
30
0
40
160
1
2
50
0
7
STANDARD
100
AcDbText
0
TEXT
5
4E5
330
13
100
AcDbEntity
100
AcDbText
8
METIN_BILGI
10
-13700
20
24820
30
0
40
160
1
Kedi Yolu 20cm Ofset Borulari Turk Telekom RRU
50
0
7
STANDARD
100
AcDbText
0
TEXT
5
4E6
330
13
100
AcDbEntity
100
AcDbText
8
METIN_BILGI
10
-7700
20
24820
30
0
40
160
1
356x140x480 mm
50
0
7
STANDARD
100
AcDbText
0
TEXT
5
4E7
330
13
100
AcDbEntity
100
AcDbText
8
METIN_BILGI
10
-5200
20
24820
30
0
40
160
1
4
50
0
7
STANDARD
100
AcDbText
0
LINE
5
4E8
330
13
100
AcDbEntity
100
AcDbLine
8
METIN_BILGI
10
-15000
20
24300
30
0
11
-3800
21
24300
31
0
0
TEXT
5
4E9
330
13
100
AcDbEntity
100
AcDbText
8
METIN_BILGI
10
-14900
20
24420
30
0
40
160
1
3
50
0
7
STANDARD
100
AcDbText
0
TEXT
5
4EA
330
13
100
AcDbEntity
100
AcDbText
8
METIN_BILGI
10
-13700
20
24420
30
0
40
160
1
Kedi Yolu 20cm Ofset Borulari Vodafone RRU (3+3)
50
0
7
STANDARD
100
AcDbText
0
TEXT
5
4EB
330
13
100
AcDbEntity
100
AcDbText
8
METIN_BILGI
10
-7700
20
24420
30
0
40
160
1
432x135x480 mm
50
0
7
STANDARD
100
AcDbText
0
TEXT
5
4EC
330
13
100
AcDbEntity
100
AcDbText
8
METIN_BILGI
10
-5200
20
24420
30
0
40
160
1
6
50
0
7
STANDARD
100
AcDbText
0
LINE
5
4ED
330
13
100
AcDbEntity
100
AcDbLine
8
METIN_BILGI
10
-15000
20
23900
30
0
11
-3800
21
23900
31
0
0
TEXT
5
4EE
330
13
100
AcDbEntity
100
AcDbText
8
METIN_BILGI
10
-14900
20
24020
30
0
40
160
1
4
50
0
7
STANDARD
100
AcDbText
0
TEXT
5
4EF
330
13
100
AcDbEntity
100
AcDbText
8
METIN_BILGI
10
-13700
20
24020
30
0
40
160
1
Silindir Uzeri Cember Sabitlemeli Yatay POI Rafi
50
0
7
STANDARD
100
AcDbText
0
TEXT
5
4F0
330
13
100
AcDbEntity
100
AcDbText
8
METIN_BILGI
10
-7700
20
24020
30
0
40
160
1
720x540x350 mm
50
0
7
STANDARD
100
AcDbText
0
TEXT
5
4F1
330
13
100
AcDbEntity
100
AcDbText
8
METIN_BILGI
10
-5200
20
24020
30
0
40
160
1
3
50
0
7
STANDARD
100
AcDbText
0
LINE
5
4F2
330
13
100
AcDbEntity
100
AcDbLine
8
METIN_BILGI
10
-15000
20
23500
30
0
11
-3800
21
23500
31
0
0
TEXT
5
4F3
330
13
100
AcDbEntity
100
AcDbText
8
METIN_BILGI
10
-14900
20
23620
30
0
40
160
1
5
50
0
7
STANDARD
100
AcDbText
0
TEXT
5
4F4
330
13
100
AcDbEntity
100
AcDbText
8
METIN_BILGI
10
-13700
20
23620
30
0
40
160
1
Silindir Uzeri Yatay Prose CB-12-POI-64F-A12
50
0
7
STANDARD
100
AcDbText
0
TEXT
5
4F5
330
13
100
AcDbEntity
100
AcDbText
8
METIN_BILGI
10
-7700
20
23620
30
0
40
160
1
400x350x260 mm
50
0
7
STANDARD
100
AcDbText
0
TEXT
5
4F6
330
13
100
AcDbEntity
100
AcDbText
8
METIN_BILGI
10
-5200
20
23620
30
0
40
160
1
6
50
0
7
STANDARD
100
AcDbText
0
LINE
5
4F7
330
13
100
AcDbEntity
100
AcDbLine
8
METIN_BILGI
10
-15000
20
23100
30
0
11
-3800
21
23100
31
0
0
TEXT
5
4F8
330
13
100
AcDbEntity
100
AcDbText
8
METIN_BILGI
10
-14900
20
23220
30
0
40
160
1
6
50
0
7
STANDARD
100
AcDbText
0
TEXT
5
4F9
330
13
100
AcDbEntity
100
AcDbText
8
METIN_BILGI
10
-13700
20
23220
30
0
40
160
1
Agir Hizmet O45.7cm Silindir Ciftli Celik Cember Kelepce
50
0
7
STANDARD
100
AcDbText
0
TEXT
5
4FA
330
13
100
AcDbEntity
100
AcDbText
8
METIN_BILGI
10
-7700
20
23220
30
0
40
160
1
O483x70x10 mm
50
0
7
STANDARD
100
AcDbText
0
TEXT
5
4FB
330
13
100
AcDbEntity
100
AcDbText
8
METIN_BILGI
10
-5200
20
23220
30
0
40
160
1
6
50
0
7
STANDARD
100
AcDbText
0
LINE
5
4FC
330
13
100
AcDbEntity
100
AcDbLine
8
METIN_BILGI
10
-15000
20
22700
30
0
11
-3800
21
22700
31
0
0
TEXT
5
4FD
330
13
100
AcDbEntity
100
AcDbText
8
METIN_BILGI
10
-14900
20
22820
30
0
40
160
1
7
50
0
7
STANDARD
100
AcDbText
0
TEXT
5
4FE
330
13
100
AcDbEntity
100
AcDbText
8
METIN_BILGI
10
-13700
20
22820
30
0
40
160
1
1/2" Feeder Kablo Baglanti Seti (RRU - POI Hatti)
50
0
7
STANDARD
100
AcDbText
0
TEXT
5
4FF
330
13
100
AcDbEntity
100
AcDbText
8
METIN_BILGI
10
-7700
20
22820
30
0
40
160
1
Boy: 15-45m
50
0
7
STANDARD
100
AcDbText
0
TEXT
5
500
330
13
100
AcDbEntity
100
AcDbText
8
METIN_BILGI
10
-5200
20
22820
30
0
40
160
1
60
50
0
7
STANDARD
100
AcDbText
0
LINE
5
501
330
13
100
AcDbEntity
100
AcDbLine
8
METIN_BILGI
10
-15000
20
22300
30
0
11
-3800
21
22300
31
0
0
TEXT
5
502
330
13
100
AcDbEntity
100
AcDbText
8
METIN_BILGI
10
-14900
20
22420
30
0
40
160
1
8
50
0
7
STANDARD
100
AcDbText
0
TEXT
5
503
330
13
100
AcDbEntity
100
AcDbText
8
METIN_BILGI
10
-13700
20
22420
30
0
40
160
1
Tek Tek Vodafone RRU Modulleri (Zemin)
50
0
7
STANDARD
100
AcDbText
0
TEXT
5
504
330
13
100
AcDbEntity
100
AcDbText
8
METIN_BILGI
10
-7700
20
22420
30
0
40
160
1
432x135x480 mm
50
0
7
STANDARD
100
AcDbText
0
TEXT
5
505
330
13
100
AcDbEntity
100
AcDbText
8
METIN_BILGI
10
-5200
20
22420
30
0
40
160
1
11
50
0
7
STANDARD
100
AcDbText
0
LINE
5
506
330
13
100
AcDbEntity
100
AcDbLine
8
METIN_BILGI
10
-15000
20
21900
30
0
11
-3800
21
21900
31
0
0
TEXT
5
507
330
13
100
AcDbEntity
100
AcDbText
8
METIN_BILGI
10
-14900
20
22020
30
0
40
160
1
9
50
0
7
STANDARD
100
AcDbText
0
TEXT
5
508
330
13
100
AcDbEntity
100
AcDbText
8
METIN_BILGI
10
-13700
20
22020
30
0
40
160
1
Tek Tek Turkcell RRU Modulleri (Zemin)
50
0
7
STANDARD
100
AcDbText
0
TEXT
5
509
330
13
100
AcDbEntity
100
AcDbText
8
METIN_BILGI
10
-7700
20
22020
30
0
40
160
1
398x145x533 mm
50
0
7
STANDARD
100
AcDbText
0
TEXT
5
50A
330
13
100
AcDbEntity
100
AcDbText
8
METIN_BILGI
10
-5200
20
22020
30
0
40
160
1
4
50
0
7
STANDARD
100
AcDbText
0
LINE
5
50B
330
13
100
AcDbEntity
100
AcDbLine
8
METIN_BILGI
10
-15000
20
21500
30
0
11
-3800
21
21500
31
0
0
TEXT
5
50C
330
13
100
AcDbEntity
100
AcDbText
8
METIN_BILGI
10
-14900
20
21620
30
0
40
160
1
10
50
0
7
STANDARD
100
AcDbText
0
TEXT
5
50D
330
13
100
AcDbEntity
100
AcDbText
8
METIN_BILGI
10
-13700
20
21620
30
0
40
160
1
Tek Tek Turk Telekom RRU Modulleri (Zemin)
50
0
7
STANDARD
100
AcDbText
0
TEXT
5
50E
330
13
100
AcDbEntity
100
AcDbText
8
METIN_BILGI
10
-7700
20
21620
30
0
40
160
1
356x140x480 mm
50
0
7
STANDARD
100
AcDbText
0
TEXT
5
50F
330
13
100
AcDbEntity
100
AcDbText
8
METIN_BILGI
10
-5200
20
21620
30
0
40
160
1
6
50
0
7
STANDARD
100
AcDbText
0
LINE
5
510
330
13
100
AcDbEntity
100
AcDbLine
8
METIN_BILGI
10
-15000
20
21100
30
0
11
-3800
21
21100
31
0
0
TEXT
5
511
330
13
100
AcDbEntity
100
AcDbText
8
METIN_BILGI
10
-14900
20
21220
30
0
40
160
1
11
50
0
7
STANDARD
100
AcDbText
0
TEXT
5
512
330
13
100
AcDbEntity
100
AcDbText
8
METIN_BILGI
10
-13700
20
21220
30
0
40
160
1
Canovate 19" 30U POI Rack Tasiyici Sase
50
0
7
STANDARD
100
AcDbText
0
TEXT
5
513
330
13
100
AcDbEntity
100
AcDbText
8
METIN_BILGI
10
-7700
20
21220
30
0
40
160
1
600x700x1480 mm
50
0
7
STANDARD
100
AcDbText
0
TEXT
5
514
330
13
100
AcDbEntity
100
AcDbText
8
METIN_BILGI
10
-5200
20
21220
30
0
40
160
1
3
50
0
7
STANDARD
100
AcDbText
0
LINE
5
515
330
13
100
AcDbEntity
100
AcDbLine
8
METIN_BILGI
10
-15000
20
20700
30
0
11
-3800
21
20700
31
0
0
TEXT
5
516
330
13
100
AcDbEntity
100
AcDbText
8
METIN_BILGI
10
-14900
20
20820
30
0
40
160
1
12
50
0
7
STANDARD
100
AcDbText
0
TEXT
5
517
330
13
100
AcDbEntity
100
AcDbText
8
METIN_BILGI
10
-13700
20
20820
30
0
40
160
1
Prose CB-12-POI-64F-A12 Modulleri (Zemin Rack)
50
0
7
STANDARD
100
AcDbText
0
TEXT
5
518
330
13
100
AcDbEntity
100
AcDbText
8
METIN_BILGI
10
-7700
20
20820
30
0
40
160
1
400x350x260 mm
50
0
7
STANDARD
100
AcDbText
0
TEXT
5
519
330
13
100
AcDbEntity
100
AcDbText
8
METIN_BILGI
10
-5200
20
20820
30
0
40
160
1
12
50
0
7
STANDARD
100
AcDbText
0
LINE
5
51A
330
13
100
AcDbEntity
100
AcDbLine
8
METIN_BILGI
10
-15000
20
20300
30
0
11
-3800
21
20300
31
0
0
TEXT
5
51B
330
13
100
AcDbEntity
100
AcDbText
8
METIN_BILGI
10
-14900
20
20420
30
0
40
160
1
13
50
0
7
STANDARD
100
AcDbText
0
TEXT
5
51C
330
13
100
AcDbEntity
100
AcDbText
8
METIN_BILGI
10
-13700
20
20420
30
0
40
160
1
Eltek Flatpack2 20U Rectifier DC Guc Kaynagi
50
0
7
STANDARD
100
AcDbText
0
TEXT
5
51D
330
13
100
AcDbEntity
100
AcDbText
8
METIN_BILGI
10
-7700
20
20420
30
0
40
160
1
680x710x1300 mm
50
0
7
STANDARD
100
AcDbText
0
TEXT
5
51E
330
13
100
AcDbEntity
100
AcDbText
8
METIN_BILGI
10
-5200
20
20420
30
0
40
160
1
3
50
0
7
STANDARD
100
AcDbText
0
LINE
5
51F
330
13
100
AcDbEntity
100
AcDbLine
8
METIN_BILGI
10
-15000
20
19900
30
0
11
-3800
21
19900
31
0
0
TEXT
5
520
330
13
100
AcDbEntity
100
AcDbText
8
METIN_BILGI
10
-14900
20
20020
30
0
40
160
1
14
50
0
7
STANDARD
100
AcDbText
0
TEXT
5
521
330
13
100
AcDbEntity
100
AcDbText
8
METIN_BILGI
10
-13700
20
20020
30
0
40
160
1
MTS9304A-HX10AX 12U Rectifier DC Guc Kaynagi
50
0
7
STANDARD
100
AcDbText
0
TEXT
5
522
330
13
100
AcDbEntity
100
AcDbText
8
METIN_BILGI
10
-7700
20
20020
30
0
40
160
1
690x720x1250 mm
50
0
7
STANDARD
100
AcDbText
0
TEXT
5
523
330
13
100
AcDbEntity
100
AcDbText
8
METIN_BILGI
10
-5200
20
20020
30
0
40
160
1
3
50
0
7
STANDARD
100
AcDbText
0
LINE
5
524
330
13
100
AcDbEntity
100
AcDbLine
8
METIN_BILGI
10
-15000
20
19500
30
0
11
-3800
21
19500
31
0
0
TEXT
5
525
330
13
100
AcDbEntity
100
AcDbText
8
METIN_BILGI
10
-14900
20
19620
30
0
40
160
1
15
50
0
7
STANDARD
100
AcDbText
0
TEXT
5
526
330
13
100
AcDbEntity
100
AcDbText
8
METIN_BILGI
10
-13700
20
19620
30
0
40
160
1
Matsing 4-Beam Kure Lens Anten + Ofset Kolu
50
0
7
STANDARD
100
AcDbText
0
TEXT
5
527
330
13
100
AcDbEntity
100
AcDbText
8
METIN_BILGI
10
-7700
20
19620
30
0
40
160
1
617x721x1635 mm
50
0
7
STANDARD
100
AcDbText
0
TEXT
5
528
330
13
100
AcDbEntity
100
AcDbText
8
METIN_BILGI
10
-5200
20
19620
30
0
40
160
1
3
50
0
7
STANDARD
100
AcDbText
0
LWPOLYLINE
5
111
330
13
100
AcDbEntity
100
AcDbPolyline
8
EKP_TURKCELL_RRU
6
ByLayer
62
256
370
-1
90
4
70
1
10
-2230.5152412440616
20
821.7944750114737
10
-2230.5152412440616
20
966.7944708391485
10
-1722.5152409609395
20
966.7944708391485
10
-1722.5152409609395
20
821.7944750114737
0
LINE
5
112
330
13
100
AcDbEntity
100
AcDbLine
8
EKP_TURKCELL_RRU
10
-2230.5152412440616
20
847.8944742604551
30
0
11
-1722.5152409609395
21
847.8944742604551
31
0
0
LINE
5
113
330
13
100
AcDbEntity
100
AcDbLine
8
EKP_TURKCELL_RRU
10
-2005.5152402680355
20
894.2944729253111
30
0
11
-1947.5152419369656
21
894.2944729253111
31
0
0
LINE
5
114
330
13
100
AcDbEntity
100
AcDbLine
8
EKP_TURKCELL_RRU
10
-1976.5152411025006
20
865.2944737597761
30
0
11
-1976.5152411025006
21
923.294472090846
31
0
0
TEXT
5
115
330
13
100
AcDbEntity
100
AcDbText
8
EKP_TURKCELL_RRU
10
-1976.5152411025006
20
918.6544722243605
30
0
40
40.59999883174897
1
Turkcell RRU (Sol Boru 5, Ust)
50
0
7
STANDARD
72
1
11
-1976.5152411025006
21
918.6544722243605
31
0
100
AcDbText
73
2
0
LWPOLYLINE
5
116
330
13
100
AcDbEntity
100
AcDbPolyline
8
EKP_TURKCELL_RRU
6
ByLayer
62
256
370
-1
90
4
70
1
10
-2230.5152412440616
20
641.7944750114737
10
-2230.5152412440616
20
786.7944708391485
10
-1722.5152409609395
20
786.7944708391485
10
-1722.5152409609395
20
641.7944750114737
0
LINE
5
117
330
13
100
AcDbEntity
100
AcDbLine
8
EKP_TURKCELL_RRU
10
-2230.5152412440616
20
667.8944742604551
30
0
11
-1722.5152409609395
21
667.8944742604551
31
0
0
LINE
5
118
330
13
100
AcDbEntity
100
AcDbLine
8
EKP_TURKCELL_RRU
10
-2005.5152402680355
20
714.2944729253111
30
0
11
-1947.5152419369656
21
714.2944729253111
31
0
0
LINE
5
119
330
13
100
AcDbEntity
100
AcDbLine
8
EKP_TURKCELL_RRU
10
-1976.5152411025006
20
685.2944737597761
30
0
11
-1976.5152411025006
21
743.294472090846
31
0
0
TEXT
5
11A
330
13
100
AcDbEntity
100
AcDbText
8
EKP_TURKCELL_RRU
10
-1976.5152411025006
20
738.6544722243605
30
0
40
40.59999883174897
1
Turkcell RRU (Sol Boru 6, Alt)
50
0
7
STANDARD
72
1
11
-1976.5152411025006
21
738.6544722243605
31
0
100
AcDbText
73
2
0
LWPOLYLINE
5
11B
330
13
100
AcDbEntity
100
AcDbPolyline
8
EKP_TURKCELL_RRU
6
ByLayer
62
256
370
-1
90
4
70
1
10
-2230.5152412440616
20
641.7944750114737
10
-2230.5152412440616
20
786.7944708391485
10
-1722.5152409609395
20
786.7944708391485
10
-1722.5152409609395
20
641.7944750114737
0
LINE
5
11C
330
13
100
AcDbEntity
100
AcDbLine
8
EKP_TURKCELL_RRU
10
-2230.5152412440616
20
667.8944742604551
30
0
11
-1722.5152409609395
21
667.8944742604551
31
0
0
LINE
5
11D
330
13
100
AcDbEntity
100
AcDbLine
8
EKP_TURKCELL_RRU
10
-2005.5152402680355
20
714.2944729253111
30
0
11
-1947.5152419369656
21
714.2944729253111
31
0
0
LINE
5
11E
330
13
100
AcDbEntity
100
AcDbLine
8
EKP_TURKCELL_RRU
10
-1976.5152411025006
20
685.2944737597761
30
0
11
-1976.5152411025006
21
743.294472090846
31
0
0
TEXT
5
11F
330
13
100
AcDbEntity
100
AcDbText
8
EKP_TURKCELL_RRU
10
-1976.5152411025006
20
738.6544722243605
30
0
40
40.59999883174897
1
Turkcell RRU (Sol Boru 6, Ust)
50
0
7
STANDARD
72
1
11
-1976.5152411025006
21
738.6544722243605
31
0
100
AcDbText
73
2
0
LWPOLYLINE
5
13E
330
13
100
AcDbEntity
100
AcDbPolyline
8
EKP_TURKCELL_RRU
6
ByLayer
62
256
370
-1
90
4
70
1
10
-1318.5152428682884
20
911.7944750114737
10
-1318.5152428682884
20
1056.7944708391485
10
-810.5152425851663
20
1056.7944708391485
10
-810.5152425851663
20
911.7944750114737
0
LINE
5
13F
330
13
100
AcDbEntity
100
AcDbLine
8
EKP_TURKCELL_RRU
10
-1318.5152428682884
20
937.8944742604551
30
0
11
-810.5152425851663
21
937.8944742604551
31
0
0
LINE
5
140
330
13
100
AcDbEntity
100
AcDbLine
8
EKP_TURKCELL_RRU
10
-1093.5152418922623
20
984.2944729253111
30
0
11
-1035.5152435611924
21
984.2944729253111
31
0
0
LINE
5
141
330
13
100
AcDbEntity
100
AcDbLine
8
EKP_TURKCELL_RRU
10
-1064.5152427267274
20
955.2944737597761
30
0
11
-1064.5152427267274
21
1013.294472090846
31
0
0
TEXT
5
142
330
13
100
AcDbEntity
100
AcDbText
8
EKP_TURKCELL_RRU
10
-1064.5152427267274
20
1008.6544722243605
30
0
40
40.59999883174897
1
Turkcell RRU (Sag Boru 4, Alt)
50
0
7
STANDARD
72
1
11
-1064.5152427267274
21
1008.6544722243605
31
0
100
AcDbText
73
2
0
LWPOLYLINE
5
143
330
13
100
AcDbEntity
100
AcDbPolyline
8
EKP_TURKCELL_RRU
6
ByLayer
62
256
370
-1
90
4
70
1
10
-1318.5152428682884
20
911.7944750114737
10
-1318.5152428682884
20
1056.7944708391485
10
-810.5152425851663
20
1056.7944708391485
10
-810.5152425851663
20
911.7944750114737
0
LINE
5
144
330
13
100
AcDbEntity
100
AcDbLine
8
EKP_TURKCELL_RRU
10
-1318.5152428682884
20
937.8944742604551
30
0
11
-810.5152425851663
21
937.8944742604551
31
0
0
LINE
5
145
330
13
100
AcDbEntity
100
AcDbLine
8
EKP_TURKCELL_RRU
10
-1093.5152418922623
20
984.2944729253111
30
0
11
-1035.5152435611924
21
984.2944729253111
31
0
0
LINE
5
146
330
13
100
AcDbEntity
100
AcDbLine
8
EKP_TURKCELL_RRU
10
-1064.5152427267274
20
955.2944737597761
30
0
11
-1064.5152427267274
21
1013.294472090846
31
0
0
TEXT
5
147
330
13
100
AcDbEntity
100
AcDbText
8
EKP_TURKCELL_RRU
10
-1064.5152427267274
20
1008.6544722243605
30
0
40
40.59999883174897
1
Turkcell RRU (Sag Boru 4, Ust)
50
0
7
STANDARD
72
1
11
-1064.5152427267274
21
1008.6544722243605
31
0
100
AcDbText
73
2
0
LWPOLYLINE
5
148
330
13
100
AcDbEntity
100
AcDbPolyline
8
EKP_TURKCELL_RRU
6
ByLayer
62
256
370
-1
90
4
70
1
10
-1318.5152428682884
20
731.7944750114737
10
-1318.5152428682884
20
876.7944708391485
10
-810.5152425851663
20
876.7944708391485
10
-810.5152425851663
20
731.7944750114737
0
LINE
5
149
330
13
100
AcDbEntity
100
AcDbLine
8
EKP_TURKCELL_RRU
10
-1318.5152428682884
20
757.8944742604551
30
0
11
-810.5152425851663
21
757.8944742604551
31
0
0
LINE
5
14A
330
13
100
AcDbEntity
100
AcDbLine
8
EKP_TURKCELL_RRU
10
-1093.5152418922623
20
804.2944729253111
30
0
11
-1035.5152435611924
21
804.2944729253111
31
0
0
LINE
5
14B
330
13
100
AcDbEntity
100
AcDbLine
8
EKP_TURKCELL_RRU
10
-1064.5152427267274
20
775.2944737597761
30
0
11
-1064.5152427267274
21
833.294472090846
31
0
0
TEXT
5
14C
330
13
100
AcDbEntity
100
AcDbText
8
EKP_TURKCELL_RRU
10
-1064.5152427267274
20
828.6544722243605
30
0
40
40.59999883174897
1
Turkcell RRU (Sag Boru 5, Alt)
50
0
7
STANDARD
72
1
11
-1064.5152427267274
21
828.6544722243605
31
0
100
AcDbText
73
2
0
LWPOLYLINE
5
20E
330
13
100
AcDbEntity
100
AcDbPolyline
8
EKP_TURKCELL_RRU
6
ByLayer
62
256
370
-1
90
4
70
1
10
-4055
20
4104
10
-4055
20
4460
10
-3915
20
4460
10
-3915
20
4104
0
LINE
5
20F
330
13
100
AcDbEntity
100
AcDbLine
8
EKP_TURKCELL_RRU
10
-4040
20
4104
30
0
11
-4040
21
4460
31
0
0
LINE
5
210
330
13
100
AcDbEntity
100
AcDbLine
8
EKP_TURKCELL_RRU
10
-4010
20
4282
30
0
11
-3960
21
4282
31
0
0
LINE
5
211
330
13
100
AcDbEntity
100
AcDbLine
8
EKP_TURKCELL_RRU
10
-3985
20
4257
30
0
11
-3985
21
4307
31
0
0
TEXT
5
212
330
13
100
AcDbEntity
100
AcDbText
8
EKP_TURKCELL_RRU
10
-3985
20
4282
30
0
40
32
1
TCELL
50
0
7
STANDARD
72
1
11
-3985
21
4282
31
0
100
AcDbText
73
2
0
LWPOLYLINE
5
213
330
13
100
AcDbEntity
100
AcDbPolyline
8
EKP_TURKCELL_RRU
6
ByLayer
62
256
370
-1
90
4
70
1
10
-3890
20
4104
10
-3890
20
4460
10
-3750
20
4460
10
-3750
20
4104
0
LINE
5
214
330
13
100
AcDbEntity
100
AcDbLine
8
EKP_TURKCELL_RRU
10
-3875
20
4104
30
0
11
-3875
21
4460
31
0
0
LINE
5
215
330
13
100
AcDbEntity
100
AcDbLine
8
EKP_TURKCELL_RRU
10
-3845
20
4282
30
0
11
-3795
21
4282
31
0
0
LINE
5
216
330
13
100
AcDbEntity
100
AcDbLine
8
EKP_TURKCELL_RRU
10
-3820
20
4257
30
0
11
-3820
21
4307
31
0
0
TEXT
5
217
330
13
100
AcDbEntity
100
AcDbText
8
EKP_TURKCELL_RRU
10
-3820
20
4282
30
0
40
32
1
TCELL
50
0
7
STANDARD
72
1
11
-3820
21
4282
31
0
100
AcDbText
73
2
0
LWPOLYLINE
5
370
330
13
100
AcDbEntity
100
AcDbPolyline
8
EKP_TURKCELL_RRU
6
ByLayer
62
256
370
-1
90
4
70
1
10
-11735
20
13104
10
-11735
20
13460
10
-11595
20
13460
10
-11595
20
13104
0
LINE
5
371
330
13
100
AcDbEntity
100
AcDbLine
8
EKP_TURKCELL_RRU
10
-11720
20
13104
30
0
11
-11720
21
13460
31
0
0
LINE
5
372
330
13
100
AcDbEntity
100
AcDbLine
8
EKP_TURKCELL_RRU
10
-11690
20
13282
30
0
11
-11640
21
13282
31
0
0
LINE
5
373
330
13
100
AcDbEntity
100
AcDbLine
8
EKP_TURKCELL_RRU
10
-11665
20
13257
30
0
11
-11665
21
13307
31
0
0
TEXT
5
374
330
13
100
AcDbEntity
100
AcDbText
8
EKP_TURKCELL_RRU
10
-11665
20
13282
30
0
40
32
1
TCELL
50
0
7
STANDARD
72
1
11
-11665
21
13282
31
0
100
AcDbText
73
2
0
LWPOLYLINE
5
375
330
13
100
AcDbEntity
100
AcDbPolyline
8
EKP_TURKCELL_RRU
6
ByLayer
62
256
370
-1
90
4
70
1
10
-11570
20
13104
10
-11570
20
13460
10
-11430
20
13460
10
-11430
20
13104
0
LINE
5
376
330
13
100
AcDbEntity
100
AcDbLine
8
EKP_TURKCELL_RRU
10
-11555
20
13104
30
0
11
-11555
21
13460
31
0
0
LINE
5
377
330
13
100
AcDbEntity
100
AcDbLine
8
EKP_TURKCELL_RRU
10
-11525
20
13282
30
0
11
-11475
21
13282
31
0
0
LINE
5
378
330
13
100
AcDbEntity
100
AcDbLine
8
EKP_TURKCELL_RRU
10
-11500
20
13257
30
0
11
-11500
21
13307
31
0
0
TEXT
5
379
330
13
100
AcDbEntity
100
AcDbText
8
EKP_TURKCELL_RRU
10
-11500
20
13282
30
0
40
32
1
TCELL
50
0
7
STANDARD
72
1
11
-11500
21
13282
31
0
100
AcDbText
73
2
0
LWPOLYLINE
5
455
330
13
100
AcDbEntity
100
AcDbPolyline
8
EKP_TURKCELL_RRU
6
ByLayer
62
256
370
-1
90
4
70
1
10
-1070
20
-5620
10
-1070
20
-5090
10
-670
20
-5090
10
-670
20
-5620
0
LWPOLYLINE
5
456
330
13
100
AcDbEntity
100
AcDbPolyline
8
EKP_TURKCELL_RRU
6
ByLayer
62
256
370
-1
90
4
70
1
10
-950
20
-5090
10
-950
20
-5060
10
-790
20
-5060
10
-790
20
-5090
0
TEXT
5
457
330
13
100
AcDbEntity
100
AcDbText
8
EKP_TURKCELL_RRU
10
-870
20
-5355
30
0
40
45
1
TCELL
50
0
7
STANDARD
72
1
11
-870
21
-5355
31
0
100
AcDbText
73
2
0
LWPOLYLINE
5
48C
330
13
100
AcDbEntity
100
AcDbPolyline
8
EKP_TURKCELL_RRU
6
ByLayer
62
256
370
-1
90
4
70
1
10
-4226
20
-12600
10
-4226
20
-12120
10
-3870
20
-12120
10
-3870
20
-12600
0
LWPOLYLINE
5
48D
330
13
100
AcDbEntity
100
AcDbPolyline
8
EKP_TURKCELL_RRU
6
ByLayer
62
256
370
-1
90
4
70
1
10
-4119.2
20
-12120
10
-4119.2
20
-12090
10
-3976.8
20
-12090
10
-3976.8
20
-12120
0
TEXT
5
48E
330
13
100
AcDbEntity
100
AcDbText
8
EKP_TURKCELL_RRU
10
-4048
20
-12360
30
0
40
45
1
TCELL
50
0
7
STANDARD
72
1
11
-4048
21
-12360
31
0
100
AcDbText
73
2
0
LWPOLYLINE
5
490
330
13
100
AcDbEntity
100
AcDbPolyline
8
EKP_TURKCELL_RRU
6
ByLayer
62
256
370
-1
90
4
70
1
10
-3770
20
-12600
10
-3770
20
-12120
10
-3414
20
-12120
10
-3414
20
-12600
0
LWPOLYLINE
5
491
330
13
100
AcDbEntity
100
AcDbPolyline
8
EKP_TURKCELL_RRU
6
ByLayer
62
256
370
-1
90
4
70
1
10
-3663.2
20
-12120
10
-3663.2
20
-12090
10
-3520.8
20
-12090
10
-3520.8
20
-12120
0
TEXT
5
492
330
13
100
AcDbEntity
100
AcDbText
8
EKP_TURKCELL_RRU
10
-3592
20
-12360
30
0
40
45
1
TCELL
50
0
7
STANDARD
72
1
11
-3592
21
-12360
31
0
100
AcDbText
73
2
0
LWPOLYLINE
5
494
330
13
100
AcDbEntity
100
AcDbPolyline
8
EKP_TURKCELL_RRU
6
ByLayer
62
256
370
-1
90
4
70
1
10
-4226
20
-11750
10
-4226
20
-11270
10
-3870
20
-11270
10
-3870
20
-11750
0
LWPOLYLINE
5
495
330
13
100
AcDbEntity
100
AcDbPolyline
8
EKP_TURKCELL_RRU
6
ByLayer
62
256
370
-1
90
4
70
1
10
-4119.2
20
-11270
10
-4119.2
20
-11240
10
-3976.8
20
-11240
10
-3976.8
20
-11270
0
TEXT
5
496
330
13
100
AcDbEntity
100
AcDbText
8
EKP_TURKCELL_RRU
10
-4048
20
-11510
30
0
40
45
1
TCELL
50
0
7
STANDARD
72
1
11
-4048
21
-11510
31
0
100
AcDbText
73
2
0
LWPOLYLINE
5
498
330
13
100
AcDbEntity
100
AcDbPolyline
8
EKP_TURKCELL_RRU
6
ByLayer
62
256
370
-1
90
4
70
1
10
-3770
20
-11750
10
-3770
20
-11270
10
-3414
20
-11270
10
-3414
20
-11750
0
LWPOLYLINE
5
499
330
13
100
AcDbEntity
100
AcDbPolyline
8
EKP_TURKCELL_RRU
6
ByLayer
62
256
370
-1
90
4
70
1
10
-3663.2
20
-11270
10
-3663.2
20
-11240
10
-3520.8
20
-11240
10
-3520.8
20
-11270
0
TEXT
5
49A
330
13
100
AcDbEntity
100
AcDbText
8
EKP_TURKCELL_RRU
10
-3592
20
-11510
30
0
40
45
1
TCELL
50
0
7
STANDARD
72
1
11
-3592
21
-11510
31
0
100
AcDbText
73
2
0
LWPOLYLINE
5
E4
330
13
100
AcDbEntity
100
AcDbPolyline
8
EKP_VODAFONE_RRU
6
ByLayer
62
256
370
-1
90
4
70
1
10
-2230.5152412440616
20
1546.794470243102
10
-2230.5152412440616
20
1681.79447560752
10
-1688.5152363117775
20
1681.79447560752
10
-1688.5152363117775
20
1546.794470243102
0
LINE
5
E5
330
13
100
AcDbEntity
100
AcDbLine
8
EKP_VODAFONE_RRU
10
-2230.5152412440616
20
1571.0944712086973
30
0
11
-1688.5152363117775
21
1571.0944712086973
31
0
0
LINE
5
E6
330
13
100
AcDbEntity
100
AcDbLine
8
EKP_VODAFONE_RRU
10
-1986.515239850803
20
1614.294472925311
30
0
11
-1932.5152377050358
21
1614.294472925311
31
0
0
LINE
5
E7
330
13
100
AcDbEntity
100
AcDbLine
8
EKP_VODAFONE_RRU
10
-1959.5152387779194
20
1587.2944718524275
30
0
11
-1959.5152387779194
21
1641.2944739981947
31
0
0
TEXT
5
E8
330
13
100
AcDbEntity
100
AcDbText
8
EKP_VODAFONE_RRU
10
-1959.5152387779194
20
1636.9744738265333
30
0
40
37.800001502037055
1
Vodafone RRU (Sol Boru 1, Alt)
50
0
7
STANDARD
72
1
11
-1959.5152387779194
21
1636.9744738265333
31
0
100
AcDbText
73
2
0
LWPOLYLINE
5
E9
330
13
100
AcDbEntity
100
AcDbPolyline
8
EKP_VODAFONE_RRU
6
ByLayer
62
256
370
-1
90
4
70
1
10
-2230.5152412440616
20
1546.794470243102
10
-2230.5152412440616
20
1681.79447560752
10
-1688.5152363117775
20
1681.79447560752
10
-1688.5152363117775
20
1546.794470243102
0
LINE
5
EA
330
13
100
AcDbEntity
100
AcDbLine
8
EKP_VODAFONE_RRU
10
-2230.5152412440616
20
1571.0944712086973
30
0
11
-1688.5152363117775
21
1571.0944712086973
31
0
0
LINE
5
EB
330
13
100
AcDbEntity
100
AcDbLine
8
EKP_VODAFONE_RRU
10
-1986.515239850803
20
1614.294472925311
30
0
11
-1932.5152377050358
21
1614.294472925311
31
0
0
LINE
5
EC
330
13
100
AcDbEntity
100
AcDbLine
8
EKP_VODAFONE_RRU
10
-1959.5152387779194
20
1587.2944718524275
30
0
11
-1959.5152387779194
21
1641.2944739981947
31
0
0
TEXT
5
ED
330
13
100
AcDbEntity
100
AcDbText
8
EKP_VODAFONE_RRU
10
-1959.5152387779194
20
1636.9744738265333
30
0
40
37.800001502037055
1
Vodafone RRU (Sol Boru 1, Ust)
50
0
7
STANDARD
72
1
11
-1959.5152387779194
21
1636.9744738265333
31
0
100
AcDbText
73
2
0
LWPOLYLINE
5
EE
330
13
100
AcDbEntity
100
AcDbPolyline
8
EKP_VODAFONE_RRU
6
ByLayer
62
256
370
-1
90
4
70
1
10
-2230.5152412440616
20
1366.794470243102
10
-2230.5152412440616
20
1501.79447560752
10
-1688.5152363117775
20
1501.79447560752
10
-1688.5152363117775
20
1366.794470243102
0
LINE
5
EF
330
13
100
AcDbEntity
100
AcDbLine
8
EKP_VODAFONE_RRU
10
-2230.5152412440616
20
1391.0944712086973
30
0
11
-1688.5152363117775
21
1391.0944712086973
31
0
0
LINE
5
F0
330
13
100
AcDbEntity
100
AcDbLine
8
EKP_VODAFONE_RRU
10
-1986.515239850803
20
1434.294472925311
30
0
11
-1932.5152377050358
21
1434.294472925311
31
0
0
LINE
5
F1
330
13
100
AcDbEntity
100
AcDbLine
8
EKP_VODAFONE_RRU
10
-1959.5152387779194
20
1407.2944718524275
30
0
11
-1959.5152387779194
21
1461.2944739981947
31
0
0
TEXT
5
F2
330
13
100
AcDbEntity
100
AcDbText
8
EKP_VODAFONE_RRU
10
-1959.5152387779194
20
1456.9744738265333
30
0
40
37.800001502037055
1
Vodafone RRU (Sol Boru 2, Alt)
50
0
7
STANDARD
72
1
11
-1959.5152387779194
21
1456.9744738265333
31
0
100
AcDbText
73
2
0
LWPOLYLINE
5
F3
330
13
100
AcDbEntity
100
AcDbPolyline
8
EKP_VODAFONE_RRU
6
ByLayer
62
256
370
-1
90
4
70
1
10
-2230.5152412440616
20
1366.794470243102
10
-2230.5152412440616
20
1501.79447560752
10
-1688.5152363117775
20
1501.79447560752
10
-1688.5152363117775
20
1366.794470243102
0
LINE
5
F4
330
13
100
AcDbEntity
100
AcDbLine
8
EKP_VODAFONE_RRU
10
-2230.5152412440616
20
1391.0944712086973
30
0
11
-1688.5152363117775
21
1391.0944712086973
31
0
0
LINE
5
F5
330
13
100
AcDbEntity
100
AcDbLine
8
EKP_VODAFONE_RRU
10
-1986.515239850803
20
1434.294472925311
30
0
11
-1932.5152377050358
21
1434.294472925311
31
0
0
LINE
5
F6
330
13
100
AcDbEntity
100
AcDbLine
8
EKP_VODAFONE_RRU
10
-1959.5152387779194
20
1407.2944718524275
30
0
11
-1959.5152387779194
21
1461.2944739981947
31
0
0
TEXT
5
F7
330
13
100
AcDbEntity
100
AcDbText
8
EKP_VODAFONE_RRU
10
-1959.5152387779194
20
1456.9744738265333
30
0
40
37.800001502037055
1
Vodafone RRU (Sol Boru 2, Ust)
50
0
7
STANDARD
72
1
11
-1959.5152387779194
21
1456.9744738265333
31
0
100
AcDbText
73
2
0
LWPOLYLINE
5
F8
330
13
100
AcDbEntity
100
AcDbPolyline
8
EKP_VODAFONE_RRU
6
ByLayer
62
256
370
-1
90
4
70
1
10
-2230.5152412440616
20
1186.794470243102
10
-2230.5152412440616
20
1321.79447560752
10
-1688.5152363117775
20
1321.79447560752
10
-1688.5152363117775
20
1186.794470243102
0
LINE
5
F9
330
13
100
AcDbEntity
100
AcDbLine
8
EKP_VODAFONE_RRU
10
-2230.5152412440616
20
1211.0944712086973
30
0
11
-1688.5152363117775
21
1211.0944712086973
31
0
0
LINE
5
FA
330
13
100
AcDbEntity
100
AcDbLine
8
EKP_VODAFONE_RRU
10
-1986.515239850803
20
1254.294472925311
30
0
11
-1932.5152377050358
21
1254.294472925311
31
0
0
LINE
5
FB
330
13
100
AcDbEntity
100
AcDbLine
8
EKP_VODAFONE_RRU
10
-1959.5152387779194
20
1227.2944718524275
30
0
11
-1959.5152387779194
21
1281.2944739981947
31
0
0
TEXT
5
FC
330
13
100
AcDbEntity
100
AcDbText
8
EKP_VODAFONE_RRU
10
-1959.5152387779194
20
1276.9744738265333
30
0
40
37.800001502037055
1
Vodafone RRU (Sol Boru 3, Alt)
50
0
7
STANDARD
72
1
11
-1959.5152387779194
21
1276.9744738265333
31
0
100
AcDbText
73
2
0
LWPOLYLINE
5
FD
330
13
100
AcDbEntity
100
AcDbPolyline
8
EKP_VODAFONE_RRU
6
ByLayer
62
256
370
-1
90
4
70
1
10
-2230.5152412440616
20
1186.794470243102
10
-2230.5152412440616
20
1321.79447560752
10
-1688.5152363117775
20
1321.79447560752
10
-1688.5152363117775
20
1186.794470243102
0
LINE
5
FE
330
13
100
AcDbEntity
100
AcDbLine
8
EKP_VODAFONE_RRU
10
-2230.5152412440616
20
1211.0944712086973
30
0
11
-1688.5152363117775
21
1211.0944712086973
31
0
0
LINE
5
FF
330
13
100
AcDbEntity
100
AcDbLine
8
EKP_VODAFONE_RRU
10
-1986.515239850803
20
1254.294472925311
30
0
11
-1932.5152377050358
21
1254.294472925311
31
0
0
LINE
5
100
330
13
100
AcDbEntity
100
AcDbLine
8
EKP_VODAFONE_RRU
10
-1959.5152387779194
20
1227.2944718524275
30
0
11
-1959.5152387779194
21
1281.2944739981947
31
0
0
TEXT
5
101
330
13
100
AcDbEntity
100
AcDbText
8
EKP_VODAFONE_RRU
10
-1959.5152387779194
20
1276.9744738265333
30
0
40
37.800001502037055
1
Vodafone RRU (Sol Boru 3, Ust)
50
0
7
STANDARD
72
1
11
-1959.5152387779194
21
1276.9744738265333
31
0
100
AcDbText
73
2
0
LWPOLYLINE
5
102
330
13
100
AcDbEntity
100
AcDbPolyline
8
EKP_VODAFONE_RRU
6
ByLayer
62
256
370
-1
90
4
70
1
10
-2230.5152412440616
20
1006.7944702431021
10
-2230.5152412440616
20
1141.79447560752
10
-1688.5152363117775
20
1141.79447560752
10
-1688.5152363117775
20
1006.7944702431021
0
LINE
5
103
330
13
100
AcDbEntity
100
AcDbLine
8
EKP_VODAFONE_RRU
10
-2230.5152412440616
20
1031.0944712086973
30
0
11
-1688.5152363117775
21
1031.0944712086973
31
0
0
LINE
5
104
330
13
100
AcDbEntity
100
AcDbLine
8
EKP_VODAFONE_RRU
10
-1986.515239850803
20
1074.294472925311
30
0
11
-1932.5152377050358
21
1074.294472925311
31
0
0
LINE
5
105
330
13
100
AcDbEntity
100
AcDbLine
8
EKP_VODAFONE_RRU
10
-1959.5152387779194
20
1047.2944718524275
30
0
11
-1959.5152387779194
21
1101.2944739981947
31
0
0
TEXT
5
106
330
13
100
AcDbEntity
100
AcDbText
8
EKP_VODAFONE_RRU
10
-1959.5152387779194
20
1096.9744738265333
30
0
40
37.800001502037055
1
Vodafone RRU (Sol Boru 4, Alt)
50
0
7
STANDARD
72
1
11
-1959.5152387779194
21
1096.9744738265333
31
0
100
AcDbText
73
2
0
LWPOLYLINE
5
107
330
13
100
AcDbEntity
100
AcDbPolyline
8
EKP_VODAFONE_RRU
6
ByLayer
62
256
370
-1
90
4
70
1
10
-2230.5152412440616
20
1006.7944702431021
10
-2230.5152412440616
20
1141.79447560752
10
-1688.5152363117775
20
1141.79447560752
10
-1688.5152363117775
20
1006.7944702431021
0
LINE
5
108
330
13
100
AcDbEntity
100
AcDbLine
8
EKP_VODAFONE_RRU
10
-2230.5152412440616
20
1031.0944712086973
30
0
11
-1688.5152363117775
21
1031.0944712086973
31
0
0
LINE
5
109
330
13
100
AcDbEntity
100
AcDbLine
8
EKP_VODAFONE_RRU
10
-1986.515239850803
20
1074.294472925311
30
0
11
-1932.5152377050358
21
1074.294472925311
31
0
0
LINE
5
10A
330
13
100
AcDbEntity
100
AcDbLine
8
EKP_VODAFONE_RRU
10
-1959.5152387779194
20
1047.2944718524275
30
0
11
-1959.5152387779194
21
1101.2944739981947
31
0
0
TEXT
5
10B
330
13
100
AcDbEntity
100
AcDbText
8
EKP_VODAFONE_RRU
10
-1959.5152387779194
20
1096.9744738265333
30
0
40
37.800001502037055
1
Vodafone RRU (Sol Boru 4, Ust)
50
0
7
STANDARD
72
1
11
-1959.5152387779194
21
1096.9744738265333
31
0
100
AcDbText
73
2
0
LWPOLYLINE
5
10C
330
13
100
AcDbEntity
100
AcDbPolyline
8
EKP_VODAFONE_RRU
6
ByLayer
62
256
370
-1
90
4
70
1
10
-2230.5152412440616
20
826.7944702431021
10
-2230.5152412440616
20
961.7944756075201
10
-1688.5152363117775
20
961.7944756075201
10
-1688.5152363117775
20
826.7944702431021
0
LINE
5
10D
330
13
100
AcDbEntity
100
AcDbLine
8
EKP_VODAFONE_RRU
10
-2230.5152412440616
20
851.0944712086973
30
0
11
-1688.5152363117775
21
851.0944712086973
31
0
0
LINE
5
10E
330
13
100
AcDbEntity
100
AcDbLine
8
EKP_VODAFONE_RRU
10
-1986.515239850803
20
894.2944729253111
30
0
11
-1932.5152377050358
21
894.2944729253111
31
0
0
LINE
5
10F
330
13
100
AcDbEntity
100
AcDbLine
8
EKP_VODAFONE_RRU
10
-1959.5152387779194
20
867.2944718524275
30
0
11
-1959.5152387779194
21
921.2944739981947
31
0
0
TEXT
5
110
330
13
100
AcDbEntity
100
AcDbText
8
EKP_VODAFONE_RRU
10
-1959.5152387779194
20
916.9744738265333
30
0
40
37.800001502037055
1
Vodafone RRU (Sol Boru 5, Alt)
50
0
7
STANDARD
72
1
11
-1959.5152387779194
21
916.9744738265333
31
0
100
AcDbText
73
2
0
LWPOLYLINE
5
218
330
13
100
AcDbEntity
100
AcDbPolyline
8
EKP_VODAFONE_RRU
6
ByLayer
62
256
370
-1
90
4
70
1
10
-3725
20
4104
10
-3725
20
4460
10
-3585
20
4460
10
-3585
20
4104
0
LINE
5
219
330
13
100
AcDbEntity
100
AcDbLine
8
EKP_VODAFONE_RRU
10
-3710
20
4104
30
0
11
-3710
21
4460
31
0
0
LINE
5
21A
330
13
100
AcDbEntity
100
AcDbLine
8
EKP_VODAFONE_RRU
10
-3680
20
4282
30
0
11
-3630
21
4282
31
0
0
LINE
5
21B
330
13
100
AcDbEntity
100
AcDbLine
8
EKP_VODAFONE_RRU
10
-3655
20
4257
30
0
11
-3655
21
4307
31
0
0
TEXT
5
21C
330
13
100
AcDbEntity
100
AcDbText
8
EKP_VODAFONE_RRU
10
-3655
20
4282
30
0
40
32
1
VDF
50
0
7
STANDARD
72
1
11
-3655
21
4282
31
0
100
AcDbText
73
2
0
LWPOLYLINE
5
22D
330
13
100
AcDbEntity
100
AcDbPolyline
8
EKP_VODAFONE_RRU
6
ByLayer
62
256
370
-1
90
4
70
1
10
-2085
20
4104
10
-2085
20
4460
10
-1945
20
4460
10
-1945
20
4104
0
LINE
5
22E
330
13
100
AcDbEntity
100
AcDbLine
8
EKP_VODAFONE_RRU
10
-2070
20
4104
30
0
11
-2070
21
4460
31
0
0
LINE
5
22F
330
13
100
AcDbEntity
100
AcDbLine
8
EKP_VODAFONE_RRU
10
-2040
20
4282
30
0
11
-1990
21
4282
31
0
0
LINE
5
230
330
13
100
AcDbEntity
100
AcDbLine
8
EKP_VODAFONE_RRU
10
-2015
20
4257
30
0
11
-2015
21
4307
31
0
0
TEXT
5
231
330
13
100
AcDbEntity
100
AcDbText
8
EKP_VODAFONE_RRU
10
-2015
20
4282
30
0
40
32
1
VDF
50
0
7
STANDARD
72
1
11
-2015
21
4282
31
0
100
AcDbText
73
2
0
LWPOLYLINE
5
37A
330
13
100
AcDbEntity
100
AcDbPolyline
8
EKP_VODAFONE_RRU
6
ByLayer
62
256
370
-1
90
4
70
1
10
-11405
20
13104
10
-11405
20
13460
10
-11265
20
13460
10
-11265
20
13104
0
LINE
5
37B
330
13
100
AcDbEntity
100
AcDbLine
8
EKP_VODAFONE_RRU
10
-11390
20
13104
30
0
11
-11390
21
13460
31
0
0
LINE
5
37C
330
13
100
AcDbEntity
100
AcDbLine
8
EKP_VODAFONE_RRU
10
-11360
20
13282
30
0
11
-11310
21
13282
31
0
0
LINE
5
37D
330
13
100
AcDbEntity
100
AcDbLine
8
EKP_VODAFONE_RRU
10
-11335
20
13257
30
0
11
-11335
21
13307
31
0
0
TEXT
5
37E
330
13
100
AcDbEntity
100
AcDbText
8
EKP_VODAFONE_RRU
10
-11335
20
13282
30
0
40
32
1
VDF
50
0
7
STANDARD
72
1
11
-11335
21
13282
31
0
100
AcDbText
73
2
0
LWPOLYLINE
5
38F
330
13
100
AcDbEntity
100
AcDbPolyline
8
EKP_VODAFONE_RRU
6
ByLayer
62
256
370
-1
90
4
70
1
10
-6405
20
13104
10
-6405
20
13460
10
-6265
20
13460
10
-6265
20
13104
0
LINE
5
390
330
13
100
AcDbEntity
100
AcDbLine
8
EKP_VODAFONE_RRU
10
-6390
20
13104
30
0
11
-6390
21
13460
31
0
0
LINE
5
391
330
13
100
AcDbEntity
100
AcDbLine
8
EKP_VODAFONE_RRU
10
-6360
20
13282
30
0
11
-6310
21
13282
31
0
0
LINE
5
392
330
13
100
AcDbEntity
100
AcDbLine
8
EKP_VODAFONE_RRU
10
-6335
20
13257
30
0
11
-6335
21
13307
31
0
0
TEXT
5
393
330
13
100
AcDbEntity
100
AcDbText
8
EKP_VODAFONE_RRU
10
-6335
20
13282
30
0
40
32
1
VDF
50
0
7
STANDARD
72
1
11
-6335
21
13282
31
0
100
AcDbText
73
2
0
LWPOLYLINE
5
447
330
13
100
AcDbEntity
100
AcDbPolyline
8
EKP_VODAFONE_RRU
6
ByLayer
62
256
370
-1
90
4
70
1
10
-2370
20
-6400
10
-2370
20
-5920
10
-1970
20
-5920
10
-1970
20
-6400
0
LWPOLYLINE
5
448
330
13
100
AcDbEntity
100
AcDbPolyline
8
EKP_VODAFONE_RRU
6
ByLayer
62
256
370
-1
90
4
70
1
10
-2250
20
-5920
10
-2250
20
-5890
10
-2090
20
-5890
10
-2090
20
-5920
0
TEXT
5
449
330
13
100
AcDbEntity
100
AcDbText
8
EKP_VODAFONE_RRU
10
-2170
20
-6160
30
0
40
45
1
VODA
50
0
7
STANDARD
72
1
11
-2170
21
-6160
31
0
100
AcDbText
73
2
0
LWPOLYLINE
5
44B
330
13
100
AcDbEntity
100
AcDbPolyline
8
EKP_VODAFONE_RRU
6
ByLayer
62
256
370
-1
90
4
70
1
10
-2370
20
-5620
10
-2370
20
-5140
10
-1970
20
-5140
10
-1970
20
-5620
0
LWPOLYLINE
5
44C
330
13
100
AcDbEntity
100
AcDbPolyline
8
EKP_VODAFONE_RRU
6
ByLayer
62
256
370
-1
90
4
70
1
10
-2250
20
-5140
10
-2250
20
-5110
10
-2090
20
-5110
10
-2090
20
-5140
0
TEXT
5
44D
330
13
100
AcDbEntity
100
AcDbText
8
EKP_VODAFONE_RRU
10
-2170
20
-5380
30
0
40
45
1
VODA
50
0
7
STANDARD
72
1
11
-2170
21
-5380
31
0
100
AcDbText
73
2
0
LWPOLYLINE
5
484
330
13
100
AcDbEntity
100
AcDbPolyline
8
EKP_VODAFONE_RRU
6
ByLayer
62
256
370
-1
90
4
70
1
10
-4302
20
-13450
10
-4302
20
-12970
10
-3870
20
-12970
10
-3870
20
-13450
0
LWPOLYLINE
5
485
330
13
100
AcDbEntity
100
AcDbPolyline
8
EKP_VODAFONE_RRU
6
ByLayer
62
256
370
-1
90
4
70
1
10
-4172.4
20
-12970
10
-4172.4
20
-12940
10
-3999.6
20
-12940
10
-3999.6
20
-12970
0
TEXT
5
486
330
13
100
AcDbEntity
100
AcDbText
8
EKP_VODAFONE_RRU
10
-4086
20
-13210
30
0
40
45
1
VODA
50
0
7
STANDARD
72
1
11
-4086
21
-13210
31
0
100
AcDbText
73
2
0
LWPOLYLINE
5
488
330
13
100
AcDbEntity
100
AcDbPolyline
8
EKP_VODAFONE_RRU
6
ByLayer
62
256
370
-1
90
4
70
1
10
-3770
20
-13450
10
-3770
20
-12970
10
-3338
20
-12970
10
-3338
20
-13450
0
LWPOLYLINE
5
489
330
13
100
AcDbEntity
100
AcDbPolyline
8
EKP_VODAFONE_RRU
6
ByLayer
62
256
370
-1
90
4
70
1
10
-3640.4
20
-12970
10
-3640.4
20
-12940
10
-3467.6
20
-12940
10
-3467.6
20
-12970
0
TEXT
5
48A
330
13
100
AcDbEntity
100
AcDbText
8
EKP_VODAFONE_RRU
10
-3554
20
-13210
30
0
40
45
1
VODA
50
0
7
STANDARD
72
1
11
-3554
21
-13210
31
0
100
AcDbText
73
2
0
LWPOLYLINE
5
49E
330
13
100
AcDbEntity
100
AcDbPolyline
8
EKP_VODAFONE_RRU
6
ByLayer
62
256
370
-1
90
4
70
1
10
-2662
20
-13450
10
-2662
20
-12970
10
-2230
20
-12970
10
-2230
20
-13450
0
LWPOLYLINE
5
49F
330
13
100
AcDbEntity
100
AcDbPolyline
8
EKP_VODAFONE_RRU
6
ByLayer
62
256
370
-1
90
4
70
1
10
-2532.4
20
-12970
10
-2532.4
20
-12940
10
-2359.6
20
-12940
10
-2359.6
20
-12970
0
TEXT
5
4A0
330
13
100
AcDbEntity
100
AcDbText
8
EKP_VODAFONE_RRU
10
-2446
20
-13210
30
0
40
45
1
VODA
50
0
7
STANDARD
72
1
11
-2446
21
-13210
31
0
100
AcDbText
73
2
0
LWPOLYLINE
5
4A2
330
13
100
AcDbEntity
100
AcDbPolyline
8
EKP_VODAFONE_RRU
6
ByLayer
62
256
370
-1
90
4
70
1
10
-2130
20
-13450
10
-2130
20
-12970
10
-1698
20
-12970
10
-1698
20
-13450
0
LWPOLYLINE
5
4A3
330
13
100
AcDbEntity
100
AcDbPolyline
8
EKP_VODAFONE_RRU
6
ByLayer
62
256
370
-1
90
4
70
1
10
-2000.4
20
-12970
10
-2000.4
20
-12940
10
-1827.6
20
-12940
10
-1827.6
20
-12970
0
TEXT
5
4A4
330
13
100
AcDbEntity
100
AcDbText
8
EKP_VODAFONE_RRU
10
-1914
20
-13210
30
0
40
45
1
VODA
50
0
7
STANDARD
72
1
11
-1914
21
-13210
31
0
100
AcDbText
73
2
0
LWPOLYLINE
5
120
330
13
100
AcDbEntity
100
AcDbPolyline
8
EKP_TURK_TELEKOM_RRU
6
ByLayer
62
256
370
-1
90
4
70
1
10
-1276.5152450140556
20
1454.2944726272879
10
-1276.5152450140556
20
1594.2944732233343
10
-810.5152425851663
20
1594.2944732233343
10
-810.5152425851663
20
1454.2944726272879
0
LINE
5
121
330
13
100
AcDbEntity
100
AcDbLine
8
EKP_TURK_TELEKOM_RRU
10
-1276.5152450140556
20
1479.4944727345762
30
0
11
-810.5152425851663
21
1479.4944727345762
31
0
0
LINE
5
122
330
13
100
AcDbEntity
100
AcDbLine
8
EKP_TURK_TELEKOM_RRU
10
-1071.5152439188203
20
1524.294472925311
30
0
11
-1015.5152436804017
21
1524.294472925311
31
0
0
LINE
5
123
330
13
100
AcDbEntity
100
AcDbLine
8
EKP_TURK_TELEKOM_RRU
10
-1043.515243799611
20
1496.2944728061018
30
0
11
-1043.515243799611
21
1552.2944730445204
31
0
0
TEXT
5
124
330
13
100
AcDbEntity
100
AcDbText
8
EKP_TURK_TELEKOM_RRU
10
-1043.515243799611
20
1547.814473025447
30
0
40
39.20000016689301
1
Turk Telekom RRU (Sag Boru 1, Alt)
50
0
7
STANDARD
72
1
11
-1043.515243799611
21
1547.814473025447
31
0
100
AcDbText
73
2
0
LWPOLYLINE
5
125
330
13
100
AcDbEntity
100
AcDbPolyline
8
EKP_TURK_TELEKOM_RRU
6
ByLayer
62
256
370
-1
90
4
70
1
10
-1276.5152450140556
20
1454.2944726272879
10
-1276.5152450140556
20
1594.2944732233343
10
-810.5152425851663
20
1594.2944732233343
10
-810.5152425851663
20
1454.2944726272879
0
LINE
5
126
330
13
100
AcDbEntity
100
AcDbLine
8
EKP_TURK_TELEKOM_RRU
10
-1276.5152450140556
20
1479.4944727345762
30
0
11
-810.5152425851663
21
1479.4944727345762
31
0
0
LINE
5
127
330
13
100
AcDbEntity
100
AcDbLine
8
EKP_TURK_TELEKOM_RRU
10
-1071.5152439188203
20
1524.294472925311
30
0
11
-1015.5152436804017
21
1524.294472925311
31
0
0
LINE
5
128
330
13
100
AcDbEntity
100
AcDbLine
8
EKP_TURK_TELEKOM_RRU
10
-1043.515243799611
20
1496.2944728061018
30
0
11
-1043.515243799611
21
1552.2944730445204
31
0
0
TEXT
5
129
330
13
100
AcDbEntity
100
AcDbText
8
EKP_TURK_TELEKOM_RRU
10
-1043.515243799611
20
1547.814473025447
30
0
40
39.20000016689301
1
Turk Telekom RRU (Sag Boru 1, Ust)
50
0
7
STANDARD
72
1
11
-1043.515243799611
21
1547.814473025447
31
0
100
AcDbText
73
2
0
LWPOLYLINE
5
12A
330
13
100
AcDbEntity
100
AcDbPolyline
8
EKP_TURK_TELEKOM_RRU
6
ByLayer
62
256
370
-1
90
4
70
1
10
-1276.5152450140556
20
1274.2944726272879
10
-1276.5152450140556
20
1414.2944732233343
10
-810.5152425851663
20
1414.2944732233343
10
-810.5152425851663
20
1274.2944726272879
0
LINE
5
12B
330
13
100
AcDbEntity
100
AcDbLine
8
EKP_TURK_TELEKOM_RRU
10
-1276.5152450140556
20
1299.4944727345762
30
0
11
-810.5152425851663
21
1299.4944727345762
31
0
0
LINE
5
12C
330
13
100
AcDbEntity
100
AcDbLine
8
EKP_TURK_TELEKOM_RRU
10
-1071.5152439188203
20
1344.294472925311
30
0
11
-1015.5152436804017
21
1344.294472925311
31
0
0
LINE
5
12D
330
13
100
AcDbEntity
100
AcDbLine
8
EKP_TURK_TELEKOM_RRU
10
-1043.515243799611
20
1316.2944728061018
30
0
11
-1043.515243799611
21
1372.2944730445204
31
0
0
TEXT
5
12E
330
13
100
AcDbEntity
100
AcDbText
8
EKP_TURK_TELEKOM_RRU
10
-1043.515243799611
20
1367.814473025447
30
0
40
39.20000016689301
1
Turk Telekom RRU (Sag Boru 2, Alt)
50
0
7
STANDARD
72
1
11
-1043.515243799611
21
1367.814473025447
31
0
100
AcDbText
73
2
0
LWPOLYLINE
5
12F
330
13
100
AcDbEntity
100
AcDbPolyline
8
EKP_TURK_TELEKOM_RRU
6
ByLayer
62
256
370
-1
90
4
70
1
10
-1276.5152450140556
20
1274.2944726272879
10
-1276.5152450140556
20
1414.2944732233343
10
-810.5152425851663
20
1414.2944732233343
10
-810.5152425851663
20
1274.2944726272879
0
LINE
5
130
330
13
100
AcDbEntity
100
AcDbLine
8
EKP_TURK_TELEKOM_RRU
10
-1276.5152450140556
20
1299.4944727345762
30
0
11
-810.5152425851663
21
1299.4944727345762
31
0
0
LINE
5
131
330
13
100
AcDbEntity
100
AcDbLine
8
EKP_TURK_TELEKOM_RRU
10
-1071.5152439188203
20
1344.294472925311
30
0
11
-1015.5152436804017
21
1344.294472925311
31
0
0
LINE
5
132
330
13
100
AcDbEntity
100
AcDbLine
8
EKP_TURK_TELEKOM_RRU
10
-1043.515243799611
20
1316.2944728061018
30
0
11
-1043.515243799611
21
1372.2944730445204
31
0
0
TEXT
5
133
330
13
100
AcDbEntity
100
AcDbText
8
EKP_TURK_TELEKOM_RRU
10
-1043.515243799611
20
1367.814473025447
30
0
40
39.20000016689301
1
Turk Telekom RRU (Sag Boru 2, Ust)
50
0
7
STANDARD
72
1
11
-1043.515243799611
21
1367.814473025447
31
0
100
AcDbText
73
2
0
LWPOLYLINE
5
134
330
13
100
AcDbEntity
100
AcDbPolyline
8
EKP_TURK_TELEKOM_RRU
6
ByLayer
62
256
370
-1
90
4
70
1
10
-1276.5152450140556
20
1094.2944726272879
10
-1276.5152450140556
20
1234.2944732233343
10
-810.5152425851663
20
1234.2944732233343
10
-810.5152425851663
20
1094.2944726272879
0
LINE
5
135
330
13
100
AcDbEntity
100
AcDbLine
8
EKP_TURK_TELEKOM_RRU
10
-1276.5152450140556
20
1119.4944727345762
30
0
11
-810.5152425851663
21
1119.4944727345762
31
0
0
LINE
5
136
330
13
100
AcDbEntity
100
AcDbLine
8
EKP_TURK_TELEKOM_RRU
10
-1071.5152439188203
20
1164.294472925311
30
0
11
-1015.5152436804017
21
1164.294472925311
31
0
0
LINE
5
137
330
13
100
AcDbEntity
100
AcDbLine
8
EKP_TURK_TELEKOM_RRU
10
-1043.515243799611
20
1136.2944728061018
30
0
11
-1043.515243799611
21
1192.2944730445204
31
0
0
TEXT
5
138
330
13
100
AcDbEntity
100
AcDbText
8
EKP_TURK_TELEKOM_RRU
10
-1043.515243799611
20
1187.814473025447
30
0
40
39.20000016689301
1
Turk Telekom RRU (Sag Boru 3, Alt)
50
0
7
STANDARD
72
1
11
-1043.515243799611
21
1187.814473025447
31
0
100
AcDbText
73
2
0
LWPOLYLINE
5
139
330
13
100
AcDbEntity
100
AcDbPolyline
8
EKP_TURK_TELEKOM_RRU
6
ByLayer
62
256
370
-1
90
4
70
1
10
-1276.5152450140556
20
1094.2944726272879
10
-1276.5152450140556
20
1234.2944732233343
10
-810.5152425851663
20
1234.2944732233343
10
-810.5152425851663
20
1094.2944726272879
0
LINE
5
13A
330
13
100
AcDbEntity
100
AcDbLine
8
EKP_TURK_TELEKOM_RRU
10
-1276.5152450140556
20
1119.4944727345762
30
0
11
-810.5152425851663
21
1119.4944727345762
31
0
0
LINE
5
13B
330
13
100
AcDbEntity
100
AcDbLine
8
EKP_TURK_TELEKOM_RRU
10
-1071.5152439188203
20
1164.294472925311
30
0
11
-1015.5152436804017
21
1164.294472925311
31
0
0
LINE
5
13C
330
13
100
AcDbEntity
100
AcDbLine
8
EKP_TURK_TELEKOM_RRU
10
-1043.515243799611
20
1136.2944728061018
30
0
11
-1043.515243799611
21
1192.2944730445204
31
0
0
TEXT
5
13D
330
13
100
AcDbEntity
100
AcDbText
8
EKP_TURK_TELEKOM_RRU
10
-1043.515243799611
20
1187.814473025447
30
0
40
39.20000016689301
1
Turk Telekom RRU (Sag Boru 3, Ust)
50
0
7
STANDARD
72
1
11
-1043.515243799611
21
1187.814473025447
31
0
100
AcDbText
73
2
0
LWPOLYLINE
5
223
330
13
100
AcDbEntity
100
AcDbPolyline
8
EKP_TURK_TELEKOM_RRU
6
ByLayer
62
256
370
-1
90
4
70
1
10
-2415
20
4104
10
-2415
20
4460
10
-2275
20
4460
10
-2275
20
4104
0
LINE
5
224
330
13
100
AcDbEntity
100
AcDbLine
8
EKP_TURK_TELEKOM_RRU
10
-2400
20
4104
30
0
11
-2400
21
4460
31
0
0
LINE
5
225
330
13
100
AcDbEntity
100
AcDbLine
8
EKP_TURK_TELEKOM_RRU
10
-2370
20
4282
30
0
11
-2320
21
4282
31
0
0
LINE
5
226
330
13
100
AcDbEntity
100
AcDbLine
8
EKP_TURK_TELEKOM_RRU
10
-2345
20
4257
30
0
11
-2345
21
4307
31
0
0
TEXT
5
227
330
13
100
AcDbEntity
100
AcDbText
8
EKP_TURK_TELEKOM_RRU
10
-2345
20
4282
30
0
40
32
1
TT
50
0
7
STANDARD
72
1
11
-2345
21
4282
31
0
100
AcDbText
73
2
0
LWPOLYLINE
5
228
330
13
100
AcDbEntity
100
AcDbPolyline
8
EKP_TURK_TELEKOM_RRU
6
ByLayer
62
256
370
-1
90
4
70
1
10
-2250
20
4104
10
-2250
20
4460
10
-2110
20
4460
10
-2110
20
4104
0
LINE
5
229
330
13
100
AcDbEntity
100
AcDbLine
8
EKP_TURK_TELEKOM_RRU
10
-2235
20
4104
30
0
11
-2235
21
4460
31
0
0
LINE
5
22A
330
13
100
AcDbEntity
100
AcDbLine
8
EKP_TURK_TELEKOM_RRU
10
-2205
20
4282
30
0
11
-2155
21
4282
31
0
0
LINE
5
22B
330
13
100
AcDbEntity
100
AcDbLine
8
EKP_TURK_TELEKOM_RRU
10
-2180
20
4257
30
0
11
-2180
21
4307
31
0
0
TEXT
5
22C
330
13
100
AcDbEntity
100
AcDbText
8
EKP_TURK_TELEKOM_RRU
10
-2180
20
4282
30
0
40
32
1
TT
50
0
7
STANDARD
72
1
11
-2180
21
4282
31
0
100
AcDbText
73
2
0
LWPOLYLINE
5
385
330
13
100
AcDbEntity
100
AcDbPolyline
8
EKP_TURK_TELEKOM_RRU
6
ByLayer
62
256
370
-1
90
4
70
1
10
-6735
20
13104
10
-6735
20
13460
10
-6595
20
13460
10
-6595
20
13104
0
LINE
5
386
330
13
100
AcDbEntity
100
AcDbLine
8
EKP_TURK_TELEKOM_RRU
10
-6720
20
13104
30
0
11
-6720
21
13460
31
0
0
LINE
5
387
330
13
100
AcDbEntity
100
AcDbLine
8
EKP_TURK_TELEKOM_RRU
10
-6690
20
13282
30
0
11
-6640
21
13282
31
0
0
LINE
5
388
330
13
100
AcDbEntity
100
AcDbLine
8
EKP_TURK_TELEKOM_RRU
10
-6665
20
13257
30
0
11
-6665
21
13307
31
0
0
TEXT
5
389
330
13
100
AcDbEntity
100
AcDbText
8
EKP_TURK_TELEKOM_RRU
10
-6665
20
13282
30
0
40
32
1
TT
50
0
7
STANDARD
72
1
11
-6665
21
13282
31
0
100
AcDbText
73
2
0
LWPOLYLINE
5
38A
330
13
100
AcDbEntity
100
AcDbPolyline
8
EKP_TURK_TELEKOM_RRU
6
ByLayer
62
256
370
-1
90
4
70
1
10
-6570
20
13104
10
-6570
20
13460
10
-6430
20
13460
10
-6430
20
13104
0
LINE
5
38B
330
13
100
AcDbEntity
100
AcDbLine
8
EKP_TURK_TELEKOM_RRU
10
-6555
20
13104
30
0
11
-6555
21
13460
31
0
0
LINE
5
38C
330
13
100
AcDbEntity
100
AcDbLine
8
EKP_TURK_TELEKOM_RRU
10
-6525
20
13282
30
0
11
-6475
21
13282
31
0
0
LINE
5
38D
330
13
100
AcDbEntity
100
AcDbLine
8
EKP_TURK_TELEKOM_RRU
10
-6500
20
13257
30
0
11
-6500
21
13307
31
0
0
TEXT
5
38E
330
13
100
AcDbEntity
100
AcDbText
8
EKP_TURK_TELEKOM_RRU
10
-6500
20
13282
30
0
40
32
1
TT
50
0
7
STANDARD
72
1
11
-6500
21
13282
31
0
100
AcDbText
73
2
0
LWPOLYLINE
5
451
330
13
100
AcDbEntity
100
AcDbPolyline
8
EKP_TURK_TELEKOM_RRU
6
ByLayer
62
256
370
-1
90
4
70
1
10
-1070
20
-6400
10
-1070
20
-5920
10
-710
20
-5920
10
-710
20
-6400
0
LWPOLYLINE
5
452
330
13
100
AcDbEntity
100
AcDbPolyline
8
EKP_TURK_TELEKOM_RRU
6
ByLayer
62
256
370
-1
90
4
70
1
10
-962
20
-5920
10
-962
20
-5890
10
-818
20
-5890
10
-818
20
-5920
0
TEXT
5
453
330
13
100
AcDbEntity
100
AcDbText
8
EKP_TURK_TELEKOM_RRU
10
-890
20
-6160
30
0
40
45
1
TT
50
0
7
STANDARD
72
1
11
-890
21
-6160
31
0
100
AcDbText
73
2
0
LWPOLYLINE
5
4A6
330
13
100
AcDbEntity
100
AcDbPolyline
8
EKP_TURK_TELEKOM_RRU
6
ByLayer
62
256
370
-1
90
4
70
1
10
-2586
20
-12600
10
-2586
20
-12120
10
-2230
20
-12120
10
-2230
20
-12600
0
LWPOLYLINE
5
4A7
330
13
100
AcDbEntity
100
AcDbPolyline
8
EKP_TURK_TELEKOM_RRU
6
ByLayer
62
256
370
-1
90
4
70
1
10
-2479.2
20
-12120
10
-2479.2
20
-12090
10
-2336.8
20
-12090
10
-2336.8
20
-12120
0
TEXT
5
4A8
330
13
100
AcDbEntity
100
AcDbText
8
EKP_TURK_TELEKOM_RRU
10
-2408
20
-12360
30
0
40
45
1
TT
50
0
7
STANDARD
72
1
11
-2408
21
-12360
31
0
100
AcDbText
73
2
0
LWPOLYLINE
5
4AA
330
13
100
AcDbEntity
100
AcDbPolyline
8
EKP_TURK_TELEKOM_RRU
6
ByLayer
62
256
370
-1
90
4
70
1
10
-2130
20
-12600
10
-2130
20
-12120
10
-1774
20
-12120
10
-1774
20
-12600
0
LWPOLYLINE
5
4AB
330
13
100
AcDbEntity
100
AcDbPolyline
8
EKP_TURK_TELEKOM_RRU
6
ByLayer
62
256
370
-1
90
4
70
1
10
-2023.2
20
-12120
10
-2023.2
20
-12090
10
-1880.8
20
-12090
10
-1880.8
20
-12120
0
TEXT
5
4AC
330
13
100
AcDbEntity
100
AcDbText
8
EKP_TURK_TELEKOM_RRU
10
-1952
20
-12360
30
0
40
45
1
TT
50
0
7
STANDARD
72
1
11
-1952
21
-12360
31
0
100
AcDbText
73
2
0
LWPOLYLINE
5
4AE
330
13
100
AcDbEntity
100
AcDbPolyline
8
EKP_TURK_TELEKOM_RRU
6
ByLayer
62
256
370
-1
90
4
70
1
10
-2586
20
-11750
10
-2586
20
-11270
10
-2230
20
-11270
10
-2230
20
-11750
0
LWPOLYLINE
5
4AF
330
13
100
AcDbEntity
100
AcDbPolyline
8
EKP_TURK_TELEKOM_RRU
6
ByLayer
62
256
370
-1
90
4
70
1
10
-2479.2
20
-11270
10
-2479.2
20
-11240
10
-2336.8
20
-11240
10
-2336.8
20
-11270
0
TEXT
5
4B0
330
13
100
AcDbEntity
100
AcDbText
8
EKP_TURK_TELEKOM_RRU
10
-2408
20
-11510
30
0
40
45
1
TT
50
0
7
STANDARD
72
1
11
-2408
21
-11510
31
0
100
AcDbText
73
2
0
LWPOLYLINE
5
4B2
330
13
100
AcDbEntity
100
AcDbPolyline
8
EKP_TURK_TELEKOM_RRU
6
ByLayer
62
256
370
-1
90
4
70
1
10
-2130
20
-11750
10
-2130
20
-11270
10
-1774
20
-11270
10
-1774
20
-11750
0
LWPOLYLINE
5
4B3
330
13
100
AcDbEntity
100
AcDbPolyline
8
EKP_TURK_TELEKOM_RRU
6
ByLayer
62
256
370
-1
90
4
70
1
10
-2023.2
20
-11270
10
-2023.2
20
-11240
10
-1880.8
20
-11240
10
-1880.8
20
-11270
0
TEXT
5
4B4
330
13
100
AcDbEntity
100
AcDbText
8
EKP_TURK_TELEKOM_RRU
10
-1952
20
-11510
30
0
40
45
1
TT
50
0
7
STANDARD
72
1
11
-1952
21
-11510
31
0
100
AcDbText
73
2
0
LWPOLYLINE
5
82
330
13
100
AcDbEntity
100
AcDbPolyline
8
EKP_POI_TASIYICI_SASE
6
ByLayer
62
256
370
-1
90
4
70
1
10
-4671.001260258478
20
830.5947919775797
10
-4671.001260258478
20
1530.5947800566512
10
-4051.0012596624315
20
1530.5947800566512
10
-4051.0012596624315
20
830.5947919775797
0
LWPOLYLINE
5
83
330
13
100
AcDbEntity
100
AcDbPolyline
8
EKP_POI_TASIYICI_SASE
6
ByLayer
62
256
370
-1
90
4
70
1
10
-4671.001260258478
20
830.5947919775797
10
-4671.001260258478
20
890.5947919775797
10
-4611.001260258478
20
890.5947919775797
10
-4611.001260258478
20
830.5947919775797
0
LWPOLYLINE
5
84
330
13
100
AcDbEntity
100
AcDbPolyline
8
EKP_POI_TASIYICI_SASE
6
ByLayer
62
256
370
-1
90
4
70
1
10
-4111.001259662431
20
830.5947919775797
10
-4111.001259662431
20
890.5947919775797
10
-4051.0012596624315
20
890.5947919775797
10
-4051.0012596624315
20
830.5947919775797
0
LWPOLYLINE
5
85
330
13
100
AcDbEntity
100
AcDbPolyline
8
EKP_POI_TASIYICI_SASE
6
ByLayer
62
256
370
-1
90
4
70
1
10
-4671.001260258478
20
1470.5947800566512
10
-4671.001260258478
20
1530.5947800566512
10
-4611.001260258478
20
1530.5947800566512
10
-4611.001260258478
20
1470.5947800566512
0
LWPOLYLINE
5
86
330
13
100
AcDbEntity
100
AcDbPolyline
8
EKP_POI_TASIYICI_SASE
6
ByLayer
62
256
370
-1
90
4
70
1
10
-4111.001259662431
20
1470.5947800566512
10
-4111.001259662431
20
1530.5947800566512
10
-4051.0012596624315
20
1530.5947800566512
10
-4051.0012596624315
20
1470.5947800566512
0
LWPOLYLINE
5
87
330
13
100
AcDbEntity
100
AcDbPolyline
8
EKP_POI_TASIYICI_SASE
6
ByLayer
62
256
370
-1
90
4
70
1
10
-4627.301259960455
20
890.5947919775797
10
-4627.301259960455
20
1470.5947800566512
10
-4602.301259960455
20
1470.5947800566512
10
-4602.301259960455
20
890.5947919775797
0
LWPOLYLINE
5
88
330
13
100
AcDbEntity
100
AcDbPolyline
8
EKP_POI_TASIYICI_SASE
6
ByLayer
62
256
370
-1
90
4
70
1
10
-4119.701259960455
20
890.5947919775797
10
-4119.701259960455
20
1470.5947800566512
10
-4094.701259960455
20
1470.5947800566512
10
-4094.701259960455
20
890.5947919775797
0
TEXT
5
89
330
13
100
AcDbEntity
100
AcDbText
8
EKP_POI_TASIYICI_SASE
10
-4361.001259960455
20
1180.5947860171154
30
0
40
55
1
30U POI Rack (4 POI) - Dogrudan Beton Zemin (Alan 2)
50
0
7
STANDARD
72
1
11
-4361.001259960455
21
1180.5947860171154
31
0
100
AcDbText
73
2
0
LWPOLYLINE
5
9E
330
13
100
AcDbEntity
100
AcDbPolyline
8
EKP_POI_TASIYICI_SASE
6
ByLayer
62
256
370
-1
90
4
70
1
10
-3925.809390623548
20
841.4694331756987
10
-3925.809390623548
20
1541.4694212547702
10
-3305.809390027501
20
1541.4694212547702
10
-3305.809390027501
20
841.4694331756987
0
LWPOLYLINE
5
9F
330
13
100
AcDbEntity
100
AcDbPolyline
8
EKP_POI_TASIYICI_SASE
6
ByLayer
62
256
370
-1
90
4
70
1
10
-3925.809390623548
20
841.4694331756987
10
-3925.809390623548
20
901.4694331756987
10
-3865.809390623548
20
901.4694331756987
10
-3865.809390623548
20
841.4694331756987
0
LWPOLYLINE
5
A0
330
13
100
AcDbEntity
100
AcDbPolyline
8
EKP_POI_TASIYICI_SASE
6
ByLayer
62
256
370
-1
90
4
70
1
10
-3365.809390027501
20
841.4694331756987
10
-3365.809390027501
20
901.4694331756987
10
-3305.809390027501
20
901.4694331756987
10
-3305.809390027501
20
841.4694331756987
0
LWPOLYLINE
5
A1
330
13
100
AcDbEntity
100
AcDbPolyline
8
EKP_POI_TASIYICI_SASE
6
ByLayer
62
256
370
-1
90
4
70
1
10
-3925.809390623548
20
1481.4694212547702
10
-3925.809390623548
20
1541.4694212547702
10
-3865.809390623548
20
1541.4694212547702
10
-3865.809390623548
20
1481.4694212547702
0
LWPOLYLINE
5
A2
330
13
100
AcDbEntity
100
AcDbPolyline
8
EKP_POI_TASIYICI_SASE
6
ByLayer
62
256
370
-1
90
4
70
1
10
-3365.809390027501
20
1481.4694212547702
10
-3365.809390027501
20
1541.4694212547702
10
-3305.809390027501
20
1541.4694212547702
10
-3305.809390027501
20
1481.4694212547702
0
LWPOLYLINE
5
A3
330
13
100
AcDbEntity
100
AcDbPolyline
8
EKP_POI_TASIYICI_SASE
6
ByLayer
62
256
370
-1
90
4
70
1
10
-3882.109390325525
20
901.4694331756987
10
-3882.109390325525
20
1481.4694212547702
10
-3857.109390325525
20
1481.4694212547702
10
-3857.109390325525
20
901.4694331756987
0
LWPOLYLINE
5
A4
330
13
100
AcDbEntity
100
AcDbPolyline
8
EKP_POI_TASIYICI_SASE
6
ByLayer
62
256
370
-1
90
4
70
1
10
-3374.5093903255247
20
901.4694331756987
10
-3374.5093903255247
20
1481.4694212547702
10
-3349.5093903255247
20
1481.4694212547702
10
-3349.5093903255247
20
901.4694331756987
0
TEXT
5
A5
330
13
100
AcDbEntity
100
AcDbText
8
EKP_POI_TASIYICI_SASE
10
-3615.809390325525
20
1191.4694272152344
30
0
40
55
1
30U POI Rack (4 POI) - Dogrudan Beton Zemin (Alan 2)
50
0
7
STANDARD
72
1
11
-3615.809390325525
21
1191.4694272152344
31
0
100
AcDbText
73
2
0
LWPOLYLINE
5
BA
330
13
100
AcDbEntity
100
AcDbPolyline
8
EKP_POI_TASIYICI_SASE
6
ByLayer
62
256
370
-1
90
4
70
1
10
-5413.055270750078
20
866.6800212063283
10
-5413.055270750078
20
1566.6800092853998
10
-4793.055270154031
20
1566.6800092853998
10
-4793.055270154031
20
866.6800212063283
0
LWPOLYLINE
5
BB
330
13
100
AcDbEntity
100
AcDbPolyline
8
EKP_POI_TASIYICI_SASE
6
ByLayer
62
256
370
-1
90
4
70
1
10
-5413.055270750078
20
866.6800212063283
10
-5413.055270750078
20
926.6800212063283
10
-5353.055270750078
20
926.6800212063283
10
-5353.055270750078
20
866.6800212063283
0
LWPOLYLINE
5
BC
330
13
100
AcDbEntity
100
AcDbPolyline
8
EKP_POI_TASIYICI_SASE
6
ByLayer
62
256
370
-1
90
4
70
1
10
-4853.055270154031
20
866.6800212063283
10
-4853.055270154031
20
926.6800212063283
10
-4793.055270154031
20
926.6800212063283
10
-4793.055270154031
20
866.6800212063283
0
LWPOLYLINE
5
BD
330
13
100
AcDbEntity
100
AcDbPolyline
8
EKP_POI_TASIYICI_SASE
6
ByLayer
62
256
370
-1
90
4
70
1
10
-5413.055270750078
20
1506.6800092853998
10
-5413.055270750078
20
1566.6800092853998
10
-5353.055270750078
20
1566.6800092853998
10
-5353.055270750078
20
1506.6800092853998
0
LWPOLYLINE
5
BE
330
13
100
AcDbEntity
100
AcDbPolyline
8
EKP_POI_TASIYICI_SASE
6
ByLayer
62
256
370
-1
90
4
70
1
10
-4853.055270154031
20
1506.6800092853998
10
-4853.055270154031
20
1566.6800092853998
10
-4793.055270154031
20
1566.6800092853998
10
-4793.055270154031
20
1506.6800092853998
0
LWPOLYLINE
5
BF
330
13
100
AcDbEntity
100
AcDbPolyline
8
EKP_POI_TASIYICI_SASE
6
ByLayer
62
256
370
-1
90
4
70
1
10
-5369.355270452055
20
926.6800212063283
10
-5369.355270452055
20
1506.6800092853998
10
-5344.355270452055
20
1506.6800092853998
10
-5344.355270452055
20
926.6800212063283
0
LWPOLYLINE
5
C0
330
13
100
AcDbEntity
100
AcDbPolyline
8
EKP_POI_TASIYICI_SASE
6
ByLayer
62
256
370
-1
90
4
70
1
10
-4861.755270452055
20
926.6800212063283
10
-4861.755270452055
20
1506.6800092853998
10
-4836.755270452055
20
1506.6800092853998
10
-4836.755270452055
20
926.6800212063283
0
TEXT
5
C1
330
13
100
AcDbEntity
100
AcDbText
8
EKP_POI_TASIYICI_SASE
10
-5103.055270452055
20
1216.680015245864
30
0
40
55
1
30U POI Rack (4 POI) - Dogrudan Beton Zemin (Alan 2)
50
0
7
STANDARD
72
1
11
-5103.055270452055
21
1216.680015245864
31
0
100
AcDbText
73
2
0
LWPOLYLINE
5
27B
330
13
100
AcDbEntity
100
AcDbPolyline
8
EKP_POI_TASIYICI_SASE
6
ByLayer
62
256
370
-1
90
4
70
1
10
-2655
20
7073.5
10
-2655
20
7554.5
10
-2585
20
7554.5
10
-2585
20
7073.5
0
LWPOLYLINE
5
27C
330
13
100
AcDbEntity
100
AcDbPolyline
8
EKP_POI_TASIYICI_SASE
6
ByLayer
62
256
370
-1
90
4
70
1
10
-2655
20
7050.5
10
-2655
20
7073.5
10
-2585
20
7073.5
10
-2585
20
7050.5
0
LWPOLYLINE
5
27D
330
13
100
AcDbEntity
100
AcDbPolyline
8
EKP_POI_TASIYICI_SASE
6
ByLayer
62
256
370
-1
90
4
70
1
10
-2655
20
7554.5
10
-2655
20
7577.5
10
-2585
20
7577.5
10
-2585
20
7554.5
0
CIRCLE
5
27E
330
13
100
AcDbEntity
100
AcDbCircle
8
EKP_POI_TASIYICI_SASE
10
-2620
20
7062.5
30
0
40
6
0
CIRCLE
5
27F
330
13
100
AcDbEntity
100
AcDbCircle
8
EKP_POI_TASIYICI_SASE
10
-2620
20
7565.5
30
0
40
6
0
LWPOLYLINE
5
280
330
13
100
AcDbEntity
100
AcDbPolyline
8
EKP_POI_TASIYICI_SASE
6
ByLayer
62
256
370
-1
90
4
70
1
10
-2255
20
7073.5
10
-2255
20
7554.5
10
-2185
20
7554.5
10
-2185
20
7073.5
0
LWPOLYLINE
5
281
330
13
100
AcDbEntity
100
AcDbPolyline
8
EKP_POI_TASIYICI_SASE
6
ByLayer
62
256
370
-1
90
4
70
1
10
-2255
20
7050.5
10
-2255
20
7073.5
10
-2185
20
7073.5
10
-2185
20
7050.5
0
LWPOLYLINE
5
282
330
13
100
AcDbEntity
100
AcDbPolyline
8
EKP_POI_TASIYICI_SASE
6
ByLayer
62
256
370
-1
90
4
70
1
10
-2255
20
7554.5
10
-2255
20
7577.5
10
-2185
20
7577.5
10
-2185
20
7554.5
0
CIRCLE
5
283
330
13
100
AcDbEntity
100
AcDbCircle
8
EKP_POI_TASIYICI_SASE
10
-2220
20
7062.5
30
0
40
6
0
CIRCLE
5
284
330
13
100
AcDbEntity
100
AcDbCircle
8
EKP_POI_TASIYICI_SASE
10
-2220
20
7565.5
30
0
40
6
0
LWPOLYLINE
5
285
330
13
100
AcDbEntity
100
AcDbPolyline
8
EKP_POI_TASIYICI_SASE
6
ByLayer
62
256
370
-1
90
4
70
1
10
-2780
20
7044
10
-2780
20
7584
10
-2060
20
7584
10
-2060
20
7044
0
LINE
5
286
330
13
100
AcDbEntity
100
AcDbLine
8
EKP_POI_TASIYICI_SASE
10
-2720
20
7064
30
0
11
-2720
21
7564
31
0
0
LINE
5
287
330
13
100
AcDbEntity
100
AcDbLine
8
EKP_POI_TASIYICI_SASE
10
-2630
20
7064
30
0
11
-2630
21
7564
31
0
0
LINE
5
288
330
13
100
AcDbEntity
100
AcDbLine
8
EKP_POI_TASIYICI_SASE
10
-2540
20
7064
30
0
11
-2540
21
7564
31
0
0
LINE
5
289
330
13
100
AcDbEntity
100
AcDbLine
8
EKP_POI_TASIYICI_SASE
10
-2450
20
7064
30
0
11
-2450
21
7564
31
0
0
LINE
5
28A
330
13
100
AcDbEntity
100
AcDbLine
8
EKP_POI_TASIYICI_SASE
10
-2360
20
7064
30
0
11
-2360
21
7564
31
0
0
LINE
5
28B
330
13
100
AcDbEntity
100
AcDbLine
8
EKP_POI_TASIYICI_SASE
10
-2270
20
7064
30
0
11
-2270
21
7564
31
0
0
LINE
5
28C
330
13
100
AcDbEntity
100
AcDbLine
8
EKP_POI_TASIYICI_SASE
10
-2180
20
7064
30
0
11
-2180
21
7564
31
0
0
LINE
5
28D
330
13
100
AcDbEntity
100
AcDbLine
8
EKP_POI_TASIYICI_SASE
10
-2090
20
7064
30
0
11
-2090
21
7564
31
0
0
LWPOLYLINE
5
28E
330
13
100
AcDbEntity
100
AcDbPolyline
8
EKP_POI_TASIYICI_SASE
6
ByLayer
62
256
370
-1
90
4
70
1
10
-2755
20
7524
10
-2755
20
7574
10
-2085
20
7574
10
-2085
20
7524
0
LWPOLYLINE
5
28F
330
13
100
AcDbEntity
100
AcDbPolyline
8
EKP_POI_TASIYICI_SASE
6
ByLayer
62
256
370
-1
90
4
70
1
10
-2640
20
7054
10
-2640
20
7079
10
-2340
20
7079
10
-2340
20
7054
0
LWPOLYLINE
5
2C5
330
13
100
AcDbEntity
100
AcDbPolyline
8
EKP_POI_TASIYICI_SASE
6
ByLayer
62
256
370
-1
90
4
70
1
10
-1835
20
7073.5
10
-1835
20
7554.5
10
-1765
20
7554.5
10
-1765
20
7073.5
0
LWPOLYLINE
5
2C6
330
13
100
AcDbEntity
100
AcDbPolyline
8
EKP_POI_TASIYICI_SASE
6
ByLayer
62
256
370
-1
90
4
70
1
10
-1835
20
7050.5
10
-1835
20
7073.5
10
-1765
20
7073.5
10
-1765
20
7050.5
0
LWPOLYLINE
5
2C7
330
13
100
AcDbEntity
100
AcDbPolyline
8
EKP_POI_TASIYICI_SASE
6
ByLayer
62
256
370
-1
90
4
70
1
10
-1835
20
7554.5
10
-1835
20
7577.5
10
-1765
20
7577.5
10
-1765
20
7554.5
0
CIRCLE
5
2C8
330
13
100
AcDbEntity
100
AcDbCircle
8
EKP_POI_TASIYICI_SASE
10
-1800
20
7062.5
30
0
40
6
0
CIRCLE
5
2C9
330
13
100
AcDbEntity
100
AcDbCircle
8
EKP_POI_TASIYICI_SASE
10
-1800
20
7565.5
30
0
40
6
0
LWPOLYLINE
5
2CA
330
13
100
AcDbEntity
100
AcDbPolyline
8
EKP_POI_TASIYICI_SASE
6
ByLayer
62
256
370
-1
90
4
70
1
10
-1435
20
7073.5
10
-1435
20
7554.5
10
-1365
20
7554.5
10
-1365
20
7073.5
0
LWPOLYLINE
5
2CB
330
13
100
AcDbEntity
100
AcDbPolyline
8
EKP_POI_TASIYICI_SASE
6
ByLayer
62
256
370
-1
90
4
70
1
10
-1435
20
7050.5
10
-1435
20
7073.5
10
-1365
20
7073.5
10
-1365
20
7050.5
0
LWPOLYLINE
5
2CC
330
13
100
AcDbEntity
100
AcDbPolyline
8
EKP_POI_TASIYICI_SASE
6
ByLayer
62
256
370
-1
90
4
70
1
10
-1435
20
7554.5
10
-1435
20
7577.5
10
-1365
20
7577.5
10
-1365
20
7554.5
0
CIRCLE
5
2CD
330
13
100
AcDbEntity
100
AcDbCircle
8
EKP_POI_TASIYICI_SASE
10
-1400
20
7062.5
30
0
40
6
0
CIRCLE
5
2CE
330
13
100
AcDbEntity
100
AcDbCircle
8
EKP_POI_TASIYICI_SASE
10
-1400
20
7565.5
30
0
40
6
0
LWPOLYLINE
5
2CF
330
13
100
AcDbEntity
100
AcDbPolyline
8
EKP_POI_TASIYICI_SASE
6
ByLayer
62
256
370
-1
90
4
70
1
10
-1960
20
7044
10
-1960
20
7584
10
-1240
20
7584
10
-1240
20
7044
0
LINE
5
2D0
330
13
100
AcDbEntity
100
AcDbLine
8
EKP_POI_TASIYICI_SASE
10
-1900
20
7064
30
0
11
-1900
21
7564
31
0
0
LINE
5
2D1
330
13
100
AcDbEntity
100
AcDbLine
8
EKP_POI_TASIYICI_SASE
10
-1810
20
7064
30
0
11
-1810
21
7564
31
0
0
LINE
5
2D2
330
13
100
AcDbEntity
100
AcDbLine
8
EKP_POI_TASIYICI_SASE
10
-1720
20
7064
30
0
11
-1720
21
7564
31
0
0
LINE
5
2D3
330
13
100
AcDbEntity
100
AcDbLine
8
EKP_POI_TASIYICI_SASE
10
-1630
20
7064
30
0
11
-1630
21
7564
31
0
0
LINE
5
2D4
330
13
100
AcDbEntity
100
AcDbLine
8
EKP_POI_TASIYICI_SASE
10
-1540
20
7064
30
0
11
-1540
21
7564
31
0
0
LINE
5
2D5
330
13
100
AcDbEntity
100
AcDbLine
8
EKP_POI_TASIYICI_SASE
10
-1450
20
7064
30
0
11
-1450
21
7564
31
0
0
LINE
5
2D6
330
13
100
AcDbEntity
100
AcDbLine
8
EKP_POI_TASIYICI_SASE
10
-1360
20
7064
30
0
11
-1360
21
7564
31
0
0
LINE
5
2D7
330
13
100
AcDbEntity
100
AcDbLine
8
EKP_POI_TASIYICI_SASE
10
-1270
20
7064
30
0
11
-1270
21
7564
31
0
0
LWPOLYLINE
5
2D8
330
13
100
AcDbEntity
100
AcDbPolyline
8
EKP_POI_TASIYICI_SASE
6
ByLayer
62
256
370
-1
90
4
70
1
10
-1935
20
7524
10
-1935
20
7574
10
-1265
20
7574
10
-1265
20
7524
0
LWPOLYLINE
5
2D9
330
13
100
AcDbEntity
100
AcDbPolyline
8
EKP_POI_TASIYICI_SASE
6
ByLayer
62
256
370
-1
90
4
70
1
10
-1820
20
7054
10
-1820
20
7079
10
-1520
20
7079
10
-1520
20
7054
0
LWPOLYLINE
5
30F
330
13
100
AcDbEntity
100
AcDbPolyline
8
EKP_POI_TASIYICI_SASE
6
ByLayer
62
256
370
-1
90
4
70
1
10
-1015
20
7073.5
10
-1015
20
7554.5
10
-945
20
7554.5
10
-945
20
7073.5
0
LWPOLYLINE
5
310
330
13
100
AcDbEntity
100
AcDbPolyline
8
EKP_POI_TASIYICI_SASE
6
ByLayer
62
256
370
-1
90
4
70
1
10
-1015
20
7050.5
10
-1015
20
7073.5
10
-945
20
7073.5
10
-945
20
7050.5
0
LWPOLYLINE
5
311
330
13
100
AcDbEntity
100
AcDbPolyline
8
EKP_POI_TASIYICI_SASE
6
ByLayer
62
256
370
-1
90
4
70
1
10
-1015
20
7554.5
10
-1015
20
7577.5
10
-945
20
7577.5
10
-945
20
7554.5
0
CIRCLE
5
312
330
13
100
AcDbEntity
100
AcDbCircle
8
EKP_POI_TASIYICI_SASE
10
-980
20
7062.5
30
0
40
6
0
CIRCLE
5
313
330
13
100
AcDbEntity
100
AcDbCircle
8
EKP_POI_TASIYICI_SASE
10
-980
20
7565.5
30
0
40
6
0
LWPOLYLINE
5
314
330
13
100
AcDbEntity
100
AcDbPolyline
8
EKP_POI_TASIYICI_SASE
6
ByLayer
62
256
370
-1
90
4
70
1
10
-615
20
7073.5
10
-615
20
7554.5
10
-545
20
7554.5
10
-545
20
7073.5
0
LWPOLYLINE
5
315
330
13
100
AcDbEntity
100
AcDbPolyline
8
EKP_POI_TASIYICI_SASE
6
ByLayer
62
256
370
-1
90
4
70
1
10
-615
20
7050.5
10
-615
20
7073.5
10
-545
20
7073.5
10
-545
20
7050.5
0
LWPOLYLINE
5
316
330
13
100
AcDbEntity
100
AcDbPolyline
8
EKP_POI_TASIYICI_SASE
6
ByLayer
62
256
370
-1
90
4
70
1
10
-615
20
7554.5
10
-615
20
7577.5
10
-545
20
7577.5
10
-545
20
7554.5
0
CIRCLE
5
317
330
13
100
AcDbEntity
100
AcDbCircle
8
EKP_POI_TASIYICI_SASE
10
-580
20
7062.5
30
0
40
6
0
CIRCLE
5
318
330
13
100
AcDbEntity
100
AcDbCircle
8
EKP_POI_TASIYICI_SASE
10
-580
20
7565.5
30
0
40
6
0
LWPOLYLINE
5
319
330
13
100
AcDbEntity
100
AcDbPolyline
8
EKP_POI_TASIYICI_SASE
6
ByLayer
62
256
370
-1
90
4
70
1
10
-1140
20
7044
10
-1140
20
7584
10
-420
20
7584
10
-420
20
7044
0
LINE
5
31A
330
13
100
AcDbEntity
100
AcDbLine
8
EKP_POI_TASIYICI_SASE
10
-1080
20
7064
30
0
11
-1080
21
7564
31
0
0
LINE
5
31B
330
13
100
AcDbEntity
100
AcDbLine
8
EKP_POI_TASIYICI_SASE
10
-990
20
7064
30
0
11
-990
21
7564
31
0
0
LINE
5
31C
330
13
100
AcDbEntity
100
AcDbLine
8
EKP_POI_TASIYICI_SASE
10
-900
20
7064
30
0
11
-900
21
7564
31
0
0
LINE
5
31D
330
13
100
AcDbEntity
100
AcDbLine
8
EKP_POI_TASIYICI_SASE
10
-810
20
7064
30
0
11
-810
21
7564
31
0
0
LINE
5
31E
330
13
100
AcDbEntity
100
AcDbLine
8
EKP_POI_TASIYICI_SASE
10
-720
20
7064
30
0
11
-720
21
7564
31
0
0
LINE
5
31F
330
13
100
AcDbEntity
100
AcDbLine
8
EKP_POI_TASIYICI_SASE
10
-630
20
7064
30
0
11
-630
21
7564
31
0
0
LINE
5
320
330
13
100
AcDbEntity
100
AcDbLine
8
EKP_POI_TASIYICI_SASE
10
-540
20
7064
30
0
11
-540
21
7564
31
0
0
LINE
5
321
330
13
100
AcDbEntity
100
AcDbLine
8
EKP_POI_TASIYICI_SASE
10
-450
20
7064
30
0
11
-450
21
7564
31
0
0
LWPOLYLINE
5
322
330
13
100
AcDbEntity
100
AcDbPolyline
8
EKP_POI_TASIYICI_SASE
6
ByLayer
62
256
370
-1
90
4
70
1
10
-1115
20
7524
10
-1115
20
7574
10
-445
20
7574
10
-445
20
7524
0
LWPOLYLINE
5
323
330
13
100
AcDbEntity
100
AcDbPolyline
8
EKP_POI_TASIYICI_SASE
6
ByLayer
62
256
370
-1
90
4
70
1
10
-1000
20
7054
10
-1000
20
7079
10
-700
20
7079
10
-700
20
7054
0
LWPOLYLINE
5
39F
330
13
100
AcDbEntity
100
AcDbPolyline
8
EKP_POI_TASIYICI_SASE
6
ByLayer
62
256
370
-1
90
4
70
1
10
6765
20
13259.5
10
6765
20
13740.5
10
6835
20
13740.5
10
6835
20
13259.5
0
LWPOLYLINE
5
3A0
330
13
100
AcDbEntity
100
AcDbPolyline
8
EKP_POI_TASIYICI_SASE
6
ByLayer
62
256
370
-1
90
4
70
1
10
6765
20
13236.5
10
6765
20
13259.5
10
6835
20
13259.5
10
6835
20
13236.5
0
LWPOLYLINE
5
3A1
330
13
100
AcDbEntity
100
AcDbPolyline
8
EKP_POI_TASIYICI_SASE
6
ByLayer
62
256
370
-1
90
4
70
1
10
6765
20
13740.5
10
6765
20
13763.5
10
6835
20
13763.5
10
6835
20
13740.5
0
CIRCLE
5
3A2
330
13
100
AcDbEntity
100
AcDbCircle
8
EKP_POI_TASIYICI_SASE
10
6800
20
13248.5
30
0
40
6
0
CIRCLE
5
3A3
330
13
100
AcDbEntity
100
AcDbCircle
8
EKP_POI_TASIYICI_SASE
10
6800
20
13751.5
30
0
40
6
0
LWPOLYLINE
5
3A4
330
13
100
AcDbEntity
100
AcDbPolyline
8
EKP_POI_TASIYICI_SASE
6
ByLayer
62
256
370
-1
90
4
70
1
10
7165
20
13259.5
10
7165
20
13740.5
10
7235
20
13740.5
10
7235
20
13259.5
0
LWPOLYLINE
5
3A5
330
13
100
AcDbEntity
100
AcDbPolyline
8
EKP_POI_TASIYICI_SASE
6
ByLayer
62
256
370
-1
90
4
70
1
10
7165
20
13236.5
10
7165
20
13259.5
10
7235
20
13259.5
10
7235
20
13236.5
0
LWPOLYLINE
5
3A6
330
13
100
AcDbEntity
100
AcDbPolyline
8
EKP_POI_TASIYICI_SASE
6
ByLayer
62
256
370
-1
90
4
70
1
10
7165
20
13740.5
10
7165
20
13763.5
10
7235
20
13763.5
10
7235
20
13740.5
0
CIRCLE
5
3A7
330
13
100
AcDbEntity
100
AcDbCircle
8
EKP_POI_TASIYICI_SASE
10
7200
20
13248.5
30
0
40
6
0
CIRCLE
5
3A8
330
13
100
AcDbEntity
100
AcDbCircle
8
EKP_POI_TASIYICI_SASE
10
7200
20
13751.5
30
0
40
6
0
LWPOLYLINE
5
3A9
330
13
100
AcDbEntity
100
AcDbPolyline
8
EKP_POI_TASIYICI_SASE
6
ByLayer
62
256
370
-1
90
4
70
1
10
6640
20
13230
10
6640
20
13770
10
7360
20
13770
10
7360
20
13230
0
LINE
5
3AA
330
13
100
AcDbEntity
100
AcDbLine
8
EKP_POI_TASIYICI_SASE
10
6700
20
13250
30
0
11
6700
21
13750
31
0
0
LINE
5
3AB
330
13
100
AcDbEntity
100
AcDbLine
8
EKP_POI_TASIYICI_SASE
10
6790
20
13250
30
0
11
6790
21
13750
31
0
0
LINE
5
3AC
330
13
100
AcDbEntity
100
AcDbLine
8
EKP_POI_TASIYICI_SASE
10
6880
20
13250
30
0
11
6880
21
13750
31
0
0
LINE
5
3AD
330
13
100
AcDbEntity
100
AcDbLine
8
EKP_POI_TASIYICI_SASE
10
6970
20
13250
30
0
11
6970
21
13750
31
0
0
LINE
5
3AE
330
13
100
AcDbEntity
100
AcDbLine
8
EKP_POI_TASIYICI_SASE
10
7060
20
13250
30
0
11
7060
21
13750
31
0
0
LINE
5
3AF
330
13
100
AcDbEntity
100
AcDbLine
8
EKP_POI_TASIYICI_SASE
10
7150
20
13250
30
0
11
7150
21
13750
31
0
0
LINE
5
3B0
330
13
100
AcDbEntity
100
AcDbLine
8
EKP_POI_TASIYICI_SASE
10
7240
20
13250
30
0
11
7240
21
13750
31
0
0
LINE
5
3B1
330
13
100
AcDbEntity
100
AcDbLine
8
EKP_POI_TASIYICI_SASE
10
7330
20
13250
30
0
11
7330
21
13750
31
0
0
LWPOLYLINE
5
3B2
330
13
100
AcDbEntity
100
AcDbPolyline
8
EKP_POI_TASIYICI_SASE
6
ByLayer
62
256
370
-1
90
4
70
1
10
6665
20
13710
10
6665
20
13760
10
7335
20
13760
10
7335
20
13710
0
LWPOLYLINE
5
3B3
330
13
100
AcDbEntity
100
AcDbPolyline
8
EKP_POI_TASIYICI_SASE
6
ByLayer
62
256
370
-1
90
4
70
1
10
6780
20
13240
10
6780
20
13265
10
7080
20
13265
10
7080
20
13240
0
LWPOLYLINE
5
420
330
13
100
AcDbEntity
100
AcDbPolyline
8
EKP_POI_TASIYICI_SASE
6
ByLayer
62
256
370
-1
90
4
70
1
10
-5400
20
-7000
10
-5400
20
-6900
10
-4800
20
-6900
10
-4800
20
-7000
0
LWPOLYLINE
5
421
330
13
100
AcDbEntity
100
AcDbPolyline
8
EKP_POI_TASIYICI_SASE
6
ByLayer
62
256
370
-1
90
4
70
1
10
-5400
20
-5580
10
-5400
20
-5520
10
-4800
20
-5520
10
-4800
20
-5580
0
LWPOLYLINE
5
422
330
13
100
AcDbEntity
100
AcDbPolyline
8
EKP_POI_TASIYICI_SASE
6
ByLayer
62
256
370
-1
90
4
70
1
10
-5400
20
-6900
10
-5400
20
-5580
10
-5350
20
-5580
10
-5350
20
-6900
0
LWPOLYLINE
5
423
330
13
100
AcDbEntity
100
AcDbPolyline
8
EKP_POI_TASIYICI_SASE
6
ByLayer
62
256
370
-1
90
4
70
1
10
-4850
20
-6900
10
-4850
20
-5580
10
-4800
20
-5580
10
-4800
20
-6900
0
LWPOLYLINE
5
42C
330
13
100
AcDbEntity
100
AcDbPolyline
8
EKP_POI_TASIYICI_SASE
6
ByLayer
62
256
370
-1
90
4
70
1
10
-4660
20
-7000
10
-4660
20
-6900
10
-4060
20
-6900
10
-4060
20
-7000
0
LWPOLYLINE
5
42D
330
13
100
AcDbEntity
100
AcDbPolyline
8
EKP_POI_TASIYICI_SASE
6
ByLayer
62
256
370
-1
90
4
70
1
10
-4660
20
-5580
10
-4660
20
-5520
10
-4060
20
-5520
10
-4060
20
-5580
0
LWPOLYLINE
5
42E
330
13
100
AcDbEntity
100
AcDbPolyline
8
EKP_POI_TASIYICI_SASE
6
ByLayer
62
256
370
-1
90
4
70
1
10
-4660
20
-6900
10
-4660
20
-5580
10
-4610
20
-5580
10
-4610
20
-6900
0
LWPOLYLINE
5
42F
330
13
100
AcDbEntity
100
AcDbPolyline
8
EKP_POI_TASIYICI_SASE
6
ByLayer
62
256
370
-1
90
4
70
1
10
-4110
20
-6900
10
-4110
20
-5580
10
-4060
20
-5580
10
-4060
20
-6900
0
LWPOLYLINE
5
438
330
13
100
AcDbEntity
100
AcDbPolyline
8
EKP_POI_TASIYICI_SASE
6
ByLayer
62
256
370
-1
90
4
70
1
10
-3920
20
-7000
10
-3920
20
-6900
10
-3320
20
-6900
10
-3320
20
-7000
0
LWPOLYLINE
5
439
330
13
100
AcDbEntity
100
AcDbPolyline
8
EKP_POI_TASIYICI_SASE
6
ByLayer
62
256
370
-1
90
4
70
1
10
-3920
20
-5580
10
-3920
20
-5520
10
-3320
20
-5520
10
-3320
20
-5580
0
LWPOLYLINE
5
43A
330
13
100
AcDbEntity
100
AcDbPolyline
8
EKP_POI_TASIYICI_SASE
6
ByLayer
62
256
370
-1
90
4
70
1
10
-3920
20
-6900
10
-3920
20
-5580
10
-3870
20
-5580
10
-3870
20
-6900
0
LWPOLYLINE
5
43B
330
13
100
AcDbEntity
100
AcDbPolyline
8
EKP_POI_TASIYICI_SASE
6
ByLayer
62
256
370
-1
90
4
70
1
10
-3370
20
-6900
10
-3370
20
-5580
10
-3320
20
-5580
10
-3320
20
-6900
0
LWPOLYLINE
5
4B9
330
13
100
AcDbEntity
100
AcDbPolyline
8
EKP_POI_TASIYICI_SASE
6
ByLayer
62
256
370
-1
90
4
70
1
10
-2780
20
-20990
10
-2780
20
-20640
10
-2060
20
-20640
10
-2060
20
-20990
0
LWPOLYLINE
5
4BD
330
13
100
AcDbEntity
100
AcDbPolyline
8
EKP_POI_TASIYICI_SASE
6
ByLayer
62
256
370
-1
90
4
70
1
10
-1960
20
-20990
10
-1960
20
-20640
10
-1240
20
-20640
10
-1240
20
-20990
0
LWPOLYLINE
5
4C1
330
13
100
AcDbEntity
100
AcDbPolyline
8
EKP_POI_TASIYICI_SASE
6
ByLayer
62
256
370
-1
90
4
70
1
10
-1140
20
-20990
10
-1140
20
-20640
10
-420
20
-20640
10
-420
20
-20990
0
LWPOLYLINE
5
8A
330
13
100
AcDbEntity
100
AcDbPolyline
8
EKP_POI_MODULLERI
6
ByLayer
62
256
370
-1
90
4
70
1
10
-4601.00125951342
20
980.5947858308507
10
-4601.00125951342
20
1355.5947830368832
10
-4121.001260407491
20
1355.5947830368832
10
-4121.001260407491
20
980.5947858308507
0
LINE
5
8B
330
13
100
AcDbEntity
100
AcDbLine
8
EKP_POI_MODULLERI
10
-4601.00125951342
20
1036.8447854117555
30
0
11
-4121.001260407491
21
1036.8447854117555
31
0
0
LINE
5
8C
330
13
100
AcDbEntity
100
AcDbLine
8
EKP_POI_MODULLERI
10
-4428.501259457541
20
1168.094784433867
30
0
11
-4293.501260463369
21
1168.094784433867
31
0
0
LINE
5
8D
330
13
100
AcDbEntity
100
AcDbLine
8
EKP_POI_MODULLERI
10
-4361.001259960455
20
1100.5947849367813
30
0
11
-4361.001259960455
21
1235.5947839309529
31
0
0
TEXT
5
8E
330
13
100
AcDbEntity
100
AcDbText
8
EKP_POI_MODULLERI
10
-4361.001259960455
20
1195.094784433867
30
0
40
45
1
POI Modul 1 (CB-12-POI-64F-A12)
50
0
7
STANDARD
72
1
11
-4361.001259960455
21
1195.094784433867
31
0
100
AcDbText
73
2
0
LWPOLYLINE
5
8F
330
13
100
AcDbEntity
100
AcDbPolyline
8
EKP_POI_MODULLERI
6
ByLayer
62
256
370
-1
90
4
70
1
10
-4601.00125951342
20
980.5947858308507
10
-4601.00125951342
20
1355.5947830368832
10
-4121.001260407491
20
1355.5947830368832
10
-4121.001260407491
20
980.5947858308507
0
LINE
5
90
330
13
100
AcDbEntity
100
AcDbLine
8
EKP_POI_MODULLERI
10
-4601.00125951342
20
1036.8447854117555
30
0
11
-4121.001260407491
21
1036.8447854117555
31
0
0
LINE
5
91
330
13
100
AcDbEntity
100
AcDbLine
8
EKP_POI_MODULLERI
10
-4428.501259457541
20
1168.094784433867
30
0
11
-4293.501260463369
21
1168.094784433867
31
0
0
LINE
5
92
330
13
100
AcDbEntity
100
AcDbLine
8
EKP_POI_MODULLERI
10
-4361.001259960455
20
1100.5947849367813
30
0
11
-4361.001259960455
21
1235.5947839309529
31
0
0
TEXT
5
93
330
13
100
AcDbEntity
100
AcDbText
8
EKP_POI_MODULLERI
10
-4361.001259960455
20
1195.094784433867
30
0
40
45
1
POI Modul 2 (CB-12-POI-64F-A12)
50
0
7
STANDARD
72
1
11
-4361.001259960455
21
1195.094784433867
31
0
100
AcDbText
73
2
0
LWPOLYLINE
5
94
330
13
100
AcDbEntity
100
AcDbPolyline
8
EKP_POI_MODULLERI
6
ByLayer
62
256
370
-1
90
4
70
1
10
-4601.00125951342
20
980.5947858308507
10
-4601.00125951342
20
1355.5947830368832
10
-4121.001260407491
20
1355.5947830368832
10
-4121.001260407491
20
980.5947858308507
0
LINE
5
95
330
13
100
AcDbEntity
100
AcDbLine
8
EKP_POI_MODULLERI
10
-4601.00125951342
20
1036.8447854117555
30
0
11
-4121.001260407491
21
1036.8447854117555
31
0
0
LINE
5
96
330
13
100
AcDbEntity
100
AcDbLine
8
EKP_POI_MODULLERI
10
-4428.501259457541
20
1168.094784433867
30
0
11
-4293.501260463369
21
1168.094784433867
31
0
0
LINE
5
97
330
13
100
AcDbEntity
100
AcDbLine
8
EKP_POI_MODULLERI
10
-4361.001259960455
20
1100.5947849367813
30
0
11
-4361.001259960455
21
1235.5947839309529
31
0
0
TEXT
5
98
330
13
100
AcDbEntity
100
AcDbText
8
EKP_POI_MODULLERI
10
-4361.001259960455
20
1195.094784433867
30
0
40
45
1
POI Modul 3 (CB-12-POI-64F-A12)
50
0
7
STANDARD
72
1
11
-4361.001259960455
21
1195.094784433867
31
0
100
AcDbText
73
2
0
LWPOLYLINE
5
99
330
13
100
AcDbEntity
100
AcDbPolyline
8
EKP_POI_MODULLERI
6
ByLayer
62
256
370
-1
90
4
70
1
10
-4601.00125951342
20
980.5947858308507
10
-4601.00125951342
20
1355.5947830368832
10
-4121.001260407491
20
1355.5947830368832
10
-4121.001260407491
20
980.5947858308507
0
LINE
5
9A
330
13
100
AcDbEntity
100
AcDbLine
8
EKP_POI_MODULLERI
10
-4601.00125951342
20
1036.8447854117555
30
0
11
-4121.001260407491
21
1036.8447854117555
31
0
0
LINE
5
9B
330
13
100
AcDbEntity
100
AcDbLine
8
EKP_POI_MODULLERI
10
-4428.501259457541
20
1168.094784433867
30
0
11
-4293.501260463369
21
1168.094784433867
31
0
0
LINE
5
9C
330
13
100
AcDbEntity
100
AcDbLine
8
EKP_POI_MODULLERI
10
-4361.001259960455
20
1100.5947849367813
30
0
11
-4361.001259960455
21
1235.5947839309529
31
0
0
TEXT
5
9D
330
13
100
AcDbEntity
100
AcDbText
8
EKP_POI_MODULLERI
10
-4361.001259960455
20
1195.094784433867
30
0
40
45
1
POI Modul 4 (CB-12-POI-64F-A12)
50
0
7
STANDARD
72
1
11
-4361.001259960455
21
1195.094784433867
31
0
100
AcDbText
73
2
0
LWPOLYLINE
5
A6
330
13
100
AcDbEntity
100
AcDbPolyline
8
EKP_POI_MODULLERI
6
ByLayer
62
256
370
-1
90
4
70
1
10
-3855.80938987849
20
991.4694270289698
10
-3855.80938987849
20
1366.4694242350024
10
-3375.8093907725593
20
1366.4694242350024
10
-3375.8093907725593
20
991.4694270289698
0
LINE
5
A7
330
13
100
AcDbEntity
100
AcDbLine
8
EKP_POI_MODULLERI
10
-3855.80938987849
20
1047.7194266098747
30
0
11
-3375.8093907725593
21
1047.7194266098747
31
0
0
LINE
5
A8
330
13
100
AcDbEntity
100
AcDbLine
8
EKP_POI_MODULLERI
10
-3683.3093898226107
20
1178.969425631986
30
0
11
-3548.309390828439
21
1178.969425631986
31
0
0
LINE
5
A9
330
13
100
AcDbEntity
100
AcDbLine
8
EKP_POI_MODULLERI
10
-3615.809390325525
20
1111.4694261349002
30
0
11
-3615.809390325525
21
1246.4694251290719
31
0
0
TEXT
5
AA
330
13
100
AcDbEntity
100
AcDbText
8
EKP_POI_MODULLERI
10
-3615.809390325525
20
1205.969425631986
30
0
40
45
1
POI Modul 1 (CB-12-POI-64F-A12)
50
0
7
STANDARD
72
1
11
-3615.809390325525
21
1205.969425631986
31
0
100
AcDbText
73
2
0
LWPOLYLINE
5
AB
330
13
100
AcDbEntity
100
AcDbPolyline
8
EKP_POI_MODULLERI
6
ByLayer
62
256
370
-1
90
4
70
1
10
-3855.80938987849
20
991.4694270289698
10
-3855.80938987849
20
1366.4694242350024
10
-3375.8093907725593
20
1366.4694242350024
10
-3375.8093907725593
20
991.4694270289698
0
LINE
5
AC
330
13
100
AcDbEntity
100
AcDbLine
8
EKP_POI_MODULLERI
10
-3855.80938987849
20
1047.7194266098747
30
0
11
-3375.8093907725593
21
1047.7194266098747
31
0
0
LINE
5
AD
330
13
100
AcDbEntity
100
AcDbLine
8
EKP_POI_MODULLERI
10
-3683.3093898226107
20
1178.969425631986
30
0
11
-3548.309390828439
21
1178.969425631986
31
0
0
LINE
5
AE
330
13
100
AcDbEntity
100
AcDbLine
8
EKP_POI_MODULLERI
10
-3615.809390325525
20
1111.4694261349002
30
0
11
-3615.809390325525
21
1246.4694251290719
31
0
0
TEXT
5
AF
330
13
100
AcDbEntity
100
AcDbText
8
EKP_POI_MODULLERI
10
-3615.809390325525
20
1205.969425631986
30
0
40
45
1
POI Modul 2 (CB-12-POI-64F-A12)
50
0
7
STANDARD
72
1
11
-3615.809390325525
21
1205.969425631986
31
0
100
AcDbText
73
2
0
LWPOLYLINE
5
B0
330
13
100
AcDbEntity
100
AcDbPolyline
8
EKP_POI_MODULLERI
6
ByLayer
62
256
370
-1
90
4
70
1
10
-3855.80938987849
20
991.4694270289698
10
-3855.80938987849
20
1366.4694242350024
10
-3375.8093907725593
20
1366.4694242350024
10
-3375.8093907725593
20
991.4694270289698
0
LINE
5
B1
330
13
100
AcDbEntity
100
AcDbLine
8
EKP_POI_MODULLERI
10
-3855.80938987849
20
1047.7194266098747
30
0
11
-3375.8093907725593
21
1047.7194266098747
31
0
0
LINE
5
B2
330
13
100
AcDbEntity
100
AcDbLine
8
EKP_POI_MODULLERI
10
-3683.3093898226107
20
1178.969425631986
30
0
11
-3548.309390828439
21
1178.969425631986
31
0
0
LINE
5
B3
330
13
100
AcDbEntity
100
AcDbLine
8
EKP_POI_MODULLERI
10
-3615.809390325525
20
1111.4694261349002
30
0
11
-3615.809390325525
21
1246.4694251290719
31
0
0
TEXT
5
B4
330
13
100
AcDbEntity
100
AcDbText
8
EKP_POI_MODULLERI
10
-3615.809390325525
20
1205.969425631986
30
0
40
45
1
POI Modul 3 (CB-12-POI-64F-A12)
50
0
7
STANDARD
72
1
11
-3615.809390325525
21
1205.969425631986
31
0
100
AcDbText
73
2
0
LWPOLYLINE
5
B5
330
13
100
AcDbEntity
100
AcDbPolyline
8
EKP_POI_MODULLERI
6
ByLayer
62
256
370
-1
90
4
70
1
10
-3855.80938987849
20
991.4694270289698
10
-3855.80938987849
20
1366.4694242350024
10
-3375.8093907725593
20
1366.4694242350024
10
-3375.8093907725593
20
991.4694270289698
0
LINE
5
B6
330
13
100
AcDbEntity
100
AcDbLine
8
EKP_POI_MODULLERI
10
-3855.80938987849
20
1047.7194266098747
30
0
11
-3375.8093907725593
21
1047.7194266098747
31
0
0
LINE
5
B7
330
13
100
AcDbEntity
100
AcDbLine
8
EKP_POI_MODULLERI
10
-3683.3093898226107
20
1178.969425631986
30
0
11
-3548.309390828439
21
1178.969425631986
31
0
0
LINE
5
B8
330
13
100
AcDbEntity
100
AcDbLine
8
EKP_POI_MODULLERI
10
-3615.809390325525
20
1111.4694261349002
30
0
11
-3615.809390325525
21
1246.4694251290719
31
0
0
TEXT
5
B9
330
13
100
AcDbEntity
100
AcDbText
8
EKP_POI_MODULLERI
10
-3615.809390325525
20
1205.969425631986
30
0
40
45
1
POI Modul 4 (CB-12-POI-64F-A12)
50
0
7
STANDARD
72
1
11
-3615.809390325525
21
1205.969425631986
31
0
100
AcDbText
73
2
0
LWPOLYLINE
5
C2
330
13
100
AcDbEntity
100
AcDbPolyline
8
EKP_POI_MODULLERI
6
ByLayer
62
256
370
-1
90
4
70
1
10
-5343.05527000502
20
1016.6800150595993
10
-5343.05527000502
20
1391.680012265632
10
-4863.055270899091
20
1391.680012265632
10
-4863.055270899091
20
1016.6800150595993
0
LINE
5
C3
330
13
100
AcDbEntity
100
AcDbLine
8
EKP_POI_MODULLERI
10
-5343.05527000502
20
1072.9300146405042
30
0
11
-4863.055270899091
21
1072.9300146405042
31
0
0
LINE
5
C4
330
13
100
AcDbEntity
100
AcDbLine
8
EKP_POI_MODULLERI
10
-5170.555269949141
20
1204.1800136626157
30
0
11
-5035.555270954969
21
1204.1800136626157
31
0
0
LINE
5
C5
330
13
100
AcDbEntity
100
AcDbLine
8
EKP_POI_MODULLERI
10
-5103.055270452055
20
1136.6800141655299
30
0
11
-5103.055270452055
21
1271.6800131597015
31
0
0
TEXT
5
C6
330
13
100
AcDbEntity
100
AcDbText
8
EKP_POI_MODULLERI
10
-5103.055270452055
20
1231.1800136626157
30
0
40
45
1
POI Modul 1 (CB-12-POI-64F-A12)
50
0
7
STANDARD
72
1
11
-5103.055270452055
21
1231.1800136626157
31
0
100
AcDbText
73
2
0
LWPOLYLINE
5
C7
330
13
100
AcDbEntity
100
AcDbPolyline
8
EKP_POI_MODULLERI
6
ByLayer
62
256
370
-1
90
4
70
1
10
-5343.05527000502
20
1016.6800150595993
10
-5343.05527000502
20
1391.680012265632
10
-4863.055270899091
20
1391.680012265632
10
-4863.055270899091
20
1016.6800150595993
0
LINE
5
C8
330
13
100
AcDbEntity
100
AcDbLine
8
EKP_POI_MODULLERI
10
-5343.05527000502
20
1072.9300146405042
30
0
11
-4863.055270899091
21
1072.9300146405042
31
0
0
LINE
5
C9
330
13
100
AcDbEntity
100
AcDbLine
8
EKP_POI_MODULLERI
10
-5170.555269949141
20
1204.1800136626157
30
0
11
-5035.555270954969
21
1204.1800136626157
31
0
0
LINE
5
CA
330
13
100
AcDbEntity
100
AcDbLine
8
EKP_POI_MODULLERI
10
-5103.055270452055
20
1136.6800141655299
30
0
11
-5103.055270452055
21
1271.6800131597015
31
0
0
TEXT
5
CB
330
13
100
AcDbEntity
100
AcDbText
8
EKP_POI_MODULLERI
10
-5103.055270452055
20
1231.1800136626157
30
0
40
45
1
POI Modul 2 (CB-12-POI-64F-A12)
50
0
7
STANDARD
72
1
11
-5103.055270452055
21
1231.1800136626157
31
0
100
AcDbText
73
2
0
LWPOLYLINE
5
CC
330
13
100
AcDbEntity
100
AcDbPolyline
8
EKP_POI_MODULLERI
6
ByLayer
62
256
370
-1
90
4
70
1
10
-5343.05527000502
20
1016.6800150595993
10
-5343.05527000502
20
1391.680012265632
10
-4863.055270899091
20
1391.680012265632
10
-4863.055270899091
20
1016.6800150595993
0
LINE
5
CD
330
13
100
AcDbEntity
100
AcDbLine
8
EKP_POI_MODULLERI
10
-5343.05527000502
20
1072.9300146405042
30
0
11
-4863.055270899091
21
1072.9300146405042
31
0
0
LINE
5
CE
330
13
100
AcDbEntity
100
AcDbLine
8
EKP_POI_MODULLERI
10
-5170.555269949141
20
1204.1800136626157
30
0
11
-5035.555270954969
21
1204.1800136626157
31
0
0
LINE
5
CF
330
13
100
AcDbEntity
100
AcDbLine
8
EKP_POI_MODULLERI
10
-5103.055270452055
20
1136.6800141655299
30
0
11
-5103.055270452055
21
1271.6800131597015
31
0
0
TEXT
5
D0
330
13
100
AcDbEntity
100
AcDbText
8
EKP_POI_MODULLERI
10
-5103.055270452055
20
1231.1800136626157
30
0
40
45
1
POI Modul 3 (CB-12-POI-64F-A12)
50
0
7
STANDARD
72
1
11
-5103.055270452055
21
1231.1800136626157
31
0
100
AcDbText
73
2
0
LWPOLYLINE
5
D1
330
13
100
AcDbEntity
100
AcDbPolyline
8
EKP_POI_MODULLERI
6
ByLayer
62
256
370
-1
90
4
70
1
10
-5343.05527000502
20
1016.6800150595993
10
-5343.05527000502
20
1391.680012265632
10
-4863.055270899091
20
1391.680012265632
10
-4863.055270899091
20
1016.6800150595993
0
LINE
5
D2
330
13
100
AcDbEntity
100
AcDbLine
8
EKP_POI_MODULLERI
10
-5343.05527000502
20
1072.9300146405042
30
0
11
-4863.055270899091
21
1072.9300146405042
31
0
0
LINE
5
D3
330
13
100
AcDbEntity
100
AcDbLine
8
EKP_POI_MODULLERI
10
-5170.555269949141
20
1204.1800136626157
30
0
11
-5035.555270954969
21
1204.1800136626157
31
0
0
LINE
5
D4
330
13
100
AcDbEntity
100
AcDbLine
8
EKP_POI_MODULLERI
10
-5103.055270452055
20
1136.6800141655299
30
0
11
-5103.055270452055
21
1271.6800131597015
31
0
0
TEXT
5
D5
330
13
100
AcDbEntity
100
AcDbText
8
EKP_POI_MODULLERI
10
-5103.055270452055
20
1231.1800136626157
30
0
40
45
1
POI Modul 4 (CB-12-POI-64F-A12)
50
0
7
STANDARD
72
1
11
-5103.055270452055
21
1231.1800136626157
31
0
100
AcDbText
73
2
0
LWPOLYLINE
5
290
330
13
100
AcDbEntity
100
AcDbPolyline
8
EKP_POI_MODULLERI
6
ByLayer
62
256
370
-1
90
4
70
1
10
-2690
20
7114
10
-2690
20
7514
10
-2430
20
7514
10
-2430
20
7114
0
LWPOLYLINE
5
291
330
13
100
AcDbEntity
100
AcDbPolyline
8
EKP_POI_MODULLERI
6
ByLayer
62
256
370
-1
90
4
70
1
10
-2702
20
7114
10
-2702
20
7514
10
-2690
20
7514
10
-2690
20
7114
0
LWPOLYLINE
5
292
330
13
100
AcDbEntity
100
AcDbPolyline
8
EKP_POI_MODULLERI
6
ByLayer
62
256
370
-1
90
4
70
1
10
-2430
20
7114
10
-2430
20
7514
10
-2418
20
7514
10
-2418
20
7114
0
LINE
5
293
330
13
100
AcDbEntity
100
AcDbLine
8
EKP_POI_MODULLERI
10
-2680
20
7139
30
0
11
-2440
21
7139
31
0
0
CIRCLE
5
294
330
13
100
AcDbEntity
100
AcDbCircle
8
EKP_POI_MODULLERI
10
-2665
20
7129
30
0
40
5
0
CIRCLE
5
295
330
13
100
AcDbEntity
100
AcDbCircle
8
EKP_POI_MODULLERI
10
-2665
20
7149
30
0
40
5
0
CIRCLE
5
296
330
13
100
AcDbEntity
100
AcDbCircle
8
EKP_POI_MODULLERI
10
-2623
20
7129
30
0
40
5
0
CIRCLE
5
297
330
13
100
AcDbEntity
100
AcDbCircle
8
EKP_POI_MODULLERI
10
-2623
20
7149
30
0
40
5
0
CIRCLE
5
298
330
13
100
AcDbEntity
100
AcDbCircle
8
EKP_POI_MODULLERI
10
-2581
20
7129
30
0
40
5
0
CIRCLE
5
299
330
13
100
AcDbEntity
100
AcDbCircle
8
EKP_POI_MODULLERI
10
-2581
20
7149
30
0
40
5
0
CIRCLE
5
29A
330
13
100
AcDbEntity
100
AcDbCircle
8
EKP_POI_MODULLERI
10
-2539
20
7129
30
0
40
5
0
CIRCLE
5
29B
330
13
100
AcDbEntity
100
AcDbCircle
8
EKP_POI_MODULLERI
10
-2539
20
7149
30
0
40
5
0
CIRCLE
5
29C
330
13
100
AcDbEntity
100
AcDbCircle
8
EKP_POI_MODULLERI
10
-2497
20
7129
30
0
40
5
0
CIRCLE
5
29D
330
13
100
AcDbEntity
100
AcDbCircle
8
EKP_POI_MODULLERI
10
-2497
20
7149
30
0
40
5
0
CIRCLE
5
29E
330
13
100
AcDbEntity
100
AcDbCircle
8
EKP_POI_MODULLERI
10
-2455
20
7129
30
0
40
5
0
CIRCLE
5
29F
330
13
100
AcDbEntity
100
AcDbCircle
8
EKP_POI_MODULLERI
10
-2455
20
7149
30
0
40
5
0
LINE
5
2A0
330
13
100
AcDbEntity
100
AcDbLine
8
EKP_POI_MODULLERI
10
-2680
20
7489
30
0
11
-2440
21
7489
31
0
0
CIRCLE
5
2A1
330
13
100
AcDbEntity
100
AcDbCircle
8
EKP_POI_MODULLERI
10
-2655
20
7489
30
0
40
7
0
CIRCLE
5
2A2
330
13
100
AcDbEntity
100
AcDbCircle
8
EKP_POI_MODULLERI
10
-2591.6666666666665
20
7489
30
0
40
7
0
CIRCLE
5
2A3
330
13
100
AcDbEntity
100
AcDbCircle
8
EKP_POI_MODULLERI
10
-2528.3333333333335
20
7489
30
0
40
7
0
CIRCLE
5
2A4
330
13
100
AcDbEntity
100
AcDbCircle
8
EKP_POI_MODULLERI
10
-2465
20
7489
30
0
40
7
0
LINE
5
2A5
330
13
100
AcDbEntity
100
AcDbLine
8
EKP_POI_MODULLERI
10
-2590
20
7314
30
0
11
-2530
21
7314
31
0
0
LINE
5
2A6
330
13
100
AcDbEntity
100
AcDbLine
8
EKP_POI_MODULLERI
10
-2560
20
7284
30
0
11
-2560
21
7344
31
0
0
TEXT
5
2A7
330
13
100
AcDbEntity
100
AcDbText
8
EKP_POI_MODULLERI
10
-2560
20
7326
30
0
40
32
1
POI-1
50
0
7
STANDARD
72
1
11
-2560
21
7326
31
0
100
AcDbText
73
2
0
TEXT
5
2A8
330
13
100
AcDbEntity
100
AcDbText
8
EKP_POI_MODULLERI
10
-2560
20
7302
30
0
40
24
1
TCELL & TT 5G
50
0
7
STANDARD
72
1
11
-2560
21
7302
31
0
100
AcDbText
73
2
0
LWPOLYLINE
5
2A9
330
13
100
AcDbEntity
100
AcDbPolyline
8
EKP_POI_MODULLERI
6
ByLayer
62
256
370
-1
90
4
70
1
10
-2410
20
7114
10
-2410
20
7514
10
-2150
20
7514
10
-2150
20
7114
0
LWPOLYLINE
5
2AA
330
13
100
AcDbEntity
100
AcDbPolyline
8
EKP_POI_MODULLERI
6
ByLayer
62
256
370
-1
90
4
70
1
10
-2422
20
7114
10
-2422
20
7514
10
-2410
20
7514
10
-2410
20
7114
0
LWPOLYLINE
5
2AB
330
13
100
AcDbEntity
100
AcDbPolyline
8
EKP_POI_MODULLERI
6
ByLayer
62
256
370
-1
90
4
70
1
10
-2150
20
7114
10
-2150
20
7514
10
-2138
20
7514
10
-2138
20
7114
0
LINE
5
2AC
330
13
100
AcDbEntity
100
AcDbLine
8
EKP_POI_MODULLERI
10
-2400
20
7139
30
0
11
-2160
21
7139
31
0
0
CIRCLE
5
2AD
330
13
100
AcDbEntity
100
AcDbCircle
8
EKP_POI_MODULLERI
10
-2385
20
7129
30
0
40
5
0
CIRCLE
5
2AE
330
13
100
AcDbEntity
100
AcDbCircle
8
EKP_POI_MODULLERI
10
-2385
20
7149
30
0
40
5
0
CIRCLE
5
2AF
330
13
100
AcDbEntity
100
AcDbCircle
8
EKP_POI_MODULLERI
10
-2343
20
7129
30
0
40
5
0
CIRCLE
5
2B0
330
13
100
AcDbEntity
100
AcDbCircle
8
EKP_POI_MODULLERI
10
-2343
20
7149
30
0
40
5
0
CIRCLE
5
2B1
330
13
100
AcDbEntity
100
AcDbCircle
8
EKP_POI_MODULLERI
10
-2301
20
7129
30
0
40
5
0
CIRCLE
5
2B2
330
13
100
AcDbEntity
100
AcDbCircle
8
EKP_POI_MODULLERI
10
-2301
20
7149
30
0
40
5
0
CIRCLE
5
2B3
330
13
100
AcDbEntity
100
AcDbCircle
8
EKP_POI_MODULLERI
10
-2259
20
7129
30
0
40
5
0
CIRCLE
5
2B4
330
13
100
AcDbEntity
100
AcDbCircle
8
EKP_POI_MODULLERI
10
-2259
20
7149
30
0
40
5
0
CIRCLE
5
2B5
330
13
100
AcDbEntity
100
AcDbCircle
8
EKP_POI_MODULLERI
10
-2217
20
7129
30
0
40
5
0
CIRCLE
5
2B6
330
13
100
AcDbEntity
100
AcDbCircle
8
EKP_POI_MODULLERI
10
-2217
20
7149
30
0
40
5
0
CIRCLE
5
2B7
330
13
100
AcDbEntity
100
AcDbCircle
8
EKP_POI_MODULLERI
10
-2175
20
7129
30
0
40
5
0
CIRCLE
5
2B8
330
13
100
AcDbEntity
100
AcDbCircle
8
EKP_POI_MODULLERI
10
-2175
20
7149
30
0
40
5
0
LINE
5
2B9
330
13
100
AcDbEntity
100
AcDbLine
8
EKP_POI_MODULLERI
10
-2400
20
7489
30
0
11
-2160
21
7489
31
0
0
CIRCLE
5
2BA
330
13
100
AcDbEntity
100
AcDbCircle
8
EKP_POI_MODULLERI
10
-2375
20
7489
30
0
40
7
0
CIRCLE
5
2BB
330
13
100
AcDbEntity
100
AcDbCircle
8
EKP_POI_MODULLERI
10
-2311.6666666666665
20
7489
30
0
40
7
0
CIRCLE
5
2BC
330
13
100
AcDbEntity
100
AcDbCircle
8
EKP_POI_MODULLERI
10
-2248.3333333333335
20
7489
30
0
40
7
0
CIRCLE
5
2BD
330
13
100
AcDbEntity
100
AcDbCircle
8
EKP_POI_MODULLERI
10
-2185
20
7489
30
0
40
7
0
LINE
5
2BE
330
13
100
AcDbEntity
100
AcDbLine
8
EKP_POI_MODULLERI
10
-2310
20
7314
30
0
11
-2250
21
7314
31
0
0
LINE
5
2BF
330
13
100
AcDbEntity
100
AcDbLine
8
EKP_POI_MODULLERI
10
-2280
20
7284
30
0
11
-2280
21
7344
31
0
0
TEXT
5
2C0
330
13
100
AcDbEntity
100
AcDbText
8
EKP_POI_MODULLERI
10
-2280
20
7326
30
0
40
32
1
POI-2
50
0
7
STANDARD
72
1
11
-2280
21
7326
31
0
100
AcDbText
73
2
0
TEXT
5
2C1
330
13
100
AcDbEntity
100
AcDbText
8
EKP_POI_MODULLERI
10
-2280
20
7302
30
0
40
24
1
VODAFONE & AUX
50
0
7
STANDARD
72
1
11
-2280
21
7302
31
0
100
AcDbText
73
2
0
LWPOLYLINE
5
2DA
330
13
100
AcDbEntity
100
AcDbPolyline
8
EKP_POI_MODULLERI
6
ByLayer
62
256
370
-1
90
4
70
1
10
-1870
20
7114
10
-1870
20
7514
10
-1610
20
7514
10
-1610
20
7114
0
LWPOLYLINE
5
2DB
330
13
100
AcDbEntity
100
AcDbPolyline
8
EKP_POI_MODULLERI
6
ByLayer
62
256
370
-1
90
4
70
1
10
-1882
20
7114
10
-1882
20
7514
10
-1870
20
7514
10
-1870
20
7114
0
LWPOLYLINE
5
2DC
330
13
100
AcDbEntity
100
AcDbPolyline
8
EKP_POI_MODULLERI
6
ByLayer
62
256
370
-1
90
4
70
1
10
-1610
20
7114
10
-1610
20
7514
10
-1598
20
7514
10
-1598
20
7114
0
LINE
5
2DD
330
13
100
AcDbEntity
100
AcDbLine
8
EKP_POI_MODULLERI
10
-1860
20
7139
30
0
11
-1620
21
7139
31
0
0
CIRCLE
5
2DE
330
13
100
AcDbEntity
100
AcDbCircle
8
EKP_POI_MODULLERI
10
-1845
20
7129
30
0
40
5
0
CIRCLE
5
2DF
330
13
100
AcDbEntity
100
AcDbCircle
8
EKP_POI_MODULLERI
10
-1845
20
7149
30
0
40
5
0
CIRCLE
5
2E0
330
13
100
AcDbEntity
100
AcDbCircle
8
EKP_POI_MODULLERI
10
-1803
20
7129
30
0
40
5
0
CIRCLE
5
2E1
330
13
100
AcDbEntity
100
AcDbCircle
8
EKP_POI_MODULLERI
10
-1803
20
7149
30
0
40
5
0
CIRCLE
5
2E2
330
13
100
AcDbEntity
100
AcDbCircle
8
EKP_POI_MODULLERI
10
-1761
20
7129
30
0
40
5
0
CIRCLE
5
2E3
330
13
100
AcDbEntity
100
AcDbCircle
8
EKP_POI_MODULLERI
10
-1761
20
7149
30
0
40
5
0
CIRCLE
5
2E4
330
13
100
AcDbEntity
100
AcDbCircle
8
EKP_POI_MODULLERI
10
-1719
20
7129
30
0
40
5
0
CIRCLE
5
2E5
330
13
100
AcDbEntity
100
AcDbCircle
8
EKP_POI_MODULLERI
10
-1719
20
7149
30
0
40
5
0
CIRCLE
5
2E6
330
13
100
AcDbEntity
100
AcDbCircle
8
EKP_POI_MODULLERI
10
-1677
20
7129
30
0
40
5
0
CIRCLE
5
2E7
330
13
100
AcDbEntity
100
AcDbCircle
8
EKP_POI_MODULLERI
10
-1677
20
7149
30
0
40
5
0
CIRCLE
5
2E8
330
13
100
AcDbEntity
100
AcDbCircle
8
EKP_POI_MODULLERI
10
-1635
20
7129
30
0
40
5
0
CIRCLE
5
2E9
330
13
100
AcDbEntity
100
AcDbCircle
8
EKP_POI_MODULLERI
10
-1635
20
7149
30
0
40
5
0
LINE
5
2EA
330
13
100
AcDbEntity
100
AcDbLine
8
EKP_POI_MODULLERI
10
-1860
20
7489
30
0
11
-1620
21
7489
31
0
0
CIRCLE
5
2EB
330
13
100
AcDbEntity
100
AcDbCircle
8
EKP_POI_MODULLERI
10
-1835
20
7489
30
0
40
7
0
CIRCLE
5
2EC
330
13
100
AcDbEntity
100
AcDbCircle
8
EKP_POI_MODULLERI
10
-1771.6666666666667
20
7489
30
0
40
7
0
CIRCLE
5
2ED
330
13
100
AcDbEntity
100
AcDbCircle
8
EKP_POI_MODULLERI
10
-1708.3333333333333
20
7489
30
0
40
7
0
CIRCLE
5
2EE
330
13
100
AcDbEntity
100
AcDbCircle
8
EKP_POI_MODULLERI
10
-1645
20
7489
30
0
40
7
0
LINE
5
2EF
330
13
100
AcDbEntity
100
AcDbLine
8
EKP_POI_MODULLERI
10
-1770
20
7314
30
0
11
-1710
21
7314
31
0
0
LINE
5
2F0
330
13
100
AcDbEntity
100
AcDbLine
8
EKP_POI_MODULLERI
10
-1740
20
7284
30
0
11
-1740
21
7344
31
0
0
TEXT
5
2F1
330
13
100
AcDbEntity
100
AcDbText
8
EKP_POI_MODULLERI
10
-1740
20
7326
30
0
40
32
1
POI-3
50
0
7
STANDARD
72
1
11
-1740
21
7326
31
0
100
AcDbText
73
2
0
TEXT
5
2F2
330
13
100
AcDbEntity
100
AcDbText
8
EKP_POI_MODULLERI
10
-1740
20
7302
30
0
40
24
1
TCELL & TT 5G
50
0
7
STANDARD
72
1
11
-1740
21
7302
31
0
100
AcDbText
73
2
0
LWPOLYLINE
5
2F3
330
13
100
AcDbEntity
100
AcDbPolyline
8
EKP_POI_MODULLERI
6
ByLayer
62
256
370
-1
90
4
70
1
10
-1590
20
7114
10
-1590
20
7514
10
-1330
20
7514
10
-1330
20
7114
0
LWPOLYLINE
5
2F4
330
13
100
AcDbEntity
100
AcDbPolyline
8
EKP_POI_MODULLERI
6
ByLayer
62
256
370
-1
90
4
70
1
10
-1602
20
7114
10
-1602
20
7514
10
-1590
20
7514
10
-1590
20
7114
0
LWPOLYLINE
5
2F5
330
13
100
AcDbEntity
100
AcDbPolyline
8
EKP_POI_MODULLERI
6
ByLayer
62
256
370
-1
90
4
70
1
10
-1330
20
7114
10
-1330
20
7514
10
-1318
20
7514
10
-1318
20
7114
0
LINE
5
2F6
330
13
100
AcDbEntity
100
AcDbLine
8
EKP_POI_MODULLERI
10
-1580
20
7139
30
0
11
-1340
21
7139
31
0
0
CIRCLE
5
2F7
330
13
100
AcDbEntity
100
AcDbCircle
8
EKP_POI_MODULLERI
10
-1565
20
7129
30
0
40
5
0
CIRCLE
5
2F8
330
13
100
AcDbEntity
100
AcDbCircle
8
EKP_POI_MODULLERI
10
-1565
20
7149
30
0
40
5
0
CIRCLE
5
2F9
330
13
100
AcDbEntity
100
AcDbCircle
8
EKP_POI_MODULLERI
10
-1523
20
7129
30
0
40
5
0
CIRCLE
5
2FA
330
13
100
AcDbEntity
100
AcDbCircle
8
EKP_POI_MODULLERI
10
-1523
20
7149
30
0
40
5
0
CIRCLE
5
2FB
330
13
100
AcDbEntity
100
AcDbCircle
8
EKP_POI_MODULLERI
10
-1481
20
7129
30
0
40
5
0
CIRCLE
5
2FC
330
13
100
AcDbEntity
100
AcDbCircle
8
EKP_POI_MODULLERI
10
-1481
20
7149
30
0
40
5
0
CIRCLE
5
2FD
330
13
100
AcDbEntity
100
AcDbCircle
8
EKP_POI_MODULLERI
10
-1439
20
7129
30
0
40
5
0
CIRCLE
5
2FE
330
13
100
AcDbEntity
100
AcDbCircle
8
EKP_POI_MODULLERI
10
-1439
20
7149
30
0
40
5
0
CIRCLE
5
2FF
330
13
100
AcDbEntity
100
AcDbCircle
8
EKP_POI_MODULLERI
10
-1397
20
7129
30
0
40
5
0
CIRCLE
5
300
330
13
100
AcDbEntity
100
AcDbCircle
8
EKP_POI_MODULLERI
10
-1397
20
7149
30
0
40
5
0
CIRCLE
5
301
330
13
100
AcDbEntity
100
AcDbCircle
8
EKP_POI_MODULLERI
10
-1355
20
7129
30
0
40
5
0
CIRCLE
5
302
330
13
100
AcDbEntity
100
AcDbCircle
8
EKP_POI_MODULLERI
10
-1355
20
7149
30
0
40
5
0
LINE
5
303
330
13
100
AcDbEntity
100
AcDbLine
8
EKP_POI_MODULLERI
10
-1580
20
7489
30
0
11
-1340
21
7489
31
0
0
CIRCLE
5
304
330
13
100
AcDbEntity
100
AcDbCircle
8
EKP_POI_MODULLERI
10
-1555
20
7489
30
0
40
7
0
CIRCLE
5
305
330
13
100
AcDbEntity
100
AcDbCircle
8
EKP_POI_MODULLERI
10
-1491.6666666666667
20
7489
30
0
40
7
0
CIRCLE
5
306
330
13
100
AcDbEntity
100
AcDbCircle
8
EKP_POI_MODULLERI
10
-1428.3333333333333
20
7489
30
0
40
7
0
CIRCLE
5
307
330
13
100
AcDbEntity
100
AcDbCircle
8
EKP_POI_MODULLERI
10
-1365
20
7489
30
0
40
7
0
LINE
5
308
330
13
100
AcDbEntity
100
AcDbLine
8
EKP_POI_MODULLERI
10
-1490
20
7314
30
0
11
-1430
21
7314
31
0
0
LINE
5
309
330
13
100
AcDbEntity
100
AcDbLine
8
EKP_POI_MODULLERI
10
-1460
20
7284
30
0
11
-1460
21
7344
31
0
0
TEXT
5
30A
330
13
100
AcDbEntity
100
AcDbText
8
EKP_POI_MODULLERI
10
-1460
20
7326
30
0
40
32
1
POI-4
50
0
7
STANDARD
72
1
11
-1460
21
7326
31
0
100
AcDbText
73
2
0
TEXT
5
30B
330
13
100
AcDbEntity
100
AcDbText
8
EKP_POI_MODULLERI
10
-1460
20
7302
30
0
40
24
1
VODAFONE & AUX
50
0
7
STANDARD
72
1
11
-1460
21
7302
31
0
100
AcDbText
73
2
0
LWPOLYLINE
5
324
330
13
100
AcDbEntity
100
AcDbPolyline
8
EKP_POI_MODULLERI
6
ByLayer
62
256
370
-1
90
4
70
1
10
-1050
20
7114
10
-1050
20
7514
10
-790
20
7514
10
-790
20
7114
0
LWPOLYLINE
5
325
330
13
100
AcDbEntity
100
AcDbPolyline
8
EKP_POI_MODULLERI
6
ByLayer
62
256
370
-1
90
4
70
1
10
-1062
20
7114
10
-1062
20
7514
10
-1050
20
7514
10
-1050
20
7114
0
LWPOLYLINE
5
326
330
13
100
AcDbEntity
100
AcDbPolyline
8
EKP_POI_MODULLERI
6
ByLayer
62
256
370
-1
90
4
70
1
10
-790
20
7114
10
-790
20
7514
10
-778
20
7514
10
-778
20
7114
0
LINE
5
327
330
13
100
AcDbEntity
100
AcDbLine
8
EKP_POI_MODULLERI
10
-1040
20
7139
30
0
11
-800
21
7139
31
0
0
CIRCLE
5
328
330
13
100
AcDbEntity
100
AcDbCircle
8
EKP_POI_MODULLERI
10
-1025
20
7129
30
0
40
5
0
CIRCLE
5
329
330
13
100
AcDbEntity
100
AcDbCircle
8
EKP_POI_MODULLERI
10
-1025
20
7149
30
0
40
5
0
CIRCLE
5
32A
330
13
100
AcDbEntity
100
AcDbCircle
8
EKP_POI_MODULLERI
10
-983
20
7129
30
0
40
5
0
CIRCLE
5
32B
330
13
100
AcDbEntity
100
AcDbCircle
8
EKP_POI_MODULLERI
10
-983
20
7149
30
0
40
5
0
CIRCLE
5
32C
330
13
100
AcDbEntity
100
AcDbCircle
8
EKP_POI_MODULLERI
10
-941
20
7129
30
0
40
5
0
CIRCLE
5
32D
330
13
100
AcDbEntity
100
AcDbCircle
8
EKP_POI_MODULLERI
10
-941
20
7149
30
0
40
5
0
CIRCLE
5
32E
330
13
100
AcDbEntity
100
AcDbCircle
8
EKP_POI_MODULLERI
10
-899
20
7129
30
0
40
5
0
CIRCLE
5
32F
330
13
100
AcDbEntity
100
AcDbCircle
8
EKP_POI_MODULLERI
10
-899
20
7149
30
0
40
5
0
CIRCLE
5
330
330
13
100
AcDbEntity
100
AcDbCircle
8
EKP_POI_MODULLERI
10
-857
20
7129
30
0
40
5
0
CIRCLE
5
331
330
13
100
AcDbEntity
100
AcDbCircle
8
EKP_POI_MODULLERI
10
-857
20
7149
30
0
40
5
0
CIRCLE
5
332
330
13
100
AcDbEntity
100
AcDbCircle
8
EKP_POI_MODULLERI
10
-815
20
7129
30
0
40
5
0
CIRCLE
5
333
330
13
100
AcDbEntity
100
AcDbCircle
8
EKP_POI_MODULLERI
10
-815
20
7149
30
0
40
5
0
LINE
5
334
330
13
100
AcDbEntity
100
AcDbLine
8
EKP_POI_MODULLERI
10
-1040
20
7489
30
0
11
-800
21
7489
31
0
0
CIRCLE
5
335
330
13
100
AcDbEntity
100
AcDbCircle
8
EKP_POI_MODULLERI
10
-1015
20
7489
30
0
40
7
0
CIRCLE
5
336
330
13
100
AcDbEntity
100
AcDbCircle
8
EKP_POI_MODULLERI
10
-951.6666666666666
20
7489
30
0
40
7
0
CIRCLE
5
337
330
13
100
AcDbEntity
100
AcDbCircle
8
EKP_POI_MODULLERI
10
-888.3333333333334
20
7489
30
0
40
7
0
CIRCLE
5
338
330
13
100
AcDbEntity
100
AcDbCircle
8
EKP_POI_MODULLERI
10
-825
20
7489
30
0
40
7
0
LINE
5
339
330
13
100
AcDbEntity
100
AcDbLine
8
EKP_POI_MODULLERI
10
-950
20
7314
30
0
11
-890
21
7314
31
0
0
LINE
5
33A
330
13
100
AcDbEntity
100
AcDbLine
8
EKP_POI_MODULLERI
10
-920
20
7284
30
0
11
-920
21
7344
31
0
0
TEXT
5
33B
330
13
100
AcDbEntity
100
AcDbText
8
EKP_POI_MODULLERI
10
-920
20
7326
30
0
40
32
1
POI-5
50
0
7
STANDARD
72
1
11
-920
21
7326
31
0
100
AcDbText
73
2
0
TEXT
5
33C
330
13
100
AcDbEntity
100
AcDbText
8
EKP_POI_MODULLERI
10
-920
20
7302
30
0
40
24
1
TCELL & TT 5G
50
0
7
STANDARD
72
1
11
-920
21
7302
31
0
100
AcDbText
73
2
0
LWPOLYLINE
5
33D
330
13
100
AcDbEntity
100
AcDbPolyline
8
EKP_POI_MODULLERI
6
ByLayer
62
256
370
-1
90
4
70
1
10
-770
20
7114
10
-770
20
7514
10
-510
20
7514
10
-510
20
7114
0
LWPOLYLINE
5
33E
330
13
100
AcDbEntity
100
AcDbPolyline
8
EKP_POI_MODULLERI
6
ByLayer
62
256
370
-1
90
4
70
1
10
-782
20
7114
10
-782
20
7514
10
-770
20
7514
10
-770
20
7114
0
LWPOLYLINE
5
33F
330
13
100
AcDbEntity
100
AcDbPolyline
8
EKP_POI_MODULLERI
6
ByLayer
62
256
370
-1
90
4
70
1
10
-510
20
7114
10
-510
20
7514
10
-498
20
7514
10
-498
20
7114
0
LINE
5
340
330
13
100
AcDbEntity
100
AcDbLine
8
EKP_POI_MODULLERI
10
-760
20
7139
30
0
11
-520
21
7139
31
0
0
CIRCLE
5
341
330
13
100
AcDbEntity
100
AcDbCircle
8
EKP_POI_MODULLERI
10
-745
20
7129
30
0
40
5
0
CIRCLE
5
342
330
13
100
AcDbEntity
100
AcDbCircle
8
EKP_POI_MODULLERI
10
-745
20
7149
30
0
40
5
0
CIRCLE
5
343
330
13
100
AcDbEntity
100
AcDbCircle
8
EKP_POI_MODULLERI
10
-703
20
7129
30
0
40
5
0
CIRCLE
5
344
330
13
100
AcDbEntity
100
AcDbCircle
8
EKP_POI_MODULLERI
10
-703
20
7149
30
0
40
5
0
CIRCLE
5
345
330
13
100
AcDbEntity
100
AcDbCircle
8
EKP_POI_MODULLERI
10
-661
20
7129
30
0
40
5
0
CIRCLE
5
346
330
13
100
AcDbEntity
100
AcDbCircle
8
EKP_POI_MODULLERI
10
-661
20
7149
30
0
40
5
0
CIRCLE
5
347
330
13
100
AcDbEntity
100
AcDbCircle
8
EKP_POI_MODULLERI
10
-619
20
7129
30
0
40
5
0
CIRCLE
5
348
330
13
100
AcDbEntity
100
AcDbCircle
8
EKP_POI_MODULLERI
10
-619
20
7149
30
0
40
5
0
CIRCLE
5
349
330
13
100
AcDbEntity
100
AcDbCircle
8
EKP_POI_MODULLERI
10
-577
20
7129
30
0
40
5
0
CIRCLE
5
34A
330
13
100
AcDbEntity
100
AcDbCircle
8
EKP_POI_MODULLERI
10
-577
20
7149
30
0
40
5
0
CIRCLE
5
34B
330
13
100
AcDbEntity
100
AcDbCircle
8
EKP_POI_MODULLERI
10
-535
20
7129
30
0
40
5
0
CIRCLE
5
34C
330
13
100
AcDbEntity
100
AcDbCircle
8
EKP_POI_MODULLERI
10
-535
20
7149
30
0
40
5
0
LINE
5
34D
330
13
100
AcDbEntity
100
AcDbLine
8
EKP_POI_MODULLERI
10
-760
20
7489
30
0
11
-520
21
7489
31
0
0
CIRCLE
5
34E
330
13
100
AcDbEntity
100
AcDbCircle
8
EKP_POI_MODULLERI
10
-735
20
7489
30
0
40
7
0
CIRCLE
5
34F
330
13
100
AcDbEntity
100
AcDbCircle
8
EKP_POI_MODULLERI
10
-671.6666666666666
20
7489
30
0
40
7
0
CIRCLE
5
350
330
13
100
AcDbEntity
100
AcDbCircle
8
EKP_POI_MODULLERI
10
-608.3333333333334
20
7489
30
0
40
7
0
CIRCLE
5
351
330
13
100
AcDbEntity
100
AcDbCircle
8
EKP_POI_MODULLERI
10
-545
20
7489
30
0
40
7
0
LINE
5
352
330
13
100
AcDbEntity
100
AcDbLine
8
EKP_POI_MODULLERI
10
-670
20
7314
30
0
11
-610
21
7314
31
0
0
LINE
5
353
330
13
100
AcDbEntity
100
AcDbLine
8
EKP_POI_MODULLERI
10
-640
20
7284
30
0
11
-640
21
7344
31
0
0
TEXT
5
354
330
13
100
AcDbEntity
100
AcDbText
8
EKP_POI_MODULLERI
10
-640
20
7326
30
0
40
32
1
POI-6
50
0
7
STANDARD
72
1
11
-640
21
7326
31
0
100
AcDbText
73
2
0
TEXT
5
355
330
13
100
AcDbEntity
100
AcDbText
8
EKP_POI_MODULLERI
10
-640
20
7302
30
0
40
24
1
VODAFONE & AUX
50
0
7
STANDARD
72
1
11
-640
21
7302
31
0
100
AcDbText
73
2
0
LWPOLYLINE
5
3B4
330
13
100
AcDbEntity
100
AcDbPolyline
8
EKP_POI_MODULLERI
6
ByLayer
62
256
370
-1
90
4
70
1
10
6730
20
13300
10
6730
20
13700
10
6990
20
13700
10
6990
20
13300
0
LWPOLYLINE
5
3B5
330
13
100
AcDbEntity
100
AcDbPolyline
8
EKP_POI_MODULLERI
6
ByLayer
62
256
370
-1
90
4
70
1
10
6718
20
13300
10
6718
20
13700
10
6730
20
13700
10
6730
20
13300
0
LWPOLYLINE
5
3B6
330
13
100
AcDbEntity
100
AcDbPolyline
8
EKP_POI_MODULLERI
6
ByLayer
62
256
370
-1
90
4
70
1
10
6990
20
13300
10
6990
20
13700
10
7002
20
13700
10
7002
20
13300
0
LINE
5
3B7
330
13
100
AcDbEntity
100
AcDbLine
8
EKP_POI_MODULLERI
10
6740
20
13325
30
0
11
6980
21
13325
31
0
0
CIRCLE
5
3B8
330
13
100
AcDbEntity
100
AcDbCircle
8
EKP_POI_MODULLERI
10
6755
20
13315
30
0
40
5
0
CIRCLE
5
3B9
330
13
100
AcDbEntity
100
AcDbCircle
8
EKP_POI_MODULLERI
10
6755
20
13335
30
0
40
5
0
CIRCLE
5
3BA
330
13
100
AcDbEntity
100
AcDbCircle
8
EKP_POI_MODULLERI
10
6797
20
13315
30
0
40
5
0
CIRCLE
5
3BB
330
13
100
AcDbEntity
100
AcDbCircle
8
EKP_POI_MODULLERI
10
6797
20
13335
30
0
40
5
0
CIRCLE
5
3BC
330
13
100
AcDbEntity
100
AcDbCircle
8
EKP_POI_MODULLERI
10
6839
20
13315
30
0
40
5
0
CIRCLE
5
3BD
330
13
100
AcDbEntity
100
AcDbCircle
8
EKP_POI_MODULLERI
10
6839
20
13335
30
0
40
5
0
CIRCLE
5
3BE
330
13
100
AcDbEntity
100
AcDbCircle
8
EKP_POI_MODULLERI
10
6881
20
13315
30
0
40
5
0
CIRCLE
5
3BF
330
13
100
AcDbEntity
100
AcDbCircle
8
EKP_POI_MODULLERI
10
6881
20
13335
30
0
40
5
0
CIRCLE
5
3C0
330
13
100
AcDbEntity
100
AcDbCircle
8
EKP_POI_MODULLERI
10
6923
20
13315
30
0
40
5
0
CIRCLE
5
3C1
330
13
100
AcDbEntity
100
AcDbCircle
8
EKP_POI_MODULLERI
10
6923
20
13335
30
0
40
5
0
CIRCLE
5
3C2
330
13
100
AcDbEntity
100
AcDbCircle
8
EKP_POI_MODULLERI
10
6965
20
13315
30
0
40
5
0
CIRCLE
5
3C3
330
13
100
AcDbEntity
100
AcDbCircle
8
EKP_POI_MODULLERI
10
6965
20
13335
30
0
40
5
0
LINE
5
3C4
330
13
100
AcDbEntity
100
AcDbLine
8
EKP_POI_MODULLERI
10
6740
20
13675
30
0
11
6980
21
13675
31
0
0
CIRCLE
5
3C5
330
13
100
AcDbEntity
100
AcDbCircle
8
EKP_POI_MODULLERI
10
6765
20
13675
30
0
40
7
0
CIRCLE
5
3C6
330
13
100
AcDbEntity
100
AcDbCircle
8
EKP_POI_MODULLERI
10
6828.333333333333
20
13675
30
0
40
7
0
CIRCLE
5
3C7
330
13
100
AcDbEntity
100
AcDbCircle
8
EKP_POI_MODULLERI
10
6891.666666666667
20
13675
30
0
40
7
0
CIRCLE
5
3C8
330
13
100
AcDbEntity
100
AcDbCircle
8
EKP_POI_MODULLERI
10
6955
20
13675
30
0
40
7
0
LINE
5
3C9
330
13
100
AcDbEntity
100
AcDbLine
8
EKP_POI_MODULLERI
10
6830
20
13500
30
0
11
6890
21
13500
31
0
0
LINE
5
3CA
330
13
100
AcDbEntity
100
AcDbLine
8
EKP_POI_MODULLERI
10
6860
20
13470
30
0
11
6860
21
13530
31
0
0
TEXT
5
3CB
330
13
100
AcDbEntity
100
AcDbText
8
EKP_POI_MODULLERI
10
6860
20
13512
30
0
40
32
1
POI-1
50
0
7
STANDARD
72
1
11
6860
21
13512
31
0
100
AcDbText
73
2
0
TEXT
5
3CC
330
13
100
AcDbEntity
100
AcDbText
8
EKP_POI_MODULLERI
10
6860
20
13488
30
0
40
24
1
TCELL & TT 5G
50
0
7
STANDARD
72
1
11
6860
21
13488
31
0
100
AcDbText
73
2
0
LWPOLYLINE
5
3CD
330
13
100
AcDbEntity
100
AcDbPolyline
8
EKP_POI_MODULLERI
6
ByLayer
62
256
370
-1
90
4
70
1
10
7010
20
13300
10
7010
20
13700
10
7270
20
13700
10
7270
20
13300
0
LWPOLYLINE
5
3CE
330
13
100
AcDbEntity
100
AcDbPolyline
8
EKP_POI_MODULLERI
6
ByLayer
62
256
370
-1
90
4
70
1
10
6998
20
13300
10
6998
20
13700
10
7010
20
13700
10
7010
20
13300
0
LWPOLYLINE
5
3CF
330
13
100
AcDbEntity
100
AcDbPolyline
8
EKP_POI_MODULLERI
6
ByLayer
62
256
370
-1
90
4
70
1
10
7270
20
13300
10
7270
20
13700
10
7282
20
13700
10
7282
20
13300
0
LINE
5
3D0
330
13
100
AcDbEntity
100
AcDbLine
8
EKP_POI_MODULLERI
10
7020
20
13325
30
0
11
7260
21
13325
31
0
0
CIRCLE
5
3D1
330
13
100
AcDbEntity
100
AcDbCircle
8
EKP_POI_MODULLERI
10
7035
20
13315
30
0
40
5
0
CIRCLE
5
3D2
330
13
100
AcDbEntity
100
AcDbCircle
8
EKP_POI_MODULLERI
10
7035
20
13335
30
0
40
5
0
CIRCLE
5
3D3
330
13
100
AcDbEntity
100
AcDbCircle
8
EKP_POI_MODULLERI
10
7077
20
13315
30
0
40
5
0
CIRCLE
5
3D4
330
13
100
AcDbEntity
100
AcDbCircle
8
EKP_POI_MODULLERI
10
7077
20
13335
30
0
40
5
0
CIRCLE
5
3D5
330
13
100
AcDbEntity
100
AcDbCircle
8
EKP_POI_MODULLERI
10
7119
20
13315
30
0
40
5
0
CIRCLE
5
3D6
330
13
100
AcDbEntity
100
AcDbCircle
8
EKP_POI_MODULLERI
10
7119
20
13335
30
0
40
5
0
CIRCLE
5
3D7
330
13
100
AcDbEntity
100
AcDbCircle
8
EKP_POI_MODULLERI
10
7161
20
13315
30
0
40
5
0
CIRCLE
5
3D8
330
13
100
AcDbEntity
100
AcDbCircle
8
EKP_POI_MODULLERI
10
7161
20
13335
30
0
40
5
0
CIRCLE
5
3D9
330
13
100
AcDbEntity
100
AcDbCircle
8
EKP_POI_MODULLERI
10
7203
20
13315
30
0
40
5
0
CIRCLE
5
3DA
330
13
100
AcDbEntity
100
AcDbCircle
8
EKP_POI_MODULLERI
10
7203
20
13335
30
0
40
5
0
CIRCLE
5
3DB
330
13
100
AcDbEntity
100
AcDbCircle
8
EKP_POI_MODULLERI
10
7245
20
13315
30
0
40
5
0
CIRCLE
5
3DC
330
13
100
AcDbEntity
100
AcDbCircle
8
EKP_POI_MODULLERI
10
7245
20
13335
30
0
40
5
0
LINE
5
3DD
330
13
100
AcDbEntity
100
AcDbLine
8
EKP_POI_MODULLERI
10
7020
20
13675
30
0
11
7260
21
13675
31
0
0
CIRCLE
5
3DE
330
13
100
AcDbEntity
100
AcDbCircle
8
EKP_POI_MODULLERI
10
7045
20
13675
30
0
40
7
0
CIRCLE
5
3DF
330
13
100
AcDbEntity
100
AcDbCircle
8
EKP_POI_MODULLERI
10
7108.333333333333
20
13675
30
0
40
7
0
CIRCLE
5
3E0
330
13
100
AcDbEntity
100
AcDbCircle
8
EKP_POI_MODULLERI
10
7171.666666666667
20
13675
30
0
40
7
0
CIRCLE
5
3E1
330
13
100
AcDbEntity
100
AcDbCircle
8
EKP_POI_MODULLERI
10
7235
20
13675
30
0
40
7
0
LINE
5
3E2
330
13
100
AcDbEntity
100
AcDbLine
8
EKP_POI_MODULLERI
10
7110
20
13500
30
0
11
7170
21
13500
31
0
0
LINE
5
3E3
330
13
100
AcDbEntity
100
AcDbLine
8
EKP_POI_MODULLERI
10
7140
20
13470
30
0
11
7140
21
13530
31
0
0
TEXT
5
3E4
330
13
100
AcDbEntity
100
AcDbText
8
EKP_POI_MODULLERI
10
7140
20
13512
30
0
40
32
1
POI-2
50
0
7
STANDARD
72
1
11
7140
21
13512
31
0
100
AcDbText
73
2
0
TEXT
5
3E5
330
13
100
AcDbEntity
100
AcDbText
8
EKP_POI_MODULLERI
10
7140
20
13488
30
0
40
24
1
VODAFONE & AUX
50
0
7
STANDARD
72
1
11
7140
21
13488
31
0
100
AcDbText
73
2
0
LWPOLYLINE
5
424
330
13
100
AcDbEntity
100
AcDbPolyline
8
EKP_POI_MODULLERI
6
ByLayer
62
256
370
-1
90
4
70
1
10
-5340
20
-6885
10
-5340
20
-6625
10
-4860
20
-6625
10
-4860
20
-6885
0
TEXT
5
425
330
13
100
AcDbEntity
100
AcDbText
8
EKP_POI_MODULLERI
10
-5100
20
-6755
30
0
40
40
1
POI-1
50
0
7
STANDARD
72
1
11
-5100
21
-6755
31
0
100
AcDbText
73
2
0
LWPOLYLINE
5
426
330
13
100
AcDbEntity
100
AcDbPolyline
8
EKP_POI_MODULLERI
6
ByLayer
62
256
370
-1
90
4
70
1
10
-5340
20
-6570
10
-5340
20
-6310
10
-4860
20
-6310
10
-4860
20
-6570
0
TEXT
5
427
330
13
100
AcDbEntity
100
AcDbText
8
EKP_POI_MODULLERI
10
-5100
20
-6440
30
0
40
40
1
POI-2
50
0
7
STANDARD
72
1
11
-5100
21
-6440
31
0
100
AcDbText
73
2
0
LWPOLYLINE
5
428
330
13
100
AcDbEntity
100
AcDbPolyline
8
EKP_POI_MODULLERI
6
ByLayer
62
256
370
-1
90
4
70
1
10
-5340
20
-6255
10
-5340
20
-5995
10
-4860
20
-5995
10
-4860
20
-6255
0
TEXT
5
429
330
13
100
AcDbEntity
100
AcDbText
8
EKP_POI_MODULLERI
10
-5100
20
-6125
30
0
40
40
1
POI-3
50
0
7
STANDARD
72
1
11
-5100
21
-6125
31
0
100
AcDbText
73
2
0
LWPOLYLINE
5
42A
330
13
100
AcDbEntity
100
AcDbPolyline
8
EKP_POI_MODULLERI
6
ByLayer
62
256
370
-1
90
4
70
1
10
-5340
20
-5940
10
-5340
20
-5680
10
-4860
20
-5680
10
-4860
20
-5940
0
TEXT
5
42B
330
13
100
AcDbEntity
100
AcDbText
8
EKP_POI_MODULLERI
10
-5100
20
-5810
30
0
40
40
1
POI-4
50
0
7
STANDARD
72
1
11
-5100
21
-5810
31
0
100
AcDbText
73
2
0
LWPOLYLINE
5
430
330
13
100
AcDbEntity
100
AcDbPolyline
8
EKP_POI_MODULLERI
6
ByLayer
62
256
370
-1
90
4
70
1
10
-4600
20
-6885
10
-4600
20
-6625
10
-4120
20
-6625
10
-4120
20
-6885
0
TEXT
5
431
330
13
100
AcDbEntity
100
AcDbText
8
EKP_POI_MODULLERI
10
-4360
20
-6755
30
0
40
40
1
POI-1
50
0
7
STANDARD
72
1
11
-4360
21
-6755
31
0
100
AcDbText
73
2
0
LWPOLYLINE
5
432
330
13
100
AcDbEntity
100
AcDbPolyline
8
EKP_POI_MODULLERI
6
ByLayer
62
256
370
-1
90
4
70
1
10
-4600
20
-6570
10
-4600
20
-6310
10
-4120
20
-6310
10
-4120
20
-6570
0
TEXT
5
433
330
13
100
AcDbEntity
100
AcDbText
8
EKP_POI_MODULLERI
10
-4360
20
-6440
30
0
40
40
1
POI-2
50
0
7
STANDARD
72
1
11
-4360
21
-6440
31
0
100
AcDbText
73
2
0
LWPOLYLINE
5
434
330
13
100
AcDbEntity
100
AcDbPolyline
8
EKP_POI_MODULLERI
6
ByLayer
62
256
370
-1
90
4
70
1
10
-4600
20
-6255
10
-4600
20
-5995
10
-4120
20
-5995
10
-4120
20
-6255
0
TEXT
5
435
330
13
100
AcDbEntity
100
AcDbText
8
EKP_POI_MODULLERI
10
-4360
20
-6125
30
0
40
40
1
POI-3
50
0
7
STANDARD
72
1
11
-4360
21
-6125
31
0
100
AcDbText
73
2
0
LWPOLYLINE
5
436
330
13
100
AcDbEntity
100
AcDbPolyline
8
EKP_POI_MODULLERI
6
ByLayer
62
256
370
-1
90
4
70
1
10
-4600
20
-5940
10
-4600
20
-5680
10
-4120
20
-5680
10
-4120
20
-5940
0
TEXT
5
437
330
13
100
AcDbEntity
100
AcDbText
8
EKP_POI_MODULLERI
10
-4360
20
-5810
30
0
40
40
1
POI-4
50
0
7
STANDARD
72
1
11
-4360
21
-5810
31
0
100
AcDbText
73
2
0
LWPOLYLINE
5
43C
330
13
100
AcDbEntity
100
AcDbPolyline
8
EKP_POI_MODULLERI
6
ByLayer
62
256
370
-1
90
4
70
1
10
-3860
20
-6885
10
-3860
20
-6625
10
-3380
20
-6625
10
-3380
20
-6885
0
TEXT
5
43D
330
13
100
AcDbEntity
100
AcDbText
8
EKP_POI_MODULLERI
10
-3620
20
-6755
30
0
40
40
1
POI-1
50
0
7
STANDARD
72
1
11
-3620
21
-6755
31
0
100
AcDbText
73
2
0
LWPOLYLINE
5
43E
330
13
100
AcDbEntity
100
AcDbPolyline
8
EKP_POI_MODULLERI
6
ByLayer
62
256
370
-1
90
4
70
1
10
-3860
20
-6570
10
-3860
20
-6310
10
-3380
20
-6310
10
-3380
20
-6570
0
TEXT
5
43F
330
13
100
AcDbEntity
100
AcDbText
8
EKP_POI_MODULLERI
10
-3620
20
-6440
30
0
40
40
1
POI-2
50
0
7
STANDARD
72
1
11
-3620
21
-6440
31
0
100
AcDbText
73
2
0
LWPOLYLINE
5
440
330
13
100
AcDbEntity
100
AcDbPolyline
8
EKP_POI_MODULLERI
6
ByLayer
62
256
370
-1
90
4
70
1
10
-3860
20
-6255
10
-3860
20
-5995
10
-3380
20
-5995
10
-3380
20
-6255
0
TEXT
5
441
330
13
100
AcDbEntity
100
AcDbText
8
EKP_POI_MODULLERI
10
-3620
20
-6125
30
0
40
40
1
POI-3
50
0
7
STANDARD
72
1
11
-3620
21
-6125
31
0
100
AcDbText
73
2
0
LWPOLYLINE
5
442
330
13
100
AcDbEntity
100
AcDbPolyline
8
EKP_POI_MODULLERI
6
ByLayer
62
256
370
-1
90
4
70
1
10
-3860
20
-5940
10
-3860
20
-5680
10
-3380
20
-5680
10
-3380
20
-5940
0
TEXT
5
443
330
13
100
AcDbEntity
100
AcDbText
8
EKP_POI_MODULLERI
10
-3620
20
-5810
30
0
40
40
1
POI-4
50
0
7
STANDARD
72
1
11
-3620
21
-5810
31
0
100
AcDbText
73
2
0
LWPOLYLINE
5
4BA
330
13
100
AcDbEntity
100
AcDbPolyline
8
EKP_POI_MODULLERI
6
ByLayer
62
256
370
-1
90
4
70
1
10
-2680
20
-20970
10
-2680
20
-20660
10
-2440
20
-20660
10
-2440
20
-20970
0
LWPOLYLINE
5
4BB
330
13
100
AcDbEntity
100
AcDbPolyline
8
EKP_POI_MODULLERI
6
ByLayer
62
256
370
-1
90
4
70
1
10
-2400
20
-20970
10
-2400
20
-20660
10
-2160
20
-20660
10
-2160
20
-20970
0
LWPOLYLINE
5
4BE
330
13
100
AcDbEntity
100
AcDbPolyline
8
EKP_POI_MODULLERI
6
ByLayer
62
256
370
-1
90
4
70
1
10
-1860
20
-20970
10
-1860
20
-20660
10
-1620
20
-20660
10
-1620
20
-20970
0
LWPOLYLINE
5
4BF
330
13
100
AcDbEntity
100
AcDbPolyline
8
EKP_POI_MODULLERI
6
ByLayer
62
256
370
-1
90
4
70
1
10
-1580
20
-20970
10
-1580
20
-20660
10
-1340
20
-20660
10
-1340
20
-20970
0
LWPOLYLINE
5
4C2
330
13
100
AcDbEntity
100
AcDbPolyline
8
EKP_POI_MODULLERI
6
ByLayer
62
256
370
-1
90
4
70
1
10
-1040
20
-20970
10
-1040
20
-20660
10
-800
20
-20660
10
-800
20
-20970
0
LWPOLYLINE
5
4C3
330
13
100
AcDbEntity
100
AcDbPolyline
8
EKP_POI_MODULLERI
6
ByLayer
62
256
370
-1
90
4
70
1
10
-760
20
-20970
10
-760
20
-20660
10
-520
20
-20660
10
-520
20
-20970
0
LWPOLYLINE
5
14D
330
13
100
AcDbEntity
100
AcDbPolyline
8
EKP_RECTIFIER_ELTEK_20U
6
ByLayer
62
256
370
-1
90
4
70
1
10
3854.2847730340945
20
1044.7056040787181
10
3854.2847730340945
20
1751.7056075432383
10
4534.284780186652
20
1751.7056075432383
10
4534.284780186652
20
1044.7056040787181
0
LINE
5
14E
330
13
100
AcDbEntity
100
AcDbLine
8
EKP_RECTIFIER_ELTEK_20U
10
3888.2847733917224
20
1019.7056040787181
30
0
11
4500.284779829024
21
1019.7056040787181
31
0
0
LINE
5
14F
330
13
100
AcDbEntity
100
AcDbLine
8
EKP_RECTIFIER_ELTEK_20U
10
3888.2847733917224
20
1044.7056040787181
30
0
11
3888.2847733917224
21
1019.7056040787181
31
0
0
LINE
5
150
330
13
100
AcDbEntity
100
AcDbLine
8
EKP_RECTIFIER_ELTEK_20U
10
4500.284779829024
20
1044.7056040787181
30
0
11
4500.284779829024
21
1019.7056040787181
31
0
0
LWPOLYLINE
5
151
330
13
100
AcDbEntity
100
AcDbPolyline
8
EKP_RECTIFIER_ELTEK_20U
6
ByLayer
62
256
370
-1
90
4
70
1
10
4364.284778398513
20
1007.2056040787181
10
4364.284778398513
20
1043.2056040787181
10
4404.284778398513
20
1043.2056040787181
10
4404.284778398513
20
1007.2056040787181
0
LWPOLYLINE
5
152
330
13
100
AcDbEntity
100
AcDbPolyline
8
EKP_RECTIFIER_ELTEK_20U
6
ByLayer
62
256
370
-1
90
4
70
1
10
4534.284780186652
20
1186.1056047716222
10
4534.284780186652
20
1610.3056068503342
10
4594.284780186652
20
1610.3056068503342
10
4594.284780186652
20
1186.1056047716222
0
LINE
5
153
330
13
100
AcDbEntity
100
AcDbLine
8
EKP_RECTIFIER_ELTEK_20U
10
4546.284780186652
20
1292.1556052913002
30
0
11
4582.284780186652
21
1292.1556052913002
31
0
0
LINE
5
154
330
13
100
AcDbEntity
100
AcDbLine
8
EKP_RECTIFIER_ELTEK_20U
10
4546.284780186652
20
1398.2056058109783
30
0
11
4582.284780186652
21
1398.2056058109783
31
0
0
LINE
5
155
330
13
100
AcDbEntity
100
AcDbLine
8
EKP_RECTIFIER_ELTEK_20U
10
4546.284780186652
20
1504.2556063306563
30
0
11
4582.284780186652
21
1504.2556063306563
31
0
0
LWPOLYLINE
5
156
330
13
100
AcDbEntity
100
AcDbPolyline
8
EKP_RECTIFIER_ELTEK_20U
6
ByLayer
62
256
370
-1
90
4
70
1
10
3869.2847730340945
20
1059.7056040787181
10
3869.2847730340945
20
1736.7056075432383
10
4519.284780186652
20
1736.7056075432383
10
4519.284780186652
20
1059.7056040787181
0
LINE
5
157
330
13
100
AcDbEntity
100
AcDbLine
8
EKP_RECTIFIER_ELTEK_20U
10
4092.2847755374896
20
1398.205605810978
30
0
11
4296.284777683257
21
1398.205605810978
31
0
0
LINE
5
158
330
13
100
AcDbEntity
100
AcDbLine
8
EKP_RECTIFIER_ELTEK_20U
10
4194.284776610373
20
1292.1556052913002
30
0
11
4194.284776610373
21
1504.255606330656
31
0
0
TEXT
5
159
330
13
100
AcDbEntity
100
AcDbText
8
EKP_RECTIFIER_ELTEK_20U
10
4194.284776610373
20
1398.205605810978
30
0
40
65
1
20U Outdoor DC Guc Kaynagi (Eltek Flatpack2 24kW) (Alan 2)
50
0
7
STANDARD
72
1
11
4194.284776610373
21
1398.205605810978
31
0
100
AcDbText
73
2
0
LWPOLYLINE
5
15A
330
13
100
AcDbEntity
100
AcDbPolyline
8
EKP_RECTIFIER_ELTEK_20U
6
ByLayer
62
256
370
-1
90
4
70
1
10
3062.8464396889663
20
1053.62671868108
10
3062.8464396889663
20
1760.6267221456
10
3742.8464468415236
20
1760.6267221456
10
3742.8464468415236
20
1053.62671868108
0
LINE
5
15B
330
13
100
AcDbEntity
100
AcDbLine
8
EKP_RECTIFIER_ELTEK_20U
10
3096.846440046594
20
1028.62671868108
30
0
11
3708.8464464838958
21
1028.62671868108
31
0
0
LINE
5
15C
330
13
100
AcDbEntity
100
AcDbLine
8
EKP_RECTIFIER_ELTEK_20U
10
3096.846440046594
20
1053.62671868108
30
0
11
3096.846440046594
21
1028.62671868108
31
0
0
LINE
5
15D
330
13
100
AcDbEntity
100
AcDbLine
8
EKP_RECTIFIER_ELTEK_20U
10
3708.8464464838958
20
1053.62671868108
30
0
11
3708.8464464838958
21
1028.62671868108
31
0
0
LWPOLYLINE
5
15E
330
13
100
AcDbEntity
100
AcDbPolyline
8
EKP_RECTIFIER_ELTEK_20U
6
ByLayer
62
256
370
-1
90
4
70
1
10
3572.8464450533843
20
1016.1267186810801
10
3572.8464450533843
20
1052.12671868108
10
3612.8464450533843
20
1052.12671868108
10
3612.8464450533843
20
1016.1267186810801
0
LWPOLYLINE
5
15F
330
13
100
AcDbEntity
100
AcDbPolyline
8
EKP_RECTIFIER_ELTEK_20U
6
ByLayer
62
256
370
-1
90
4
70
1
10
3742.8464468415236
20
1195.0267193739842
10
3742.8464468415236
20
1619.2267214526962
10
3802.8464468415236
20
1619.2267214526962
10
3802.8464468415236
20
1195.0267193739842
0
LINE
5
160
330
13
100
AcDbEntity
100
AcDbLine
8
EKP_RECTIFIER_ELTEK_20U
10
3754.8464468415236
20
1301.0767198936621
30
0
11
3790.8464468415236
21
1301.0767198936621
31
0
0
LINE
5
161
330
13
100
AcDbEntity
100
AcDbLine
8
EKP_RECTIFIER_ELTEK_20U
10
3754.8464468415236
20
1407.12672041334
30
0
11
3790.8464468415236
21
1407.12672041334
31
0
0
LINE
5
162
330
13
100
AcDbEntity
100
AcDbLine
8
EKP_RECTIFIER_ELTEK_20U
10
3754.8464468415236
20
1513.1767209330183
30
0
11
3790.8464468415236
21
1513.1767209330183
31
0
0
LWPOLYLINE
5
163
330
13
100
AcDbEntity
100
AcDbPolyline
8
EKP_RECTIFIER_ELTEK_20U
6
ByLayer
62
256
370
-1
90
4
70
1
10
3077.8464396889663
20
1068.62671868108
10
3077.8464396889663
20
1745.6267221456
10
3727.8464468415236
20
1745.6267221456
10
3727.8464468415236
20
1068.62671868108
0
LINE
5
164
330
13
100
AcDbEntity
100
AcDbLine
8
EKP_RECTIFIER_ELTEK_20U
10
3300.8464421923613
20
1407.12672041334
30
0
11
3504.8464443381285
21
1407.12672041334
31
0
0
LINE
5
165
330
13
100
AcDbEntity
100
AcDbLine
8
EKP_RECTIFIER_ELTEK_20U
10
3402.846443265245
20
1301.0767198936621
30
0
11
3402.846443265245
21
1513.176720933018
31
0
0
TEXT
5
166
330
13
100
AcDbEntity
100
AcDbText
8
EKP_RECTIFIER_ELTEK_20U
10
3402.846443265245
20
1407.12672041334
30
0
40
65
1
20U Outdoor DC Guc Kaynagi (Eltek Flatpack2 24kW) (Alan 2)
50
0
7
STANDARD
72
1
11
3402.846443265245
21
1407.12672041334
31
0
100
AcDbText
73
2
0
LWPOLYLINE
5
181
330
13
100
AcDbEntity
100
AcDbPolyline
8
EKP_RECTIFIER_ELTEK_20U
6
ByLayer
62
256
370
-1
90
4
70
1
10
499.4722561682654
20
1044.9842936695682
10
499.4722561682654
20
1751.9842971340881
10
1179.4722633208228
20
1751.9842971340881
10
1179.4722633208228
20
1044.9842936695682
0
LINE
5
182
330
13
100
AcDbEntity
100
AcDbLine
8
EKP_RECTIFIER_ELTEK_20U
10
533.4722565258933
20
1019.9842936695682
30
0
11
1145.472262963195
21
1019.9842936695682
31
0
0
LINE
5
183
330
13
100
AcDbEntity
100
AcDbLine
8
EKP_RECTIFIER_ELTEK_20U
10
533.4722565258933
20
1044.9842936695682
30
0
11
533.4722565258933
21
1019.9842936695682
31
0
0
LINE
5
184
330
13
100
AcDbEntity
100
AcDbLine
8
EKP_RECTIFIER_ELTEK_20U
10
1145.472262963195
20
1044.9842936695682
30
0
11
1145.472262963195
21
1019.9842936695682
31
0
0
LWPOLYLINE
5
185
330
13
100
AcDbEntity
100
AcDbPolyline
8
EKP_RECTIFIER_ELTEK_20U
6
ByLayer
62
256
370
-1
90
4
70
1
10
1009.4722615326834
20
1007.4842936695682
10
1009.4722615326834
20
1043.4842936695682
10
1049.4722615326834
20
1043.4842936695682
10
1049.4722615326834
20
1007.4842936695682
0
LWPOLYLINE
5
186
330
13
100
AcDbEntity
100
AcDbPolyline
8
EKP_RECTIFIER_ELTEK_20U
6
ByLayer
62
256
370
-1
90
4
70
1
10
1179.4722633208228
20
1186.3842943624722
10
1179.4722633208228
20
1610.5842964411843
10
1239.4722633208228
20
1610.5842964411843
10
1239.4722633208228
20
1186.3842943624722
0
LINE
5
187
330
13
100
AcDbEntity
100
AcDbLine
8
EKP_RECTIFIER_ELTEK_20U
10
1191.4722633208228
20
1292.4342948821502
30
0
11
1227.4722633208228
21
1292.4342948821502
31
0
0
LINE
5
188
330
13
100
AcDbEntity
100
AcDbLine
8
EKP_RECTIFIER_ELTEK_20U
10
1191.4722633208228
20
1398.4842954018281
30
0
11
1227.4722633208228
21
1398.4842954018281
31
0
0
LINE
5
189
330
13
100
AcDbEntity
100
AcDbLine
8
EKP_RECTIFIER_ELTEK_20U
10
1191.4722633208228
20
1504.5342959215063
30
0
11
1227.4722633208228
21
1504.5342959215063
31
0
0
LWPOLYLINE
5
18A
330
13
100
AcDbEntity
100
AcDbPolyline
8
EKP_RECTIFIER_ELTEK_20U
6
ByLayer
62
256
370
-1
90
4
70
1
10
514.4722561682654
20
1059.9842936695682
10
514.4722561682654
20
1736.9842971340881
10
1164.4722633208228
20
1736.9842971340881
10
1164.4722633208228
20
1059.9842936695682
0
LINE
5
18B
330
13
100
AcDbEntity
100
AcDbLine
8
EKP_RECTIFIER_ELTEK_20U
10
737.4722586716605
20
1398.4842954018281
30
0
11
941.4722608174277
21
1398.4842954018281
31
0
0
LINE
5
18C
330
13
100
AcDbEntity
100
AcDbLine
8
EKP_RECTIFIER_ELTEK_20U
10
839.4722597445441
20
1292.4342948821502
30
0
11
839.4722597445441
21
1504.534295921506
31
0
0
TEXT
5
18D
330
13
100
AcDbEntity
100
AcDbText
8
EKP_RECTIFIER_ELTEK_20U
10
839.4722597445441
20
1398.4842954018281
30
0
40
65
1
20U Outdoor DC Guc Kaynagi (Eltek Flatpack2 24kW) (Alan 2)
50
0
7
STANDARD
72
1
11
839.4722597445441
21
1398.4842954018281
31
0
100
AcDbText
73
2
0
LWPOLYLINE
5
458
330
13
100
AcDbEntity
100
AcDbPolyline
8
EKP_RECTIFIER_ELTEK_20U
6
ByLayer
62
256
370
-1
90
4
70
1
10
555
20
-7000
10
555
20
-6900
10
1125
20
-6900
10
1125
20
-7000
0
LWPOLYLINE
5
459
330
13
100
AcDbEntity
100
AcDbPolyline
8
EKP_RECTIFIER_ELTEK_20U
6
ByLayer
62
256
370
-1
90
4
70
1
10
540
20
-6900
10
540
20
-5780
10
1140
20
-5780
10
1140
20
-6900
0
LWPOLYLINE
5
45A
330
13
100
AcDbEntity
100
AcDbPolyline
8
EKP_RECTIFIER_ELTEK_20U
6
ByLayer
62
256
370
-1
90
4
70
1
10
500
20
-5780
10
500
20
-5700
10
1180
20
-5700
10
1180
20
-5780
0
LWPOLYLINE
5
45B
330
13
100
AcDbEntity
100
AcDbPolyline
8
EKP_RECTIFIER_ELTEK_20U
6
ByLayer
62
256
370
-1
90
4
70
1
10
576
20
-6880
10
576
20
-5800
10
1104
20
-5800
10
1104
20
-6880
0
LWPOLYLINE
5
45C
330
13
100
AcDbEntity
100
AcDbPolyline
8
EKP_RECTIFIER_ELTEK_20U
6
ByLayer
62
256
370
-1
90
4
70
1
10
1020
20
-6396
10
1020
20
-6216
10
1045
20
-6216
10
1045
20
-6396
0
TEXT
5
45D
330
13
100
AcDbEntity
100
AcDbText
8
EKP_RECTIFIER_ELTEK_20U
10
840
20
-6340
30
0
40
65
1
ELTEK #1
50
0
7
STANDARD
72
1
11
840
21
-6340
31
0
100
AcDbText
73
2
0
LWPOLYLINE
5
46A
330
13
100
AcDbEntity
100
AcDbPolyline
8
EKP_RECTIFIER_ELTEK_20U
6
ByLayer
62
256
370
-1
90
4
70
1
10
3115
20
-7000
10
3115
20
-6900
10
3685
20
-6900
10
3685
20
-7000
0
LWPOLYLINE
5
46B
330
13
100
AcDbEntity
100
AcDbPolyline
8
EKP_RECTIFIER_ELTEK_20U
6
ByLayer
62
256
370
-1
90
4
70
1
10
3100
20
-6900
10
3100
20
-5780
10
3700
20
-5780
10
3700
20
-6900
0
LWPOLYLINE
5
46C
330
13
100
AcDbEntity
100
AcDbPolyline
8
EKP_RECTIFIER_ELTEK_20U
6
ByLayer
62
256
370
-1
90
4
70
1
10
3060
20
-5780
10
3060
20
-5700
10
3740
20
-5700
10
3740
20
-5780
0
LWPOLYLINE
5
46D
330
13
100
AcDbEntity
100
AcDbPolyline
8
EKP_RECTIFIER_ELTEK_20U
6
ByLayer
62
256
370
-1
90
4
70
1
10
3136
20
-6880
10
3136
20
-5800
10
3664
20
-5800
10
3664
20
-6880
0
LWPOLYLINE
5
46E
330
13
100
AcDbEntity
100
AcDbPolyline
8
EKP_RECTIFIER_ELTEK_20U
6
ByLayer
62
256
370
-1
90
4
70
1
10
3580
20
-6396
10
3580
20
-6216
10
3605
20
-6216
10
3605
20
-6396
0
TEXT
5
46F
330
13
100
AcDbEntity
100
AcDbText
8
EKP_RECTIFIER_ELTEK_20U
10
3400
20
-6340
30
0
40
65
1
ELTEK #2
50
0
7
STANDARD
72
1
11
3400
21
-6340
31
0
100
AcDbText
73
2
0
LWPOLYLINE
5
470
330
13
100
AcDbEntity
100
AcDbPolyline
8
EKP_RECTIFIER_ELTEK_20U
6
ByLayer
62
256
370
-1
90
4
70
1
10
3905
20
-7000
10
3905
20
-6900
10
4475
20
-6900
10
4475
20
-7000
0
LWPOLYLINE
5
471
330
13
100
AcDbEntity
100
AcDbPolyline
8
EKP_RECTIFIER_ELTEK_20U
6
ByLayer
62
256
370
-1
90
4
70
1
10
3890
20
-6900
10
3890
20
-5780
10
4490
20
-5780
10
4490
20
-6900
0
LWPOLYLINE
5
472
330
13
100
AcDbEntity
100
AcDbPolyline
8
EKP_RECTIFIER_ELTEK_20U
6
ByLayer
62
256
370
-1
90
4
70
1
10
3850
20
-5780
10
3850
20
-5700
10
4530
20
-5700
10
4530
20
-5780
0
LWPOLYLINE
5
473
330
13
100
AcDbEntity
100
AcDbPolyline
8
EKP_RECTIFIER_ELTEK_20U
6
ByLayer
62
256
370
-1
90
4
70
1
10
3926
20
-6880
10
3926
20
-5800
10
4454
20
-5800
10
4454
20
-6880
0
LWPOLYLINE
5
474
330
13
100
AcDbEntity
100
AcDbPolyline
8
EKP_RECTIFIER_ELTEK_20U
6
ByLayer
62
256
370
-1
90
4
70
1
10
4370
20
-6396
10
4370
20
-6216
10
4395
20
-6216
10
4395
20
-6396
0
TEXT
5
475
330
13
100
AcDbEntity
100
AcDbText
8
EKP_RECTIFIER_ELTEK_20U
10
4190
20
-6340
30
0
40
65
1
ELTEK #3
50
0
7
STANDARD
72
1
11
4190
21
-6340
31
0
100
AcDbText
73
2
0
LWPOLYLINE
5
167
330
13
100
AcDbEntity
100
AcDbPolyline
8
EKP_RECTIFIER_MTS9304A
6
ByLayer
62
256
370
-1
90
4
70
1
10
2260.80870892651
20
1079.724607376844
10
2260.80870892651
20
1799.7246058494748
10
2950.808706542324
20
1799.7246058494748
10
2950.808706542324
20
1079.724607376844
0
LINE
5
168
330
13
100
AcDbEntity
100
AcDbLine
8
EKP_RECTIFIER_MTS9304A
10
2295.3087088073007
20
1054.724607376844
30
0
11
2916.3087066615335
21
1054.724607376844
31
0
0
LINE
5
169
330
13
100
AcDbEntity
100
AcDbLine
8
EKP_RECTIFIER_MTS9304A
10
2295.3087088073007
20
1079.724607376844
30
0
11
2295.3087088073007
21
1054.724607376844
31
0
0
LINE
5
16A
330
13
100
AcDbEntity
100
AcDbLine
8
EKP_RECTIFIER_MTS9304A
10
2916.3087066615335
20
1079.724607376844
30
0
11
2916.3087066615335
21
1054.724607376844
31
0
0
LWPOLYLINE
5
16B
330
13
100
AcDbEntity
100
AcDbPolyline
8
EKP_RECTIFIER_MTS9304A
6
ByLayer
62
256
370
-1
90
4
70
1
10
2778.3087071383707
20
1042.224607376844
10
2778.3087071383707
20
1078.224607376844
10
2818.3087071383707
20
1078.224607376844
10
2818.3087071383707
20
1042.224607376844
0
LWPOLYLINE
5
16C
330
13
100
AcDbEntity
100
AcDbPolyline
8
EKP_RECTIFIER_MTS9304A
6
ByLayer
62
256
370
-1
90
4
70
1
10
2950.808706542324
20
1223.7246070713702
10
2950.808706542324
20
1655.7246061549488
10
3010.808706542324
20
1655.7246061549488
10
3010.808706542324
20
1223.7246070713702
0
LINE
5
16D
330
13
100
AcDbEntity
100
AcDbLine
8
EKP_RECTIFIER_MTS9304A
10
2962.808706542324
20
1331.7246068422648
30
0
11
2998.808706542324
21
1331.7246068422648
31
0
0
LINE
5
16E
330
13
100
AcDbEntity
100
AcDbLine
8
EKP_RECTIFIER_MTS9304A
10
2962.808706542324
20
1439.7246066131595
30
0
11
2998.808706542324
21
1439.7246066131595
31
0
0
LINE
5
16F
330
13
100
AcDbEntity
100
AcDbLine
8
EKP_RECTIFIER_MTS9304A
10
2962.808706542324
20
1547.7246063840541
30
0
11
2998.808706542324
21
1547.7246063840541
31
0
0
LWPOLYLINE
5
170
330
13
100
AcDbEntity
100
AcDbPolyline
8
EKP_RECTIFIER_MTS9304A
6
ByLayer
62
256
370
-1
90
4
70
1
10
2275.80870892651
20
1094.724607376844
10
2275.80870892651
20
1784.7246058494748
10
2935.808706542324
20
1784.7246058494748
10
2935.808706542324
20
1094.724607376844
0
LINE
5
171
330
13
100
AcDbEntity
100
AcDbLine
8
EKP_RECTIFIER_MTS9304A
10
2502.308708092045
20
1439.7246066131595
30
0
11
2709.3087073767892
21
1439.7246066131595
31
0
0
LINE
5
172
330
13
100
AcDbEntity
100
AcDbLine
8
EKP_RECTIFIER_MTS9304A
10
2605.808707734417
20
1331.7246068422648
30
0
11
2605.808707734417
21
1547.7246063840541
31
0
0
TEXT
5
173
330
13
100
AcDbEntity
100
AcDbText
8
EKP_RECTIFIER_MTS9304A
10
2605.808707734417
20
1439.7246066131595
30
0
40
65
1
MTS9304A-HX10AX 12U Outdoor Rectifier Kabini (Alan 2)
50
0
7
STANDARD
72
1
11
2605.808707734417
21
1439.7246066131595
31
0
100
AcDbText
73
2
0
LWPOLYLINE
5
174
330
13
100
AcDbEntity
100
AcDbPolyline
8
EKP_RECTIFIER_MTS9304A
6
ByLayer
62
256
370
-1
90
4
70
1
10
1396.7955506385122
20
1084.5080289295345
10
1396.7955506385122
20
1804.5080274021657
10
2086.7955482543266
20
1804.5080274021657
10
2086.7955482543266
20
1084.5080289295345
0
LINE
5
175
330
13
100
AcDbEntity
100
AcDbLine
8
EKP_RECTIFIER_MTS9304A
10
1431.2955505193029
20
1059.5080289295345
30
0
11
2052.295548373536
21
1059.5080289295345
31
0
0
LINE
5
176
330
13
100
AcDbEntity
100
AcDbLine
8
EKP_RECTIFIER_MTS9304A
10
1431.2955505193029
20
1084.5080289295345
30
0
11
1431.2955505193029
21
1059.5080289295345
31
0
0
LINE
5
177
330
13
100
AcDbEntity
100
AcDbLine
8
EKP_RECTIFIER_MTS9304A
10
2052.295548373536
20
1084.5080289295345
30
0
11
2052.295548373536
21
1059.5080289295345
31
0
0
LWPOLYLINE
5
178
330
13
100
AcDbEntity
100
AcDbPolyline
8
EKP_RECTIFIER_MTS9304A
6
ByLayer
62
256
370
-1
90
4
70
1
10
1914.2955488503728
20
1047.0080289295345
10
1914.2955488503728
20
1083.0080289295345
10
1954.2955488503728
20
1083.0080289295345
10
1954.2955488503728
20
1047.0080289295345
0
LWPOLYLINE
5
179
330
13
100
AcDbEntity
100
AcDbPolyline
8
EKP_RECTIFIER_MTS9304A
6
ByLayer
62
256
370
-1
90
4
70
1
10
2086.7955482543266
20
1228.5080286240607
10
2086.7955482543266
20
1660.5080277076393
10
2146.7955482543266
20
1660.5080277076393
10
2146.7955482543266
20
1228.5080286240607
0
LINE
5
17A
330
13
100
AcDbEntity
100
AcDbLine
8
EKP_RECTIFIER_MTS9304A
10
2098.7955482543266
20
1336.5080283949553
30
0
11
2134.7955482543266
21
1336.5080283949553
31
0
0
LINE
5
17B
330
13
100
AcDbEntity
100
AcDbLine
8
EKP_RECTIFIER_MTS9304A
10
2098.7955482543266
20
1444.50802816585
30
0
11
2134.7955482543266
21
1444.50802816585
31
0
0
LINE
5
17C
330
13
100
AcDbEntity
100
AcDbLine
8
EKP_RECTIFIER_MTS9304A
10
2098.7955482543266
20
1552.5080279367446
30
0
11
2134.7955482543266
21
1552.5080279367446
31
0
0
LWPOLYLINE
5
17D
330
13
100
AcDbEntity
100
AcDbPolyline
8
EKP_RECTIFIER_MTS9304A
6
ByLayer
62
256
370
-1
90
4
70
1
10
1411.7955506385122
20
1099.5080289295345
10
1411.7955506385122
20
1789.5080274021657
10
2071.7955482543266
20
1789.5080274021657
10
2071.7955482543266
20
1099.5080289295345
0
LINE
5
17E
330
13
100
AcDbEntity
100
AcDbLine
8
EKP_RECTIFIER_MTS9304A
10
1638.2955498040471
20
1444.50802816585
30
0
11
1845.2955490887914
21
1444.50802816585
31
0
0
LINE
5
17F
330
13
100
AcDbEntity
100
AcDbLine
8
EKP_RECTIFIER_MTS9304A
10
1741.7955494464193
20
1336.5080283949553
30
0
11
1741.7955494464193
21
1552.5080279367446
31
0
0
TEXT
5
180
330
13
100
AcDbEntity
100
AcDbText
8
EKP_RECTIFIER_MTS9304A
10
1741.7955494464193
20
1444.50802816585
30
0
40
65
1
MTS9304A-HX10AX 12U Outdoor Rectifier Kabini (Alan 2)
50
0
7
STANDARD
72
1
11
1741.7955494464193
21
1444.50802816585
31
0
100
AcDbText
73
2
0
LWPOLYLINE
5
18E
330
13
100
AcDbEntity
100
AcDbPolyline
8
EKP_RECTIFIER_MTS9304A
6
ByLayer
62
256
370
-1
90
4
70
1
10
4705.704813507586
20
1038.9675862921556
10
4705.704813507586
20
1758.9675847647864
10
5395.7048111234
20
1758.9675847647864
10
5395.7048111234
20
1038.9675862921556
0
LINE
5
18F
330
13
100
AcDbEntity
100
AcDbLine
8
EKP_RECTIFIER_MTS9304A
10
4740.204813388376
20
1013.9675862921556
30
0
11
5361.204811242609
21
1013.9675862921556
31
0
0
LINE
5
190
330
13
100
AcDbEntity
100
AcDbLine
8
EKP_RECTIFIER_MTS9304A
10
4740.204813388376
20
1038.9675862921556
30
0
11
4740.204813388376
21
1013.9675862921556
31
0
0
LINE
5
191
330
13
100
AcDbEntity
100
AcDbLine
8
EKP_RECTIFIER_MTS9304A
10
5361.204811242609
20
1038.9675862921556
30
0
11
5361.204811242609
21
1013.9675862921556
31
0
0
LWPOLYLINE
5
192
330
13
100
AcDbEntity
100
AcDbPolyline
8
EKP_RECTIFIER_MTS9304A
6
ByLayer
62
256
370
-1
90
4
70
1
10
5223.204811719446
20
1001.4675862921556
10
5223.204811719446
20
1037.4675862921556
10
5263.204811719446
20
1037.4675862921556
10
5263.204811719446
20
1001.4675862921556
0
LWPOLYLINE
5
193
330
13
100
AcDbEntity
100
AcDbPolyline
8
EKP_RECTIFIER_MTS9304A
6
ByLayer
62
256
370
-1
90
4
70
1
10
5395.7048111234
20
1182.9675859866818
10
5395.7048111234
20
1614.9675850702604
10
5455.7048111234
20
1614.9675850702604
10
5455.7048111234
20
1182.9675859866818
0
LINE
5
194
330
13
100
AcDbEntity
100
AcDbLine
8
EKP_RECTIFIER_MTS9304A
10
5407.7048111234
20
1290.9675857575764
30
0
11
5443.7048111234
21
1290.9675857575764
31
0
0
LINE
5
195
330
13
100
AcDbEntity
100
AcDbLine
8
EKP_RECTIFIER_MTS9304A
10
5407.7048111234
20
1398.967585528471
30
0
11
5443.7048111234
21
1398.967585528471
31
0
0
LINE
5
196
330
13
100
AcDbEntity
100
AcDbLine
8
EKP_RECTIFIER_MTS9304A
10
5407.7048111234
20
1506.9675852993657
30
0
11
5443.7048111234
21
1506.9675852993657
31
0
0
LWPOLYLINE
5
197
330
13
100
AcDbEntity
100
AcDbPolyline
8
EKP_RECTIFIER_MTS9304A
6
ByLayer
62
256
370
-1
90
4
70
1
10
4720.704813507586
20
1053.9675862921556
10
4720.704813507586
20
1743.9675847647864
10
5380.7048111234
20
1743.9675847647864
10
5380.7048111234
20
1053.9675862921556
0
LINE
5
198
330
13
100
AcDbEntity
100
AcDbLine
8
EKP_RECTIFIER_MTS9304A
10
4947.204812673121
20
1398.967585528471
30
0
11
5154.204811957865
21
1398.967585528471
31
0
0
LINE
5
199
330
13
100
AcDbEntity
100
AcDbLine
8
EKP_RECTIFIER_MTS9304A
10
5050.704812315493
20
1290.9675857575764
30
0
11
5050.704812315493
21
1506.9675852993657
31
0
0
TEXT
5
19A
330
13
100
AcDbEntity
100
AcDbText
8
EKP_RECTIFIER_MTS9304A
10
5050.704812315493
20
1398.967585528471
30
0
40
65
1
MTS9304A-HX10AX 12U Outdoor Rectifier Kabini (Alan 2)
50
0
7
STANDARD
72
1
11
5050.704812315493
21
1398.967585528471
31
0
100
AcDbText
73
2
0
LWPOLYLINE
5
45E
330
13
100
AcDbEntity
100
AcDbPolyline
8
EKP_RECTIFIER_MTS9304A
6
ByLayer
62
256
370
-1
90
4
70
1
10
1410
20
-7000
10
1410
20
-6900
10
2070
20
-6900
10
2070
20
-7000
0
LWPOLYLINE
5
45F
330
13
100
AcDbEntity
100
AcDbPolyline
8
EKP_RECTIFIER_MTS9304A
6
ByLayer
62
256
370
-1
90
4
70
1
10
1395
20
-6900
10
1395
20
-5830
10
2085
20
-5830
10
2085
20
-6900
0
LWPOLYLINE
5
460
330
13
100
AcDbEntity
100
AcDbPolyline
8
EKP_RECTIFIER_MTS9304A
6
ByLayer
62
256
370
-1
90
4
70
1
10
1355
20
-5830
10
1355
20
-5750
10
2125
20
-5750
10
2125
20
-5830
0
LWPOLYLINE
5
461
330
13
100
AcDbEntity
100
AcDbPolyline
8
EKP_RECTIFIER_MTS9304A
6
ByLayer
62
256
370
-1
90
4
70
1
10
1436.4
20
-6880
10
1436.4
20
-5850
10
2043.6
20
-5850
10
2043.6
20
-6880
0
LWPOLYLINE
5
462
330
13
100
AcDbEntity
100
AcDbPolyline
8
EKP_RECTIFIER_MTS9304A
6
ByLayer
62
256
370
-1
90
4
70
1
10
1947
20
-6418.5
10
1947
20
-6238.5
10
1972
20
-6238.5
10
1972
20
-6418.5
0
TEXT
5
463
330
13
100
AcDbEntity
100
AcDbText
8
EKP_RECTIFIER_MTS9304A
10
1740
20
-6365
30
0
40
65
1
MTS #1
50
0
7
STANDARD
72
1
11
1740
21
-6365
31
0
100
AcDbText
73
2
0
LWPOLYLINE
5
464
330
13
100
AcDbEntity
100
AcDbPolyline
8
EKP_RECTIFIER_MTS9304A
6
ByLayer
62
256
370
-1
90
4
70
1
10
2280
20
-7000
10
2280
20
-6900
10
2940
20
-6900
10
2940
20
-7000
0
LWPOLYLINE
5
465
330
13
100
AcDbEntity
100
AcDbPolyline
8
EKP_RECTIFIER_MTS9304A
6
ByLayer
62
256
370
-1
90
4
70
1
10
2265
20
-6900
10
2265
20
-5830
10
2955
20
-5830
10
2955
20
-6900
0
LWPOLYLINE
5
466
330
13
100
AcDbEntity
100
AcDbPolyline
8
EKP_RECTIFIER_MTS9304A
6
ByLayer
62
256
370
-1
90
4
70
1
10
2225
20
-5830
10
2225
20
-5750
10
2995
20
-5750
10
2995
20
-5830
0
LWPOLYLINE
5
467
330
13
100
AcDbEntity
100
AcDbPolyline
8
EKP_RECTIFIER_MTS9304A
6
ByLayer
62
256
370
-1
90
4
70
1
10
2306.4
20
-6880
10
2306.4
20
-5850
10
2913.6
20
-5850
10
2913.6
20
-6880
0
LWPOLYLINE
5
468
330
13
100
AcDbEntity
100
AcDbPolyline
8
EKP_RECTIFIER_MTS9304A
6
ByLayer
62
256
370
-1
90
4
70
1
10
2817
20
-6418.5
10
2817
20
-6238.5
10
2842
20
-6238.5
10
2842
20
-6418.5
0
TEXT
5
469
330
13
100
AcDbEntity
100
AcDbText
8
EKP_RECTIFIER_MTS9304A
10
2610
20
-6365
30
0
40
65
1
MTS #2
50
0
7
STANDARD
72
1
11
2610
21
-6365
31
0
100
AcDbText
73
2
0
LWPOLYLINE
5
476
330
13
100
AcDbEntity
100
AcDbPolyline
8
EKP_RECTIFIER_MTS9304A
6
ByLayer
62
256
370
-1
90
4
70
1
10
4720
20
-7000
10
4720
20
-6900
10
5380
20
-6900
10
5380
20
-7000
0
LWPOLYLINE
5
477
330
13
100
AcDbEntity
100
AcDbPolyline
8
EKP_RECTIFIER_MTS9304A
6
ByLayer
62
256
370
-1
90
4
70
1
10
4705
20
-6900
10
4705
20
-5830
10
5395
20
-5830
10
5395
20
-6900
0
LWPOLYLINE
5
478
330
13
100
AcDbEntity
100
AcDbPolyline
8
EKP_RECTIFIER_MTS9304A
6
ByLayer
62
256
370
-1
90
4
70
1
10
4665
20
-5830
10
4665
20
-5750
10
5435
20
-5750
10
5435
20
-5830
0
LWPOLYLINE
5
479
330
13
100
AcDbEntity
100
AcDbPolyline
8
EKP_RECTIFIER_MTS9304A
6
ByLayer
62
256
370
-1
90
4
70
1
10
4746.4
20
-6880
10
4746.4
20
-5850
10
5353.6
20
-5850
10
5353.6
20
-6880
0
LWPOLYLINE
5
47A
330
13
100
AcDbEntity
100
AcDbPolyline
8
EKP_RECTIFIER_MTS9304A
6
ByLayer
62
256
370
-1
90
4
70
1
10
5257
20
-6418.5
10
5257
20
-6238.5
10
5282
20
-6238.5
10
5282
20
-6418.5
0
TEXT
5
47B
330
13
100
AcDbEntity
100
AcDbText
8
EKP_RECTIFIER_MTS9304A
10
5050
20
-6365
30
0
40
65
1
MTS #3
50
0
7
STANDARD
72
1
11
5050
21
-6365
31
0
100
AcDbText
73
2
0
LWPOLYLINE
5
D6
330
13
100
AcDbEntity
100
AcDbPolyline
8
BLOK_OZEL_PLATFORM
6
ByLayer
62
256
370
-1
90
4
70
1
10
-2280.515241691097
20
578.7944490834534
10
-2280.515241691097
20
1778.7944967671692
10
-1260.5152421381315
20
1778.7944967671692
10
-1260.5152421381315
20
578.7944490834534
0
LINE
5
D7
330
13
100
AcDbEntity
100
AcDbLine
8
BLOK_OZEL_PLATFORM
10
-2025.5152418028556
20
578.7944490834534
30
0
11
-2025.5152418028556
21
1778.7944967671692
31
0
0
LINE
5
D8
330
13
100
AcDbEntity
100
AcDbLine
8
BLOK_OZEL_PLATFORM
10
-1770.5152419146143
20
578.7944490834534
30
0
11
-1770.5152419146143
21
1778.7944967671692
31
0
0
LINE
5
D9
330
13
100
AcDbEntity
100
AcDbLine
8
BLOK_OZEL_PLATFORM
10
-1515.5152420263728
20
578.7944490834534
30
0
11
-1515.5152420263728
21
1778.7944967671692
31
0
0
LINE
5
DA
330
13
100
AcDbEntity
100
AcDbLine
8
BLOK_OZEL_PLATFORM
10
-2280.515241691097
20
978.7944649780254
30
0
11
-1260.5152421381315
21
978.7944649780254
31
0
0
LINE
5
DB
330
13
100
AcDbEntity
100
AcDbLine
8
BLOK_OZEL_PLATFORM
10
-2280.515241691097
20
1378.7944808725974
30
0
11
-1260.5152421381315
21
1378.7944808725974
31
0
0
TEXT
5
DC
330
13
100
AcDbEntity
100
AcDbText
8
BLOK_OZEL_PLATFORM
10
-1770.5152419146143
20
1178.7944729253113
30
0
40
75
1
Tabla-2 (Duz 120cm)
50
0
7
STANDARD
72
1
11
-1770.5152419146143
21
1178.7944729253113
31
0
100
AcDbText
73
2
0
LWPOLYLINE
5
DD
330
13
100
AcDbEntity
100
AcDbPolyline
8
BLOK_OZEL_PLATFORM
6
ByLayer
62
256
370
-1
90
4
70
1
10
-1780.5152416910964
20
578.7944490834534
10
-1780.5152416910964
20
1778.7944967671692
10
-760.5152421381313
20
1778.7944967671692
10
-760.5152421381313
20
578.7944490834534
0
LINE
5
DE
330
13
100
AcDbEntity
100
AcDbLine
8
BLOK_OZEL_PLATFORM
10
-1525.5152418028551
20
578.7944490834534
30
0
11
-1525.5152418028551
21
1778.7944967671692
31
0
0
LINE
5
DF
330
13
100
AcDbEntity
100
AcDbLine
8
BLOK_OZEL_PLATFORM
10
-1270.5152419146139
20
578.7944490834534
30
0
11
-1270.5152419146139
21
1778.7944967671692
31
0
0
LINE
5
E0
330
13
100
AcDbEntity
100
AcDbLine
8
BLOK_OZEL_PLATFORM
10
-1015.5152420263726
20
578.7944490834534
30
0
11
-1015.5152420263726
21
1778.7944967671692
31
0
0
LINE
5
E1
330
13
100
AcDbEntity
100
AcDbLine
8
BLOK_OZEL_PLATFORM
10
-1780.5152416910964
20
978.7944649780254
30
0
11
-760.5152421381313
21
978.7944649780254
31
0
0
LINE
5
E2
330
13
100
AcDbEntity
100
AcDbLine
8
BLOK_OZEL_PLATFORM
10
-1780.5152416910964
20
1378.7944808725974
30
0
11
-760.5152421381313
21
1378.7944808725974
31
0
0
TEXT
5
E3
330
13
100
AcDbEntity
100
AcDbText
8
BLOK_OZEL_PLATFORM
10
-1270.5152419146139
20
1178.7944729253113
30
0
40
75
1
Tabla-2 (Duz 120cm)
50
0
7
STANDARD
72
1
11
-1270.5152419146139
21
1178.7944729253113
31
0
100
AcDbText
73
2
0
ENDSEC
0
SECTION
2
OBJECTS
0
DICTIONARY
5
1
330
0
100
AcDbDictionary
281
1
3
ACAD_GROUP
350
17
0
DICTIONARY
5
17
330
1
100
AcDbDictionary
281
1
0
ENDSEC
0
EOF