0
SECTION
2
HEADER
9
$HANDSEED
5
6A2D
9
$INSUNITS
70
4
9
$ACADVER
1
AC1021
9
$DWGCODEPAGE
3
UTF-8
0
ENDSEC
0
SECTION
2
CLASSES
0
ENDSEC
0
SECTION
2
TABLES
0
TABLE
2
LTYPE
5
6A2B
330
0
100
AcDbSymbolTable
70
5
0
LTYPE
5
658E
330
6A2B
100
AcDbSymbolTableRecord
100
AcDbLinetypeTableRecord
2
CONTINUOUS
3
______
70
0
72
65
73
0
40
0
0
LTYPE
5
658F
330
6A2B
100
AcDbSymbolTableRecord
100
AcDbLinetypeTableRecord
2
DASHED
3
_ _ _ 
70
0
72
65
73
2
40
10
49
5
74
0
49
-5
74
0
0
LTYPE
5
6590
330
6A2B
100
AcDbSymbolTableRecord
100
AcDbLinetypeTableRecord
2
DOTTED
3
. . . 
70
0
72
65
73
2
40
5
49
0
74
0
49
-5
74
0
0
LTYPE
5
6592
330
6A2B
100
AcDbSymbolTableRecord
100
AcDbLinetypeTableRecord
2
ByBlock
3

70
0
72
65
73
0
40
0
0
LTYPE
5
6593
330
6A2B
100
AcDbSymbolTableRecord
100
AcDbLinetypeTableRecord
2
ByLayer
3

70
0
72
65
73
0
40
0
0
ENDTAB
0
TABLE
2
LAYER
5
6A2C
330
0
100
AcDbSymbolTable
70
27
0
LAYER
5
6591
330
6A2C
100
AcDbSymbolTableRecord
100
AcDbLayerTableRecord
2
0
62
7
70
0
6
CONTINUOUS
390
1
0
LAYER
5
65A4
330
6A2C
100
AcDbSymbolTableRecord
100
AcDbLayerTableRecord
2
ZEMIN_PLATFORM
62
8
70
0
6
CONTINUOUS
390
1
0
LAYER
5
65A5
330
6A2C
100
AcDbSymbolTableRecord
100
AcDbLayerTableRecord
2
KORKULUK_KAPI
62
4
70
0
6
CONTINUOUS
390
1
0
LAYER
5
65A6
330
6A2C
100
AcDbSymbolTableRecord
100
AcDbLayerTableRecord
2
CELIK_KIRIS_KOLON
62
9
70
0
6
CONTINUOUS
390
1
0
LAYER
5
65A7
330
6A2C
100
AcDbSymbolTableRecord
100
AcDbLayerTableRecord
2
MONTAJ_BORULARI
62
2
70
0
6
CONTINUOUS
390
1
0
LAYER
5
65A8
330
6A2C
100
AcDbSymbolTableRecord
100
AcDbLayerTableRecord
2
KABLO_TAVALARI
62
6
70
0
6
CONTINUOUS
390
1
0
LAYER
5
65A9
330
6A2C
100
AcDbSymbolTableRecord
100
AcDbLayerTableRecord
2
YURUYUS_KORIDORU
62
3
70
0
6
DASHED
390
1
0
LAYER
5
65AA
330
6A2C
100
AcDbSymbolTableRecord
100
AcDbLayerTableRecord
2
OLCULER
62
1
70
0
6
CONTINUOUS
390
1
0
LAYER
5
65AB
330
6A2C
100
AcDbSymbolTableRecord
100
AcDbLayerTableRecord
2
METIN_BILGI
62
7
70
0
6
CONTINUOUS
390
1
0
LAYER
5
65AC
330
6A2C
100
AcDbSymbolTableRecord
100
AcDbLayerTableRecord
2
EKP_TURKCELL_RRU
62
5
70
0
6
CONTINUOUS
390
1
0
LAYER
5
65AD
330
6A2C
100
AcDbSymbolTableRecord
100
AcDbLayerTableRecord
2
EKP_VODAFONE_RRU
62
1
70
0
6
CONTINUOUS
390
1
0
LAYER
5
65AE
330
6A2C
100
AcDbSymbolTableRecord
100
AcDbLayerTableRecord
2
EKP_TURK_TELEKOM_RRU
62
4
70
0
6
CONTINUOUS
390
1
0
LAYER
5
65AF
330
6A2C
100
AcDbSymbolTableRecord
100
AcDbLayerTableRecord
2
EKP_POI_TASIYICI_SASE
62
30
70
0
6
CONTINUOUS
390
1
0
LAYER
5
65B0
330
6A2C
100
AcDbSymbolTableRecord
100
AcDbLayerTableRecord
2
EKP_POI_MODULLERI
62
40
70
0
6
CONTINUOUS
390
1
0
LAYER
5
65B1
330
6A2C
100
AcDbSymbolTableRecord
100
AcDbLayerTableRecord
2
EKP_RECTIFIER_ELTEK_20U
62
3
70
0
6
CONTINUOUS
390
1
0
LAYER
5
65B2
330
6A2C
100
AcDbSymbolTableRecord
100
AcDbLayerTableRecord
2
EKP_RECTIFIER_MTS9304A
62
94
70
0
6
CONTINUOUS
390
1
0
LAYER
5
65B3
330
6A2C
100
AcDbSymbolTableRecord
100
AcDbLayerTableRecord
2
BLOK_OZEL_PLATFORM
62
140
70
0
6
CONTINUOUS
390
1
0
LAYER
5
65B4
330
6A2C
100
AcDbSymbolTableRecord
100
AcDbLayerTableRecord
2
EKP_MATSING_ANTEN
62
2
70
0
6
CONTINUOUS
390
1
0
LAYER
5
65B5
330
6A2C
100
AcDbSymbolTableRecord
100
AcDbLayerTableRecord
2
EKP_PANEL_ANTEN
62
6
70
0
6
CONTINUOUS
390
1
0
LAYER
5
65B6
330
6A2C
100
AcDbSymbolTableRecord
100
AcDbLayerTableRecord
2
EKP_ANTEN_TASIYICI_KOL
62
141
70
0
6
CONTINUOUS
390
1
0
LAYER
5
65B7
330
6A2C
100
AcDbSymbolTableRecord
100
AcDbLayerTableRecord
2
EKP_DIGER_EKIPMANLAR
62
7
70
0
6
CONTINUOUS
390
1
0
LAYER
5
65B8
330
6A2C
100
AcDbSymbolTableRecord
100
AcDbLayerTableRecord
2
TAVA_PROFILI
62
6
70
0
6
CONTINUOUS
390
1
0
LAYER
5
65B9
330
6A2C
100
AcDbSymbolTableRecord
100
AcDbLayerTableRecord
2
TAVA_KONSOL
62
9
70
0
6
CONTINUOUS
390
1
0
LAYER
5
65BA
330
6A2C
100
AcDbSymbolTableRecord
100
AcDbLayerTableRecord
2
DIKEY_KABLO_MERDIVENI
62
4
70
0
6
CONTINUOUS
390
1
0
LAYER
5
65BB
330
6A2C
100
AcDbSymbolTableRecord
100
AcDbLayerTableRecord
2
GEMICI_MERDIVENI
62
2
70
0
6
CONTINUOUS
390
1
0
LAYER
5
65BC
330
6A2C
100
AcDbSymbolTableRecord
100
AcDbLayerTableRecord
2
KBL_ENERJI_2X25
62
5
70
0
6
CONTINUOUS
390
1
0
LAYER
5
65BD
330
6A2C
100
AcDbSymbolTableRecord
100
AcDbLayerTableRecord
2
KABLO_KLEMENS
62
1
70
0
6
CONTINUOUS
390
1
0
ENDTAB
0
TABLE
2
VPORT
5
6594
330
0
100
AcDbSymbolTable
70
1
0
VPORT
5
659A
330
6594
100
AcDbSymbolTableRecord
100
AcDbViewportTableRecord
2
*ACTIVE
40
1000
70
0
0
ENDTAB
0
TABLE
2
STYLE
5
6595
330
0
100
AcDbSymbolTable
70
3
0
STYLE
5
659B
330
6595
100
AcDbSymbolTableRecord
100
AcDbTextStyleTableRecord
2
standard
70
0
40
0
41
1
50
0
71
0
42
1
3
calibrib.ttf
4

1001
ACAD
1000
Calibri
1071
33554466
0
STYLE
5
659C
330
6595
100
AcDbSymbolTableRecord
100
AcDbTextStyleTableRecord
2
STANDARD
70
0
40
0
41
1
50
0
71
0
42
1
3
calibrib.ttf
4

1001
ACAD
1000
Calibri
1071
33554466
0
STYLE
5
659D
330
6595
100
AcDbSymbolTableRecord
100
AcDbTextStyleTableRecord
2
CALIBRI_BOLD
70
0
40
0
41
1
50
0
71
0
42
1
3
calibrib.ttf
4

1001
ACAD
1000
Calibri
1071
33554466
0
ENDTAB
0
TABLE
2
VIEW
5
6596
330
0
100
AcDbSymbolTable
70
0
0
ENDTAB
0
TABLE
2
UCS
5
6597
330
0
100
AcDbSymbolTable
70
0
0
ENDTAB
0
TABLE
2
APPID
5
6598
330
0
100
AcDbSymbolTable
70
1
0
APPID
5
659E
330
6598
100
AcDbSymbolTableRecord
100
AcDbRegAppTableRecord
2
ACAD
70
0
0
ENDTAB
0
TABLE
2
DIMSTYLE
5
6599
330
0
100
AcDbSymbolTable
100
AcDbDimStyleTable
70
0
71
1
0
ENDTAB
0
TABLE
2
BLOCK_RECORD
5
6A28
330
0
100
AcDbSymbolTable
70
2
0
BLOCK_RECORD
5
6A29
330
6A28
100
AcDbSymbolTableRecord
100
AcDbBlockTableRecord
2
*Model_Space
70
0
280
0
281
1
0
BLOCK_RECORD
5
6A2A
330
6A28
100
AcDbSymbolTableRecord
100
AcDbBlockTableRecord
2
*Paper_Space
70
0
280
0
281
1
0
ENDTAB
0
ENDSEC
0
SECTION
2
BLOCKS
0
BLOCK
5
659F
330
0
100
AcDbEntity
100
AcDbBlockBegin
2
*Model_Space
70
0
10
0
20
0
30
0
3
*Model_Space
1

0
ENDBLK
5
65A0
330
0
100
AcDbEntity
100
AcDbBlockEnd
0
BLOCK
5
65A1
330
0
100
AcDbEntity
100
AcDbBlockBegin
2
*Paper_Space
70
0
10
0
20
0
30
0
3
*Paper_Space
1

0
ENDBLK
5
65A2
330
0
100
AcDbEntity
100
AcDbBlockEnd
0
ENDSEC
0
SECTION
2
ENTITIES
0
LWPOLYLINE
5
65C4
330
659F
100
AcDbEntity
100
AcDbPolyline
8
ZEMIN_PLATFORM
6
ByLayer
62
256
370
-1
90
4
70
1
10
-3700
20
100
10
-3700
20
1300
10
3700
20
1300
10
3700
20
100
0
LINE
5
65C5
330
659F
100
AcDbEntity
100
AcDbLine
8
ZEMIN_PLATFORM
10
-3500
20
100
30
0
11
-3500
21
1300
31
0
0
LINE
5
65C6
330
659F
100
AcDbEntity
100
AcDbLine
8
ZEMIN_PLATFORM
10
-3000
20
100
30
0
11
-3000
21
1300
31
0
0
LINE
5
65C7
330
659F
100
AcDbEntity
100
AcDbLine
8
ZEMIN_PLATFORM
10
-2500
20
100
30
0
11
-2500
21
1300
31
0
0
LINE
5
65C8
330
659F
100
AcDbEntity
100
AcDbLine
8
ZEMIN_PLATFORM
10
-2000
20
100
30
0
11
-2000
21
1300
31
0
0
LINE
5
65C9
330
659F
100
AcDbEntity
100
AcDbLine
8
ZEMIN_PLATFORM
10
-1500
20
100
30
0
11
-1500
21
1300
31
0
0
LINE
5
65CA
330
659F
100
AcDbEntity
100
AcDbLine
8
ZEMIN_PLATFORM
10
-1000
20
100
30
0
11
-1000
21
1300
31
0
0
LINE
5
65CB
330
659F
100
AcDbEntity
100
AcDbLine
8
ZEMIN_PLATFORM
10
-500
20
100
30
0
11
-500
21
1300
31
0
0
LINE
5
65CC
330
659F
100
AcDbEntity
100
AcDbLine
8
ZEMIN_PLATFORM
10
0
20
100
30
0
11
0
21
1300
31
0
0
LINE
5
65CD
330
659F
100
AcDbEntity
100
AcDbLine
8
ZEMIN_PLATFORM
10
500
20
100
30
0
11
500
21
1300
31
0
0
LINE
5
65CE
330
659F
100
AcDbEntity
100
AcDbLine
8
ZEMIN_PLATFORM
10
1000
20
100
30
0
11
1000
21
1300
31
0
0
LINE
5
65CF
330
659F
100
AcDbEntity
100
AcDbLine
8
ZEMIN_PLATFORM
10
1500
20
100
30
0
11
1500
21
1300
31
0
0
LINE
5
65D0
330
659F
100
AcDbEntity
100
AcDbLine
8
ZEMIN_PLATFORM
10
2000
20
100
30
0
11
2000
21
1300
31
0
0
LINE
5
65D1
330
659F
100
AcDbEntity
100
AcDbLine
8
ZEMIN_PLATFORM
10
2500
20
100
30
0
11
2500
21
1300
31
0
0
LINE
5
65D2
330
659F
100
AcDbEntity
100
AcDbLine
8
ZEMIN_PLATFORM
10
3000
20
100
30
0
11
3000
21
1300
31
0
0
LINE
5
65D3
330
659F
100
AcDbEntity
100
AcDbLine
8
ZEMIN_PLATFORM
10
3500
20
100
30
0
11
3500
21
1300
31
0
0
LWPOLYLINE
5
65D6
330
659F
100
AcDbEntity
100
AcDbPolyline
8
ZEMIN_PLATFORM
6
ByLayer
62
256
370
-1
90
4
70
1
10
-1600
20
-700
10
-1600
20
100
10
-500
20
100
10
-500
20
-700
0
LINE
5
65D7
330
659F
100
AcDbEntity
100
AcDbLine
8
ZEMIN_PLATFORM
10
-1500
20
-700
30
0
11
-1500
21
100
31
0
0
LINE
5
65D8
330
659F
100
AcDbEntity
100
AcDbLine
8
ZEMIN_PLATFORM
10
-1200
20
-700
30
0
11
-1200
21
100
31
0
0
LINE
5
65D9
330
659F
100
AcDbEntity
100
AcDbLine
8
ZEMIN_PLATFORM
10
-900
20
-700
30
0
11
-900
21
100
31
0
0
LINE
5
65DA
330
659F
100
AcDbEntity
100
AcDbLine
8
ZEMIN_PLATFORM
10
-600
20
-700
30
0
11
-600
21
100
31
0
0
LWPOLYLINE
5
693C
330
659F
100
AcDbEntity
100
AcDbPolyline
8
ZEMIN_PLATFORM
6
ByLayer
62
256
370
-1
90
4
70
1
10
-3700
20
-6620
10
-3700
20
-6500
10
3700
20
-6500
10
3700
20
-6620
0
TEXT
5
693D
330
659F
100
AcDbEntity
100
AcDbText
8
ZEMIN_PLATFORM
10
-200
20
-6560
30
0
40
120
1
ALT KEDI YOLU TABANI (KOT: +20.00m)
50
0
7
STANDARD
72
1
11
-200
21
-6560
31
0
100
AcDbText
73
0
0
LWPOLYLINE
5
693E
330
659F
100
AcDbEntity
100
AcDbPolyline
8
ZEMIN_PLATFORM
6
ByLayer
62
256
370
-1
90
4
70
1
10
-3700
20
880
10
-3700
20
1000
10
3700
20
1000
10
3700
20
880
0
TEXT
5
693F
330
659F
100
AcDbEntity
100
AcDbText
8
ZEMIN_PLATFORM
10
-200
20
1040
30
0
40
120
1
ORTA / UST KEDI YOLU TABANI (KOT: +27.50m)
50
0
7
STANDARD
72
1
11
-200
21
1040
31
0
100
AcDbText
73
0
0
LINE
5
6940
330
659F
100
AcDbEntity
100
AcDbLine
8
KORKULUK_KAPI
10
-3700
20
2100
30
0
11
3700
21
2100
31
0
0
LINE
5
6941
330
659F
100
AcDbEntity
100
AcDbLine
8
KORKULUK_KAPI
10
-3700
20
-5400
30
0
11
3700
21
-5400
31
0
0
LWPOLYLINE
5
65D4
330
659F
100
AcDbEntity
100
AcDbPolyline
8
CELIK_KIRIS_KOLON
6
ByLayer
62
256
370
-1
90
4
70
1
10
-6500
20
2350
10
-6500
20
2475
10
6500
20
2475
10
6500
20
2350
0
TEXT
5
65D5
330
659F
100
AcDbEntity
100
AcDbText
8
CELIK_KIRIS_KOLON
10
0
20
2600
30
0
40
240
1
SKORBORD GOVDESI VE EKRAN HATTI (13.0m x 8.0m)
50
0
7
STANDARD
72
1
11
0
21
2600
31
0
100
AcDbText
73
0
0
LWPOLYLINE
5
68F2
330
659F
100
AcDbEntity
100
AcDbPolyline
8
CELIK_KIRIS_KOLON
6
ByLayer
62
256
370
-1
90
4
70
1
10
-6500
20
-6000
10
-6500
20
2000
10
6500
20
2000
10
6500
20
-6000
0
TEXT
5
68F3
330
659F
100
AcDbEntity
100
AcDbText
8
CELIK_KIRIS_KOLON
10
0
20
-2000
30
0
40
400
1
SKORBORD EKRANI (13.0m x 8.0m)
50
0
7
STANDARD
72
1
11
0
21
-2000
31
0
100
AcDbText
73
0
0
LWPOLYLINE
5
65BE
330
659F
100
AcDbEntity
100
AcDbPolyline
8
MONTAJ_BORULARI
6
ByLayer
62
256
370
-1
90
4
70
1
10
-25000
20
-1300
10
-25000
20
200
10
25000
20
200
10
25000
20
-1300
0
LINE
5
65BF
330
659F
100
AcDbEntity
100
AcDbLine
8
MONTAJ_BORULARI
10
-25000
20
-550
30
0
11
25000
21
-550
31
0
0
TEXT
5
65C0
330
659F
100
AcDbEntity
100
AcDbText
8
MONTAJ_BORULARI
10
0
20
-550
30
0
40
220
1
ARKA TASIYICI DEV BORU (DIA 1500mm, L=50m)
50
0
7
STANDARD
72
1
11
0
21
-550
31
0
100
AcDbText
73
0
0
LWPOLYLINE
5
65C1
330
659F
100
AcDbEntity
100
AcDbPolyline
8
MONTAJ_BORULARI
6
ByLayer
62
256
370
-1
90
4
70
1
10
-25000
20
920
10
-25000
20
2420
10
25000
20
2420
10
25000
20
920
0
LINE
5
65C2
330
659F
100
AcDbEntity
100
AcDbLine
8
MONTAJ_BORULARI
10
-25000
20
1670
30
0
11
25000
21
1670
31
0
0
TEXT
5
65C3
330
659F
100
AcDbEntity
100
AcDbText
8
MONTAJ_BORULARI
10
0
20
1670
30
0
40
220
1
ON TASIYICI DEV BORU (DIA 1500mm, L=50m, SKORBORD TARAFI)
50
0
7
STANDARD
72
1
11
0
21
1670
31
0
100
AcDbText
73
0
0
LWPOLYLINE
5
68F0
330
659F
100
AcDbEntity
100
AcDbPolyline
8
MONTAJ_BORULARI
6
ByLayer
62
256
370
-1
90
4
70
1
10
-25000
20
-8000
10
-25000
20
-6500
10
25000
20
-6500
10
25000
20
-8000
0
TEXT
5
68F1
330
659F
100
AcDbEntity
100
AcDbText
8
MONTAJ_BORULARI
10
0
20
-7250
30
0
40
260
1
50m TASIYICI SILINDIR KESITI (DIA 1500mm)
50
0
7
STANDARD
72
1
11
0
21
-7250
31
0
100
AcDbText
73
0
0
LWPOLYLINE
5
68F4
330
659F
100
AcDbEntity
100
AcDbPolyline
8
MONTAJ_BORULARI
6
ByLayer
62
256
370
-1
90
4
70
1
10
-2790
20
-6500
10
-2790
20
-6485
10
-2610
20
-6485
10
-2610
20
-6500
0
LWPOLYLINE
5
68F5
330
659F
100
AcDbEntity
100
AcDbPolyline
8
MONTAJ_BORULARI
6
ByLayer
62
256
370
-1
90
4
70
1
10
-2730
20
-6485
10
-2730
20
-5800
10
-2670
20
-5800
10
-2670
20
-6485
0
LWPOLYLINE
5
68F6
330
659F
100
AcDbEntity
100
AcDbPolyline
8
MONTAJ_BORULARI
6
ByLayer
62
256
370
-1
90
4
70
1
10
-2750
20
-6250
10
-2750
20
-6150
10
-2730
20
-6150
10
-2730
20
-6250
0
LWPOLYLINE
5
68FA
330
659F
100
AcDbEntity
100
AcDbPolyline
8
MONTAJ_BORULARI
6
ByLayer
62
256
370
-1
90
4
70
1
10
-2550
20
-6500
10
-2550
20
-6485
10
-2370
20
-6485
10
-2370
20
-6500
0
LWPOLYLINE
5
68FB
330
659F
100
AcDbEntity
100
AcDbPolyline
8
MONTAJ_BORULARI
6
ByLayer
62
256
370
-1
90
4
70
1
10
-2490
20
-6485
10
-2490
20
-5800
10
-2430
20
-5800
10
-2430
20
-6485
0
LWPOLYLINE
5
68FC
330
659F
100
AcDbEntity
100
AcDbPolyline
8
MONTAJ_BORULARI
6
ByLayer
62
256
370
-1
90
4
70
1
10
-2510
20
-6250
10
-2510
20
-6150
10
-2490
20
-6150
10
-2490
20
-6250
0
LWPOLYLINE
5
6900
330
659F
100
AcDbEntity
100
AcDbPolyline
8
MONTAJ_BORULARI
6
ByLayer
62
256
370
-1
90
4
70
1
10
-2100
20
-6500
10
-2100
20
-6485
10
-1920
20
-6485
10
-1920
20
-6500
0
LWPOLYLINE
5
6901
330
659F
100
AcDbEntity
100
AcDbPolyline
8
MONTAJ_BORULARI
6
ByLayer
62
256
370
-1
90
4
70
1
10
-2040
20
-6485
10
-2040
20
-5800
10
-1980
20
-5800
10
-1980
20
-6485
0
LWPOLYLINE
5
6902
330
659F
100
AcDbEntity
100
AcDbPolyline
8
MONTAJ_BORULARI
6
ByLayer
62
256
370
-1
90
4
70
1
10
-2060
20
-6250
10
-2060
20
-6150
10
-2040
20
-6150
10
-2040
20
-6250
0
LWPOLYLINE
5
6906
330
659F
100
AcDbEntity
100
AcDbPolyline
8
MONTAJ_BORULARI
6
ByLayer
62
256
370
-1
90
4
70
1
10
-1890
20
-6500
10
-1890
20
-6485
10
-1710
20
-6485
10
-1710
20
-6500
0
LWPOLYLINE
5
6907
330
659F
100
AcDbEntity
100
AcDbPolyline
8
MONTAJ_BORULARI
6
ByLayer
62
256
370
-1
90
4
70
1
10
-1830
20
-6485
10
-1830
20
-5800
10
-1770
20
-5800
10
-1770
20
-6485
0
LWPOLYLINE
5
6908
330
659F
100
AcDbEntity
100
AcDbPolyline
8
MONTAJ_BORULARI
6
ByLayer
62
256
370
-1
90
4
70
1
10
-1850
20
-6250
10
-1850
20
-6150
10
-1830
20
-6150
10
-1830
20
-6250
0
LWPOLYLINE
5
690C
330
659F
100
AcDbEntity
100
AcDbPolyline
8
MONTAJ_BORULARI
6
ByLayer
62
256
370
-1
90
4
70
1
10
-1670
20
-6500
10
-1670
20
-6485
10
-1490
20
-6485
10
-1490
20
-6500
0
LWPOLYLINE
5
690D
330
659F
100
AcDbEntity
100
AcDbPolyline
8
MONTAJ_BORULARI
6
ByLayer
62
256
370
-1
90
4
70
1
10
-1610
20
-6485
10
-1610
20
-5800
10
-1550
20
-5800
10
-1550
20
-6485
0
LWPOLYLINE
5
690E
330
659F
100
AcDbEntity
100
AcDbPolyline
8
MONTAJ_BORULARI
6
ByLayer
62
256
370
-1
90
4
70
1
10
-1630
20
-6250
10
-1630
20
-6150
10
-1610
20
-6150
10
-1610
20
-6250
0
LWPOLYLINE
5
6912
330
659F
100
AcDbEntity
100
AcDbPolyline
8
MONTAJ_BORULARI
6
ByLayer
62
256
370
-1
90
4
70
1
10
-1450
20
-6500
10
-1450
20
-6485
10
-1270
20
-6485
10
-1270
20
-6500
0
LWPOLYLINE
5
6913
330
659F
100
AcDbEntity
100
AcDbPolyline
8
MONTAJ_BORULARI
6
ByLayer
62
256
370
-1
90
4
70
1
10
-1390
20
-6485
10
-1390
20
-5800
10
-1330
20
-5800
10
-1330
20
-6485
0
LWPOLYLINE
5
6914
330
659F
100
AcDbEntity
100
AcDbPolyline
8
MONTAJ_BORULARI
6
ByLayer
62
256
370
-1
90
4
70
1
10
-1410
20
-6250
10
-1410
20
-6150
10
-1390
20
-6150
10
-1390
20
-6250
0
LWPOLYLINE
5
6918
330
659F
100
AcDbEntity
100
AcDbPolyline
8
MONTAJ_BORULARI
6
ByLayer
62
256
370
-1
90
4
70
1
10
1270
20
-6500
10
1270
20
-6485
10
1450
20
-6485
10
1450
20
-6500
0
LWPOLYLINE
5
6919
330
659F
100
AcDbEntity
100
AcDbPolyline
8
MONTAJ_BORULARI
6
ByLayer
62
256
370
-1
90
4
70
1
10
1330
20
-6485
10
1330
20
-5800
10
1390
20
-5800
10
1390
20
-6485
0
LWPOLYLINE
5
691A
330
659F
100
AcDbEntity
100
AcDbPolyline
8
MONTAJ_BORULARI
6
ByLayer
62
256
370
-1
90
4
70
1
10
1390
20
-6250
10
1390
20
-6150
10
1410
20
-6150
10
1410
20
-6250
0
LWPOLYLINE
5
691E
330
659F
100
AcDbEntity
100
AcDbPolyline
8
MONTAJ_BORULARI
6
ByLayer
62
256
370
-1
90
4
70
1
10
1490
20
-6500
10
1490
20
-6485
10
1670
20
-6485
10
1670
20
-6500
0
LWPOLYLINE
5
691F
330
659F
100
AcDbEntity
100
AcDbPolyline
8
MONTAJ_BORULARI
6
ByLayer
62
256
370
-1
90
4
70
1
10
1550
20
-6485
10
1550
20
-5800
10
1610
20
-5800
10
1610
20
-6485
0
LWPOLYLINE
5
6920
330
659F
100
AcDbEntity
100
AcDbPolyline
8
MONTAJ_BORULARI
6
ByLayer
62
256
370
-1
90
4
70
1
10
1610
20
-6250
10
1610
20
-6150
10
1630
20
-6150
10
1630
20
-6250
0
LWPOLYLINE
5
6924
330
659F
100
AcDbEntity
100
AcDbPolyline
8
MONTAJ_BORULARI
6
ByLayer
62
256
370
-1
90
4
70
1
10
1710
20
-6500
10
1710
20
-6485
10
1890
20
-6485
10
1890
20
-6500
0
LWPOLYLINE
5
6925
330
659F
100
AcDbEntity
100
AcDbPolyline
8
MONTAJ_BORULARI
6
ByLayer
62
256
370
-1
90
4
70
1
10
1770
20
-6485
10
1770
20
-5800
10
1830
20
-5800
10
1830
20
-6485
0
LWPOLYLINE
5
6926
330
659F
100
AcDbEntity
100
AcDbPolyline
8
MONTAJ_BORULARI
6
ByLayer
62
256
370
-1
90
4
70
1
10
1830
20
-6250
10
1830
20
-6150
10
1850
20
-6150
10
1850
20
-6250
0
LWPOLYLINE
5
692A
330
659F
100
AcDbEntity
100
AcDbPolyline
8
MONTAJ_BORULARI
6
ByLayer
62
256
370
-1
90
4
70
1
10
1920
20
-6500
10
1920
20
-6485
10
2100
20
-6485
10
2100
20
-6500
0
LWPOLYLINE
5
692B
330
659F
100
AcDbEntity
100
AcDbPolyline
8
MONTAJ_BORULARI
6
ByLayer
62
256
370
-1
90
4
70
1
10
1980
20
-6485
10
1980
20
-5800
10
2040
20
-5800
10
2040
20
-6485
0
LWPOLYLINE
5
692C
330
659F
100
AcDbEntity
100
AcDbPolyline
8
MONTAJ_BORULARI
6
ByLayer
62
256
370
-1
90
4
70
1
10
2040
20
-6250
10
2040
20
-6150
10
2060
20
-6150
10
2060
20
-6250
0
LWPOLYLINE
5
6930
330
659F
100
AcDbEntity
100
AcDbPolyline
8
MONTAJ_BORULARI
6
ByLayer
62
256
370
-1
90
4
70
1
10
2370
20
-6500
10
2370
20
-6485
10
2550
20
-6485
10
2550
20
-6500
0
LWPOLYLINE
5
6931
330
659F
100
AcDbEntity
100
AcDbPolyline
8
MONTAJ_BORULARI
6
ByLayer
62
256
370
-1
90
4
70
1
10
2430
20
-6485
10
2430
20
-5800
10
2490
20
-5800
10
2490
20
-6485
0
LWPOLYLINE
5
6932
330
659F
100
AcDbEntity
100
AcDbPolyline
8
MONTAJ_BORULARI
6
ByLayer
62
256
370
-1
90
4
70
1
10
2490
20
-6250
10
2490
20
-6150
10
2510
20
-6150
10
2510
20
-6250
0
LWPOLYLINE
5
6936
330
659F
100
AcDbEntity
100
AcDbPolyline
8
MONTAJ_BORULARI
6
ByLayer
62
256
370
-1
90
4
70
1
10
2610
20
-6500
10
2610
20
-6485
10
2790
20
-6485
10
2790
20
-6500
0
LWPOLYLINE
5
6937
330
659F
100
AcDbEntity
100
AcDbPolyline
8
MONTAJ_BORULARI
6
ByLayer
62
256
370
-1
90
4
70
1
10
2670
20
-6485
10
2670
20
-5800
10
2730
20
-5800
10
2730
20
-6485
0
LWPOLYLINE
5
6938
330
659F
100
AcDbEntity
100
AcDbPolyline
8
MONTAJ_BORULARI
6
ByLayer
62
256
370
-1
90
4
70
1
10
2730
20
-6250
10
2730
20
-6150
10
2750
20
-6150
10
2750
20
-6250
0
LINE
5
68D8
330
659F
100
AcDbEntity
100
AcDbLine
8
OLCULER
10
-25000
20
-1400
30
0
11
-25000
21
-2240
31
0
0
LINE
5
68D9
330
659F
100
AcDbEntity
100
AcDbLine
8
OLCULER
10
25000
20
-1400
30
0
11
25000
21
-2240
31
0
0
LINE
5
68DA
330
659F
100
AcDbEntity
100
AcDbLine
8
OLCULER
10
-25000
20
-2200
30
0
11
25000
21
-2200
31
0
0
LINE
5
68DB
330
659F
100
AcDbEntity
100
AcDbLine
8
OLCULER
10
-25028
20
-2228
30
0
11
-24972
21
-2172
31
0
0
LINE
5
68DC
330
659F
100
AcDbEntity
100
AcDbLine
8
OLCULER
10
24972
20
-2228
30
0
11
25028
21
-2172
31
0
0
TEXT
5
68DD
330
659F
100
AcDbEntity
100
AcDbText
8
OLCULER
10
0
20
-2284
30
0
40
60
1
50000 mm (50m SILINDIR TASIYICI BOYU)
50
0
7
STANDARD
72
1
11
0
21
-2284
31
0
100
AcDbText
73
2
0
LINE
5
68DE
330
659F
100
AcDbEntity
100
AcDbLine
8
OLCULER
10
-3700
20
0
30
0
11
-3700
21
-540
31
0
0
LINE
5
68DF
330
659F
100
AcDbEntity
100
AcDbLine
8
OLCULER
10
3700
20
0
30
0
11
3700
21
-540
31
0
0
LINE
5
68E0
330
659F
100
AcDbEntity
100
AcDbLine
8
OLCULER
10
-3700
20
-500
30
0
11
3700
21
-500
31
0
0
LINE
5
68E1
330
659F
100
AcDbEntity
100
AcDbLine
8
OLCULER
10
-3728
20
-528
30
0
11
-3672
21
-472
31
0
0
LINE
5
68E2
330
659F
100
AcDbEntity
100
AcDbLine
8
OLCULER
10
3672
20
-528
30
0
11
3728
21
-472
31
0
0
TEXT
5
68E3
330
659F
100
AcDbEntity
100
AcDbText
8
OLCULER
10
0
20
-584
30
0
40
60
1
7400 mm (KEDI YOLU BOYU)
50
0
7
STANDARD
72
1
11
0
21
-584
31
0
100
AcDbText
73
2
0
LINE
5
68E4
330
659F
100
AcDbEntity
100
AcDbLine
8
OLCULER
10
-6500
20
2800
30
0
11
-6500
21
3340
31
0
0
LINE
5
68E5
330
659F
100
AcDbEntity
100
AcDbLine
8
OLCULER
10
6500
20
2800
30
0
11
6500
21
3340
31
0
0
LINE
5
68E6
330
659F
100
AcDbEntity
100
AcDbLine
8
OLCULER
10
-6500
20
3300
30
0
11
6500
21
3300
31
0
0
LINE
5
68E7
330
659F
100
AcDbEntity
100
AcDbLine
8
OLCULER
10
-6528
20
3272
30
0
11
-6472
21
3328
31
0
0
LINE
5
68E8
330
659F
100
AcDbEntity
100
AcDbLine
8
OLCULER
10
6472
20
3272
30
0
11
6528
21
3328
31
0
0
TEXT
5
68E9
330
659F
100
AcDbEntity
100
AcDbText
8
OLCULER
10
0
20
3324
30
0
40
60
1
13000 mm (SKORBORD GENISLIGI)
50
0
7
STANDARD
72
1
11
0
21
3324
31
0
100
AcDbText
73
2
0
LINE
5
68EA
330
659F
100
AcDbEntity
100
AcDbLine
8
OLCULER
10
-3700
20
100
30
0
11
-4340
21
100
31
0
0
LINE
5
68EB
330
659F
100
AcDbEntity
100
AcDbLine
8
OLCULER
10
-3700
20
1300
30
0
11
-4340
21
1300
31
0
0
LINE
5
68EC
330
659F
100
AcDbEntity
100
AcDbLine
8
OLCULER
10
-4300
20
100
30
0
11
-4300
21
1300
31
0
0
LINE
5
68ED
330
659F
100
AcDbEntity
100
AcDbLine
8
OLCULER
10
-4328
20
72
30
0
11
-4272
21
128
31
0
0
LINE
5
68EE
330
659F
100
AcDbEntity
100
AcDbLine
8
OLCULER
10
-4328
20
1272
30
0
11
-4272
21
1328
31
0
0
TEXT
5
68EF
330
659F
100
AcDbEntity
100
AcDbText
8
OLCULER
10
-4342
20
700
30
0
40
60
1
1200 mm
50
90
7
STANDARD
72
1
11
-4342
21
700
31
0
100
AcDbText
73
2
0
LINE
5
69C1
330
659F
100
AcDbEntity
100
AcDbLine
8
OLCULER
10
-2200
20
-6500
30
0
11
-2540
21
-6500
31
0
0
LINE
5
69C2
330
659F
100
AcDbEntity
100
AcDbLine
8
OLCULER
10
-2200
20
1000
30
0
11
-2540
21
1000
31
0
0
LINE
5
69C3
330
659F
100
AcDbEntity
100
AcDbLine
8
OLCULER
10
-2500
20
-6500
30
0
11
-2500
21
1000
31
0
0
LINE
5
69C4
330
659F
100
AcDbEntity
100
AcDbLine
8
OLCULER
10
-2528
20
-6528
30
0
11
-2472
21
-6472
31
0
0
LINE
5
69C5
330
659F
100
AcDbEntity
100
AcDbLine
8
OLCULER
10
-2528
20
972
30
0
11
-2472
21
1028
31
0
0
TEXT
5
69C6
330
659F
100
AcDbEntity
100
AcDbText
8
OLCULER
10
-2542
20
-2750
30
0
40
60
1
7500 mm (DUSEY KABLO INIS FARKI)
50
90
7
STANDARD
72
1
11
-2542
21
-2750
31
0
100
AcDbText
73
2
0
LINE
5
69C7
330
659F
100
AcDbEntity
100
AcDbLine
8
OLCULER
10
-1950
20
-6650
30
0
11
-1950
21
-6790
31
0
0
LINE
5
69C8
330
659F
100
AcDbEntity
100
AcDbLine
8
OLCULER
10
-1550
20
-6650
30
0
11
-1550
21
-6790
31
0
0
LINE
5
69C9
330
659F
100
AcDbEntity
100
AcDbLine
8
OLCULER
10
-1950
20
-6750
30
0
11
-1550
21
-6750
31
0
0
LINE
5
69CA
330
659F
100
AcDbEntity
100
AcDbLine
8
OLCULER
10
-1978
20
-6778
30
0
11
-1922
21
-6722
31
0
0
LINE
5
69CB
330
659F
100
AcDbEntity
100
AcDbLine
8
OLCULER
10
-1578
20
-6778
30
0
11
-1522
21
-6722
31
0
0
TEXT
5
69CC
330
659F
100
AcDbEntity
100
AcDbText
8
OLCULER
10
-1750
20
-6834
30
0
40
60
1
400 mm
50
0
7
STANDARD
72
1
11
-1750
21
-6834
31
0
100
AcDbText
73
2
0
TEXT
5
69CD
330
659F
100
AcDbEntity
100
AcDbText
8
METIN_BILGI
10
-1750
20
-2500
30
0
40
140
1
DIKEY KABLO MERDIVENI (14 ADET 2x25mm2 KABLO INISI)
50
90
7
STANDARD
72
1
11
-1750
21
-2500
31
0
100
AcDbText
73
0
0
LWPOLYLINE
5
69CE
330
659F
100
AcDbEntity
100
AcDbPolyline
8
METIN_BILGI
6
ByLayer
62
256
370
-1
90
4
70
1
10
-15000
20
4500
10
-15000
20
6700
10
-7000
20
6700
10
-7000
20
4500
0
LINE
5
69CF
330
659F
100
AcDbEntity
100
AcDbLine
8
METIN_BILGI
10
-15000
20
5900
30
0
11
-7000
21
5900
31
0
0
LINE
5
69D0
330
659F
100
AcDbEntity
100
AcDbLine
8
METIN_BILGI
10
-15000
20
5200
30
0
11
-7000
21
5200
31
0
0
LINE
5
69D1
330
659F
100
AcDbEntity
100
AcDbLine
8
METIN_BILGI
10
-10500
20
4500
30
0
11
-10500
21
5900
31
0
0
TEXT
5
69D2
330
659F
100
AcDbEntity
100
AcDbText
8
METIN_BILGI
10
-14800
20
6150
30
0
40
320
1
GALATASARAY STADYUMU GSM ALTYAPI PROJESI
50
0
7
STANDARD
100
AcDbText
0
TEXT
5
69D3
330
659F
100
AcDbEntity
100
AcDbText
8
METIN_BILGI
10
-14800
20
5450
30
0
40
260
1
ALAN: SCOREBOARD KESITI VE KEDI YOLU (DETAYLI YERLESIM) (ALAN 2)
50
0
7
STANDARD
100
AcDbText
0
TEXT
5
69D4
330
659F
100
AcDbEntity
100
AcDbText
8
METIN_BILGI
10
-14800
20
4780
30
0
40
200
1
OLCEK: 1:1 mm (1:1 mm)
50
0
7
STANDARD
100
AcDbText
0
TEXT
5
69D5
330
659F
100
AcDbEntity
100
AcDbText
8
METIN_BILGI
10
-10300
20
5450
30
0
40
180
1
CIZIM: ANTIGRAVITY CAD / BIM
50
0
7
STANDARD
100
AcDbText
0
TEXT
5
69D6
330
659F
100
AcDbEntity
100
AcDbText
8
METIN_BILGI
10
-10300
20
4780
30
0
40
180
1
TARIH: 2026-10-04
50
0
7
STANDARD
100
AcDbText
0
CIRCLE
5
69D7
330
659F
100
AcDbEntity
100
AcDbCircle
8
METIN_BILGI
10
-16500
20
5600
30
0
40
800
0
LINE
5
69D8
330
659F
100
AcDbEntity
100
AcDbLine
8
METIN_BILGI
10
-16500
20
4880
30
0
11
-16500
21
6320
31
0
0
LINE
5
69D9
330
659F
100
AcDbEntity
100
AcDbLine
8
METIN_BILGI
10
-16500
20
6320
30
0
11
-16750
21
5900
31
0
0
LINE
5
69DA
330
659F
100
AcDbEntity
100
AcDbLine
8
METIN_BILGI
10
-16500
20
6320
30
0
11
-16250
21
5900
31
0
0
TEXT
5
69DB
330
659F
100
AcDbEntity
100
AcDbText
8
METIN_BILGI
10
-16500
20
6600
30
0
40
300
1
K
50
0
7
STANDARD
72
1
11
-16500
21
6600
31
0
100
AcDbText
73
2
0
LWPOLYLINE
5
69DC
330
659F
100
AcDbEntity
100
AcDbPolyline
8
METIN_BILGI
6
ByLayer
62
256
370
-1
90
4
70
1
10
-4000
20
4000
10
-4000
20
10000
10
7200
20
10000
10
7200
20
4000
0
TEXT
5
69DD
330
659F
100
AcDbEntity
100
AcDbText
8
METIN_BILGI
10
-3800
20
9700
30
0
40
240
1
EKIPMAN VE ALTYAPI YERLESIM CETVELI (BOM)
50
0
7
STANDARD
100
AcDbText
0
LINE
5
69DE
330
659F
100
AcDbEntity
100
AcDbLine
8
METIN_BILGI
10
-4000
20
9600
30
0
11
7200
21
9600
31
0
0
LINE
5
69DF
330
659F
100
AcDbEntity
100
AcDbLine
8
METIN_BILGI
10
-4000
20
9200
30
0
11
7200
21
9200
31
0
0
LINE
5
69E0
330
659F
100
AcDbEntity
100
AcDbLine
8
METIN_BILGI
10
-2800
20
4000
30
0
11
-2800
21
9600
31
0
0
LINE
5
69E1
330
659F
100
AcDbEntity
100
AcDbLine
8
METIN_BILGI
10
3200
20
4000
30
0
11
3200
21
9600
31
0
0
LINE
5
69E2
330
659F
100
AcDbEntity
100
AcDbLine
8
METIN_BILGI
10
5700
20
4000
30
0
11
5700
21
9600
31
0
0
TEXT
5
69E3
330
659F
100
AcDbEntity
100
AcDbText
8
METIN_BILGI
10
-3900
20
9320
30
0
40
180
1
NO
50
0
7
STANDARD
100
AcDbText
0
TEXT
5
69E4
330
659F
100
AcDbEntity
100
AcDbText
8
METIN_BILGI
10
-2700
20
9320
30
0
40
180
1
EKIPMAN TANIMI
50
0
7
STANDARD
100
AcDbText
0
TEXT
5
69E5
330
659F
100
AcDbEntity
100
AcDbText
8
METIN_BILGI
10
3300
20
9320
30
0
40
180
1
BOYUTLAR (GxDxY)
50
0
7
STANDARD
100
AcDbText
0
TEXT
5
69E6
330
659F
100
AcDbEntity
100
AcDbText
8
METIN_BILGI
10
5800
20
9320
30
0
40
180
1
ADET
50
0
7
STANDARD
100
AcDbText
0
LINE
5
69E7
330
659F
100
AcDbEntity
100
AcDbLine
8
METIN_BILGI
10
-4000
20
8800
30
0
11
7200
21
8800
31
0
0
TEXT
5
69E8
330
659F
100
AcDbEntity
100
AcDbText
8
METIN_BILGI
10
-3900
20
8920
30
0
40
160
1
1
50
0
7
STANDARD
100
AcDbText
0
TEXT
5
69E9
330
659F
100
AcDbEntity
100
AcDbText
8
METIN_BILGI
10
-2700
20
8920
30
0
40
160
1
Turkcell RRU Tek Tek Moduller (Skorbord/Yanlar)
50
0
7
STANDARD
100
AcDbText
0
TEXT
5
69EA
330
659F
100
AcDbEntity
100
AcDbText
8
METIN_BILGI
10
3300
20
8920
30
0
40
160
1
398x145x533 mm
50
0
7
STANDARD
100
AcDbText
0
TEXT
5
69EB
330
659F
100
AcDbEntity
100
AcDbText
8
METIN_BILGI
10
5800
20
8920
30
0
40
160
1
12
50
0
7
STANDARD
100
AcDbText
0
LINE
5
69EC
330
659F
100
AcDbEntity
100
AcDbLine
8
METIN_BILGI
10
-4000
20
8400
30
0
11
7200
21
8400
31
0
0
TEXT
5
69ED
330
659F
100
AcDbEntity
100
AcDbText
8
METIN_BILGI
10
-3900
20
8520
30
0
40
160
1
2
50
0
7
STANDARD
100
AcDbText
0
TEXT
5
69EE
330
659F
100
AcDbEntity
100
AcDbText
8
METIN_BILGI
10
-2700
20
8520
30
0
40
160
1
Vodafone RRU Tek Tek Moduller (Skorbord/Yanlar)
50
0
7
STANDARD
100
AcDbText
0
TEXT
5
69EF
330
659F
100
AcDbEntity
100
AcDbText
8
METIN_BILGI
10
3300
20
8520
30
0
40
160
1
432x135x480 mm
50
0
7
STANDARD
100
AcDbText
0
TEXT
5
69F0
330
659F
100
AcDbEntity
100
AcDbText
8
METIN_BILGI
10
5800
20
8520
30
0
40
160
1
28
50
0
7
STANDARD
100
AcDbText
0
LINE
5
69F1
330
659F
100
AcDbEntity
100
AcDbLine
8
METIN_BILGI
10
-4000
20
8000
30
0
11
7200
21
8000
31
0
0
TEXT
5
69F2
330
659F
100
AcDbEntity
100
AcDbText
8
METIN_BILGI
10
-3900
20
8120
30
0
40
160
1
3
50
0
7
STANDARD
100
AcDbText
0
TEXT
5
69F3
330
659F
100
AcDbEntity
100
AcDbText
8
METIN_BILGI
10
-2700
20
8120
30
0
40
160
1
Turk Telekom RRU Tek Tek Moduller (Skorbord/Yanlar)
50
0
7
STANDARD
100
AcDbText
0
TEXT
5
69F4
330
659F
100
AcDbEntity
100
AcDbText
8
METIN_BILGI
10
3300
20
8120
30
0
40
160
1
356x140x480 mm
50
0
7
STANDARD
100
AcDbText
0
TEXT
5
69F5
330
659F
100
AcDbEntity
100
AcDbText
8
METIN_BILGI
10
5800
20
8120
30
0
40
160
1
16
50
0
7
STANDARD
100
AcDbText
0
LINE
5
69F6
330
659F
100
AcDbEntity
100
AcDbLine
8
METIN_BILGI
10
-4000
20
7600
30
0
11
7200
21
7600
31
0
0
TEXT
5
69F7
330
659F
100
AcDbEntity
100
AcDbText
8
METIN_BILGI
10
-3900
20
7720
30
0
40
160
1
4
50
0
7
STANDARD
100
AcDbText
0
TEXT
5
69F8
330
659F
100
AcDbEntity
100
AcDbText
8
METIN_BILGI
10
-2700
20
7720
30
0
40
160
1
Canovate 19" POI Rack Tasiyici Saseleri
50
0
7
STANDARD
100
AcDbText
0
TEXT
5
69F9
330
659F
100
AcDbEntity
100
AcDbText
8
METIN_BILGI
10
3300
20
7720
30
0
40
160
1
600x700x1480 mm
50
0
7
STANDARD
100
AcDbText
0
TEXT
5
69FA
330
659F
100
AcDbEntity
100
AcDbText
8
METIN_BILGI
10
5800
20
7720
30
0
40
160
1
8
50
0
7
STANDARD
100
AcDbText
0
LINE
5
69FB
330
659F
100
AcDbEntity
100
AcDbLine
8
METIN_BILGI
10
-4000
20
7200
30
0
11
7200
21
7200
31
0
0
TEXT
5
69FC
330
659F
100
AcDbEntity
100
AcDbText
8
METIN_BILGI
10
-3900
20
7320
30
0
40
160
1
5
50
0
7
STANDARD
100
AcDbText
0
TEXT
5
69FD
330
659F
100
AcDbEntity
100
AcDbText
8
METIN_BILGI
10
-2700
20
7320
30
0
40
160
1
Prose CB-12-POI-64F-A12 Modulleri
50
0
7
STANDARD
100
AcDbText
0
TEXT
5
69FE
330
659F
100
AcDbEntity
100
AcDbText
8
METIN_BILGI
10
3300
20
7320
30
0
40
160
1
400x350x260 mm
50
0
7
STANDARD
100
AcDbText
0
TEXT
5
69FF
330
659F
100
AcDbEntity
100
AcDbText
8
METIN_BILGI
10
5800
20
7320
30
0
40
160
1
32
50
0
7
STANDARD
100
AcDbText
0
LINE
5
6A00
330
659F
100
AcDbEntity
100
AcDbLine
8
METIN_BILGI
10
-4000
20
6800
30
0
11
7200
21
6800
31
0
0
TEXT
5
6A01
330
659F
100
AcDbEntity
100
AcDbText
8
METIN_BILGI
10
-3900
20
6920
30
0
40
160
1
6
50
0
7
STANDARD
100
AcDbText
0
TEXT
5
6A02
330
659F
100
AcDbEntity
100
AcDbText
8
METIN_BILGI
10
-2700
20
6920
30
0
40
160
1
Eltek 20U Rectifier (Kapak/Kilit/Sogutucu)
50
0
7
STANDARD
100
AcDbText
0
TEXT
5
6A03
330
659F
100
AcDbEntity
100
AcDbText
8
METIN_BILGI
10
3300
20
6920
30
0
40
160
1
680x710x1300 mm
50
0
7
STANDARD
100
AcDbText
0
TEXT
5
6A04
330
659F
100
AcDbEntity
100
AcDbText
8
METIN_BILGI
10
5800
20
6920
30
0
40
160
1
6
50
0
7
STANDARD
100
AcDbText
0
LINE
5
6A05
330
659F
100
AcDbEntity
100
AcDbLine
8
METIN_BILGI
10
-4000
20
6400
30
0
11
7200
21
6400
31
0
0
TEXT
5
6A06
330
659F
100
AcDbEntity
100
AcDbText
8
METIN_BILGI
10
-3900
20
6520
30
0
40
160
1
7
50
0
7
STANDARD
100
AcDbText
0
TEXT
5
6A07
330
659F
100
AcDbEntity
100
AcDbText
8
METIN_BILGI
10
-2700
20
6520
30
0
40
160
1
MTS9304A 12U Rectifier (Kapak/Panjur)
50
0
7
STANDARD
100
AcDbText
0
TEXT
5
6A08
330
659F
100
AcDbEntity
100
AcDbText
8
METIN_BILGI
10
3300
20
6520
30
0
40
160
1
690x720x1250 mm
50
0
7
STANDARD
100
AcDbText
0
TEXT
5
6A09
330
659F
100
AcDbEntity
100
AcDbText
8
METIN_BILGI
10
5800
20
6520
30
0
40
160
1
3
50
0
7
STANDARD
100
AcDbText
0
LINE
5
6A0A
330
659F
100
AcDbEntity
100
AcDbLine
8
METIN_BILGI
10
-4000
20
6000
30
0
11
7200
21
6000
31
0
0
TEXT
5
6A0B
330
659F
100
AcDbEntity
100
AcDbText
8
METIN_BILGI
10
-3900
20
6120
30
0
40
160
1
8
50
0
7
STANDARD
100
AcDbText
0
TEXT
5
6A0C
330
659F
100
AcDbEntity
100
AcDbText
8
METIN_BILGI
10
-2700
20
6120
30
0
40
160
1
Matsing 4-Beam Kure Antenler (45 Egimli/Asili)
50
0
7
STANDARD
100
AcDbText
0
TEXT
5
6A0D
330
659F
100
AcDbEntity
100
AcDbText
8
METIN_BILGI
10
3300
20
6120
30
0
40
160
1
617x721x1635 mm
50
0
7
STANDARD
100
AcDbText
0
TEXT
5
6A0E
330
659F
100
AcDbEntity
100
AcDbText
8
METIN_BILGI
10
5800
20
6120
30
0
40
160
1
6
50
0
7
STANDARD
100
AcDbText
0
LINE
5
6A0F
330
659F
100
AcDbEntity
100
AcDbLine
8
METIN_BILGI
10
-4000
20
5600
30
0
11
7200
21
5600
31
0
0
TEXT
5
6A10
330
659F
100
AcDbEntity
100
AcDbText
8
METIN_BILGI
10
-3900
20
5720
30
0
40
160
1
9
50
0
7
STANDARD
100
AcDbText
0
TEXT
5
6A11
330
659F
100
AcDbEntity
100
AcDbText
8
METIN_BILGI
10
-2700
20
5720
30
0
40
160
1
Tabla-2 Celik Montaj Tablalari (11-Boru)
50
0
7
STANDARD
100
AcDbText
0
TEXT
5
6A12
330
659F
100
AcDbEntity
100
AcDbText
8
METIN_BILGI
10
3300
20
5720
30
0
40
160
1
1500x1200x50 mm
50
0
7
STANDARD
100
AcDbText
0
TEXT
5
6A13
330
659F
100
AcDbEntity
100
AcDbText
8
METIN_BILGI
10
5800
20
5720
30
0
40
160
1
4
50
0
7
STANDARD
100
AcDbText
0
LINE
5
6A14
330
659F
100
AcDbEntity
100
AcDbLine
8
METIN_BILGI
10
-4000
20
5200
30
0
11
7200
21
5200
31
0
0
TEXT
5
6A15
330
659F
100
AcDbEntity
100
AcDbText
8
METIN_BILGI
10
-3900
20
5320
30
0
40
160
1
10
50
0
7
STANDARD
100
AcDbText
0
TEXT
5
6A16
330
659F
100
AcDbEntity
100
AcDbText
8
METIN_BILGI
10
-2700
20
5320
30
0
40
160
1
500mm Agir Hizmet Tipi Kablo Tavasi (TS EN 61537)
50
0
7
STANDARD
100
AcDbText
0
TEXT
5
6A17
330
659F
100
AcDbEntity
100
AcDbText
8
METIN_BILGI
10
3300
20
5320
30
0
40
160
1
500x150x2.0 mm
50
0
7
STANDARD
100
AcDbText
0
TEXT
5
6A18
330
659F
100
AcDbEntity
100
AcDbText
8
METIN_BILGI
10
5800
20
5320
30
0
40
160
1
62 m
50
0
7
STANDARD
100
AcDbText
0
LINE
5
6A19
330
659F
100
AcDbEntity
100
AcDbLine
8
METIN_BILGI
10
-4000
20
4800
30
0
11
7200
21
4800
31
0
0
TEXT
5
6A1A
330
659F
100
AcDbEntity
100
AcDbText
8
METIN_BILGI
10
-3900
20
4920
30
0
40
160
1
11
50
0
7
STANDARD
100
AcDbText
0
TEXT
5
6A1B
330
659F
100
AcDbEntity
100
AcDbText
8
METIN_BILGI
10
-2700
20
4920
30
0
40
160
1
Dikey Kablo Merdiveni (C-Ray Tasiyicili, Askili)
50
0
7
STANDARD
100
AcDbText
0
TEXT
5
6A1C
330
659F
100
AcDbEntity
100
AcDbText
8
METIN_BILGI
10
3300
20
4920
30
0
40
160
1
450x70 mm (H=7.6m)
50
0
7
STANDARD
100
AcDbText
0
TEXT
5
6A1D
330
659F
100
AcDbEntity
100
AcDbText
8
METIN_BILGI
10
5800
20
4920
30
0
40
160
1
1 Adet
50
0
7
STANDARD
100
AcDbText
0
LINE
5
6A1E
330
659F
100
AcDbEntity
100
AcDbLine
8
METIN_BILGI
10
-4000
20
4400
30
0
11
7200
21
4400
31
0
0
TEXT
5
6A1F
330
659F
100
AcDbEntity
100
AcDbText
8
METIN_BILGI
10
-3900
20
4520
30
0
40
160
1
12
50
0
7
STANDARD
100
AcDbText
0
TEXT
5
6A20
330
659F
100
AcDbEntity
100
AcDbText
8
METIN_BILGI
10
-2700
20
4520
30
0
40
160
1
2x25 mm2 DC Enerji Besleme Kablosu (Halojen Free)
50
0
7
STANDARD
100
AcDbText
0
TEXT
5
6A21
330
659F
100
AcDbEntity
100
AcDbText
8
METIN_BILGI
10
3300
20
4520
30
0
40
160
1
OD 21 mm (Bakir Cok Telli)
50
0
7
STANDARD
100
AcDbText
0
TEXT
5
6A22
330
659F
100
AcDbEntity
100
AcDbText
8
METIN_BILGI
10
5800
20
4520
30
0
40
160
1
950 m (14 Hat)
50
0
7
STANDARD
100
AcDbText
0
LINE
5
6A23
330
659F
100
AcDbEntity
100
AcDbLine
8
METIN_BILGI
10
-4000
20
4000
30
0
11
7200
21
4000
31
0
0
TEXT
5
6A24
330
659F
100
AcDbEntity
100
AcDbText
8
METIN_BILGI
10
-3900
20
4120
30
0
40
160
1
13
50
0
7
STANDARD
100
AcDbText
0
TEXT
5
6A25
330
659F
100
AcDbEntity
100
AcDbText
8
METIN_BILGI
10
-2700
20
4120
30
0
40
160
1
Paslanmaz / Poliamid Ciftli Kablo Klemensleri
50
0
7
STANDARD
100
AcDbText
0
TEXT
5
6A26
330
659F
100
AcDbEntity
100
AcDbText
8
METIN_BILGI
10
3300
20
4120
30
0
40
160
1
21 mm Cap Uyumlu
50
0
7
STANDARD
100
AcDbText
0
TEXT
5
6A27
330
659F
100
AcDbEntity
100
AcDbText
8
METIN_BILGI
10
5800
20
4120
30
0
40
160
1
112 Adet
50
0
7
STANDARD
100
AcDbText
0
LWPOLYLINE
5
6633
330
659F
100
AcDbEntity
100
AcDbPolyline
8
EKP_TURKCELL_RRU
6
ByLayer
62
256
370
-1
90
4
70
1
10
-2796.137444768548
20
1732.9999999050053
10
-2796.137444768548
20
2309.9999986588955
10
-2611.137442384362
20
2309.9999986588955
10
-2611.137442384362
20
1732.9999999050053
0
LINE
5
6634
330
659F
100
AcDbEntity
100
AcDbLine
8
EKP_TURKCELL_RRU
10
-2762.8374443393946
20
1732.9999999050053
30
0
11
-2762.8374443393946
21
2309.9999986588955
31
0
0
LINE
5
6635
330
659F
100
AcDbEntity
100
AcDbLine
8
EKP_TURKCELL_RRU
10
-2740.6374440532923
20
2021.4999992819505
30
0
11
-2666.637443099618
21
2021.4999992819505
31
0
0
LINE
5
6636
330
659F
100
AcDbEntity
100
AcDbLine
8
EKP_TURKCELL_RRU
10
-2703.637443576455
20
1984.4999988051134
30
0
11
-2703.637443576455
21
2058.4999997587875
31
0
0
TEXT
5
6637
330
659F
100
AcDbEntity
100
AcDbText
8
EKP_TURKCELL_RRU
10
-2703.637443576455
20
2048.4999992819503
30
0
40
45
1
Turkcell LTE RRU4485 - 4G (Kisa Kenar Montaj)
50
0
7
STANDARD
72
1
11
-2703.637443576455
21
2048.4999992819503
31
0
100
AcDbText
73
2
0
LWPOLYLINE
5
6642
330
659F
100
AcDbEntity
100
AcDbPolyline
8
EKP_TURKCELL_RRU
6
ByLayer
62
256
370
-1
90
4
70
1
10
-2557.1182475121723
20
1732.9999999050053
10
-2557.1182475121723
20
2309.9999986588955
10
-2372.1182451279865
20
2309.9999986588955
10
-2372.1182451279865
20
1732.9999999050053
0
LINE
5
6643
330
659F
100
AcDbEntity
100
AcDbLine
8
EKP_TURKCELL_RRU
10
-2523.818247083019
20
1732.9999999050053
30
0
11
-2523.818247083019
21
2309.9999986588955
31
0
0
LINE
5
6644
330
659F
100
AcDbEntity
100
AcDbLine
8
EKP_TURKCELL_RRU
10
-2501.6182467969165
20
2021.4999992819505
30
0
11
-2427.618245843242
21
2021.4999992819505
31
0
0
LINE
5
6645
330
659F
100
AcDbEntity
100
AcDbLine
8
EKP_TURKCELL_RRU
10
-2464.6182463200794
20
1984.4999988051134
30
0
11
-2464.6182463200794
21
2058.4999997587875
31
0
0
TEXT
5
6646
330
659F
100
AcDbEntity
100
AcDbText
8
EKP_TURKCELL_RRU
10
-2464.6182463200794
20
2048.4999992819503
30
0
40
45
1
Turkcell LTE RRU4485 - 4G (Kisa Kenar Montaj)
50
0
7
STANDARD
72
1
11
-2464.6182463200794
21
2048.4999992819503
31
0
100
AcDbText
73
2
0
LWPOLYLINE
5
6656
330
659F
100
AcDbEntity
100
AcDbPolyline
8
EKP_TURKCELL_RRU
6
ByLayer
62
256
370
-1
90
4
70
1
10
1761.0870088442582
20
1732.9999999050053
10
1761.0870088442582
20
2309.9999986588955
10
1946.087011228444
20
2309.9999986588955
10
1946.087011228444
20
1732.9999999050053
0
LINE
5
6657
330
659F
100
AcDbEntity
100
AcDbLine
8
EKP_TURKCELL_RRU
10
1794.3870092734116
20
1732.9999999050053
30
0
11
1794.3870092734116
21
2309.9999986588955
31
0
0
LINE
5
6658
330
659F
100
AcDbEntity
100
AcDbLine
8
EKP_TURKCELL_RRU
10
1816.587009559514
20
2021.4999992819505
30
0
11
1890.5870105131883
21
2021.4999992819505
31
0
0
LINE
5
6659
330
659F
100
AcDbEntity
100
AcDbLine
8
EKP_TURKCELL_RRU
10
1853.587010036351
20
1984.4999988051134
30
0
11
1853.587010036351
21
2058.4999997587875
31
0
0
TEXT
5
665A
330
659F
100
AcDbEntity
100
AcDbText
8
EKP_TURKCELL_RRU
10
1853.587010036351
20
2048.4999992819503
30
0
40
45
1
Turkcell LTE RRU4485 - 4G (Kisa Kenar Montaj)
50
0
7
STANDARD
72
1
11
1853.587010036351
21
2048.4999992819503
31
0
100
AcDbText
73
2
0
LWPOLYLINE
5
665B
330
659F
100
AcDbEntity
100
AcDbPolyline
8
EKP_TURKCELL_RRU
6
ByLayer
62
256
370
-1
90
4
70
1
10
1979.0340865439716
20
1732.9999999050053
10
1979.0340865439716
20
2309.9999986588955
10
2164.0340889281574
20
2309.9999986588955
10
2164.0340889281574
20
1732.9999999050053
0
LINE
5
665C
330
659F
100
AcDbEntity
100
AcDbLine
8
EKP_TURKCELL_RRU
10
2012.334086973125
20
1732.9999999050053
30
0
11
2012.334086973125
21
2309.9999986588955
31
0
0
LINE
5
665D
330
659F
100
AcDbEntity
100
AcDbLine
8
EKP_TURKCELL_RRU
10
2034.5340872592274
20
2021.4999992819505
30
0
11
2108.5340882129017
21
2021.4999992819505
31
0
0
LINE
5
665E
330
659F
100
AcDbEntity
100
AcDbLine
8
EKP_TURKCELL_RRU
10
2071.5340877360645
20
1984.4999988051134
30
0
11
2071.5340877360645
21
2058.4999997587875
31
0
0
TEXT
5
665F
330
659F
100
AcDbEntity
100
AcDbText
8
EKP_TURKCELL_RRU
10
2071.5340877360645
20
2048.4999992819503
30
0
40
45
1
Turkcell LTE RRU4485 - 4G (Kisa Kenar Montaj)
50
0
7
STANDARD
72
1
11
2071.5340877360645
21
2048.4999992819503
31
0
100
AcDbText
73
2
0
LWPOLYLINE
5
6767
330
659F
100
AcDbEntity
100
AcDbPolyline
8
EKP_TURKCELL_RRU
6
ByLayer
62
256
370
-1
90
4
70
1
10
-13809.999999329448
20
-60012.499997913845
10
-13809.999999329448
20
-59867.50000208617
10
-13301.999999046326
20
-59867.50000208617
10
-13301.999999046326
20
-60012.499997913845
0
LINE
5
6768
330
659F
100
AcDbEntity
100
AcDbLine
8
EKP_TURKCELL_RRU
10
-13809.999999329448
20
-59986.39999866486
30
0
11
-13301.999999046326
21
-59986.39999866486
31
0
0
LINE
5
6769
330
659F
100
AcDbEntity
100
AcDbLine
8
EKP_TURKCELL_RRU
10
-13584.999998353422
20
-59940.00000000001
30
0
11
-13527.000000022352
21
-59940.00000000001
31
0
0
LINE
5
676A
330
659F
100
AcDbEntity
100
AcDbLine
8
EKP_TURKCELL_RRU
10
-13555.999999187887
20
-59968.99999916554
30
0
11
-13555.999999187887
21
-59911.00000083447
31
0
0
TEXT
5
676B
330
659F
100
AcDbEntity
100
AcDbText
8
EKP_TURKCELL_RRU
10
-13555.999999187887
20
-59915.64000070096
30
0
40
40.59999883174897
1
Turkcell RRU (Sol Boru 5, Ust)
50
0
7
STANDARD
72
1
11
-13555.999999187887
21
-59915.64000070096
31
0
100
AcDbText
73
2
0
LWPOLYLINE
5
676C
330
659F
100
AcDbEntity
100
AcDbPolyline
8
EKP_TURKCELL_RRU
6
ByLayer
62
256
370
-1
90
4
70
1
10
-13809.999999329448
20
-60192.499997913845
10
-13809.999999329448
20
-60047.50000208617
10
-13301.999999046326
20
-60047.50000208617
10
-13301.999999046326
20
-60192.499997913845
0
LINE
5
676D
330
659F
100
AcDbEntity
100
AcDbLine
8
EKP_TURKCELL_RRU
10
-13809.999999329448
20
-60166.39999866486
30
0
11
-13301.999999046326
21
-60166.39999866486
31
0
0
LINE
5
676E
330
659F
100
AcDbEntity
100
AcDbLine
8
EKP_TURKCELL_RRU
10
-13584.999998353422
20
-60120.00000000001
30
0
11
-13527.000000022352
21
-60120.00000000001
31
0
0
LINE
5
676F
330
659F
100
AcDbEntity
100
AcDbLine
8
EKP_TURKCELL_RRU
10
-13555.999999187887
20
-60148.99999916554
30
0
11
-13555.999999187887
21
-60091.00000083447
31
0
0
TEXT
5
6770
330
659F
100
AcDbEntity
100
AcDbText
8
EKP_TURKCELL_RRU
10
-13555.999999187887
20
-60095.64000070096
30
0
40
40.59999883174897
1
Turkcell RRU (Sol Boru 6, Alt)
50
0
7
STANDARD
72
1
11
-13555.999999187887
21
-60095.64000070096
31
0
100
AcDbText
73
2
0
LWPOLYLINE
5
6771
330
659F
100
AcDbEntity
100
AcDbPolyline
8
EKP_TURKCELL_RRU
6
ByLayer
62
256
370
-1
90
4
70
1
10
-13809.999999329448
20
-60192.499997913845
10
-13809.999999329448
20
-60047.50000208617
10
-13301.999999046326
20
-60047.50000208617
10
-13301.999999046326
20
-60192.499997913845
0
LINE
5
6772
330
659F
100
AcDbEntity
100
AcDbLine
8
EKP_TURKCELL_RRU
10
-13809.999999329448
20
-60166.39999866486
30
0
11
-13301.999999046326
21
-60166.39999866486
31
0
0
LINE
5
6773
330
659F
100
AcDbEntity
100
AcDbLine
8
EKP_TURKCELL_RRU
10
-13584.999998353422
20
-60120.00000000001
30
0
11
-13527.000000022352
21
-60120.00000000001
31
0
0
LINE
5
6774
330
659F
100
AcDbEntity
100
AcDbLine
8
EKP_TURKCELL_RRU
10
-13555.999999187887
20
-60148.99999916554
30
0
11
-13555.999999187887
21
-60091.00000083447
31
0
0
TEXT
5
6775
330
659F
100
AcDbEntity
100
AcDbText
8
EKP_TURKCELL_RRU
10
-13555.999999187887
20
-60095.64000070096
30
0
40
40.59999883174897
1
Turkcell RRU (Sol Boru 6, Ust)
50
0
7
STANDARD
72
1
11
-13555.999999187887
21
-60095.64000070096
31
0
100
AcDbText
73
2
0
LWPOLYLINE
5
6794
330
659F
100
AcDbEntity
100
AcDbPolyline
8
EKP_TURKCELL_RRU
6
ByLayer
62
256
370
-1
90
4
70
1
10
-12898.000000953674
20
-59922.49999791384
10
-12898.000000953674
20
-59777.50000208616
10
-12390.000000670552
20
-59777.50000208616
10
-12390.000000670552
20
-59922.49999791384
0
LINE
5
6795
330
659F
100
AcDbEntity
100
AcDbLine
8
EKP_TURKCELL_RRU
10
-12898.000000953674
20
-59896.399998664856
30
0
11
-12390.000000670552
21
-59896.399998664856
31
0
0
LINE
5
6796
330
659F
100
AcDbEntity
100
AcDbLine
8
EKP_TURKCELL_RRU
10
-12672.999999977648
20
-59850
30
0
11
-12615.000001646578
21
-59850
31
0
0
LINE
5
6797
330
659F
100
AcDbEntity
100
AcDbLine
8
EKP_TURKCELL_RRU
10
-12644.000000812113
20
-59878.999999165535
30
0
11
-12644.000000812113
21
-59821.000000834465
31
0
0
TEXT
5
6798
330
659F
100
AcDbEntity
100
AcDbText
8
EKP_TURKCELL_RRU
10
-12644.000000812113
20
-59825.64000070095
30
0
40
40.59999883174897
1
Turkcell RRU (Sag Boru 4, Alt)
50
0
7
STANDARD
72
1
11
-12644.000000812113
21
-59825.64000070095
31
0
100
AcDbText
73
2
0
LWPOLYLINE
5
6799
330
659F
100
AcDbEntity
100
AcDbPolyline
8
EKP_TURKCELL_RRU
6
ByLayer
62
256
370
-1
90
4
70
1
10
-12898.000000953674
20
-59922.49999791384
10
-12898.000000953674
20
-59777.50000208616
10
-12390.000000670552
20
-59777.50000208616
10
-12390.000000670552
20
-59922.49999791384
0
LINE
5
679A
330
659F
100
AcDbEntity
100
AcDbLine
8
EKP_TURKCELL_RRU
10
-12898.000000953674
20
-59896.399998664856
30
0
11
-12390.000000670552
21
-59896.399998664856
31
0
0
LINE
5
679B
330
659F
100
AcDbEntity
100
AcDbLine
8
EKP_TURKCELL_RRU
10
-12672.999999977648
20
-59850
30
0
11
-12615.000001646578
21
-59850
31
0
0
LINE
5
679C
330
659F
100
AcDbEntity
100
AcDbLine
8
EKP_TURKCELL_RRU
10
-12644.000000812113
20
-59878.999999165535
30
0
11
-12644.000000812113
21
-59821.000000834465
31
0
0
TEXT
5
679D
330
659F
100
AcDbEntity
100
AcDbText
8
EKP_TURKCELL_RRU
10
-12644.000000812113
20
-59825.64000070095
30
0
40
40.59999883174897
1
Turkcell RRU (Sag Boru 4, Ust)
50
0
7
STANDARD
72
1
11
-12644.000000812113
21
-59825.64000070095
31
0
100
AcDbText
73
2
0
LWPOLYLINE
5
679E
330
659F
100
AcDbEntity
100
AcDbPolyline
8
EKP_TURKCELL_RRU
6
ByLayer
62
256
370
-1
90
4
70
1
10
-12898.000000953674
20
-60102.49999791384
10
-12898.000000953674
20
-59957.50000208616
10
-12390.000000670552
20
-59957.50000208616
10
-12390.000000670552
20
-60102.49999791384
0
LINE
5
679F
330
659F
100
AcDbEntity
100
AcDbLine
8
EKP_TURKCELL_RRU
10
-12898.000000953674
20
-60076.399998664856
30
0
11
-12390.000000670552
21
-60076.399998664856
31
0
0
LINE
5
67A0
330
659F
100
AcDbEntity
100
AcDbLine
8
EKP_TURKCELL_RRU
10
-12672.999999977648
20
-60030
30
0
11
-12615.000001646578
21
-60030
31
0
0
LINE
5
67A1
330
659F
100
AcDbEntity
100
AcDbLine
8
EKP_TURKCELL_RRU
10
-12644.000000812113
20
-60058.999999165535
30
0
11
-12644.000000812113
21
-60001.000000834465
31
0
0
TEXT
5
67A2
330
659F
100
AcDbEntity
100
AcDbText
8
EKP_TURKCELL_RRU
10
-12644.000000812113
20
-60005.64000070095
30
0
40
40.59999883174897
1
Turkcell RRU (Sag Boru 5, Alt)
50
0
7
STANDARD
72
1
11
-12644.000000812113
21
-60005.64000070095
31
0
100
AcDbText
73
2
0
LWPOLYLINE
5
67DE
330
659F
100
AcDbEntity
100
AcDbPolyline
8
EKP_TURKCELL_RRU
6
ByLayer
62
256
370
-1
90
4
70
1
10
12390.000000670552
20
-60012.499997913845
10
12390.000000670552
20
-59867.50000208617
10
12898.000000953674
20
-59867.50000208617
10
12898.000000953674
20
-60012.499997913845
0
LINE
5
67DF
330
659F
100
AcDbEntity
100
AcDbLine
8
EKP_TURKCELL_RRU
10
12390.000000670552
20
-59986.39999866486
30
0
11
12898.000000953674
21
-59986.39999866486
31
0
0
LINE
5
67E0
330
659F
100
AcDbEntity
100
AcDbLine
8
EKP_TURKCELL_RRU
10
12615.000001646578
20
-59940.00000000001
30
0
11
12672.999999977648
21
-59940.00000000001
31
0
0
LINE
5
67E1
330
659F
100
AcDbEntity
100
AcDbLine
8
EKP_TURKCELL_RRU
10
12644.000000812113
20
-59968.99999916554
30
0
11
12644.000000812113
21
-59911.00000083447
31
0
0
TEXT
5
67E2
330
659F
100
AcDbEntity
100
AcDbText
8
EKP_TURKCELL_RRU
10
12644.000000812113
20
-59915.64000070096
30
0
40
40.59999883174897
1
Turkcell RRU (Sol Boru 5, Ust)
50
0
7
STANDARD
72
1
11
12644.000000812113
21
-59915.64000070096
31
0
100
AcDbText
73
2
0
LWPOLYLINE
5
67E3
330
659F
100
AcDbEntity
100
AcDbPolyline
8
EKP_TURKCELL_RRU
6
ByLayer
62
256
370
-1
90
4
70
1
10
12390.000000670552
20
-60192.499997913845
10
12390.000000670552
20
-60047.50000208617
10
12898.000000953674
20
-60047.50000208617
10
12898.000000953674
20
-60192.499997913845
0
LINE
5
67E4
330
659F
100
AcDbEntity
100
AcDbLine
8
EKP_TURKCELL_RRU
10
12390.000000670552
20
-60166.39999866486
30
0
11
12898.000000953674
21
-60166.39999866486
31
0
0
LINE
5
67E5
330
659F
100
AcDbEntity
100
AcDbLine
8
EKP_TURKCELL_RRU
10
12615.000001646578
20
-60120.00000000001
30
0
11
12672.999999977648
21
-60120.00000000001
31
0
0
LINE
5
67E6
330
659F
100
AcDbEntity
100
AcDbLine
8
EKP_TURKCELL_RRU
10
12644.000000812113
20
-60148.99999916554
30
0
11
12644.000000812113
21
-60091.00000083447
31
0
0
TEXT
5
67E7
330
659F
100
AcDbEntity
100
AcDbText
8
EKP_TURKCELL_RRU
10
12644.000000812113
20
-60095.64000070096
30
0
40
40.59999883174897
1
Turkcell RRU (Sol Boru 6, Alt)
50
0
7
STANDARD
72
1
11
12644.000000812113
21
-60095.64000070096
31
0
100
AcDbText
73
2
0
LWPOLYLINE
5
67E8
330
659F
100
AcDbEntity
100
AcDbPolyline
8
EKP_TURKCELL_RRU
6
ByLayer
62
256
370
-1
90
4
70
1
10
12390.000000670552
20
-60192.499997913845
10
12390.000000670552
20
-60047.50000208617
10
12898.000000953674
20
-60047.50000208617
10
12898.000000953674
20
-60192.499997913845
0
LINE
5
67E9
330
659F
100
AcDbEntity
100
AcDbLine
8
EKP_TURKCELL_RRU
10
12390.000000670552
20
-60166.39999866486
30
0
11
12898.000000953674
21
-60166.39999866486
31
0
0
LINE
5
67EA
330
659F
100
AcDbEntity
100
AcDbLine
8
EKP_TURKCELL_RRU
10
12615.000001646578
20
-60120.00000000001
30
0
11
12672.999999977648
21
-60120.00000000001
31
0
0
LINE
5
67EB
330
659F
100
AcDbEntity
100
AcDbLine
8
EKP_TURKCELL_RRU
10
12644.000000812113
20
-60148.99999916554
30
0
11
12644.000000812113
21
-60091.00000083447
31
0
0
TEXT
5
67EC
330
659F
100
AcDbEntity
100
AcDbText
8
EKP_TURKCELL_RRU
10
12644.000000812113
20
-60095.64000070096
30
0
40
40.59999883174897
1
Turkcell RRU (Sol Boru 6, Ust)
50
0
7
STANDARD
72
1
11
12644.000000812113
21
-60095.64000070096
31
0
100
AcDbText
73
2
0
LWPOLYLINE
5
680B
330
659F
100
AcDbEntity
100
AcDbPolyline
8
EKP_TURKCELL_RRU
6
ByLayer
62
256
370
-1
90
4
70
1
10
13301.999999046326
20
-59922.49999791384
10
13301.999999046326
20
-59777.50000208616
10
13809.999999329448
20
-59777.50000208616
10
13809.999999329448
20
-59922.49999791384
0
LINE
5
680C
330
659F
100
AcDbEntity
100
AcDbLine
8
EKP_TURKCELL_RRU
10
13301.999999046326
20
-59896.399998664856
30
0
11
13809.999999329448
21
-59896.399998664856
31
0
0
LINE
5
680D
330
659F
100
AcDbEntity
100
AcDbLine
8
EKP_TURKCELL_RRU
10
13527.000000022352
20
-59850
30
0
11
13584.999998353422
21
-59850
31
0
0
LINE
5
680E
330
659F
100
AcDbEntity
100
AcDbLine
8
EKP_TURKCELL_RRU
10
13555.999999187887
20
-59878.999999165535
30
0
11
13555.999999187887
21
-59821.000000834465
31
0
0
TEXT
5
680F
330
659F
100
AcDbEntity
100
AcDbText
8
EKP_TURKCELL_RRU
10
13555.999999187887
20
-59825.64000070095
30
0
40
40.59999883174897
1
Turkcell RRU (Sag Boru 4, Alt)
50
0
7
STANDARD
72
1
11
13555.999999187887
21
-59825.64000070095
31
0
100
AcDbText
73
2
0
LWPOLYLINE
5
6810
330
659F
100
AcDbEntity
100
AcDbPolyline
8
EKP_TURKCELL_RRU
6
ByLayer
62
256
370
-1
90
4
70
1
10
13301.999999046326
20
-59922.49999791384
10
13301.999999046326
20
-59777.50000208616
10
13809.999999329448
20
-59777.50000208616
10
13809.999999329448
20
-59922.49999791384
0
LINE
5
6811
330
659F
100
AcDbEntity
100
AcDbLine
8
EKP_TURKCELL_RRU
10
13301.999999046326
20
-59896.399998664856
30
0
11
13809.999999329448
21
-59896.399998664856
31
0
0
LINE
5
6812
330
659F
100
AcDbEntity
100
AcDbLine
8
EKP_TURKCELL_RRU
10
13527.000000022352
20
-59850
30
0
11
13584.999998353422
21
-59850
31
0
0
LINE
5
6813
330
659F
100
AcDbEntity
100
AcDbLine
8
EKP_TURKCELL_RRU
10
13555.999999187887
20
-59878.999999165535
30
0
11
13555.999999187887
21
-59821.000000834465
31
0
0
TEXT
5
6814
330
659F
100
AcDbEntity
100
AcDbText
8
EKP_TURKCELL_RRU
10
13555.999999187887
20
-59825.64000070095
30
0
40
40.59999883174897
1
Turkcell RRU (Sag Boru 4, Ust)
50
0
7
STANDARD
72
1
11
13555.999999187887
21
-59825.64000070095
31
0
100
AcDbText
73
2
0
LWPOLYLINE
5
6815
330
659F
100
AcDbEntity
100
AcDbPolyline
8
EKP_TURKCELL_RRU
6
ByLayer
62
256
370
-1
90
4
70
1
10
13301.999999046326
20
-60102.49999791384
10
13301.999999046326
20
-59957.50000208616
10
13809.999999329448
20
-59957.50000208616
10
13809.999999329448
20
-60102.49999791384
0
LINE
5
6816
330
659F
100
AcDbEntity
100
AcDbLine
8
EKP_TURKCELL_RRU
10
13301.999999046326
20
-60076.399998664856
30
0
11
13809.999999329448
21
-60076.399998664856
31
0
0
LINE
5
6817
330
659F
100
AcDbEntity
100
AcDbLine
8
EKP_TURKCELL_RRU
10
13527.000000022352
20
-60030
30
0
11
13584.999998353422
21
-60030
31
0
0
LINE
5
6818
330
659F
100
AcDbEntity
100
AcDbLine
8
EKP_TURKCELL_RRU
10
13555.999999187887
20
-60058.999999165535
30
0
11
13555.999999187887
21
-60001.000000834465
31
0
0
TEXT
5
6819
330
659F
100
AcDbEntity
100
AcDbText
8
EKP_TURKCELL_RRU
10
13555.999999187887
20
-60005.64000070095
30
0
40
40.59999883174897
1
Turkcell RRU (Sag Boru 5, Alt)
50
0
7
STANDARD
72
1
11
13555.999999187887
21
-60005.64000070095
31
0
100
AcDbText
73
2
0
LWPOLYLINE
5
68F7
330
659F
100
AcDbEntity
100
AcDbPolyline
8
EKP_TURKCELL_RRU
6
ByLayer
62
256
370
-1
90
4
70
1
10
-3130
20
-6450
10
-3130
20
-5950
10
-2750
20
-5950
10
-2750
20
-6450
0
LWPOLYLINE
5
68F8
330
659F
100
AcDbEntity
100
AcDbPolyline
8
EKP_TURKCELL_RRU
6
ByLayer
62
256
370
-1
90
4
70
1
10
-3016
20
-5950
10
-3016
20
-5920
10
-2864
20
-5920
10
-2864
20
-5950
0
TEXT
5
68F9
330
659F
100
AcDbEntity
100
AcDbText
8
EKP_TURKCELL_RRU
10
-2940
20
-6200
30
0
40
45
1
TCELL
50
0
7
STANDARD
72
1
11
-2940
21
-6200
31
0
100
AcDbText
73
2
0
LWPOLYLINE
5
68FD
330
659F
100
AcDbEntity
100
AcDbPolyline
8
EKP_TURKCELL_RRU
6
ByLayer
62
256
370
-1
90
4
70
1
10
-2890
20
-6450
10
-2890
20
-5950
10
-2510
20
-5950
10
-2510
20
-6450
0
LWPOLYLINE
5
68FE
330
659F
100
AcDbEntity
100
AcDbPolyline
8
EKP_TURKCELL_RRU
6
ByLayer
62
256
370
-1
90
4
70
1
10
-2776
20
-5950
10
-2776
20
-5920
10
-2624
20
-5920
10
-2624
20
-5950
0
TEXT
5
68FF
330
659F
100
AcDbEntity
100
AcDbText
8
EKP_TURKCELL_RRU
10
-2700
20
-6200
30
0
40
45
1
TCELL
50
0
7
STANDARD
72
1
11
-2700
21
-6200
31
0
100
AcDbText
73
2
0
LWPOLYLINE
5
6933
330
659F
100
AcDbEntity
100
AcDbPolyline
8
EKP_TURKCELL_RRU
6
ByLayer
62
256
370
-1
90
4
70
1
10
2510
20
-6450
10
2510
20
-5950
10
2890
20
-5950
10
2890
20
-6450
0
LWPOLYLINE
5
6934
330
659F
100
AcDbEntity
100
AcDbPolyline
8
EKP_TURKCELL_RRU
6
ByLayer
62
256
370
-1
90
4
70
1
10
2624
20
-5950
10
2624
20
-5920
10
2776
20
-5920
10
2776
20
-5950
0
TEXT
5
6935
330
659F
100
AcDbEntity
100
AcDbText
8
EKP_TURKCELL_RRU
10
2700
20
-6200
30
0
40
45
1
TCELL
50
0
7
STANDARD
72
1
11
2700
21
-6200
31
0
100
AcDbText
73
2
0
LWPOLYLINE
5
6939
330
659F
100
AcDbEntity
100
AcDbPolyline
8
EKP_TURKCELL_RRU
6
ByLayer
62
256
370
-1
90
4
70
1
10
2750
20
-6450
10
2750
20
-5950
10
3130
20
-5950
10
3130
20
-6450
0
LWPOLYLINE
5
693A
330
659F
100
AcDbEntity
100
AcDbPolyline
8
EKP_TURKCELL_RRU
6
ByLayer
62
256
370
-1
90
4
70
1
10
2864
20
-5950
10
2864
20
-5920
10
3016
20
-5920
10
3016
20
-5950
0
TEXT
5
693B
330
659F
100
AcDbEntity
100
AcDbText
8
EKP_TURKCELL_RRU
10
2940
20
-6200
30
0
40
45
1
TCELL
50
0
7
STANDARD
72
1
11
2940
21
-6200
31
0
100
AcDbText
73
2
0
LWPOLYLINE
5
6638
330
659F
100
AcDbEntity
100
AcDbPolyline
8
EKP_VODAFONE_RRU
6
ByLayer
62
256
370
-1
90
4
70
1
10
-1882.8099294516735
20
1698.9999999050053
10
-1882.8099294516735
20
2309.9999986588955
10
-1707.8099324319057
20
2309.9999986588955
10
-1707.8099324319057
20
1698.9999999050053
0
LINE
5
6639
330
659F
100
AcDbEntity
100
AcDbLine
8
EKP_VODAFONE_RRU
10
-1851.3099299881153
20
1698.9999999050053
30
0
11
-1851.3099299881153
21
2309.9999986588955
31
0
0
LINE
5
663A
330
659F
100
AcDbEntity
100
AcDbLine
8
EKP_VODAFONE_RRU
10
-1830.3099303457432
20
2004.4999992819505
30
0
11
-1760.309931537836
21
2004.4999992819505
31
0
0
LINE
5
663B
330
659F
100
AcDbEntity
100
AcDbLine
8
EKP_VODAFONE_RRU
10
-1795.3099309417896
20
1969.499999877997
30
0
11
-1795.3099309417896
21
2039.499998685904
31
0
0
TEXT
5
663C
330
659F
100
AcDbEntity
100
AcDbText
8
EKP_VODAFONE_RRU
10
-1795.3099309417896
20
2031.4999992819505
30
0
40
45
1
Vodafone RRU5526t (Kisa Kenar Montaj)
50
0
7
STANDARD
72
1
11
-1795.3099309417896
21
2031.4999992819505
31
0
100
AcDbText
73
2
0
LWPOLYLINE
5
6647
330
659F
100
AcDbEntity
100
AcDbPolyline
8
EKP_VODAFONE_RRU
6
ByLayer
62
256
370
-1
90
4
70
1
10
-1665.367791005843
20
1698.9999999050053
10
-1665.367791005843
20
2309.9999986588955
10
-1490.3677939860752
20
2309.9999986588955
10
-1490.3677939860752
20
1698.9999999050053
0
LINE
5
6648
330
659F
100
AcDbEntity
100
AcDbLine
8
EKP_VODAFONE_RRU
10
-1633.8677915422847
20
1698.9999999050053
30
0
11
-1633.8677915422847
21
2309.9999986588955
31
0
0
LINE
5
6649
330
659F
100
AcDbEntity
100
AcDbLine
8
EKP_VODAFONE_RRU
10
-1612.8677918999126
20
2004.4999992819505
30
0
11
-1542.8677930920055
21
2004.4999992819505
31
0
0
LINE
5
664A
330
659F
100
AcDbEntity
100
AcDbLine
8
EKP_VODAFONE_RRU
10
-1577.867792495959
20
1969.499999877997
30
0
11
-1577.867792495959
21
2039.499998685904
31
0
0
TEXT
5
664B
330
659F
100
AcDbEntity
100
AcDbText
8
EKP_VODAFONE_RRU
10
-1577.867792495959
20
2031.4999992819505
30
0
40
45
1
Vodafone RRU5526t (Kisa Kenar Montaj)
50
0
7
STANDARD
72
1
11
-1577.867792495959
21
2031.4999992819505
31
0
100
AcDbText
73
2
0
LWPOLYLINE
5
6651
330
659F
100
AcDbEntity
100
AcDbPolyline
8
EKP_VODAFONE_RRU
6
ByLayer
62
256
370
-1
90
4
70
1
10
-1447.4999985098839
20
1698.9999999050053
10
-1447.4999985098839
20
2309.9999986588955
10
-1272.5000014901161
20
2309.9999986588955
10
-1272.5000014901161
20
1698.9999999050053
0
LINE
5
6652
330
659F
100
AcDbEntity
100
AcDbLine
8
EKP_VODAFONE_RRU
10
-1415.9999990463257
20
1698.9999999050053
30
0
11
-1415.9999990463257
21
2309.9999986588955
31
0
0
LINE
5
6653
330
659F
100
AcDbEntity
100
AcDbLine
8
EKP_VODAFONE_RRU
10
-1394.9999994039536
20
2004.4999992819505
30
0
11
-1325.0000005960464
21
2004.4999992819505
31
0
0
LINE
5
6654
330
659F
100
AcDbEntity
100
AcDbLine
8
EKP_VODAFONE_RRU
10
-1360
20
1969.499999877997
30
0
11
-1360
21
2039.499998685904
31
0
0
TEXT
5
6655
330
659F
100
AcDbEntity
100
AcDbText
8
EKP_VODAFONE_RRU
10
-1360
20
2031.4999992819505
30
0
40
45
1
Vodafone RRU5526t (Kisa Kenar Montaj)
50
0
7
STANDARD
72
1
11
-1360
21
2031.4999992819505
31
0
100
AcDbText
73
2
0
LWPOLYLINE
5
666A
330
659F
100
AcDbEntity
100
AcDbPolyline
8
EKP_VODAFONE_RRU
6
ByLayer
62
256
370
-1
90
4
70
1
10
2862.500001490116
20
1698.9999999050053
10
2862.500001490116
20
2309.9999986588955
10
3037.499998509884
20
2309.9999986588955
10
3037.499998509884
20
1698.9999999050053
0
LINE
5
666B
330
659F
100
AcDbEntity
100
AcDbLine
8
EKP_VODAFONE_RRU
10
2894.0000009536743
20
1698.9999999050053
30
0
11
2894.0000009536743
21
2309.9999986588955
31
0
0
LINE
5
666C
330
659F
100
AcDbEntity
100
AcDbLine
8
EKP_VODAFONE_RRU
10
2915.0000005960464
20
2004.4999992819505
30
0
11
2984.9999994039536
21
2004.4999992819505
31
0
0
LINE
5
666D
330
659F
100
AcDbEntity
100
AcDbLine
8
EKP_VODAFONE_RRU
10
2950
20
1969.499999877997
30
0
11
2950
21
2039.499998685904
31
0
0
TEXT
5
666E
330
659F
100
AcDbEntity
100
AcDbText
8
EKP_VODAFONE_RRU
10
2950
20
2031.4999992819505
30
0
40
45
1
Vodafone RRU5526t (Kisa Kenar Montaj)
50
0
7
STANDARD
72
1
11
2950
21
2031.4999992819505
31
0
100
AcDbText
73
2
0
LWPOLYLINE
5
666F
330
659F
100
AcDbEntity
100
AcDbPolyline
8
EKP_VODAFONE_RRU
6
ByLayer
62
256
370
-1
90
4
70
1
10
3082.500001490116
20
1698.9999999050053
10
3082.500001490116
20
2309.9999986588955
10
3257.499998509884
20
2309.9999986588955
10
3257.499998509884
20
1698.9999999050053
0
LINE
5
6670
330
659F
100
AcDbEntity
100
AcDbLine
8
EKP_VODAFONE_RRU
10
3114.0000009536743
20
1698.9999999050053
30
0
11
3114.0000009536743
21
2309.9999986588955
31
0
0
LINE
5
6671
330
659F
100
AcDbEntity
100
AcDbLine
8
EKP_VODAFONE_RRU
10
3135.0000005960464
20
2004.4999992819505
30
0
11
3204.9999994039536
21
2004.4999992819505
31
0
0
LINE
5
6672
330
659F
100
AcDbEntity
100
AcDbLine
8
EKP_VODAFONE_RRU
10
3170
20
1969.499999877997
30
0
11
3170
21
2039.499998685904
31
0
0
TEXT
5
6673
330
659F
100
AcDbEntity
100
AcDbText
8
EKP_VODAFONE_RRU
10
3170
20
2031.4999992819505
30
0
40
45
1
Vodafone RRU5526t (Kisa Kenar Montaj)
50
0
7
STANDARD
72
1
11
3170
21
2031.4999992819505
31
0
100
AcDbText
73
2
0
LWPOLYLINE
5
6674
330
659F
100
AcDbEntity
100
AcDbPolyline
8
EKP_VODAFONE_RRU
6
ByLayer
62
256
370
-1
90
4
70
1
10
2642.26525467525
20
1698.9999999050053
10
2642.26525467525
20
2309.9999986588955
10
2817.265251695018
20
2309.9999986588955
10
2817.265251695018
20
1698.9999999050053
0
LINE
5
6675
330
659F
100
AcDbEntity
100
AcDbLine
8
EKP_VODAFONE_RRU
10
2673.7652541388084
20
1698.9999999050053
30
0
11
2673.7652541388084
21
2309.9999986588955
31
0
0
LINE
5
6676
330
659F
100
AcDbEntity
100
AcDbLine
8
EKP_VODAFONE_RRU
10
2694.7652537811805
20
2004.4999992819505
30
0
11
2764.7652525890876
21
2004.4999992819505
31
0
0
LINE
5
6677
330
659F
100
AcDbEntity
100
AcDbLine
8
EKP_VODAFONE_RRU
10
2729.765253185134
20
1969.499999877997
30
0
11
2729.765253185134
21
2039.499998685904
31
0
0
TEXT
5
6678
330
659F
100
AcDbEntity
100
AcDbText
8
EKP_VODAFONE_RRU
10
2729.765253185134
20
2031.4999992819505
30
0
40
45
1
Vodafone RRU5526t (Kisa Kenar Montaj)
50
0
7
STANDARD
72
1
11
2729.765253185134
21
2031.4999992819505
31
0
100
AcDbText
73
2
0
LWPOLYLINE
5
673A
330
659F
100
AcDbEntity
100
AcDbPolyline
8
EKP_VODAFONE_RRU
6
ByLayer
62
256
370
-1
90
4
70
1
10
-13809.999999329448
20
-59287.50000268221
10
-13809.999999329448
20
-59152.49999731779
10
-13267.999994397163
20
-59152.49999731779
10
-13267.999994397163
20
-59287.50000268221
0
LINE
5
673B
330
659F
100
AcDbEntity
100
AcDbLine
8
EKP_VODAFONE_RRU
10
-13809.999999329448
20
-59263.200001716614
30
0
11
-13267.999994397163
21
-59263.200001716614
31
0
0
LINE
5
673C
330
659F
100
AcDbEntity
100
AcDbLine
8
EKP_VODAFONE_RRU
10
-13565.99999793619
20
-59220
30
0
11
-13511.999995790422
21
-59220
31
0
0
LINE
5
673D
330
659F
100
AcDbEntity
100
AcDbLine
8
EKP_VODAFONE_RRU
10
-13538.999996863306
20
-59247.00000107288
30
0
11
-13538.999996863306
21
-59192.99999892712
31
0
0
TEXT
5
673E
330
659F
100
AcDbEntity
100
AcDbText
8
EKP_VODAFONE_RRU
10
-13538.999996863306
20
-59197.31999909878
30
0
40
37.800001502037055
1
Vodafone RRU (Sol Boru 1, Alt)
50
0
7
STANDARD
72
1
11
-13538.999996863306
21
-59197.31999909878
31
0
100
AcDbText
73
2
0
LWPOLYLINE
5
673F
330
659F
100
AcDbEntity
100
AcDbPolyline
8
EKP_VODAFONE_RRU
6
ByLayer
62
256
370
-1
90
4
70
1
10
-13809.999999329448
20
-59287.50000268221
10
-13809.999999329448
20
-59152.49999731779
10
-13267.999994397163
20
-59152.49999731779
10
-13267.999994397163
20
-59287.50000268221
0
LINE
5
6740
330
659F
100
AcDbEntity
100
AcDbLine
8
EKP_VODAFONE_RRU
10
-13809.999999329448
20
-59263.200001716614
30
0
11
-13267.999994397163
21
-59263.200001716614
31
0
0
LINE
5
6741
330
659F
100
AcDbEntity
100
AcDbLine
8
EKP_VODAFONE_RRU
10
-13565.99999793619
20
-59220
30
0
11
-13511.999995790422
21
-59220
31
0
0
LINE
5
6742
330
659F
100
AcDbEntity
100
AcDbLine
8
EKP_VODAFONE_RRU
10
-13538.999996863306
20
-59247.00000107288
30
0
11
-13538.999996863306
21
-59192.99999892712
31
0
0
TEXT
5
6743
330
659F
100
AcDbEntity
100
AcDbText
8
EKP_VODAFONE_RRU
10
-13538.999996863306
20
-59197.31999909878
30
0
40
37.800001502037055
1
Vodafone RRU (Sol Boru 1, Ust)
50
0
7
STANDARD
72
1
11
-13538.999996863306
21
-59197.31999909878
31
0
100
AcDbText
73
2
0
LWPOLYLINE
5
6744
330
659F
100
AcDbEntity
100
AcDbPolyline
8
EKP_VODAFONE_RRU
6
ByLayer
62
256
370
-1
90
4
70
1
10
-13809.999999329448
20
-59467.50000268221
10
-13809.999999329448
20
-59332.49999731779
10
-13267.999994397163
20
-59332.49999731779
10
-13267.999994397163
20
-59467.50000268221
0
LINE
5
6745
330
659F
100
AcDbEntity
100
AcDbLine
8
EKP_VODAFONE_RRU
10
-13809.999999329448
20
-59443.200001716614
30
0
11
-13267.999994397163
21
-59443.200001716614
31
0
0
LINE
5
6746
330
659F
100
AcDbEntity
100
AcDbLine
8
EKP_VODAFONE_RRU
10
-13565.99999793619
20
-59400
30
0
11
-13511.999995790422
21
-59400
31
0
0
LINE
5
6747
330
659F
100
AcDbEntity
100
AcDbLine
8
EKP_VODAFONE_RRU
10
-13538.999996863306
20
-59427.00000107288
30
0
11
-13538.999996863306
21
-59372.99999892712
31
0
0
TEXT
5
6748
330
659F
100
AcDbEntity
100
AcDbText
8
EKP_VODAFONE_RRU
10
-13538.999996863306
20
-59377.31999909878
30
0
40
37.800001502037055
1
Vodafone RRU (Sol Boru 2, Alt)
50
0
7
STANDARD
72
1
11
-13538.999996863306
21
-59377.31999909878
31
0
100
AcDbText
73
2
0
LWPOLYLINE
5
6749
330
659F
100
AcDbEntity
100
AcDbPolyline
8
EKP_VODAFONE_RRU
6
ByLayer
62
256
370
-1
90
4
70
1
10
-13809.999999329448
20
-59467.50000268221
10
-13809.999999329448
20
-59332.49999731779
10
-13267.999994397163
20
-59332.49999731779
10
-13267.999994397163
20
-59467.50000268221
0
LINE
5
674A
330
659F
100
AcDbEntity
100
AcDbLine
8
EKP_VODAFONE_RRU
10
-13809.999999329448
20
-59443.200001716614
30
0
11
-13267.999994397163
21
-59443.200001716614
31
0
0
LINE
5
674B
330
659F
100
AcDbEntity
100
AcDbLine
8
EKP_VODAFONE_RRU
10
-13565.99999793619
20
-59400
30
0
11
-13511.999995790422
21
-59400
31
0
0
LINE
5
674C
330
659F
100
AcDbEntity
100
AcDbLine
8
EKP_VODAFONE_RRU
10
-13538.999996863306
20
-59427.00000107288
30
0
11
-13538.999996863306
21
-59372.99999892712
31
0
0
TEXT
5
674D
330
659F
100
AcDbEntity
100
AcDbText
8
EKP_VODAFONE_RRU
10
-13538.999996863306
20
-59377.31999909878
30
0
40
37.800001502037055
1
Vodafone RRU (Sol Boru 2, Ust)
50
0
7
STANDARD
72
1
11
-13538.999996863306
21
-59377.31999909878
31
0
100
AcDbText
73
2
0
LWPOLYLINE
5
674E
330
659F
100
AcDbEntity
100
AcDbPolyline
8
EKP_VODAFONE_RRU
6
ByLayer
62
256
370
-1
90
4
70
1
10
-13809.999999329448
20
-59647.50000268221
10
-13809.999999329448
20
-59512.49999731779
10
-13267.999994397163
20
-59512.49999731779
10
-13267.999994397163
20
-59647.50000268221
0
LINE
5
674F
330
659F
100
AcDbEntity
100
AcDbLine
8
EKP_VODAFONE_RRU
10
-13809.999999329448
20
-59623.200001716614
30
0
11
-13267.999994397163
21
-59623.200001716614
31
0
0
LINE
5
6750
330
659F
100
AcDbEntity
100
AcDbLine
8
EKP_VODAFONE_RRU
10
-13565.99999793619
20
-59580
30
0
11
-13511.999995790422
21
-59580
31
0
0
LINE
5
6751
330
659F
100
AcDbEntity
100
AcDbLine
8
EKP_VODAFONE_RRU
10
-13538.999996863306
20
-59607.00000107288
30
0
11
-13538.999996863306
21
-59552.99999892712
31
0
0
TEXT
5
6752
330
659F
100
AcDbEntity
100
AcDbText
8
EKP_VODAFONE_RRU
10
-13538.999996863306
20
-59557.31999909878
30
0
40
37.800001502037055
1
Vodafone RRU (Sol Boru 3, Alt)
50
0
7
STANDARD
72
1
11
-13538.999996863306
21
-59557.31999909878
31
0
100
AcDbText
73
2
0
LWPOLYLINE
5
6753
330
659F
100
AcDbEntity
100
AcDbPolyline
8
EKP_VODAFONE_RRU
6
ByLayer
62
256
370
-1
90
4
70
1
10
-13809.999999329448
20
-59647.50000268221
10
-13809.999999329448
20
-59512.49999731779
10
-13267.999994397163
20
-59512.49999731779
10
-13267.999994397163
20
-59647.50000268221
0
LINE
5
6754
330
659F
100
AcDbEntity
100
AcDbLine
8
EKP_VODAFONE_RRU
10
-13809.999999329448
20
-59623.200001716614
30
0
11
-13267.999994397163
21
-59623.200001716614
31
0
0
LINE
5
6755
330
659F
100
AcDbEntity
100
AcDbLine
8
EKP_VODAFONE_RRU
10
-13565.99999793619
20
-59580
30
0
11
-13511.999995790422
21
-59580
31
0
0
LINE
5
6756
330
659F
100
AcDbEntity
100
AcDbLine
8
EKP_VODAFONE_RRU
10
-13538.999996863306
20
-59607.00000107288
30
0
11
-13538.999996863306
21
-59552.99999892712
31
0
0
TEXT
5
6757
330
659F
100
AcDbEntity
100
AcDbText
8
EKP_VODAFONE_RRU
10
-13538.999996863306
20
-59557.31999909878
30
0
40
37.800001502037055
1
Vodafone RRU (Sol Boru 3, Ust)
50
0
7
STANDARD
72
1
11
-13538.999996863306
21
-59557.31999909878
31
0
100
AcDbText
73
2
0
LWPOLYLINE
5
6758
330
659F
100
AcDbEntity
100
AcDbPolyline
8
EKP_VODAFONE_RRU
6
ByLayer
62
256
370
-1
90
4
70
1
10
-13809.999999329448
20
-59827.500002682216
10
-13809.999999329448
20
-59692.4999973178
10
-13267.999994397163
20
-59692.4999973178
10
-13267.999994397163
20
-59827.500002682216
0
LINE
5
6759
330
659F
100
AcDbEntity
100
AcDbLine
8
EKP_VODAFONE_RRU
10
-13809.999999329448
20
-59803.20000171662
30
0
11
-13267.999994397163
21
-59803.20000171662
31
0
0
LINE
5
675A
330
659F
100
AcDbEntity
100
AcDbLine
8
EKP_VODAFONE_RRU
10
-13565.99999793619
20
-59760.00000000001
30
0
11
-13511.999995790422
21
-59760.00000000001
31
0
0
LINE
5
675B
330
659F
100
AcDbEntity
100
AcDbLine
8
EKP_VODAFONE_RRU
10
-13538.999996863306
20
-59787.00000107289
30
0
11
-13538.999996863306
21
-59732.999998927124
31
0
0
TEXT
5
675C
330
659F
100
AcDbEntity
100
AcDbText
8
EKP_VODAFONE_RRU
10
-13538.999996863306
20
-59737.319999098785
30
0
40
37.800001502037055
1
Vodafone RRU (Sol Boru 4, Alt)
50
0
7
STANDARD
72
1
11
-13538.999996863306
21
-59737.319999098785
31
0
100
AcDbText
73
2
0
LWPOLYLINE
5
675D
330
659F
100
AcDbEntity
100
AcDbPolyline
8
EKP_VODAFONE_RRU
6
ByLayer
62
256
370
-1
90
4
70
1
10
-13809.999999329448
20
-59827.500002682216
10
-13809.999999329448
20
-59692.4999973178
10
-13267.999994397163
20
-59692.4999973178
10
-13267.999994397163
20
-59827.500002682216
0
LINE
5
675E
330
659F
100
AcDbEntity
100
AcDbLine
8
EKP_VODAFONE_RRU
10
-13809.999999329448
20
-59803.20000171662
30
0
11
-13267.999994397163
21
-59803.20000171662
31
0
0
LINE
5
675F
330
659F
100
AcDbEntity
100
AcDbLine
8
EKP_VODAFONE_RRU
10
-13565.99999793619
20
-59760.00000000001
30
0
11
-13511.999995790422
21
-59760.00000000001
31
0
0
LINE
5
6760
330
659F
100
AcDbEntity
100
AcDbLine
8
EKP_VODAFONE_RRU
10
-13538.999996863306
20
-59787.00000107289
30
0
11
-13538.999996863306
21
-59732.999998927124
31
0
0
TEXT
5
6761
330
659F
100
AcDbEntity
100
AcDbText
8
EKP_VODAFONE_RRU
10
-13538.999996863306
20
-59737.319999098785
30
0
40
37.800001502037055
1
Vodafone RRU (Sol Boru 4, Ust)
50
0
7
STANDARD
72
1
11
-13538.999996863306
21
-59737.319999098785
31
0
100
AcDbText
73
2
0
LWPOLYLINE
5
6762
330
659F
100
AcDbEntity
100
AcDbPolyline
8
EKP_VODAFONE_RRU
6
ByLayer
62
256
370
-1
90
4
70
1
10
-13809.999999329448
20
-60007.500002682216
10
-13809.999999329448
20
-59872.4999973178
10
-13267.999994397163
20
-59872.4999973178
10
-13267.999994397163
20
-60007.500002682216
0
LINE
5
6763
330
659F
100
AcDbEntity
100
AcDbLine
8
EKP_VODAFONE_RRU
10
-13809.999999329448
20
-59983.20000171662
30
0
11
-13267.999994397163
21
-59983.20000171662
31
0
0
LINE
5
6764
330
659F
100
AcDbEntity
100
AcDbLine
8
EKP_VODAFONE_RRU
10
-13565.99999793619
20
-59940.00000000001
30
0
11
-13511.999995790422
21
-59940.00000000001
31
0
0
LINE
5
6765
330
659F
100
AcDbEntity
100
AcDbLine
8
EKP_VODAFONE_RRU
10
-13538.999996863306
20
-59967.00000107289
30
0
11
-13538.999996863306
21
-59912.999998927124
31
0
0
TEXT
5
6766
330
659F
100
AcDbEntity
100
AcDbText
8
EKP_VODAFONE_RRU
10
-13538.999996863306
20
-59917.319999098785
30
0
40
37.800001502037055
1
Vodafone RRU (Sol Boru 5, Alt)
50
0
7
STANDARD
72
1
11
-13538.999996863306
21
-59917.319999098785
31
0
100
AcDbText
73
2
0
LWPOLYLINE
5
67B1
330
659F
100
AcDbEntity
100
AcDbPolyline
8
EKP_VODAFONE_RRU
6
ByLayer
62
256
370
-1
90
4
70
1
10
12390.000000670552
20
-59287.50000268221
10
12390.000000670552
20
-59152.49999731779
10
12932.000005602837
20
-59152.49999731779
10
12932.000005602837
20
-59287.50000268221
0
LINE
5
67B2
330
659F
100
AcDbEntity
100
AcDbLine
8
EKP_VODAFONE_RRU
10
12390.000000670552
20
-59263.200001716614
30
0
11
12932.000005602837
21
-59263.200001716614
31
0
0
LINE
5
67B3
330
659F
100
AcDbEntity
100
AcDbLine
8
EKP_VODAFONE_RRU
10
12634.00000206381
20
-59220
30
0
11
12688.000004209578
21
-59220
31
0
0
LINE
5
67B4
330
659F
100
AcDbEntity
100
AcDbLine
8
EKP_VODAFONE_RRU
10
12661.000003136694
20
-59247.00000107288
30
0
11
12661.000003136694
21
-59192.99999892712
31
0
0
TEXT
5
67B5
330
659F
100
AcDbEntity
100
AcDbText
8
EKP_VODAFONE_RRU
10
12661.000003136694
20
-59197.31999909878
30
0
40
37.800001502037055
1
Vodafone RRU (Sol Boru 1, Alt)
50
0
7
STANDARD
72
1
11
12661.000003136694
21
-59197.31999909878
31
0
100
AcDbText
73
2
0
LWPOLYLINE
5
67B6
330
659F
100
AcDbEntity
100
AcDbPolyline
8
EKP_VODAFONE_RRU
6
ByLayer
62
256
370
-1
90
4
70
1
10
12390.000000670552
20
-59287.50000268221
10
12390.000000670552
20
-59152.49999731779
10
12932.000005602837
20
-59152.49999731779
10
12932.000005602837
20
-59287.50000268221
0
LINE
5
67B7
330
659F
100
AcDbEntity
100
AcDbLine
8
EKP_VODAFONE_RRU
10
12390.000000670552
20
-59263.200001716614
30
0
11
12932.000005602837
21
-59263.200001716614
31
0
0
LINE
5
67B8
330
659F
100
AcDbEntity
100
AcDbLine
8
EKP_VODAFONE_RRU
10
12634.00000206381
20
-59220
30
0
11
12688.000004209578
21
-59220
31
0
0
LINE
5
67B9
330
659F
100
AcDbEntity
100
AcDbLine
8
EKP_VODAFONE_RRU
10
12661.000003136694
20
-59247.00000107288
30
0
11
12661.000003136694
21
-59192.99999892712
31
0
0
TEXT
5
67BA
330
659F
100
AcDbEntity
100
AcDbText
8
EKP_VODAFONE_RRU
10
12661.000003136694
20
-59197.31999909878
30
0
40
37.800001502037055
1
Vodafone RRU (Sol Boru 1, Ust)
50
0
7
STANDARD
72
1
11
12661.000003136694
21
-59197.31999909878
31
0
100
AcDbText
73
2
0
LWPOLYLINE
5
67BB
330
659F
100
AcDbEntity
100
AcDbPolyline
8
EKP_VODAFONE_RRU
6
ByLayer
62
256
370
-1
90
4
70
1
10
12390.000000670552
20
-59467.50000268221
10
12390.000000670552
20
-59332.49999731779
10
12932.000005602837
20
-59332.49999731779
10
12932.000005602837
20
-59467.50000268221
0
LINE
5
67BC
330
659F
100
AcDbEntity
100
AcDbLine
8
EKP_VODAFONE_RRU
10
12390.000000670552
20
-59443.200001716614
30
0
11
12932.000005602837
21
-59443.200001716614
31
0
0
LINE
5
67BD
330
659F
100
AcDbEntity
100
AcDbLine
8
EKP_VODAFONE_RRU
10
12634.00000206381
20
-59400
30
0
11
12688.000004209578
21
-59400
31
0
0
LINE
5
67BE
330
659F
100
AcDbEntity
100
AcDbLine
8
EKP_VODAFONE_RRU
10
12661.000003136694
20
-59427.00000107288
30
0
11
12661.000003136694
21
-59372.99999892712
31
0
0
TEXT
5
67BF
330
659F
100
AcDbEntity
100
AcDbText
8
EKP_VODAFONE_RRU
10
12661.000003136694
20
-59377.31999909878
30
0
40
37.800001502037055
1
Vodafone RRU (Sol Boru 2, Alt)
50
0
7
STANDARD
72
1
11
12661.000003136694
21
-59377.31999909878
31
0
100
AcDbText
73
2
0
LWPOLYLINE
5
67C0
330
659F
100
AcDbEntity
100
AcDbPolyline
8
EKP_VODAFONE_RRU
6
ByLayer
62
256
370
-1
90
4
70
1
10
12390.000000670552
20
-59467.50000268221
10
12390.000000670552
20
-59332.49999731779
10
12932.000005602837
20
-59332.49999731779
10
12932.000005602837
20
-59467.50000268221
0
LINE
5
67C1
330
659F
100
AcDbEntity
100
AcDbLine
8
EKP_VODAFONE_RRU
10
12390.000000670552
20
-59443.200001716614
30
0
11
12932.000005602837
21
-59443.200001716614
31
0
0
LINE
5
67C2
330
659F
100
AcDbEntity
100
AcDbLine
8
EKP_VODAFONE_RRU
10
12634.00000206381
20
-59400
30
0
11
12688.000004209578
21
-59400
31
0
0
LINE
5
67C3
330
659F
100
AcDbEntity
100
AcDbLine
8
EKP_VODAFONE_RRU
10
12661.000003136694
20
-59427.00000107288
30
0
11
12661.000003136694
21
-59372.99999892712
31
0
0
TEXT
5
67C4
330
659F
100
AcDbEntity
100
AcDbText
8
EKP_VODAFONE_RRU
10
12661.000003136694
20
-59377.31999909878
30
0
40
37.800001502037055
1
Vodafone RRU (Sol Boru 2, Ust)
50
0
7
STANDARD
72
1
11
12661.000003136694
21
-59377.31999909878
31
0
100
AcDbText
73
2
0
LWPOLYLINE
5
67C5
330
659F
100
AcDbEntity
100
AcDbPolyline
8
EKP_VODAFONE_RRU
6
ByLayer
62
256
370
-1
90
4
70
1
10
12390.000000670552
20
-59647.50000268221
10
12390.000000670552
20
-59512.49999731779
10
12932.000005602837
20
-59512.49999731779
10
12932.000005602837
20
-59647.50000268221
0
LINE
5
67C6
330
659F
100
AcDbEntity
100
AcDbLine
8
EKP_VODAFONE_RRU
10
12390.000000670552
20
-59623.200001716614
30
0
11
12932.000005602837
21
-59623.200001716614
31
0
0
LINE
5
67C7
330
659F
100
AcDbEntity
100
AcDbLine
8
EKP_VODAFONE_RRU
10
12634.00000206381
20
-59580
30
0
11
12688.000004209578
21
-59580
31
0
0
LINE
5
67C8
330
659F
100
AcDbEntity
100
AcDbLine
8
EKP_VODAFONE_RRU
10
12661.000003136694
20
-59607.00000107288
30
0
11
12661.000003136694
21
-59552.99999892712
31
0
0
TEXT
5
67C9
330
659F
100
AcDbEntity
100
AcDbText
8
EKP_VODAFONE_RRU
10
12661.000003136694
20
-59557.31999909878
30
0
40
37.800001502037055
1
Vodafone RRU (Sol Boru 3, Alt)
50
0
7
STANDARD
72
1
11
12661.000003136694
21
-59557.31999909878
31
0
100
AcDbText
73
2
0
LWPOLYLINE
5
67CA
330
659F
100
AcDbEntity
100
AcDbPolyline
8
EKP_VODAFONE_RRU
6
ByLayer
62
256
370
-1
90
4
70
1
10
12390.000000670552
20
-59647.50000268221
10
12390.000000670552
20
-59512.49999731779
10
12932.000005602837
20
-59512.49999731779
10
12932.000005602837
20
-59647.50000268221
0
LINE
5
67CB
330
659F
100
AcDbEntity
100
AcDbLine
8
EKP_VODAFONE_RRU
10
12390.000000670552
20
-59623.200001716614
30
0
11
12932.000005602837
21
-59623.200001716614
31
0
0
LINE
5
67CC
330
659F
100
AcDbEntity
100
AcDbLine
8
EKP_VODAFONE_RRU
10
12634.00000206381
20
-59580
30
0
11
12688.000004209578
21
-59580
31
0
0
LINE
5
67CD
330
659F
100
AcDbEntity
100
AcDbLine
8
EKP_VODAFONE_RRU
10
12661.000003136694
20
-59607.00000107288
30
0
11
12661.000003136694
21
-59552.99999892712
31
0
0
TEXT
5
67CE
330
659F
100
AcDbEntity
100
AcDbText
8
EKP_VODAFONE_RRU
10
12661.000003136694
20
-59557.31999909878
30
0
40
37.800001502037055
1
Vodafone RRU (Sol Boru 3, Ust)
50
0
7
STANDARD
72
1
11
12661.000003136694
21
-59557.31999909878
31
0
100
AcDbText
73
2
0
LWPOLYLINE
5
67CF
330
659F
100
AcDbEntity
100
AcDbPolyline
8
EKP_VODAFONE_RRU
6
ByLayer
62
256
370
-1
90
4
70
1
10
12390.000000670552
20
-59827.500002682216
10
12390.000000670552
20
-59692.4999973178
10
12932.000005602837
20
-59692.4999973178
10
12932.000005602837
20
-59827.500002682216
0
LINE
5
67D0
330
659F
100
AcDbEntity
100
AcDbLine
8
EKP_VODAFONE_RRU
10
12390.000000670552
20
-59803.20000171662
30
0
11
12932.000005602837
21
-59803.20000171662
31
0
0
LINE
5
67D1
330
659F
100
AcDbEntity
100
AcDbLine
8
EKP_VODAFONE_RRU
10
12634.00000206381
20
-59760.00000000001
30
0
11
12688.000004209578
21
-59760.00000000001
31
0
0
LINE
5
67D2
330
659F
100
AcDbEntity
100
AcDbLine
8
EKP_VODAFONE_RRU
10
12661.000003136694
20
-59787.00000107289
30
0
11
12661.000003136694
21
-59732.999998927124
31
0
0
TEXT
5
67D3
330
659F
100
AcDbEntity
100
AcDbText
8
EKP_VODAFONE_RRU
10
12661.000003136694
20
-59737.319999098785
30
0
40
37.800001502037055
1
Vodafone RRU (Sol Boru 4, Alt)
50
0
7
STANDARD
72
1
11
12661.000003136694
21
-59737.319999098785
31
0
100
AcDbText
73
2
0
LWPOLYLINE
5
67D4
330
659F
100
AcDbEntity
100
AcDbPolyline
8
EKP_VODAFONE_RRU
6
ByLayer
62
256
370
-1
90
4
70
1
10
12390.000000670552
20
-59827.500002682216
10
12390.000000670552
20
-59692.4999973178
10
12932.000005602837
20
-59692.4999973178
10
12932.000005602837
20
-59827.500002682216
0
LINE
5
67D5
330
659F
100
AcDbEntity
100
AcDbLine
8
EKP_VODAFONE_RRU
10
12390.000000670552
20
-59803.20000171662
30
0
11
12932.000005602837
21
-59803.20000171662
31
0
0
LINE
5
67D6
330
659F
100
AcDbEntity
100
AcDbLine
8
EKP_VODAFONE_RRU
10
12634.00000206381
20
-59760.00000000001
30
0
11
12688.000004209578
21
-59760.00000000001
31
0
0
LINE
5
67D7
330
659F
100
AcDbEntity
100
AcDbLine
8
EKP_VODAFONE_RRU
10
12661.000003136694
20
-59787.00000107289
30
0
11
12661.000003136694
21
-59732.999998927124
31
0
0
TEXT
5
67D8
330
659F
100
AcDbEntity
100
AcDbText
8
EKP_VODAFONE_RRU
10
12661.000003136694
20
-59737.319999098785
30
0
40
37.800001502037055
1
Vodafone RRU (Sol Boru 4, Ust)
50
0
7
STANDARD
72
1
11
12661.000003136694
21
-59737.319999098785
31
0
100
AcDbText
73
2
0
LWPOLYLINE
5
67D9
330
659F
100
AcDbEntity
100
AcDbPolyline
8
EKP_VODAFONE_RRU
6
ByLayer
62
256
370
-1
90
4
70
1
10
12390.000000670552
20
-60007.500002682216
10
12390.000000670552
20
-59872.4999973178
10
12932.000005602837
20
-59872.4999973178
10
12932.000005602837
20
-60007.500002682216
0
LINE
5
67DA
330
659F
100
AcDbEntity
100
AcDbLine
8
EKP_VODAFONE_RRU
10
12390.000000670552
20
-59983.20000171662
30
0
11
12932.000005602837
21
-59983.20000171662
31
0
0
LINE
5
67DB
330
659F
100
AcDbEntity
100
AcDbLine
8
EKP_VODAFONE_RRU
10
12634.00000206381
20
-59940.00000000001
30
0
11
12688.000004209578
21
-59940.00000000001
31
0
0
LINE
5
67DC
330
659F
100
AcDbEntity
100
AcDbLine
8
EKP_VODAFONE_RRU
10
12661.000003136694
20
-59967.00000107289
30
0
11
12661.000003136694
21
-59912.999998927124
31
0
0
TEXT
5
67DD
330
659F
100
AcDbEntity
100
AcDbText
8
EKP_VODAFONE_RRU
10
12661.000003136694
20
-59917.319999098785
30
0
40
37.800001502037055
1
Vodafone RRU (Sol Boru 5, Alt)
50
0
7
STANDARD
72
1
11
12661.000003136694
21
-59917.319999098785
31
0
100
AcDbText
73
2
0
LWPOLYLINE
5
6909
330
659F
100
AcDbEntity
100
AcDbPolyline
8
EKP_VODAFONE_RRU
6
ByLayer
62
256
370
-1
90
4
70
1
10
-2230
20
-6450
10
-2230
20
-5950
10
-1850
20
-5950
10
-1850
20
-6450
0
LWPOLYLINE
5
690A
330
659F
100
AcDbEntity
100
AcDbPolyline
8
EKP_VODAFONE_RRU
6
ByLayer
62
256
370
-1
90
4
70
1
10
-2116
20
-5950
10
-2116
20
-5920
10
-1964
20
-5920
10
-1964
20
-5950
0
TEXT
5
690B
330
659F
100
AcDbEntity
100
AcDbText
8
EKP_VODAFONE_RRU
10
-2040
20
-6200
30
0
40
45
1
VODA
50
0
7
STANDARD
72
1
11
-2040
21
-6200
31
0
100
AcDbText
73
2
0
LWPOLYLINE
5
690F
330
659F
100
AcDbEntity
100
AcDbPolyline
8
EKP_VODAFONE_RRU
6
ByLayer
62
256
370
-1
90
4
70
1
10
-2010
20
-6450
10
-2010
20
-5950
10
-1630
20
-5950
10
-1630
20
-6450
0
LWPOLYLINE
5
6910
330
659F
100
AcDbEntity
100
AcDbPolyline
8
EKP_VODAFONE_RRU
6
ByLayer
62
256
370
-1
90
4
70
1
10
-1896
20
-5950
10
-1896
20
-5920
10
-1744
20
-5920
10
-1744
20
-5950
0
TEXT
5
6911
330
659F
100
AcDbEntity
100
AcDbText
8
EKP_VODAFONE_RRU
10
-1820
20
-6200
30
0
40
45
1
VODA
50
0
7
STANDARD
72
1
11
-1820
21
-6200
31
0
100
AcDbText
73
2
0
LWPOLYLINE
5
6915
330
659F
100
AcDbEntity
100
AcDbPolyline
8
EKP_VODAFONE_RRU
6
ByLayer
62
256
370
-1
90
4
70
1
10
-1790
20
-6450
10
-1790
20
-5950
10
-1410
20
-5950
10
-1410
20
-6450
0
LWPOLYLINE
5
6916
330
659F
100
AcDbEntity
100
AcDbPolyline
8
EKP_VODAFONE_RRU
6
ByLayer
62
256
370
-1
90
4
70
1
10
-1676
20
-5950
10
-1676
20
-5920
10
-1524
20
-5920
10
-1524
20
-5950
0
TEXT
5
6917
330
659F
100
AcDbEntity
100
AcDbText
8
EKP_VODAFONE_RRU
10
-1600
20
-6200
30
0
40
45
1
VODA
50
0
7
STANDARD
72
1
11
-1600
21
-6200
31
0
100
AcDbText
73
2
0
LWPOLYLINE
5
691B
330
659F
100
AcDbEntity
100
AcDbPolyline
8
EKP_VODAFONE_RRU
6
ByLayer
62
256
370
-1
90
4
70
1
10
1410
20
-6450
10
1410
20
-5950
10
1790
20
-5950
10
1790
20
-6450
0
LWPOLYLINE
5
691C
330
659F
100
AcDbEntity
100
AcDbPolyline
8
EKP_VODAFONE_RRU
6
ByLayer
62
256
370
-1
90
4
70
1
10
1524
20
-5950
10
1524
20
-5920
10
1676
20
-5920
10
1676
20
-5950
0
TEXT
5
691D
330
659F
100
AcDbEntity
100
AcDbText
8
EKP_VODAFONE_RRU
10
1600
20
-6200
30
0
40
45
1
VODA
50
0
7
STANDARD
72
1
11
1600
21
-6200
31
0
100
AcDbText
73
2
0
LWPOLYLINE
5
6921
330
659F
100
AcDbEntity
100
AcDbPolyline
8
EKP_VODAFONE_RRU
6
ByLayer
62
256
370
-1
90
4
70
1
10
1630
20
-6450
10
1630
20
-5950
10
2010
20
-5950
10
2010
20
-6450
0
LWPOLYLINE
5
6922
330
659F
100
AcDbEntity
100
AcDbPolyline
8
EKP_VODAFONE_RRU
6
ByLayer
62
256
370
-1
90
4
70
1
10
1744
20
-5950
10
1744
20
-5920
10
1896
20
-5920
10
1896
20
-5950
0
TEXT
5
6923
330
659F
100
AcDbEntity
100
AcDbText
8
EKP_VODAFONE_RRU
10
1820
20
-6200
30
0
40
45
1
VODA
50
0
7
STANDARD
72
1
11
1820
21
-6200
31
0
100
AcDbText
73
2
0
LWPOLYLINE
5
6927
330
659F
100
AcDbEntity
100
AcDbPolyline
8
EKP_VODAFONE_RRU
6
ByLayer
62
256
370
-1
90
4
70
1
10
1850
20
-6450
10
1850
20
-5950
10
2230
20
-5950
10
2230
20
-6450
0
LWPOLYLINE
5
6928
330
659F
100
AcDbEntity
100
AcDbPolyline
8
EKP_VODAFONE_RRU
6
ByLayer
62
256
370
-1
90
4
70
1
10
1964
20
-5950
10
1964
20
-5920
10
2116
20
-5920
10
2116
20
-5950
0
TEXT
5
6929
330
659F
100
AcDbEntity
100
AcDbText
8
EKP_VODAFONE_RRU
10
2040
20
-6200
30
0
40
45
1
VODA
50
0
7
STANDARD
72
1
11
2040
21
-6200
31
0
100
AcDbText
73
2
0
LWPOLYLINE
5
663D
330
659F
100
AcDbEntity
100
AcDbPolyline
8
EKP_TURK_TELEKOM_RRU
6
ByLayer
62
256
370
-1
90
4
70
1
10
-2308.534750265415
20
1774.999999905005
10
-2308.534750265415
20
2309.9999986588955
10
-2128.5347431128575
20
2309.9999986588955
10
-2128.5347431128575
20
1774.999999905005
0
LINE
5
663E
330
659F
100
AcDbEntity
100
AcDbLine
8
EKP_TURK_TELEKOM_RRU
10
-2276.1347489779546
20
1774.999999905005
30
0
11
-2276.1347489779546
21
2309.9999986588955
31
0
0
LINE
5
663F
330
659F
100
AcDbEntity
100
AcDbLine
8
EKP_TURK_TELEKOM_RRU
10
-2254.5347481196477
20
2042.4999992819503
30
0
11
-2182.5347452586248
21
2042.4999992819503
31
0
0
LINE
5
6640
330
659F
100
AcDbEntity
100
AcDbLine
8
EKP_TURK_TELEKOM_RRU
10
-2218.534746689136
20
2006.4999978514388
30
0
11
-2218.534746689136
21
2078.5000007124618
31
0
0
TEXT
5
6641
330
659F
100
AcDbEntity
100
AcDbText
8
EKP_TURK_TELEKOM_RRU
10
-2218.534746689136
20
2069.4999992819503
30
0
40
45
1
Turk Telekom NR RRU 5818W (Kisa Kenar Montaj)
50
0
7
STANDARD
72
1
11
-2218.534746689136
21
2069.4999992819503
31
0
100
AcDbText
73
2
0
LWPOLYLINE
5
664C
330
659F
100
AcDbEntity
100
AcDbPolyline
8
EKP_TURK_TELEKOM_RRU
6
ByLayer
62
256
370
-1
90
4
70
1
10
-2101.8188012036862
20
1774.999999905005
10
-2101.8188012036862
20
2309.9999986588955
10
-1921.8187940511289
20
2309.9999986588955
10
-1921.8187940511289
20
1774.999999905005
0
LINE
5
664D
330
659F
100
AcDbEntity
100
AcDbLine
8
EKP_TURK_TELEKOM_RRU
10
-2069.418799916226
20
1774.999999905005
30
0
11
-2069.418799916226
21
2309.9999986588955
31
0
0
LINE
5
664E
330
659F
100
AcDbEntity
100
AcDbLine
8
EKP_TURK_TELEKOM_RRU
10
-2047.818799057919
20
2042.4999992819503
30
0
11
-1975.818796196896
21
2042.4999992819503
31
0
0
LINE
5
664F
330
659F
100
AcDbEntity
100
AcDbLine
8
EKP_TURK_TELEKOM_RRU
10
-2011.8187976274075
20
2006.4999978514388
30
0
11
-2011.8187976274075
21
2078.5000007124618
31
0
0
TEXT
5
6650
330
659F
100
AcDbEntity
100
AcDbText
8
EKP_TURK_TELEKOM_RRU
10
-2011.8187976274075
20
2069.4999992819503
30
0
40
45
1
Turk Telekom NR RRU 5818W (Kisa Kenar Montaj)
50
0
7
STANDARD
72
1
11
-2011.8187976274075
21
2069.4999992819503
31
0
100
AcDbText
73
2
0
LWPOLYLINE
5
6660
330
659F
100
AcDbEntity
100
AcDbPolyline
8
EKP_TURK_TELEKOM_RRU
6
ByLayer
62
256
370
-1
90
4
70
1
10
2199.9999964237213
20
1774.999999905005
10
2199.9999964237213
20
2309.9999986588955
10
2380.0000035762787
20
2309.9999986588955
10
2380.0000035762787
20
1774.999999905005
0
LINE
5
6661
330
659F
100
AcDbEntity
100
AcDbLine
8
EKP_TURK_TELEKOM_RRU
10
2232.3999977111816
20
1774.999999905005
30
0
11
2232.3999977111816
21
2309.9999986588955
31
0
0
LINE
5
6662
330
659F
100
AcDbEntity
100
AcDbLine
8
EKP_TURK_TELEKOM_RRU
10
2253.9999985694885
20
2042.4999992819503
30
0
11
2326.0000014305115
21
2042.4999992819503
31
0
0
LINE
5
6663
330
659F
100
AcDbEntity
100
AcDbLine
8
EKP_TURK_TELEKOM_RRU
10
2290
20
2006.4999978514388
30
0
11
2290
21
2078.5000007124618
31
0
0
TEXT
5
6664
330
659F
100
AcDbEntity
100
AcDbText
8
EKP_TURK_TELEKOM_RRU
10
2290
20
2069.4999992819503
30
0
40
45
1
Turk Telekom NR RRU 5818W (Kisa Kenar Montaj)
50
0
7
STANDARD
72
1
11
2290
21
2069.4999992819503
31
0
100
AcDbText
73
2
0
LWPOLYLINE
5
6665
330
659F
100
AcDbEntity
100
AcDbPolyline
8
EKP_TURK_TELEKOM_RRU
6
ByLayer
62
256
370
-1
90
4
70
1
10
2419.9999964237213
20
1774.999999905005
10
2419.9999964237213
20
2309.9999986588955
10
2600.0000035762787
20
2309.9999986588955
10
2600.0000035762787
20
1774.999999905005
0
LINE
5
6666
330
659F
100
AcDbEntity
100
AcDbLine
8
EKP_TURK_TELEKOM_RRU
10
2452.3999977111816
20
1774.999999905005
30
0
11
2452.3999977111816
21
2309.9999986588955
31
0
0
LINE
5
6667
330
659F
100
AcDbEntity
100
AcDbLine
8
EKP_TURK_TELEKOM_RRU
10
2473.9999985694885
20
2042.4999992819503
30
0
11
2546.0000014305115
21
2042.4999992819503
31
0
0
LINE
5
6668
330
659F
100
AcDbEntity
100
AcDbLine
8
EKP_TURK_TELEKOM_RRU
10
2510
20
2006.4999978514388
30
0
11
2510
21
2078.5000007124618
31
0
0
TEXT
5
6669
330
659F
100
AcDbEntity
100
AcDbText
8
EKP_TURK_TELEKOM_RRU
10
2510
20
2069.4999992819503
30
0
40
45
1
Turk Telekom NR RRU 5818W (Kisa Kenar Montaj)
50
0
7
STANDARD
72
1
11
2510
21
2069.4999992819503
31
0
100
AcDbText
73
2
0
LWPOLYLINE
5
6776
330
659F
100
AcDbEntity
100
AcDbPolyline
8
EKP_TURK_TELEKOM_RRU
6
ByLayer
62
256
370
-1
90
4
70
1
10
-12856.000003099442
20
-59380.00000029802
10
-12856.000003099442
20
-59239.99999970198
10
-12390.000000670552
20
-59239.99999970198
10
-12390.000000670552
20
-59380.00000029802
0
LINE
5
6777
330
659F
100
AcDbEntity
100
AcDbLine
8
EKP_TURK_TELEKOM_RRU
10
-12856.000003099442
20
-59354.800000190735
30
0
11
-12390.000000670552
21
-59354.800000190735
31
0
0
LINE
5
6778
330
659F
100
AcDbEntity
100
AcDbLine
8
EKP_TURK_TELEKOM_RRU
10
-12651.000002004206
20
-59310
30
0
11
-12595.000001765788
21
-59310
31
0
0
LINE
5
6779
330
659F
100
AcDbEntity
100
AcDbLine
8
EKP_TURK_TELEKOM_RRU
10
-12623.000001884997
20
-59338.00000011921
30
0
11
-12623.000001884997
21
-59281.99999988079
31
0
0
TEXT
5
677A
330
659F
100
AcDbEntity
100
AcDbText
8
EKP_TURK_TELEKOM_RRU
10
-12623.000001884997
20
-59286.479999899864
30
0
40
39.20000016689301
1
Turk Telekom RRU (Sag Boru 1, Alt)
50
0
7
STANDARD
72
1
11
-12623.000001884997
21
-59286.479999899864
31
0
100
AcDbText
73
2
0
LWPOLYLINE
5
677B
330
659F
100
AcDbEntity
100
AcDbPolyline
8
EKP_TURK_TELEKOM_RRU
6
ByLayer
62
256
370
-1
90
4
70
1
10
-12856.000003099442
20
-59380.00000029802
10
-12856.000003099442
20
-59239.99999970198
10
-12390.000000670552
20
-59239.99999970198
10
-12390.000000670552
20
-59380.00000029802
0
LINE
5
677C
330
659F
100
AcDbEntity
100
AcDbLine
8
EKP_TURK_TELEKOM_RRU
10
-12856.000003099442
20
-59354.800000190735
30
0
11
-12390.000000670552
21
-59354.800000190735
31
0
0
LINE
5
677D
330
659F
100
AcDbEntity
100
AcDbLine
8
EKP_TURK_TELEKOM_RRU
10
-12651.000002004206
20
-59310
30
0
11
-12595.000001765788
21
-59310
31
0
0
LINE
5
677E
330
659F
100
AcDbEntity
100
AcDbLine
8
EKP_TURK_TELEKOM_RRU
10
-12623.000001884997
20
-59338.00000011921
30
0
11
-12623.000001884997
21
-59281.99999988079
31
0
0
TEXT
5
677F
330
659F
100
AcDbEntity
100
AcDbText
8
EKP_TURK_TELEKOM_RRU
10
-12623.000001884997
20
-59286.479999899864
30
0
40
39.20000016689301
1
Turk Telekom RRU (Sag Boru 1, Ust)
50
0
7
STANDARD
72
1
11
-12623.000001884997
21
-59286.479999899864
31
0
100
AcDbText
73
2
0
LWPOLYLINE
5
6780
330
659F
100
AcDbEntity
100
AcDbPolyline
8
EKP_TURK_TELEKOM_RRU
6
ByLayer
62
256
370
-1
90
4
70
1
10
-12856.000003099442
20
-59560.00000029802
10
-12856.000003099442
20
-59419.99999970198
10
-12390.000000670552
20
-59419.99999970198
10
-12390.000000670552
20
-59560.00000029802
0
LINE
5
6781
330
659F
100
AcDbEntity
100
AcDbLine
8
EKP_TURK_TELEKOM_RRU
10
-12856.000003099442
20
-59534.800000190735
30
0
11
-12390.000000670552
21
-59534.800000190735
31
0
0
LINE
5
6782
330
659F
100
AcDbEntity
100
AcDbLine
8
EKP_TURK_TELEKOM_RRU
10
-12651.000002004206
20
-59490
30
0
11
-12595.000001765788
21
-59490
31
0
0
LINE
5
6783
330
659F
100
AcDbEntity
100
AcDbLine
8
EKP_TURK_TELEKOM_RRU
10
-12623.000001884997
20
-59518.00000011921
30
0
11
-12623.000001884997
21
-59461.99999988079
31
0
0
TEXT
5
6784
330
659F
100
AcDbEntity
100
AcDbText
8
EKP_TURK_TELEKOM_RRU
10
-12623.000001884997
20
-59466.479999899864
30
0
40
39.20000016689301
1
Turk Telekom RRU (Sag Boru 2, Alt)
50
0
7
STANDARD
72
1
11
-12623.000001884997
21
-59466.479999899864
31
0
100
AcDbText
73
2
0
LWPOLYLINE
5
6785
330
659F
100
AcDbEntity
100
AcDbPolyline
8
EKP_TURK_TELEKOM_RRU
6
ByLayer
62
256
370
-1
90
4
70
1
10
-12856.000003099442
20
-59560.00000029802
10
-12856.000003099442
20
-59419.99999970198
10
-12390.000000670552
20
-59419.99999970198
10
-12390.000000670552
20
-59560.00000029802
0
LINE
5
6786
330
659F
100
AcDbEntity
100
AcDbLine
8
EKP_TURK_TELEKOM_RRU
10
-12856.000003099442
20
-59534.800000190735
30
0
11
-12390.000000670552
21
-59534.800000190735
31
0
0
LINE
5
6787
330
659F
100
AcDbEntity
100
AcDbLine
8
EKP_TURK_TELEKOM_RRU
10
-12651.000002004206
20
-59490
30
0
11
-12595.000001765788
21
-59490
31
0
0
LINE
5
6788
330
659F
100
AcDbEntity
100
AcDbLine
8
EKP_TURK_TELEKOM_RRU
10
-12623.000001884997
20
-59518.00000011921
30
0
11
-12623.000001884997
21
-59461.99999988079
31
0
0
TEXT
5
6789
330
659F
100
AcDbEntity
100
AcDbText
8
EKP_TURK_TELEKOM_RRU
10
-12623.000001884997
20
-59466.479999899864
30
0
40
39.20000016689301
1
Turk Telekom RRU (Sag Boru 2, Ust)
50
0
7
STANDARD
72
1
11
-12623.000001884997
21
-59466.479999899864
31
0
100
AcDbText
73
2
0
LWPOLYLINE
5
678A
330
659F
100
AcDbEntity
100
AcDbPolyline
8
EKP_TURK_TELEKOM_RRU
6
ByLayer
62
256
370
-1
90
4
70
1
10
-12856.000003099442
20
-59740.00000029802
10
-12856.000003099442
20
-59599.99999970198
10
-12390.000000670552
20
-59599.99999970198
10
-12390.000000670552
20
-59740.00000029802
0
LINE
5
678B
330
659F
100
AcDbEntity
100
AcDbLine
8
EKP_TURK_TELEKOM_RRU
10
-12856.000003099442
20
-59714.800000190735
30
0
11
-12390.000000670552
21
-59714.800000190735
31
0
0
LINE
5
678C
330
659F
100
AcDbEntity
100
AcDbLine
8
EKP_TURK_TELEKOM_RRU
10
-12651.000002004206
20
-59670
30
0
11
-12595.000001765788
21
-59670
31
0
0
LINE
5
678D
330
659F
100
AcDbEntity
100
AcDbLine
8
EKP_TURK_TELEKOM_RRU
10
-12623.000001884997
20
-59698.00000011921
30
0
11
-12623.000001884997
21
-59641.99999988079
31
0
0
TEXT
5
678E
330
659F
100
AcDbEntity
100
AcDbText
8
EKP_TURK_TELEKOM_RRU
10
-12623.000001884997
20
-59646.479999899864
30
0
40
39.20000016689301
1
Turk Telekom RRU (Sag Boru 3, Alt)
50
0
7
STANDARD
72
1
11
-12623.000001884997
21
-59646.479999899864
31
0
100
AcDbText
73
2
0
LWPOLYLINE
5
678F
330
659F
100
AcDbEntity
100
AcDbPolyline
8
EKP_TURK_TELEKOM_RRU
6
ByLayer
62
256
370
-1
90
4
70
1
10
-12856.000003099442
20
-59740.00000029802
10
-12856.000003099442
20
-59599.99999970198
10
-12390.000000670552
20
-59599.99999970198
10
-12390.000000670552
20
-59740.00000029802
0
LINE
5
6790
330
659F
100
AcDbEntity
100
AcDbLine
8
EKP_TURK_TELEKOM_RRU
10
-12856.000003099442
20
-59714.800000190735
30
0
11
-12390.000000670552
21
-59714.800000190735
31
0
0
LINE
5
6791
330
659F
100
AcDbEntity
100
AcDbLine
8
EKP_TURK_TELEKOM_RRU
10
-12651.000002004206
20
-59670
30
0
11
-12595.000001765788
21
-59670
31
0
0
LINE
5
6792
330
659F
100
AcDbEntity
100
AcDbLine
8
EKP_TURK_TELEKOM_RRU
10
-12623.000001884997
20
-59698.00000011921
30
0
11
-12623.000001884997
21
-59641.99999988079
31
0
0
TEXT
5
6793
330
659F
100
AcDbEntity
100
AcDbText
8
EKP_TURK_TELEKOM_RRU
10
-12623.000001884997
20
-59646.479999899864
30
0
40
39.20000016689301
1
Turk Telekom RRU (Sag Boru 3, Ust)
50
0
7
STANDARD
72
1
11
-12623.000001884997
21
-59646.479999899864
31
0
100
AcDbText
73
2
0
LWPOLYLINE
5
67ED
330
659F
100
AcDbEntity
100
AcDbPolyline
8
EKP_TURK_TELEKOM_RRU
6
ByLayer
62
256
370
-1
90
4
70
1
10
13343.999996900558
20
-59380.00000029802
10
13343.999996900558
20
-59239.99999970198
10
13809.999999329448
20
-59239.99999970198
10
13809.999999329448
20
-59380.00000029802
0
LINE
5
67EE
330
659F
100
AcDbEntity
100
AcDbLine
8
EKP_TURK_TELEKOM_RRU
10
13343.999996900558
20
-59354.800000190735
30
0
11
13809.999999329448
21
-59354.800000190735
31
0
0
LINE
5
67EF
330
659F
100
AcDbEntity
100
AcDbLine
8
EKP_TURK_TELEKOM_RRU
10
13548.999997995794
20
-59310
30
0
11
13604.999998234212
21
-59310
31
0
0
LINE
5
67F0
330
659F
100
AcDbEntity
100
AcDbLine
8
EKP_TURK_TELEKOM_RRU
10
13576.999998115003
20
-59338.00000011921
30
0
11
13576.999998115003
21
-59281.99999988079
31
0
0
TEXT
5
67F1
330
659F
100
AcDbEntity
100
AcDbText
8
EKP_TURK_TELEKOM_RRU
10
13576.999998115003
20
-59286.479999899864
30
0
40
39.20000016689301
1
Turk Telekom RRU (Sag Boru 1, Alt)
50
0
7
STANDARD
72
1
11
13576.999998115003
21
-59286.479999899864
31
0
100
AcDbText
73
2
0
LWPOLYLINE
5
67F2
330
659F
100
AcDbEntity
100
AcDbPolyline
8
EKP_TURK_TELEKOM_RRU
6
ByLayer
62
256
370
-1
90
4
70
1
10
13343.999996900558
20
-59380.00000029802
10
13343.999996900558
20
-59239.99999970198
10
13809.999999329448
20
-59239.99999970198
10
13809.999999329448
20
-59380.00000029802
0
LINE
5
67F3
330
659F
100
AcDbEntity
100
AcDbLine
8
EKP_TURK_TELEKOM_RRU
10
13343.999996900558
20
-59354.800000190735
30
0
11
13809.999999329448
21
-59354.800000190735
31
0
0
LINE
5
67F4
330
659F
100
AcDbEntity
100
AcDbLine
8
EKP_TURK_TELEKOM_RRU
10
13548.999997995794
20
-59310
30
0
11
13604.999998234212
21
-59310
31
0
0
LINE
5
67F5
330
659F
100
AcDbEntity
100
AcDbLine
8
EKP_TURK_TELEKOM_RRU
10
13576.999998115003
20
-59338.00000011921
30
0
11
13576.999998115003
21
-59281.99999988079
31
0
0
TEXT
5
67F6
330
659F
100
AcDbEntity
100
AcDbText
8
EKP_TURK_TELEKOM_RRU
10
13576.999998115003
20
-59286.479999899864
30
0
40
39.20000016689301
1
Turk Telekom RRU (Sag Boru 1, Ust)
50
0
7
STANDARD
72
1
11
13576.999998115003
21
-59286.479999899864
31
0
100
AcDbText
73
2
0
LWPOLYLINE
5
67F7
330
659F
100
AcDbEntity
100
AcDbPolyline
8
EKP_TURK_TELEKOM_RRU
6
ByLayer
62
256
370
-1
90
4
70
1
10
13343.999996900558
20
-59560.00000029802
10
13343.999996900558
20
-59419.99999970198
10
13809.999999329448
20
-59419.99999970198
10
13809.999999329448
20
-59560.00000029802
0
LINE
5
67F8
330
659F
100
AcDbEntity
100
AcDbLine
8
EKP_TURK_TELEKOM_RRU
10
13343.999996900558
20
-59534.800000190735
30
0
11
13809.999999329448
21
-59534.800000190735
31
0
0
LINE
5
67F9
330
659F
100
AcDbEntity
100
AcDbLine
8
EKP_TURK_TELEKOM_RRU
10
13548.999997995794
20
-59490
30
0
11
13604.999998234212
21
-59490
31
0
0
LINE
5
67FA
330
659F
100
AcDbEntity
100
AcDbLine
8
EKP_TURK_TELEKOM_RRU
10
13576.999998115003
20
-59518.00000011921
30
0
11
13576.999998115003
21
-59461.99999988079
31
0
0
TEXT
5
67FB
330
659F
100
AcDbEntity
100
AcDbText
8
EKP_TURK_TELEKOM_RRU
10
13576.999998115003
20
-59466.479999899864
30
0
40
39.20000016689301
1
Turk Telekom RRU (Sag Boru 2, Alt)
50
0
7
STANDARD
72
1
11
13576.999998115003
21
-59466.479999899864
31
0
100
AcDbText
73
2
0
LWPOLYLINE
5
67FC
330
659F
100
AcDbEntity
100
AcDbPolyline
8
EKP_TURK_TELEKOM_RRU
6
ByLayer
62
256
370
-1
90
4
70
1
10
13343.999996900558
20
-59560.00000029802
10
13343.999996900558
20
-59419.99999970198
10
13809.999999329448
20
-59419.99999970198
10
13809.999999329448
20
-59560.00000029802
0
LINE
5
67FD
330
659F
100
AcDbEntity
100
AcDbLine
8
EKP_TURK_TELEKOM_RRU
10
13343.999996900558
20
-59534.800000190735
30
0
11
13809.999999329448
21
-59534.800000190735
31
0
0
LINE
5
67FE
330
659F
100
AcDbEntity
100
AcDbLine
8
EKP_TURK_TELEKOM_RRU
10
13548.999997995794
20
-59490
30
0
11
13604.999998234212
21
-59490
31
0
0
LINE
5
67FF
330
659F
100
AcDbEntity
100
AcDbLine
8
EKP_TURK_TELEKOM_RRU
10
13576.999998115003
20
-59518.00000011921
30
0
11
13576.999998115003
21
-59461.99999988079
31
0
0
TEXT
5
6800
330
659F
100
AcDbEntity
100
AcDbText
8
EKP_TURK_TELEKOM_RRU
10
13576.999998115003
20
-59466.479999899864
30
0
40
39.20000016689301
1
Turk Telekom RRU (Sag Boru 2, Ust)
50
0
7
STANDARD
72
1
11
13576.999998115003
21
-59466.479999899864
31
0
100
AcDbText
73
2
0
LWPOLYLINE
5
6801
330
659F
100
AcDbEntity
100
AcDbPolyline
8
EKP_TURK_TELEKOM_RRU
6
ByLayer
62
256
370
-1
90
4
70
1
10
13343.999996900558
20
-59740.00000029802
10
13343.999996900558
20
-59599.99999970198
10
13809.999999329448
20
-59599.99999970198
10
13809.999999329448
20
-59740.00000029802
0
LINE
5
6802
330
659F
100
AcDbEntity
100
AcDbLine
8
EKP_TURK_TELEKOM_RRU
10
13343.999996900558
20
-59714.800000190735
30
0
11
13809.999999329448
21
-59714.800000190735
31
0
0
LINE
5
6803
330
659F
100
AcDbEntity
100
AcDbLine
8
EKP_TURK_TELEKOM_RRU
10
13548.999997995794
20
-59670
30
0
11
13604.999998234212
21
-59670
31
0
0
LINE
5
6804
330
659F
100
AcDbEntity
100
AcDbLine
8
EKP_TURK_TELEKOM_RRU
10
13576.999998115003
20
-59698.00000011921
30
0
11
13576.999998115003
21
-59641.99999988079
31
0
0
TEXT
5
6805
330
659F
100
AcDbEntity
100
AcDbText
8
EKP_TURK_TELEKOM_RRU
10
13576.999998115003
20
-59646.479999899864
30
0
40
39.20000016689301
1
Turk Telekom RRU (Sag Boru 3, Alt)
50
0
7
STANDARD
72
1
11
13576.999998115003
21
-59646.479999899864
31
0
100
AcDbText
73
2
0
LWPOLYLINE
5
6806
330
659F
100
AcDbEntity
100
AcDbPolyline
8
EKP_TURK_TELEKOM_RRU
6
ByLayer
62
256
370
-1
90
4
70
1
10
13343.999996900558
20
-59740.00000029802
10
13343.999996900558
20
-59599.99999970198
10
13809.999999329448
20
-59599.99999970198
10
13809.999999329448
20
-59740.00000029802
0
LINE
5
6807
330
659F
100
AcDbEntity
100
AcDbLine
8
EKP_TURK_TELEKOM_RRU
10
13343.999996900558
20
-59714.800000190735
30
0
11
13809.999999329448
21
-59714.800000190735
31
0
0
LINE
5
6808
330
659F
100
AcDbEntity
100
AcDbLine
8
EKP_TURK_TELEKOM_RRU
10
13548.999997995794
20
-59670
30
0
11
13604.999998234212
21
-59670
31
0
0
LINE
5
6809
330
659F
100
AcDbEntity
100
AcDbLine
8
EKP_TURK_TELEKOM_RRU
10
13576.999998115003
20
-59698.00000011921
30
0
11
13576.999998115003
21
-59641.99999988079
31
0
0
TEXT
5
680A
330
659F
100
AcDbEntity
100
AcDbText
8
EKP_TURK_TELEKOM_RRU
10
13576.999998115003
20
-59646.479999899864
30
0
40
39.20000016689301
1
Turk Telekom RRU (Sag Boru 3, Ust)
50
0
7
STANDARD
72
1
11
13576.999998115003
21
-59646.479999899864
31
0
100
AcDbText
73
2
0
LWPOLYLINE
5
6903
330
659F
100
AcDbEntity
100
AcDbPolyline
8
EKP_TURK_TELEKOM_RRU
6
ByLayer
62
256
370
-1
90
4
70
1
10
-2440
20
-6450
10
-2440
20
-5950
10
-2060
20
-5950
10
-2060
20
-6450
0
LWPOLYLINE
5
6904
330
659F
100
AcDbEntity
100
AcDbPolyline
8
EKP_TURK_TELEKOM_RRU
6
ByLayer
62
256
370
-1
90
4
70
1
10
-2326
20
-5950
10
-2326
20
-5920
10
-2174
20
-5920
10
-2174
20
-5950
0
TEXT
5
6905
330
659F
100
AcDbEntity
100
AcDbText
8
EKP_TURK_TELEKOM_RRU
10
-2250
20
-6200
30
0
40
45
1
TT
50
0
7
STANDARD
72
1
11
-2250
21
-6200
31
0
100
AcDbText
73
2
0
LWPOLYLINE
5
692D
330
659F
100
AcDbEntity
100
AcDbPolyline
8
EKP_TURK_TELEKOM_RRU
6
ByLayer
62
256
370
-1
90
4
70
1
10
2060
20
-6450
10
2060
20
-5950
10
2440
20
-5950
10
2440
20
-6450
0
LWPOLYLINE
5
692E
330
659F
100
AcDbEntity
100
AcDbPolyline
8
EKP_TURK_TELEKOM_RRU
6
ByLayer
62
256
370
-1
90
4
70
1
10
2174
20
-5950
10
2174
20
-5920
10
2326
20
-5920
10
2326
20
-5950
0
TEXT
5
692F
330
659F
100
AcDbEntity
100
AcDbText
8
EKP_TURK_TELEKOM_RRU
10
2250
20
-6200
30
0
40
45
1
TT
50
0
7
STANDARD
72
1
11
2250
21
-6200
31
0
100
AcDbText
73
2
0
LWPOLYLINE
5
6679
330
659F
100
AcDbEntity
100
AcDbPolyline
8
EKP_POI_TASIYICI_SASE
6
ByLayer
62
256
370
-1
90
4
70
1
10
-3597.5434525137775
20
609.9872568126186
10
-3597.5434525137775
20
1229.9872574086653
10
-2897.5434644347065
20
1229.9872574086653
10
-2897.5434644347065
20
609.9872568126186
0
LWPOLYLINE
5
667A
330
659F
100
AcDbEntity
100
AcDbPolyline
8
EKP_POI_TASIYICI_SASE
6
ByLayer
62
256
370
-1
90
4
70
1
10
-3597.5434525137775
20
609.9872568126186
10
-3597.5434525137775
20
669.9872568126186
10
-3537.5434525137775
20
669.9872568126186
10
-3537.5434525137775
20
609.9872568126186
0
LWPOLYLINE
5
667B
330
659F
100
AcDbEntity
100
AcDbPolyline
8
EKP_POI_TASIYICI_SASE
6
ByLayer
62
256
370
-1
90
4
70
1
10
-2957.5434644347065
20
609.9872568126186
10
-2957.5434644347065
20
669.9872568126186
10
-2897.5434644347065
20
669.9872568126186
10
-2897.5434644347065
20
609.9872568126186
0
LWPOLYLINE
5
667C
330
659F
100
AcDbEntity
100
AcDbPolyline
8
EKP_POI_TASIYICI_SASE
6
ByLayer
62
256
370
-1
90
4
70
1
10
-3597.5434525137775
20
1169.9872574086653
10
-3597.5434525137775
20
1229.9872574086653
10
-3537.5434525137775
20
1229.9872574086653
10
-3537.5434525137775
20
1169.9872574086653
0
LWPOLYLINE
5
667D
330
659F
100
AcDbEntity
100
AcDbPolyline
8
EKP_POI_TASIYICI_SASE
6
ByLayer
62
256
370
-1
90
4
70
1
10
-2957.5434644347065
20
1169.9872574086653
10
-2957.5434644347065
20
1229.9872574086653
10
-2897.5434644347065
20
1229.9872574086653
10
-2897.5434644347065
20
1169.9872574086653
0
LWPOLYLINE
5
667E
330
659F
100
AcDbEntity
100
AcDbPolyline
8
EKP_POI_TASIYICI_SASE
6
ByLayer
62
256
370
-1
90
4
70
1
10
-3513.843458474242
20
669.9872568126186
10
-3513.843458474242
20
1169.9872574086653
10
-3488.843458474242
20
1169.9872574086653
10
-3488.843458474242
20
669.9872568126186
0
LWPOLYLINE
5
667F
330
659F
100
AcDbEntity
100
AcDbPolyline
8
EKP_POI_TASIYICI_SASE
6
ByLayer
62
256
370
-1
90
4
70
1
10
-3006.243458474242
20
669.9872568126186
10
-3006.243458474242
20
1169.9872574086653
10
-2981.243458474242
20
1169.9872574086653
10
-2981.243458474242
20
669.9872568126186
0
TEXT
5
6680
330
659F
100
AcDbEntity
100
AcDbText
8
EKP_POI_TASIYICI_SASE
10
-3247.543458474242
20
919.9872571106418
30
0
40
55
1
4 POI Rack Blok (4x POI Dolu) (Alan 4)
50
0
7
STANDARD
72
1
11
-3247.543458474242
21
919.9872571106418
31
0
100
AcDbText
73
2
0
LWPOLYLINE
5
6695
330
659F
100
AcDbEntity
100
AcDbPolyline
8
EKP_POI_TASIYICI_SASE
6
ByLayer
62
256
370
-1
90
4
70
1
10
2800.0449930533246
20
592.3812993710783
10
2800.0449930533246
20
1212.381299967125
10
3500.0449811323956
20
1212.381299967125
10
3500.0449811323956
20
592.3812993710783
0
LWPOLYLINE
5
6696
330
659F
100
AcDbEntity
100
AcDbPolyline
8
EKP_POI_TASIYICI_SASE
6
ByLayer
62
256
370
-1
90
4
70
1
10
2800.0449930533246
20
592.3812993710783
10
2800.0449930533246
20
652.3812993710783
10
2860.0449930533246
20
652.3812993710783
10
2860.0449930533246
20
592.3812993710783
0
LWPOLYLINE
5
6697
330
659F
100
AcDbEntity
100
AcDbPolyline
8
EKP_POI_TASIYICI_SASE
6
ByLayer
62
256
370
-1
90
4
70
1
10
3440.0449811323956
20
592.3812993710783
10
3440.0449811323956
20
652.3812993710783
10
3500.0449811323956
20
652.3812993710783
10
3500.0449811323956
20
592.3812993710783
0
LWPOLYLINE
5
6698
330
659F
100
AcDbEntity
100
AcDbPolyline
8
EKP_POI_TASIYICI_SASE
6
ByLayer
62
256
370
-1
90
4
70
1
10
2800.0449930533246
20
1152.381299967125
10
2800.0449930533246
20
1212.381299967125
10
2860.0449930533246
20
1212.381299967125
10
2860.0449930533246
20
1152.381299967125
0
LWPOLYLINE
5
6699
330
659F
100
AcDbEntity
100
AcDbPolyline
8
EKP_POI_TASIYICI_SASE
6
ByLayer
62
256
370
-1
90
4
70
1
10
3440.0449811323956
20
1152.381299967125
10
3440.0449811323956
20
1212.381299967125
10
3500.0449811323956
20
1212.381299967125
10
3500.0449811323956
20
1152.381299967125
0
LWPOLYLINE
5
669A
330
659F
100
AcDbEntity
100
AcDbPolyline
8
EKP_POI_TASIYICI_SASE
6
ByLayer
62
256
370
-1
90
4
70
1
10
2883.74498709286
20
652.3812993710783
10
2883.74498709286
20
1152.381299967125
10
2908.74498709286
20
1152.381299967125
10
2908.74498709286
20
652.3812993710783
0
LWPOLYLINE
5
669B
330
659F
100
AcDbEntity
100
AcDbPolyline
8
EKP_POI_TASIYICI_SASE
6
ByLayer
62
256
370
-1
90
4
70
1
10
3391.3449870928603
20
652.3812993710783
10
3391.3449870928603
20
1152.381299967125
10
3416.3449870928603
20
1152.381299967125
10
3416.3449870928603
20
652.3812993710783
0
TEXT
5
669C
330
659F
100
AcDbEntity
100
AcDbText
8
EKP_POI_TASIYICI_SASE
10
3150.04498709286
20
902.3812996691015
30
0
40
55
1
4 POI Rack Blok (4x POI Dolu) (Alan 4)
50
0
7
STANDARD
72
1
11
3150.04498709286
21
902.3812996691015
31
0
100
AcDbText
73
2
0
LWPOLYLINE
5
66D8
330
659F
100
AcDbEntity
100
AcDbPolyline
8
EKP_POI_TASIYICI_SASE
6
ByLayer
62
256
370
-1
90
4
70
1
10
-16210.000000298023
20
-60219.999994039536
10
-16210.000000298023
20
-59520.000005960464
10
-15589.999999701977
20
-59520.000005960464
10
-15589.999999701977
20
-60219.999994039536
0
LWPOLYLINE
5
66D9
330
659F
100
AcDbEntity
100
AcDbPolyline
8
EKP_POI_TASIYICI_SASE
6
ByLayer
62
256
370
-1
90
4
70
1
10
-16210.000000298023
20
-60219.999994039536
10
-16210.000000298023
20
-60159.999994039536
10
-16150.000000298023
20
-60159.999994039536
10
-16150.000000298023
20
-60219.999994039536
0
LWPOLYLINE
5
66DA
330
659F
100
AcDbEntity
100
AcDbPolyline
8
EKP_POI_TASIYICI_SASE
6
ByLayer
62
256
370
-1
90
4
70
1
10
-15649.999999701977
20
-60219.999994039536
10
-15649.999999701977
20
-60159.999994039536
10
-15589.999999701977
20
-60159.999994039536
10
-15589.999999701977
20
-60219.999994039536
0
LWPOLYLINE
5
66DB
330
659F
100
AcDbEntity
100
AcDbPolyline
8
EKP_POI_TASIYICI_SASE
6
ByLayer
62
256
370
-1
90
4
70
1
10
-16210.000000298023
20
-59580.000005960464
10
-16210.000000298023
20
-59520.000005960464
10
-16150.000000298023
20
-59520.000005960464
10
-16150.000000298023
20
-59580.000005960464
0
LWPOLYLINE
5
66DC
330
659F
100
AcDbEntity
100
AcDbPolyline
8
EKP_POI_TASIYICI_SASE
6
ByLayer
62
256
370
-1
90
4
70
1
10
-15649.999999701977
20
-59580.000005960464
10
-15649.999999701977
20
-59520.000005960464
10
-15589.999999701977
20
-59520.000005960464
10
-15589.999999701977
20
-59580.000005960464
0
LWPOLYLINE
5
66DD
330
659F
100
AcDbEntity
100
AcDbPolyline
8
EKP_POI_TASIYICI_SASE
6
ByLayer
62
256
370
-1
90
4
70
1
10
-16166.3
20
-60159.999994039536
10
-16166.3
20
-59580.000005960464
10
-16141.3
20
-59580.000005960464
10
-16141.3
20
-60159.999994039536
0
LWPOLYLINE
5
66DE
330
659F
100
AcDbEntity
100
AcDbPolyline
8
EKP_POI_TASIYICI_SASE
6
ByLayer
62
256
370
-1
90
4
70
1
10
-15658.7
20
-60159.999994039536
10
-15658.7
20
-59580.000005960464
10
-15633.7
20
-59580.000005960464
10
-15633.7
20
-60159.999994039536
0
TEXT
5
66DF
330
659F
100
AcDbEntity
100
AcDbText
8
EKP_POI_TASIYICI_SASE
10
-15900
20
-59870
30
0
40
55
1
30U POI Rack (4 POI) - Dogrudan Beton Zemin (Alan 4 - Sol #1)
50
0
7
STANDARD
72
1
11
-15900
21
-59870
31
0
100
AcDbText
73
2
0
LWPOLYLINE
5
66F4
330
659F
100
AcDbEntity
100
AcDbPolyline
8
EKP_POI_TASIYICI_SASE
6
ByLayer
62
256
370
-1
90
4
70
1
10
-15460.000000298023
20
-60219.999994039536
10
-15460.000000298023
20
-59520.000005960464
10
-14839.999999701977
20
-59520.000005960464
10
-14839.999999701977
20
-60219.999994039536
0
LWPOLYLINE
5
66F5
330
659F
100
AcDbEntity
100
AcDbPolyline
8
EKP_POI_TASIYICI_SASE
6
ByLayer
62
256
370
-1
90
4
70
1
10
-15460.000000298023
20
-60219.999994039536
10
-15460.000000298023
20
-60159.999994039536
10
-15400.000000298023
20
-60159.999994039536
10
-15400.000000298023
20
-60219.999994039536
0
LWPOLYLINE
5
66F6
330
659F
100
AcDbEntity
100
AcDbPolyline
8
EKP_POI_TASIYICI_SASE
6
ByLayer
62
256
370
-1
90
4
70
1
10
-14899.999999701977
20
-60219.999994039536
10
-14899.999999701977
20
-60159.999994039536
10
-14839.999999701977
20
-60159.999994039536
10
-14839.999999701977
20
-60219.999994039536
0
LWPOLYLINE
5
66F7
330
659F
100
AcDbEntity
100
AcDbPolyline
8
EKP_POI_TASIYICI_SASE
6
ByLayer
62
256
370
-1
90
4
70
1
10
-15460.000000298023
20
-59580.000005960464
10
-15460.000000298023
20
-59520.000005960464
10
-15400.000000298023
20
-59520.000005960464
10
-15400.000000298023
20
-59580.000005960464
0
LWPOLYLINE
5
66F8
330
659F
100
AcDbEntity
100
AcDbPolyline
8
EKP_POI_TASIYICI_SASE
6
ByLayer
62
256
370
-1
90
4
70
1
10
-14899.999999701977
20
-59580.000005960464
10
-14899.999999701977
20
-59520.000005960464
10
-14839.999999701977
20
-59520.000005960464
10
-14839.999999701977
20
-59580.000005960464
0
LWPOLYLINE
5
66F9
330
659F
100
AcDbEntity
100
AcDbPolyline
8
EKP_POI_TASIYICI_SASE
6
ByLayer
62
256
370
-1
90
4
70
1
10
-15416.3
20
-60159.999994039536
10
-15416.3
20
-59580.000005960464
10
-15391.3
20
-59580.000005960464
10
-15391.3
20
-60159.999994039536
0
LWPOLYLINE
5
66FA
330
659F
100
AcDbEntity
100
AcDbPolyline
8
EKP_POI_TASIYICI_SASE
6
ByLayer
62
256
370
-1
90
4
70
1
10
-14908.7
20
-60159.999994039536
10
-14908.7
20
-59580.000005960464
10
-14883.7
20
-59580.000005960464
10
-14883.7
20
-60159.999994039536
0
TEXT
5
66FB
330
659F
100
AcDbEntity
100
AcDbText
8
EKP_POI_TASIYICI_SASE
10
-15150
20
-59870
30
0
40
55
1
30U POI Rack (4 POI) - Dogrudan Beton Zemin (Alan 4 - Sol #2)
50
0
7
STANDARD
72
1
11
-15150
21
-59870
31
0
100
AcDbText
73
2
0
LWPOLYLINE
5
6710
330
659F
100
AcDbEntity
100
AcDbPolyline
8
EKP_POI_TASIYICI_SASE
6
ByLayer
62
256
370
-1
90
4
70
1
10
-14710.000000298023
20
-60219.999994039536
10
-14710.000000298023
20
-59520.000005960464
10
-14089.999999701977
20
-59520.000005960464
10
-14089.999999701977
20
-60219.999994039536
0
LWPOLYLINE
5
6711
330
659F
100
AcDbEntity
100
AcDbPolyline
8
EKP_POI_TASIYICI_SASE
6
ByLayer
62
256
370
-1
90
4
70
1
10
-14710.000000298023
20
-60219.999994039536
10
-14710.000000298023
20
-60159.999994039536
10
-14650.000000298023
20
-60159.999994039536
10
-14650.000000298023
20
-60219.999994039536
0
LWPOLYLINE
5
6712
330
659F
100
AcDbEntity
100
AcDbPolyline
8
EKP_POI_TASIYICI_SASE
6
ByLayer
62
256
370
-1
90
4
70
1
10
-14149.999999701977
20
-60219.999994039536
10
-14149.999999701977
20
-60159.999994039536
10
-14089.999999701977
20
-60159.999994039536
10
-14089.999999701977
20
-60219.999994039536
0
LWPOLYLINE
5
6713
330
659F
100
AcDbEntity
100
AcDbPolyline
8
EKP_POI_TASIYICI_SASE
6
ByLayer
62
256
370
-1
90
4
70
1
10
-14710.000000298023
20
-59580.000005960464
10
-14710.000000298023
20
-59520.000005960464
10
-14650.000000298023
20
-59520.000005960464
10
-14650.000000298023
20
-59580.000005960464
0
LWPOLYLINE
5
6714
330
659F
100
AcDbEntity
100
AcDbPolyline
8
EKP_POI_TASIYICI_SASE
6
ByLayer
62
256
370
-1
90
4
70
1
10
-14149.999999701977
20
-59580.000005960464
10
-14149.999999701977
20
-59520.000005960464
10
-14089.999999701977
20
-59520.000005960464
10
-14089.999999701977
20
-59580.000005960464
0
LWPOLYLINE
5
6715
330
659F
100
AcDbEntity
100
AcDbPolyline
8
EKP_POI_TASIYICI_SASE
6
ByLayer
62
256
370
-1
90
4
70
1
10
-14666.3
20
-60159.999994039536
10
-14666.3
20
-59580.000005960464
10
-14641.3
20
-59580.000005960464
10
-14641.3
20
-60159.999994039536
0
LWPOLYLINE
5
6716
330
659F
100
AcDbEntity
100
AcDbPolyline
8
EKP_POI_TASIYICI_SASE
6
ByLayer
62
256
370
-1
90
4
70
1
10
-14158.7
20
-60159.999994039536
10
-14158.7
20
-59580.000005960464
10
-14133.7
20
-59580.000005960464
10
-14133.7
20
-60159.999994039536
0
TEXT
5
6717
330
659F
100
AcDbEntity
100
AcDbText
8
EKP_POI_TASIYICI_SASE
10
-14400
20
-59870
30
0
40
55
1
30U POI Rack (4 POI) - Dogrudan Beton Zemin (Alan 4 - Sol #3)
50
0
7
STANDARD
72
1
11
-14400
21
-59870
31
0
100
AcDbText
73
2
0
LWPOLYLINE
5
681A
330
659F
100
AcDbEntity
100
AcDbPolyline
8
EKP_POI_TASIYICI_SASE
6
ByLayer
62
256
370
-1
90
4
70
1
10
14089.999999701977
20
-60219.999994039536
10
14089.999999701977
20
-59520.000005960464
10
14710.000000298023
20
-59520.000005960464
10
14710.000000298023
20
-60219.999994039536
0
LWPOLYLINE
5
681B
330
659F
100
AcDbEntity
100
AcDbPolyline
8
EKP_POI_TASIYICI_SASE
6
ByLayer
62
256
370
-1
90
4
70
1
10
14089.999999701977
20
-60219.999994039536
10
14089.999999701977
20
-60159.999994039536
10
14149.999999701977
20
-60159.999994039536
10
14149.999999701977
20
-60219.999994039536
0
LWPOLYLINE
5
681C
330
659F
100
AcDbEntity
100
AcDbPolyline
8
EKP_POI_TASIYICI_SASE
6
ByLayer
62
256
370
-1
90
4
70
1
10
14650.000000298023
20
-60219.999994039536
10
14650.000000298023
20
-60159.999994039536
10
14710.000000298023
20
-60159.999994039536
10
14710.000000298023
20
-60219.999994039536
0
LWPOLYLINE
5
681D
330
659F
100
AcDbEntity
100
AcDbPolyline
8
EKP_POI_TASIYICI_SASE
6
ByLayer
62
256
370
-1
90
4
70
1
10
14089.999999701977
20
-59580.000005960464
10
14089.999999701977
20
-59520.000005960464
10
14149.999999701977
20
-59520.000005960464
10
14149.999999701977
20
-59580.000005960464
0
LWPOLYLINE
5
681E
330
659F
100
AcDbEntity
100
AcDbPolyline
8
EKP_POI_TASIYICI_SASE
6
ByLayer
62
256
370
-1
90
4
70
1
10
14650.000000298023
20
-59580.000005960464
10
14650.000000298023
20
-59520.000005960464
10
14710.000000298023
20
-59520.000005960464
10
14710.000000298023
20
-59580.000005960464
0
LWPOLYLINE
5
681F
330
659F
100
AcDbEntity
100
AcDbPolyline
8
EKP_POI_TASIYICI_SASE
6
ByLayer
62
256
370
-1
90
4
70
1
10
14133.7
20
-60159.999994039536
10
14133.7
20
-59580.000005960464
10
14158.7
20
-59580.000005960464
10
14158.7
20
-60159.999994039536
0
LWPOLYLINE
5
6820
330
659F
100
AcDbEntity
100
AcDbPolyline
8
EKP_POI_TASIYICI_SASE
6
ByLayer
62
256
370
-1
90
4
70
1
10
14641.3
20
-60159.999994039536
10
14641.3
20
-59580.000005960464
10
14666.3
20
-59580.000005960464
10
14666.3
20
-60159.999994039536
0
TEXT
5
6821
330
659F
100
AcDbEntity
100
AcDbText
8
EKP_POI_TASIYICI_SASE
10
14400
20
-59870
30
0
40
55
1
30U POI Rack (4 POI) - Dogrudan Beton Zemin (Alan 4 - Sag #3)
50
0
7
STANDARD
72
1
11
14400
21
-59870
31
0
100
AcDbText
73
2
0
LWPOLYLINE
5
6836
330
659F
100
AcDbEntity
100
AcDbPolyline
8
EKP_POI_TASIYICI_SASE
6
ByLayer
62
256
370
-1
90
4
70
1
10
14839.999999701977
20
-60219.999994039536
10
14839.999999701977
20
-59520.000005960464
10
15460.000000298023
20
-59520.000005960464
10
15460.000000298023
20
-60219.999994039536
0
LWPOLYLINE
5
6837
330
659F
100
AcDbEntity
100
AcDbPolyline
8
EKP_POI_TASIYICI_SASE
6
ByLayer
62
256
370
-1
90
4
70
1
10
14839.999999701977
20
-60219.999994039536
10
14839.999999701977
20
-60159.999994039536
10
14899.999999701977
20
-60159.999994039536
10
14899.999999701977
20
-60219.999994039536
0
LWPOLYLINE
5
6838
330
659F
100
AcDbEntity
100
AcDbPolyline
8
EKP_POI_TASIYICI_SASE
6
ByLayer
62
256
370
-1
90
4
70
1
10
15400.000000298023
20
-60219.999994039536
10
15400.000000298023
20
-60159.999994039536
10
15460.000000298023
20
-60159.999994039536
10
15460.000000298023
20
-60219.999994039536
0
LWPOLYLINE
5
6839
330
659F
100
AcDbEntity
100
AcDbPolyline
8
EKP_POI_TASIYICI_SASE
6
ByLayer
62
256
370
-1
90
4
70
1
10
14839.999999701977
20
-59580.000005960464
10
14839.999999701977
20
-59520.000005960464
10
14899.999999701977
20
-59520.000005960464
10
14899.999999701977
20
-59580.000005960464
0
LWPOLYLINE
5
683A
330
659F
100
AcDbEntity
100
AcDbPolyline
8
EKP_POI_TASIYICI_SASE
6
ByLayer
62
256
370
-1
90
4
70
1
10
15400.000000298023
20
-59580.000005960464
10
15400.000000298023
20
-59520.000005960464
10
15460.000000298023
20
-59520.000005960464
10
15460.000000298023
20
-59580.000005960464
0
LWPOLYLINE
5
683B
330
659F
100
AcDbEntity
100
AcDbPolyline
8
EKP_POI_TASIYICI_SASE
6
ByLayer
62
256
370
-1
90
4
70
1
10
14883.7
20
-60159.999994039536
10
14883.7
20
-59580.000005960464
10
14908.7
20
-59580.000005960464
10
14908.7
20
-60159.999994039536
0
LWPOLYLINE
5
683C
330
659F
100
AcDbEntity
100
AcDbPolyline
8
EKP_POI_TASIYICI_SASE
6
ByLayer
62
256
370
-1
90
4
70
1
10
15391.3
20
-60159.999994039536
10
15391.3
20
-59580.000005960464
10
15416.3
20
-59580.000005960464
10
15416.3
20
-60159.999994039536
0
TEXT
5
683D
330
659F
100
AcDbEntity
100
AcDbText
8
EKP_POI_TASIYICI_SASE
10
15150
20
-59870
30
0
40
55
1
30U POI Rack (4 POI) - Dogrudan Beton Zemin (Alan 4 - Sag #2)
50
0
7
STANDARD
72
1
11
15150
21
-59870
31
0
100
AcDbText
73
2
0
LWPOLYLINE
5
6852
330
659F
100
AcDbEntity
100
AcDbPolyline
8
EKP_POI_TASIYICI_SASE
6
ByLayer
62
256
370
-1
90
4
70
1
10
15589.999999701977
20
-60219.999994039536
10
15589.999999701977
20
-59520.000005960464
10
16210.000000298023
20
-59520.000005960464
10
16210.000000298023
20
-60219.999994039536
0
LWPOLYLINE
5
6853
330
659F
100
AcDbEntity
100
AcDbPolyline
8
EKP_POI_TASIYICI_SASE
6
ByLayer
62
256
370
-1
90
4
70
1
10
15589.999999701977
20
-60219.999994039536
10
15589.999999701977
20
-60159.999994039536
10
15649.999999701977
20
-60159.999994039536
10
15649.999999701977
20
-60219.999994039536
0
LWPOLYLINE
5
6854
330
659F
100
AcDbEntity
100
AcDbPolyline
8
EKP_POI_TASIYICI_SASE
6
ByLayer
62
256
370
-1
90
4
70
1
10
16150.000000298023
20
-60219.999994039536
10
16150.000000298023
20
-60159.999994039536
10
16210.000000298023
20
-60159.999994039536
10
16210.000000298023
20
-60219.999994039536
0
LWPOLYLINE
5
6855
330
659F
100
AcDbEntity
100
AcDbPolyline
8
EKP_POI_TASIYICI_SASE
6
ByLayer
62
256
370
-1
90
4
70
1
10
15589.999999701977
20
-59580.000005960464
10
15589.999999701977
20
-59520.000005960464
10
15649.999999701977
20
-59520.000005960464
10
15649.999999701977
20
-59580.000005960464
0
LWPOLYLINE
5
6856
330
659F
100
AcDbEntity
100
AcDbPolyline
8
EKP_POI_TASIYICI_SASE
6
ByLayer
62
256
370
-1
90
4
70
1
10
16150.000000298023
20
-59580.000005960464
10
16150.000000298023
20
-59520.000005960464
10
16210.000000298023
20
-59520.000005960464
10
16210.000000298023
20
-59580.000005960464
0
LWPOLYLINE
5
6857
330
659F
100
AcDbEntity
100
AcDbPolyline
8
EKP_POI_TASIYICI_SASE
6
ByLayer
62
256
370
-1
90
4
70
1
10
15633.7
20
-60159.999994039536
10
15633.7
20
-59580.000005960464
10
15658.7
20
-59580.000005960464
10
15658.7
20
-60159.999994039536
0
LWPOLYLINE
5
6858
330
659F
100
AcDbEntity
100
AcDbPolyline
8
EKP_POI_TASIYICI_SASE
6
ByLayer
62
256
370
-1
90
4
70
1
10
16141.3
20
-60159.999994039536
10
16141.3
20
-59580.000005960464
10
16166.3
20
-59580.000005960464
10
16166.3
20
-60159.999994039536
0
TEXT
5
6859
330
659F
100
AcDbEntity
100
AcDbText
8
EKP_POI_TASIYICI_SASE
10
15900
20
-59870
30
0
40
55
1
30U POI Rack (4 POI) - Dogrudan Beton Zemin (Alan 4 - Sag #1)
50
0
7
STANDARD
72
1
11
15900
21
-59870
31
0
100
AcDbText
73
2
0
LWPOLYLINE
5
6681
330
659F
100
AcDbEntity
100
AcDbPolyline
8
EKP_POI_MODULLERI
6
ByLayer
62
256
370
-1
90
4
70
1
10
-3422.54345549401
20
679.9872575576768
10
-3422.54345549401
20
1159.987256663607
10
-3047.5434582879775
20
1159.987256663607
10
-3047.5434582879775
20
679.9872575576768
0
LINE
5
6682
330
659F
100
AcDbEntity
100
AcDbLine
8
EKP_POI_MODULLERI
10
-3366.293455913105
20
679.9872575576768
30
0
11
-3366.293455913105
21
1159.987256663607
31
0
0
LINE
5
6683
330
659F
100
AcDbEntity
100
AcDbLine
8
EKP_POI_MODULLERI
10
-3302.5434563880794
20
919.987257110642
30
0
11
-3167.543457393908
21
919.987257110642
31
0
0
LINE
5
6684
330
659F
100
AcDbEntity
100
AcDbLine
8
EKP_POI_MODULLERI
10
-3235.0434568909936
20
852.4872576135562
30
0
11
-3235.0434568909936
21
987.4872566077278
31
0
0
TEXT
5
6685
330
659F
100
AcDbEntity
100
AcDbText
8
EKP_POI_MODULLERI
10
-3235.0434568909936
20
946.987257110642
30
0
40
45
1
POI Modul 1 (CB-12-POI-64F-A12)
50
0
7
STANDARD
72
1
11
-3235.0434568909936
21
946.987257110642
31
0
100
AcDbText
73
2
0
LWPOLYLINE
5
6686
330
659F
100
AcDbEntity
100
AcDbPolyline
8
EKP_POI_MODULLERI
6
ByLayer
62
256
370
-1
90
4
70
1
10
-3422.54345549401
20
679.9872575576768
10
-3422.54345549401
20
1159.987256663607
10
-3047.5434582879775
20
1159.987256663607
10
-3047.5434582879775
20
679.9872575576768
0
LINE
5
6687
330
659F
100
AcDbEntity
100
AcDbLine
8
EKP_POI_MODULLERI
10
-3366.293455913105
20
679.9872575576768
30
0
11
-3366.293455913105
21
1159.987256663607
31
0
0
LINE
5
6688
330
659F
100
AcDbEntity
100
AcDbLine
8
EKP_POI_MODULLERI
10
-3302.5434563880794
20
919.987257110642
30
0
11
-3167.543457393908
21
919.987257110642
31
0
0
LINE
5
6689
330
659F
100
AcDbEntity
100
AcDbLine
8
EKP_POI_MODULLERI
10
-3235.0434568909936
20
852.4872576135562
30
0
11
-3235.0434568909936
21
987.4872566077278
31
0
0
TEXT
5
668A
330
659F
100
AcDbEntity
100
AcDbText
8
EKP_POI_MODULLERI
10
-3235.0434568909936
20
946.987257110642
30
0
40
45
1
POI Modul 2 (CB-12-POI-64F-A12)
50
0
7
STANDARD
72
1
11
-3235.0434568909936
21
946.987257110642
31
0
100
AcDbText
73
2
0
LWPOLYLINE
5
668B
330
659F
100
AcDbEntity
100
AcDbPolyline
8
EKP_POI_MODULLERI
6
ByLayer
62
256
370
-1
90
4
70
1
10
-3422.54345549401
20
679.9872575576768
10
-3422.54345549401
20
1159.987256663607
10
-3047.5434582879775
20
1159.987256663607
10
-3047.5434582879775
20
679.9872575576768
0
LINE
5
668C
330
659F
100
AcDbEntity
100
AcDbLine
8
EKP_POI_MODULLERI
10
-3366.293455913105
20
679.9872575576768
30
0
11
-3366.293455913105
21
1159.987256663607
31
0
0
LINE
5
668D
330
659F
100
AcDbEntity
100
AcDbLine
8
EKP_POI_MODULLERI
10
-3302.5434563880794
20
919.987257110642
30
0
11
-3167.543457393908
21
919.987257110642
31
0
0
LINE
5
668E
330
659F
100
AcDbEntity
100
AcDbLine
8
EKP_POI_MODULLERI
10
-3235.0434568909936
20
852.4872576135562
30
0
11
-3235.0434568909936
21
987.4872566077278
31
0
0
TEXT
5
668F
330
659F
100
AcDbEntity
100
AcDbText
8
EKP_POI_MODULLERI
10
-3235.0434568909936
20
946.987257110642
30
0
40
45
1
POI Modul 3 (CB-12-POI-64F-A12)
50
0
7
STANDARD
72
1
11
-3235.0434568909936
21
946.987257110642
31
0
100
AcDbText
73
2
0
LWPOLYLINE
5
6690
330
659F
100
AcDbEntity
100
AcDbPolyline
8
EKP_POI_MODULLERI
6
ByLayer
62
256
370
-1
90
4
70
1
10
-3422.54345549401
20
679.9872575576768
10
-3422.54345549401
20
1159.987256663607
10
-3047.5434582879775
20
1159.987256663607
10
-3047.5434582879775
20
679.9872575576768
0
LINE
5
6691
330
659F
100
AcDbEntity
100
AcDbLine
8
EKP_POI_MODULLERI
10
-3366.293455913105
20
679.9872575576768
30
0
11
-3366.293455913105
21
1159.987256663607
31
0
0
LINE
5
6692
330
659F
100
AcDbEntity
100
AcDbLine
8
EKP_POI_MODULLERI
10
-3302.5434563880794
20
919.987257110642
30
0
11
-3167.543457393908
21
919.987257110642
31
0
0
LINE
5
6693
330
659F
100
AcDbEntity
100
AcDbLine
8
EKP_POI_MODULLERI
10
-3235.0434568909936
20
852.4872576135562
30
0
11
-3235.0434568909936
21
987.4872566077278
31
0
0
TEXT
5
6694
330
659F
100
AcDbEntity
100
AcDbText
8
EKP_POI_MODULLERI
10
-3235.0434568909936
20
946.987257110642
30
0
40
45
1
POI Modul 4 (CB-12-POI-64F-A12)
50
0
7
STANDARD
72
1
11
-3235.0434568909936
21
946.987257110642
31
0
100
AcDbText
73
2
0
LWPOLYLINE
5
669D
330
659F
100
AcDbEntity
100
AcDbPolyline
8
EKP_POI_MODULLERI
6
ByLayer
62
256
370
-1
90
4
70
1
10
2950.0449869065956
20
662.3813001161365
10
2950.0449869065956
20
1142.3812992220667
10
3325.044984112628
20
1142.3812992220667
10
3325.044984112628
20
662.3813001161365
0
LINE
5
669E
330
659F
100
AcDbEntity
100
AcDbLine
8
EKP_POI_MODULLERI
10
3006.2949864875004
20
662.3813001161365
30
0
11
3006.2949864875004
21
1142.3812992220667
31
0
0
LINE
5
669F
330
659F
100
AcDbEntity
100
AcDbLine
8
EKP_POI_MODULLERI
10
3070.044986012526
20
902.3812996691016
30
0
11
3205.0449850066975
21
902.3812996691016
31
0
0
LINE
5
66A0
330
659F
100
AcDbEntity
100
AcDbLine
8
EKP_POI_MODULLERI
10
3137.5449855096117
20
834.8813001720158
30
0
11
3137.5449855096117
21
969.8812991661874
31
0
0
TEXT
5
66A1
330
659F
100
AcDbEntity
100
AcDbText
8
EKP_POI_MODULLERI
10
3137.5449855096117
20
929.3812996691016
30
0
40
45
1
POI Modul 1 (CB-12-POI-64F-A12)
50
0
7
STANDARD
72
1
11
3137.5449855096117
21
929.3812996691016
31
0
100
AcDbText
73
2
0
LWPOLYLINE
5
66A2
330
659F
100
AcDbEntity
100
AcDbPolyline
8
EKP_POI_MODULLERI
6
ByLayer
62
256
370
-1
90
4
70
1
10
2950.0449869065956
20
662.3813001161365
10
2950.0449869065956
20
1142.3812992220667
10
3325.044984112628
20
1142.3812992220667
10
3325.044984112628
20
662.3813001161365
0
LINE
5
66A3
330
659F
100
AcDbEntity
100
AcDbLine
8
EKP_POI_MODULLERI
10
3006.2949864875004
20
662.3813001161365
30
0
11
3006.2949864875004
21
1142.3812992220667
31
0
0
LINE
5
66A4
330
659F
100
AcDbEntity
100
AcDbLine
8
EKP_POI_MODULLERI
10
3070.044986012526
20
902.3812996691016
30
0
11
3205.0449850066975
21
902.3812996691016
31
0
0
LINE
5
66A5
330
659F
100
AcDbEntity
100
AcDbLine
8
EKP_POI_MODULLERI
10
3137.5449855096117
20
834.8813001720158
30
0
11
3137.5449855096117
21
969.8812991661874
31
0
0
TEXT
5
66A6
330
659F
100
AcDbEntity
100
AcDbText
8
EKP_POI_MODULLERI
10
3137.5449855096117
20
929.3812996691016
30
0
40
45
1
POI Modul 2 (CB-12-POI-64F-A12)
50
0
7
STANDARD
72
1
11
3137.5449855096117
21
929.3812996691016
31
0
100
AcDbText
73
2
0
LWPOLYLINE
5
66A7
330
659F
100
AcDbEntity
100
AcDbPolyline
8
EKP_POI_MODULLERI
6
ByLayer
62
256
370
-1
90
4
70
1
10
2950.0449869065956
20
662.3813001161365
10
2950.0449869065956
20
1142.3812992220667
10
3325.044984112628
20
1142.3812992220667
10
3325.044984112628
20
662.3813001161365
0
LINE
5
66A8
330
659F
100
AcDbEntity
100
AcDbLine
8
EKP_POI_MODULLERI
10
3006.2949864875004
20
662.3813001161365
30
0
11
3006.2949864875004
21
1142.3812992220667
31
0
0
LINE
5
66A9
330
659F
100
AcDbEntity
100
AcDbLine
8
EKP_POI_MODULLERI
10
3070.044986012526
20
902.3812996691016
30
0
11
3205.0449850066975
21
902.3812996691016
31
0
0
LINE
5
66AA
330
659F
100
AcDbEntity
100
AcDbLine
8
EKP_POI_MODULLERI
10
3137.5449855096117
20
834.8813001720158
30
0
11
3137.5449855096117
21
969.8812991661874
31
0
0
TEXT
5
66AB
330
659F
100
AcDbEntity
100
AcDbText
8
EKP_POI_MODULLERI
10
3137.5449855096117
20
929.3812996691016
30
0
40
45
1
POI Modul 3 (CB-12-POI-64F-A12)
50
0
7
STANDARD
72
1
11
3137.5449855096117
21
929.3812996691016
31
0
100
AcDbText
73
2
0
LWPOLYLINE
5
66AC
330
659F
100
AcDbEntity
100
AcDbPolyline
8
EKP_POI_MODULLERI
6
ByLayer
62
256
370
-1
90
4
70
1
10
2950.0449869065956
20
662.3813001161365
10
2950.0449869065956
20
1142.3812992220667
10
3325.044984112628
20
1142.3812992220667
10
3325.044984112628
20
662.3813001161365
0
LINE
5
66AD
330
659F
100
AcDbEntity
100
AcDbLine
8
EKP_POI_MODULLERI
10
3006.2949864875004
20
662.3813001161365
30
0
11
3006.2949864875004
21
1142.3812992220667
31
0
0
LINE
5
66AE
330
659F
100
AcDbEntity
100
AcDbLine
8
EKP_POI_MODULLERI
10
3070.044986012526
20
902.3812996691016
30
0
11
3205.0449850066975
21
902.3812996691016
31
0
0
LINE
5
66AF
330
659F
100
AcDbEntity
100
AcDbLine
8
EKP_POI_MODULLERI
10
3137.5449855096117
20
834.8813001720158
30
0
11
3137.5449855096117
21
969.8812991661874
31
0
0
TEXT
5
66B0
330
659F
100
AcDbEntity
100
AcDbText
8
EKP_POI_MODULLERI
10
3137.5449855096117
20
929.3812996691016
30
0
40
45
1
POI Modul 4 (CB-12-POI-64F-A12)
50
0
7
STANDARD
72
1
11
3137.5449855096117
21
929.3812996691016
31
0
100
AcDbText
73
2
0
LWPOLYLINE
5
66E0
330
659F
100
AcDbEntity
100
AcDbPolyline
8
EKP_POI_MODULLERI
6
ByLayer
62
256
370
-1
90
4
70
1
10
-16139.999999552965
20
-60044.99999701977
10
-16139.999999552965
20
-59669.999999813735
10
-15660.000000447033
20
-59669.999999813735
10
-15660.000000447033
20
-60044.99999701977
0
LINE
5
66E1
330
659F
100
AcDbEntity
100
AcDbLine
8
EKP_POI_MODULLERI
10
-16139.999999552965
20
-59988.74999743886
30
0
11
-15660.000000447033
21
-59988.74999743886
31
0
0
LINE
5
66E2
330
659F
100
AcDbEntity
100
AcDbLine
8
EKP_POI_MODULLERI
10
-15967.499999497086
20
-59857.49999841675
30
0
11
-15832.500000502914
21
-59857.49999841675
31
0
0
LINE
5
66E3
330
659F
100
AcDbEntity
100
AcDbLine
8
EKP_POI_MODULLERI
10
-15900
20
-59924.99999791384
30
0
11
-15900
21
-59789.999998919666
31
0
0
TEXT
5
66E4
330
659F
100
AcDbEntity
100
AcDbText
8
EKP_POI_MODULLERI
10
-15900
20
-59830.49999841675
30
0
40
45
1
POI Modul 1 (CB-12-POI-64F-A12)
50
0
7
STANDARD
72
1
11
-15900
21
-59830.49999841675
31
0
100
AcDbText
73
2
0
LWPOLYLINE
5
66E5
330
659F
100
AcDbEntity
100
AcDbPolyline
8
EKP_POI_MODULLERI
6
ByLayer
62
256
370
-1
90
4
70
1
10
-16139.999999552965
20
-60044.99999701977
10
-16139.999999552965
20
-59669.999999813735
10
-15660.000000447033
20
-59669.999999813735
10
-15660.000000447033
20
-60044.99999701977
0
LINE
5
66E6
330
659F
100
AcDbEntity
100
AcDbLine
8
EKP_POI_MODULLERI
10
-16139.999999552965
20
-59988.74999743886
30
0
11
-15660.000000447033
21
-59988.74999743886
31
0
0
LINE
5
66E7
330
659F
100
AcDbEntity
100
AcDbLine
8
EKP_POI_MODULLERI
10
-15967.499999497086
20
-59857.49999841675
30
0
11
-15832.500000502914
21
-59857.49999841675
31
0
0
LINE
5
66E8
330
659F
100
AcDbEntity
100
AcDbLine
8
EKP_POI_MODULLERI
10
-15900
20
-59924.99999791384
30
0
11
-15900
21
-59789.999998919666
31
0
0
TEXT
5
66E9
330
659F
100
AcDbEntity
100
AcDbText
8
EKP_POI_MODULLERI
10
-15900
20
-59830.49999841675
30
0
40
45
1
POI Modul 2 (CB-12-POI-64F-A12)
50
0
7
STANDARD
72
1
11
-15900
21
-59830.49999841675
31
0
100
AcDbText
73
2
0
LWPOLYLINE
5
66EA
330
659F
100
AcDbEntity
100
AcDbPolyline
8
EKP_POI_MODULLERI
6
ByLayer
62
256
370
-1
90
4
70
1
10
-16139.999999552965
20
-60044.99999701977
10
-16139.999999552965
20
-59669.999999813735
10
-15660.000000447033
20
-59669.999999813735
10
-15660.000000447033
20
-60044.99999701977
0
LINE
5
66EB
330
659F
100
AcDbEntity
100
AcDbLine
8
EKP_POI_MODULLERI
10
-16139.999999552965
20
-59988.74999743886
30
0
11
-15660.000000447033
21
-59988.74999743886
31
0
0
LINE
5
66EC
330
659F
100
AcDbEntity
100
AcDbLine
8
EKP_POI_MODULLERI
10
-15967.499999497086
20
-59857.49999841675
30
0
11
-15832.500000502914
21
-59857.49999841675
31
0
0
LINE
5
66ED
330
659F
100
AcDbEntity
100
AcDbLine
8
EKP_POI_MODULLERI
10
-15900
20
-59924.99999791384
30
0
11
-15900
21
-59789.999998919666
31
0
0
TEXT
5
66EE
330
659F
100
AcDbEntity
100
AcDbText
8
EKP_POI_MODULLERI
10
-15900
20
-59830.49999841675
30
0
40
45
1
POI Modul 3 (CB-12-POI-64F-A12)
50
0
7
STANDARD
72
1
11
-15900
21
-59830.49999841675
31
0
100
AcDbText
73
2
0
LWPOLYLINE
5
66EF
330
659F
100
AcDbEntity
100
AcDbPolyline
8
EKP_POI_MODULLERI
6
ByLayer
62
256
370
-1
90
4
70
1
10
-16139.999999552965
20
-60044.99999701977
10
-16139.999999552965
20
-59669.999999813735
10
-15660.000000447033
20
-59669.999999813735
10
-15660.000000447033
20
-60044.99999701977
0
LINE
5
66F0
330
659F
100
AcDbEntity
100
AcDbLine
8
EKP_POI_MODULLERI
10
-16139.999999552965
20
-59988.74999743886
30
0
11
-15660.000000447033
21
-59988.74999743886
31
0
0
LINE
5
66F1
330
659F
100
AcDbEntity
100
AcDbLine
8
EKP_POI_MODULLERI
10
-15967.499999497086
20
-59857.49999841675
30
0
11
-15832.500000502914
21
-59857.49999841675
31
0
0
LINE
5
66F2
330
659F
100
AcDbEntity
100
AcDbLine
8
EKP_POI_MODULLERI
10
-15900
20
-59924.99999791384
30
0
11
-15900
21
-59789.999998919666
31
0
0
TEXT
5
66F3
330
659F
100
AcDbEntity
100
AcDbText
8
EKP_POI_MODULLERI
10
-15900
20
-59830.49999841675
30
0
40
45
1
POI Modul 4 (CB-12-POI-64F-A12)
50
0
7
STANDARD
72
1
11
-15900
21
-59830.49999841675
31
0
100
AcDbText
73
2
0
LWPOLYLINE
5
66FC
330
659F
100
AcDbEntity
100
AcDbPolyline
8
EKP_POI_MODULLERI
6
ByLayer
62
256
370
-1
90
4
70
1
10
-15389.999999552965
20
-60044.99999701977
10
-15389.999999552965
20
-59669.999999813735
10
-14910.000000447033
20
-59669.999999813735
10
-14910.000000447033
20
-60044.99999701977
0
LINE
5
66FD
330
659F
100
AcDbEntity
100
AcDbLine
8
EKP_POI_MODULLERI
10
-15389.999999552965
20
-59988.74999743886
30
0
11
-14910.000000447033
21
-59988.74999743886
31
0
0
LINE
5
66FE
330
659F
100
AcDbEntity
100
AcDbLine
8
EKP_POI_MODULLERI
10
-15217.499999497086
20
-59857.49999841675
30
0
11
-15082.500000502914
21
-59857.49999841675
31
0
0
LINE
5
66FF
330
659F
100
AcDbEntity
100
AcDbLine
8
EKP_POI_MODULLERI
10
-15150
20
-59924.99999791384
30
0
11
-15150
21
-59789.999998919666
31
0
0
TEXT
5
6700
330
659F
100
AcDbEntity
100
AcDbText
8
EKP_POI_MODULLERI
10
-15150
20
-59830.49999841675
30
0
40
45
1
POI Modul 1 (CB-12-POI-64F-A12)
50
0
7
STANDARD
72
1
11
-15150
21
-59830.49999841675
31
0
100
AcDbText
73
2
0
LWPOLYLINE
5
6701
330
659F
100
AcDbEntity
100
AcDbPolyline
8
EKP_POI_MODULLERI
6
ByLayer
62
256
370
-1
90
4
70
1
10
-15389.999999552965
20
-60044.99999701977
10
-15389.999999552965
20
-59669.999999813735
10
-14910.000000447033
20
-59669.999999813735
10
-14910.000000447033
20
-60044.99999701977
0
LINE
5
6702
330
659F
100
AcDbEntity
100
AcDbLine
8
EKP_POI_MODULLERI
10
-15389.999999552965
20
-59988.74999743886
30
0
11
-14910.000000447033
21
-59988.74999743886
31
0
0
LINE
5
6703
330
659F
100
AcDbEntity
100
AcDbLine
8
EKP_POI_MODULLERI
10
-15217.499999497086
20
-59857.49999841675
30
0
11
-15082.500000502914
21
-59857.49999841675
31
0
0
LINE
5
6704
330
659F
100
AcDbEntity
100
AcDbLine
8
EKP_POI_MODULLERI
10
-15150
20
-59924.99999791384
30
0
11
-15150
21
-59789.999998919666
31
0
0
TEXT
5
6705
330
659F
100
AcDbEntity
100
AcDbText
8
EKP_POI_MODULLERI
10
-15150
20
-59830.49999841675
30
0
40
45
1
POI Modul 2 (CB-12-POI-64F-A12)
50
0
7
STANDARD
72
1
11
-15150
21
-59830.49999841675
31
0
100
AcDbText
73
2
0
LWPOLYLINE
5
6706
330
659F
100
AcDbEntity
100
AcDbPolyline
8
EKP_POI_MODULLERI
6
ByLayer
62
256
370
-1
90
4
70
1
10
-15389.999999552965
20
-60044.99999701977
10
-15389.999999552965
20
-59669.999999813735
10
-14910.000000447033
20
-59669.999999813735
10
-14910.000000447033
20
-60044.99999701977
0
LINE
5
6707
330
659F
100
AcDbEntity
100
AcDbLine
8
EKP_POI_MODULLERI
10
-15389.999999552965
20
-59988.74999743886
30
0
11
-14910.000000447033
21
-59988.74999743886
31
0
0
LINE
5
6708
330
659F
100
AcDbEntity
100
AcDbLine
8
EKP_POI_MODULLERI
10
-15217.499999497086
20
-59857.49999841675
30
0
11
-15082.500000502914
21
-59857.49999841675
31
0
0
LINE
5
6709
330
659F
100
AcDbEntity
100
AcDbLine
8
EKP_POI_MODULLERI
10
-15150
20
-59924.99999791384
30
0
11
-15150
21
-59789.999998919666
31
0
0
TEXT
5
670A
330
659F
100
AcDbEntity
100
AcDbText
8
EKP_POI_MODULLERI
10
-15150
20
-59830.49999841675
30
0
40
45
1
POI Modul 3 (CB-12-POI-64F-A12)
50
0
7
STANDARD
72
1
11
-15150
21
-59830.49999841675
31
0
100
AcDbText
73
2
0
LWPOLYLINE
5
670B
330
659F
100
AcDbEntity
100
AcDbPolyline
8
EKP_POI_MODULLERI
6
ByLayer
62
256
370
-1
90
4
70
1
10
-15389.999999552965
20
-60044.99999701977
10
-15389.999999552965
20
-59669.999999813735
10
-14910.000000447033
20
-59669.999999813735
10
-14910.000000447033
20
-60044.99999701977
0
LINE
5
670C
330
659F
100
AcDbEntity
100
AcDbLine
8
EKP_POI_MODULLERI
10
-15389.999999552965
20
-59988.74999743886
30
0
11
-14910.000000447033
21
-59988.74999743886
31
0
0
LINE
5
670D
330
659F
100
AcDbEntity
100
AcDbLine
8
EKP_POI_MODULLERI
10
-15217.499999497086
20
-59857.49999841675
30
0
11
-15082.500000502914
21
-59857.49999841675
31
0
0
LINE
5
670E
330
659F
100
AcDbEntity
100
AcDbLine
8
EKP_POI_MODULLERI
10
-15150
20
-59924.99999791384
30
0
11
-15150
21
-59789.999998919666
31
0
0
TEXT
5
670F
330
659F
100
AcDbEntity
100
AcDbText
8
EKP_POI_MODULLERI
10
-15150
20
-59830.49999841675
30
0
40
45
1
POI Modul 4 (CB-12-POI-64F-A12)
50
0
7
STANDARD
72
1
11
-15150
21
-59830.49999841675
31
0
100
AcDbText
73
2
0
LWPOLYLINE
5
6718
330
659F
100
AcDbEntity
100
AcDbPolyline
8
EKP_POI_MODULLERI
6
ByLayer
62
256
370
-1
90
4
70
1
10
-14639.999999552965
20
-60044.99999701977
10
-14639.999999552965
20
-59669.999999813735
10
-14160.000000447033
20
-59669.999999813735
10
-14160.000000447033
20
-60044.99999701977
0
LINE
5
6719
330
659F
100
AcDbEntity
100
AcDbLine
8
EKP_POI_MODULLERI
10
-14639.999999552965
20
-59988.74999743886
30
0
11
-14160.000000447033
21
-59988.74999743886
31
0
0
LINE
5
671A
330
659F
100
AcDbEntity
100
AcDbLine
8
EKP_POI_MODULLERI
10
-14467.499999497086
20
-59857.49999841675
30
0
11
-14332.500000502914
21
-59857.49999841675
31
0
0
LINE
5
671B
330
659F
100
AcDbEntity
100
AcDbLine
8
EKP_POI_MODULLERI
10
-14400
20
-59924.99999791384
30
0
11
-14400
21
-59789.999998919666
31
0
0
TEXT
5
671C
330
659F
100
AcDbEntity
100
AcDbText
8
EKP_POI_MODULLERI
10
-14400
20
-59830.49999841675
30
0
40
45
1
POI Modul 1 (CB-12-POI-64F-A12)
50
0
7
STANDARD
72
1
11
-14400
21
-59830.49999841675
31
0
100
AcDbText
73
2
0
LWPOLYLINE
5
671D
330
659F
100
AcDbEntity
100
AcDbPolyline
8
EKP_POI_MODULLERI
6
ByLayer
62
256
370
-1
90
4
70
1
10
-14639.999999552965
20
-60044.99999701977
10
-14639.999999552965
20
-59669.999999813735
10
-14160.000000447033
20
-59669.999999813735
10
-14160.000000447033
20
-60044.99999701977
0
LINE
5
671E
330
659F
100
AcDbEntity
100
AcDbLine
8
EKP_POI_MODULLERI
10
-14639.999999552965
20
-59988.74999743886
30
0
11
-14160.000000447033
21
-59988.74999743886
31
0
0
LINE
5
671F
330
659F
100
AcDbEntity
100
AcDbLine
8
EKP_POI_MODULLERI
10
-14467.499999497086
20
-59857.49999841675
30
0
11
-14332.500000502914
21
-59857.49999841675
31
0
0
LINE
5
6720
330
659F
100
AcDbEntity
100
AcDbLine
8
EKP_POI_MODULLERI
10
-14400
20
-59924.99999791384
30
0
11
-14400
21
-59789.999998919666
31
0
0
TEXT
5
6721
330
659F
100
AcDbEntity
100
AcDbText
8
EKP_POI_MODULLERI
10
-14400
20
-59830.49999841675
30
0
40
45
1
POI Modul 2 (CB-12-POI-64F-A12)
50
0
7
STANDARD
72
1
11
-14400
21
-59830.49999841675
31
0
100
AcDbText
73
2
0
LWPOLYLINE
5
6722
330
659F
100
AcDbEntity
100
AcDbPolyline
8
EKP_POI_MODULLERI
6
ByLayer
62
256
370
-1
90
4
70
1
10
-14639.999999552965
20
-60044.99999701977
10
-14639.999999552965
20
-59669.999999813735
10
-14160.000000447033
20
-59669.999999813735
10
-14160.000000447033
20
-60044.99999701977
0
LINE
5
6723
330
659F
100
AcDbEntity
100
AcDbLine
8
EKP_POI_MODULLERI
10
-14639.999999552965
20
-59988.74999743886
30
0
11
-14160.000000447033
21
-59988.74999743886
31
0
0
LINE
5
6724
330
659F
100
AcDbEntity
100
AcDbLine
8
EKP_POI_MODULLERI
10
-14467.499999497086
20
-59857.49999841675
30
0
11
-14332.500000502914
21
-59857.49999841675
31
0
0
LINE
5
6725
330
659F
100
AcDbEntity
100
AcDbLine
8
EKP_POI_MODULLERI
10
-14400
20
-59924.99999791384
30
0
11
-14400
21
-59789.999998919666
31
0
0
TEXT
5
6726
330
659F
100
AcDbEntity
100
AcDbText
8
EKP_POI_MODULLERI
10
-14400
20
-59830.49999841675
30
0
40
45
1
POI Modul 3 (CB-12-POI-64F-A12)
50
0
7
STANDARD
72
1
11
-14400
21
-59830.49999841675
31
0
100
AcDbText
73
2
0
LWPOLYLINE
5
6727
330
659F
100
AcDbEntity
100
AcDbPolyline
8
EKP_POI_MODULLERI
6
ByLayer
62
256
370
-1
90
4
70
1
10
-14639.999999552965
20
-60044.99999701977
10
-14639.999999552965
20
-59669.999999813735
10
-14160.000000447033
20
-59669.999999813735
10
-14160.000000447033
20
-60044.99999701977
0
LINE
5
6728
330
659F
100
AcDbEntity
100
AcDbLine
8
EKP_POI_MODULLERI
10
-14639.999999552965
20
-59988.74999743886
30
0
11
-14160.000000447033
21
-59988.74999743886
31
0
0
LINE
5
6729
330
659F
100
AcDbEntity
100
AcDbLine
8
EKP_POI_MODULLERI
10
-14467.499999497086
20
-59857.49999841675
30
0
11
-14332.500000502914
21
-59857.49999841675
31
0
0
LINE
5
672A
330
659F
100
AcDbEntity
100
AcDbLine
8
EKP_POI_MODULLERI
10
-14400
20
-59924.99999791384
30
0
11
-14400
21
-59789.999998919666
31
0
0
TEXT
5
672B
330
659F
100
AcDbEntity
100
AcDbText
8
EKP_POI_MODULLERI
10
-14400
20
-59830.49999841675
30
0
40
45
1
POI Modul 4 (CB-12-POI-64F-A12)
50
0
7
STANDARD
72
1
11
-14400
21
-59830.49999841675
31
0
100
AcDbText
73
2
0
LWPOLYLINE
5
6822
330
659F
100
AcDbEntity
100
AcDbPolyline
8
EKP_POI_MODULLERI
6
ByLayer
62
256
370
-1
90
4
70
1
10
14160.000000447035
20
-60044.99999701977
10
14160.000000447035
20
-59669.999999813735
10
14639.999999552967
20
-59669.999999813735
10
14639.999999552967
20
-60044.99999701977
0
LINE
5
6823
330
659F
100
AcDbEntity
100
AcDbLine
8
EKP_POI_MODULLERI
10
14160.000000447035
20
-59988.74999743886
30
0
11
14639.999999552967
21
-59988.74999743886
31
0
0
LINE
5
6824
330
659F
100
AcDbEntity
100
AcDbLine
8
EKP_POI_MODULLERI
10
14332.500000502914
20
-59857.49999841675
30
0
11
14467.499999497086
21
-59857.49999841675
31
0
0
LINE
5
6825
330
659F
100
AcDbEntity
100
AcDbLine
8
EKP_POI_MODULLERI
10
14400
20
-59924.99999791384
30
0
11
14400
21
-59789.999998919666
31
0
0
TEXT
5
6826
330
659F
100
AcDbEntity
100
AcDbText
8
EKP_POI_MODULLERI
10
14400
20
-59830.49999841675
30
0
40
45
1
POI Modul 1 (CB-12-POI-64F-A12)
50
0
7
STANDARD
72
1
11
14400
21
-59830.49999841675
31
0
100
AcDbText
73
2
0
LWPOLYLINE
5
6827
330
659F
100
AcDbEntity
100
AcDbPolyline
8
EKP_POI_MODULLERI
6
ByLayer
62
256
370
-1
90
4
70
1
10
14160.000000447035
20
-60044.99999701977
10
14160.000000447035
20
-59669.999999813735
10
14639.999999552967
20
-59669.999999813735
10
14639.999999552967
20
-60044.99999701977
0
LINE
5
6828
330
659F
100
AcDbEntity
100
AcDbLine
8
EKP_POI_MODULLERI
10
14160.000000447035
20
-59988.74999743886
30
0
11
14639.999999552967
21
-59988.74999743886
31
0
0
LINE
5
6829
330
659F
100
AcDbEntity
100
AcDbLine
8
EKP_POI_MODULLERI
10
14332.500000502914
20
-59857.49999841675
30
0
11
14467.499999497086
21
-59857.49999841675
31
0
0
LINE
5
682A
330
659F
100
AcDbEntity
100
AcDbLine
8
EKP_POI_MODULLERI
10
14400
20
-59924.99999791384
30
0
11
14400
21
-59789.999998919666
31
0
0
TEXT
5
682B
330
659F
100
AcDbEntity
100
AcDbText
8
EKP_POI_MODULLERI
10
14400
20
-59830.49999841675
30
0
40
45
1
POI Modul 2 (CB-12-POI-64F-A12)
50
0
7
STANDARD
72
1
11
14400
21
-59830.49999841675
31
0
100
AcDbText
73
2
0
LWPOLYLINE
5
682C
330
659F
100
AcDbEntity
100
AcDbPolyline
8
EKP_POI_MODULLERI
6
ByLayer
62
256
370
-1
90
4
70
1
10
14160.000000447035
20
-60044.99999701977
10
14160.000000447035
20
-59669.999999813735
10
14639.999999552967
20
-59669.999999813735
10
14639.999999552967
20
-60044.99999701977
0
LINE
5
682D
330
659F
100
AcDbEntity
100
AcDbLine
8
EKP_POI_MODULLERI
10
14160.000000447035
20
-59988.74999743886
30
0
11
14639.999999552967
21
-59988.74999743886
31
0
0
LINE
5
682E
330
659F
100
AcDbEntity
100
AcDbLine
8
EKP_POI_MODULLERI
10
14332.500000502914
20
-59857.49999841675
30
0
11
14467.499999497086
21
-59857.49999841675
31
0
0
LINE
5
682F
330
659F
100
AcDbEntity
100
AcDbLine
8
EKP_POI_MODULLERI
10
14400
20
-59924.99999791384
30
0
11
14400
21
-59789.999998919666
31
0
0
TEXT
5
6830
330
659F
100
AcDbEntity
100
AcDbText
8
EKP_POI_MODULLERI
10
14400
20
-59830.49999841675
30
0
40
45
1
POI Modul 3 (CB-12-POI-64F-A12)
50
0
7
STANDARD
72
1
11
14400
21
-59830.49999841675
31
0
100
AcDbText
73
2
0
LWPOLYLINE
5
6831
330
659F
100
AcDbEntity
100
AcDbPolyline
8
EKP_POI_MODULLERI
6
ByLayer
62
256
370
-1
90
4
70
1
10
14160.000000447035
20
-60044.99999701977
10
14160.000000447035
20
-59669.999999813735
10
14639.999999552967
20
-59669.999999813735
10
14639.999999552967
20
-60044.99999701977
0
LINE
5
6832
330
659F
100
AcDbEntity
100
AcDbLine
8
EKP_POI_MODULLERI
10
14160.000000447035
20
-59988.74999743886
30
0
11
14639.999999552967
21
-59988.74999743886
31
0
0
LINE
5
6833
330
659F
100
AcDbEntity
100
AcDbLine
8
EKP_POI_MODULLERI
10
14332.500000502914
20
-59857.49999841675
30
0
11
14467.499999497086
21
-59857.49999841675
31
0
0
LINE
5
6834
330
659F
100
AcDbEntity
100
AcDbLine
8
EKP_POI_MODULLERI
10
14400
20
-59924.99999791384
30
0
11
14400
21
-59789.999998919666
31
0
0
TEXT
5
6835
330
659F
100
AcDbEntity
100
AcDbText
8
EKP_POI_MODULLERI
10
14400
20
-59830.49999841675
30
0
40
45
1
POI Modul 4 (CB-12-POI-64F-A12)
50
0
7
STANDARD
72
1
11
14400
21
-59830.49999841675
31
0
100
AcDbText
73
2
0
LWPOLYLINE
5
683E
330
659F
100
AcDbEntity
100
AcDbPolyline
8
EKP_POI_MODULLERI
6
ByLayer
62
256
370
-1
90
4
70
1
10
14910.000000447035
20
-60044.99999701977
10
14910.000000447035
20
-59669.999999813735
10
15389.999999552967
20
-59669.999999813735
10
15389.999999552967
20
-60044.99999701977
0
LINE
5
683F
330
659F
100
AcDbEntity
100
AcDbLine
8
EKP_POI_MODULLERI
10
14910.000000447035
20
-59988.74999743886
30
0
11
15389.999999552967
21
-59988.74999743886
31
0
0
LINE
5
6840
330
659F
100
AcDbEntity
100
AcDbLine
8
EKP_POI_MODULLERI
10
15082.500000502914
20
-59857.49999841675
30
0
11
15217.499999497086
21
-59857.49999841675
31
0
0
LINE
5
6841
330
659F
100
AcDbEntity
100
AcDbLine
8
EKP_POI_MODULLERI
10
15150
20
-59924.99999791384
30
0
11
15150
21
-59789.999998919666
31
0
0
TEXT
5
6842
330
659F
100
AcDbEntity
100
AcDbText
8
EKP_POI_MODULLERI
10
15150
20
-59830.49999841675
30
0
40
45
1
POI Modul 1 (CB-12-POI-64F-A12)
50
0
7
STANDARD
72
1
11
15150
21
-59830.49999841675
31
0
100
AcDbText
73
2
0
LWPOLYLINE
5
6843
330
659F
100
AcDbEntity
100
AcDbPolyline
8
EKP_POI_MODULLERI
6
ByLayer
62
256
370
-1
90
4
70
1
10
14910.000000447035
20
-60044.99999701977
10
14910.000000447035
20
-59669.999999813735
10
15389.999999552967
20
-59669.999999813735
10
15389.999999552967
20
-60044.99999701977
0
LINE
5
6844
330
659F
100
AcDbEntity
100
AcDbLine
8
EKP_POI_MODULLERI
10
14910.000000447035
20
-59988.74999743886
30
0
11
15389.999999552967
21
-59988.74999743886
31
0
0
LINE
5
6845
330
659F
100
AcDbEntity
100
AcDbLine
8
EKP_POI_MODULLERI
10
15082.500000502914
20
-59857.49999841675
30
0
11
15217.499999497086
21
-59857.49999841675
31
0
0
LINE
5
6846
330
659F
100
AcDbEntity
100
AcDbLine
8
EKP_POI_MODULLERI
10
15150
20
-59924.99999791384
30
0
11
15150
21
-59789.999998919666
31
0
0
TEXT
5
6847
330
659F
100
AcDbEntity
100
AcDbText
8
EKP_POI_MODULLERI
10
15150
20
-59830.49999841675
30
0
40
45
1
POI Modul 2 (CB-12-POI-64F-A12)
50
0
7
STANDARD
72
1
11
15150
21
-59830.49999841675
31
0
100
AcDbText
73
2
0
LWPOLYLINE
5
6848
330
659F
100
AcDbEntity
100
AcDbPolyline
8
EKP_POI_MODULLERI
6
ByLayer
62
256
370
-1
90
4
70
1
10
14910.000000447035
20
-60044.99999701977
10
14910.000000447035
20
-59669.999999813735
10
15389.999999552967
20
-59669.999999813735
10
15389.999999552967
20
-60044.99999701977
0
LINE
5
6849
330
659F
100
AcDbEntity
100
AcDbLine
8
EKP_POI_MODULLERI
10
14910.000000447035
20
-59988.74999743886
30
0
11
15389.999999552967
21
-59988.74999743886
31
0
0
LINE
5
684A
330
659F
100
AcDbEntity
100
AcDbLine
8
EKP_POI_MODULLERI
10
15082.500000502914
20
-59857.49999841675
30
0
11
15217.499999497086
21
-59857.49999841675
31
0
0
LINE
5
684B
330
659F
100
AcDbEntity
100
AcDbLine
8
EKP_POI_MODULLERI
10
15150
20
-59924.99999791384
30
0
11
15150
21
-59789.999998919666
31
0
0
TEXT
5
684C
330
659F
100
AcDbEntity
100
AcDbText
8
EKP_POI_MODULLERI
10
15150
20
-59830.49999841675
30
0
40
45
1
POI Modul 3 (CB-12-POI-64F-A12)
50
0
7
STANDARD
72
1
11
15150
21
-59830.49999841675
31
0
100
AcDbText
73
2
0
LWPOLYLINE
5
684D
330
659F
100
AcDbEntity
100
AcDbPolyline
8
EKP_POI_MODULLERI
6
ByLayer
62
256
370
-1
90
4
70
1
10
14910.000000447035
20
-60044.99999701977
10
14910.000000447035
20
-59669.999999813735
10
15389.999999552967
20
-59669.999999813735
10
15389.999999552967
20
-60044.99999701977
0
LINE
5
684E
330
659F
100
AcDbEntity
100
AcDbLine
8
EKP_POI_MODULLERI
10
14910.000000447035
20
-59988.74999743886
30
0
11
15389.999999552967
21
-59988.74999743886
31
0
0
LINE
5
684F
330
659F
100
AcDbEntity
100
AcDbLine
8
EKP_POI_MODULLERI
10
15082.500000502914
20
-59857.49999841675
30
0
11
15217.499999497086
21
-59857.49999841675
31
0
0
LINE
5
6850
330
659F
100
AcDbEntity
100
AcDbLine
8
EKP_POI_MODULLERI
10
15150
20
-59924.99999791384
30
0
11
15150
21
-59789.999998919666
31
0
0
TEXT
5
6851
330
659F
100
AcDbEntity
100
AcDbText
8
EKP_POI_MODULLERI
10
15150
20
-59830.49999841675
30
0
40
45
1
POI Modul 4 (CB-12-POI-64F-A12)
50
0
7
STANDARD
72
1
11
15150
21
-59830.49999841675
31
0
100
AcDbText
73
2
0
LWPOLYLINE
5
685A
330
659F
100
AcDbEntity
100
AcDbPolyline
8
EKP_POI_MODULLERI
6
ByLayer
62
256
370
-1
90
4
70
1
10
15660.000000447035
20
-60044.99999701977
10
15660.000000447035
20
-59669.999999813735
10
16139.999999552967
20
-59669.999999813735
10
16139.999999552967
20
-60044.99999701977
0
LINE
5
685B
330
659F
100
AcDbEntity
100
AcDbLine
8
EKP_POI_MODULLERI
10
15660.000000447035
20
-59988.74999743886
30
0
11
16139.999999552967
21
-59988.74999743886
31
0
0
LINE
5
685C
330
659F
100
AcDbEntity
100
AcDbLine
8
EKP_POI_MODULLERI
10
15832.500000502914
20
-59857.49999841675
30
0
11
15967.499999497086
21
-59857.49999841675
31
0
0
LINE
5
685D
330
659F
100
AcDbEntity
100
AcDbLine
8
EKP_POI_MODULLERI
10
15900
20
-59924.99999791384
30
0
11
15900
21
-59789.999998919666
31
0
0
TEXT
5
685E
330
659F
100
AcDbEntity
100
AcDbText
8
EKP_POI_MODULLERI
10
15900
20
-59830.49999841675
30
0
40
45
1
POI Modul 1 (CB-12-POI-64F-A12)
50
0
7
STANDARD
72
1
11
15900
21
-59830.49999841675
31
0
100
AcDbText
73
2
0
LWPOLYLINE
5
685F
330
659F
100
AcDbEntity
100
AcDbPolyline
8
EKP_POI_MODULLERI
6
ByLayer
62
256
370
-1
90
4
70
1
10
15660.000000447035
20
-60044.99999701977
10
15660.000000447035
20
-59669.999999813735
10
16139.999999552967
20
-59669.999999813735
10
16139.999999552967
20
-60044.99999701977
0
LINE
5
6860
330
659F
100
AcDbEntity
100
AcDbLine
8
EKP_POI_MODULLERI
10
15660.000000447035
20
-59988.74999743886
30
0
11
16139.999999552967
21
-59988.74999743886
31
0
0
LINE
5
6861
330
659F
100
AcDbEntity
100
AcDbLine
8
EKP_POI_MODULLERI
10
15832.500000502914
20
-59857.49999841675
30
0
11
15967.499999497086
21
-59857.49999841675
31
0
0
LINE
5
6862
330
659F
100
AcDbEntity
100
AcDbLine
8
EKP_POI_MODULLERI
10
15900
20
-59924.99999791384
30
0
11
15900
21
-59789.999998919666
31
0
0
TEXT
5
6863
330
659F
100
AcDbEntity
100
AcDbText
8
EKP_POI_MODULLERI
10
15900
20
-59830.49999841675
30
0
40
45
1
POI Modul 2 (CB-12-POI-64F-A12)
50
0
7
STANDARD
72
1
11
15900
21
-59830.49999841675
31
0
100
AcDbText
73
2
0
LWPOLYLINE
5
6864
330
659F
100
AcDbEntity
100
AcDbPolyline
8
EKP_POI_MODULLERI
6
ByLayer
62
256
370
-1
90
4
70
1
10
15660.000000447035
20
-60044.99999701977
10
15660.000000447035
20
-59669.999999813735
10
16139.999999552967
20
-59669.999999813735
10
16139.999999552967
20
-60044.99999701977
0
LINE
5
6865
330
659F
100
AcDbEntity
100
AcDbLine
8
EKP_POI_MODULLERI
10
15660.000000447035
20
-59988.74999743886
30
0
11
16139.999999552967
21
-59988.74999743886
31
0
0
LINE
5
6866
330
659F
100
AcDbEntity
100
AcDbLine
8
EKP_POI_MODULLERI
10
15832.500000502914
20
-59857.49999841675
30
0
11
15967.499999497086
21
-59857.49999841675
31
0
0
LINE
5
6867
330
659F
100
AcDbEntity
100
AcDbLine
8
EKP_POI_MODULLERI
10
15900
20
-59924.99999791384
30
0
11
15900
21
-59789.999998919666
31
0
0
TEXT
5
6868
330
659F
100
AcDbEntity
100
AcDbText
8
EKP_POI_MODULLERI
10
15900
20
-59830.49999841675
30
0
40
45
1
POI Modul 3 (CB-12-POI-64F-A12)
50
0
7
STANDARD
72
1
11
15900
21
-59830.49999841675
31
0
100
AcDbText
73
2
0
LWPOLYLINE
5
6869
330
659F
100
AcDbEntity
100
AcDbPolyline
8
EKP_POI_MODULLERI
6
ByLayer
62
256
370
-1
90
4
70
1
10
15660.000000447035
20
-60044.99999701977
10
15660.000000447035
20
-59669.999999813735
10
16139.999999552967
20
-59669.999999813735
10
16139.999999552967
20
-60044.99999701977
0
LINE
5
686A
330
659F
100
AcDbEntity
100
AcDbLine
8
EKP_POI_MODULLERI
10
15660.000000447035
20
-59988.74999743886
30
0
11
16139.999999552967
21
-59988.74999743886
31
0
0
LINE
5
686B
330
659F
100
AcDbEntity
100
AcDbLine
8
EKP_POI_MODULLERI
10
15832.500000502914
20
-59857.49999841675
30
0
11
15967.499999497086
21
-59857.49999841675
31
0
0
LINE
5
686C
330
659F
100
AcDbEntity
100
AcDbLine
8
EKP_POI_MODULLERI
10
15900
20
-59924.99999791384
30
0
11
15900
21
-59789.999998919666
31
0
0
TEXT
5
686D
330
659F
100
AcDbEntity
100
AcDbText
8
EKP_POI_MODULLERI
10
15900
20
-59830.49999841675
30
0
40
45
1
POI Modul 4 (CB-12-POI-64F-A12)
50
0
7
STANDARD
72
1
11
15900
21
-59830.49999841675
31
0
100
AcDbText
73
2
0
LWPOLYLINE
5
66BE
330
659F
100
AcDbEntity
100
AcDbPolyline
8
EKP_RECTIFIER_ELTEK_20U
6
ByLayer
62
256
370
-1
90
4
70
1
10
-20231.477638677392
20
-60267.60782034951
10
-20231.477638677392
20
-59560.60781688499
10
-19551.477631524835
20
-59560.60781688499
10
-19551.477631524835
20
-60267.60782034951
0
LINE
5
66BF
330
659F
100
AcDbEntity
100
AcDbLine
8
EKP_RECTIFIER_ELTEK_20U
10
-20197.477638319764
20
-60292.60782034951
30
0
11
-19585.477631882462
21
-60292.60782034951
31
0
0
LINE
5
66C0
330
659F
100
AcDbEntity
100
AcDbLine
8
EKP_RECTIFIER_ELTEK_20U
10
-20197.477638319764
20
-60267.60782034951
30
0
11
-20197.477638319764
21
-60292.60782034951
31
0
0
LINE
5
66C1
330
659F
100
AcDbEntity
100
AcDbLine
8
EKP_RECTIFIER_ELTEK_20U
10
-19585.477631882462
20
-60267.60782034951
30
0
11
-19585.477631882462
21
-60292.60782034951
31
0
0
LWPOLYLINE
5
66C2
330
659F
100
AcDbEntity
100
AcDbPolyline
8
EKP_RECTIFIER_ELTEK_20U
6
ByLayer
62
256
370
-1
90
4
70
1
10
-19721.477633312974
20
-60305.10782034951
10
-19721.477633312974
20
-60269.10782034951
10
-19681.477633312974
20
-60269.10782034951
10
-19681.477633312974
20
-60305.10782034951
0
LWPOLYLINE
5
66C3
330
659F
100
AcDbEntity
100
AcDbPolyline
8
EKP_RECTIFIER_ELTEK_20U
6
ByLayer
62
256
370
-1
90
4
70
1
10
-19551.477631524835
20
-60126.20781965661
10
-19551.477631524835
20
-59702.00781757789
10
-19491.477631524835
20
-59702.00781757789
10
-19491.477631524835
20
-60126.20781965661
0
LINE
5
66C4
330
659F
100
AcDbEntity
100
AcDbLine
8
EKP_RECTIFIER_ELTEK_20U
10
-19539.477631524835
20
-60020.157819136926
30
0
11
-19503.477631524835
21
-60020.157819136926
31
0
0
LINE
5
66C5
330
659F
100
AcDbEntity
100
AcDbLine
8
EKP_RECTIFIER_ELTEK_20U
10
-19539.477631524835
20
-59914.10781861725
30
0
11
-19503.477631524835
21
-59914.10781861725
31
0
0
LINE
5
66C6
330
659F
100
AcDbEntity
100
AcDbLine
8
EKP_RECTIFIER_ELTEK_20U
10
-19539.477631524835
20
-59808.05781809757
30
0
11
-19503.477631524835
21
-59808.05781809757
31
0
0
LWPOLYLINE
5
66C7
330
659F
100
AcDbEntity
100
AcDbPolyline
8
EKP_RECTIFIER_ELTEK_20U
6
ByLayer
62
256
370
-1
90
4
70
1
10
-20216.477638677392
20
-60252.60782034951
10
-20216.477638677392
20
-59575.60781688499
10
-19566.477631524835
20
-59575.60781688499
10
-19566.477631524835
20
-60252.60782034951
0
LINE
5
66C8
330
659F
100
AcDbEntity
100
AcDbLine
8
EKP_RECTIFIER_ELTEK_20U
10
-19993.477636173997
20
-59914.10781861725
30
0
11
-19789.47763402823
21
-59914.10781861725
31
0
0
LINE
5
66C9
330
659F
100
AcDbEntity
100
AcDbLine
8
EKP_RECTIFIER_ELTEK_20U
10
-19891.477635101113
20
-60020.15781913693
30
0
11
-19891.477635101113
21
-59808.05781809757
31
0
0
TEXT
5
66CA
330
659F
100
AcDbEntity
100
AcDbText
8
EKP_RECTIFIER_ELTEK_20U
10
-19891.477635101113
20
-59914.10781861725
30
0
40
65
1
20U Outdoor DC Guc Kaynagi (Eltek Flatpack2 24kW) (Alan 4 - Sol #1)
50
0
7
STANDARD
72
1
11
-19891.477635101113
21
-59914.10781861725
31
0
100
AcDbText
73
2
0
LWPOLYLINE
5
66CB
330
659F
100
AcDbEntity
100
AcDbPolyline
8
EKP_RECTIFIER_ELTEK_20U
6
ByLayer
62
256
370
-1
90
4
70
1
10
-21192.499131205623
20
-60286.15610763331
10
-21192.499131205623
20
-59579.15610416879
10
-20512.499124053065
20
-59579.15610416879
10
-20512.499124053065
20
-60286.15610763331
0
LINE
5
66CC
330
659F
100
AcDbEntity
100
AcDbLine
8
EKP_RECTIFIER_ELTEK_20U
10
-21158.499130847995
20
-60311.15610763331
30
0
11
-20546.499124410693
21
-60311.15610763331
31
0
0
LINE
5
66CD
330
659F
100
AcDbEntity
100
AcDbLine
8
EKP_RECTIFIER_ELTEK_20U
10
-21158.499130847995
20
-60286.15610763331
30
0
11
-21158.499130847995
21
-60311.15610763331
31
0
0
LINE
5
66CE
330
659F
100
AcDbEntity
100
AcDbLine
8
EKP_RECTIFIER_ELTEK_20U
10
-20546.499124410693
20
-60286.15610763331
30
0
11
-20546.499124410693
21
-60311.15610763331
31
0
0
LWPOLYLINE
5
66CF
330
659F
100
AcDbEntity
100
AcDbPolyline
8
EKP_RECTIFIER_ELTEK_20U
6
ByLayer
62
256
370
-1
90
4
70
1
10
-20682.499125841205
20
-60323.65610763331
10
-20682.499125841205
20
-60287.65610763331
10
-20642.499125841205
20
-60287.65610763331
10
-20642.499125841205
20
-60323.65610763331
0
LWPOLYLINE
5
66D0
330
659F
100
AcDbEntity
100
AcDbPolyline
8
EKP_RECTIFIER_ELTEK_20U
6
ByLayer
62
256
370
-1
90
4
70
1
10
-20512.499124053065
20
-60144.756106940404
10
-20512.499124053065
20
-59720.55610486169
10
-20452.499124053065
20
-59720.55610486169
10
-20452.499124053065
20
-60144.756106940404
0
LINE
5
66D1
330
659F
100
AcDbEntity
100
AcDbLine
8
EKP_RECTIFIER_ELTEK_20U
10
-20500.499124053065
20
-60038.70610642072
30
0
11
-20464.499124053065
21
-60038.70610642072
31
0
0
LINE
5
66D2
330
659F
100
AcDbEntity
100
AcDbLine
8
EKP_RECTIFIER_ELTEK_20U
10
-20500.499124053065
20
-59932.65610590105
30
0
11
-20464.499124053065
21
-59932.65610590105
31
0
0
LINE
5
66D3
330
659F
100
AcDbEntity
100
AcDbLine
8
EKP_RECTIFIER_ELTEK_20U
10
-20500.499124053065
20
-59826.60610538137
30
0
11
-20464.499124053065
21
-59826.60610538137
31
0
0
LWPOLYLINE
5
66D4
330
659F
100
AcDbEntity
100
AcDbPolyline
8
EKP_RECTIFIER_ELTEK_20U
6
ByLayer
62
256
370
-1
90
4
70
1
10
-21177.499131205623
20
-60271.15610763331
10
-21177.499131205623
20
-59594.15610416879
10
-20527.499124053065
20
-59594.15610416879
10
-20527.499124053065
20
-60271.15610763331
0
LINE
5
66D5
330
659F
100
AcDbEntity
100
AcDbLine
8
EKP_RECTIFIER_ELTEK_20U
10
-20954.499128702228
20
-59932.65610590105
30
0
11
-20750.49912655646
21
-59932.65610590105
31
0
0
LINE
5
66D6
330
659F
100
AcDbEntity
100
AcDbLine
8
EKP_RECTIFIER_ELTEK_20U
10
-20852.499127629344
20
-60038.70610642073
30
0
11
-20852.499127629344
21
-59826.60610538137
31
0
0
TEXT
5
66D7
330
659F
100
AcDbEntity
100
AcDbText
8
EKP_RECTIFIER_ELTEK_20U
10
-20852.499127629344
20
-59932.65610590105
30
0
40
65
1
20U Outdoor DC Guc Kaynagi (Eltek Flatpack2 24kW) (Alan 4 - Sol #2)
50
0
7
STANDARD
72
1
11
-20852.499127629344
21
-59932.65610590105
31
0
100
AcDbText
73
2
0
LWPOLYLINE
5
687B
330
659F
100
AcDbEntity
100
AcDbPolyline
8
EKP_RECTIFIER_ELTEK_20U
6
ByLayer
62
256
370
-1
90
4
70
1
10
19555.991241325548
20
-60281.32413702225
10
19555.991241325548
20
-59574.32413355773
10
20235.991248478105
20
-59574.32413355773
10
20235.991248478105
20
-60281.32413702225
0
LINE
5
687C
330
659F
100
AcDbEntity
100
AcDbLine
8
EKP_RECTIFIER_ELTEK_20U
10
19589.991241683176
20
-60306.32413702225
30
0
11
20201.991248120477
21
-60306.32413702225
31
0
0
LINE
5
687D
330
659F
100
AcDbEntity
100
AcDbLine
8
EKP_RECTIFIER_ELTEK_20U
10
19589.991241683176
20
-60281.32413702225
30
0
11
19589.991241683176
21
-60306.32413702225
31
0
0
LINE
5
687E
330
659F
100
AcDbEntity
100
AcDbLine
8
EKP_RECTIFIER_ELTEK_20U
10
20201.991248120477
20
-60281.32413702225
30
0
11
20201.991248120477
21
-60306.32413702225
31
0
0
LWPOLYLINE
5
687F
330
659F
100
AcDbEntity
100
AcDbPolyline
8
EKP_RECTIFIER_ELTEK_20U
6
ByLayer
62
256
370
-1
90
4
70
1
10
20065.991246689966
20
-60318.82413702225
10
20065.991246689966
20
-60282.82413702225
10
20105.991246689966
20
-60282.82413702225
10
20105.991246689966
20
-60318.82413702225
0
LWPOLYLINE
5
6880
330
659F
100
AcDbEntity
100
AcDbPolyline
8
EKP_RECTIFIER_ELTEK_20U
6
ByLayer
62
256
370
-1
90
4
70
1
10
20235.991248478105
20
-60139.92413632935
10
20235.991248478105
20
-59715.72413425063
10
20295.991248478105
20
-59715.72413425063
10
20295.991248478105
20
-60139.92413632935
0
LINE
5
6881
330
659F
100
AcDbEntity
100
AcDbLine
8
EKP_RECTIFIER_ELTEK_20U
10
20247.991248478105
20
-60033.87413580967
30
0
11
20283.991248478105
21
-60033.87413580967
31
0
0
LINE
5
6882
330
659F
100
AcDbEntity
100
AcDbLine
8
EKP_RECTIFIER_ELTEK_20U
10
20247.991248478105
20
-59927.82413528999
30
0
11
20283.991248478105
21
-59927.82413528999
31
0
0
LINE
5
6883
330
659F
100
AcDbEntity
100
AcDbLine
8
EKP_RECTIFIER_ELTEK_20U
10
20247.991248478105
20
-59821.77413477031
30
0
11
20283.991248478105
21
-59821.77413477031
31
0
0
LWPOLYLINE
5
6884
330
659F
100
AcDbEntity
100
AcDbPolyline
8
EKP_RECTIFIER_ELTEK_20U
6
ByLayer
62
256
370
-1
90
4
70
1
10
19570.991241325548
20
-60266.32413702225
10
19570.991241325548
20
-59589.32413355773
10
20220.991248478105
20
-59589.32413355773
10
20220.991248478105
20
-60266.32413702225
0
LINE
5
6885
330
659F
100
AcDbEntity
100
AcDbLine
8
EKP_RECTIFIER_ELTEK_20U
10
19793.991243828943
20
-59927.82413528999
30
0
11
19997.99124597471
21
-59927.82413528999
31
0
0
LINE
5
6886
330
659F
100
AcDbEntity
100
AcDbLine
8
EKP_RECTIFIER_ELTEK_20U
10
19895.991244901827
20
-60033.874135809674
30
0
11
19895.991244901827
21
-59821.77413477031
31
0
0
TEXT
5
6887
330
659F
100
AcDbEntity
100
AcDbText
8
EKP_RECTIFIER_ELTEK_20U
10
19895.991244901827
20
-59927.82413528999
30
0
40
65
1
20U Outdoor DC Guc Kaynagi (Eltek Flatpack2 24kW) (Alan 4 - Sag #1)
50
0
7
STANDARD
72
1
11
19895.991244901827
21
-59927.82413528999
31
0
100
AcDbText
73
2
0
LWPOLYLINE
5
6888
330
659F
100
AcDbEntity
100
AcDbPolyline
8
EKP_RECTIFIER_ELTEK_20U
6
ByLayer
62
256
370
-1
90
4
70
1
10
20566.794167745244
20
-60289.520724827526
10
20566.794167745244
20
-59582.520721363006
10
21246.7941748978
20
-59582.520721363006
10
21246.7941748978
20
-60289.520724827526
0
LINE
5
6889
330
659F
100
AcDbEntity
100
AcDbLine
8
EKP_RECTIFIER_ELTEK_20U
10
20600.79416810287
20
-60314.520724827526
30
0
11
21212.794174540173
21
-60314.520724827526
31
0
0
LINE
5
688A
330
659F
100
AcDbEntity
100
AcDbLine
8
EKP_RECTIFIER_ELTEK_20U
10
20600.79416810287
20
-60289.520724827526
30
0
11
20600.79416810287
21
-60314.520724827526
31
0
0
LINE
5
688B
330
659F
100
AcDbEntity
100
AcDbLine
8
EKP_RECTIFIER_ELTEK_20U
10
21212.794174540173
20
-60289.520724827526
30
0
11
21212.794174540173
21
-60314.520724827526
31
0
0
LWPOLYLINE
5
688C
330
659F
100
AcDbEntity
100
AcDbPolyline
8
EKP_RECTIFIER_ELTEK_20U
6
ByLayer
62
256
370
-1
90
4
70
1
10
21076.79417310966
20
-60327.020724827526
10
21076.79417310966
20
-60291.020724827526
10
21116.79417310966
20
-60291.020724827526
10
21116.79417310966
20
-60327.020724827526
0
LWPOLYLINE
5
688D
330
659F
100
AcDbEntity
100
AcDbPolyline
8
EKP_RECTIFIER_ELTEK_20U
6
ByLayer
62
256
370
-1
90
4
70
1
10
21246.7941748978
20
-60148.12072413462
10
21246.7941748978
20
-59723.920722055904
10
21306.7941748978
20
-59723.920722055904
10
21306.7941748978
20
-60148.12072413462
0
LINE
5
688E
330
659F
100
AcDbEntity
100
AcDbLine
8
EKP_RECTIFIER_ELTEK_20U
10
21258.7941748978
20
-60042.07072361494
30
0
11
21294.7941748978
21
-60042.07072361494
31
0
0
LINE
5
688F
330
659F
100
AcDbEntity
100
AcDbLine
8
EKP_RECTIFIER_ELTEK_20U
10
21258.7941748978
20
-59936.020723095266
30
0
11
21294.7941748978
21
-59936.020723095266
31
0
0
LINE
5
6890
330
659F
100
AcDbEntity
100
AcDbLine
8
EKP_RECTIFIER_ELTEK_20U
10
21258.7941748978
20
-59829.970722575585
30
0
11
21294.7941748978
21
-59829.970722575585
31
0
0
LWPOLYLINE
5
6891
330
659F
100
AcDbEntity
100
AcDbPolyline
8
EKP_RECTIFIER_ELTEK_20U
6
ByLayer
62
256
370
-1
90
4
70
1
10
20581.794167745244
20
-60274.520724827526
10
20581.794167745244
20
-59597.520721363006
10
21231.7941748978
20
-59597.520721363006
10
21231.7941748978
20
-60274.520724827526
0
LINE
5
6892
330
659F
100
AcDbEntity
100
AcDbLine
8
EKP_RECTIFIER_ELTEK_20U
10
20804.79417024864
20
-59936.020723095266
30
0
11
21008.794172394406
21
-59936.020723095266
31
0
0
LINE
5
6893
330
659F
100
AcDbEntity
100
AcDbLine
8
EKP_RECTIFIER_ELTEK_20U
10
20906.794171321522
20
-60042.07072361495
30
0
11
20906.794171321522
21
-59829.970722575585
31
0
0
TEXT
5
6894
330
659F
100
AcDbEntity
100
AcDbText
8
EKP_RECTIFIER_ELTEK_20U
10
20906.794171321522
20
-59936.020723095266
30
0
40
65
1
20U Outdoor DC Guc Kaynagi (Eltek Flatpack2 24kW) (Alan 4 - Sag #2)
50
0
7
STANDARD
72
1
11
20906.794171321522
21
-59936.020723095266
31
0
100
AcDbText
73
2
0
LWPOLYLINE
5
68A2
330
659F
100
AcDbEntity
100
AcDbPolyline
8
EKP_RECTIFIER_ELTEK_20U
6
ByLayer
62
256
370
-1
90
4
70
1
10
1459.9999964237213
20
-60240.00000357627
10
1459.9999964237213
20
-59533.00000011175
10
2140.0000035762787
20
-59533.00000011175
10
2140.0000035762787
20
-60240.00000357627
0
LINE
5
68A3
330
659F
100
AcDbEntity
100
AcDbLine
8
EKP_RECTIFIER_ELTEK_20U
10
1493.9999967813492
20
-60265.00000357627
30
0
11
2106.000003218651
21
-60265.00000357627
31
0
0
LINE
5
68A4
330
659F
100
AcDbEntity
100
AcDbLine
8
EKP_RECTIFIER_ELTEK_20U
10
1493.9999967813492
20
-60240.00000357627
30
0
11
1493.9999967813492
21
-60265.00000357627
31
0
0
LINE
5
68A5
330
659F
100
AcDbEntity
100
AcDbLine
8
EKP_RECTIFIER_ELTEK_20U
10
2106.000003218651
20
-60240.00000357627
30
0
11
2106.000003218651
21
-60265.00000357627
31
0
0
LWPOLYLINE
5
68A6
330
659F
100
AcDbEntity
100
AcDbPolyline
8
EKP_RECTIFIER_ELTEK_20U
6
ByLayer
62
256
370
-1
90
4
70
1
10
1970.0000017881396
20
-60277.50000357627
10
1970.0000017881396
20
-60241.50000357627
10
2010.0000017881396
20
-60241.50000357627
10
2010.0000017881396
20
-60277.50000357627
0
LWPOLYLINE
5
68A7
330
659F
100
AcDbEntity
100
AcDbPolyline
8
EKP_RECTIFIER_ELTEK_20U
6
ByLayer
62
256
370
-1
90
4
70
1
10
2140.0000035762787
20
-60098.600002883366
10
2140.0000035762787
20
-59674.40000080465
10
2200.0000035762787
20
-59674.40000080465
10
2200.0000035762787
20
-60098.600002883366
0
LINE
5
68A8
330
659F
100
AcDbEntity
100
AcDbLine
8
EKP_RECTIFIER_ELTEK_20U
10
2152.0000035762787
20
-59992.550002363685
30
0
11
2188.0000035762787
21
-59992.550002363685
31
0
0
LINE
5
68A9
330
659F
100
AcDbEntity
100
AcDbLine
8
EKP_RECTIFIER_ELTEK_20U
10
2152.0000035762787
20
-59886.50000184401
30
0
11
2188.0000035762787
21
-59886.50000184401
31
0
0
LINE
5
68AA
330
659F
100
AcDbEntity
100
AcDbLine
8
EKP_RECTIFIER_ELTEK_20U
10
2152.0000035762787
20
-59780.45000132433
30
0
11
2188.0000035762787
21
-59780.45000132433
31
0
0
LWPOLYLINE
5
68AB
330
659F
100
AcDbEntity
100
AcDbPolyline
8
EKP_RECTIFIER_ELTEK_20U
6
ByLayer
62
256
370
-1
90
4
70
1
10
1474.9999964237213
20
-60225.00000357627
10
1474.9999964237213
20
-59548.00000011175
10
2125.0000035762787
20
-59548.00000011175
10
2125.0000035762787
20
-60225.00000357627
0
LINE
5
68AC
330
659F
100
AcDbEntity
100
AcDbLine
8
EKP_RECTIFIER_ELTEK_20U
10
1697.9999989271164
20
-59886.50000184401
30
0
11
1902.0000010728836
21
-59886.50000184401
31
0
0
LINE
5
68AD
330
659F
100
AcDbEntity
100
AcDbLine
8
EKP_RECTIFIER_ELTEK_20U
10
1800
20
-59992.55000236369
30
0
11
1800
21
-59780.45000132433
31
0
0
TEXT
5
68AE
330
659F
100
AcDbEntity
100
AcDbText
8
EKP_RECTIFIER_ELTEK_20U
10
1800
20
-59886.50000184401
30
0
40
65
1
20U Outdoor DC Guc Kaynagi (Eltek Flatpack2 24kW) (Alan 4 - Orta #1)
50
0
7
STANDARD
72
1
11
1800
21
-59886.50000184401
31
0
100
AcDbText
73
2
0
LWPOLYLINE
5
68AF
330
659F
100
AcDbEntity
100
AcDbPolyline
8
EKP_RECTIFIER_ELTEK_20U
6
ByLayer
62
256
370
-1
90
4
70
1
10
2259.9999964237213
20
-60240.00000357627
10
2259.9999964237213
20
-59533.00000011175
10
2940.0000035762787
20
-59533.00000011175
10
2940.0000035762787
20
-60240.00000357627
0
LINE
5
68B0
330
659F
100
AcDbEntity
100
AcDbLine
8
EKP_RECTIFIER_ELTEK_20U
10
2293.999996781349
20
-60265.00000357627
30
0
11
2906.000003218651
21
-60265.00000357627
31
0
0
LINE
5
68B1
330
659F
100
AcDbEntity
100
AcDbLine
8
EKP_RECTIFIER_ELTEK_20U
10
2293.999996781349
20
-60240.00000357627
30
0
11
2293.999996781349
21
-60265.00000357627
31
0
0
LINE
5
68B2
330
659F
100
AcDbEntity
100
AcDbLine
8
EKP_RECTIFIER_ELTEK_20U
10
2906.000003218651
20
-60240.00000357627
30
0
11
2906.000003218651
21
-60265.00000357627
31
0
0
LWPOLYLINE
5
68B3
330
659F
100
AcDbEntity
100
AcDbPolyline
8
EKP_RECTIFIER_ELTEK_20U
6
ByLayer
62
256
370
-1
90
4
70
1
10
2770.0000017881393
20
-60277.50000357627
10
2770.0000017881393
20
-60241.50000357627
10
2810.0000017881393
20
-60241.50000357627
10
2810.0000017881393
20
-60277.50000357627
0
LWPOLYLINE
5
68B4
330
659F
100
AcDbEntity
100
AcDbPolyline
8
EKP_RECTIFIER_ELTEK_20U
6
ByLayer
62
256
370
-1
90
4
70
1
10
2940.0000035762787
20
-60098.600002883366
10
2940.0000035762787
20
-59674.40000080465
10
3000.0000035762787
20
-59674.40000080465
10
3000.0000035762787
20
-60098.600002883366
0
LINE
5
68B5
330
659F
100
AcDbEntity
100
AcDbLine
8
EKP_RECTIFIER_ELTEK_20U
10
2952.0000035762787
20
-59992.550002363685
30
0
11
2988.0000035762787
21
-59992.550002363685
31
0
0
LINE
5
68B6
330
659F
100
AcDbEntity
100
AcDbLine
8
EKP_RECTIFIER_ELTEK_20U
10
2952.0000035762787
20
-59886.50000184401
30
0
11
2988.0000035762787
21
-59886.50000184401
31
0
0
LINE
5
68B7
330
659F
100
AcDbEntity
100
AcDbLine
8
EKP_RECTIFIER_ELTEK_20U
10
2952.0000035762787
20
-59780.45000132433
30
0
11
2988.0000035762787
21
-59780.45000132433
31
0
0
LWPOLYLINE
5
68B8
330
659F
100
AcDbEntity
100
AcDbPolyline
8
EKP_RECTIFIER_ELTEK_20U
6
ByLayer
62
256
370
-1
90
4
70
1
10
2274.9999964237213
20
-60225.00000357627
10
2274.9999964237213
20
-59548.00000011175
10
2925.0000035762787
20
-59548.00000011175
10
2925.0000035762787
20
-60225.00000357627
0
LINE
5
68B9
330
659F
100
AcDbEntity
100
AcDbLine
8
EKP_RECTIFIER_ELTEK_20U
10
2497.9999989271164
20
-59886.50000184401
30
0
11
2702.0000010728836
21
-59886.50000184401
31
0
0
LINE
5
68BA
330
659F
100
AcDbEntity
100
AcDbLine
8
EKP_RECTIFIER_ELTEK_20U
10
2600
20
-59992.55000236369
30
0
11
2600
21
-59780.45000132433
31
0
0
TEXT
5
68BB
330
659F
100
AcDbEntity
100
AcDbText
8
EKP_RECTIFIER_ELTEK_20U
10
2600
20
-59886.50000184401
30
0
40
65
1
20U Outdoor DC Guc Kaynagi (Eltek Flatpack2 24kW) (Alan 4 - Orta #2)
50
0
7
STANDARD
72
1
11
2600
21
-59886.50000184401
31
0
100
AcDbText
73
2
0
LWPOLYLINE
5
66B1
330
659F
100
AcDbEntity
100
AcDbPolyline
8
EKP_RECTIFIER_MTS9304A
6
ByLayer
62
256
370
-1
90
4
70
1
10
-19249.36769762576
20
-60268.77808069026
10
-19249.36769762576
20
-59548.77808221763
10
-18559.367700009945
20
-59548.77808221763
10
-18559.367700009945
20
-60268.77808069026
0
LINE
5
66B2
330
659F
100
AcDbEntity
100
AcDbLine
8
EKP_RECTIFIER_MTS9304A
10
-19214.86769774497
20
-60293.77808069026
30
0
11
-18593.867699890736
21
-60293.77808069026
31
0
0
LINE
5
66B3
330
659F
100
AcDbEntity
100
AcDbLine
8
EKP_RECTIFIER_MTS9304A
10
-19214.86769774497
20
-60268.77808069026
30
0
11
-19214.86769774497
21
-60293.77808069026
31
0
0
LINE
5
66B4
330
659F
100
AcDbEntity
100
AcDbLine
8
EKP_RECTIFIER_MTS9304A
10
-18593.867699890736
20
-60268.77808069026
30
0
11
-18593.867699890736
21
-60293.77808069026
31
0
0
LWPOLYLINE
5
66B5
330
659F
100
AcDbEntity
100
AcDbPolyline
8
EKP_RECTIFIER_MTS9304A
6
ByLayer
62
256
370
-1
90
4
70
1
10
-18731.8676994139
20
-60306.27808069026
10
-18731.8676994139
20
-60270.27808069026
10
-18691.8676994139
20
-60270.27808069026
10
-18691.8676994139
20
-60306.27808069026
0
LWPOLYLINE
5
66B6
330
659F
100
AcDbEntity
100
AcDbPolyline
8
EKP_RECTIFIER_MTS9304A
6
ByLayer
62
256
370
-1
90
4
70
1
10
-18559.367700009945
20
-60124.77808099573
10
-18559.367700009945
20
-59692.778081912154
10
-18499.367700009945
20
-59692.778081912154
10
-18499.367700009945
20
-60124.77808099573
0
LINE
5
66B7
330
659F
100
AcDbEntity
100
AcDbLine
8
EKP_RECTIFIER_MTS9304A
10
-18547.367700009945
20
-60016.77808122484
30
0
11
-18511.367700009945
21
-60016.77808122484
31
0
0
LINE
5
66B8
330
659F
100
AcDbEntity
100
AcDbLine
8
EKP_RECTIFIER_MTS9304A
10
-18547.367700009945
20
-59908.778081453944
30
0
11
-18511.367700009945
21
-59908.778081453944
31
0
0
LINE
5
66B9
330
659F
100
AcDbEntity
100
AcDbLine
8
EKP_RECTIFIER_MTS9304A
10
-18547.367700009945
20
-59800.77808168305
30
0
11
-18511.367700009945
21
-59800.77808168305
31
0
0
LWPOLYLINE
5
66BA
330
659F
100
AcDbEntity
100
AcDbPolyline
8
EKP_RECTIFIER_MTS9304A
6
ByLayer
62
256
370
-1
90
4
70
1
10
-19234.36769762576
20
-60253.77808069026
10
-19234.36769762576
20
-59563.77808221763
10
-18574.367700009945
20
-59563.77808221763
10
-18574.367700009945
20
-60253.77808069026
0
LINE
5
66BB
330
659F
100
AcDbEntity
100
AcDbLine
8
EKP_RECTIFIER_MTS9304A
10
-19007.867698460224
20
-59908.778081453944
30
0
11
-18800.86769917548
21
-59908.778081453944
31
0
0
LINE
5
66BC
330
659F
100
AcDbEntity
100
AcDbLine
8
EKP_RECTIFIER_MTS9304A
10
-18904.367698817852
20
-60016.77808122484
30
0
11
-18904.367698817852
21
-59800.77808168305
31
0
0
TEXT
5
66BD
330
659F
100
AcDbEntity
100
AcDbText
8
EKP_RECTIFIER_MTS9304A
10
-18904.367698817852
20
-59908.778081453944
30
0
40
65
1
MTS9304A-HX10AX 12U Outdoor Rectifier Kabini (Alan 4 - Sol)
50
0
7
STANDARD
72
1
11
-18904.367698817852
21
-59908.778081453944
31
0
100
AcDbText
73
2
0
LWPOLYLINE
5
686E
330
659F
100
AcDbEntity
100
AcDbPolyline
8
EKP_RECTIFIER_MTS9304A
6
ByLayer
62
256
370
-1
90
4
70
1
10
18594.452136675587
20
-60333.47605214297
10
18594.452136675587
20
-59613.47605367034
10
19284.4521342914
20
-59613.47605367034
10
19284.4521342914
20
-60333.47605214297
0
LINE
5
686F
330
659F
100
AcDbEntity
100
AcDbLine
8
EKP_RECTIFIER_MTS9304A
10
18628.952136556378
20
-60358.47605214297
30
0
11
19249.95213441061
21
-60358.47605214297
31
0
0
LINE
5
6870
330
659F
100
AcDbEntity
100
AcDbLine
8
EKP_RECTIFIER_MTS9304A
10
18628.952136556378
20
-60333.47605214297
30
0
11
18628.952136556378
21
-60358.47605214297
31
0
0
LINE
5
6871
330
659F
100
AcDbEntity
100
AcDbLine
8
EKP_RECTIFIER_MTS9304A
10
19249.95213441061
20
-60333.47605214297
30
0
11
19249.95213441061
21
-60358.47605214297
31
0
0
LWPOLYLINE
5
6872
330
659F
100
AcDbEntity
100
AcDbPolyline
8
EKP_RECTIFIER_MTS9304A
6
ByLayer
62
256
370
-1
90
4
70
1
10
19111.952134887448
20
-60370.97605214297
10
19111.952134887448
20
-60334.97605214297
10
19151.952134887448
20
-60334.97605214297
10
19151.952134887448
20
-60370.97605214297
0
LWPOLYLINE
5
6873
330
659F
100
AcDbEntity
100
AcDbPolyline
8
EKP_RECTIFIER_MTS9304A
6
ByLayer
62
256
370
-1
90
4
70
1
10
19284.4521342914
20
-60189.476052448445
10
19284.4521342914
20
-59757.476053364866
10
19344.4521342914
20
-59757.476053364866
10
19344.4521342914
20
-60189.476052448445
0
LINE
5
6874
330
659F
100
AcDbEntity
100
AcDbLine
8
EKP_RECTIFIER_MTS9304A
10
19296.4521342914
20
-60081.47605267755
30
0
11
19332.4521342914
21
-60081.47605267755
31
0
0
LINE
5
6875
330
659F
100
AcDbEntity
100
AcDbLine
8
EKP_RECTIFIER_MTS9304A
10
19296.4521342914
20
-59973.476052906655
30
0
11
19332.4521342914
21
-59973.476052906655
31
0
0
LINE
5
6876
330
659F
100
AcDbEntity
100
AcDbLine
8
EKP_RECTIFIER_MTS9304A
10
19296.4521342914
20
-59865.47605313576
30
0
11
19332.4521342914
21
-59865.47605313576
31
0
0
LWPOLYLINE
5
6877
330
659F
100
AcDbEntity
100
AcDbPolyline
8
EKP_RECTIFIER_MTS9304A
6
ByLayer
62
256
370
-1
90
4
70
1
10
18609.452136675587
20
-60318.47605214297
10
18609.452136675587
20
-59628.47605367034
10
19269.4521342914
20
-59628.47605367034
10
19269.4521342914
20
-60318.47605214297
0
LINE
5
6878
330
659F
100
AcDbEntity
100
AcDbLine
8
EKP_RECTIFIER_MTS9304A
10
18835.952135841122
20
-59973.476052906655
30
0
11
19042.952135125866
21
-59973.476052906655
31
0
0
LINE
5
6879
330
659F
100
AcDbEntity
100
AcDbLine
8
EKP_RECTIFIER_MTS9304A
10
18939.452135483494
20
-60081.47605267755
30
0
11
18939.452135483494
21
-59865.47605313576
31
0
0
TEXT
5
687A
330
659F
100
AcDbEntity
100
AcDbText
8
EKP_RECTIFIER_MTS9304A
10
18939.452135483494
20
-59973.476052906655
30
0
40
65
1
MTS9304A-HX10AX 12U Outdoor Rectifier Kabini (Alan 4 - Sag)
50
0
7
STANDARD
72
1
11
18939.452135483494
21
-59973.476052906655
31
0
100
AcDbText
73
2
0
LWPOLYLINE
5
6895
330
659F
100
AcDbEntity
100
AcDbPolyline
8
EKP_RECTIFIER_MTS9304A
6
ByLayer
62
256
370
-1
90
4
70
1
10
655.0000011920929
20
-60244.99999880791
10
655.0000011920929
20
-59525.000000335276
10
1344.999998807907
20
-59525.000000335276
10
1344.999998807907
20
-60244.99999880791
0
LINE
5
6896
330
659F
100
AcDbEntity
100
AcDbLine
8
EKP_RECTIFIER_MTS9304A
10
689.5000010728836
20
-60269.99999880791
30
0
11
1310.4999989271164
21
-60269.99999880791
31
0
0
LINE
5
6897
330
659F
100
AcDbEntity
100
AcDbLine
8
EKP_RECTIFIER_MTS9304A
10
689.5000010728836
20
-60244.99999880791
30
0
11
689.5000010728836
21
-60269.99999880791
31
0
0
LINE
5
6898
330
659F
100
AcDbEntity
100
AcDbLine
8
EKP_RECTIFIER_MTS9304A
10
1310.4999989271164
20
-60244.99999880791
30
0
11
1310.4999989271164
21
-60269.99999880791
31
0
0
LWPOLYLINE
5
6899
330
659F
100
AcDbEntity
100
AcDbPolyline
8
EKP_RECTIFIER_MTS9304A
6
ByLayer
62
256
370
-1
90
4
70
1
10
1172.4999994039536
20
-60282.49999880791
10
1172.4999994039536
20
-60246.49999880791
10
1212.4999994039536
20
-60246.49999880791
10
1212.4999994039536
20
-60282.49999880791
0
LWPOLYLINE
5
689A
330
659F
100
AcDbEntity
100
AcDbPolyline
8
EKP_RECTIFIER_MTS9304A
6
ByLayer
62
256
370
-1
90
4
70
1
10
1344.999998807907
20
-60100.99999911338
10
1344.999998807907
20
-59669.0000000298
10
1404.999998807907
20
-59669.0000000298
10
1404.999998807907
20
-60100.99999911338
0
LINE
5
689B
330
659F
100
AcDbEntity
100
AcDbLine
8
EKP_RECTIFIER_MTS9304A
10
1356.999998807907
20
-59992.999999342486
30
0
11
1392.999998807907
21
-59992.999999342486
31
0
0
LINE
5
689C
330
659F
100
AcDbEntity
100
AcDbLine
8
EKP_RECTIFIER_MTS9304A
10
1356.999998807907
20
-59884.99999957159
30
0
11
1392.999998807907
21
-59884.99999957159
31
0
0
LINE
5
689D
330
659F
100
AcDbEntity
100
AcDbLine
8
EKP_RECTIFIER_MTS9304A
10
1356.999998807907
20
-59776.9999998007
30
0
11
1392.999998807907
21
-59776.9999998007
31
0
0
LWPOLYLINE
5
689E
330
659F
100
AcDbEntity
100
AcDbPolyline
8
EKP_RECTIFIER_MTS9304A
6
ByLayer
62
256
370
-1
90
4
70
1
10
670.0000011920929
20
-60229.99999880791
10
670.0000011920929
20
-59540.000000335276
10
1329.999998807907
20
-59540.000000335276
10
1329.999998807907
20
-60229.99999880791
0
LINE
5
689F
330
659F
100
AcDbEntity
100
AcDbLine
8
EKP_RECTIFIER_MTS9304A
10
896.5000003576279
20
-59884.99999957159
30
0
11
1103.4999996423721
21
-59884.99999957159
31
0
0
LINE
5
68A0
330
659F
100
AcDbEntity
100
AcDbLine
8
EKP_RECTIFIER_MTS9304A
10
1000
20
-59992.999999342486
30
0
11
1000
21
-59776.9999998007
31
0
0
TEXT
5
68A1
330
659F
100
AcDbEntity
100
AcDbText
8
EKP_RECTIFIER_MTS9304A
10
1000
20
-59884.99999957159
30
0
40
65
1
MTS9304A-HX10AX 12U Outdoor Rectifier Kabini (Alan 4 - Orta)
50
0
7
STANDARD
72
1
11
1000
21
-59884.99999957159
31
0
100
AcDbText
73
2
0
LWPOLYLINE
5
672C
330
659F
100
AcDbEntity
100
AcDbPolyline
8
BLOK_OZEL_PLATFORM
6
ByLayer
62
256
370
-1
90
4
70
1
10
-13859.999999776483
20
-60255.50002384186
10
-13859.999999776483
20
-59055.49997615814
10
-12840.000000223517
20
-59055.49997615814
10
-12840.000000223517
20
-60255.50002384186
0
LINE
5
672D
330
659F
100
AcDbEntity
100
AcDbLine
8
BLOK_OZEL_PLATFORM
10
-13604.999999888241
20
-60255.50002384186
30
0
11
-13604.999999888241
21
-59055.49997615814
31
0
0
LINE
5
672E
330
659F
100
AcDbEntity
100
AcDbLine
8
BLOK_OZEL_PLATFORM
10
-13350
20
-60255.50002384186
30
0
11
-13350
21
-59055.49997615814
31
0
0
LINE
5
672F
330
659F
100
AcDbEntity
100
AcDbLine
8
BLOK_OZEL_PLATFORM
10
-13095.000000111759
20
-60255.50002384186
30
0
11
-13095.000000111759
21
-59055.49997615814
31
0
0
LINE
5
6730
330
659F
100
AcDbEntity
100
AcDbLine
8
BLOK_OZEL_PLATFORM
10
-13859.999999776483
20
-59855.50000794729
30
0
11
-12840.000000223517
21
-59855.50000794729
31
0
0
LINE
5
6731
330
659F
100
AcDbEntity
100
AcDbLine
8
BLOK_OZEL_PLATFORM
10
-13859.999999776483
20
-59455.49999205271
30
0
11
-12840.000000223517
21
-59455.49999205271
31
0
0
TEXT
5
6732
330
659F
100
AcDbEntity
100
AcDbText
8
BLOK_OZEL_PLATFORM
10
-13350
20
-59655.5
30
0
40
75
1
Tabla-2 (Duz 120cm)
50
0
7
STANDARD
72
1
11
-13350
21
-59655.5
31
0
100
AcDbText
73
2
0
LWPOLYLINE
5
6733
330
659F
100
AcDbEntity
100
AcDbPolyline
8
BLOK_OZEL_PLATFORM
6
ByLayer
62
256
370
-1
90
4
70
1
10
-13359.999999776483
20
-60255.50002384186
10
-13359.999999776483
20
-59055.49997615814
10
-12340.000000223517
20
-59055.49997615814
10
-12340.000000223517
20
-60255.50002384186
0
LINE
5
6734
330
659F
100
AcDbEntity
100
AcDbLine
8
BLOK_OZEL_PLATFORM
10
-13104.999999888241
20
-60255.50002384186
30
0
11
-13104.999999888241
21
-59055.49997615814
31
0
0
LINE
5
6735
330
659F
100
AcDbEntity
100
AcDbLine
8
BLOK_OZEL_PLATFORM
10
-12850
20
-60255.50002384186
30
0
11
-12850
21
-59055.49997615814
31
0
0
LINE
5
6736
330
659F
100
AcDbEntity
100
AcDbLine
8
BLOK_OZEL_PLATFORM
10
-12595.000000111759
20
-60255.50002384186
30
0
11
-12595.000000111759
21
-59055.49997615814
31
0
0
LINE
5
6737
330
659F
100
AcDbEntity
100
AcDbLine
8
BLOK_OZEL_PLATFORM
10
-13359.999999776483
20
-59855.50000794729
30
0
11
-12340.000000223517
21
-59855.50000794729
31
0
0
LINE
5
6738
330
659F
100
AcDbEntity
100
AcDbLine
8
BLOK_OZEL_PLATFORM
10
-13359.999999776483
20
-59455.49999205271
30
0
11
-12340.000000223517
21
-59455.49999205271
31
0
0
TEXT
5
6739
330
659F
100
AcDbEntity
100
AcDbText
8
BLOK_OZEL_PLATFORM
10
-12850
20
-59655.5
30
0
40
75
1
Tabla-2 (Duz 120cm)
50
0
7
STANDARD
72
1
11
-12850
21
-59655.5
31
0
100
AcDbText
73
2
0
LWPOLYLINE
5
67A3
330
659F
100
AcDbEntity
100
AcDbPolyline
8
BLOK_OZEL_PLATFORM
6
ByLayer
62
256
370
-1
90
4
70
1
10
12340.000000223517
20
-60255.50002384186
10
12340.000000223517
20
-59055.49997615814
10
13359.999999776483
20
-59055.49997615814
10
13359.999999776483
20
-60255.50002384186
0
LINE
5
67A4
330
659F
100
AcDbEntity
100
AcDbLine
8
BLOK_OZEL_PLATFORM
10
12595.000000111759
20
-60255.50002384186
30
0
11
12595.000000111759
21
-59055.49997615814
31
0
0
LINE
5
67A5
330
659F
100
AcDbEntity
100
AcDbLine
8
BLOK_OZEL_PLATFORM
10
12850
20
-60255.50002384186
30
0
11
12850
21
-59055.49997615814
31
0
0
LINE
5
67A6
330
659F
100
AcDbEntity
100
AcDbLine
8
BLOK_OZEL_PLATFORM
10
13104.999999888241
20
-60255.50002384186
30
0
11
13104.999999888241
21
-59055.49997615814
31
0
0
LINE
5
67A7
330
659F
100
AcDbEntity
100
AcDbLine
8
BLOK_OZEL_PLATFORM
10
12340.000000223517
20
-59855.50000794729
30
0
11
13359.999999776483
21
-59855.50000794729
31
0
0
LINE
5
67A8
330
659F
100
AcDbEntity
100
AcDbLine
8
BLOK_OZEL_PLATFORM
10
12340.000000223517
20
-59455.49999205271
30
0
11
13359.999999776483
21
-59455.49999205271
31
0
0
TEXT
5
67A9
330
659F
100
AcDbEntity
100
AcDbText
8
BLOK_OZEL_PLATFORM
10
12850
20
-59655.5
30
0
40
75
1
Tabla-2 (Duz 120cm)
50
0
7
STANDARD
72
1
11
12850
21
-59655.5
31
0
100
AcDbText
73
2
0
LWPOLYLINE
5
67AA
330
659F
100
AcDbEntity
100
AcDbPolyline
8
BLOK_OZEL_PLATFORM
6
ByLayer
62
256
370
-1
90
4
70
1
10
12840.000000223517
20
-60255.50002384186
10
12840.000000223517
20
-59055.49997615814
10
13859.999999776483
20
-59055.49997615814
10
13859.999999776483
20
-60255.50002384186
0
LINE
5
67AB
330
659F
100
AcDbEntity
100
AcDbLine
8
BLOK_OZEL_PLATFORM
10
13095.000000111759
20
-60255.50002384186
30
0
11
13095.000000111759
21
-59055.49997615814
31
0
0
LINE
5
67AC
330
659F
100
AcDbEntity
100
AcDbLine
8
BLOK_OZEL_PLATFORM
10
13350
20
-60255.50002384186
30
0
11
13350
21
-59055.49997615814
31
0
0
LINE
5
67AD
330
659F
100
AcDbEntity
100
AcDbLine
8
BLOK_OZEL_PLATFORM
10
13604.999999888241
20
-60255.50002384186
30
0
11
13604.999999888241
21
-59055.49997615814
31
0
0
LINE
5
67AE
330
659F
100
AcDbEntity
100
AcDbLine
8
BLOK_OZEL_PLATFORM
10
12840.000000223517
20
-59855.50000794729
30
0
11
13859.999999776483
21
-59855.50000794729
31
0
0
LINE
5
67AF
330
659F
100
AcDbEntity
100
AcDbLine
8
BLOK_OZEL_PLATFORM
10
12840.000000223517
20
-59455.49999205271
30
0
11
13859.999999776483
21
-59455.49999205271
31
0
0
TEXT
5
67B0
330
659F
100
AcDbEntity
100
AcDbText
8
BLOK_OZEL_PLATFORM
10
13350
20
-59655.5
30
0
40
75
1
Tabla-2 (Duz 120cm)
50
0
7
STANDARD
72
1
11
13350
21
-59655.5
31
0
100
AcDbText
73
2
0
CIRCLE
5
6626
330
659F
100
AcDbEntity
100
AcDbCircle
8
EKP_MATSING_ANTEN
10
-20000
20
-913.9902189050981
30
0
40
849.1378093155853
0
LINE
5
6627
330
659F
100
AcDbEntity
100
AcDbLine
8
EKP_MATSING_ANTEN
10
-20976.508480712924
20
-913.9902189050981
30
0
11
-19023.491519287076
21
-913.9902189050981
31
0
0
LINE
5
6628
330
659F
100
AcDbEntity
100
AcDbLine
8
EKP_MATSING_ANTEN
10
-20000
20
-1890.498699618021
30
0
11
-20000
21
62.51826180782484
31
0
0
LWPOLYLINE
5
6629
330
659F
100
AcDbEntity
100
AcDbPolyline
8
EKP_MATSING_ANTEN
6
ByLayer
62
256
370
-1
90
4
70
1
10
-20212.284452328895
20
-1975.4124805495799
10
-20212.284452328895
20
-1763.1280282206835
10
-19787.715547671105
20
-1763.1280282206835
10
-19787.715547671105
20
-1975.4124805495799
0
CIRCLE
5
662A
330
659F
100
AcDbEntity
100
AcDbCircle
8
EKP_MATSING_ANTEN
10
-20000
20
-2015.4124805495799
30
0
40
40
0
TEXT
5
662B
330
659F
100
AcDbEntity
100
AcDbText
8
EKP_MATSING_ANTEN
10
-20000
20
-913.9902189050981
30
0
40
70
1
Matsing 4-Beam Lens Anten (Sol - Skorboard Tersi 45° Egim)
50
0
7
STANDARD
72
1
11
-20000
21
-913.9902189050981
31
0
100
AcDbText
73
2
0
CIRCLE
5
662D
330
659F
100
AcDbEntity
100
AcDbCircle
8
EKP_MATSING_ANTEN
10
20000
20
-913.9902189050981
30
0
40
849.1378093155853
0
LINE
5
662E
330
659F
100
AcDbEntity
100
AcDbLine
8
EKP_MATSING_ANTEN
10
19023.491519287076
20
-913.9902189050981
30
0
11
20976.508480712924
21
-913.9902189050981
31
0
0
LINE
5
662F
330
659F
100
AcDbEntity
100
AcDbLine
8
EKP_MATSING_ANTEN
10
20000
20
-1890.498699618021
30
0
11
20000
21
62.51826180782484
31
0
0
LWPOLYLINE
5
6630
330
659F
100
AcDbEntity
100
AcDbPolyline
8
EKP_MATSING_ANTEN
6
ByLayer
62
256
370
-1
90
4
70
1
10
19787.715547671105
20
-1975.4124805495799
10
19787.715547671105
20
-1763.1280282206835
10
20212.284452328895
20
-1763.1280282206835
10
20212.284452328895
20
-1975.4124805495799
0
CIRCLE
5
6631
330
659F
100
AcDbEntity
100
AcDbCircle
8
EKP_MATSING_ANTEN
10
20000
20
-2015.4124805495799
30
0
40
40
0
TEXT
5
6632
330
659F
100
AcDbEntity
100
AcDbText
8
EKP_MATSING_ANTEN
10
20000
20
-913.9902189050981
30
0
40
70
1
Matsing 4-Beam Lens Anten (Sag - Skorboard Tersi 45° Egim)
50
0
7
STANDARD
72
1
11
20000
21
-913.9902189050981
31
0
100
AcDbText
73
2
0
CIRCLE
5
68BD
330
659F
100
AcDbEntity
100
AcDbCircle
8
EKP_MATSING_ANTEN
10
-16500
20
-22999.762539597272
30
0
40
913.8283013761423
0
LINE
5
68BE
330
659F
100
AcDbEntity
100
AcDbLine
8
EKP_MATSING_ANTEN
10
-17550.902546582565
20
-22999.762539597272
30
0
11
-15449.097453417437
21
-22999.762539597272
31
0
0
LINE
5
68BF
330
659F
100
AcDbEntity
100
AcDbLine
8
EKP_MATSING_ANTEN
10
-16500
20
-24050.665086179837
30
0
11
-16500
21
-21948.859993014707
31
0
0
LWPOLYLINE
5
68C0
330
659F
100
AcDbEntity
100
AcDbPolyline
8
EKP_MATSING_ANTEN
6
ByLayer
62
256
370
-1
90
4
70
1
10
-16728.457075344035
20
-24142.04791631745
10
-16728.457075344035
20
-23913.590840973415
10
-16271.542924655965
20
-23913.590840973415
10
-16271.542924655965
20
-24142.04791631745
0
CIRCLE
5
68C1
330
659F
100
AcDbEntity
100
AcDbCircle
8
EKP_MATSING_ANTEN
10
-16500
20
-24182.04791631745
30
0
40
40
0
TEXT
5
68C2
330
659F
100
AcDbEntity
100
AcDbText
8
EKP_MATSING_ANTEN
10
-16500
20
-22999.762539597272
30
0
40
70
1
Matsing 4-Beam Lens Anten (MS-MBA-4.4.2)
50
0
7
STANDARD
72
1
11
-16500
21
-22999.762539597272
31
0
100
AcDbText
73
2
0
CIRCLE
5
68C4
330
659F
100
AcDbEntity
100
AcDbCircle
8
EKP_MATSING_ANTEN
10
-16500
20
-20009.762539597272
30
0
40
913.8283013761423
0
LINE
5
68C5
330
659F
100
AcDbEntity
100
AcDbLine
8
EKP_MATSING_ANTEN
10
-17550.902546582565
20
-20009.762539597272
30
0
11
-15449.097453417437
21
-20009.762539597272
31
0
0
LINE
5
68C6
330
659F
100
AcDbEntity
100
AcDbLine
8
EKP_MATSING_ANTEN
10
-16500
20
-21060.665086179837
30
0
11
-16500
21
-18958.859993014707
31
0
0
LWPOLYLINE
5
68C7
330
659F
100
AcDbEntity
100
AcDbPolyline
8
EKP_MATSING_ANTEN
6
ByLayer
62
256
370
-1
90
4
70
1
10
-16728.457075344035
20
-21152.04791631745
10
-16728.457075344035
20
-20923.590840973415
10
-16271.542924655965
20
-20923.590840973415
10
-16271.542924655965
20
-21152.04791631745
0
CIRCLE
5
68C8
330
659F
100
AcDbEntity
100
AcDbCircle
8
EKP_MATSING_ANTEN
10
-16500
20
-21192.04791631745
30
0
40
40
0
TEXT
5
68C9
330
659F
100
AcDbEntity
100
AcDbText
8
EKP_MATSING_ANTEN
10
-16500
20
-20009.762539597272
30
0
40
70
1
Matsing 4-Beam Lens Anten (MS-MBA-4.4.2)
50
0
7
STANDARD
72
1
11
-16500
21
-20009.762539597272
31
0
100
AcDbText
73
2
0
CIRCLE
5
68CB
330
659F
100
AcDbEntity
100
AcDbCircle
8
EKP_MATSING_ANTEN
10
16500
20
-22999.762539597272
30
0
40
913.8283013761423
0
LINE
5
68CC
330
659F
100
AcDbEntity
100
AcDbLine
8
EKP_MATSING_ANTEN
10
15449.097453417437
20
-22999.762539597272
30
0
11
17550.902546582565
21
-22999.762539597272
31
0
0
LINE
5
68CD
330
659F
100
AcDbEntity
100
AcDbLine
8
EKP_MATSING_ANTEN
10
16500
20
-24050.665086179837
30
0
11
16500
21
-21948.859993014707
31
0
0
LWPOLYLINE
5
68CE
330
659F
100
AcDbEntity
100
AcDbPolyline
8
EKP_MATSING_ANTEN
6
ByLayer
62
256
370
-1
90
4
70
1
10
16271.542924655965
20
-24142.04791631745
10
16271.542924655965
20
-23913.590840973415
10
16728.457075344035
20
-23913.590840973415
10
16728.457075344035
20
-24142.04791631745
0
CIRCLE
5
68CF
330
659F
100
AcDbEntity
100
AcDbCircle
8
EKP_MATSING_ANTEN
10
16500
20
-24182.04791631745
30
0
40
40
0
TEXT
5
68D0
330
659F
100
AcDbEntity
100
AcDbText
8
EKP_MATSING_ANTEN
10
16500
20
-22999.762539597272
30
0
40
70
1
Matsing 4-Beam Lens Anten (MS-MBA-4.4.2)
50
0
7
STANDARD
72
1
11
16500
21
-22999.762539597272
31
0
100
AcDbText
73
2
0
CIRCLE
5
68D2
330
659F
100
AcDbEntity
100
AcDbCircle
8
EKP_MATSING_ANTEN
10
16500
20
-20009.762539597272
30
0
40
913.8283013761423
0
LINE
5
68D3
330
659F
100
AcDbEntity
100
AcDbLine
8
EKP_MATSING_ANTEN
10
15449.097453417437
20
-20009.762539597272
30
0
11
17550.902546582565
21
-20009.762539597272
31
0
0
LINE
5
68D4
330
659F
100
AcDbEntity
100
AcDbLine
8
EKP_MATSING_ANTEN
10
16500
20
-21060.665086179837
30
0
11
16500
21
-18958.859993014707
31
0
0
LWPOLYLINE
5
68D5
330
659F
100
AcDbEntity
100
AcDbPolyline
8
EKP_MATSING_ANTEN
6
ByLayer
62
256
370
-1
90
4
70
1
10
16271.542924655965
20
-21152.04791631745
10
16271.542924655965
20
-20923.590840973415
10
16728.457075344035
20
-20923.590840973415
10
16728.457075344035
20
-21152.04791631745
0
CIRCLE
5
68D6
330
659F
100
AcDbEntity
100
AcDbCircle
8
EKP_MATSING_ANTEN
10
16500
20
-21192.04791631745
30
0
40
40
0
TEXT
5
68D7
330
659F
100
AcDbEntity
100
AcDbText
8
EKP_MATSING_ANTEN
10
16500
20
-20009.762539597272
30
0
40
70
1
Matsing 4-Beam Lens Anten (MS-MBA-4.4.2)
50
0
7
STANDARD
72
1
11
16500
21
-20009.762539597272
31
0
100
AcDbText
73
2
0
LWPOLYLINE
5
6625
330
659F
100
AcDbEntity
100
AcDbPolyline
8
EKP_ANTEN_TASIYICI_KOL
6
ByLayer
62
256
370
-1
90
4
70
1
10
-20323.619157075882
20
-1763.1280282206835
10
-20323.619157075882
20
295.00000178813934
10
-19676.380842924118
20
295.00000178813934
10
-19676.380842924118
20
-1763.1280282206835
0
LWPOLYLINE
5
662C
330
659F
100
AcDbEntity
100
AcDbPolyline
8
EKP_ANTEN_TASIYICI_KOL
6
ByLayer
62
256
370
-1
90
4
70
1
10
19676.380842924118
20
-1763.1280282206835
10
19676.380842924118
20
295.00000178813934
10
20323.619157075882
20
295.00000178813934
10
20323.619157075882
20
-1763.1280282206835
0
LWPOLYLINE
5
68BC
330
659F
100
AcDbEntity
100
AcDbPolyline
8
EKP_ANTEN_TASIYICI_KOL
6
ByLayer
62
256
370
-1
90
4
70
1
10
-16823.619157075882
20
-23913.59084097341
10
-16823.619157075882
20
-22054.750693684808
10
-16176.380842924118
20
-22054.750693684808
10
-16176.380842924118
20
-23913.59084097341
0
LWPOLYLINE
5
68C3
330
659F
100
AcDbEntity
100
AcDbPolyline
8
EKP_ANTEN_TASIYICI_KOL
6
ByLayer
62
256
370
-1
90
4
70
1
10
-16823.619157075882
20
-20923.590840973415
10
-16823.619157075882
20
-19064.75069368481
10
-16176.380842924118
20
-19064.75069368481
10
-16176.380842924118
20
-20923.590840973415
0
LWPOLYLINE
5
68CA
330
659F
100
AcDbEntity
100
AcDbPolyline
8
EKP_ANTEN_TASIYICI_KOL
6
ByLayer
62
256
370
-1
90
4
70
1
10
16176.380842924118
20
-23913.59084097341
10
16176.380842924118
20
-22054.750693684808
10
16823.619157075882
20
-22054.750693684808
10
16823.619157075882
20
-23913.59084097341
0
LWPOLYLINE
5
68D1
330
659F
100
AcDbEntity
100
AcDbPolyline
8
EKP_ANTEN_TASIYICI_KOL
6
ByLayer
62
256
370
-1
90
4
70
1
10
16176.380842924118
20
-20923.590840973415
10
16176.380842924118
20
-19064.75069368481
10
16823.619157075882
20
-19064.75069368481
10
16823.619157075882
20
-20923.590840973415
0
LWPOLYLINE
5
65EB
330
659F
100
AcDbEntity
100
AcDbPolyline
8
TAVA_PROFILI
6
ByLayer
62
256
370
-1
90
4
70
1
10
-250
20
-100
10
-250
20
24900
10
250
20
24900
10
250
20
-100
0
LINE
5
65EC
330
659F
100
AcDbEntity
100
AcDbLine
8
TAVA_PROFILI
10
-235
20
-100
30
0
11
-235
21
24900
31
0
0
LINE
5
65ED
330
659F
100
AcDbEntity
100
AcDbLine
8
TAVA_PROFILI
10
235
20
-100
30
0
11
235
21
24900
31
0
0
LWPOLYLINE
5
65F7
330
659F
100
AcDbEntity
100
AcDbPolyline
8
TAVA_PROFILI
6
ByLayer
62
256
370
-1
90
4
70
1
10
-1750
20
-350
10
-1750
20
150
10
0
20
150
10
0
20
-350
0
LINE
5
65F8
330
659F
100
AcDbEntity
100
AcDbLine
8
TAVA_PROFILI
10
-1750
20
-335
30
0
11
0
21
-335
31
0
0
LINE
5
65F9
330
659F
100
AcDbEntity
100
AcDbLine
8
TAVA_PROFILI
10
-1750
20
135
30
0
11
0
21
135
31
0
0
TEXT
5
6623
330
659F
100
AcDbEntity
100
AcDbText
8
TAVA_PROFILI
10
380
20
3500
30
0
40
110
1
500mm AGIR HIZMET CATI MAKASI TAVASI VE TRAVERS KONSOL TASIYICILAR
50
90
7
STANDARD
72
1
11
380
21
3500
31
0
100
AcDbText
73
0
0
TEXT
5
6624
330
659F
100
AcDbEntity
100
AcDbText
8
TAVA_PROFILI
10
-875
20
-420
30
0
40
110
1
500mm KOPRU GECIS TAVASI (CATI MAKASINDAN DIKEY MERDIVENE)
50
0
7
STANDARD
72
1
11
-875
21
-420
31
0
100
AcDbText
73
0
0
LWPOLYLINE
5
6987
330
659F
100
AcDbEntity
100
AcDbPolyline
8
TAVA_PROFILI
6
ByLayer
62
256
370
-1
90
4
70
1
10
-250
20
1150
10
-250
20
1300
10
250
20
1300
10
250
20
1150
0
TEXT
5
6988
330
659F
100
AcDbEntity
100
AcDbText
8
TAVA_PROFILI
10
0
20
1330
30
0
40
120
1
ORTADAKI CATI TASIYICISI 500mm KABLO TAVASI KESITI
50
0
7
STANDARD
72
1
11
0
21
1330
31
0
100
AcDbText
73
0
0
LWPOLYLINE
5
6989
330
659F
100
AcDbEntity
100
AcDbPolyline
8
TAVA_PROFILI
6
ByLayer
62
256
370
-1
90
4
70
1
10
-1750
20
1150
10
-1750
20
1270
10
0
20
1270
10
0
20
1150
0
TEXT
5
698A
330
659F
100
AcDbEntity
100
AcDbText
8
TAVA_PROFILI
10
-900
20
1180
30
0
40
100
1
500mm GECIS KOPRU TAVASI
50
0
7
STANDARD
72
1
11
-900
21
1180
31
0
100
AcDbText
73
0
0
LWPOLYLINE
5
65E9
330
659F
100
AcDbEntity
100
AcDbPolyline
8
TAVA_KONSOL
6
ByLayer
62
256
370
-1
90
4
70
1
10
-1720
20
-320
10
-1720
20
-280
10
-1600
20
-280
10
-1600
20
-320
0
LWPOLYLINE
5
65EE
330
659F
100
AcDbEntity
100
AcDbPolyline
8
TAVA_KONSOL
6
ByLayer
62
256
370
-1
90
4
70
1
10
-330
20
-40
10
-330
20
40
10
330
20
40
10
330
20
-40
0
LWPOLYLINE
5
65EF
330
659F
100
AcDbEntity
100
AcDbPolyline
8
TAVA_KONSOL
6
ByLayer
62
256
370
-1
90
4
70
1
10
-330
20
2960
10
-330
20
3040
10
330
20
3040
10
330
20
2960
0
LWPOLYLINE
5
65F0
330
659F
100
AcDbEntity
100
AcDbPolyline
8
TAVA_KONSOL
6
ByLayer
62
256
370
-1
90
4
70
1
10
-330
20
5960
10
-330
20
6040
10
330
20
6040
10
330
20
5960
0
LWPOLYLINE
5
65F1
330
659F
100
AcDbEntity
100
AcDbPolyline
8
TAVA_KONSOL
6
ByLayer
62
256
370
-1
90
4
70
1
10
-330
20
8960
10
-330
20
9040
10
330
20
9040
10
330
20
8960
0
LWPOLYLINE
5
65F2
330
659F
100
AcDbEntity
100
AcDbPolyline
8
TAVA_KONSOL
6
ByLayer
62
256
370
-1
90
4
70
1
10
-330
20
11960
10
-330
20
12040
10
330
20
12040
10
330
20
11960
0
LWPOLYLINE
5
65F3
330
659F
100
AcDbEntity
100
AcDbPolyline
8
TAVA_KONSOL
6
ByLayer
62
256
370
-1
90
4
70
1
10
-330
20
14960
10
-330
20
15040
10
330
20
15040
10
330
20
14960
0
LWPOLYLINE
5
65F4
330
659F
100
AcDbEntity
100
AcDbPolyline
8
TAVA_KONSOL
6
ByLayer
62
256
370
-1
90
4
70
1
10
-330
20
17960
10
-330
20
18040
10
330
20
18040
10
330
20
17960
0
LWPOLYLINE
5
65F5
330
659F
100
AcDbEntity
100
AcDbPolyline
8
TAVA_KONSOL
6
ByLayer
62
256
370
-1
90
4
70
1
10
-330
20
20960
10
-330
20
21040
10
330
20
21040
10
330
20
20960
0
LWPOLYLINE
5
65F6
330
659F
100
AcDbEntity
100
AcDbPolyline
8
TAVA_KONSOL
6
ByLayer
62
256
370
-1
90
4
70
1
10
-330
20
23960
10
-330
20
24040
10
330
20
24040
10
330
20
23960
0
LWPOLYLINE
5
65FA
330
659F
100
AcDbEntity
100
AcDbPolyline
8
TAVA_KONSOL
6
ByLayer
62
256
370
-1
90
4
70
1
10
-1780
20
-390
10
-1780
20
190
10
-1720
20
190
10
-1720
20
-390
0
LWPOLYLINE
5
65FB
330
659F
100
AcDbEntity
100
AcDbPolyline
8
TAVA_KONSOL
6
ByLayer
62
256
370
-1
90
4
70
1
10
-1180
20
-390
10
-1180
20
190
10
-1120
20
190
10
-1120
20
-390
0
LWPOLYLINE
5
65FC
330
659F
100
AcDbEntity
100
AcDbPolyline
8
TAVA_KONSOL
6
ByLayer
62
256
370
-1
90
4
70
1
10
-580
20
-390
10
-580
20
190
10
-520
20
190
10
-520
20
-390
0
LWPOLYLINE
5
65FD
330
659F
100
AcDbEntity
100
AcDbPolyline
8
TAVA_KONSOL
6
ByLayer
62
256
370
-1
90
4
70
1
10
-30
20
-390
10
-30
20
190
10
30
20
190
10
30
20
-390
0
LWPOLYLINE
5
6982
330
659F
100
AcDbEntity
100
AcDbPolyline
8
TAVA_KONSOL
6
ByLayer
62
256
370
-1
90
4
70
1
10
-1550
20
-6020
10
-1550
20
-5980
10
-1430
20
-5980
10
-1430
20
-6020
0
LWPOLYLINE
5
6983
330
659F
100
AcDbEntity
100
AcDbPolyline
8
TAVA_KONSOL
6
ByLayer
62
256
370
-1
90
4
70
1
10
-1550
20
-4520
10
-1550
20
-4480
10
-1430
20
-4480
10
-1430
20
-4520
0
LWPOLYLINE
5
6984
330
659F
100
AcDbEntity
100
AcDbPolyline
8
TAVA_KONSOL
6
ByLayer
62
256
370
-1
90
4
70
1
10
-1550
20
-3020
10
-1550
20
-2980
10
-1430
20
-2980
10
-1430
20
-3020
0
LWPOLYLINE
5
6985
330
659F
100
AcDbEntity
100
AcDbPolyline
8
TAVA_KONSOL
6
ByLayer
62
256
370
-1
90
4
70
1
10
-1550
20
-1520
10
-1550
20
-1480
10
-1430
20
-1480
10
-1430
20
-1520
0
LWPOLYLINE
5
6986
330
659F
100
AcDbEntity
100
AcDbPolyline
8
TAVA_KONSOL
6
ByLayer
62
256
370
-1
90
4
70
1
10
-1550
20
-20
10
-1550
20
20
10
-1430
20
20
10
-1430
20
-20
0
LWPOLYLINE
5
65E2
330
659F
100
AcDbEntity
100
AcDbPolyline
8
DIKEY_KABLO_MERDIVENI
6
ByLayer
62
256
370
-1
90
4
70
1
10
-1780
20
-500
10
-1780
20
-100
10
-1720
20
-100
10
-1720
20
-500
0
LINE
5
65E3
330
659F
100
AcDbEntity
100
AcDbLine
8
DIKEY_KABLO_MERDIVENI
10
-1780
20
-500
30
0
11
-1720
21
-500
31
0
0
LINE
5
65E4
330
659F
100
AcDbEntity
100
AcDbLine
8
DIKEY_KABLO_MERDIVENI
10
-1780
20
-100
30
0
11
-1720
21
-100
31
0
0
LINE
5
65E5
330
659F
100
AcDbEntity
100
AcDbLine
8
DIKEY_KABLO_MERDIVENI
10
-1780
20
-450
30
0
11
-1720
21
-450
31
0
0
LINE
5
65E6
330
659F
100
AcDbEntity
100
AcDbLine
8
DIKEY_KABLO_MERDIVENI
10
-1780
20
-350
30
0
11
-1720
21
-350
31
0
0
LINE
5
65E7
330
659F
100
AcDbEntity
100
AcDbLine
8
DIKEY_KABLO_MERDIVENI
10
-1780
20
-250
30
0
11
-1720
21
-250
31
0
0
LINE
5
65E8
330
659F
100
AcDbEntity
100
AcDbLine
8
DIKEY_KABLO_MERDIVENI
10
-1780
20
-150
30
0
11
-1720
21
-150
31
0
0
TEXT
5
65EA
330
659F
100
AcDbEntity
100
AcDbText
8
DIKEY_KABLO_MERDIVENI
10
-1950
20
-300
30
0
40
110
1
DIKEY KABLO MERDIVENI (W=400mm, ALT KEDI YOLUNA INIS)
50
0
7
STANDARD
72
2
11
-1950
21
-300
31
0
100
AcDbText
73
0
0
LINE
5
6967
330
659F
100
AcDbEntity
100
AcDbLine
8
DIKEY_KABLO_MERDIVENI
10
-1950
20
-6500
30
0
11
-1950
21
1150
31
0
0
LINE
5
6968
330
659F
100
AcDbEntity
100
AcDbLine
8
DIKEY_KABLO_MERDIVENI
10
-1550
20
-6500
30
0
11
-1550
21
1150
31
0
0
LINE
5
6969
330
659F
100
AcDbEntity
100
AcDbLine
8
DIKEY_KABLO_MERDIVENI
10
-1950
20
-6350
30
0
11
-1550
21
-6350
31
0
0
LINE
5
696A
330
659F
100
AcDbEntity
100
AcDbLine
8
DIKEY_KABLO_MERDIVENI
10
-1950
20
-6050
30
0
11
-1550
21
-6050
31
0
0
LINE
5
696B
330
659F
100
AcDbEntity
100
AcDbLine
8
DIKEY_KABLO_MERDIVENI
10
-1950
20
-5750
30
0
11
-1550
21
-5750
31
0
0
LINE
5
696C
330
659F
100
AcDbEntity
100
AcDbLine
8
DIKEY_KABLO_MERDIVENI
10
-1950
20
-5450
30
0
11
-1550
21
-5450
31
0
0
LINE
5
696D
330
659F
100
AcDbEntity
100
AcDbLine
8
DIKEY_KABLO_MERDIVENI
10
-1950
20
-5150
30
0
11
-1550
21
-5150
31
0
0
LINE
5
696E
330
659F
100
AcDbEntity
100
AcDbLine
8
DIKEY_KABLO_MERDIVENI
10
-1950
20
-4850
30
0
11
-1550
21
-4850
31
0
0
LINE
5
696F
330
659F
100
AcDbEntity
100
AcDbLine
8
DIKEY_KABLO_MERDIVENI
10
-1950
20
-4550
30
0
11
-1550
21
-4550
31
0
0
LINE
5
6970
330
659F
100
AcDbEntity
100
AcDbLine
8
DIKEY_KABLO_MERDIVENI
10
-1950
20
-4250
30
0
11
-1550
21
-4250
31
0
0
LINE
5
6971
330
659F
100
AcDbEntity
100
AcDbLine
8
DIKEY_KABLO_MERDIVENI
10
-1950
20
-3950
30
0
11
-1550
21
-3950
31
0
0
LINE
5
6972
330
659F
100
AcDbEntity
100
AcDbLine
8
DIKEY_KABLO_MERDIVENI
10
-1950
20
-3650
30
0
11
-1550
21
-3650
31
0
0
LINE
5
6973
330
659F
100
AcDbEntity
100
AcDbLine
8
DIKEY_KABLO_MERDIVENI
10
-1950
20
-3350
30
0
11
-1550
21
-3350
31
0
0
LINE
5
6974
330
659F
100
AcDbEntity
100
AcDbLine
8
DIKEY_KABLO_MERDIVENI
10
-1950
20
-3050
30
0
11
-1550
21
-3050
31
0
0
LINE
5
6975
330
659F
100
AcDbEntity
100
AcDbLine
8
DIKEY_KABLO_MERDIVENI
10
-1950
20
-2750
30
0
11
-1550
21
-2750
31
0
0
LINE
5
6976
330
659F
100
AcDbEntity
100
AcDbLine
8
DIKEY_KABLO_MERDIVENI
10
-1950
20
-2450
30
0
11
-1550
21
-2450
31
0
0
LINE
5
6977
330
659F
100
AcDbEntity
100
AcDbLine
8
DIKEY_KABLO_MERDIVENI
10
-1950
20
-2150
30
0
11
-1550
21
-2150
31
0
0
LINE
5
6978
330
659F
100
AcDbEntity
100
AcDbLine
8
DIKEY_KABLO_MERDIVENI
10
-1950
20
-1850
30
0
11
-1550
21
-1850
31
0
0
LINE
5
6979
330
659F
100
AcDbEntity
100
AcDbLine
8
DIKEY_KABLO_MERDIVENI
10
-1950
20
-1550
30
0
11
-1550
21
-1550
31
0
0
LINE
5
697A
330
659F
100
AcDbEntity
100
AcDbLine
8
DIKEY_KABLO_MERDIVENI
10
-1950
20
-1250
30
0
11
-1550
21
-1250
31
0
0
LINE
5
697B
330
659F
100
AcDbEntity
100
AcDbLine
8
DIKEY_KABLO_MERDIVENI
10
-1950
20
-950
30
0
11
-1550
21
-950
31
0
0
LINE
5
697C
330
659F
100
AcDbEntity
100
AcDbLine
8
DIKEY_KABLO_MERDIVENI
10
-1950
20
-650
30
0
11
-1550
21
-650
31
0
0
LINE
5
697D
330
659F
100
AcDbEntity
100
AcDbLine
8
DIKEY_KABLO_MERDIVENI
10
-1950
20
-350
30
0
11
-1550
21
-350
31
0
0
LINE
5
697E
330
659F
100
AcDbEntity
100
AcDbLine
8
DIKEY_KABLO_MERDIVENI
10
-1950
20
-50
30
0
11
-1550
21
-50
31
0
0
LINE
5
697F
330
659F
100
AcDbEntity
100
AcDbLine
8
DIKEY_KABLO_MERDIVENI
10
-1950
20
250
30
0
11
-1550
21
250
31
0
0
LINE
5
6980
330
659F
100
AcDbEntity
100
AcDbLine
8
DIKEY_KABLO_MERDIVENI
10
-1950
20
550
30
0
11
-1550
21
550
31
0
0
LINE
5
6981
330
659F
100
AcDbEntity
100
AcDbLine
8
DIKEY_KABLO_MERDIVENI
10
-1950
20
850
30
0
11
-1550
21
850
31
0
0
CIRCLE
5
65DB
330
659F
100
AcDbEntity
100
AcDbCircle
8
GEMICI_MERDIVENI
10
-1450
20
-100
30
0
40
22
0
CIRCLE
5
65DC
330
659F
100
AcDbEntity
100
AcDbCircle
8
GEMICI_MERDIVENI
10
-1450
20
-600
30
0
40
22
0
LINE
5
65DD
330
659F
100
AcDbEntity
100
AcDbLine
8
GEMICI_MERDIVENI
10
-1450
20
-600
30
0
11
-1450
21
-100
31
0
0
CIRCLE
5
65DE
330
659F
100
AcDbEntity
100
AcDbCircle
8
GEMICI_MERDIVENI
10
-1850
20
-350
30
0
40
350
0
LINE
5
65DF
330
659F
100
AcDbEntity
100
AcDbLine
8
GEMICI_MERDIVENI
10
-1450
20
-600
30
0
11
-1850
21
-700
31
0
0
LINE
5
65E0
330
659F
100
AcDbEntity
100
AcDbLine
8
GEMICI_MERDIVENI
10
-1450
20
-100
30
0
11
-1850
21
0
31
0
0
TEXT
5
65E1
330
659F
100
AcDbEntity
100
AcDbText
8
GEMICI_MERDIVENI
10
-1450
20
-740
30
0
40
110
1
GEMICI MERDIVENI (OVAL KORUMA KAFESLI)
50
0
7
STANDARD
72
1
11
-1450
21
-740
31
0
100
AcDbText
73
0
0
LINE
5
6942
330
659F
100
AcDbEntity
100
AcDbLine
8
GEMICI_MERDIVENI
10
-1470
20
-6500
30
0
11
-1470
21
2100
31
0
0
LINE
5
6943
330
659F
100
AcDbEntity
100
AcDbLine
8
GEMICI_MERDIVENI
10
-1430
20
-6500
30
0
11
-1430
21
2100
31
0
0
LINE
5
6944
330
659F
100
AcDbEntity
100
AcDbLine
8
GEMICI_MERDIVENI
10
-1470
20
-6220
30
0
11
-1430
21
-6220
31
0
0
LINE
5
6945
330
659F
100
AcDbEntity
100
AcDbLine
8
GEMICI_MERDIVENI
10
-1470
20
-5940
30
0
11
-1430
21
-5940
31
0
0
LINE
5
6946
330
659F
100
AcDbEntity
100
AcDbLine
8
GEMICI_MERDIVENI
10
-1470
20
-5660
30
0
11
-1430
21
-5660
31
0
0
LINE
5
6947
330
659F
100
AcDbEntity
100
AcDbLine
8
GEMICI_MERDIVENI
10
-1470
20
-5380
30
0
11
-1430
21
-5380
31
0
0
LINE
5
6948
330
659F
100
AcDbEntity
100
AcDbLine
8
GEMICI_MERDIVENI
10
-1470
20
-5100
30
0
11
-1430
21
-5100
31
0
0
LINE
5
6949
330
659F
100
AcDbEntity
100
AcDbLine
8
GEMICI_MERDIVENI
10
-1470
20
-4820
30
0
11
-1430
21
-4820
31
0
0
LINE
5
694A
330
659F
100
AcDbEntity
100
AcDbLine
8
GEMICI_MERDIVENI
10
-1470
20
-4540
30
0
11
-1430
21
-4540
31
0
0
LINE
5
694B
330
659F
100
AcDbEntity
100
AcDbLine
8
GEMICI_MERDIVENI
10
-1470
20
-4260
30
0
11
-1430
21
-4260
31
0
0
LINE
5
694C
330
659F
100
AcDbEntity
100
AcDbLine
8
GEMICI_MERDIVENI
10
-1470
20
-3980
30
0
11
-1430
21
-3980
31
0
0
LINE
5
694D
330
659F
100
AcDbEntity
100
AcDbLine
8
GEMICI_MERDIVENI
10
-1470
20
-3700
30
0
11
-1430
21
-3700
31
0
0
LINE
5
694E
330
659F
100
AcDbEntity
100
AcDbLine
8
GEMICI_MERDIVENI
10
-1470
20
-3420
30
0
11
-1430
21
-3420
31
0
0
LINE
5
694F
330
659F
100
AcDbEntity
100
AcDbLine
8
GEMICI_MERDIVENI
10
-1470
20
-3140
30
0
11
-1430
21
-3140
31
0
0
LINE
5
6950
330
659F
100
AcDbEntity
100
AcDbLine
8
GEMICI_MERDIVENI
10
-1470
20
-2860
30
0
11
-1430
21
-2860
31
0
0
LINE
5
6951
330
659F
100
AcDbEntity
100
AcDbLine
8
GEMICI_MERDIVENI
10
-1470
20
-2580
30
0
11
-1430
21
-2580
31
0
0
LINE
5
6952
330
659F
100
AcDbEntity
100
AcDbLine
8
GEMICI_MERDIVENI
10
-1470
20
-2300
30
0
11
-1430
21
-2300
31
0
0
LINE
5
6953
330
659F
100
AcDbEntity
100
AcDbLine
8
GEMICI_MERDIVENI
10
-1470
20
-2020
30
0
11
-1430
21
-2020
31
0
0
LINE
5
6954
330
659F
100
AcDbEntity
100
AcDbLine
8
GEMICI_MERDIVENI
10
-1470
20
-1740
30
0
11
-1430
21
-1740
31
0
0
LINE
5
6955
330
659F
100
AcDbEntity
100
AcDbLine
8
GEMICI_MERDIVENI
10
-1470
20
-1460
30
0
11
-1430
21
-1460
31
0
0
LINE
5
6956
330
659F
100
AcDbEntity
100
AcDbLine
8
GEMICI_MERDIVENI
10
-1470
20
-1180
30
0
11
-1430
21
-1180
31
0
0
LINE
5
6957
330
659F
100
AcDbEntity
100
AcDbLine
8
GEMICI_MERDIVENI
10
-1470
20
-900
30
0
11
-1430
21
-900
31
0
0
LINE
5
6958
330
659F
100
AcDbEntity
100
AcDbLine
8
GEMICI_MERDIVENI
10
-1470
20
-620
30
0
11
-1430
21
-620
31
0
0
LINE
5
6959
330
659F
100
AcDbEntity
100
AcDbLine
8
GEMICI_MERDIVENI
10
-1470
20
-340
30
0
11
-1430
21
-340
31
0
0
LINE
5
695A
330
659F
100
AcDbEntity
100
AcDbLine
8
GEMICI_MERDIVENI
10
-1470
20
-60
30
0
11
-1430
21
-60
31
0
0
LINE
5
695B
330
659F
100
AcDbEntity
100
AcDbLine
8
GEMICI_MERDIVENI
10
-1470
20
220
30
0
11
-1430
21
220
31
0
0
LINE
5
695C
330
659F
100
AcDbEntity
100
AcDbLine
8
GEMICI_MERDIVENI
10
-1470
20
500
30
0
11
-1430
21
500
31
0
0
LINE
5
695D
330
659F
100
AcDbEntity
100
AcDbLine
8
GEMICI_MERDIVENI
10
-1470
20
780
30
0
11
-1430
21
780
31
0
0
LWPOLYLINE
5
695E
330
659F
100
AcDbEntity
100
AcDbPolyline
8
GEMICI_MERDIVENI
6
ByLayer
62
256
370
-1
90
4
70
1
10
-1580
20
-4300
10
-1580
20
-4270
10
-1320
20
-4270
10
-1320
20
-4300
0
LWPOLYLINE
5
695F
330
659F
100
AcDbEntity
100
AcDbPolyline
8
GEMICI_MERDIVENI
6
ByLayer
62
256
370
-1
90
4
70
1
10
-1580
20
-3400
10
-1580
20
-3370
10
-1320
20
-3370
10
-1320
20
-3400
0
LWPOLYLINE
5
6960
330
659F
100
AcDbEntity
100
AcDbPolyline
8
GEMICI_MERDIVENI
6
ByLayer
62
256
370
-1
90
4
70
1
10
-1580
20
-2500
10
-1580
20
-2470
10
-1320
20
-2470
10
-1320
20
-2500
0
LWPOLYLINE
5
6961
330
659F
100
AcDbEntity
100
AcDbPolyline
8
GEMICI_MERDIVENI
6
ByLayer
62
256
370
-1
90
4
70
1
10
-1580
20
-1600
10
-1580
20
-1570
10
-1320
20
-1570
10
-1320
20
-1600
0
LWPOLYLINE
5
6962
330
659F
100
AcDbEntity
100
AcDbPolyline
8
GEMICI_MERDIVENI
6
ByLayer
62
256
370
-1
90
4
70
1
10
-1580
20
-700
10
-1580
20
-670
10
-1320
20
-670
10
-1320
20
-700
0
LWPOLYLINE
5
6963
330
659F
100
AcDbEntity
100
AcDbPolyline
8
GEMICI_MERDIVENI
6
ByLayer
62
256
370
-1
90
4
70
1
10
-1580
20
200
10
-1580
20
230
10
-1320
20
230
10
-1320
20
200
0
LWPOLYLINE
5
6964
330
659F
100
AcDbEntity
100
AcDbPolyline
8
GEMICI_MERDIVENI
6
ByLayer
62
256
370
-1
90
4
70
1
10
-1580
20
1100
10
-1580
20
1130
10
-1320
20
1130
10
-1320
20
1100
0
LWPOLYLINE
5
6965
330
659F
100
AcDbEntity
100
AcDbPolyline
8
GEMICI_MERDIVENI
6
ByLayer
62
256
370
-1
90
4
70
1
10
-1580
20
2000
10
-1580
20
2030
10
-1320
20
2030
10
-1320
20
2000
0
TEXT
5
6966
330
659F
100
AcDbEntity
100
AcDbText
8
GEMICI_MERDIVENI
10
-1450
20
2250
30
0
40
130
1
GEMICI MERDIVENI
50
0
7
STANDARD
72
1
11
-1450
21
2250
31
0
100
AcDbText
73
0
0
LINE
5
65FE
330
659F
100
AcDbEntity
100
AcDbLine
8
KBL_ENERJI_2X25
10
-180
20
24900
30
0
11
-180
21
-50
31
0
0
LINE
5
65FF
330
659F
100
AcDbEntity
100
AcDbLine
8
KBL_ENERJI_2X25
10
-180
20
-50
30
0
11
-1700
21
-120
31
0
0
LINE
5
6600
330
659F
100
AcDbEntity
100
AcDbLine
8
KBL_ENERJI_2X25
10
-120
20
24900
30
0
11
-120
21
-50
31
0
0
LINE
5
6601
330
659F
100
AcDbEntity
100
AcDbLine
8
KBL_ENERJI_2X25
10
-120
20
-50
30
0
11
-1700
21
-144
31
0
0
LINE
5
6602
330
659F
100
AcDbEntity
100
AcDbLine
8
KBL_ENERJI_2X25
10
-60
20
24900
30
0
11
-60
21
-50
31
0
0
LINE
5
6603
330
659F
100
AcDbEntity
100
AcDbLine
8
KBL_ENERJI_2X25
10
-60
20
-50
30
0
11
-1700
21
-168
31
0
0
LINE
5
6604
330
659F
100
AcDbEntity
100
AcDbLine
8
KBL_ENERJI_2X25
10
0
20
24900
30
0
11
0
21
-50
31
0
0
LINE
5
6605
330
659F
100
AcDbEntity
100
AcDbLine
8
KBL_ENERJI_2X25
10
0
20
-50
30
0
11
-1700
21
-192
31
0
0
LINE
5
6606
330
659F
100
AcDbEntity
100
AcDbLine
8
KBL_ENERJI_2X25
10
60
20
24900
30
0
11
60
21
-50
31
0
0
LINE
5
6607
330
659F
100
AcDbEntity
100
AcDbLine
8
KBL_ENERJI_2X25
10
60
20
-50
30
0
11
-1700
21
-216
31
0
0
LINE
5
6608
330
659F
100
AcDbEntity
100
AcDbLine
8
KBL_ENERJI_2X25
10
120
20
24900
30
0
11
120
21
-50
31
0
0
LINE
5
6609
330
659F
100
AcDbEntity
100
AcDbLine
8
KBL_ENERJI_2X25
10
120
20
-50
30
0
11
-1700
21
-240
31
0
0
LINE
5
660A
330
659F
100
AcDbEntity
100
AcDbLine
8
KBL_ENERJI_2X25
10
180
20
24900
30
0
11
180
21
-50
31
0
0
LINE
5
660B
330
659F
100
AcDbEntity
100
AcDbLine
8
KBL_ENERJI_2X25
10
180
20
-50
30
0
11
-1700
21
-264
31
0
0
LINE
5
660C
330
659F
100
AcDbEntity
100
AcDbLine
8
KBL_ENERJI_2X25
10
-180
20
24900
30
0
11
-180
21
-50
31
0
0
LINE
5
660D
330
659F
100
AcDbEntity
100
AcDbLine
8
KBL_ENERJI_2X25
10
-180
20
-50
30
0
11
-1700
21
-288
31
0
0
LINE
5
660E
330
659F
100
AcDbEntity
100
AcDbLine
8
KBL_ENERJI_2X25
10
-120
20
24900
30
0
11
-120
21
-50
31
0
0
LINE
5
660F
330
659F
100
AcDbEntity
100
AcDbLine
8
KBL_ENERJI_2X25
10
-120
20
-50
30
0
11
-1700
21
-312
31
0
0
LINE
5
6610
330
659F
100
AcDbEntity
100
AcDbLine
8
KBL_ENERJI_2X25
10
-60
20
24900
30
0
11
-60
21
-50
31
0
0
LINE
5
6611
330
659F
100
AcDbEntity
100
AcDbLine
8
KBL_ENERJI_2X25
10
-60
20
-50
30
0
11
-1700
21
-336
31
0
0
LINE
5
6612
330
659F
100
AcDbEntity
100
AcDbLine
8
KBL_ENERJI_2X25
10
0
20
24900
30
0
11
0
21
-50
31
0
0
LINE
5
6613
330
659F
100
AcDbEntity
100
AcDbLine
8
KBL_ENERJI_2X25
10
0
20
-50
30
0
11
-1700
21
-360
31
0
0
LINE
5
6614
330
659F
100
AcDbEntity
100
AcDbLine
8
KBL_ENERJI_2X25
10
60
20
24900
30
0
11
60
21
-50
31
0
0
LINE
5
6615
330
659F
100
AcDbEntity
100
AcDbLine
8
KBL_ENERJI_2X25
10
60
20
-50
30
0
11
-1700
21
-384
31
0
0
LINE
5
6616
330
659F
100
AcDbEntity
100
AcDbLine
8
KBL_ENERJI_2X25
10
120
20
24900
30
0
11
120
21
-50
31
0
0
LINE
5
6617
330
659F
100
AcDbEntity
100
AcDbLine
8
KBL_ENERJI_2X25
10
120
20
-50
30
0
11
-1700
21
-408
31
0
0
LINE
5
6618
330
659F
100
AcDbEntity
100
AcDbLine
8
KBL_ENERJI_2X25
10
180
20
24900
30
0
11
180
21
-50
31
0
0
LINE
5
6619
330
659F
100
AcDbEntity
100
AcDbLine
8
KBL_ENERJI_2X25
10
180
20
-50
30
0
11
-1700
21
-432
31
0
0
TEXT
5
6622
330
659F
100
AcDbEntity
100
AcDbText
8
KBL_ENERJI_2X25
10
0
20
3500
30
0
40
120
1
14 ADET 2x25mm2 DC ENERJI KABLOSU (ORTADAKI CATI TASIYICI TAVASI BOYUNCA)
50
90
7
STANDARD
72
1
11
0
21
3500
31
0
100
AcDbText
73
0
0
LINE
5
698B
330
659F
100
AcDbEntity
100
AcDbLine
8
KBL_ENERJI_2X25
10
0
20
1200
30
0
11
-1920
21
1150
31
0
0
LINE
5
698C
330
659F
100
AcDbEntity
100
AcDbLine
8
KBL_ENERJI_2X25
10
-1920
20
1150
30
0
11
-1920
21
-6440
31
0
0
LINE
5
698D
330
659F
100
AcDbEntity
100
AcDbLine
8
KBL_ENERJI_2X25
10
-1920
20
-6440
30
0
11
-1740
21
-6490
31
0
0
LINE
5
698E
330
659F
100
AcDbEntity
100
AcDbLine
8
KBL_ENERJI_2X25
10
0
20
1200
30
0
11
-1894
21
1150
31
0
0
LINE
5
698F
330
659F
100
AcDbEntity
100
AcDbLine
8
KBL_ENERJI_2X25
10
-1894
20
1150
30
0
11
-1894
21
-6440
31
0
0
LINE
5
6990
330
659F
100
AcDbEntity
100
AcDbLine
8
KBL_ENERJI_2X25
10
-1894
20
-6440
30
0
11
-1714
21
-6490
31
0
0
LINE
5
6991
330
659F
100
AcDbEntity
100
AcDbLine
8
KBL_ENERJI_2X25
10
0
20
1200
30
0
11
-1868
21
1150
31
0
0
LINE
5
6992
330
659F
100
AcDbEntity
100
AcDbLine
8
KBL_ENERJI_2X25
10
-1868
20
1150
30
0
11
-1868
21
-6440
31
0
0
LINE
5
6993
330
659F
100
AcDbEntity
100
AcDbLine
8
KBL_ENERJI_2X25
10
-1868
20
-6440
30
0
11
-1688
21
-6490
31
0
0
LINE
5
6994
330
659F
100
AcDbEntity
100
AcDbLine
8
KBL_ENERJI_2X25
10
0
20
1200
30
0
11
-1842
21
1150
31
0
0
LINE
5
6995
330
659F
100
AcDbEntity
100
AcDbLine
8
KBL_ENERJI_2X25
10
-1842
20
1150
30
0
11
-1842
21
-6440
31
0
0
LINE
5
6996
330
659F
100
AcDbEntity
100
AcDbLine
8
KBL_ENERJI_2X25
10
-1842
20
-6440
30
0
11
-1662
21
-6490
31
0
0
LINE
5
6997
330
659F
100
AcDbEntity
100
AcDbLine
8
KBL_ENERJI_2X25
10
0
20
1200
30
0
11
-1816
21
1150
31
0
0
LINE
5
6998
330
659F
100
AcDbEntity
100
AcDbLine
8
KBL_ENERJI_2X25
10
-1816
20
1150
30
0
11
-1816
21
-6440
31
0
0
LINE
5
6999
330
659F
100
AcDbEntity
100
AcDbLine
8
KBL_ENERJI_2X25
10
-1816
20
-6440
30
0
11
-1636
21
-6490
31
0
0
LINE
5
699A
330
659F
100
AcDbEntity
100
AcDbLine
8
KBL_ENERJI_2X25
10
0
20
1200
30
0
11
-1790
21
1150
31
0
0
LINE
5
699B
330
659F
100
AcDbEntity
100
AcDbLine
8
KBL_ENERJI_2X25
10
-1790
20
1150
30
0
11
-1790
21
-6440
31
0
0
LINE
5
699C
330
659F
100
AcDbEntity
100
AcDbLine
8
KBL_ENERJI_2X25
10
-1790
20
-6440
30
0
11
-1610
21
-6490
31
0
0
LINE
5
699D
330
659F
100
AcDbEntity
100
AcDbLine
8
KBL_ENERJI_2X25
10
0
20
1200
30
0
11
-1764
21
1150
31
0
0
LINE
5
699E
330
659F
100
AcDbEntity
100
AcDbLine
8
KBL_ENERJI_2X25
10
-1764
20
1150
30
0
11
-1764
21
-6440
31
0
0
LINE
5
699F
330
659F
100
AcDbEntity
100
AcDbLine
8
KBL_ENERJI_2X25
10
-1764
20
-6440
30
0
11
-1584
21
-6490
31
0
0
LINE
5
69A0
330
659F
100
AcDbEntity
100
AcDbLine
8
KBL_ENERJI_2X25
10
0
20
1200
30
0
11
-1738
21
1150
31
0
0
LINE
5
69A1
330
659F
100
AcDbEntity
100
AcDbLine
8
KBL_ENERJI_2X25
10
-1738
20
1150
30
0
11
-1738
21
-6440
31
0
0
LINE
5
69A2
330
659F
100
AcDbEntity
100
AcDbLine
8
KBL_ENERJI_2X25
10
-1738
20
-6440
30
0
11
-1558
21
-6490
31
0
0
LINE
5
69A3
330
659F
100
AcDbEntity
100
AcDbLine
8
KBL_ENERJI_2X25
10
0
20
1200
30
0
11
-1712
21
1150
31
0
0
LINE
5
69A4
330
659F
100
AcDbEntity
100
AcDbLine
8
KBL_ENERJI_2X25
10
-1712
20
1150
30
0
11
-1712
21
-6440
31
0
0
LINE
5
69A5
330
659F
100
AcDbEntity
100
AcDbLine
8
KBL_ENERJI_2X25
10
-1712
20
-6440
30
0
11
-1532
21
-6490
31
0
0
LINE
5
69A6
330
659F
100
AcDbEntity
100
AcDbLine
8
KBL_ENERJI_2X25
10
0
20
1200
30
0
11
-1686
21
1150
31
0
0
LINE
5
69A7
330
659F
100
AcDbEntity
100
AcDbLine
8
KBL_ENERJI_2X25
10
-1686
20
1150
30
0
11
-1686
21
-6440
31
0
0
LINE
5
69A8
330
659F
100
AcDbEntity
100
AcDbLine
8
KBL_ENERJI_2X25
10
-1686
20
-6440
30
0
11
-1506
21
-6490
31
0
0
LINE
5
69A9
330
659F
100
AcDbEntity
100
AcDbLine
8
KBL_ENERJI_2X25
10
0
20
1200
30
0
11
-1660
21
1150
31
0
0
LINE
5
69AA
330
659F
100
AcDbEntity
100
AcDbLine
8
KBL_ENERJI_2X25
10
-1660
20
1150
30
0
11
-1660
21
-6440
31
0
0
LINE
5
69AB
330
659F
100
AcDbEntity
100
AcDbLine
8
KBL_ENERJI_2X25
10
-1660
20
-6440
30
0
11
-1480
21
-6490
31
0
0
LINE
5
69AC
330
659F
100
AcDbEntity
100
AcDbLine
8
KBL_ENERJI_2X25
10
0
20
1200
30
0
11
-1634
21
1150
31
0
0
LINE
5
69AD
330
659F
100
AcDbEntity
100
AcDbLine
8
KBL_ENERJI_2X25
10
-1634
20
1150
30
0
11
-1634
21
-6440
31
0
0
LINE
5
69AE
330
659F
100
AcDbEntity
100
AcDbLine
8
KBL_ENERJI_2X25
10
-1634
20
-6440
30
0
11
-1454
21
-6490
31
0
0
LINE
5
69AF
330
659F
100
AcDbEntity
100
AcDbLine
8
KBL_ENERJI_2X25
10
0
20
1200
30
0
11
-1608
21
1150
31
0
0
LINE
5
69B0
330
659F
100
AcDbEntity
100
AcDbLine
8
KBL_ENERJI_2X25
10
-1608
20
1150
30
0
11
-1608
21
-6440
31
0
0
LINE
5
69B1
330
659F
100
AcDbEntity
100
AcDbLine
8
KBL_ENERJI_2X25
10
-1608
20
-6440
30
0
11
-1428
21
-6490
31
0
0
LINE
5
69B2
330
659F
100
AcDbEntity
100
AcDbLine
8
KBL_ENERJI_2X25
10
0
20
1200
30
0
11
-1582
21
1150
31
0
0
LINE
5
69B3
330
659F
100
AcDbEntity
100
AcDbLine
8
KBL_ENERJI_2X25
10
-1582
20
1150
30
0
11
-1582
21
-6440
31
0
0
LINE
5
69B4
330
659F
100
AcDbEntity
100
AcDbLine
8
KBL_ENERJI_2X25
10
-1582
20
-6440
30
0
11
-1402
21
-6490
31
0
0
LINE
5
661A
330
659F
100
AcDbEntity
100
AcDbLine
8
KABLO_KLEMENS
10
-220
20
1500
30
0
11
220
21
1500
31
0
0
LINE
5
661B
330
659F
100
AcDbEntity
100
AcDbLine
8
KABLO_KLEMENS
10
-220
20
4500
30
0
11
220
21
4500
31
0
0
LINE
5
661C
330
659F
100
AcDbEntity
100
AcDbLine
8
KABLO_KLEMENS
10
-220
20
7500
30
0
11
220
21
7500
31
0
0
LINE
5
661D
330
659F
100
AcDbEntity
100
AcDbLine
8
KABLO_KLEMENS
10
-220
20
10500
30
0
11
220
21
10500
31
0
0
LINE
5
661E
330
659F
100
AcDbEntity
100
AcDbLine
8
KABLO_KLEMENS
10
-220
20
13500
30
0
11
220
21
13500
31
0
0
LINE
5
661F
330
659F
100
AcDbEntity
100
AcDbLine
8
KABLO_KLEMENS
10
-220
20
16500
30
0
11
220
21
16500
31
0
0
LINE
5
6620
330
659F
100
AcDbEntity
100
AcDbLine
8
KABLO_KLEMENS
10
-220
20
19500
30
0
11
220
21
19500
31
0
0
LINE
5
6621
330
659F
100
AcDbEntity
100
AcDbLine
8
KABLO_KLEMENS
10
-220
20
22500
30
0
11
220
21
22500
31
0
0
LINE
5
69B5
330
659F
100
AcDbEntity
100
AcDbLine
8
KABLO_KLEMENS
10
-1935
20
-5900
30
0
11
-1565
21
-5900
31
0
0
LINE
5
69B6
330
659F
100
AcDbEntity
100
AcDbLine
8
KABLO_KLEMENS
10
-1935
20
-5300
30
0
11
-1565
21
-5300
31
0
0
LINE
5
69B7
330
659F
100
AcDbEntity
100
AcDbLine
8
KABLO_KLEMENS
10
-1935
20
-4700
30
0
11
-1565
21
-4700
31
0
0
LINE
5
69B8
330
659F
100
AcDbEntity
100
AcDbLine
8
KABLO_KLEMENS
10
-1935
20
-4100
30
0
11
-1565
21
-4100
31
0
0
LINE
5
69B9
330
659F
100
AcDbEntity
100
AcDbLine
8
KABLO_KLEMENS
10
-1935
20
-3500
30
0
11
-1565
21
-3500
31
0
0
LINE
5
69BA
330
659F
100
AcDbEntity
100
AcDbLine
8
KABLO_KLEMENS
10
-1935
20
-2900
30
0
11
-1565
21
-2900
31
0
0
LINE
5
69BB
330
659F
100
AcDbEntity
100
AcDbLine
8
KABLO_KLEMENS
10
-1935
20
-2300
30
0
11
-1565
21
-2300
31
0
0
LINE
5
69BC
330
659F
100
AcDbEntity
100
AcDbLine
8
KABLO_KLEMENS
10
-1935
20
-1700
30
0
11
-1565
21
-1700
31
0
0
LINE
5
69BD
330
659F
100
AcDbEntity
100
AcDbLine
8
KABLO_KLEMENS
10
-1935
20
-1100
30
0
11
-1565
21
-1100
31
0
0
LINE
5
69BE
330
659F
100
AcDbEntity
100
AcDbLine
8
KABLO_KLEMENS
10
-1935
20
-500
30
0
11
-1565
21
-500
31
0
0
LINE
5
69BF
330
659F
100
AcDbEntity
100
AcDbLine
8
KABLO_KLEMENS
10
-1935
20
100
30
0
11
-1565
21
100
31
0
0
LINE
5
69C0
330
659F
100
AcDbEntity
100
AcDbLine
8
KABLO_KLEMENS
10
-1935
20
700
30
0
11
-1565
21
700
31
0
0
ENDSEC
0
SECTION
2
OBJECTS
0
DICTIONARY
5
658D
330
0
100
AcDbDictionary
281
1
3
ACAD_GROUP
350
65A3
0
DICTIONARY
5
65A3
330
658D
100
AcDbDictionary
281
1
0
ENDSEC
0
EOF