0
SECTION
2
HEADER
9
$HANDSEED
5
C5EA
9
$INSUNITS
70
4
9
$ACADVER
1
AC1021
9
$DWGCODEPAGE
3
UTF-8
0
ENDSEC
0
SECTION
2
CLASSES
0
ENDSEC
0
SECTION
2
TABLES
0
TABLE
2
LTYPE
5
C5E8
330
0
100
AcDbSymbolTable
70
5
0
LTYPE
5
BF04
330
C5E8
100
AcDbSymbolTableRecord
100
AcDbLinetypeTableRecord
2
CONTINUOUS
3
______
70
0
72
65
73
0
40
0
0
LTYPE
5
BF05
330
C5E8
100
AcDbSymbolTableRecord
100
AcDbLinetypeTableRecord
2
DASHED
3
_ _ _ 
70
0
72
65
73
2
40
10
49
5
74
0
49
-5
74
0
0
LTYPE
5
BF06
330
C5E8
100
AcDbSymbolTableRecord
100
AcDbLinetypeTableRecord
2
DOTTED
3
. . . 
70
0
72
65
73
2
40
5
49
0
74
0
49
-5
74
0
0
LTYPE
5
BF08
330
C5E8
100
AcDbSymbolTableRecord
100
AcDbLinetypeTableRecord
2
ByBlock
3

70
0
72
65
73
0
40
0
0
LTYPE
5
BF09
330
C5E8
100
AcDbSymbolTableRecord
100
AcDbLinetypeTableRecord
2
ByLayer
3

70
0
72
65
73
0
40
0
0
ENDTAB
0
TABLE
2
LAYER
5
C5E9
330
0
100
AcDbSymbolTable
70
21
0
LAYER
5
BF07
330
C5E9
100
AcDbSymbolTableRecord
100
AcDbLayerTableRecord
2
0
62
7
70
0
6
CONTINUOUS
390
1
0
LAYER
5
BF1A
330
C5E9
100
AcDbSymbolTableRecord
100
AcDbLayerTableRecord
2
ZEMIN_PLATFORM
62
8
70
0
6
CONTINUOUS
390
1
0
LAYER
5
BF1B
330
C5E9
100
AcDbSymbolTableRecord
100
AcDbLayerTableRecord
2
KORKULUK_KAPI
62
4
70
0
6
CONTINUOUS
390
1
0
LAYER
5
BF1C
330
C5E9
100
AcDbSymbolTableRecord
100
AcDbLayerTableRecord
2
CELIK_KIRIS_KOLON
62
9
70
0
6
CONTINUOUS
390
1
0
LAYER
5
BF1D
330
C5E9
100
AcDbSymbolTableRecord
100
AcDbLayerTableRecord
2
MONTAJ_BORULARI
62
2
70
0
6
CONTINUOUS
390
1
0
LAYER
5
BF1E
330
C5E9
100
AcDbSymbolTableRecord
100
AcDbLayerTableRecord
2
KABLO_TAVALARI
62
6
70
0
6
CONTINUOUS
390
1
0
LAYER
5
BF1F
330
C5E9
100
AcDbSymbolTableRecord
100
AcDbLayerTableRecord
2
YURUYUS_KORIDORU
62
3
70
0
6
DASHED
390
1
0
LAYER
5
BF20
330
C5E9
100
AcDbSymbolTableRecord
100
AcDbLayerTableRecord
2
OLCULER
62
1
70
0
6
CONTINUOUS
390
1
0
LAYER
5
BF21
330
C5E9
100
AcDbSymbolTableRecord
100
AcDbLayerTableRecord
2
METIN_BILGI
62
7
70
0
6
CONTINUOUS
390
1
0
LAYER
5
BF22
330
C5E9
100
AcDbSymbolTableRecord
100
AcDbLayerTableRecord
2
EKP_TURKCELL_RRU
62
5
70
0
6
CONTINUOUS
390
1
0
LAYER
5
BF23
330
C5E9
100
AcDbSymbolTableRecord
100
AcDbLayerTableRecord
2
EKP_VODAFONE_RRU
62
1
70
0
6
CONTINUOUS
390
1
0
LAYER
5
BF24
330
C5E9
100
AcDbSymbolTableRecord
100
AcDbLayerTableRecord
2
EKP_TURK_TELEKOM_RRU
62
4
70
0
6
CONTINUOUS
390
1
0
LAYER
5
BF25
330
C5E9
100
AcDbSymbolTableRecord
100
AcDbLayerTableRecord
2
EKP_POI_TASIYICI_SASE
62
30
70
0
6
CONTINUOUS
390
1
0
LAYER
5
BF26
330
C5E9
100
AcDbSymbolTableRecord
100
AcDbLayerTableRecord
2
EKP_POI_MODULLERI
62
40
70
0
6
CONTINUOUS
390
1
0
LAYER
5
BF27
330
C5E9
100
AcDbSymbolTableRecord
100
AcDbLayerTableRecord
2
EKP_RECTIFIER_ELTEK_20U
62
3
70
0
6
CONTINUOUS
390
1
0
LAYER
5
BF28
330
C5E9
100
AcDbSymbolTableRecord
100
AcDbLayerTableRecord
2
EKP_RECTIFIER_MTS9304A
62
94
70
0
6
CONTINUOUS
390
1
0
LAYER
5
BF29
330
C5E9
100
AcDbSymbolTableRecord
100
AcDbLayerTableRecord
2
BLOK_OZEL_PLATFORM
62
140
70
0
6
CONTINUOUS
390
1
0
LAYER
5
BF2A
330
C5E9
100
AcDbSymbolTableRecord
100
AcDbLayerTableRecord
2
EKP_MATSING_ANTEN
62
2
70
0
6
CONTINUOUS
390
1
0
LAYER
5
BF2B
330
C5E9
100
AcDbSymbolTableRecord
100
AcDbLayerTableRecord
2
EKP_PANEL_ANTEN
62
6
70
0
6
CONTINUOUS
390
1
0
LAYER
5
BF2C
330
C5E9
100
AcDbSymbolTableRecord
100
AcDbLayerTableRecord
2
EKP_ANTEN_TASIYICI_KOL
62
141
70
0
6
CONTINUOUS
390
1
0
LAYER
5
BF2D
330
C5E9
100
AcDbSymbolTableRecord
100
AcDbLayerTableRecord
2
EKP_DIGER_EKIPMANLAR
62
7
70
0
6
CONTINUOUS
390
1
0
ENDTAB
0
TABLE
2
VPORT
5
BF0A
330
0
100
AcDbSymbolTable
70
1
0
VPORT
5
BF10
330
BF0A
100
AcDbSymbolTableRecord
100
AcDbViewportTableRecord
2
*ACTIVE
40
1000
70
0
0
ENDTAB
0
TABLE
2
STYLE
5
BF0B
330
0
100
AcDbSymbolTable
70
3
0
STYLE
5
BF11
330
BF0B
100
AcDbSymbolTableRecord
100
AcDbTextStyleTableRecord
2
standard
70
0
40
0
41
1
50
0
71
0
42
1
3
calibrib.ttf
4

1001
ACAD
1000
Calibri
1071
33554466
0
STYLE
5
BF12
330
BF0B
100
AcDbSymbolTableRecord
100
AcDbTextStyleTableRecord
2
STANDARD
70
0
40
0
41
1
50
0
71
0
42
1
3
calibrib.ttf
4

1001
ACAD
1000
Calibri
1071
33554466
0
STYLE
5
BF13
330
BF0B
100
AcDbSymbolTableRecord
100
AcDbTextStyleTableRecord
2
CALIBRI_BOLD
70
0
40
0
41
1
50
0
71
0
42
1
3
calibrib.ttf
4

1001
ACAD
1000
Calibri
1071
33554466
0
ENDTAB
0
TABLE
2
VIEW
5
BF0C
330
0
100
AcDbSymbolTable
70
0
0
ENDTAB
0
TABLE
2
UCS
5
BF0D
330
0
100
AcDbSymbolTable
70
0
0
ENDTAB
0
TABLE
2
APPID
5
BF0E
330
0
100
AcDbSymbolTable
70
1
0
APPID
5
BF14
330
BF0E
100
AcDbSymbolTableRecord
100
AcDbRegAppTableRecord
2
ACAD
70
0
0
ENDTAB
0
TABLE
2
DIMSTYLE
5
BF0F
330
0
100
AcDbSymbolTable
100
AcDbDimStyleTable
70
0
71
1
0
ENDTAB
0
TABLE
2
BLOCK_RECORD
5
C5E5
330
0
100
AcDbSymbolTable
70
2
0
BLOCK_RECORD
5
C5E6
330
C5E5
100
AcDbSymbolTableRecord
100
AcDbBlockTableRecord
2
*Model_Space
70
0
280
0
281
1
0
BLOCK_RECORD
5
C5E7
330
C5E5
100
AcDbSymbolTableRecord
100
AcDbBlockTableRecord
2
*Paper_Space
70
0
280
0
281
1
0
ENDTAB
0
ENDSEC
0
SECTION
2
BLOCKS
0
BLOCK
5
BF15
330
0
100
AcDbEntity
100
AcDbBlockBegin
2
*Model_Space
70
0
10
0
20
0
30
0
3
*Model_Space
1

0
ENDBLK
5
BF16
330
0
100
AcDbEntity
100
AcDbBlockEnd
0
BLOCK
5
BF17
330
0
100
AcDbEntity
100
AcDbBlockBegin
2
*Paper_Space
70
0
10
0
20
0
30
0
3
*Paper_Space
1

0
ENDBLK
5
BF18
330
0
100
AcDbEntity
100
AcDbBlockEnd
0
ENDSEC
0
SECTION
2
ENTITIES
0
3DFACE
5
BF2E
330
BF15
100
AcDbEntity
100
AcDbFace
8
ZEMIN_PLATFORM
10
-12500
20
0
30
-400
11
12500
21
0
31
-400
12
12500
22
2000
32
-400
13
-12500
23
2000
33
-400
0
3DFACE
5
BF2F
330
BF15
100
AcDbEntity
100
AcDbFace
8
ZEMIN_PLATFORM
10
-12500
20
0
30
0
11
12500
21
0
31
0
12
12500
22
2000
32
0
13
-12500
23
2000
33
0
0
3DFACE
5
BF30
330
BF15
100
AcDbEntity
100
AcDbFace
8
ZEMIN_PLATFORM
10
-12500
20
0
30
-400
11
12500
21
0
31
-400
12
12500
22
0
32
0
13
-12500
23
0
33
0
0
3DFACE
5
BF31
330
BF15
100
AcDbEntity
100
AcDbFace
8
ZEMIN_PLATFORM
10
-12500
20
2000
30
-400
11
12500
21
2000
31
-400
12
12500
22
2000
32
0
13
-12500
23
2000
33
0
0
3DFACE
5
BF32
330
BF15
100
AcDbEntity
100
AcDbFace
8
ZEMIN_PLATFORM
10
-12500
20
0
30
-400
11
-12500
21
2000
31
-400
12
-12500
22
2000
32
0
13
-12500
23
0
33
0
0
3DFACE
5
BF33
330
BF15
100
AcDbEntity
100
AcDbFace
8
ZEMIN_PLATFORM
10
12500
20
0
30
-400
11
12500
21
2000
31
-400
12
12500
22
2000
32
0
13
12500
23
0
33
0
0
LINE
5
BF34
330
BF15
100
AcDbEntity
100
AcDbLine
8
ZEMIN_PLATFORM
10
-12500
20
0
30
-400
11
12500
21
0
31
-400
0
LINE
5
BF35
330
BF15
100
AcDbEntity
100
AcDbLine
8
ZEMIN_PLATFORM
10
12500
20
0
30
-400
11
12500
21
2000
31
-400
0
LINE
5
BF36
330
BF15
100
AcDbEntity
100
AcDbLine
8
ZEMIN_PLATFORM
10
12500
20
2000
30
-400
11
-12500
21
2000
31
-400
0
LINE
5
BF37
330
BF15
100
AcDbEntity
100
AcDbLine
8
ZEMIN_PLATFORM
10
-12500
20
2000
30
-400
11
-12500
21
0
31
-400
0
LINE
5
BF38
330
BF15
100
AcDbEntity
100
AcDbLine
8
ZEMIN_PLATFORM
10
-12500
20
0
30
0
11
12500
21
0
31
0
0
LINE
5
BF39
330
BF15
100
AcDbEntity
100
AcDbLine
8
ZEMIN_PLATFORM
10
12500
20
0
30
0
11
12500
21
2000
31
0
0
LINE
5
BF3A
330
BF15
100
AcDbEntity
100
AcDbLine
8
ZEMIN_PLATFORM
10
12500
20
2000
30
0
11
-12500
21
2000
31
0
0
LINE
5
BF3B
330
BF15
100
AcDbEntity
100
AcDbLine
8
ZEMIN_PLATFORM
10
-12500
20
2000
30
0
11
-12500
21
0
31
0
0
LINE
5
BF3C
330
BF15
100
AcDbEntity
100
AcDbLine
8
ZEMIN_PLATFORM
10
-12500
20
0
30
-400
11
-12500
21
0
31
0
0
LINE
5
BF3D
330
BF15
100
AcDbEntity
100
AcDbLine
8
ZEMIN_PLATFORM
10
12500
20
0
30
-400
11
12500
21
0
31
0
0
LINE
5
BF3E
330
BF15
100
AcDbEntity
100
AcDbLine
8
ZEMIN_PLATFORM
10
12500
20
2000
30
-400
11
12500
21
2000
31
0
0
LINE
5
BF3F
330
BF15
100
AcDbEntity
100
AcDbLine
8
ZEMIN_PLATFORM
10
-12500
20
2000
30
-400
11
-12500
21
2000
31
0
0
3DFACE
5
BF40
330
BF15
100
AcDbEntity
100
AcDbFace
8
KORKULUK_KAPI
10
-12500
20
40
30
0
11
-4300
21
40
31
0
12
-4300
22
60
32
0
13
-12500
23
60
33
0
0
3DFACE
5
BF41
330
BF15
100
AcDbEntity
100
AcDbFace
8
KORKULUK_KAPI
10
-12500
20
40
30
1100
11
-4300
21
40
31
1100
12
-4300
22
60
32
1100
13
-12500
23
60
33
1100
0
3DFACE
5
BF42
330
BF15
100
AcDbEntity
100
AcDbFace
8
KORKULUK_KAPI
10
-12500
20
40
30
0
11
-4300
21
40
31
0
12
-4300
22
40
32
1100
13
-12500
23
40
33
1100
0
3DFACE
5
BF43
330
BF15
100
AcDbEntity
100
AcDbFace
8
KORKULUK_KAPI
10
-12500
20
60
30
0
11
-4300
21
60
31
0
12
-4300
22
60
32
1100
13
-12500
23
60
33
1100
0
3DFACE
5
BF44
330
BF15
100
AcDbEntity
100
AcDbFace
8
KORKULUK_KAPI
10
-12500
20
40
30
0
11
-12500
21
60
31
0
12
-12500
22
60
32
1100
13
-12500
23
40
33
1100
0
3DFACE
5
BF45
330
BF15
100
AcDbEntity
100
AcDbFace
8
KORKULUK_KAPI
10
-4300
20
40
30
0
11
-4300
21
60
31
0
12
-4300
22
60
32
1100
13
-4300
23
40
33
1100
0
LINE
5
BF46
330
BF15
100
AcDbEntity
100
AcDbLine
8
KORKULUK_KAPI
10
-12500
20
40
30
0
11
-4300
21
40
31
0
0
LINE
5
BF47
330
BF15
100
AcDbEntity
100
AcDbLine
8
KORKULUK_KAPI
10
-4300
20
40
30
0
11
-4300
21
60
31
0
0
LINE
5
BF48
330
BF15
100
AcDbEntity
100
AcDbLine
8
KORKULUK_KAPI
10
-4300
20
60
30
0
11
-12500
21
60
31
0
0
LINE
5
BF49
330
BF15
100
AcDbEntity
100
AcDbLine
8
KORKULUK_KAPI
10
-12500
20
60
30
0
11
-12500
21
40
31
0
0
LINE
5
BF4A
330
BF15
100
AcDbEntity
100
AcDbLine
8
KORKULUK_KAPI
10
-12500
20
40
30
1100
11
-4300
21
40
31
1100
0
LINE
5
BF4B
330
BF15
100
AcDbEntity
100
AcDbLine
8
KORKULUK_KAPI
10
-4300
20
40
30
1100
11
-4300
21
60
31
1100
0
LINE
5
BF4C
330
BF15
100
AcDbEntity
100
AcDbLine
8
KORKULUK_KAPI
10
-4300
20
60
30
1100
11
-12500
21
60
31
1100
0
LINE
5
BF4D
330
BF15
100
AcDbEntity
100
AcDbLine
8
KORKULUK_KAPI
10
-12500
20
60
30
1100
11
-12500
21
40
31
1100
0
LINE
5
BF4E
330
BF15
100
AcDbEntity
100
AcDbLine
8
KORKULUK_KAPI
10
-12500
20
40
30
0
11
-12500
21
40
31
1100
0
LINE
5
BF4F
330
BF15
100
AcDbEntity
100
AcDbLine
8
KORKULUK_KAPI
10
-4300
20
40
30
0
11
-4300
21
40
31
1100
0
LINE
5
BF50
330
BF15
100
AcDbEntity
100
AcDbLine
8
KORKULUK_KAPI
10
-4300
20
60
30
0
11
-4300
21
60
31
1100
0
LINE
5
BF51
330
BF15
100
AcDbEntity
100
AcDbLine
8
KORKULUK_KAPI
10
-12500
20
60
30
0
11
-12500
21
60
31
1100
0
3DFACE
5
BF52
330
BF15
100
AcDbEntity
100
AcDbFace
8
KORKULUK_KAPI
10
-1800
20
40
30
0
11
12500
21
40
31
0
12
12500
22
60
32
0
13
-1800
23
60
33
0
0
3DFACE
5
BF53
330
BF15
100
AcDbEntity
100
AcDbFace
8
KORKULUK_KAPI
10
-1800
20
40
30
1100
11
12500
21
40
31
1100
12
12500
22
60
32
1100
13
-1800
23
60
33
1100
0
3DFACE
5
BF54
330
BF15
100
AcDbEntity
100
AcDbFace
8
KORKULUK_KAPI
10
-1800
20
40
30
0
11
12500
21
40
31
0
12
12500
22
40
32
1100
13
-1800
23
40
33
1100
0
3DFACE
5
BF55
330
BF15
100
AcDbEntity
100
AcDbFace
8
KORKULUK_KAPI
10
-1800
20
60
30
0
11
12500
21
60
31
0
12
12500
22
60
32
1100
13
-1800
23
60
33
1100
0
3DFACE
5
BF56
330
BF15
100
AcDbEntity
100
AcDbFace
8
KORKULUK_KAPI
10
-1800
20
40
30
0
11
-1800
21
60
31
0
12
-1800
22
60
32
1100
13
-1800
23
40
33
1100
0
3DFACE
5
BF57
330
BF15
100
AcDbEntity
100
AcDbFace
8
KORKULUK_KAPI
10
12500
20
40
30
0
11
12500
21
60
31
0
12
12500
22
60
32
1100
13
12500
23
40
33
1100
0
LINE
5
BF58
330
BF15
100
AcDbEntity
100
AcDbLine
8
KORKULUK_KAPI
10
-1800
20
40
30
0
11
12500
21
40
31
0
0
LINE
5
BF59
330
BF15
100
AcDbEntity
100
AcDbLine
8
KORKULUK_KAPI
10
12500
20
40
30
0
11
12500
21
60
31
0
0
LINE
5
BF5A
330
BF15
100
AcDbEntity
100
AcDbLine
8
KORKULUK_KAPI
10
12500
20
60
30
0
11
-1800
21
60
31
0
0
LINE
5
BF5B
330
BF15
100
AcDbEntity
100
AcDbLine
8
KORKULUK_KAPI
10
-1800
20
60
30
0
11
-1800
21
40
31
0
0
LINE
5
BF5C
330
BF15
100
AcDbEntity
100
AcDbLine
8
KORKULUK_KAPI
10
-1800
20
40
30
1100
11
12500
21
40
31
1100
0
LINE
5
BF5D
330
BF15
100
AcDbEntity
100
AcDbLine
8
KORKULUK_KAPI
10
12500
20
40
30
1100
11
12500
21
60
31
1100
0
LINE
5
BF5E
330
BF15
100
AcDbEntity
100
AcDbLine
8
KORKULUK_KAPI
10
12500
20
60
30
1100
11
-1800
21
60
31
1100
0
LINE
5
BF5F
330
BF15
100
AcDbEntity
100
AcDbLine
8
KORKULUK_KAPI
10
-1800
20
60
30
1100
11
-1800
21
40
31
1100
0
LINE
5
BF60
330
BF15
100
AcDbEntity
100
AcDbLine
8
KORKULUK_KAPI
10
-1800
20
40
30
0
11
-1800
21
40
31
1100
0
LINE
5
BF61
330
BF15
100
AcDbEntity
100
AcDbLine
8
KORKULUK_KAPI
10
12500
20
40
30
0
11
12500
21
40
31
1100
0
LINE
5
BF62
330
BF15
100
AcDbEntity
100
AcDbLine
8
KORKULUK_KAPI
10
12500
20
60
30
0
11
12500
21
60
31
1100
0
LINE
5
BF63
330
BF15
100
AcDbEntity
100
AcDbLine
8
KORKULUK_KAPI
10
-1800
20
60
30
0
11
-1800
21
60
31
1100
0
3DFACE
5
BF64
330
BF15
100
AcDbEntity
100
AcDbFace
8
KORKULUK_KAPI
10
-12500
20
1940
30
0
11
-4300
21
1940
31
0
12
-4300
22
1960
32
0
13
-12500
23
1960
33
0
0
3DFACE
5
BF65
330
BF15
100
AcDbEntity
100
AcDbFace
8
KORKULUK_KAPI
10
-12500
20
1940
30
1100
11
-4300
21
1940
31
1100
12
-4300
22
1960
32
1100
13
-12500
23
1960
33
1100
0
3DFACE
5
BF66
330
BF15
100
AcDbEntity
100
AcDbFace
8
KORKULUK_KAPI
10
-12500
20
1940
30
0
11
-4300
21
1940
31
0
12
-4300
22
1940
32
1100
13
-12500
23
1940
33
1100
0
3DFACE
5
BF67
330
BF15
100
AcDbEntity
100
AcDbFace
8
KORKULUK_KAPI
10
-12500
20
1960
30
0
11
-4300
21
1960
31
0
12
-4300
22
1960
32
1100
13
-12500
23
1960
33
1100
0
3DFACE
5
BF68
330
BF15
100
AcDbEntity
100
AcDbFace
8
KORKULUK_KAPI
10
-12500
20
1940
30
0
11
-12500
21
1960
31
0
12
-12500
22
1960
32
1100
13
-12500
23
1940
33
1100
0
3DFACE
5
BF69
330
BF15
100
AcDbEntity
100
AcDbFace
8
KORKULUK_KAPI
10
-4300
20
1940
30
0
11
-4300
21
1960
31
0
12
-4300
22
1960
32
1100
13
-4300
23
1940
33
1100
0
LINE
5
BF6A
330
BF15
100
AcDbEntity
100
AcDbLine
8
KORKULUK_KAPI
10
-12500
20
1940
30
0
11
-4300
21
1940
31
0
0
LINE
5
BF6B
330
BF15
100
AcDbEntity
100
AcDbLine
8
KORKULUK_KAPI
10
-4300
20
1940
30
0
11
-4300
21
1960
31
0
0
LINE
5
BF6C
330
BF15
100
AcDbEntity
100
AcDbLine
8
KORKULUK_KAPI
10
-4300
20
1960
30
0
11
-12500
21
1960
31
0
0
LINE
5
BF6D
330
BF15
100
AcDbEntity
100
AcDbLine
8
KORKULUK_KAPI
10
-12500
20
1960
30
0
11
-12500
21
1940
31
0
0
LINE
5
BF6E
330
BF15
100
AcDbEntity
100
AcDbLine
8
KORKULUK_KAPI
10
-12500
20
1940
30
1100
11
-4300
21
1940
31
1100
0
LINE
5
BF6F
330
BF15
100
AcDbEntity
100
AcDbLine
8
KORKULUK_KAPI
10
-4300
20
1940
30
1100
11
-4300
21
1960
31
1100
0
LINE
5
BF70
330
BF15
100
AcDbEntity
100
AcDbLine
8
KORKULUK_KAPI
10
-4300
20
1960
30
1100
11
-12500
21
1960
31
1100
0
LINE
5
BF71
330
BF15
100
AcDbEntity
100
AcDbLine
8
KORKULUK_KAPI
10
-12500
20
1960
30
1100
11
-12500
21
1940
31
1100
0
LINE
5
BF72
330
BF15
100
AcDbEntity
100
AcDbLine
8
KORKULUK_KAPI
10
-12500
20
1940
30
0
11
-12500
21
1940
31
1100
0
LINE
5
BF73
330
BF15
100
AcDbEntity
100
AcDbLine
8
KORKULUK_KAPI
10
-4300
20
1940
30
0
11
-4300
21
1940
31
1100
0
LINE
5
BF74
330
BF15
100
AcDbEntity
100
AcDbLine
8
KORKULUK_KAPI
10
-4300
20
1960
30
0
11
-4300
21
1960
31
1100
0
LINE
5
BF75
330
BF15
100
AcDbEntity
100
AcDbLine
8
KORKULUK_KAPI
10
-12500
20
1960
30
0
11
-12500
21
1960
31
1100
0
3DFACE
5
BF76
330
BF15
100
AcDbEntity
100
AcDbFace
8
KORKULUK_KAPI
10
-1800
20
1940
30
0
11
12500
21
1940
31
0
12
12500
22
1960
32
0
13
-1800
23
1960
33
0
0
3DFACE
5
BF77
330
BF15
100
AcDbEntity
100
AcDbFace
8
KORKULUK_KAPI
10
-1800
20
1940
30
1100
11
12500
21
1940
31
1100
12
12500
22
1960
32
1100
13
-1800
23
1960
33
1100
0
3DFACE
5
BF78
330
BF15
100
AcDbEntity
100
AcDbFace
8
KORKULUK_KAPI
10
-1800
20
1940
30
0
11
12500
21
1940
31
0
12
12500
22
1940
32
1100
13
-1800
23
1940
33
1100
0
3DFACE
5
BF79
330
BF15
100
AcDbEntity
100
AcDbFace
8
KORKULUK_KAPI
10
-1800
20
1960
30
0
11
12500
21
1960
31
0
12
12500
22
1960
32
1100
13
-1800
23
1960
33
1100
0
3DFACE
5
BF7A
330
BF15
100
AcDbEntity
100
AcDbFace
8
KORKULUK_KAPI
10
-1800
20
1940
30
0
11
-1800
21
1960
31
0
12
-1800
22
1960
32
1100
13
-1800
23
1940
33
1100
0
3DFACE
5
BF7B
330
BF15
100
AcDbEntity
100
AcDbFace
8
KORKULUK_KAPI
10
12500
20
1940
30
0
11
12500
21
1960
31
0
12
12500
22
1960
32
1100
13
12500
23
1940
33
1100
0
LINE
5
BF7C
330
BF15
100
AcDbEntity
100
AcDbLine
8
KORKULUK_KAPI
10
-1800
20
1940
30
0
11
12500
21
1940
31
0
0
LINE
5
BF7D
330
BF15
100
AcDbEntity
100
AcDbLine
8
KORKULUK_KAPI
10
12500
20
1940
30
0
11
12500
21
1960
31
0
0
LINE
5
BF7E
330
BF15
100
AcDbEntity
100
AcDbLine
8
KORKULUK_KAPI
10
12500
20
1960
30
0
11
-1800
21
1960
31
0
0
LINE
5
BF7F
330
BF15
100
AcDbEntity
100
AcDbLine
8
KORKULUK_KAPI
10
-1800
20
1960
30
0
11
-1800
21
1940
31
0
0
LINE
5
BF80
330
BF15
100
AcDbEntity
100
AcDbLine
8
KORKULUK_KAPI
10
-1800
20
1940
30
1100
11
12500
21
1940
31
1100
0
LINE
5
BF81
330
BF15
100
AcDbEntity
100
AcDbLine
8
KORKULUK_KAPI
10
12500
20
1940
30
1100
11
12500
21
1960
31
1100
0
LINE
5
BF82
330
BF15
100
AcDbEntity
100
AcDbLine
8
KORKULUK_KAPI
10
12500
20
1960
30
1100
11
-1800
21
1960
31
1100
0
LINE
5
BF83
330
BF15
100
AcDbEntity
100
AcDbLine
8
KORKULUK_KAPI
10
-1800
20
1960
30
1100
11
-1800
21
1940
31
1100
0
LINE
5
BF84
330
BF15
100
AcDbEntity
100
AcDbLine
8
KORKULUK_KAPI
10
-1800
20
1940
30
0
11
-1800
21
1940
31
1100
0
LINE
5
BF85
330
BF15
100
AcDbEntity
100
AcDbLine
8
KORKULUK_KAPI
10
12500
20
1940
30
0
11
12500
21
1940
31
1100
0
LINE
5
BF86
330
BF15
100
AcDbEntity
100
AcDbLine
8
KORKULUK_KAPI
10
12500
20
1960
30
0
11
12500
21
1960
31
1100
0
LINE
5
BF87
330
BF15
100
AcDbEntity
100
AcDbLine
8
KORKULUK_KAPI
10
-1800
20
1960
30
0
11
-1800
21
1960
31
1100
0
3DFACE
5
BF88
330
BF15
100
AcDbEntity
100
AcDbFace
8
KORKULUK_KAPI
10
-4300
20
1940
30
0
11
-1800
21
1940
31
0
12
-1800
22
1960
32
0
13
-4300
23
1960
33
0
0
3DFACE
5
BF89
330
BF15
100
AcDbEntity
100
AcDbFace
8
KORKULUK_KAPI
10
-4300
20
1940
30
1700
11
-1800
21
1940
31
1700
12
-1800
22
1960
32
1700
13
-4300
23
1960
33
1700
0
3DFACE
5
BF8A
330
BF15
100
AcDbEntity
100
AcDbFace
8
KORKULUK_KAPI
10
-4300
20
1940
30
0
11
-1800
21
1940
31
0
12
-1800
22
1940
32
1700
13
-4300
23
1940
33
1700
0
3DFACE
5
BF8B
330
BF15
100
AcDbEntity
100
AcDbFace
8
KORKULUK_KAPI
10
-4300
20
1960
30
0
11
-1800
21
1960
31
0
12
-1800
22
1960
32
1700
13
-4300
23
1960
33
1700
0
3DFACE
5
BF8C
330
BF15
100
AcDbEntity
100
AcDbFace
8
KORKULUK_KAPI
10
-4300
20
1940
30
0
11
-4300
21
1960
31
0
12
-4300
22
1960
32
1700
13
-4300
23
1940
33
1700
0
3DFACE
5
BF8D
330
BF15
100
AcDbEntity
100
AcDbFace
8
KORKULUK_KAPI
10
-1800
20
1940
30
0
11
-1800
21
1960
31
0
12
-1800
22
1960
32
1700
13
-1800
23
1940
33
1700
0
LINE
5
BF8E
330
BF15
100
AcDbEntity
100
AcDbLine
8
KORKULUK_KAPI
10
-4300
20
1940
30
0
11
-1800
21
1940
31
0
0
LINE
5
BF8F
330
BF15
100
AcDbEntity
100
AcDbLine
8
KORKULUK_KAPI
10
-1800
20
1940
30
0
11
-1800
21
1960
31
0
0
LINE
5
BF90
330
BF15
100
AcDbEntity
100
AcDbLine
8
KORKULUK_KAPI
10
-1800
20
1960
30
0
11
-4300
21
1960
31
0
0
LINE
5
BF91
330
BF15
100
AcDbEntity
100
AcDbLine
8
KORKULUK_KAPI
10
-4300
20
1960
30
0
11
-4300
21
1940
31
0
0
LINE
5
BF92
330
BF15
100
AcDbEntity
100
AcDbLine
8
KORKULUK_KAPI
10
-4300
20
1940
30
1700
11
-1800
21
1940
31
1700
0
LINE
5
BF93
330
BF15
100
AcDbEntity
100
AcDbLine
8
KORKULUK_KAPI
10
-1800
20
1940
30
1700
11
-1800
21
1960
31
1700
0
LINE
5
BF94
330
BF15
100
AcDbEntity
100
AcDbLine
8
KORKULUK_KAPI
10
-1800
20
1960
30
1700
11
-4300
21
1960
31
1700
0
LINE
5
BF95
330
BF15
100
AcDbEntity
100
AcDbLine
8
KORKULUK_KAPI
10
-4300
20
1960
30
1700
11
-4300
21
1940
31
1700
0
LINE
5
BF96
330
BF15
100
AcDbEntity
100
AcDbLine
8
KORKULUK_KAPI
10
-4300
20
1940
30
0
11
-4300
21
1940
31
1700
0
LINE
5
BF97
330
BF15
100
AcDbEntity
100
AcDbLine
8
KORKULUK_KAPI
10
-1800
20
1940
30
0
11
-1800
21
1940
31
1700
0
LINE
5
BF98
330
BF15
100
AcDbEntity
100
AcDbLine
8
KORKULUK_KAPI
10
-1800
20
1960
30
0
11
-1800
21
1960
31
1700
0
LINE
5
BF99
330
BF15
100
AcDbEntity
100
AcDbLine
8
KORKULUK_KAPI
10
-4300
20
1960
30
0
11
-4300
21
1960
31
1700
0
3DFACE
5
BF9A
330
BF15
100
AcDbEntity
100
AcDbFace
8
KORKULUK_KAPI
10
-4300
20
40
30
0
11
-4280
21
40
31
0
12
-4280
22
1960
32
0
13
-4300
23
1960
33
0
0
3DFACE
5
BF9B
330
BF15
100
AcDbEntity
100
AcDbFace
8
KORKULUK_KAPI
10
-4300
20
40
30
1700
11
-4280
21
40
31
1700
12
-4280
22
1960
32
1700
13
-4300
23
1960
33
1700
0
3DFACE
5
BF9C
330
BF15
100
AcDbEntity
100
AcDbFace
8
KORKULUK_KAPI
10
-4300
20
40
30
0
11
-4280
21
40
31
0
12
-4280
22
40
32
1700
13
-4300
23
40
33
1700
0
3DFACE
5
BF9D
330
BF15
100
AcDbEntity
100
AcDbFace
8
KORKULUK_KAPI
10
-4300
20
1960
30
0
11
-4280
21
1960
31
0
12
-4280
22
1960
32
1700
13
-4300
23
1960
33
1700
0
3DFACE
5
BF9E
330
BF15
100
AcDbEntity
100
AcDbFace
8
KORKULUK_KAPI
10
-4300
20
40
30
0
11
-4300
21
1960
31
0
12
-4300
22
1960
32
1700
13
-4300
23
40
33
1700
0
3DFACE
5
BF9F
330
BF15
100
AcDbEntity
100
AcDbFace
8
KORKULUK_KAPI
10
-4280
20
40
30
0
11
-4280
21
1960
31
0
12
-4280
22
1960
32
1700
13
-4280
23
40
33
1700
0
LINE
5
BFA0
330
BF15
100
AcDbEntity
100
AcDbLine
8
KORKULUK_KAPI
10
-4300
20
40
30
0
11
-4280
21
40
31
0
0
LINE
5
BFA1
330
BF15
100
AcDbEntity
100
AcDbLine
8
KORKULUK_KAPI
10
-4280
20
40
30
0
11
-4280
21
1960
31
0
0
LINE
5
BFA2
330
BF15
100
AcDbEntity
100
AcDbLine
8
KORKULUK_KAPI
10
-4280
20
1960
30
0
11
-4300
21
1960
31
0
0
LINE
5
BFA3
330
BF15
100
AcDbEntity
100
AcDbLine
8
KORKULUK_KAPI
10
-4300
20
1960
30
0
11
-4300
21
40
31
0
0
LINE
5
BFA4
330
BF15
100
AcDbEntity
100
AcDbLine
8
KORKULUK_KAPI
10
-4300
20
40
30
1700
11
-4280
21
40
31
1700
0
LINE
5
BFA5
330
BF15
100
AcDbEntity
100
AcDbLine
8
KORKULUK_KAPI
10
-4280
20
40
30
1700
11
-4280
21
1960
31
1700
0
LINE
5
BFA6
330
BF15
100
AcDbEntity
100
AcDbLine
8
KORKULUK_KAPI
10
-4280
20
1960
30
1700
11
-4300
21
1960
31
1700
0
LINE
5
BFA7
330
BF15
100
AcDbEntity
100
AcDbLine
8
KORKULUK_KAPI
10
-4300
20
1960
30
1700
11
-4300
21
40
31
1700
0
LINE
5
BFA8
330
BF15
100
AcDbEntity
100
AcDbLine
8
KORKULUK_KAPI
10
-4300
20
40
30
0
11
-4300
21
40
31
1700
0
LINE
5
BFA9
330
BF15
100
AcDbEntity
100
AcDbLine
8
KORKULUK_KAPI
10
-4280
20
40
30
0
11
-4280
21
40
31
1700
0
LINE
5
BFAA
330
BF15
100
AcDbEntity
100
AcDbLine
8
KORKULUK_KAPI
10
-4280
20
1960
30
0
11
-4280
21
1960
31
1700
0
LINE
5
BFAB
330
BF15
100
AcDbEntity
100
AcDbLine
8
KORKULUK_KAPI
10
-4300
20
1960
30
0
11
-4300
21
1960
31
1700
0
3DFACE
5
BFAC
330
BF15
100
AcDbEntity
100
AcDbFace
8
KORKULUK_KAPI
10
-1820
20
40
30
0
11
-1800
21
40
31
0
12
-1800
22
1960
32
0
13
-1820
23
1960
33
0
0
3DFACE
5
BFAD
330
BF15
100
AcDbEntity
100
AcDbFace
8
KORKULUK_KAPI
10
-1820
20
40
30
1700
11
-1800
21
40
31
1700
12
-1800
22
1960
32
1700
13
-1820
23
1960
33
1700
0
3DFACE
5
BFAE
330
BF15
100
AcDbEntity
100
AcDbFace
8
KORKULUK_KAPI
10
-1820
20
40
30
0
11
-1800
21
40
31
0
12
-1800
22
40
32
1700
13
-1820
23
40
33
1700
0
3DFACE
5
BFAF
330
BF15
100
AcDbEntity
100
AcDbFace
8
KORKULUK_KAPI
10
-1820
20
1960
30
0
11
-1800
21
1960
31
0
12
-1800
22
1960
32
1700
13
-1820
23
1960
33
1700
0
3DFACE
5
BFB0
330
BF15
100
AcDbEntity
100
AcDbFace
8
KORKULUK_KAPI
10
-1820
20
40
30
0
11
-1820
21
1960
31
0
12
-1820
22
1960
32
1700
13
-1820
23
40
33
1700
0
3DFACE
5
BFB1
330
BF15
100
AcDbEntity
100
AcDbFace
8
KORKULUK_KAPI
10
-1800
20
40
30
0
11
-1800
21
1960
31
0
12
-1800
22
1960
32
1700
13
-1800
23
40
33
1700
0
LINE
5
BFB2
330
BF15
100
AcDbEntity
100
AcDbLine
8
KORKULUK_KAPI
10
-1820
20
40
30
0
11
-1800
21
40
31
0
0
LINE
5
BFB3
330
BF15
100
AcDbEntity
100
AcDbLine
8
KORKULUK_KAPI
10
-1800
20
40
30
0
11
-1800
21
1960
31
0
0
LINE
5
BFB4
330
BF15
100
AcDbEntity
100
AcDbLine
8
KORKULUK_KAPI
10
-1800
20
1960
30
0
11
-1820
21
1960
31
0
0
LINE
5
BFB5
330
BF15
100
AcDbEntity
100
AcDbLine
8
KORKULUK_KAPI
10
-1820
20
1960
30
0
11
-1820
21
40
31
0
0
LINE
5
BFB6
330
BF15
100
AcDbEntity
100
AcDbLine
8
KORKULUK_KAPI
10
-1820
20
40
30
1700
11
-1800
21
40
31
1700
0
LINE
5
BFB7
330
BF15
100
AcDbEntity
100
AcDbLine
8
KORKULUK_KAPI
10
-1800
20
40
30
1700
11
-1800
21
1960
31
1700
0
LINE
5
BFB8
330
BF15
100
AcDbEntity
100
AcDbLine
8
KORKULUK_KAPI
10
-1800
20
1960
30
1700
11
-1820
21
1960
31
1700
0
LINE
5
BFB9
330
BF15
100
AcDbEntity
100
AcDbLine
8
KORKULUK_KAPI
10
-1820
20
1960
30
1700
11
-1820
21
40
31
1700
0
LINE
5
BFBA
330
BF15
100
AcDbEntity
100
AcDbLine
8
KORKULUK_KAPI
10
-1820
20
40
30
0
11
-1820
21
40
31
1700
0
LINE
5
BFBB
330
BF15
100
AcDbEntity
100
AcDbLine
8
KORKULUK_KAPI
10
-1800
20
40
30
0
11
-1800
21
40
31
1700
0
LINE
5
BFBC
330
BF15
100
AcDbEntity
100
AcDbLine
8
KORKULUK_KAPI
10
-1800
20
1960
30
0
11
-1800
21
1960
31
1700
0
LINE
5
BFBD
330
BF15
100
AcDbEntity
100
AcDbLine
8
KORKULUK_KAPI
10
-1820
20
1960
30
0
11
-1820
21
1960
31
1700
0
3DFACE
5
BFBE
330
BF15
100
AcDbEntity
100
AcDbFace
8
KORKULUK_KAPI
10
-4150
20
30
30
20
11
-3050
21
30
31
20
12
-3050
22
50
32
20
13
-4150
23
50
33
20
0
3DFACE
5
BFBF
330
BF15
100
AcDbEntity
100
AcDbFace
8
KORKULUK_KAPI
10
-4150
20
30
30
1680
11
-3050
21
30
31
1680
12
-3050
22
50
32
1680
13
-4150
23
50
33
1680
0
3DFACE
5
BFC0
330
BF15
100
AcDbEntity
100
AcDbFace
8
KORKULUK_KAPI
10
-4150
20
30
30
20
11
-3050
21
30
31
20
12
-3050
22
30
32
1680
13
-4150
23
30
33
1680
0
3DFACE
5
BFC1
330
BF15
100
AcDbEntity
100
AcDbFace
8
KORKULUK_KAPI
10
-4150
20
50
30
20
11
-3050
21
50
31
20
12
-3050
22
50
32
1680
13
-4150
23
50
33
1680
0
3DFACE
5
BFC2
330
BF15
100
AcDbEntity
100
AcDbFace
8
KORKULUK_KAPI
10
-4150
20
30
30
20
11
-4150
21
50
31
20
12
-4150
22
50
32
1680
13
-4150
23
30
33
1680
0
3DFACE
5
BFC3
330
BF15
100
AcDbEntity
100
AcDbFace
8
KORKULUK_KAPI
10
-3050
20
30
30
20
11
-3050
21
50
31
20
12
-3050
22
50
32
1680
13
-3050
23
30
33
1680
0
LINE
5
BFC4
330
BF15
100
AcDbEntity
100
AcDbLine
8
KORKULUK_KAPI
10
-4150
20
30
30
20
11
-3050
21
30
31
20
0
LINE
5
BFC5
330
BF15
100
AcDbEntity
100
AcDbLine
8
KORKULUK_KAPI
10
-3050
20
30
30
20
11
-3050
21
50
31
20
0
LINE
5
BFC6
330
BF15
100
AcDbEntity
100
AcDbLine
8
KORKULUK_KAPI
10
-3050
20
50
30
20
11
-4150
21
50
31
20
0
LINE
5
BFC7
330
BF15
100
AcDbEntity
100
AcDbLine
8
KORKULUK_KAPI
10
-4150
20
50
30
20
11
-4150
21
30
31
20
0
LINE
5
BFC8
330
BF15
100
AcDbEntity
100
AcDbLine
8
KORKULUK_KAPI
10
-4150
20
30
30
1680
11
-3050
21
30
31
1680
0
LINE
5
BFC9
330
BF15
100
AcDbEntity
100
AcDbLine
8
KORKULUK_KAPI
10
-3050
20
30
30
1680
11
-3050
21
50
31
1680
0
LINE
5
BFCA
330
BF15
100
AcDbEntity
100
AcDbLine
8
KORKULUK_KAPI
10
-3050
20
50
30
1680
11
-4150
21
50
31
1680
0
LINE
5
BFCB
330
BF15
100
AcDbEntity
100
AcDbLine
8
KORKULUK_KAPI
10
-4150
20
50
30
1680
11
-4150
21
30
31
1680
0
LINE
5
BFCC
330
BF15
100
AcDbEntity
100
AcDbLine
8
KORKULUK_KAPI
10
-4150
20
30
30
20
11
-4150
21
30
31
1680
0
LINE
5
BFCD
330
BF15
100
AcDbEntity
100
AcDbLine
8
KORKULUK_KAPI
10
-3050
20
30
30
20
11
-3050
21
30
31
1680
0
LINE
5
BFCE
330
BF15
100
AcDbEntity
100
AcDbLine
8
KORKULUK_KAPI
10
-3050
20
50
30
20
11
-3050
21
50
31
1680
0
LINE
5
BFCF
330
BF15
100
AcDbEntity
100
AcDbLine
8
KORKULUK_KAPI
10
-4150
20
50
30
20
11
-4150
21
50
31
1680
0
3DFACE
5
BFD0
330
BF15
100
AcDbEntity
100
AcDbFace
8
KORKULUK_KAPI
10
-3050
20
60
30
20
11
-1950
21
60
31
20
12
-1950
22
80
32
20
13
-3050
23
80
33
20
0
3DFACE
5
BFD1
330
BF15
100
AcDbEntity
100
AcDbFace
8
KORKULUK_KAPI
10
-3050
20
60
30
1680
11
-1950
21
60
31
1680
12
-1950
22
80
32
1680
13
-3050
23
80
33
1680
0
3DFACE
5
BFD2
330
BF15
100
AcDbEntity
100
AcDbFace
8
KORKULUK_KAPI
10
-3050
20
60
30
20
11
-1950
21
60
31
20
12
-1950
22
60
32
1680
13
-3050
23
60
33
1680
0
3DFACE
5
BFD3
330
BF15
100
AcDbEntity
100
AcDbFace
8
KORKULUK_KAPI
10
-3050
20
80
30
20
11
-1950
21
80
31
20
12
-1950
22
80
32
1680
13
-3050
23
80
33
1680
0
3DFACE
5
BFD4
330
BF15
100
AcDbEntity
100
AcDbFace
8
KORKULUK_KAPI
10
-3050
20
60
30
20
11
-3050
21
80
31
20
12
-3050
22
80
32
1680
13
-3050
23
60
33
1680
0
3DFACE
5
BFD5
330
BF15
100
AcDbEntity
100
AcDbFace
8
KORKULUK_KAPI
10
-1950
20
60
30
20
11
-1950
21
80
31
20
12
-1950
22
80
32
1680
13
-1950
23
60
33
1680
0
LINE
5
BFD6
330
BF15
100
AcDbEntity
100
AcDbLine
8
KORKULUK_KAPI
10
-3050
20
60
30
20
11
-1950
21
60
31
20
0
LINE
5
BFD7
330
BF15
100
AcDbEntity
100
AcDbLine
8
KORKULUK_KAPI
10
-1950
20
60
30
20
11
-1950
21
80
31
20
0
LINE
5
BFD8
330
BF15
100
AcDbEntity
100
AcDbLine
8
KORKULUK_KAPI
10
-1950
20
80
30
20
11
-3050
21
80
31
20
0
LINE
5
BFD9
330
BF15
100
AcDbEntity
100
AcDbLine
8
KORKULUK_KAPI
10
-3050
20
80
30
20
11
-3050
21
60
31
20
0
LINE
5
BFDA
330
BF15
100
AcDbEntity
100
AcDbLine
8
KORKULUK_KAPI
10
-3050
20
60
30
1680
11
-1950
21
60
31
1680
0
LINE
5
BFDB
330
BF15
100
AcDbEntity
100
AcDbLine
8
KORKULUK_KAPI
10
-1950
20
60
30
1680
11
-1950
21
80
31
1680
0
LINE
5
BFDC
330
BF15
100
AcDbEntity
100
AcDbLine
8
KORKULUK_KAPI
10
-1950
20
80
30
1680
11
-3050
21
80
31
1680
0
LINE
5
BFDD
330
BF15
100
AcDbEntity
100
AcDbLine
8
KORKULUK_KAPI
10
-3050
20
80
30
1680
11
-3050
21
60
31
1680
0
LINE
5
BFDE
330
BF15
100
AcDbEntity
100
AcDbLine
8
KORKULUK_KAPI
10
-3050
20
60
30
20
11
-3050
21
60
31
1680
0
LINE
5
BFDF
330
BF15
100
AcDbEntity
100
AcDbLine
8
KORKULUK_KAPI
10
-1950
20
60
30
20
11
-1950
21
60
31
1680
0
LINE
5
BFE0
330
BF15
100
AcDbEntity
100
AcDbLine
8
KORKULUK_KAPI
10
-1950
20
80
30
20
11
-1950
21
80
31
1680
0
LINE
5
BFE1
330
BF15
100
AcDbEntity
100
AcDbLine
8
KORKULUK_KAPI
10
-3050
20
80
30
20
11
-3050
21
80
31
1680
0
3DFACE
5
BFE2
330
BF15
100
AcDbEntity
100
AcDbFace
8
MONTAJ_BORULARI
10
-9800
20
1350
30
0
11
-9815.224093497744
21
1426.5366864730179
31
0
12
-9815.224093497744
22
1426.5366864730179
32
4300
13
-9800
23
1350
33
4300
0
LINE
5
BFE3
330
BF15
100
AcDbEntity
100
AcDbLine
8
MONTAJ_BORULARI
10
-9800
20
1350
30
0
11
-9815.224093497744
21
1426.5366864730179
31
0
0
LINE
5
BFE4
330
BF15
100
AcDbEntity
100
AcDbLine
8
MONTAJ_BORULARI
10
-9800
20
1350
30
4300
11
-9815.224093497744
21
1426.5366864730179
31
4300
0
LINE
5
BFE5
330
BF15
100
AcDbEntity
100
AcDbLine
8
MONTAJ_BORULARI
10
-9800
20
1350
30
0
11
-9800
21
1350
31
4300
0
3DFACE
5
BFE6
330
BF15
100
AcDbEntity
100
AcDbFace
8
MONTAJ_BORULARI
10
-9815.224093497744
20
1426.5366864730179
30
0
11
-9858.57864376269
21
1491.4213562373095
31
0
12
-9858.57864376269
22
1491.4213562373095
32
4300
13
-9815.224093497744
23
1426.5366864730179
33
4300
0
LINE
5
BFE7
330
BF15
100
AcDbEntity
100
AcDbLine
8
MONTAJ_BORULARI
10
-9815.224093497744
20
1426.5366864730179
30
0
11
-9858.57864376269
21
1491.4213562373095
31
0
0
LINE
5
BFE8
330
BF15
100
AcDbEntity
100
AcDbLine
8
MONTAJ_BORULARI
10
-9815.224093497744
20
1426.5366864730179
30
4300
11
-9858.57864376269
21
1491.4213562373095
31
4300
0
3DFACE
5
BFE9
330
BF15
100
AcDbEntity
100
AcDbFace
8
MONTAJ_BORULARI
10
-9858.57864376269
20
1491.4213562373095
30
0
11
-9923.463313526981
21
1534.7759065022574
31
0
12
-9923.463313526981
22
1534.7759065022574
32
4300
13
-9858.57864376269
23
1491.4213562373095
33
4300
0
LINE
5
BFEA
330
BF15
100
AcDbEntity
100
AcDbLine
8
MONTAJ_BORULARI
10
-9858.57864376269
20
1491.4213562373095
30
0
11
-9923.463313526981
21
1534.7759065022574
31
0
0
LINE
5
BFEB
330
BF15
100
AcDbEntity
100
AcDbLine
8
MONTAJ_BORULARI
10
-9858.57864376269
20
1491.4213562373095
30
4300
11
-9923.463313526981
21
1534.7759065022574
31
4300
0
3DFACE
5
BFEC
330
BF15
100
AcDbEntity
100
AcDbFace
8
MONTAJ_BORULARI
10
-9923.463313526981
20
1534.7759065022574
30
0
11
-10000
21
1550
31
0
12
-10000
22
1550
32
4300
13
-9923.463313526981
23
1534.7759065022574
33
4300
0
LINE
5
BFED
330
BF15
100
AcDbEntity
100
AcDbLine
8
MONTAJ_BORULARI
10
-9923.463313526981
20
1534.7759065022574
30
0
11
-10000
21
1550
31
0
0
LINE
5
BFEE
330
BF15
100
AcDbEntity
100
AcDbLine
8
MONTAJ_BORULARI
10
-9923.463313526981
20
1534.7759065022574
30
4300
11
-10000
21
1550
31
4300
0
3DFACE
5
BFEF
330
BF15
100
AcDbEntity
100
AcDbFace
8
MONTAJ_BORULARI
10
-10000
20
1550
30
0
11
-10076.536686473019
21
1534.7759065022574
31
0
12
-10076.536686473019
22
1534.7759065022574
32
4300
13
-10000
23
1550
33
4300
0
LINE
5
BFF0
330
BF15
100
AcDbEntity
100
AcDbLine
8
MONTAJ_BORULARI
10
-10000
20
1550
30
0
11
-10076.536686473019
21
1534.7759065022574
31
0
0
LINE
5
BFF1
330
BF15
100
AcDbEntity
100
AcDbLine
8
MONTAJ_BORULARI
10
-10000
20
1550
30
4300
11
-10076.536686473019
21
1534.7759065022574
31
4300
0
LINE
5
BFF2
330
BF15
100
AcDbEntity
100
AcDbLine
8
MONTAJ_BORULARI
10
-10000
20
1550
30
0
11
-10000
21
1550
31
4300
0
3DFACE
5
BFF3
330
BF15
100
AcDbEntity
100
AcDbFace
8
MONTAJ_BORULARI
10
-10076.536686473019
20
1534.7759065022574
30
0
11
-10141.42135623731
21
1491.4213562373095
31
0
12
-10141.42135623731
22
1491.4213562373095
32
4300
13
-10076.536686473019
23
1534.7759065022574
33
4300
0
LINE
5
BFF4
330
BF15
100
AcDbEntity
100
AcDbLine
8
MONTAJ_BORULARI
10
-10076.536686473019
20
1534.7759065022574
30
0
11
-10141.42135623731
21
1491.4213562373095
31
0
0
LINE
5
BFF5
330
BF15
100
AcDbEntity
100
AcDbLine
8
MONTAJ_BORULARI
10
-10076.536686473019
20
1534.7759065022574
30
4300
11
-10141.42135623731
21
1491.4213562373095
31
4300
0
3DFACE
5
BFF6
330
BF15
100
AcDbEntity
100
AcDbFace
8
MONTAJ_BORULARI
10
-10141.42135623731
20
1491.4213562373095
30
0
11
-10184.775906502256
21
1426.5366864730179
31
0
12
-10184.775906502256
22
1426.5366864730179
32
4300
13
-10141.42135623731
23
1491.4213562373095
33
4300
0
LINE
5
BFF7
330
BF15
100
AcDbEntity
100
AcDbLine
8
MONTAJ_BORULARI
10
-10141.42135623731
20
1491.4213562373095
30
0
11
-10184.775906502256
21
1426.5366864730179
31
0
0
LINE
5
BFF8
330
BF15
100
AcDbEntity
100
AcDbLine
8
MONTAJ_BORULARI
10
-10141.42135623731
20
1491.4213562373095
30
4300
11
-10184.775906502256
21
1426.5366864730179
31
4300
0
3DFACE
5
BFF9
330
BF15
100
AcDbEntity
100
AcDbFace
8
MONTAJ_BORULARI
10
-10184.775906502256
20
1426.5366864730179
30
0
11
-10200
21
1350
31
0
12
-10200
22
1350
32
4300
13
-10184.775906502256
23
1426.5366864730179
33
4300
0
LINE
5
BFFA
330
BF15
100
AcDbEntity
100
AcDbLine
8
MONTAJ_BORULARI
10
-10184.775906502256
20
1426.5366864730179
30
0
11
-10200
21
1350
31
0
0
LINE
5
BFFB
330
BF15
100
AcDbEntity
100
AcDbLine
8
MONTAJ_BORULARI
10
-10184.775906502256
20
1426.5366864730179
30
4300
11
-10200
21
1350
31
4300
0
3DFACE
5
BFFC
330
BF15
100
AcDbEntity
100
AcDbFace
8
MONTAJ_BORULARI
10
-10200
20
1350
30
0
11
-10184.775906502256
21
1273.4633135269821
31
0
12
-10184.775906502256
22
1273.4633135269821
32
4300
13
-10200
23
1350
33
4300
0
LINE
5
BFFD
330
BF15
100
AcDbEntity
100
AcDbLine
8
MONTAJ_BORULARI
10
-10200
20
1350
30
0
11
-10184.775906502256
21
1273.4633135269821
31
0
0
LINE
5
BFFE
330
BF15
100
AcDbEntity
100
AcDbLine
8
MONTAJ_BORULARI
10
-10200
20
1350
30
4300
11
-10184.775906502256
21
1273.4633135269821
31
4300
0
LINE
5
BFFF
330
BF15
100
AcDbEntity
100
AcDbLine
8
MONTAJ_BORULARI
10
-10200
20
1350
30
0
11
-10200
21
1350
31
4300
0
3DFACE
5
C000
330
BF15
100
AcDbEntity
100
AcDbFace
8
MONTAJ_BORULARI
10
-10184.775906502256
20
1273.4633135269821
30
0
11
-10141.42135623731
21
1208.5786437626905
31
0
12
-10141.42135623731
22
1208.5786437626905
32
4300
13
-10184.775906502256
23
1273.4633135269821
33
4300
0
LINE
5
C001
330
BF15
100
AcDbEntity
100
AcDbLine
8
MONTAJ_BORULARI
10
-10184.775906502256
20
1273.4633135269821
30
0
11
-10141.42135623731
21
1208.5786437626905
31
0
0
LINE
5
C002
330
BF15
100
AcDbEntity
100
AcDbLine
8
MONTAJ_BORULARI
10
-10184.775906502256
20
1273.4633135269821
30
4300
11
-10141.42135623731
21
1208.5786437626905
31
4300
0
3DFACE
5
C003
330
BF15
100
AcDbEntity
100
AcDbFace
8
MONTAJ_BORULARI
10
-10141.42135623731
20
1208.5786437626905
30
0
11
-10076.536686473019
21
1165.2240934977426
31
0
12
-10076.536686473019
22
1165.2240934977426
32
4300
13
-10141.42135623731
23
1208.5786437626905
33
4300
0
LINE
5
C004
330
BF15
100
AcDbEntity
100
AcDbLine
8
MONTAJ_BORULARI
10
-10141.42135623731
20
1208.5786437626905
30
0
11
-10076.536686473019
21
1165.2240934977426
31
0
0
LINE
5
C005
330
BF15
100
AcDbEntity
100
AcDbLine
8
MONTAJ_BORULARI
10
-10141.42135623731
20
1208.5786437626905
30
4300
11
-10076.536686473019
21
1165.2240934977426
31
4300
0
3DFACE
5
C006
330
BF15
100
AcDbEntity
100
AcDbFace
8
MONTAJ_BORULARI
10
-10076.536686473019
20
1165.2240934977426
30
0
11
-10000
21
1150
31
0
12
-10000
22
1150
32
4300
13
-10076.536686473019
23
1165.2240934977426
33
4300
0
LINE
5
C007
330
BF15
100
AcDbEntity
100
AcDbLine
8
MONTAJ_BORULARI
10
-10076.536686473019
20
1165.2240934977426
30
0
11
-10000
21
1150
31
0
0
LINE
5
C008
330
BF15
100
AcDbEntity
100
AcDbLine
8
MONTAJ_BORULARI
10
-10076.536686473019
20
1165.2240934977426
30
4300
11
-10000
21
1150
31
4300
0
3DFACE
5
C009
330
BF15
100
AcDbEntity
100
AcDbFace
8
MONTAJ_BORULARI
10
-10000
20
1150
30
0
11
-9923.463313526981
21
1165.2240934977426
31
0
12
-9923.463313526981
22
1165.2240934977426
32
4300
13
-10000
23
1150
33
4300
0
LINE
5
C00A
330
BF15
100
AcDbEntity
100
AcDbLine
8
MONTAJ_BORULARI
10
-10000
20
1150
30
0
11
-9923.463313526981
21
1165.2240934977426
31
0
0
LINE
5
C00B
330
BF15
100
AcDbEntity
100
AcDbLine
8
MONTAJ_BORULARI
10
-10000
20
1150
30
4300
11
-9923.463313526981
21
1165.2240934977426
31
4300
0
LINE
5
C00C
330
BF15
100
AcDbEntity
100
AcDbLine
8
MONTAJ_BORULARI
10
-10000
20
1150
30
0
11
-10000
21
1150
31
4300
0
3DFACE
5
C00D
330
BF15
100
AcDbEntity
100
AcDbFace
8
MONTAJ_BORULARI
10
-9923.463313526981
20
1165.2240934977426
30
0
11
-9858.57864376269
21
1208.5786437626905
31
0
12
-9858.57864376269
22
1208.5786437626905
32
4300
13
-9923.463313526981
23
1165.2240934977426
33
4300
0
LINE
5
C00E
330
BF15
100
AcDbEntity
100
AcDbLine
8
MONTAJ_BORULARI
10
-9923.463313526981
20
1165.2240934977426
30
0
11
-9858.57864376269
21
1208.5786437626905
31
0
0
LINE
5
C00F
330
BF15
100
AcDbEntity
100
AcDbLine
8
MONTAJ_BORULARI
10
-9923.463313526981
20
1165.2240934977426
30
4300
11
-9858.57864376269
21
1208.5786437626905
31
4300
0
3DFACE
5
C010
330
BF15
100
AcDbEntity
100
AcDbFace
8
MONTAJ_BORULARI
10
-9858.57864376269
20
1208.5786437626905
30
0
11
-9815.224093497744
21
1273.463313526982
31
0
12
-9815.224093497744
22
1273.463313526982
32
4300
13
-9858.57864376269
23
1208.5786437626905
33
4300
0
LINE
5
C011
330
BF15
100
AcDbEntity
100
AcDbLine
8
MONTAJ_BORULARI
10
-9858.57864376269
20
1208.5786437626905
30
0
11
-9815.224093497744
21
1273.463313526982
31
0
0
LINE
5
C012
330
BF15
100
AcDbEntity
100
AcDbLine
8
MONTAJ_BORULARI
10
-9858.57864376269
20
1208.5786437626905
30
4300
11
-9815.224093497744
21
1273.463313526982
31
4300
0
3DFACE
5
C013
330
BF15
100
AcDbEntity
100
AcDbFace
8
MONTAJ_BORULARI
10
-9815.224093497744
20
1273.463313526982
30
0
11
-9800
21
1350
31
0
12
-9800
22
1350
32
4300
13
-9815.224093497744
23
1273.463313526982
33
4300
0
LINE
5
C014
330
BF15
100
AcDbEntity
100
AcDbLine
8
MONTAJ_BORULARI
10
-9815.224093497744
20
1273.463313526982
30
0
11
-9800
21
1350
31
0
0
LINE
5
C015
330
BF15
100
AcDbEntity
100
AcDbLine
8
MONTAJ_BORULARI
10
-9815.224093497744
20
1273.463313526982
30
4300
11
-9800
21
1350
31
4300
0
3DFACE
5
C016
330
BF15
100
AcDbEntity
100
AcDbFace
8
MONTAJ_BORULARI
10
-9800
20
1350
30
0
11
-9815.224093497744
21
1426.5366864730179
31
0
12
-9858.57864376269
22
1491.4213562373095
32
0
13
-9858.57864376269
23
1491.4213562373095
33
0
0
3DFACE
5
C017
330
BF15
100
AcDbEntity
100
AcDbFace
8
MONTAJ_BORULARI
10
-9800
20
1350
30
4300
11
-9815.224093497744
21
1426.5366864730179
31
4300
12
-9858.57864376269
22
1491.4213562373095
32
4300
13
-9858.57864376269
23
1491.4213562373095
33
4300
0
3DFACE
5
C018
330
BF15
100
AcDbEntity
100
AcDbFace
8
MONTAJ_BORULARI
10
-9800
20
1350
30
0
11
-9858.57864376269
21
1491.4213562373095
31
0
12
-9923.463313526981
22
1534.7759065022574
32
0
13
-9923.463313526981
23
1534.7759065022574
33
0
0
3DFACE
5
C019
330
BF15
100
AcDbEntity
100
AcDbFace
8
MONTAJ_BORULARI
10
-9800
20
1350
30
4300
11
-9858.57864376269
21
1491.4213562373095
31
4300
12
-9923.463313526981
22
1534.7759065022574
32
4300
13
-9923.463313526981
23
1534.7759065022574
33
4300
0
3DFACE
5
C01A
330
BF15
100
AcDbEntity
100
AcDbFace
8
MONTAJ_BORULARI
10
-9800
20
1350
30
0
11
-9923.463313526981
21
1534.7759065022574
31
0
12
-10000
22
1550
32
0
13
-10000
23
1550
33
0
0
3DFACE
5
C01B
330
BF15
100
AcDbEntity
100
AcDbFace
8
MONTAJ_BORULARI
10
-9800
20
1350
30
4300
11
-9923.463313526981
21
1534.7759065022574
31
4300
12
-10000
22
1550
32
4300
13
-10000
23
1550
33
4300
0
3DFACE
5
C01C
330
BF15
100
AcDbEntity
100
AcDbFace
8
MONTAJ_BORULARI
10
-9800
20
1350
30
0
11
-10000
21
1550
31
0
12
-10076.536686473019
22
1534.7759065022574
32
0
13
-10076.536686473019
23
1534.7759065022574
33
0
0
3DFACE
5
C01D
330
BF15
100
AcDbEntity
100
AcDbFace
8
MONTAJ_BORULARI
10
-9800
20
1350
30
4300
11
-10000
21
1550
31
4300
12
-10076.536686473019
22
1534.7759065022574
32
4300
13
-10076.536686473019
23
1534.7759065022574
33
4300
0
3DFACE
5
C01E
330
BF15
100
AcDbEntity
100
AcDbFace
8
MONTAJ_BORULARI
10
-9800
20
1350
30
0
11
-10076.536686473019
21
1534.7759065022574
31
0
12
-10141.42135623731
22
1491.4213562373095
32
0
13
-10141.42135623731
23
1491.4213562373095
33
0
0
3DFACE
5
C01F
330
BF15
100
AcDbEntity
100
AcDbFace
8
MONTAJ_BORULARI
10
-9800
20
1350
30
4300
11
-10076.536686473019
21
1534.7759065022574
31
4300
12
-10141.42135623731
22
1491.4213562373095
32
4300
13
-10141.42135623731
23
1491.4213562373095
33
4300
0
3DFACE
5
C020
330
BF15
100
AcDbEntity
100
AcDbFace
8
MONTAJ_BORULARI
10
-9800
20
1350
30
0
11
-10141.42135623731
21
1491.4213562373095
31
0
12
-10184.775906502256
22
1426.5366864730179
32
0
13
-10184.775906502256
23
1426.5366864730179
33
0
0
3DFACE
5
C021
330
BF15
100
AcDbEntity
100
AcDbFace
8
MONTAJ_BORULARI
10
-9800
20
1350
30
4300
11
-10141.42135623731
21
1491.4213562373095
31
4300
12
-10184.775906502256
22
1426.5366864730179
32
4300
13
-10184.775906502256
23
1426.5366864730179
33
4300
0
3DFACE
5
C022
330
BF15
100
AcDbEntity
100
AcDbFace
8
MONTAJ_BORULARI
10
-9800
20
1350
30
0
11
-10184.775906502256
21
1426.5366864730179
31
0
12
-10200
22
1350
32
0
13
-10200
23
1350
33
0
0
3DFACE
5
C023
330
BF15
100
AcDbEntity
100
AcDbFace
8
MONTAJ_BORULARI
10
-9800
20
1350
30
4300
11
-10184.775906502256
21
1426.5366864730179
31
4300
12
-10200
22
1350
32
4300
13
-10200
23
1350
33
4300
0
3DFACE
5
C024
330
BF15
100
AcDbEntity
100
AcDbFace
8
MONTAJ_BORULARI
10
-9800
20
1350
30
0
11
-10200
21
1350
31
0
12
-10184.775906502256
22
1273.4633135269821
32
0
13
-10184.775906502256
23
1273.4633135269821
33
0
0
3DFACE
5
C025
330
BF15
100
AcDbEntity
100
AcDbFace
8
MONTAJ_BORULARI
10
-9800
20
1350
30
4300
11
-10200
21
1350
31
4300
12
-10184.775906502256
22
1273.4633135269821
32
4300
13
-10184.775906502256
23
1273.4633135269821
33
4300
0
3DFACE
5
C026
330
BF15
100
AcDbEntity
100
AcDbFace
8
MONTAJ_BORULARI
10
-9800
20
1350
30
0
11
-10184.775906502256
21
1273.4633135269821
31
0
12
-10141.42135623731
22
1208.5786437626905
32
0
13
-10141.42135623731
23
1208.5786437626905
33
0
0
3DFACE
5
C027
330
BF15
100
AcDbEntity
100
AcDbFace
8
MONTAJ_BORULARI
10
-9800
20
1350
30
4300
11
-10184.775906502256
21
1273.4633135269821
31
4300
12
-10141.42135623731
22
1208.5786437626905
32
4300
13
-10141.42135623731
23
1208.5786437626905
33
4300
0
3DFACE
5
C028
330
BF15
100
AcDbEntity
100
AcDbFace
8
MONTAJ_BORULARI
10
-9800
20
1350
30
0
11
-10141.42135623731
21
1208.5786437626905
31
0
12
-10076.536686473019
22
1165.2240934977426
32
0
13
-10076.536686473019
23
1165.2240934977426
33
0
0
3DFACE
5
C029
330
BF15
100
AcDbEntity
100
AcDbFace
8
MONTAJ_BORULARI
10
-9800
20
1350
30
4300
11
-10141.42135623731
21
1208.5786437626905
31
4300
12
-10076.536686473019
22
1165.2240934977426
32
4300
13
-10076.536686473019
23
1165.2240934977426
33
4300
0
3DFACE
5
C02A
330
BF15
100
AcDbEntity
100
AcDbFace
8
MONTAJ_BORULARI
10
-9800
20
1350
30
0
11
-10076.536686473019
21
1165.2240934977426
31
0
12
-10000
22
1150
32
0
13
-10000
23
1150
33
0
0
3DFACE
5
C02B
330
BF15
100
AcDbEntity
100
AcDbFace
8
MONTAJ_BORULARI
10
-9800
20
1350
30
4300
11
-10076.536686473019
21
1165.2240934977426
31
4300
12
-10000
22
1150
32
4300
13
-10000
23
1150
33
4300
0
3DFACE
5
C02C
330
BF15
100
AcDbEntity
100
AcDbFace
8
MONTAJ_BORULARI
10
-9800
20
1350
30
0
11
-10000
21
1150
31
0
12
-9923.463313526981
22
1165.2240934977426
32
0
13
-9923.463313526981
23
1165.2240934977426
33
0
0
3DFACE
5
C02D
330
BF15
100
AcDbEntity
100
AcDbFace
8
MONTAJ_BORULARI
10
-9800
20
1350
30
4300
11
-10000
21
1150
31
4300
12
-9923.463313526981
22
1165.2240934977426
32
4300
13
-9923.463313526981
23
1165.2240934977426
33
4300
0
3DFACE
5
C02E
330
BF15
100
AcDbEntity
100
AcDbFace
8
MONTAJ_BORULARI
10
-9800
20
1350
30
0
11
-9923.463313526981
21
1165.2240934977426
31
0
12
-9858.57864376269
22
1208.5786437626905
32
0
13
-9858.57864376269
23
1208.5786437626905
33
0
0
3DFACE
5
C02F
330
BF15
100
AcDbEntity
100
AcDbFace
8
MONTAJ_BORULARI
10
-9800
20
1350
30
4300
11
-9923.463313526981
21
1165.2240934977426
31
4300
12
-9858.57864376269
22
1208.5786437626905
32
4300
13
-9858.57864376269
23
1208.5786437626905
33
4300
0
3DFACE
5
C030
330
BF15
100
AcDbEntity
100
AcDbFace
8
MONTAJ_BORULARI
10
-9800
20
1350
30
0
11
-9858.57864376269
21
1208.5786437626905
31
0
12
-9815.224093497744
22
1273.463313526982
32
0
13
-9815.224093497744
23
1273.463313526982
33
0
0
3DFACE
5
C031
330
BF15
100
AcDbEntity
100
AcDbFace
8
MONTAJ_BORULARI
10
-9800
20
1350
30
4300
11
-9858.57864376269
21
1208.5786437626905
31
4300
12
-9815.224093497744
22
1273.463313526982
32
4300
13
-9815.224093497744
23
1273.463313526982
33
4300
0
3DFACE
5
C032
330
BF15
100
AcDbEntity
100
AcDbFace
8
MONTAJ_BORULARI
10
-4800
20
1350
30
0
11
-4815.224093497743
21
1426.5366864730179
31
0
12
-4815.224093497743
22
1426.5366864730179
32
4300
13
-4800
23
1350
33
4300
0
LINE
5
C033
330
BF15
100
AcDbEntity
100
AcDbLine
8
MONTAJ_BORULARI
10
-4800
20
1350
30
0
11
-4815.224093497743
21
1426.5366864730179
31
0
0
LINE
5
C034
330
BF15
100
AcDbEntity
100
AcDbLine
8
MONTAJ_BORULARI
10
-4800
20
1350
30
4300
11
-4815.224093497743
21
1426.5366864730179
31
4300
0
LINE
5
C035
330
BF15
100
AcDbEntity
100
AcDbLine
8
MONTAJ_BORULARI
10
-4800
20
1350
30
0
11
-4800
21
1350
31
4300
0
3DFACE
5
C036
330
BF15
100
AcDbEntity
100
AcDbFace
8
MONTAJ_BORULARI
10
-4815.224093497743
20
1426.5366864730179
30
0
11
-4858.57864376269
21
1491.4213562373095
31
0
12
-4858.57864376269
22
1491.4213562373095
32
4300
13
-4815.224093497743
23
1426.5366864730179
33
4300
0
LINE
5
C037
330
BF15
100
AcDbEntity
100
AcDbLine
8
MONTAJ_BORULARI
10
-4815.224093497743
20
1426.5366864730179
30
0
11
-4858.57864376269
21
1491.4213562373095
31
0
0
LINE
5
C038
330
BF15
100
AcDbEntity
100
AcDbLine
8
MONTAJ_BORULARI
10
-4815.224093497743
20
1426.5366864730179
30
4300
11
-4858.57864376269
21
1491.4213562373095
31
4300
0
3DFACE
5
C039
330
BF15
100
AcDbEntity
100
AcDbFace
8
MONTAJ_BORULARI
10
-4858.57864376269
20
1491.4213562373095
30
0
11
-4923.463313526982
21
1534.7759065022574
31
0
12
-4923.463313526982
22
1534.7759065022574
32
4300
13
-4858.57864376269
23
1491.4213562373095
33
4300
0
LINE
5
C03A
330
BF15
100
AcDbEntity
100
AcDbLine
8
MONTAJ_BORULARI
10
-4858.57864376269
20
1491.4213562373095
30
0
11
-4923.463313526982
21
1534.7759065022574
31
0
0
LINE
5
C03B
330
BF15
100
AcDbEntity
100
AcDbLine
8
MONTAJ_BORULARI
10
-4858.57864376269
20
1491.4213562373095
30
4300
11
-4923.463313526982
21
1534.7759065022574
31
4300
0
3DFACE
5
C03C
330
BF15
100
AcDbEntity
100
AcDbFace
8
MONTAJ_BORULARI
10
-4923.463313526982
20
1534.7759065022574
30
0
11
-5000
21
1550
31
0
12
-5000
22
1550
32
4300
13
-4923.463313526982
23
1534.7759065022574
33
4300
0
LINE
5
C03D
330
BF15
100
AcDbEntity
100
AcDbLine
8
MONTAJ_BORULARI
10
-4923.463313526982
20
1534.7759065022574
30
0
11
-5000
21
1550
31
0
0
LINE
5
C03E
330
BF15
100
AcDbEntity
100
AcDbLine
8
MONTAJ_BORULARI
10
-4923.463313526982
20
1534.7759065022574
30
4300
11
-5000
21
1550
31
4300
0
3DFACE
5
C03F
330
BF15
100
AcDbEntity
100
AcDbFace
8
MONTAJ_BORULARI
10
-5000
20
1550
30
0
11
-5076.536686473018
21
1534.7759065022574
31
0
12
-5076.536686473018
22
1534.7759065022574
32
4300
13
-5000
23
1550
33
4300
0
LINE
5
C040
330
BF15
100
AcDbEntity
100
AcDbLine
8
MONTAJ_BORULARI
10
-5000
20
1550
30
0
11
-5076.536686473018
21
1534.7759065022574
31
0
0
LINE
5
C041
330
BF15
100
AcDbEntity
100
AcDbLine
8
MONTAJ_BORULARI
10
-5000
20
1550
30
4300
11
-5076.536686473018
21
1534.7759065022574
31
4300
0
LINE
5
C042
330
BF15
100
AcDbEntity
100
AcDbLine
8
MONTAJ_BORULARI
10
-5000
20
1550
30
0
11
-5000
21
1550
31
4300
0
3DFACE
5
C043
330
BF15
100
AcDbEntity
100
AcDbFace
8
MONTAJ_BORULARI
10
-5076.536686473018
20
1534.7759065022574
30
0
11
-5141.42135623731
21
1491.4213562373095
31
0
12
-5141.42135623731
22
1491.4213562373095
32
4300
13
-5076.536686473018
23
1534.7759065022574
33
4300
0
LINE
5
C044
330
BF15
100
AcDbEntity
100
AcDbLine
8
MONTAJ_BORULARI
10
-5076.536686473018
20
1534.7759065022574
30
0
11
-5141.42135623731
21
1491.4213562373095
31
0
0
LINE
5
C045
330
BF15
100
AcDbEntity
100
AcDbLine
8
MONTAJ_BORULARI
10
-5076.536686473018
20
1534.7759065022574
30
4300
11
-5141.42135623731
21
1491.4213562373095
31
4300
0
3DFACE
5
C046
330
BF15
100
AcDbEntity
100
AcDbFace
8
MONTAJ_BORULARI
10
-5141.42135623731
20
1491.4213562373095
30
0
11
-5184.775906502257
21
1426.5366864730179
31
0
12
-5184.775906502257
22
1426.5366864730179
32
4300
13
-5141.42135623731
23
1491.4213562373095
33
4300
0
LINE
5
C047
330
BF15
100
AcDbEntity
100
AcDbLine
8
MONTAJ_BORULARI
10
-5141.42135623731
20
1491.4213562373095
30
0
11
-5184.775906502257
21
1426.5366864730179
31
0
0
LINE
5
C048
330
BF15
100
AcDbEntity
100
AcDbLine
8
MONTAJ_BORULARI
10
-5141.42135623731
20
1491.4213562373095
30
4300
11
-5184.775906502257
21
1426.5366864730179
31
4300
0
3DFACE
5
C049
330
BF15
100
AcDbEntity
100
AcDbFace
8
MONTAJ_BORULARI
10
-5184.775906502257
20
1426.5366864730179
30
0
11
-5200
21
1350
31
0
12
-5200
22
1350
32
4300
13
-5184.775906502257
23
1426.5366864730179
33
4300
0
LINE
5
C04A
330
BF15
100
AcDbEntity
100
AcDbLine
8
MONTAJ_BORULARI
10
-5184.775906502257
20
1426.5366864730179
30
0
11
-5200
21
1350
31
0
0
LINE
5
C04B
330
BF15
100
AcDbEntity
100
AcDbLine
8
MONTAJ_BORULARI
10
-5184.775906502257
20
1426.5366864730179
30
4300
11
-5200
21
1350
31
4300
0
3DFACE
5
C04C
330
BF15
100
AcDbEntity
100
AcDbFace
8
MONTAJ_BORULARI
10
-5200
20
1350
30
0
11
-5184.775906502257
21
1273.4633135269821
31
0
12
-5184.775906502257
22
1273.4633135269821
32
4300
13
-5200
23
1350
33
4300
0
LINE
5
C04D
330
BF15
100
AcDbEntity
100
AcDbLine
8
MONTAJ_BORULARI
10
-5200
20
1350
30
0
11
-5184.775906502257
21
1273.4633135269821
31
0
0
LINE
5
C04E
330
BF15
100
AcDbEntity
100
AcDbLine
8
MONTAJ_BORULARI
10
-5200
20
1350
30
4300
11
-5184.775906502257
21
1273.4633135269821
31
4300
0
LINE
5
C04F
330
BF15
100
AcDbEntity
100
AcDbLine
8
MONTAJ_BORULARI
10
-5200
20
1350
30
0
11
-5200
21
1350
31
4300
0
3DFACE
5
C050
330
BF15
100
AcDbEntity
100
AcDbFace
8
MONTAJ_BORULARI
10
-5184.775906502257
20
1273.4633135269821
30
0
11
-5141.42135623731
21
1208.5786437626905
31
0
12
-5141.42135623731
22
1208.5786437626905
32
4300
13
-5184.775906502257
23
1273.4633135269821
33
4300
0
LINE
5
C051
330
BF15
100
AcDbEntity
100
AcDbLine
8
MONTAJ_BORULARI
10
-5184.775906502257
20
1273.4633135269821
30
0
11
-5141.42135623731
21
1208.5786437626905
31
0
0
LINE
5
C052
330
BF15
100
AcDbEntity
100
AcDbLine
8
MONTAJ_BORULARI
10
-5184.775906502257
20
1273.4633135269821
30
4300
11
-5141.42135623731
21
1208.5786437626905
31
4300
0
3DFACE
5
C053
330
BF15
100
AcDbEntity
100
AcDbFace
8
MONTAJ_BORULARI
10
-5141.42135623731
20
1208.5786437626905
30
0
11
-5076.536686473018
21
1165.2240934977426
31
0
12
-5076.536686473018
22
1165.2240934977426
32
4300
13
-5141.42135623731
23
1208.5786437626905
33
4300
0
LINE
5
C054
330
BF15
100
AcDbEntity
100
AcDbLine
8
MONTAJ_BORULARI
10
-5141.42135623731
20
1208.5786437626905
30
0
11
-5076.536686473018
21
1165.2240934977426
31
0
0
LINE
5
C055
330
BF15
100
AcDbEntity
100
AcDbLine
8
MONTAJ_BORULARI
10
-5141.42135623731
20
1208.5786437626905
30
4300
11
-5076.536686473018
21
1165.2240934977426
31
4300
0
3DFACE
5
C056
330
BF15
100
AcDbEntity
100
AcDbFace
8
MONTAJ_BORULARI
10
-5076.536686473018
20
1165.2240934977426
30
0
11
-5000
21
1150
31
0
12
-5000
22
1150
32
4300
13
-5076.536686473018
23
1165.2240934977426
33
4300
0
LINE
5
C057
330
BF15
100
AcDbEntity
100
AcDbLine
8
MONTAJ_BORULARI
10
-5076.536686473018
20
1165.2240934977426
30
0
11
-5000
21
1150
31
0
0
LINE
5
C058
330
BF15
100
AcDbEntity
100
AcDbLine
8
MONTAJ_BORULARI
10
-5076.536686473018
20
1165.2240934977426
30
4300
11
-5000
21
1150
31
4300
0
3DFACE
5
C059
330
BF15
100
AcDbEntity
100
AcDbFace
8
MONTAJ_BORULARI
10
-5000
20
1150
30
0
11
-4923.463313526982
21
1165.2240934977426
31
0
12
-4923.463313526982
22
1165.2240934977426
32
4300
13
-5000
23
1150
33
4300
0
LINE
5
C05A
330
BF15
100
AcDbEntity
100
AcDbLine
8
MONTAJ_BORULARI
10
-5000
20
1150
30
0
11
-4923.463313526982
21
1165.2240934977426
31
0
0
LINE
5
C05B
330
BF15
100
AcDbEntity
100
AcDbLine
8
MONTAJ_BORULARI
10
-5000
20
1150
30
4300
11
-4923.463313526982
21
1165.2240934977426
31
4300
0
LINE
5
C05C
330
BF15
100
AcDbEntity
100
AcDbLine
8
MONTAJ_BORULARI
10
-5000
20
1150
30
0
11
-5000
21
1150
31
4300
0
3DFACE
5
C05D
330
BF15
100
AcDbEntity
100
AcDbFace
8
MONTAJ_BORULARI
10
-4923.463313526982
20
1165.2240934977426
30
0
11
-4858.57864376269
21
1208.5786437626905
31
0
12
-4858.57864376269
22
1208.5786437626905
32
4300
13
-4923.463313526982
23
1165.2240934977426
33
4300
0
LINE
5
C05E
330
BF15
100
AcDbEntity
100
AcDbLine
8
MONTAJ_BORULARI
10
-4923.463313526982
20
1165.2240934977426
30
0
11
-4858.57864376269
21
1208.5786437626905
31
0
0
LINE
5
C05F
330
BF15
100
AcDbEntity
100
AcDbLine
8
MONTAJ_BORULARI
10
-4923.463313526982
20
1165.2240934977426
30
4300
11
-4858.57864376269
21
1208.5786437626905
31
4300
0
3DFACE
5
C060
330
BF15
100
AcDbEntity
100
AcDbFace
8
MONTAJ_BORULARI
10
-4858.57864376269
20
1208.5786437626905
30
0
11
-4815.224093497743
21
1273.463313526982
31
0
12
-4815.224093497743
22
1273.463313526982
32
4300
13
-4858.57864376269
23
1208.5786437626905
33
4300
0
LINE
5
C061
330
BF15
100
AcDbEntity
100
AcDbLine
8
MONTAJ_BORULARI
10
-4858.57864376269
20
1208.5786437626905
30
0
11
-4815.224093497743
21
1273.463313526982
31
0
0
LINE
5
C062
330
BF15
100
AcDbEntity
100
AcDbLine
8
MONTAJ_BORULARI
10
-4858.57864376269
20
1208.5786437626905
30
4300
11
-4815.224093497743
21
1273.463313526982
31
4300
0
3DFACE
5
C063
330
BF15
100
AcDbEntity
100
AcDbFace
8
MONTAJ_BORULARI
10
-4815.224093497743
20
1273.463313526982
30
0
11
-4800
21
1350
31
0
12
-4800
22
1350
32
4300
13
-4815.224093497743
23
1273.463313526982
33
4300
0
LINE
5
C064
330
BF15
100
AcDbEntity
100
AcDbLine
8
MONTAJ_BORULARI
10
-4815.224093497743
20
1273.463313526982
30
0
11
-4800
21
1350
31
0
0
LINE
5
C065
330
BF15
100
AcDbEntity
100
AcDbLine
8
MONTAJ_BORULARI
10
-4815.224093497743
20
1273.463313526982
30
4300
11
-4800
21
1350
31
4300
0
3DFACE
5
C066
330
BF15
100
AcDbEntity
100
AcDbFace
8
MONTAJ_BORULARI
10
-4800
20
1350
30
0
11
-4815.224093497743
21
1426.5366864730179
31
0
12
-4858.57864376269
22
1491.4213562373095
32
0
13
-4858.57864376269
23
1491.4213562373095
33
0
0
3DFACE
5
C067
330
BF15
100
AcDbEntity
100
AcDbFace
8
MONTAJ_BORULARI
10
-4800
20
1350
30
4300
11
-4815.224093497743
21
1426.5366864730179
31
4300
12
-4858.57864376269
22
1491.4213562373095
32
4300
13
-4858.57864376269
23
1491.4213562373095
33
4300
0
3DFACE
5
C068
330
BF15
100
AcDbEntity
100
AcDbFace
8
MONTAJ_BORULARI
10
-4800
20
1350
30
0
11
-4858.57864376269
21
1491.4213562373095
31
0
12
-4923.463313526982
22
1534.7759065022574
32
0
13
-4923.463313526982
23
1534.7759065022574
33
0
0
3DFACE
5
C069
330
BF15
100
AcDbEntity
100
AcDbFace
8
MONTAJ_BORULARI
10
-4800
20
1350
30
4300
11
-4858.57864376269
21
1491.4213562373095
31
4300
12
-4923.463313526982
22
1534.7759065022574
32
4300
13
-4923.463313526982
23
1534.7759065022574
33
4300
0
3DFACE
5
C06A
330
BF15
100
AcDbEntity
100
AcDbFace
8
MONTAJ_BORULARI
10
-4800
20
1350
30
0
11
-4923.463313526982
21
1534.7759065022574
31
0
12
-5000
22
1550
32
0
13
-5000
23
1550
33
0
0
3DFACE
5
C06B
330
BF15
100
AcDbEntity
100
AcDbFace
8
MONTAJ_BORULARI
10
-4800
20
1350
30
4300
11
-4923.463313526982
21
1534.7759065022574
31
4300
12
-5000
22
1550
32
4300
13
-5000
23
1550
33
4300
0
3DFACE
5
C06C
330
BF15
100
AcDbEntity
100
AcDbFace
8
MONTAJ_BORULARI
10
-4800
20
1350
30
0
11
-5000
21
1550
31
0
12
-5076.536686473018
22
1534.7759065022574
32
0
13
-5076.536686473018
23
1534.7759065022574
33
0
0
3DFACE
5
C06D
330
BF15
100
AcDbEntity
100
AcDbFace
8
MONTAJ_BORULARI
10
-4800
20
1350
30
4300
11
-5000
21
1550
31
4300
12
-5076.536686473018
22
1534.7759065022574
32
4300
13
-5076.536686473018
23
1534.7759065022574
33
4300
0
3DFACE
5
C06E
330
BF15
100
AcDbEntity
100
AcDbFace
8
MONTAJ_BORULARI
10
-4800
20
1350
30
0
11
-5076.536686473018
21
1534.7759065022574
31
0
12
-5141.42135623731
22
1491.4213562373095
32
0
13
-5141.42135623731
23
1491.4213562373095
33
0
0
3DFACE
5
C06F
330
BF15
100
AcDbEntity
100
AcDbFace
8
MONTAJ_BORULARI
10
-4800
20
1350
30
4300
11
-5076.536686473018
21
1534.7759065022574
31
4300
12
-5141.42135623731
22
1491.4213562373095
32
4300
13
-5141.42135623731
23
1491.4213562373095
33
4300
0
3DFACE
5
C070
330
BF15
100
AcDbEntity
100
AcDbFace
8
MONTAJ_BORULARI
10
-4800
20
1350
30
0
11
-5141.42135623731
21
1491.4213562373095
31
0
12
-5184.775906502257
22
1426.5366864730179
32
0
13
-5184.775906502257
23
1426.5366864730179
33
0
0
3DFACE
5
C071
330
BF15
100
AcDbEntity
100
AcDbFace
8
MONTAJ_BORULARI
10
-4800
20
1350
30
4300
11
-5141.42135623731
21
1491.4213562373095
31
4300
12
-5184.775906502257
22
1426.5366864730179
32
4300
13
-5184.775906502257
23
1426.5366864730179
33
4300
0
3DFACE
5
C072
330
BF15
100
AcDbEntity
100
AcDbFace
8
MONTAJ_BORULARI
10
-4800
20
1350
30
0
11
-5184.775906502257
21
1426.5366864730179
31
0
12
-5200
22
1350
32
0
13
-5200
23
1350
33
0
0
3DFACE
5
C073
330
BF15
100
AcDbEntity
100
AcDbFace
8
MONTAJ_BORULARI
10
-4800
20
1350
30
4300
11
-5184.775906502257
21
1426.5366864730179
31
4300
12
-5200
22
1350
32
4300
13
-5200
23
1350
33
4300
0
3DFACE
5
C074
330
BF15
100
AcDbEntity
100
AcDbFace
8
MONTAJ_BORULARI
10
-4800
20
1350
30
0
11
-5200
21
1350
31
0
12
-5184.775906502257
22
1273.4633135269821
32
0
13
-5184.775906502257
23
1273.4633135269821
33
0
0
3DFACE
5
C075
330
BF15
100
AcDbEntity
100
AcDbFace
8
MONTAJ_BORULARI
10
-4800
20
1350
30
4300
11
-5200
21
1350
31
4300
12
-5184.775906502257
22
1273.4633135269821
32
4300
13
-5184.775906502257
23
1273.4633135269821
33
4300
0
3DFACE
5
C076
330
BF15
100
AcDbEntity
100
AcDbFace
8
MONTAJ_BORULARI
10
-4800
20
1350
30
0
11
-5184.775906502257
21
1273.4633135269821
31
0
12
-5141.42135623731
22
1208.5786437626905
32
0
13
-5141.42135623731
23
1208.5786437626905
33
0
0
3DFACE
5
C077
330
BF15
100
AcDbEntity
100
AcDbFace
8
MONTAJ_BORULARI
10
-4800
20
1350
30
4300
11
-5184.775906502257
21
1273.4633135269821
31
4300
12
-5141.42135623731
22
1208.5786437626905
32
4300
13
-5141.42135623731
23
1208.5786437626905
33
4300
0
3DFACE
5
C078
330
BF15
100
AcDbEntity
100
AcDbFace
8
MONTAJ_BORULARI
10
-4800
20
1350
30
0
11
-5141.42135623731
21
1208.5786437626905
31
0
12
-5076.536686473018
22
1165.2240934977426
32
0
13
-5076.536686473018
23
1165.2240934977426
33
0
0
3DFACE
5
C079
330
BF15
100
AcDbEntity
100
AcDbFace
8
MONTAJ_BORULARI
10
-4800
20
1350
30
4300
11
-5141.42135623731
21
1208.5786437626905
31
4300
12
-5076.536686473018
22
1165.2240934977426
32
4300
13
-5076.536686473018
23
1165.2240934977426
33
4300
0
3DFACE
5
C07A
330
BF15
100
AcDbEntity
100
AcDbFace
8
MONTAJ_BORULARI
10
-4800
20
1350
30
0
11
-5076.536686473018
21
1165.2240934977426
31
0
12
-5000
22
1150
32
0
13
-5000
23
1150
33
0
0
3DFACE
5
C07B
330
BF15
100
AcDbEntity
100
AcDbFace
8
MONTAJ_BORULARI
10
-4800
20
1350
30
4300
11
-5076.536686473018
21
1165.2240934977426
31
4300
12
-5000
22
1150
32
4300
13
-5000
23
1150
33
4300
0
3DFACE
5
C07C
330
BF15
100
AcDbEntity
100
AcDbFace
8
MONTAJ_BORULARI
10
-4800
20
1350
30
0
11
-5000
21
1150
31
0
12
-4923.463313526982
22
1165.2240934977426
32
0
13
-4923.463313526982
23
1165.2240934977426
33
0
0
3DFACE
5
C07D
330
BF15
100
AcDbEntity
100
AcDbFace
8
MONTAJ_BORULARI
10
-4800
20
1350
30
4300
11
-5000
21
1150
31
4300
12
-4923.463313526982
22
1165.2240934977426
32
4300
13
-4923.463313526982
23
1165.2240934977426
33
4300
0
3DFACE
5
C07E
330
BF15
100
AcDbEntity
100
AcDbFace
8
MONTAJ_BORULARI
10
-4800
20
1350
30
0
11
-4923.463313526982
21
1165.2240934977426
31
0
12
-4858.57864376269
22
1208.5786437626905
32
0
13
-4858.57864376269
23
1208.5786437626905
33
0
0
3DFACE
5
C07F
330
BF15
100
AcDbEntity
100
AcDbFace
8
MONTAJ_BORULARI
10
-4800
20
1350
30
4300
11
-4923.463313526982
21
1165.2240934977426
31
4300
12
-4858.57864376269
22
1208.5786437626905
32
4300
13
-4858.57864376269
23
1208.5786437626905
33
4300
0
3DFACE
5
C080
330
BF15
100
AcDbEntity
100
AcDbFace
8
MONTAJ_BORULARI
10
-4800
20
1350
30
0
11
-4858.57864376269
21
1208.5786437626905
31
0
12
-4815.224093497743
22
1273.463313526982
32
0
13
-4815.224093497743
23
1273.463313526982
33
0
0
3DFACE
5
C081
330
BF15
100
AcDbEntity
100
AcDbFace
8
MONTAJ_BORULARI
10
-4800
20
1350
30
4300
11
-4858.57864376269
21
1208.5786437626905
31
4300
12
-4815.224093497743
22
1273.463313526982
32
4300
13
-4815.224093497743
23
1273.463313526982
33
4300
0
3DFACE
5
C082
330
BF15
100
AcDbEntity
100
AcDbFace
8
MONTAJ_BORULARI
10
200
20
1350
30
0
11
184.77590650225736
21
1426.5366864730179
31
0
12
184.77590650225736
22
1426.5366864730179
32
4300
13
200
23
1350
33
4300
0
LINE
5
C083
330
BF15
100
AcDbEntity
100
AcDbLine
8
MONTAJ_BORULARI
10
200
20
1350
30
0
11
184.77590650225736
21
1426.5366864730179
31
0
0
LINE
5
C084
330
BF15
100
AcDbEntity
100
AcDbLine
8
MONTAJ_BORULARI
10
200
20
1350
30
4300
11
184.77590650225736
21
1426.5366864730179
31
4300
0
LINE
5
C085
330
BF15
100
AcDbEntity
100
AcDbLine
8
MONTAJ_BORULARI
10
200
20
1350
30
0
11
200
21
1350
31
4300
0
3DFACE
5
C086
330
BF15
100
AcDbEntity
100
AcDbFace
8
MONTAJ_BORULARI
10
184.77590650225736
20
1426.5366864730179
30
0
11
141.4213562373095
21
1491.4213562373095
31
0
12
141.4213562373095
22
1491.4213562373095
32
4300
13
184.77590650225736
23
1426.5366864730179
33
4300
0
LINE
5
C087
330
BF15
100
AcDbEntity
100
AcDbLine
8
MONTAJ_BORULARI
10
184.77590650225736
20
1426.5366864730179
30
0
11
141.4213562373095
21
1491.4213562373095
31
0
0
LINE
5
C088
330
BF15
100
AcDbEntity
100
AcDbLine
8
MONTAJ_BORULARI
10
184.77590650225736
20
1426.5366864730179
30
4300
11
141.4213562373095
21
1491.4213562373095
31
4300
0
3DFACE
5
C089
330
BF15
100
AcDbEntity
100
AcDbFace
8
MONTAJ_BORULARI
10
141.4213562373095
20
1491.4213562373095
30
0
11
76.53668647301797
21
1534.7759065022574
31
0
12
76.53668647301797
22
1534.7759065022574
32
4300
13
141.4213562373095
23
1491.4213562373095
33
4300
0
LINE
5
C08A
330
BF15
100
AcDbEntity
100
AcDbLine
8
MONTAJ_BORULARI
10
141.4213562373095
20
1491.4213562373095
30
0
11
76.53668647301797
21
1534.7759065022574
31
0
0
LINE
5
C08B
330
BF15
100
AcDbEntity
100
AcDbLine
8
MONTAJ_BORULARI
10
141.4213562373095
20
1491.4213562373095
30
4300
11
76.53668647301797
21
1534.7759065022574
31
4300
0
3DFACE
5
C08C
330
BF15
100
AcDbEntity
100
AcDbFace
8
MONTAJ_BORULARI
10
76.53668647301797
20
1534.7759065022574
30
0
11
1.2246467991473532e-14
21
1550
31
0
12
1.2246467991473532e-14
22
1550
32
4300
13
76.53668647301797
23
1534.7759065022574
33
4300
0
LINE
5
C08D
330
BF15
100
AcDbEntity
100
AcDbLine
8
MONTAJ_BORULARI
10
76.53668647301797
20
1534.7759065022574
30
0
11
1.2246467991473532e-14
21
1550
31
0
0
LINE
5
C08E
330
BF15
100
AcDbEntity
100
AcDbLine
8
MONTAJ_BORULARI
10
76.53668647301797
20
1534.7759065022574
30
4300
11
1.2246467991473532e-14
21
1550
31
4300
0
3DFACE
5
C08F
330
BF15
100
AcDbEntity
100
AcDbFace
8
MONTAJ_BORULARI
10
1.2246467991473532e-14
20
1550
30
0
11
-76.53668647301795
21
1534.7759065022574
31
0
12
-76.53668647301795
22
1534.7759065022574
32
4300
13
1.2246467991473532e-14
23
1550
33
4300
0
LINE
5
C090
330
BF15
100
AcDbEntity
100
AcDbLine
8
MONTAJ_BORULARI
10
1.2246467991473532e-14
20
1550
30
0
11
-76.53668647301795
21
1534.7759065022574
31
0
0
LINE
5
C091
330
BF15
100
AcDbEntity
100
AcDbLine
8
MONTAJ_BORULARI
10
1.2246467991473532e-14
20
1550
30
4300
11
-76.53668647301795
21
1534.7759065022574
31
4300
0
LINE
5
C092
330
BF15
100
AcDbEntity
100
AcDbLine
8
MONTAJ_BORULARI
10
1.2246467991473532e-14
20
1550
30
0
11
1.2246467991473532e-14
21
1550
31
4300
0
3DFACE
5
C093
330
BF15
100
AcDbEntity
100
AcDbFace
8
MONTAJ_BORULARI
10
-76.53668647301795
20
1534.7759065022574
30
0
11
-141.42135623730948
21
1491.4213562373095
31
0
12
-141.42135623730948
22
1491.4213562373095
32
4300
13
-76.53668647301795
23
1534.7759065022574
33
4300
0
LINE
5
C094
330
BF15
100
AcDbEntity
100
AcDbLine
8
MONTAJ_BORULARI
10
-76.53668647301795
20
1534.7759065022574
30
0
11
-141.42135623730948
21
1491.4213562373095
31
0
0
LINE
5
C095
330
BF15
100
AcDbEntity
100
AcDbLine
8
MONTAJ_BORULARI
10
-76.53668647301795
20
1534.7759065022574
30
4300
11
-141.42135623730948
21
1491.4213562373095
31
4300
0
3DFACE
5
C096
330
BF15
100
AcDbEntity
100
AcDbFace
8
MONTAJ_BORULARI
10
-141.42135623730948
20
1491.4213562373095
30
0
11
-184.77590650225736
21
1426.5366864730179
31
0
12
-184.77590650225736
22
1426.5366864730179
32
4300
13
-141.42135623730948
23
1491.4213562373095
33
4300
0
LINE
5
C097
330
BF15
100
AcDbEntity
100
AcDbLine
8
MONTAJ_BORULARI
10
-141.42135623730948
20
1491.4213562373095
30
0
11
-184.77590650225736
21
1426.5366864730179
31
0
0
LINE
5
C098
330
BF15
100
AcDbEntity
100
AcDbLine
8
MONTAJ_BORULARI
10
-141.42135623730948
20
1491.4213562373095
30
4300
11
-184.77590650225736
21
1426.5366864730179
31
4300
0
3DFACE
5
C099
330
BF15
100
AcDbEntity
100
AcDbFace
8
MONTAJ_BORULARI
10
-184.77590650225736
20
1426.5366864730179
30
0
11
-200
21
1350
31
0
12
-200
22
1350
32
4300
13
-184.77590650225736
23
1426.5366864730179
33
4300
0
LINE
5
C09A
330
BF15
100
AcDbEntity
100
AcDbLine
8
MONTAJ_BORULARI
10
-184.77590650225736
20
1426.5366864730179
30
0
11
-200
21
1350
31
0
0
LINE
5
C09B
330
BF15
100
AcDbEntity
100
AcDbLine
8
MONTAJ_BORULARI
10
-184.77590650225736
20
1426.5366864730179
30
4300
11
-200
21
1350
31
4300
0
3DFACE
5
C09C
330
BF15
100
AcDbEntity
100
AcDbFace
8
MONTAJ_BORULARI
10
-200
20
1350
30
0
11
-184.77590650225736
21
1273.4633135269821
31
0
12
-184.77590650225736
22
1273.4633135269821
32
4300
13
-200
23
1350
33
4300
0
LINE
5
C09D
330
BF15
100
AcDbEntity
100
AcDbLine
8
MONTAJ_BORULARI
10
-200
20
1350
30
0
11
-184.77590650225736
21
1273.4633135269821
31
0
0
LINE
5
C09E
330
BF15
100
AcDbEntity
100
AcDbLine
8
MONTAJ_BORULARI
10
-200
20
1350
30
4300
11
-184.77590650225736
21
1273.4633135269821
31
4300
0
LINE
5
C09F
330
BF15
100
AcDbEntity
100
AcDbLine
8
MONTAJ_BORULARI
10
-200
20
1350
30
0
11
-200
21
1350
31
4300
0
3DFACE
5
C0A0
330
BF15
100
AcDbEntity
100
AcDbFace
8
MONTAJ_BORULARI
10
-184.77590650225736
20
1273.4633135269821
30
0
11
-141.42135623730954
21
1208.5786437626905
31
0
12
-141.42135623730954
22
1208.5786437626905
32
4300
13
-184.77590650225736
23
1273.4633135269821
33
4300
0
LINE
5
C0A1
330
BF15
100
AcDbEntity
100
AcDbLine
8
MONTAJ_BORULARI
10
-184.77590650225736
20
1273.4633135269821
30
0
11
-141.42135623730954
21
1208.5786437626905
31
0
0
LINE
5
C0A2
330
BF15
100
AcDbEntity
100
AcDbLine
8
MONTAJ_BORULARI
10
-184.77590650225736
20
1273.4633135269821
30
4300
11
-141.42135623730954
21
1208.5786437626905
31
4300
0
3DFACE
5
C0A3
330
BF15
100
AcDbEntity
100
AcDbFace
8
MONTAJ_BORULARI
10
-141.42135623730954
20
1208.5786437626905
30
0
11
-76.53668647301807
21
1165.2240934977426
31
0
12
-76.53668647301807
22
1165.2240934977426
32
4300
13
-141.42135623730954
23
1208.5786437626905
33
4300
0
LINE
5
C0A4
330
BF15
100
AcDbEntity
100
AcDbLine
8
MONTAJ_BORULARI
10
-141.42135623730954
20
1208.5786437626905
30
0
11
-76.53668647301807
21
1165.2240934977426
31
0
0
LINE
5
C0A5
330
BF15
100
AcDbEntity
100
AcDbLine
8
MONTAJ_BORULARI
10
-141.42135623730954
20
1208.5786437626905
30
4300
11
-76.53668647301807
21
1165.2240934977426
31
4300
0
3DFACE
5
C0A6
330
BF15
100
AcDbEntity
100
AcDbFace
8
MONTAJ_BORULARI
10
-76.53668647301807
20
1165.2240934977426
30
0
11
-3.6739403974420595e-14
21
1150
31
0
12
-3.6739403974420595e-14
22
1150
32
4300
13
-76.53668647301807
23
1165.2240934977426
33
4300
0
LINE
5
C0A7
330
BF15
100
AcDbEntity
100
AcDbLine
8
MONTAJ_BORULARI
10
-76.53668647301807
20
1165.2240934977426
30
0
11
-3.6739403974420595e-14
21
1150
31
0
0
LINE
5
C0A8
330
BF15
100
AcDbEntity
100
AcDbLine
8
MONTAJ_BORULARI
10
-76.53668647301807
20
1165.2240934977426
30
4300
11
-3.6739403974420595e-14
21
1150
31
4300
0
3DFACE
5
C0A9
330
BF15
100
AcDbEntity
100
AcDbFace
8
MONTAJ_BORULARI
10
-3.6739403974420595e-14
20
1150
30
0
11
76.536686473018
21
1165.2240934977426
31
0
12
76.536686473018
22
1165.2240934977426
32
4300
13
-3.6739403974420595e-14
23
1150
33
4300
0
LINE
5
C0AA
330
BF15
100
AcDbEntity
100
AcDbLine
8
MONTAJ_BORULARI
10
-3.6739403974420595e-14
20
1150
30
0
11
76.536686473018
21
1165.2240934977426
31
0
0
LINE
5
C0AB
330
BF15
100
AcDbEntity
100
AcDbLine
8
MONTAJ_BORULARI
10
-3.6739403974420595e-14
20
1150
30
4300
11
76.536686473018
21
1165.2240934977426
31
4300
0
LINE
5
C0AC
330
BF15
100
AcDbEntity
100
AcDbLine
8
MONTAJ_BORULARI
10
-3.6739403974420595e-14
20
1150
30
0
11
-3.6739403974420595e-14
21
1150
31
4300
0
3DFACE
5
C0AD
330
BF15
100
AcDbEntity
100
AcDbFace
8
MONTAJ_BORULARI
10
76.536686473018
20
1165.2240934977426
30
0
11
141.42135623730948
21
1208.5786437626905
31
0
12
141.42135623730948
22
1208.5786437626905
32
4300
13
76.536686473018
23
1165.2240934977426
33
4300
0
LINE
5
C0AE
330
BF15
100
AcDbEntity
100
AcDbLine
8
MONTAJ_BORULARI
10
76.536686473018
20
1165.2240934977426
30
0
11
141.42135623730948
21
1208.5786437626905
31
0
0
LINE
5
C0AF
330
BF15
100
AcDbEntity
100
AcDbLine
8
MONTAJ_BORULARI
10
76.536686473018
20
1165.2240934977426
30
4300
11
141.42135623730948
21
1208.5786437626905
31
4300
0
3DFACE
5
C0B0
330
BF15
100
AcDbEntity
100
AcDbFace
8
MONTAJ_BORULARI
10
141.42135623730948
20
1208.5786437626905
30
0
11
184.7759065022573
21
1273.463313526982
31
0
12
184.7759065022573
22
1273.463313526982
32
4300
13
141.42135623730948
23
1208.5786437626905
33
4300
0
LINE
5
C0B1
330
BF15
100
AcDbEntity
100
AcDbLine
8
MONTAJ_BORULARI
10
141.42135623730948
20
1208.5786437626905
30
0
11
184.7759065022573
21
1273.463313526982
31
0
0
LINE
5
C0B2
330
BF15
100
AcDbEntity
100
AcDbLine
8
MONTAJ_BORULARI
10
141.42135623730948
20
1208.5786437626905
30
4300
11
184.7759065022573
21
1273.463313526982
31
4300
0
3DFACE
5
C0B3
330
BF15
100
AcDbEntity
100
AcDbFace
8
MONTAJ_BORULARI
10
184.7759065022573
20
1273.463313526982
30
0
11
200
21
1350
31
0
12
200
22
1350
32
4300
13
184.7759065022573
23
1273.463313526982
33
4300
0
LINE
5
C0B4
330
BF15
100
AcDbEntity
100
AcDbLine
8
MONTAJ_BORULARI
10
184.7759065022573
20
1273.463313526982
30
0
11
200
21
1350
31
0
0
LINE
5
C0B5
330
BF15
100
AcDbEntity
100
AcDbLine
8
MONTAJ_BORULARI
10
184.7759065022573
20
1273.463313526982
30
4300
11
200
21
1350
31
4300
0
3DFACE
5
C0B6
330
BF15
100
AcDbEntity
100
AcDbFace
8
MONTAJ_BORULARI
10
200
20
1350
30
0
11
184.77590650225736
21
1426.5366864730179
31
0
12
141.4213562373095
22
1491.4213562373095
32
0
13
141.4213562373095
23
1491.4213562373095
33
0
0
3DFACE
5
C0B7
330
BF15
100
AcDbEntity
100
AcDbFace
8
MONTAJ_BORULARI
10
200
20
1350
30
4300
11
184.77590650225736
21
1426.5366864730179
31
4300
12
141.4213562373095
22
1491.4213562373095
32
4300
13
141.4213562373095
23
1491.4213562373095
33
4300
0
3DFACE
5
C0B8
330
BF15
100
AcDbEntity
100
AcDbFace
8
MONTAJ_BORULARI
10
200
20
1350
30
0
11
141.4213562373095
21
1491.4213562373095
31
0
12
76.53668647301797
22
1534.7759065022574
32
0
13
76.53668647301797
23
1534.7759065022574
33
0
0
3DFACE
5
C0B9
330
BF15
100
AcDbEntity
100
AcDbFace
8
MONTAJ_BORULARI
10
200
20
1350
30
4300
11
141.4213562373095
21
1491.4213562373095
31
4300
12
76.53668647301797
22
1534.7759065022574
32
4300
13
76.53668647301797
23
1534.7759065022574
33
4300
0
3DFACE
5
C0BA
330
BF15
100
AcDbEntity
100
AcDbFace
8
MONTAJ_BORULARI
10
200
20
1350
30
0
11
76.53668647301797
21
1534.7759065022574
31
0
12
1.2246467991473532e-14
22
1550
32
0
13
1.2246467991473532e-14
23
1550
33
0
0
3DFACE
5
C0BB
330
BF15
100
AcDbEntity
100
AcDbFace
8
MONTAJ_BORULARI
10
200
20
1350
30
4300
11
76.53668647301797
21
1534.7759065022574
31
4300
12
1.2246467991473532e-14
22
1550
32
4300
13
1.2246467991473532e-14
23
1550
33
4300
0
3DFACE
5
C0BC
330
BF15
100
AcDbEntity
100
AcDbFace
8
MONTAJ_BORULARI
10
200
20
1350
30
0
11
1.2246467991473532e-14
21
1550
31
0
12
-76.53668647301795
22
1534.7759065022574
32
0
13
-76.53668647301795
23
1534.7759065022574
33
0
0
3DFACE
5
C0BD
330
BF15
100
AcDbEntity
100
AcDbFace
8
MONTAJ_BORULARI
10
200
20
1350
30
4300
11
1.2246467991473532e-14
21
1550
31
4300
12
-76.53668647301795
22
1534.7759065022574
32
4300
13
-76.53668647301795
23
1534.7759065022574
33
4300
0
3DFACE
5
C0BE
330
BF15
100
AcDbEntity
100
AcDbFace
8
MONTAJ_BORULARI
10
200
20
1350
30
0
11
-76.53668647301795
21
1534.7759065022574
31
0
12
-141.42135623730948
22
1491.4213562373095
32
0
13
-141.42135623730948
23
1491.4213562373095
33
0
0
3DFACE
5
C0BF
330
BF15
100
AcDbEntity
100
AcDbFace
8
MONTAJ_BORULARI
10
200
20
1350
30
4300
11
-76.53668647301795
21
1534.7759065022574
31
4300
12
-141.42135623730948
22
1491.4213562373095
32
4300
13
-141.42135623730948
23
1491.4213562373095
33
4300
0
3DFACE
5
C0C0
330
BF15
100
AcDbEntity
100
AcDbFace
8
MONTAJ_BORULARI
10
200
20
1350
30
0
11
-141.42135623730948
21
1491.4213562373095
31
0
12
-184.77590650225736
22
1426.5366864730179
32
0
13
-184.77590650225736
23
1426.5366864730179
33
0
0
3DFACE
5
C0C1
330
BF15
100
AcDbEntity
100
AcDbFace
8
MONTAJ_BORULARI
10
200
20
1350
30
4300
11
-141.42135623730948
21
1491.4213562373095
31
4300
12
-184.77590650225736
22
1426.5366864730179
32
4300
13
-184.77590650225736
23
1426.5366864730179
33
4300
0
3DFACE
5
C0C2
330
BF15
100
AcDbEntity
100
AcDbFace
8
MONTAJ_BORULARI
10
200
20
1350
30
0
11
-184.77590650225736
21
1426.5366864730179
31
0
12
-200
22
1350
32
0
13
-200
23
1350
33
0
0
3DFACE
5
C0C3
330
BF15
100
AcDbEntity
100
AcDbFace
8
MONTAJ_BORULARI
10
200
20
1350
30
4300
11
-184.77590650225736
21
1426.5366864730179
31
4300
12
-200
22
1350
32
4300
13
-200
23
1350
33
4300
0
3DFACE
5
C0C4
330
BF15
100
AcDbEntity
100
AcDbFace
8
MONTAJ_BORULARI
10
200
20
1350
30
0
11
-200
21
1350
31
0
12
-184.77590650225736
22
1273.4633135269821
32
0
13
-184.77590650225736
23
1273.4633135269821
33
0
0
3DFACE
5
C0C5
330
BF15
100
AcDbEntity
100
AcDbFace
8
MONTAJ_BORULARI
10
200
20
1350
30
4300
11
-200
21
1350
31
4300
12
-184.77590650225736
22
1273.4633135269821
32
4300
13
-184.77590650225736
23
1273.4633135269821
33
4300
0
3DFACE
5
C0C6
330
BF15
100
AcDbEntity
100
AcDbFace
8
MONTAJ_BORULARI
10
200
20
1350
30
0
11
-184.77590650225736
21
1273.4633135269821
31
0
12
-141.42135623730954
22
1208.5786437626905
32
0
13
-141.42135623730954
23
1208.5786437626905
33
0
0
3DFACE
5
C0C7
330
BF15
100
AcDbEntity
100
AcDbFace
8
MONTAJ_BORULARI
10
200
20
1350
30
4300
11
-184.77590650225736
21
1273.4633135269821
31
4300
12
-141.42135623730954
22
1208.5786437626905
32
4300
13
-141.42135623730954
23
1208.5786437626905
33
4300
0
3DFACE
5
C0C8
330
BF15
100
AcDbEntity
100
AcDbFace
8
MONTAJ_BORULARI
10
200
20
1350
30
0
11
-141.42135623730954
21
1208.5786437626905
31
0
12
-76.53668647301807
22
1165.2240934977426
32
0
13
-76.53668647301807
23
1165.2240934977426
33
0
0
3DFACE
5
C0C9
330
BF15
100
AcDbEntity
100
AcDbFace
8
MONTAJ_BORULARI
10
200
20
1350
30
4300
11
-141.42135623730954
21
1208.5786437626905
31
4300
12
-76.53668647301807
22
1165.2240934977426
32
4300
13
-76.53668647301807
23
1165.2240934977426
33
4300
0
3DFACE
5
C0CA
330
BF15
100
AcDbEntity
100
AcDbFace
8
MONTAJ_BORULARI
10
200
20
1350
30
0
11
-76.53668647301807
21
1165.2240934977426
31
0
12
-3.6739403974420595e-14
22
1150
32
0
13
-3.6739403974420595e-14
23
1150
33
0
0
3DFACE
5
C0CB
330
BF15
100
AcDbEntity
100
AcDbFace
8
MONTAJ_BORULARI
10
200
20
1350
30
4300
11
-76.53668647301807
21
1165.2240934977426
31
4300
12
-3.6739403974420595e-14
22
1150
32
4300
13
-3.6739403974420595e-14
23
1150
33
4300
0
3DFACE
5
C0CC
330
BF15
100
AcDbEntity
100
AcDbFace
8
MONTAJ_BORULARI
10
200
20
1350
30
0
11
-3.6739403974420595e-14
21
1150
31
0
12
76.536686473018
22
1165.2240934977426
32
0
13
76.536686473018
23
1165.2240934977426
33
0
0
3DFACE
5
C0CD
330
BF15
100
AcDbEntity
100
AcDbFace
8
MONTAJ_BORULARI
10
200
20
1350
30
4300
11
-3.6739403974420595e-14
21
1150
31
4300
12
76.536686473018
22
1165.2240934977426
32
4300
13
76.536686473018
23
1165.2240934977426
33
4300
0
3DFACE
5
C0CE
330
BF15
100
AcDbEntity
100
AcDbFace
8
MONTAJ_BORULARI
10
200
20
1350
30
0
11
76.536686473018
21
1165.2240934977426
31
0
12
141.42135623730948
22
1208.5786437626905
32
0
13
141.42135623730948
23
1208.5786437626905
33
0
0
3DFACE
5
C0CF
330
BF15
100
AcDbEntity
100
AcDbFace
8
MONTAJ_BORULARI
10
200
20
1350
30
4300
11
76.536686473018
21
1165.2240934977426
31
4300
12
141.42135623730948
22
1208.5786437626905
32
4300
13
141.42135623730948
23
1208.5786437626905
33
4300
0
3DFACE
5
C0D0
330
BF15
100
AcDbEntity
100
AcDbFace
8
MONTAJ_BORULARI
10
200
20
1350
30
0
11
141.42135623730948
21
1208.5786437626905
31
0
12
184.7759065022573
22
1273.463313526982
32
0
13
184.7759065022573
23
1273.463313526982
33
0
0
3DFACE
5
C0D1
330
BF15
100
AcDbEntity
100
AcDbFace
8
MONTAJ_BORULARI
10
200
20
1350
30
4300
11
141.42135623730948
21
1208.5786437626905
31
4300
12
184.7759065022573
22
1273.463313526982
32
4300
13
184.7759065022573
23
1273.463313526982
33
4300
0
3DFACE
5
C0D2
330
BF15
100
AcDbEntity
100
AcDbFace
8
MONTAJ_BORULARI
10
5200
20
1350
30
0
11
5184.775906502257
21
1426.5366864730179
31
0
12
5184.775906502257
22
1426.5366864730179
32
4300
13
5200
23
1350
33
4300
0
LINE
5
C0D3
330
BF15
100
AcDbEntity
100
AcDbLine
8
MONTAJ_BORULARI
10
5200
20
1350
30
0
11
5184.775906502257
21
1426.5366864730179
31
0
0
LINE
5
C0D4
330
BF15
100
AcDbEntity
100
AcDbLine
8
MONTAJ_BORULARI
10
5200
20
1350
30
4300
11
5184.775906502257
21
1426.5366864730179
31
4300
0
LINE
5
C0D5
330
BF15
100
AcDbEntity
100
AcDbLine
8
MONTAJ_BORULARI
10
5200
20
1350
30
0
11
5200
21
1350
31
4300
0
3DFACE
5
C0D6
330
BF15
100
AcDbEntity
100
AcDbFace
8
MONTAJ_BORULARI
10
5184.775906502257
20
1426.5366864730179
30
0
11
5141.42135623731
21
1491.4213562373095
31
0
12
5141.42135623731
22
1491.4213562373095
32
4300
13
5184.775906502257
23
1426.5366864730179
33
4300
0
LINE
5
C0D7
330
BF15
100
AcDbEntity
100
AcDbLine
8
MONTAJ_BORULARI
10
5184.775906502257
20
1426.5366864730179
30
0
11
5141.42135623731
21
1491.4213562373095
31
0
0
LINE
5
C0D8
330
BF15
100
AcDbEntity
100
AcDbLine
8
MONTAJ_BORULARI
10
5184.775906502257
20
1426.5366864730179
30
4300
11
5141.42135623731
21
1491.4213562373095
31
4300
0
3DFACE
5
C0D9
330
BF15
100
AcDbEntity
100
AcDbFace
8
MONTAJ_BORULARI
10
5141.42135623731
20
1491.4213562373095
30
0
11
5076.536686473018
21
1534.7759065022574
31
0
12
5076.536686473018
22
1534.7759065022574
32
4300
13
5141.42135623731
23
1491.4213562373095
33
4300
0
LINE
5
C0DA
330
BF15
100
AcDbEntity
100
AcDbLine
8
MONTAJ_BORULARI
10
5141.42135623731
20
1491.4213562373095
30
0
11
5076.536686473018
21
1534.7759065022574
31
0
0
LINE
5
C0DB
330
BF15
100
AcDbEntity
100
AcDbLine
8
MONTAJ_BORULARI
10
5141.42135623731
20
1491.4213562373095
30
4300
11
5076.536686473018
21
1534.7759065022574
31
4300
0
3DFACE
5
C0DC
330
BF15
100
AcDbEntity
100
AcDbFace
8
MONTAJ_BORULARI
10
5076.536686473018
20
1534.7759065022574
30
0
11
5000
21
1550
31
0
12
5000
22
1550
32
4300
13
5076.536686473018
23
1534.7759065022574
33
4300
0
LINE
5
C0DD
330
BF15
100
AcDbEntity
100
AcDbLine
8
MONTAJ_BORULARI
10
5076.536686473018
20
1534.7759065022574
30
0
11
5000
21
1550
31
0
0
LINE
5
C0DE
330
BF15
100
AcDbEntity
100
AcDbLine
8
MONTAJ_BORULARI
10
5076.536686473018
20
1534.7759065022574
30
4300
11
5000
21
1550
31
4300
0
3DFACE
5
C0DF
330
BF15
100
AcDbEntity
100
AcDbFace
8
MONTAJ_BORULARI
10
5000
20
1550
30
0
11
4923.463313526982
21
1534.7759065022574
31
0
12
4923.463313526982
22
1534.7759065022574
32
4300
13
5000
23
1550
33
4300
0
LINE
5
C0E0
330
BF15
100
AcDbEntity
100
AcDbLine
8
MONTAJ_BORULARI
10
5000
20
1550
30
0
11
4923.463313526982
21
1534.7759065022574
31
0
0
LINE
5
C0E1
330
BF15
100
AcDbEntity
100
AcDbLine
8
MONTAJ_BORULARI
10
5000
20
1550
30
4300
11
4923.463313526982
21
1534.7759065022574
31
4300
0
LINE
5
C0E2
330
BF15
100
AcDbEntity
100
AcDbLine
8
MONTAJ_BORULARI
10
5000
20
1550
30
0
11
5000
21
1550
31
4300
0
3DFACE
5
C0E3
330
BF15
100
AcDbEntity
100
AcDbFace
8
MONTAJ_BORULARI
10
4923.463313526982
20
1534.7759065022574
30
0
11
4858.57864376269
21
1491.4213562373095
31
0
12
4858.57864376269
22
1491.4213562373095
32
4300
13
4923.463313526982
23
1534.7759065022574
33
4300
0
LINE
5
C0E4
330
BF15
100
AcDbEntity
100
AcDbLine
8
MONTAJ_BORULARI
10
4923.463313526982
20
1534.7759065022574
30
0
11
4858.57864376269
21
1491.4213562373095
31
0
0
LINE
5
C0E5
330
BF15
100
AcDbEntity
100
AcDbLine
8
MONTAJ_BORULARI
10
4923.463313526982
20
1534.7759065022574
30
4300
11
4858.57864376269
21
1491.4213562373095
31
4300
0
3DFACE
5
C0E6
330
BF15
100
AcDbEntity
100
AcDbFace
8
MONTAJ_BORULARI
10
4858.57864376269
20
1491.4213562373095
30
0
11
4815.224093497743
21
1426.5366864730179
31
0
12
4815.224093497743
22
1426.5366864730179
32
4300
13
4858.57864376269
23
1491.4213562373095
33
4300
0
LINE
5
C0E7
330
BF15
100
AcDbEntity
100
AcDbLine
8
MONTAJ_BORULARI
10
4858.57864376269
20
1491.4213562373095
30
0
11
4815.224093497743
21
1426.5366864730179
31
0
0
LINE
5
C0E8
330
BF15
100
AcDbEntity
100
AcDbLine
8
MONTAJ_BORULARI
10
4858.57864376269
20
1491.4213562373095
30
4300
11
4815.224093497743
21
1426.5366864730179
31
4300
0
3DFACE
5
C0E9
330
BF15
100
AcDbEntity
100
AcDbFace
8
MONTAJ_BORULARI
10
4815.224093497743
20
1426.5366864730179
30
0
11
4800
21
1350
31
0
12
4800
22
1350
32
4300
13
4815.224093497743
23
1426.5366864730179
33
4300
0
LINE
5
C0EA
330
BF15
100
AcDbEntity
100
AcDbLine
8
MONTAJ_BORULARI
10
4815.224093497743
20
1426.5366864730179
30
0
11
4800
21
1350
31
0
0
LINE
5
C0EB
330
BF15
100
AcDbEntity
100
AcDbLine
8
MONTAJ_BORULARI
10
4815.224093497743
20
1426.5366864730179
30
4300
11
4800
21
1350
31
4300
0
3DFACE
5
C0EC
330
BF15
100
AcDbEntity
100
AcDbFace
8
MONTAJ_BORULARI
10
4800
20
1350
30
0
11
4815.224093497743
21
1273.4633135269821
31
0
12
4815.224093497743
22
1273.4633135269821
32
4300
13
4800
23
1350
33
4300
0
LINE
5
C0ED
330
BF15
100
AcDbEntity
100
AcDbLine
8
MONTAJ_BORULARI
10
4800
20
1350
30
0
11
4815.224093497743
21
1273.4633135269821
31
0
0
LINE
5
C0EE
330
BF15
100
AcDbEntity
100
AcDbLine
8
MONTAJ_BORULARI
10
4800
20
1350
30
4300
11
4815.224093497743
21
1273.4633135269821
31
4300
0
LINE
5
C0EF
330
BF15
100
AcDbEntity
100
AcDbLine
8
MONTAJ_BORULARI
10
4800
20
1350
30
0
11
4800
21
1350
31
4300
0
3DFACE
5
C0F0
330
BF15
100
AcDbEntity
100
AcDbFace
8
MONTAJ_BORULARI
10
4815.224093497743
20
1273.4633135269821
30
0
11
4858.57864376269
21
1208.5786437626905
31
0
12
4858.57864376269
22
1208.5786437626905
32
4300
13
4815.224093497743
23
1273.4633135269821
33
4300
0
LINE
5
C0F1
330
BF15
100
AcDbEntity
100
AcDbLine
8
MONTAJ_BORULARI
10
4815.224093497743
20
1273.4633135269821
30
0
11
4858.57864376269
21
1208.5786437626905
31
0
0
LINE
5
C0F2
330
BF15
100
AcDbEntity
100
AcDbLine
8
MONTAJ_BORULARI
10
4815.224093497743
20
1273.4633135269821
30
4300
11
4858.57864376269
21
1208.5786437626905
31
4300
0
3DFACE
5
C0F3
330
BF15
100
AcDbEntity
100
AcDbFace
8
MONTAJ_BORULARI
10
4858.57864376269
20
1208.5786437626905
30
0
11
4923.463313526982
21
1165.2240934977426
31
0
12
4923.463313526982
22
1165.2240934977426
32
4300
13
4858.57864376269
23
1208.5786437626905
33
4300
0
LINE
5
C0F4
330
BF15
100
AcDbEntity
100
AcDbLine
8
MONTAJ_BORULARI
10
4858.57864376269
20
1208.5786437626905
30
0
11
4923.463313526982
21
1165.2240934977426
31
0
0
LINE
5
C0F5
330
BF15
100
AcDbEntity
100
AcDbLine
8
MONTAJ_BORULARI
10
4858.57864376269
20
1208.5786437626905
30
4300
11
4923.463313526982
21
1165.2240934977426
31
4300
0
3DFACE
5
C0F6
330
BF15
100
AcDbEntity
100
AcDbFace
8
MONTAJ_BORULARI
10
4923.463313526982
20
1165.2240934977426
30
0
11
5000
21
1150
31
0
12
5000
22
1150
32
4300
13
4923.463313526982
23
1165.2240934977426
33
4300
0
LINE
5
C0F7
330
BF15
100
AcDbEntity
100
AcDbLine
8
MONTAJ_BORULARI
10
4923.463313526982
20
1165.2240934977426
30
0
11
5000
21
1150
31
0
0
LINE
5
C0F8
330
BF15
100
AcDbEntity
100
AcDbLine
8
MONTAJ_BORULARI
10
4923.463313526982
20
1165.2240934977426
30
4300
11
5000
21
1150
31
4300
0
3DFACE
5
C0F9
330
BF15
100
AcDbEntity
100
AcDbFace
8
MONTAJ_BORULARI
10
5000
20
1150
30
0
11
5076.536686473018
21
1165.2240934977426
31
0
12
5076.536686473018
22
1165.2240934977426
32
4300
13
5000
23
1150
33
4300
0
LINE
5
C0FA
330
BF15
100
AcDbEntity
100
AcDbLine
8
MONTAJ_BORULARI
10
5000
20
1150
30
0
11
5076.536686473018
21
1165.2240934977426
31
0
0
LINE
5
C0FB
330
BF15
100
AcDbEntity
100
AcDbLine
8
MONTAJ_BORULARI
10
5000
20
1150
30
4300
11
5076.536686473018
21
1165.2240934977426
31
4300
0
LINE
5
C0FC
330
BF15
100
AcDbEntity
100
AcDbLine
8
MONTAJ_BORULARI
10
5000
20
1150
30
0
11
5000
21
1150
31
4300
0
3DFACE
5
C0FD
330
BF15
100
AcDbEntity
100
AcDbFace
8
MONTAJ_BORULARI
10
5076.536686473018
20
1165.2240934977426
30
0
11
5141.42135623731
21
1208.5786437626905
31
0
12
5141.42135623731
22
1208.5786437626905
32
4300
13
5076.536686473018
23
1165.2240934977426
33
4300
0
LINE
5
C0FE
330
BF15
100
AcDbEntity
100
AcDbLine
8
MONTAJ_BORULARI
10
5076.536686473018
20
1165.2240934977426
30
0
11
5141.42135623731
21
1208.5786437626905
31
0
0
LINE
5
C0FF
330
BF15
100
AcDbEntity
100
AcDbLine
8
MONTAJ_BORULARI
10
5076.536686473018
20
1165.2240934977426
30
4300
11
5141.42135623731
21
1208.5786437626905
31
4300
0
3DFACE
5
C100
330
BF15
100
AcDbEntity
100
AcDbFace
8
MONTAJ_BORULARI
10
5141.42135623731
20
1208.5786437626905
30
0
11
5184.775906502257
21
1273.463313526982
31
0
12
5184.775906502257
22
1273.463313526982
32
4300
13
5141.42135623731
23
1208.5786437626905
33
4300
0
LINE
5
C101
330
BF15
100
AcDbEntity
100
AcDbLine
8
MONTAJ_BORULARI
10
5141.42135623731
20
1208.5786437626905
30
0
11
5184.775906502257
21
1273.463313526982
31
0
0
LINE
5
C102
330
BF15
100
AcDbEntity
100
AcDbLine
8
MONTAJ_BORULARI
10
5141.42135623731
20
1208.5786437626905
30
4300
11
5184.775906502257
21
1273.463313526982
31
4300
0
3DFACE
5
C103
330
BF15
100
AcDbEntity
100
AcDbFace
8
MONTAJ_BORULARI
10
5184.775906502257
20
1273.463313526982
30
0
11
5200
21
1350
31
0
12
5200
22
1350
32
4300
13
5184.775906502257
23
1273.463313526982
33
4300
0
LINE
5
C104
330
BF15
100
AcDbEntity
100
AcDbLine
8
MONTAJ_BORULARI
10
5184.775906502257
20
1273.463313526982
30
0
11
5200
21
1350
31
0
0
LINE
5
C105
330
BF15
100
AcDbEntity
100
AcDbLine
8
MONTAJ_BORULARI
10
5184.775906502257
20
1273.463313526982
30
4300
11
5200
21
1350
31
4300
0
3DFACE
5
C106
330
BF15
100
AcDbEntity
100
AcDbFace
8
MONTAJ_BORULARI
10
5200
20
1350
30
0
11
5184.775906502257
21
1426.5366864730179
31
0
12
5141.42135623731
22
1491.4213562373095
32
0
13
5141.42135623731
23
1491.4213562373095
33
0
0
3DFACE
5
C107
330
BF15
100
AcDbEntity
100
AcDbFace
8
MONTAJ_BORULARI
10
5200
20
1350
30
4300
11
5184.775906502257
21
1426.5366864730179
31
4300
12
5141.42135623731
22
1491.4213562373095
32
4300
13
5141.42135623731
23
1491.4213562373095
33
4300
0
3DFACE
5
C108
330
BF15
100
AcDbEntity
100
AcDbFace
8
MONTAJ_BORULARI
10
5200
20
1350
30
0
11
5141.42135623731
21
1491.4213562373095
31
0
12
5076.536686473018
22
1534.7759065022574
32
0
13
5076.536686473018
23
1534.7759065022574
33
0
0
3DFACE
5
C109
330
BF15
100
AcDbEntity
100
AcDbFace
8
MONTAJ_BORULARI
10
5200
20
1350
30
4300
11
5141.42135623731
21
1491.4213562373095
31
4300
12
5076.536686473018
22
1534.7759065022574
32
4300
13
5076.536686473018
23
1534.7759065022574
33
4300
0
3DFACE
5
C10A
330
BF15
100
AcDbEntity
100
AcDbFace
8
MONTAJ_BORULARI
10
5200
20
1350
30
0
11
5076.536686473018
21
1534.7759065022574
31
0
12
5000
22
1550
32
0
13
5000
23
1550
33
0
0
3DFACE
5
C10B
330
BF15
100
AcDbEntity
100
AcDbFace
8
MONTAJ_BORULARI
10
5200
20
1350
30
4300
11
5076.536686473018
21
1534.7759065022574
31
4300
12
5000
22
1550
32
4300
13
5000
23
1550
33
4300
0
3DFACE
5
C10C
330
BF15
100
AcDbEntity
100
AcDbFace
8
MONTAJ_BORULARI
10
5200
20
1350
30
0
11
5000
21
1550
31
0
12
4923.463313526982
22
1534.7759065022574
32
0
13
4923.463313526982
23
1534.7759065022574
33
0
0
3DFACE
5
C10D
330
BF15
100
AcDbEntity
100
AcDbFace
8
MONTAJ_BORULARI
10
5200
20
1350
30
4300
11
5000
21
1550
31
4300
12
4923.463313526982
22
1534.7759065022574
32
4300
13
4923.463313526982
23
1534.7759065022574
33
4300
0
3DFACE
5
C10E
330
BF15
100
AcDbEntity
100
AcDbFace
8
MONTAJ_BORULARI
10
5200
20
1350
30
0
11
4923.463313526982
21
1534.7759065022574
31
0
12
4858.57864376269
22
1491.4213562373095
32
0
13
4858.57864376269
23
1491.4213562373095
33
0
0
3DFACE
5
C10F
330
BF15
100
AcDbEntity
100
AcDbFace
8
MONTAJ_BORULARI
10
5200
20
1350
30
4300
11
4923.463313526982
21
1534.7759065022574
31
4300
12
4858.57864376269
22
1491.4213562373095
32
4300
13
4858.57864376269
23
1491.4213562373095
33
4300
0
3DFACE
5
C110
330
BF15
100
AcDbEntity
100
AcDbFace
8
MONTAJ_BORULARI
10
5200
20
1350
30
0
11
4858.57864376269
21
1491.4213562373095
31
0
12
4815.224093497743
22
1426.5366864730179
32
0
13
4815.224093497743
23
1426.5366864730179
33
0
0
3DFACE
5
C111
330
BF15
100
AcDbEntity
100
AcDbFace
8
MONTAJ_BORULARI
10
5200
20
1350
30
4300
11
4858.57864376269
21
1491.4213562373095
31
4300
12
4815.224093497743
22
1426.5366864730179
32
4300
13
4815.224093497743
23
1426.5366864730179
33
4300
0
3DFACE
5
C112
330
BF15
100
AcDbEntity
100
AcDbFace
8
MONTAJ_BORULARI
10
5200
20
1350
30
0
11
4815.224093497743
21
1426.5366864730179
31
0
12
4800
22
1350
32
0
13
4800
23
1350
33
0
0
3DFACE
5
C113
330
BF15
100
AcDbEntity
100
AcDbFace
8
MONTAJ_BORULARI
10
5200
20
1350
30
4300
11
4815.224093497743
21
1426.5366864730179
31
4300
12
4800
22
1350
32
4300
13
4800
23
1350
33
4300
0
3DFACE
5
C114
330
BF15
100
AcDbEntity
100
AcDbFace
8
MONTAJ_BORULARI
10
5200
20
1350
30
0
11
4800
21
1350
31
0
12
4815.224093497743
22
1273.4633135269821
32
0
13
4815.224093497743
23
1273.4633135269821
33
0
0
3DFACE
5
C115
330
BF15
100
AcDbEntity
100
AcDbFace
8
MONTAJ_BORULARI
10
5200
20
1350
30
4300
11
4800
21
1350
31
4300
12
4815.224093497743
22
1273.4633135269821
32
4300
13
4815.224093497743
23
1273.4633135269821
33
4300
0
3DFACE
5
C116
330
BF15
100
AcDbEntity
100
AcDbFace
8
MONTAJ_BORULARI
10
5200
20
1350
30
0
11
4815.224093497743
21
1273.4633135269821
31
0
12
4858.57864376269
22
1208.5786437626905
32
0
13
4858.57864376269
23
1208.5786437626905
33
0
0
3DFACE
5
C117
330
BF15
100
AcDbEntity
100
AcDbFace
8
MONTAJ_BORULARI
10
5200
20
1350
30
4300
11
4815.224093497743
21
1273.4633135269821
31
4300
12
4858.57864376269
22
1208.5786437626905
32
4300
13
4858.57864376269
23
1208.5786437626905
33
4300
0
3DFACE
5
C118
330
BF15
100
AcDbEntity
100
AcDbFace
8
MONTAJ_BORULARI
10
5200
20
1350
30
0
11
4858.57864376269
21
1208.5786437626905
31
0
12
4923.463313526982
22
1165.2240934977426
32
0
13
4923.463313526982
23
1165.2240934977426
33
0
0
3DFACE
5
C119
330
BF15
100
AcDbEntity
100
AcDbFace
8
MONTAJ_BORULARI
10
5200
20
1350
30
4300
11
4858.57864376269
21
1208.5786437626905
31
4300
12
4923.463313526982
22
1165.2240934977426
32
4300
13
4923.463313526982
23
1165.2240934977426
33
4300
0
3DFACE
5
C11A
330
BF15
100
AcDbEntity
100
AcDbFace
8
MONTAJ_BORULARI
10
5200
20
1350
30
0
11
4923.463313526982
21
1165.2240934977426
31
0
12
5000
22
1150
32
0
13
5000
23
1150
33
0
0
3DFACE
5
C11B
330
BF15
100
AcDbEntity
100
AcDbFace
8
MONTAJ_BORULARI
10
5200
20
1350
30
4300
11
4923.463313526982
21
1165.2240934977426
31
4300
12
5000
22
1150
32
4300
13
5000
23
1150
33
4300
0
3DFACE
5
C11C
330
BF15
100
AcDbEntity
100
AcDbFace
8
MONTAJ_BORULARI
10
5200
20
1350
30
0
11
5000
21
1150
31
0
12
5076.536686473018
22
1165.2240934977426
32
0
13
5076.536686473018
23
1165.2240934977426
33
0
0
3DFACE
5
C11D
330
BF15
100
AcDbEntity
100
AcDbFace
8
MONTAJ_BORULARI
10
5200
20
1350
30
4300
11
5000
21
1150
31
4300
12
5076.536686473018
22
1165.2240934977426
32
4300
13
5076.536686473018
23
1165.2240934977426
33
4300
0
3DFACE
5
C11E
330
BF15
100
AcDbEntity
100
AcDbFace
8
MONTAJ_BORULARI
10
5200
20
1350
30
0
11
5076.536686473018
21
1165.2240934977426
31
0
12
5141.42135623731
22
1208.5786437626905
32
0
13
5141.42135623731
23
1208.5786437626905
33
0
0
3DFACE
5
C11F
330
BF15
100
AcDbEntity
100
AcDbFace
8
MONTAJ_BORULARI
10
5200
20
1350
30
4300
11
5076.536686473018
21
1165.2240934977426
31
4300
12
5141.42135623731
22
1208.5786437626905
32
4300
13
5141.42135623731
23
1208.5786437626905
33
4300
0
3DFACE
5
C120
330
BF15
100
AcDbEntity
100
AcDbFace
8
MONTAJ_BORULARI
10
5200
20
1350
30
0
11
5141.42135623731
21
1208.5786437626905
31
0
12
5184.775906502257
22
1273.463313526982
32
0
13
5184.775906502257
23
1273.463313526982
33
0
0
3DFACE
5
C121
330
BF15
100
AcDbEntity
100
AcDbFace
8
MONTAJ_BORULARI
10
5200
20
1350
30
4300
11
5141.42135623731
21
1208.5786437626905
31
4300
12
5184.775906502257
22
1273.463313526982
32
4300
13
5184.775906502257
23
1273.463313526982
33
4300
0
3DFACE
5
C122
330
BF15
100
AcDbEntity
100
AcDbFace
8
MONTAJ_BORULARI
10
10200
20
1350
30
0
11
10184.775906502256
21
1426.5366864730179
31
0
12
10184.775906502256
22
1426.5366864730179
32
4300
13
10200
23
1350
33
4300
0
LINE
5
C123
330
BF15
100
AcDbEntity
100
AcDbLine
8
MONTAJ_BORULARI
10
10200
20
1350
30
0
11
10184.775906502256
21
1426.5366864730179
31
0
0
LINE
5
C124
330
BF15
100
AcDbEntity
100
AcDbLine
8
MONTAJ_BORULARI
10
10200
20
1350
30
4300
11
10184.775906502256
21
1426.5366864730179
31
4300
0
LINE
5
C125
330
BF15
100
AcDbEntity
100
AcDbLine
8
MONTAJ_BORULARI
10
10200
20
1350
30
0
11
10200
21
1350
31
4300
0
3DFACE
5
C126
330
BF15
100
AcDbEntity
100
AcDbFace
8
MONTAJ_BORULARI
10
10184.775906502256
20
1426.5366864730179
30
0
11
10141.42135623731
21
1491.4213562373095
31
0
12
10141.42135623731
22
1491.4213562373095
32
4300
13
10184.775906502256
23
1426.5366864730179
33
4300
0
LINE
5
C127
330
BF15
100
AcDbEntity
100
AcDbLine
8
MONTAJ_BORULARI
10
10184.775906502256
20
1426.5366864730179
30
0
11
10141.42135623731
21
1491.4213562373095
31
0
0
LINE
5
C128
330
BF15
100
AcDbEntity
100
AcDbLine
8
MONTAJ_BORULARI
10
10184.775906502256
20
1426.5366864730179
30
4300
11
10141.42135623731
21
1491.4213562373095
31
4300
0
3DFACE
5
C129
330
BF15
100
AcDbEntity
100
AcDbFace
8
MONTAJ_BORULARI
10
10141.42135623731
20
1491.4213562373095
30
0
11
10076.536686473019
21
1534.7759065022574
31
0
12
10076.536686473019
22
1534.7759065022574
32
4300
13
10141.42135623731
23
1491.4213562373095
33
4300
0
LINE
5
C12A
330
BF15
100
AcDbEntity
100
AcDbLine
8
MONTAJ_BORULARI
10
10141.42135623731
20
1491.4213562373095
30
0
11
10076.536686473019
21
1534.7759065022574
31
0
0
LINE
5
C12B
330
BF15
100
AcDbEntity
100
AcDbLine
8
MONTAJ_BORULARI
10
10141.42135623731
20
1491.4213562373095
30
4300
11
10076.536686473019
21
1534.7759065022574
31
4300
0
3DFACE
5
C12C
330
BF15
100
AcDbEntity
100
AcDbFace
8
MONTAJ_BORULARI
10
10076.536686473019
20
1534.7759065022574
30
0
11
10000
21
1550
31
0
12
10000
22
1550
32
4300
13
10076.536686473019
23
1534.7759065022574
33
4300
0
LINE
5
C12D
330
BF15
100
AcDbEntity
100
AcDbLine
8
MONTAJ_BORULARI
10
10076.536686473019
20
1534.7759065022574
30
0
11
10000
21
1550
31
0
0
LINE
5
C12E
330
BF15
100
AcDbEntity
100
AcDbLine
8
MONTAJ_BORULARI
10
10076.536686473019
20
1534.7759065022574
30
4300
11
10000
21
1550
31
4300
0
3DFACE
5
C12F
330
BF15
100
AcDbEntity
100
AcDbFace
8
MONTAJ_BORULARI
10
10000
20
1550
30
0
11
9923.463313526981
21
1534.7759065022574
31
0
12
9923.463313526981
22
1534.7759065022574
32
4300
13
10000
23
1550
33
4300
0
LINE
5
C130
330
BF15
100
AcDbEntity
100
AcDbLine
8
MONTAJ_BORULARI
10
10000
20
1550
30
0
11
9923.463313526981
21
1534.7759065022574
31
0
0
LINE
5
C131
330
BF15
100
AcDbEntity
100
AcDbLine
8
MONTAJ_BORULARI
10
10000
20
1550
30
4300
11
9923.463313526981
21
1534.7759065022574
31
4300
0
LINE
5
C132
330
BF15
100
AcDbEntity
100
AcDbLine
8
MONTAJ_BORULARI
10
10000
20
1550
30
0
11
10000
21
1550
31
4300
0
3DFACE
5
C133
330
BF15
100
AcDbEntity
100
AcDbFace
8
MONTAJ_BORULARI
10
9923.463313526981
20
1534.7759065022574
30
0
11
9858.57864376269
21
1491.4213562373095
31
0
12
9858.57864376269
22
1491.4213562373095
32
4300
13
9923.463313526981
23
1534.7759065022574
33
4300
0
LINE
5
C134
330
BF15
100
AcDbEntity
100
AcDbLine
8
MONTAJ_BORULARI
10
9923.463313526981
20
1534.7759065022574
30
0
11
9858.57864376269
21
1491.4213562373095
31
0
0
LINE
5
C135
330
BF15
100
AcDbEntity
100
AcDbLine
8
MONTAJ_BORULARI
10
9923.463313526981
20
1534.7759065022574
30
4300
11
9858.57864376269
21
1491.4213562373095
31
4300
0
3DFACE
5
C136
330
BF15
100
AcDbEntity
100
AcDbFace
8
MONTAJ_BORULARI
10
9858.57864376269
20
1491.4213562373095
30
0
11
9815.224093497744
21
1426.5366864730179
31
0
12
9815.224093497744
22
1426.5366864730179
32
4300
13
9858.57864376269
23
1491.4213562373095
33
4300
0
LINE
5
C137
330
BF15
100
AcDbEntity
100
AcDbLine
8
MONTAJ_BORULARI
10
9858.57864376269
20
1491.4213562373095
30
0
11
9815.224093497744
21
1426.5366864730179
31
0
0
LINE
5
C138
330
BF15
100
AcDbEntity
100
AcDbLine
8
MONTAJ_BORULARI
10
9858.57864376269
20
1491.4213562373095
30
4300
11
9815.224093497744
21
1426.5366864730179
31
4300
0
3DFACE
5
C139
330
BF15
100
AcDbEntity
100
AcDbFace
8
MONTAJ_BORULARI
10
9815.224093497744
20
1426.5366864730179
30
0
11
9800
21
1350
31
0
12
9800
22
1350
32
4300
13
9815.224093497744
23
1426.5366864730179
33
4300
0
LINE
5
C13A
330
BF15
100
AcDbEntity
100
AcDbLine
8
MONTAJ_BORULARI
10
9815.224093497744
20
1426.5366864730179
30
0
11
9800
21
1350
31
0
0
LINE
5
C13B
330
BF15
100
AcDbEntity
100
AcDbLine
8
MONTAJ_BORULARI
10
9815.224093497744
20
1426.5366864730179
30
4300
11
9800
21
1350
31
4300
0
3DFACE
5
C13C
330
BF15
100
AcDbEntity
100
AcDbFace
8
MONTAJ_BORULARI
10
9800
20
1350
30
0
11
9815.224093497744
21
1273.4633135269821
31
0
12
9815.224093497744
22
1273.4633135269821
32
4300
13
9800
23
1350
33
4300
0
LINE
5
C13D
330
BF15
100
AcDbEntity
100
AcDbLine
8
MONTAJ_BORULARI
10
9800
20
1350
30
0
11
9815.224093497744
21
1273.4633135269821
31
0
0
LINE
5
C13E
330
BF15
100
AcDbEntity
100
AcDbLine
8
MONTAJ_BORULARI
10
9800
20
1350
30
4300
11
9815.224093497744
21
1273.4633135269821
31
4300
0
LINE
5
C13F
330
BF15
100
AcDbEntity
100
AcDbLine
8
MONTAJ_BORULARI
10
9800
20
1350
30
0
11
9800
21
1350
31
4300
0
3DFACE
5
C140
330
BF15
100
AcDbEntity
100
AcDbFace
8
MONTAJ_BORULARI
10
9815.224093497744
20
1273.4633135269821
30
0
11
9858.57864376269
21
1208.5786437626905
31
0
12
9858.57864376269
22
1208.5786437626905
32
4300
13
9815.224093497744
23
1273.4633135269821
33
4300
0
LINE
5
C141
330
BF15
100
AcDbEntity
100
AcDbLine
8
MONTAJ_BORULARI
10
9815.224093497744
20
1273.4633135269821
30
0
11
9858.57864376269
21
1208.5786437626905
31
0
0
LINE
5
C142
330
BF15
100
AcDbEntity
100
AcDbLine
8
MONTAJ_BORULARI
10
9815.224093497744
20
1273.4633135269821
30
4300
11
9858.57864376269
21
1208.5786437626905
31
4300
0
3DFACE
5
C143
330
BF15
100
AcDbEntity
100
AcDbFace
8
MONTAJ_BORULARI
10
9858.57864376269
20
1208.5786437626905
30
0
11
9923.463313526981
21
1165.2240934977426
31
0
12
9923.463313526981
22
1165.2240934977426
32
4300
13
9858.57864376269
23
1208.5786437626905
33
4300
0
LINE
5
C144
330
BF15
100
AcDbEntity
100
AcDbLine
8
MONTAJ_BORULARI
10
9858.57864376269
20
1208.5786437626905
30
0
11
9923.463313526981
21
1165.2240934977426
31
0
0
LINE
5
C145
330
BF15
100
AcDbEntity
100
AcDbLine
8
MONTAJ_BORULARI
10
9858.57864376269
20
1208.5786437626905
30
4300
11
9923.463313526981
21
1165.2240934977426
31
4300
0
3DFACE
5
C146
330
BF15
100
AcDbEntity
100
AcDbFace
8
MONTAJ_BORULARI
10
9923.463313526981
20
1165.2240934977426
30
0
11
10000
21
1150
31
0
12
10000
22
1150
32
4300
13
9923.463313526981
23
1165.2240934977426
33
4300
0
LINE
5
C147
330
BF15
100
AcDbEntity
100
AcDbLine
8
MONTAJ_BORULARI
10
9923.463313526981
20
1165.2240934977426
30
0
11
10000
21
1150
31
0
0
LINE
5
C148
330
BF15
100
AcDbEntity
100
AcDbLine
8
MONTAJ_BORULARI
10
9923.463313526981
20
1165.2240934977426
30
4300
11
10000
21
1150
31
4300
0
3DFACE
5
C149
330
BF15
100
AcDbEntity
100
AcDbFace
8
MONTAJ_BORULARI
10
10000
20
1150
30
0
11
10076.536686473019
21
1165.2240934977426
31
0
12
10076.536686473019
22
1165.2240934977426
32
4300
13
10000
23
1150
33
4300
0
LINE
5
C14A
330
BF15
100
AcDbEntity
100
AcDbLine
8
MONTAJ_BORULARI
10
10000
20
1150
30
0
11
10076.536686473019
21
1165.2240934977426
31
0
0
LINE
5
C14B
330
BF15
100
AcDbEntity
100
AcDbLine
8
MONTAJ_BORULARI
10
10000
20
1150
30
4300
11
10076.536686473019
21
1165.2240934977426
31
4300
0
LINE
5
C14C
330
BF15
100
AcDbEntity
100
AcDbLine
8
MONTAJ_BORULARI
10
10000
20
1150
30
0
11
10000
21
1150
31
4300
0
3DFACE
5
C14D
330
BF15
100
AcDbEntity
100
AcDbFace
8
MONTAJ_BORULARI
10
10076.536686473019
20
1165.2240934977426
30
0
11
10141.42135623731
21
1208.5786437626905
31
0
12
10141.42135623731
22
1208.5786437626905
32
4300
13
10076.536686473019
23
1165.2240934977426
33
4300
0
LINE
5
C14E
330
BF15
100
AcDbEntity
100
AcDbLine
8
MONTAJ_BORULARI
10
10076.536686473019
20
1165.2240934977426
30
0
11
10141.42135623731
21
1208.5786437626905
31
0
0
LINE
5
C14F
330
BF15
100
AcDbEntity
100
AcDbLine
8
MONTAJ_BORULARI
10
10076.536686473019
20
1165.2240934977426
30
4300
11
10141.42135623731
21
1208.5786437626905
31
4300
0
3DFACE
5
C150
330
BF15
100
AcDbEntity
100
AcDbFace
8
MONTAJ_BORULARI
10
10141.42135623731
20
1208.5786437626905
30
0
11
10184.775906502256
21
1273.463313526982
31
0
12
10184.775906502256
22
1273.463313526982
32
4300
13
10141.42135623731
23
1208.5786437626905
33
4300
0
LINE
5
C151
330
BF15
100
AcDbEntity
100
AcDbLine
8
MONTAJ_BORULARI
10
10141.42135623731
20
1208.5786437626905
30
0
11
10184.775906502256
21
1273.463313526982
31
0
0
LINE
5
C152
330
BF15
100
AcDbEntity
100
AcDbLine
8
MONTAJ_BORULARI
10
10141.42135623731
20
1208.5786437626905
30
4300
11
10184.775906502256
21
1273.463313526982
31
4300
0
3DFACE
5
C153
330
BF15
100
AcDbEntity
100
AcDbFace
8
MONTAJ_BORULARI
10
10184.775906502256
20
1273.463313526982
30
0
11
10200
21
1350
31
0
12
10200
22
1350
32
4300
13
10184.775906502256
23
1273.463313526982
33
4300
0
LINE
5
C154
330
BF15
100
AcDbEntity
100
AcDbLine
8
MONTAJ_BORULARI
10
10184.775906502256
20
1273.463313526982
30
0
11
10200
21
1350
31
0
0
LINE
5
C155
330
BF15
100
AcDbEntity
100
AcDbLine
8
MONTAJ_BORULARI
10
10184.775906502256
20
1273.463313526982
30
4300
11
10200
21
1350
31
4300
0
3DFACE
5
C156
330
BF15
100
AcDbEntity
100
AcDbFace
8
MONTAJ_BORULARI
10
10200
20
1350
30
0
11
10184.775906502256
21
1426.5366864730179
31
0
12
10141.42135623731
22
1491.4213562373095
32
0
13
10141.42135623731
23
1491.4213562373095
33
0
0
3DFACE
5
C157
330
BF15
100
AcDbEntity
100
AcDbFace
8
MONTAJ_BORULARI
10
10200
20
1350
30
4300
11
10184.775906502256
21
1426.5366864730179
31
4300
12
10141.42135623731
22
1491.4213562373095
32
4300
13
10141.42135623731
23
1491.4213562373095
33
4300
0
3DFACE
5
C158
330
BF15
100
AcDbEntity
100
AcDbFace
8
MONTAJ_BORULARI
10
10200
20
1350
30
0
11
10141.42135623731
21
1491.4213562373095
31
0
12
10076.536686473019
22
1534.7759065022574
32
0
13
10076.536686473019
23
1534.7759065022574
33
0
0
3DFACE
5
C159
330
BF15
100
AcDbEntity
100
AcDbFace
8
MONTAJ_BORULARI
10
10200
20
1350
30
4300
11
10141.42135623731
21
1491.4213562373095
31
4300
12
10076.536686473019
22
1534.7759065022574
32
4300
13
10076.536686473019
23
1534.7759065022574
33
4300
0
3DFACE
5
C15A
330
BF15
100
AcDbEntity
100
AcDbFace
8
MONTAJ_BORULARI
10
10200
20
1350
30
0
11
10076.536686473019
21
1534.7759065022574
31
0
12
10000
22
1550
32
0
13
10000
23
1550
33
0
0
3DFACE
5
C15B
330
BF15
100
AcDbEntity
100
AcDbFace
8
MONTAJ_BORULARI
10
10200
20
1350
30
4300
11
10076.536686473019
21
1534.7759065022574
31
4300
12
10000
22
1550
32
4300
13
10000
23
1550
33
4300
0
3DFACE
5
C15C
330
BF15
100
AcDbEntity
100
AcDbFace
8
MONTAJ_BORULARI
10
10200
20
1350
30
0
11
10000
21
1550
31
0
12
9923.463313526981
22
1534.7759065022574
32
0
13
9923.463313526981
23
1534.7759065022574
33
0
0
3DFACE
5
C15D
330
BF15
100
AcDbEntity
100
AcDbFace
8
MONTAJ_BORULARI
10
10200
20
1350
30
4300
11
10000
21
1550
31
4300
12
9923.463313526981
22
1534.7759065022574
32
4300
13
9923.463313526981
23
1534.7759065022574
33
4300
0
3DFACE
5
C15E
330
BF15
100
AcDbEntity
100
AcDbFace
8
MONTAJ_BORULARI
10
10200
20
1350
30
0
11
9923.463313526981
21
1534.7759065022574
31
0
12
9858.57864376269
22
1491.4213562373095
32
0
13
9858.57864376269
23
1491.4213562373095
33
0
0
3DFACE
5
C15F
330
BF15
100
AcDbEntity
100
AcDbFace
8
MONTAJ_BORULARI
10
10200
20
1350
30
4300
11
9923.463313526981
21
1534.7759065022574
31
4300
12
9858.57864376269
22
1491.4213562373095
32
4300
13
9858.57864376269
23
1491.4213562373095
33
4300
0
3DFACE
5
C160
330
BF15
100
AcDbEntity
100
AcDbFace
8
MONTAJ_BORULARI
10
10200
20
1350
30
0
11
9858.57864376269
21
1491.4213562373095
31
0
12
9815.224093497744
22
1426.5366864730179
32
0
13
9815.224093497744
23
1426.5366864730179
33
0
0
3DFACE
5
C161
330
BF15
100
AcDbEntity
100
AcDbFace
8
MONTAJ_BORULARI
10
10200
20
1350
30
4300
11
9858.57864376269
21
1491.4213562373095
31
4300
12
9815.224093497744
22
1426.5366864730179
32
4300
13
9815.224093497744
23
1426.5366864730179
33
4300
0
3DFACE
5
C162
330
BF15
100
AcDbEntity
100
AcDbFace
8
MONTAJ_BORULARI
10
10200
20
1350
30
0
11
9815.224093497744
21
1426.5366864730179
31
0
12
9800
22
1350
32
0
13
9800
23
1350
33
0
0
3DFACE
5
C163
330
BF15
100
AcDbEntity
100
AcDbFace
8
MONTAJ_BORULARI
10
10200
20
1350
30
4300
11
9815.224093497744
21
1426.5366864730179
31
4300
12
9800
22
1350
32
4300
13
9800
23
1350
33
4300
0
3DFACE
5
C164
330
BF15
100
AcDbEntity
100
AcDbFace
8
MONTAJ_BORULARI
10
10200
20
1350
30
0
11
9800
21
1350
31
0
12
9815.224093497744
22
1273.4633135269821
32
0
13
9815.224093497744
23
1273.4633135269821
33
0
0
3DFACE
5
C165
330
BF15
100
AcDbEntity
100
AcDbFace
8
MONTAJ_BORULARI
10
10200
20
1350
30
4300
11
9800
21
1350
31
4300
12
9815.224093497744
22
1273.4633135269821
32
4300
13
9815.224093497744
23
1273.4633135269821
33
4300
0
3DFACE
5
C166
330
BF15
100
AcDbEntity
100
AcDbFace
8
MONTAJ_BORULARI
10
10200
20
1350
30
0
11
9815.224093497744
21
1273.4633135269821
31
0
12
9858.57864376269
22
1208.5786437626905
32
0
13
9858.57864376269
23
1208.5786437626905
33
0
0
3DFACE
5
C167
330
BF15
100
AcDbEntity
100
AcDbFace
8
MONTAJ_BORULARI
10
10200
20
1350
30
4300
11
9815.224093497744
21
1273.4633135269821
31
4300
12
9858.57864376269
22
1208.5786437626905
32
4300
13
9858.57864376269
23
1208.5786437626905
33
4300
0
3DFACE
5
C168
330
BF15
100
AcDbEntity
100
AcDbFace
8
MONTAJ_BORULARI
10
10200
20
1350
30
0
11
9858.57864376269
21
1208.5786437626905
31
0
12
9923.463313526981
22
1165.2240934977426
32
0
13
9923.463313526981
23
1165.2240934977426
33
0
0
3DFACE
5
C169
330
BF15
100
AcDbEntity
100
AcDbFace
8
MONTAJ_BORULARI
10
10200
20
1350
30
4300
11
9858.57864376269
21
1208.5786437626905
31
4300
12
9923.463313526981
22
1165.2240934977426
32
4300
13
9923.463313526981
23
1165.2240934977426
33
4300
0
3DFACE
5
C16A
330
BF15
100
AcDbEntity
100
AcDbFace
8
MONTAJ_BORULARI
10
10200
20
1350
30
0
11
9923.463313526981
21
1165.2240934977426
31
0
12
10000
22
1150
32
0
13
10000
23
1150
33
0
0
3DFACE
5
C16B
330
BF15
100
AcDbEntity
100
AcDbFace
8
MONTAJ_BORULARI
10
10200
20
1350
30
4300
11
9923.463313526981
21
1165.2240934977426
31
4300
12
10000
22
1150
32
4300
13
10000
23
1150
33
4300
0
3DFACE
5
C16C
330
BF15
100
AcDbEntity
100
AcDbFace
8
MONTAJ_BORULARI
10
10200
20
1350
30
0
11
10000
21
1150
31
0
12
10076.536686473019
22
1165.2240934977426
32
0
13
10076.536686473019
23
1165.2240934977426
33
0
0
3DFACE
5
C16D
330
BF15
100
AcDbEntity
100
AcDbFace
8
MONTAJ_BORULARI
10
10200
20
1350
30
4300
11
10000
21
1150
31
4300
12
10076.536686473019
22
1165.2240934977426
32
4300
13
10076.536686473019
23
1165.2240934977426
33
4300
0
3DFACE
5
C16E
330
BF15
100
AcDbEntity
100
AcDbFace
8
MONTAJ_BORULARI
10
10200
20
1350
30
0
11
10076.536686473019
21
1165.2240934977426
31
0
12
10141.42135623731
22
1208.5786437626905
32
0
13
10141.42135623731
23
1208.5786437626905
33
0
0
3DFACE
5
C16F
330
BF15
100
AcDbEntity
100
AcDbFace
8
MONTAJ_BORULARI
10
10200
20
1350
30
4300
11
10076.536686473019
21
1165.2240934977426
31
4300
12
10141.42135623731
22
1208.5786437626905
32
4300
13
10141.42135623731
23
1208.5786437626905
33
4300
0
3DFACE
5
C170
330
BF15
100
AcDbEntity
100
AcDbFace
8
MONTAJ_BORULARI
10
10200
20
1350
30
0
11
10141.42135623731
21
1208.5786437626905
31
0
12
10184.775906502256
22
1273.463313526982
32
0
13
10184.775906502256
23
1273.463313526982
33
0
0
3DFACE
5
C171
330
BF15
100
AcDbEntity
100
AcDbFace
8
MONTAJ_BORULARI
10
10200
20
1350
30
4300
11
10141.42135623731
21
1208.5786437626905
31
4300
12
10184.775906502256
22
1273.463313526982
32
4300
13
10184.775906502256
23
1273.463313526982
33
4300
0
3DFACE
5
C172
330
BF15
100
AcDbEntity
100
AcDbFace
8
MONTAJ_BORULARI
10
-2595
20
1240
30
0
11
-2596.9030116872177
21
1249.5670858091273
31
0
12
-2596.9030116872177
22
1249.5670858091273
32
1750
13
-2595
23
1240
33
1750
0
LINE
5
C173
330
BF15
100
AcDbEntity
100
AcDbLine
8
MONTAJ_BORULARI
10
-2595
20
1240
30
0
11
-2596.9030116872177
21
1249.5670858091273
31
0
0
LINE
5
C174
330
BF15
100
AcDbEntity
100
AcDbLine
8
MONTAJ_BORULARI
10
-2595
20
1240
30
1750
11
-2596.9030116872177
21
1249.5670858091273
31
1750
0
LINE
5
C175
330
BF15
100
AcDbEntity
100
AcDbLine
8
MONTAJ_BORULARI
10
-2595
20
1240
30
0
11
-2595
21
1240
31
1750
0
3DFACE
5
C176
330
BF15
100
AcDbEntity
100
AcDbFace
8
MONTAJ_BORULARI
10
-2596.9030116872177
20
1249.5670858091273
30
0
11
-2602.3223304703365
21
1257.6776695296637
31
0
12
-2602.3223304703365
22
1257.6776695296637
32
1750
13
-2596.9030116872177
23
1249.5670858091273
33
1750
0
LINE
5
C177
330
BF15
100
AcDbEntity
100
AcDbLine
8
MONTAJ_BORULARI
10
-2596.9030116872177
20
1249.5670858091273
30
0
11
-2602.3223304703365
21
1257.6776695296637
31
0
0
LINE
5
C178
330
BF15
100
AcDbEntity
100
AcDbLine
8
MONTAJ_BORULARI
10
-2596.9030116872177
20
1249.5670858091273
30
1750
11
-2602.3223304703365
21
1257.6776695296637
31
1750
0
3DFACE
5
C179
330
BF15
100
AcDbEntity
100
AcDbFace
8
MONTAJ_BORULARI
10
-2602.3223304703365
20
1257.6776695296637
30
0
11
-2610.432914190873
21
1263.096988312782
31
0
12
-2610.432914190873
22
1263.096988312782
32
1750
13
-2602.3223304703365
23
1257.6776695296637
33
1750
0
LINE
5
C17A
330
BF15
100
AcDbEntity
100
AcDbLine
8
MONTAJ_BORULARI
10
-2602.3223304703365
20
1257.6776695296637
30
0
11
-2610.432914190873
21
1263.096988312782
31
0
0
LINE
5
C17B
330
BF15
100
AcDbEntity
100
AcDbLine
8
MONTAJ_BORULARI
10
-2602.3223304703365
20
1257.6776695296637
30
1750
11
-2610.432914190873
21
1263.096988312782
31
1750
0
3DFACE
5
C17C
330
BF15
100
AcDbEntity
100
AcDbFace
8
MONTAJ_BORULARI
10
-2610.432914190873
20
1263.096988312782
30
0
11
-2620
21
1265
31
0
12
-2620
22
1265
32
1750
13
-2610.432914190873
23
1263.096988312782
33
1750
0
LINE
5
C17D
330
BF15
100
AcDbEntity
100
AcDbLine
8
MONTAJ_BORULARI
10
-2610.432914190873
20
1263.096988312782
30
0
11
-2620
21
1265
31
0
0
LINE
5
C17E
330
BF15
100
AcDbEntity
100
AcDbLine
8
MONTAJ_BORULARI
10
-2610.432914190873
20
1263.096988312782
30
1750
11
-2620
21
1265
31
1750
0
3DFACE
5
C17F
330
BF15
100
AcDbEntity
100
AcDbFace
8
MONTAJ_BORULARI
10
-2620
20
1265
30
0
11
-2629.567085809127
21
1263.096988312782
31
0
12
-2629.567085809127
22
1263.096988312782
32
1750
13
-2620
23
1265
33
1750
0
LINE
5
C180
330
BF15
100
AcDbEntity
100
AcDbLine
8
MONTAJ_BORULARI
10
-2620
20
1265
30
0
11
-2629.567085809127
21
1263.096988312782
31
0
0
LINE
5
C181
330
BF15
100
AcDbEntity
100
AcDbLine
8
MONTAJ_BORULARI
10
-2620
20
1265
30
1750
11
-2629.567085809127
21
1263.096988312782
31
1750
0
LINE
5
C182
330
BF15
100
AcDbEntity
100
AcDbLine
8
MONTAJ_BORULARI
10
-2620
20
1265
30
0
11
-2620
21
1265
31
1750
0
3DFACE
5
C183
330
BF15
100
AcDbEntity
100
AcDbFace
8
MONTAJ_BORULARI
10
-2629.567085809127
20
1263.096988312782
30
0
11
-2637.6776695296635
21
1257.6776695296637
31
0
12
-2637.6776695296635
22
1257.6776695296637
32
1750
13
-2629.567085809127
23
1263.096988312782
33
1750
0
LINE
5
C184
330
BF15
100
AcDbEntity
100
AcDbLine
8
MONTAJ_BORULARI
10
-2629.567085809127
20
1263.096988312782
30
0
11
-2637.6776695296635
21
1257.6776695296637
31
0
0
LINE
5
C185
330
BF15
100
AcDbEntity
100
AcDbLine
8
MONTAJ_BORULARI
10
-2629.567085809127
20
1263.096988312782
30
1750
11
-2637.6776695296635
21
1257.6776695296637
31
1750
0
3DFACE
5
C186
330
BF15
100
AcDbEntity
100
AcDbFace
8
MONTAJ_BORULARI
10
-2637.6776695296635
20
1257.6776695296637
30
0
11
-2643.0969883127823
21
1249.5670858091273
31
0
12
-2643.0969883127823
22
1249.5670858091273
32
1750
13
-2637.6776695296635
23
1257.6776695296637
33
1750
0
LINE
5
C187
330
BF15
100
AcDbEntity
100
AcDbLine
8
MONTAJ_BORULARI
10
-2637.6776695296635
20
1257.6776695296637
30
0
11
-2643.0969883127823
21
1249.5670858091273
31
0
0
LINE
5
C188
330
BF15
100
AcDbEntity
100
AcDbLine
8
MONTAJ_BORULARI
10
-2637.6776695296635
20
1257.6776695296637
30
1750
11
-2643.0969883127823
21
1249.5670858091273
31
1750
0
3DFACE
5
C189
330
BF15
100
AcDbEntity
100
AcDbFace
8
MONTAJ_BORULARI
10
-2643.0969883127823
20
1249.5670858091273
30
0
11
-2645
21
1240
31
0
12
-2645
22
1240
32
1750
13
-2643.0969883127823
23
1249.5670858091273
33
1750
0
LINE
5
C18A
330
BF15
100
AcDbEntity
100
AcDbLine
8
MONTAJ_BORULARI
10
-2643.0969883127823
20
1249.5670858091273
30
0
11
-2645
21
1240
31
0
0
LINE
5
C18B
330
BF15
100
AcDbEntity
100
AcDbLine
8
MONTAJ_BORULARI
10
-2643.0969883127823
20
1249.5670858091273
30
1750
11
-2645
21
1240
31
1750
0
3DFACE
5
C18C
330
BF15
100
AcDbEntity
100
AcDbFace
8
MONTAJ_BORULARI
10
-2645
20
1240
30
0
11
-2643.0969883127823
21
1230.4329141908727
31
0
12
-2643.0969883127823
22
1230.4329141908727
32
1750
13
-2645
23
1240
33
1750
0
LINE
5
C18D
330
BF15
100
AcDbEntity
100
AcDbLine
8
MONTAJ_BORULARI
10
-2645
20
1240
30
0
11
-2643.0969883127823
21
1230.4329141908727
31
0
0
LINE
5
C18E
330
BF15
100
AcDbEntity
100
AcDbLine
8
MONTAJ_BORULARI
10
-2645
20
1240
30
1750
11
-2643.0969883127823
21
1230.4329141908727
31
1750
0
LINE
5
C18F
330
BF15
100
AcDbEntity
100
AcDbLine
8
MONTAJ_BORULARI
10
-2645
20
1240
30
0
11
-2645
21
1240
31
1750
0
3DFACE
5
C190
330
BF15
100
AcDbEntity
100
AcDbFace
8
MONTAJ_BORULARI
10
-2643.0969883127823
20
1230.4329141908727
30
0
11
-2637.6776695296635
21
1222.3223304703363
31
0
12
-2637.6776695296635
22
1222.3223304703363
32
1750
13
-2643.0969883127823
23
1230.4329141908727
33
1750
0
LINE
5
C191
330
BF15
100
AcDbEntity
100
AcDbLine
8
MONTAJ_BORULARI
10
-2643.0969883127823
20
1230.4329141908727
30
0
11
-2637.6776695296635
21
1222.3223304703363
31
0
0
LINE
5
C192
330
BF15
100
AcDbEntity
100
AcDbLine
8
MONTAJ_BORULARI
10
-2643.0969883127823
20
1230.4329141908727
30
1750
11
-2637.6776695296635
21
1222.3223304703363
31
1750
0
3DFACE
5
C193
330
BF15
100
AcDbEntity
100
AcDbFace
8
MONTAJ_BORULARI
10
-2637.6776695296635
20
1222.3223304703363
30
0
11
-2629.567085809127
21
1216.903011687218
31
0
12
-2629.567085809127
22
1216.903011687218
32
1750
13
-2637.6776695296635
23
1222.3223304703363
33
1750
0
LINE
5
C194
330
BF15
100
AcDbEntity
100
AcDbLine
8
MONTAJ_BORULARI
10
-2637.6776695296635
20
1222.3223304703363
30
0
11
-2629.567085809127
21
1216.903011687218
31
0
0
LINE
5
C195
330
BF15
100
AcDbEntity
100
AcDbLine
8
MONTAJ_BORULARI
10
-2637.6776695296635
20
1222.3223304703363
30
1750
11
-2629.567085809127
21
1216.903011687218
31
1750
0
3DFACE
5
C196
330
BF15
100
AcDbEntity
100
AcDbFace
8
MONTAJ_BORULARI
10
-2629.567085809127
20
1216.903011687218
30
0
11
-2620
21
1215
31
0
12
-2620
22
1215
32
1750
13
-2629.567085809127
23
1216.903011687218
33
1750
0
LINE
5
C197
330
BF15
100
AcDbEntity
100
AcDbLine
8
MONTAJ_BORULARI
10
-2629.567085809127
20
1216.903011687218
30
0
11
-2620
21
1215
31
0
0
LINE
5
C198
330
BF15
100
AcDbEntity
100
AcDbLine
8
MONTAJ_BORULARI
10
-2629.567085809127
20
1216.903011687218
30
1750
11
-2620
21
1215
31
1750
0
3DFACE
5
C199
330
BF15
100
AcDbEntity
100
AcDbFace
8
MONTAJ_BORULARI
10
-2620
20
1215
30
0
11
-2610.432914190873
21
1216.903011687218
31
0
12
-2610.432914190873
22
1216.903011687218
32
1750
13
-2620
23
1215
33
1750
0
LINE
5
C19A
330
BF15
100
AcDbEntity
100
AcDbLine
8
MONTAJ_BORULARI
10
-2620
20
1215
30
0
11
-2610.432914190873
21
1216.903011687218
31
0
0
LINE
5
C19B
330
BF15
100
AcDbEntity
100
AcDbLine
8
MONTAJ_BORULARI
10
-2620
20
1215
30
1750
11
-2610.432914190873
21
1216.903011687218
31
1750
0
LINE
5
C19C
330
BF15
100
AcDbEntity
100
AcDbLine
8
MONTAJ_BORULARI
10
-2620
20
1215
30
0
11
-2620
21
1215
31
1750
0
3DFACE
5
C19D
330
BF15
100
AcDbEntity
100
AcDbFace
8
MONTAJ_BORULARI
10
-2610.432914190873
20
1216.903011687218
30
0
11
-2602.3223304703365
21
1222.3223304703363
31
0
12
-2602.3223304703365
22
1222.3223304703363
32
1750
13
-2610.432914190873
23
1216.903011687218
33
1750
0
LINE
5
C19E
330
BF15
100
AcDbEntity
100
AcDbLine
8
MONTAJ_BORULARI
10
-2610.432914190873
20
1216.903011687218
30
0
11
-2602.3223304703365
21
1222.3223304703363
31
0
0
LINE
5
C19F
330
BF15
100
AcDbEntity
100
AcDbLine
8
MONTAJ_BORULARI
10
-2610.432914190873
20
1216.903011687218
30
1750
11
-2602.3223304703365
21
1222.3223304703363
31
1750
0
3DFACE
5
C1A0
330
BF15
100
AcDbEntity
100
AcDbFace
8
MONTAJ_BORULARI
10
-2602.3223304703365
20
1222.3223304703363
30
0
11
-2596.9030116872177
21
1230.4329141908727
31
0
12
-2596.9030116872177
22
1230.4329141908727
32
1750
13
-2602.3223304703365
23
1222.3223304703363
33
1750
0
LINE
5
C1A1
330
BF15
100
AcDbEntity
100
AcDbLine
8
MONTAJ_BORULARI
10
-2602.3223304703365
20
1222.3223304703363
30
0
11
-2596.9030116872177
21
1230.4329141908727
31
0
0
LINE
5
C1A2
330
BF15
100
AcDbEntity
100
AcDbLine
8
MONTAJ_BORULARI
10
-2602.3223304703365
20
1222.3223304703363
30
1750
11
-2596.9030116872177
21
1230.4329141908727
31
1750
0
3DFACE
5
C1A3
330
BF15
100
AcDbEntity
100
AcDbFace
8
MONTAJ_BORULARI
10
-2596.9030116872177
20
1230.4329141908727
30
0
11
-2595
21
1240
31
0
12
-2595
22
1240
32
1750
13
-2596.9030116872177
23
1230.4329141908727
33
1750
0
LINE
5
C1A4
330
BF15
100
AcDbEntity
100
AcDbLine
8
MONTAJ_BORULARI
10
-2596.9030116872177
20
1230.4329141908727
30
0
11
-2595
21
1240
31
0
0
LINE
5
C1A5
330
BF15
100
AcDbEntity
100
AcDbLine
8
MONTAJ_BORULARI
10
-2596.9030116872177
20
1230.4329141908727
30
1750
11
-2595
21
1240
31
1750
0
3DFACE
5
C1A6
330
BF15
100
AcDbEntity
100
AcDbFace
8
MONTAJ_BORULARI
10
-2595
20
1240
30
0
11
-2596.9030116872177
21
1249.5670858091273
31
0
12
-2602.3223304703365
22
1257.6776695296637
32
0
13
-2602.3223304703365
23
1257.6776695296637
33
0
0
3DFACE
5
C1A7
330
BF15
100
AcDbEntity
100
AcDbFace
8
MONTAJ_BORULARI
10
-2595
20
1240
30
1750
11
-2596.9030116872177
21
1249.5670858091273
31
1750
12
-2602.3223304703365
22
1257.6776695296637
32
1750
13
-2602.3223304703365
23
1257.6776695296637
33
1750
0
3DFACE
5
C1A8
330
BF15
100
AcDbEntity
100
AcDbFace
8
MONTAJ_BORULARI
10
-2595
20
1240
30
0
11
-2602.3223304703365
21
1257.6776695296637
31
0
12
-2610.432914190873
22
1263.096988312782
32
0
13
-2610.432914190873
23
1263.096988312782
33
0
0
3DFACE
5
C1A9
330
BF15
100
AcDbEntity
100
AcDbFace
8
MONTAJ_BORULARI
10
-2595
20
1240
30
1750
11
-2602.3223304703365
21
1257.6776695296637
31
1750
12
-2610.432914190873
22
1263.096988312782
32
1750
13
-2610.432914190873
23
1263.096988312782
33
1750
0
3DFACE
5
C1AA
330
BF15
100
AcDbEntity
100
AcDbFace
8
MONTAJ_BORULARI
10
-2595
20
1240
30
0
11
-2610.432914190873
21
1263.096988312782
31
0
12
-2620
22
1265
32
0
13
-2620
23
1265
33
0
0
3DFACE
5
C1AB
330
BF15
100
AcDbEntity
100
AcDbFace
8
MONTAJ_BORULARI
10
-2595
20
1240
30
1750
11
-2610.432914190873
21
1263.096988312782
31
1750
12
-2620
22
1265
32
1750
13
-2620
23
1265
33
1750
0
3DFACE
5
C1AC
330
BF15
100
AcDbEntity
100
AcDbFace
8
MONTAJ_BORULARI
10
-2595
20
1240
30
0
11
-2620
21
1265
31
0
12
-2629.567085809127
22
1263.096988312782
32
0
13
-2629.567085809127
23
1263.096988312782
33
0
0
3DFACE
5
C1AD
330
BF15
100
AcDbEntity
100
AcDbFace
8
MONTAJ_BORULARI
10
-2595
20
1240
30
1750
11
-2620
21
1265
31
1750
12
-2629.567085809127
22
1263.096988312782
32
1750
13
-2629.567085809127
23
1263.096988312782
33
1750
0
3DFACE
5
C1AE
330
BF15
100
AcDbEntity
100
AcDbFace
8
MONTAJ_BORULARI
10
-2595
20
1240
30
0
11
-2629.567085809127
21
1263.096988312782
31
0
12
-2637.6776695296635
22
1257.6776695296637
32
0
13
-2637.6776695296635
23
1257.6776695296637
33
0
0
3DFACE
5
C1AF
330
BF15
100
AcDbEntity
100
AcDbFace
8
MONTAJ_BORULARI
10
-2595
20
1240
30
1750
11
-2629.567085809127
21
1263.096988312782
31
1750
12
-2637.6776695296635
22
1257.6776695296637
32
1750
13
-2637.6776695296635
23
1257.6776695296637
33
1750
0
3DFACE
5
C1B0
330
BF15
100
AcDbEntity
100
AcDbFace
8
MONTAJ_BORULARI
10
-2595
20
1240
30
0
11
-2637.6776695296635
21
1257.6776695296637
31
0
12
-2643.0969883127823
22
1249.5670858091273
32
0
13
-2643.0969883127823
23
1249.5670858091273
33
0
0
3DFACE
5
C1B1
330
BF15
100
AcDbEntity
100
AcDbFace
8
MONTAJ_BORULARI
10
-2595
20
1240
30
1750
11
-2637.6776695296635
21
1257.6776695296637
31
1750
12
-2643.0969883127823
22
1249.5670858091273
32
1750
13
-2643.0969883127823
23
1249.5670858091273
33
1750
0
3DFACE
5
C1B2
330
BF15
100
AcDbEntity
100
AcDbFace
8
MONTAJ_BORULARI
10
-2595
20
1240
30
0
11
-2643.0969883127823
21
1249.5670858091273
31
0
12
-2645
22
1240
32
0
13
-2645
23
1240
33
0
0
3DFACE
5
C1B3
330
BF15
100
AcDbEntity
100
AcDbFace
8
MONTAJ_BORULARI
10
-2595
20
1240
30
1750
11
-2643.0969883127823
21
1249.5670858091273
31
1750
12
-2645
22
1240
32
1750
13
-2645
23
1240
33
1750
0
3DFACE
5
C1B4
330
BF15
100
AcDbEntity
100
AcDbFace
8
MONTAJ_BORULARI
10
-2595
20
1240
30
0
11
-2645
21
1240
31
0
12
-2643.0969883127823
22
1230.4329141908727
32
0
13
-2643.0969883127823
23
1230.4329141908727
33
0
0
3DFACE
5
C1B5
330
BF15
100
AcDbEntity
100
AcDbFace
8
MONTAJ_BORULARI
10
-2595
20
1240
30
1750
11
-2645
21
1240
31
1750
12
-2643.0969883127823
22
1230.4329141908727
32
1750
13
-2643.0969883127823
23
1230.4329141908727
33
1750
0
3DFACE
5
C1B6
330
BF15
100
AcDbEntity
100
AcDbFace
8
MONTAJ_BORULARI
10
-2595
20
1240
30
0
11
-2643.0969883127823
21
1230.4329141908727
31
0
12
-2637.6776695296635
22
1222.3223304703363
32
0
13
-2637.6776695296635
23
1222.3223304703363
33
0
0
3DFACE
5
C1B7
330
BF15
100
AcDbEntity
100
AcDbFace
8
MONTAJ_BORULARI
10
-2595
20
1240
30
1750
11
-2643.0969883127823
21
1230.4329141908727
31
1750
12
-2637.6776695296635
22
1222.3223304703363
32
1750
13
-2637.6776695296635
23
1222.3223304703363
33
1750
0
3DFACE
5
C1B8
330
BF15
100
AcDbEntity
100
AcDbFace
8
MONTAJ_BORULARI
10
-2595
20
1240
30
0
11
-2637.6776695296635
21
1222.3223304703363
31
0
12
-2629.567085809127
22
1216.903011687218
32
0
13
-2629.567085809127
23
1216.903011687218
33
0
0
3DFACE
5
C1B9
330
BF15
100
AcDbEntity
100
AcDbFace
8
MONTAJ_BORULARI
10
-2595
20
1240
30
1750
11
-2637.6776695296635
21
1222.3223304703363
31
1750
12
-2629.567085809127
22
1216.903011687218
32
1750
13
-2629.567085809127
23
1216.903011687218
33
1750
0
3DFACE
5
C1BA
330
BF15
100
AcDbEntity
100
AcDbFace
8
MONTAJ_BORULARI
10
-2595
20
1240
30
0
11
-2629.567085809127
21
1216.903011687218
31
0
12
-2620
22
1215
32
0
13
-2620
23
1215
33
0
0
3DFACE
5
C1BB
330
BF15
100
AcDbEntity
100
AcDbFace
8
MONTAJ_BORULARI
10
-2595
20
1240
30
1750
11
-2629.567085809127
21
1216.903011687218
31
1750
12
-2620
22
1215
32
1750
13
-2620
23
1215
33
1750
0
3DFACE
5
C1BC
330
BF15
100
AcDbEntity
100
AcDbFace
8
MONTAJ_BORULARI
10
-2595
20
1240
30
0
11
-2620
21
1215
31
0
12
-2610.432914190873
22
1216.903011687218
32
0
13
-2610.432914190873
23
1216.903011687218
33
0
0
3DFACE
5
C1BD
330
BF15
100
AcDbEntity
100
AcDbFace
8
MONTAJ_BORULARI
10
-2595
20
1240
30
1750
11
-2620
21
1215
31
1750
12
-2610.432914190873
22
1216.903011687218
32
1750
13
-2610.432914190873
23
1216.903011687218
33
1750
0
3DFACE
5
C1BE
330
BF15
100
AcDbEntity
100
AcDbFace
8
MONTAJ_BORULARI
10
-2595
20
1240
30
0
11
-2610.432914190873
21
1216.903011687218
31
0
12
-2602.3223304703365
22
1222.3223304703363
32
0
13
-2602.3223304703365
23
1222.3223304703363
33
0
0
3DFACE
5
C1BF
330
BF15
100
AcDbEntity
100
AcDbFace
8
MONTAJ_BORULARI
10
-2595
20
1240
30
1750
11
-2610.432914190873
21
1216.903011687218
31
1750
12
-2602.3223304703365
22
1222.3223304703363
32
1750
13
-2602.3223304703365
23
1222.3223304703363
33
1750
0
3DFACE
5
C1C0
330
BF15
100
AcDbEntity
100
AcDbFace
8
MONTAJ_BORULARI
10
-2595
20
1240
30
0
11
-2602.3223304703365
21
1222.3223304703363
31
0
12
-2596.9030116872177
22
1230.4329141908727
32
0
13
-2596.9030116872177
23
1230.4329141908727
33
0
0
3DFACE
5
C1C1
330
BF15
100
AcDbEntity
100
AcDbFace
8
MONTAJ_BORULARI
10
-2595
20
1240
30
1750
11
-2602.3223304703365
21
1222.3223304703363
31
1750
12
-2596.9030116872177
22
1230.4329141908727
32
1750
13
-2596.9030116872177
23
1230.4329141908727
33
1750
0
3DFACE
5
C1C2
330
BF15
100
AcDbEntity
100
AcDbFace
8
MONTAJ_BORULARI
10
-2690
20
1170
30
0
11
-2550
21
1170
31
0
12
-2550
22
1310
32
0
13
-2690
23
1310
33
0
0
3DFACE
5
C1C3
330
BF15
100
AcDbEntity
100
AcDbFace
8
MONTAJ_BORULARI
10
-2690
20
1170
30
15
11
-2550
21
1170
31
15
12
-2550
22
1310
32
15
13
-2690
23
1310
33
15
0
3DFACE
5
C1C4
330
BF15
100
AcDbEntity
100
AcDbFace
8
MONTAJ_BORULARI
10
-2690
20
1170
30
0
11
-2550
21
1170
31
0
12
-2550
22
1170
32
15
13
-2690
23
1170
33
15
0
3DFACE
5
C1C5
330
BF15
100
AcDbEntity
100
AcDbFace
8
MONTAJ_BORULARI
10
-2690
20
1310
30
0
11
-2550
21
1310
31
0
12
-2550
22
1310
32
15
13
-2690
23
1310
33
15
0
3DFACE
5
C1C6
330
BF15
100
AcDbEntity
100
AcDbFace
8
MONTAJ_BORULARI
10
-2690
20
1170
30
0
11
-2690
21
1310
31
0
12
-2690
22
1310
32
15
13
-2690
23
1170
33
15
0
3DFACE
5
C1C7
330
BF15
100
AcDbEntity
100
AcDbFace
8
MONTAJ_BORULARI
10
-2550
20
1170
30
0
11
-2550
21
1310
31
0
12
-2550
22
1310
32
15
13
-2550
23
1170
33
15
0
LINE
5
C1C8
330
BF15
100
AcDbEntity
100
AcDbLine
8
MONTAJ_BORULARI
10
-2690
20
1170
30
0
11
-2550
21
1170
31
0
0
LINE
5
C1C9
330
BF15
100
AcDbEntity
100
AcDbLine
8
MONTAJ_BORULARI
10
-2550
20
1170
30
0
11
-2550
21
1310
31
0
0
LINE
5
C1CA
330
BF15
100
AcDbEntity
100
AcDbLine
8
MONTAJ_BORULARI
10
-2550
20
1310
30
0
11
-2690
21
1310
31
0
0
LINE
5
C1CB
330
BF15
100
AcDbEntity
100
AcDbLine
8
MONTAJ_BORULARI
10
-2690
20
1310
30
0
11
-2690
21
1170
31
0
0
LINE
5
C1CC
330
BF15
100
AcDbEntity
100
AcDbLine
8
MONTAJ_BORULARI
10
-2690
20
1170
30
15
11
-2550
21
1170
31
15
0
LINE
5
C1CD
330
BF15
100
AcDbEntity
100
AcDbLine
8
MONTAJ_BORULARI
10
-2550
20
1170
30
15
11
-2550
21
1310
31
15
0
LINE
5
C1CE
330
BF15
100
AcDbEntity
100
AcDbLine
8
MONTAJ_BORULARI
10
-2550
20
1310
30
15
11
-2690
21
1310
31
15
0
LINE
5
C1CF
330
BF15
100
AcDbEntity
100
AcDbLine
8
MONTAJ_BORULARI
10
-2690
20
1310
30
15
11
-2690
21
1170
31
15
0
LINE
5
C1D0
330
BF15
100
AcDbEntity
100
AcDbLine
8
MONTAJ_BORULARI
10
-2690
20
1170
30
0
11
-2690
21
1170
31
15
0
LINE
5
C1D1
330
BF15
100
AcDbEntity
100
AcDbLine
8
MONTAJ_BORULARI
10
-2550
20
1170
30
0
11
-2550
21
1170
31
15
0
LINE
5
C1D2
330
BF15
100
AcDbEntity
100
AcDbLine
8
MONTAJ_BORULARI
10
-2550
20
1310
30
0
11
-2550
21
1310
31
15
0
LINE
5
C1D3
330
BF15
100
AcDbEntity
100
AcDbLine
8
MONTAJ_BORULARI
10
-2690
20
1310
30
0
11
-2690
21
1310
31
15
0
3DFACE
5
C1D4
330
BF15
100
AcDbEntity
100
AcDbFace
8
MONTAJ_BORULARI
10
-2435
20
1240
30
0
11
-2436.9030116872177
21
1249.5670858091273
31
0
12
-2436.9030116872177
22
1249.5670858091273
32
1750
13
-2435
23
1240
33
1750
0
LINE
5
C1D5
330
BF15
100
AcDbEntity
100
AcDbLine
8
MONTAJ_BORULARI
10
-2435
20
1240
30
0
11
-2436.9030116872177
21
1249.5670858091273
31
0
0
LINE
5
C1D6
330
BF15
100
AcDbEntity
100
AcDbLine
8
MONTAJ_BORULARI
10
-2435
20
1240
30
1750
11
-2436.9030116872177
21
1249.5670858091273
31
1750
0
LINE
5
C1D7
330
BF15
100
AcDbEntity
100
AcDbLine
8
MONTAJ_BORULARI
10
-2435
20
1240
30
0
11
-2435
21
1240
31
1750
0
3DFACE
5
C1D8
330
BF15
100
AcDbEntity
100
AcDbFace
8
MONTAJ_BORULARI
10
-2436.9030116872177
20
1249.5670858091273
30
0
11
-2442.3223304703365
21
1257.6776695296637
31
0
12
-2442.3223304703365
22
1257.6776695296637
32
1750
13
-2436.9030116872177
23
1249.5670858091273
33
1750
0
LINE
5
C1D9
330
BF15
100
AcDbEntity
100
AcDbLine
8
MONTAJ_BORULARI
10
-2436.9030116872177
20
1249.5670858091273
30
0
11
-2442.3223304703365
21
1257.6776695296637
31
0
0
LINE
5
C1DA
330
BF15
100
AcDbEntity
100
AcDbLine
8
MONTAJ_BORULARI
10
-2436.9030116872177
20
1249.5670858091273
30
1750
11
-2442.3223304703365
21
1257.6776695296637
31
1750
0
3DFACE
5
C1DB
330
BF15
100
AcDbEntity
100
AcDbFace
8
MONTAJ_BORULARI
10
-2442.3223304703365
20
1257.6776695296637
30
0
11
-2450.432914190873
21
1263.096988312782
31
0
12
-2450.432914190873
22
1263.096988312782
32
1750
13
-2442.3223304703365
23
1257.6776695296637
33
1750
0
LINE
5
C1DC
330
BF15
100
AcDbEntity
100
AcDbLine
8
MONTAJ_BORULARI
10
-2442.3223304703365
20
1257.6776695296637
30
0
11
-2450.432914190873
21
1263.096988312782
31
0
0
LINE
5
C1DD
330
BF15
100
AcDbEntity
100
AcDbLine
8
MONTAJ_BORULARI
10
-2442.3223304703365
20
1257.6776695296637
30
1750
11
-2450.432914190873
21
1263.096988312782
31
1750
0
3DFACE
5
C1DE
330
BF15
100
AcDbEntity
100
AcDbFace
8
MONTAJ_BORULARI
10
-2450.432914190873
20
1263.096988312782
30
0
11
-2460
21
1265
31
0
12
-2460
22
1265
32
1750
13
-2450.432914190873
23
1263.096988312782
33
1750
0
LINE
5
C1DF
330
BF15
100
AcDbEntity
100
AcDbLine
8
MONTAJ_BORULARI
10
-2450.432914190873
20
1263.096988312782
30
0
11
-2460
21
1265
31
0
0
LINE
5
C1E0
330
BF15
100
AcDbEntity
100
AcDbLine
8
MONTAJ_BORULARI
10
-2450.432914190873
20
1263.096988312782
30
1750
11
-2460
21
1265
31
1750
0
3DFACE
5
C1E1
330
BF15
100
AcDbEntity
100
AcDbFace
8
MONTAJ_BORULARI
10
-2460
20
1265
30
0
11
-2469.567085809127
21
1263.096988312782
31
0
12
-2469.567085809127
22
1263.096988312782
32
1750
13
-2460
23
1265
33
1750
0
LINE
5
C1E2
330
BF15
100
AcDbEntity
100
AcDbLine
8
MONTAJ_BORULARI
10
-2460
20
1265
30
0
11
-2469.567085809127
21
1263.096988312782
31
0
0
LINE
5
C1E3
330
BF15
100
AcDbEntity
100
AcDbLine
8
MONTAJ_BORULARI
10
-2460
20
1265
30
1750
11
-2469.567085809127
21
1263.096988312782
31
1750
0
LINE
5
C1E4
330
BF15
100
AcDbEntity
100
AcDbLine
8
MONTAJ_BORULARI
10
-2460
20
1265
30
0
11
-2460
21
1265
31
1750
0
3DFACE
5
C1E5
330
BF15
100
AcDbEntity
100
AcDbFace
8
MONTAJ_BORULARI
10
-2469.567085809127
20
1263.096988312782
30
0
11
-2477.6776695296635
21
1257.6776695296637
31
0
12
-2477.6776695296635
22
1257.6776695296637
32
1750
13
-2469.567085809127
23
1263.096988312782
33
1750
0
LINE
5
C1E6
330
BF15
100
AcDbEntity
100
AcDbLine
8
MONTAJ_BORULARI
10
-2469.567085809127
20
1263.096988312782
30
0
11
-2477.6776695296635
21
1257.6776695296637
31
0
0
LINE
5
C1E7
330
BF15
100
AcDbEntity
100
AcDbLine
8
MONTAJ_BORULARI
10
-2469.567085809127
20
1263.096988312782
30
1750
11
-2477.6776695296635
21
1257.6776695296637
31
1750
0
3DFACE
5
C1E8
330
BF15
100
AcDbEntity
100
AcDbFace
8
MONTAJ_BORULARI
10
-2477.6776695296635
20
1257.6776695296637
30
0
11
-2483.0969883127823
21
1249.5670858091273
31
0
12
-2483.0969883127823
22
1249.5670858091273
32
1750
13
-2477.6776695296635
23
1257.6776695296637
33
1750
0
LINE
5
C1E9
330
BF15
100
AcDbEntity
100
AcDbLine
8
MONTAJ_BORULARI
10
-2477.6776695296635
20
1257.6776695296637
30
0
11
-2483.0969883127823
21
1249.5670858091273
31
0
0
LINE
5
C1EA
330
BF15
100
AcDbEntity
100
AcDbLine
8
MONTAJ_BORULARI
10
-2477.6776695296635
20
1257.6776695296637
30
1750
11
-2483.0969883127823
21
1249.5670858091273
31
1750
0
3DFACE
5
C1EB
330
BF15
100
AcDbEntity
100
AcDbFace
8
MONTAJ_BORULARI
10
-2483.0969883127823
20
1249.5670858091273
30
0
11
-2485
21
1240
31
0
12
-2485
22
1240
32
1750
13
-2483.0969883127823
23
1249.5670858091273
33
1750
0
LINE
5
C1EC
330
BF15
100
AcDbEntity
100
AcDbLine
8
MONTAJ_BORULARI
10
-2483.0969883127823
20
1249.5670858091273
30
0
11
-2485
21
1240
31
0
0
LINE
5
C1ED
330
BF15
100
AcDbEntity
100
AcDbLine
8
MONTAJ_BORULARI
10
-2483.0969883127823
20
1249.5670858091273
30
1750
11
-2485
21
1240
31
1750
0
3DFACE
5
C1EE
330
BF15
100
AcDbEntity
100
AcDbFace
8
MONTAJ_BORULARI
10
-2485
20
1240
30
0
11
-2483.0969883127823
21
1230.4329141908727
31
0
12
-2483.0969883127823
22
1230.4329141908727
32
1750
13
-2485
23
1240
33
1750
0
LINE
5
C1EF
330
BF15
100
AcDbEntity
100
AcDbLine
8
MONTAJ_BORULARI
10
-2485
20
1240
30
0
11
-2483.0969883127823
21
1230.4329141908727
31
0
0
LINE
5
C1F0
330
BF15
100
AcDbEntity
100
AcDbLine
8
MONTAJ_BORULARI
10
-2485
20
1240
30
1750
11
-2483.0969883127823
21
1230.4329141908727
31
1750
0
LINE
5
C1F1
330
BF15
100
AcDbEntity
100
AcDbLine
8
MONTAJ_BORULARI
10
-2485
20
1240
30
0
11
-2485
21
1240
31
1750
0
3DFACE
5
C1F2
330
BF15
100
AcDbEntity
100
AcDbFace
8
MONTAJ_BORULARI
10
-2483.0969883127823
20
1230.4329141908727
30
0
11
-2477.6776695296635
21
1222.3223304703363
31
0
12
-2477.6776695296635
22
1222.3223304703363
32
1750
13
-2483.0969883127823
23
1230.4329141908727
33
1750
0
LINE
5
C1F3
330
BF15
100
AcDbEntity
100
AcDbLine
8
MONTAJ_BORULARI
10
-2483.0969883127823
20
1230.4329141908727
30
0
11
-2477.6776695296635
21
1222.3223304703363
31
0
0
LINE
5
C1F4
330
BF15
100
AcDbEntity
100
AcDbLine
8
MONTAJ_BORULARI
10
-2483.0969883127823
20
1230.4329141908727
30
1750
11
-2477.6776695296635
21
1222.3223304703363
31
1750
0
3DFACE
5
C1F5
330
BF15
100
AcDbEntity
100
AcDbFace
8
MONTAJ_BORULARI
10
-2477.6776695296635
20
1222.3223304703363
30
0
11
-2469.567085809127
21
1216.903011687218
31
0
12
-2469.567085809127
22
1216.903011687218
32
1750
13
-2477.6776695296635
23
1222.3223304703363
33
1750
0
LINE
5
C1F6
330
BF15
100
AcDbEntity
100
AcDbLine
8
MONTAJ_BORULARI
10
-2477.6776695296635
20
1222.3223304703363
30
0
11
-2469.567085809127
21
1216.903011687218
31
0
0
LINE
5
C1F7
330
BF15
100
AcDbEntity
100
AcDbLine
8
MONTAJ_BORULARI
10
-2477.6776695296635
20
1222.3223304703363
30
1750
11
-2469.567085809127
21
1216.903011687218
31
1750
0
3DFACE
5
C1F8
330
BF15
100
AcDbEntity
100
AcDbFace
8
MONTAJ_BORULARI
10
-2469.567085809127
20
1216.903011687218
30
0
11
-2460
21
1215
31
0
12
-2460
22
1215
32
1750
13
-2469.567085809127
23
1216.903011687218
33
1750
0
LINE
5
C1F9
330
BF15
100
AcDbEntity
100
AcDbLine
8
MONTAJ_BORULARI
10
-2469.567085809127
20
1216.903011687218
30
0
11
-2460
21
1215
31
0
0
LINE
5
C1FA
330
BF15
100
AcDbEntity
100
AcDbLine
8
MONTAJ_BORULARI
10
-2469.567085809127
20
1216.903011687218
30
1750
11
-2460
21
1215
31
1750
0
3DFACE
5
C1FB
330
BF15
100
AcDbEntity
100
AcDbFace
8
MONTAJ_BORULARI
10
-2460
20
1215
30
0
11
-2450.432914190873
21
1216.903011687218
31
0
12
-2450.432914190873
22
1216.903011687218
32
1750
13
-2460
23
1215
33
1750
0
LINE
5
C1FC
330
BF15
100
AcDbEntity
100
AcDbLine
8
MONTAJ_BORULARI
10
-2460
20
1215
30
0
11
-2450.432914190873
21
1216.903011687218
31
0
0
LINE
5
C1FD
330
BF15
100
AcDbEntity
100
AcDbLine
8
MONTAJ_BORULARI
10
-2460
20
1215
30
1750
11
-2450.432914190873
21
1216.903011687218
31
1750
0
LINE
5
C1FE
330
BF15
100
AcDbEntity
100
AcDbLine
8
MONTAJ_BORULARI
10
-2460
20
1215
30
0
11
-2460
21
1215
31
1750
0
3DFACE
5
C1FF
330
BF15
100
AcDbEntity
100
AcDbFace
8
MONTAJ_BORULARI
10
-2450.432914190873
20
1216.903011687218
30
0
11
-2442.3223304703365
21
1222.3223304703363
31
0
12
-2442.3223304703365
22
1222.3223304703363
32
1750
13
-2450.432914190873
23
1216.903011687218
33
1750
0
LINE
5
C200
330
BF15
100
AcDbEntity
100
AcDbLine
8
MONTAJ_BORULARI
10
-2450.432914190873
20
1216.903011687218
30
0
11
-2442.3223304703365
21
1222.3223304703363
31
0
0
LINE
5
C201
330
BF15
100
AcDbEntity
100
AcDbLine
8
MONTAJ_BORULARI
10
-2450.432914190873
20
1216.903011687218
30
1750
11
-2442.3223304703365
21
1222.3223304703363
31
1750
0
3DFACE
5
C202
330
BF15
100
AcDbEntity
100
AcDbFace
8
MONTAJ_BORULARI
10
-2442.3223304703365
20
1222.3223304703363
30
0
11
-2436.9030116872177
21
1230.4329141908727
31
0
12
-2436.9030116872177
22
1230.4329141908727
32
1750
13
-2442.3223304703365
23
1222.3223304703363
33
1750
0
LINE
5
C203
330
BF15
100
AcDbEntity
100
AcDbLine
8
MONTAJ_BORULARI
10
-2442.3223304703365
20
1222.3223304703363
30
0
11
-2436.9030116872177
21
1230.4329141908727
31
0
0
LINE
5
C204
330
BF15
100
AcDbEntity
100
AcDbLine
8
MONTAJ_BORULARI
10
-2442.3223304703365
20
1222.3223304703363
30
1750
11
-2436.9030116872177
21
1230.4329141908727
31
1750
0
3DFACE
5
C205
330
BF15
100
AcDbEntity
100
AcDbFace
8
MONTAJ_BORULARI
10
-2436.9030116872177
20
1230.4329141908727
30
0
11
-2435
21
1240
31
0
12
-2435
22
1240
32
1750
13
-2436.9030116872177
23
1230.4329141908727
33
1750
0
LINE
5
C206
330
BF15
100
AcDbEntity
100
AcDbLine
8
MONTAJ_BORULARI
10
-2436.9030116872177
20
1230.4329141908727
30
0
11
-2435
21
1240
31
0
0
LINE
5
C207
330
BF15
100
AcDbEntity
100
AcDbLine
8
MONTAJ_BORULARI
10
-2436.9030116872177
20
1230.4329141908727
30
1750
11
-2435
21
1240
31
1750
0
3DFACE
5
C208
330
BF15
100
AcDbEntity
100
AcDbFace
8
MONTAJ_BORULARI
10
-2435
20
1240
30
0
11
-2436.9030116872177
21
1249.5670858091273
31
0
12
-2442.3223304703365
22
1257.6776695296637
32
0
13
-2442.3223304703365
23
1257.6776695296637
33
0
0
3DFACE
5
C209
330
BF15
100
AcDbEntity
100
AcDbFace
8
MONTAJ_BORULARI
10
-2435
20
1240
30
1750
11
-2436.9030116872177
21
1249.5670858091273
31
1750
12
-2442.3223304703365
22
1257.6776695296637
32
1750
13
-2442.3223304703365
23
1257.6776695296637
33
1750
0
3DFACE
5
C20A
330
BF15
100
AcDbEntity
100
AcDbFace
8
MONTAJ_BORULARI
10
-2435
20
1240
30
0
11
-2442.3223304703365
21
1257.6776695296637
31
0
12
-2450.432914190873
22
1263.096988312782
32
0
13
-2450.432914190873
23
1263.096988312782
33
0
0
3DFACE
5
C20B
330
BF15
100
AcDbEntity
100
AcDbFace
8
MONTAJ_BORULARI
10
-2435
20
1240
30
1750
11
-2442.3223304703365
21
1257.6776695296637
31
1750
12
-2450.432914190873
22
1263.096988312782
32
1750
13
-2450.432914190873
23
1263.096988312782
33
1750
0
3DFACE
5
C20C
330
BF15
100
AcDbEntity
100
AcDbFace
8
MONTAJ_BORULARI
10
-2435
20
1240
30
0
11
-2450.432914190873
21
1263.096988312782
31
0
12
-2460
22
1265
32
0
13
-2460
23
1265
33
0
0
3DFACE
5
C20D
330
BF15
100
AcDbEntity
100
AcDbFace
8
MONTAJ_BORULARI
10
-2435
20
1240
30
1750
11
-2450.432914190873
21
1263.096988312782
31
1750
12
-2460
22
1265
32
1750
13
-2460
23
1265
33
1750
0
3DFACE
5
C20E
330
BF15
100
AcDbEntity
100
AcDbFace
8
MONTAJ_BORULARI
10
-2435
20
1240
30
0
11
-2460
21
1265
31
0
12
-2469.567085809127
22
1263.096988312782
32
0
13
-2469.567085809127
23
1263.096988312782
33
0
0
3DFACE
5
C20F
330
BF15
100
AcDbEntity
100
AcDbFace
8
MONTAJ_BORULARI
10
-2435
20
1240
30
1750
11
-2460
21
1265
31
1750
12
-2469.567085809127
22
1263.096988312782
32
1750
13
-2469.567085809127
23
1263.096988312782
33
1750
0
3DFACE
5
C210
330
BF15
100
AcDbEntity
100
AcDbFace
8
MONTAJ_BORULARI
10
-2435
20
1240
30
0
11
-2469.567085809127
21
1263.096988312782
31
0
12
-2477.6776695296635
22
1257.6776695296637
32
0
13
-2477.6776695296635
23
1257.6776695296637
33
0
0
3DFACE
5
C211
330
BF15
100
AcDbEntity
100
AcDbFace
8
MONTAJ_BORULARI
10
-2435
20
1240
30
1750
11
-2469.567085809127
21
1263.096988312782
31
1750
12
-2477.6776695296635
22
1257.6776695296637
32
1750
13
-2477.6776695296635
23
1257.6776695296637
33
1750
0
3DFACE
5
C212
330
BF15
100
AcDbEntity
100
AcDbFace
8
MONTAJ_BORULARI
10
-2435
20
1240
30
0
11
-2477.6776695296635
21
1257.6776695296637
31
0
12
-2483.0969883127823
22
1249.5670858091273
32
0
13
-2483.0969883127823
23
1249.5670858091273
33
0
0
3DFACE
5
C213
330
BF15
100
AcDbEntity
100
AcDbFace
8
MONTAJ_BORULARI
10
-2435
20
1240
30
1750
11
-2477.6776695296635
21
1257.6776695296637
31
1750
12
-2483.0969883127823
22
1249.5670858091273
32
1750
13
-2483.0969883127823
23
1249.5670858091273
33
1750
0
3DFACE
5
C214
330
BF15
100
AcDbEntity
100
AcDbFace
8
MONTAJ_BORULARI
10
-2435
20
1240
30
0
11
-2483.0969883127823
21
1249.5670858091273
31
0
12
-2485
22
1240
32
0
13
-2485
23
1240
33
0
0
3DFACE
5
C215
330
BF15
100
AcDbEntity
100
AcDbFace
8
MONTAJ_BORULARI
10
-2435
20
1240
30
1750
11
-2483.0969883127823
21
1249.5670858091273
31
1750
12
-2485
22
1240
32
1750
13
-2485
23
1240
33
1750
0
3DFACE
5
C216
330
BF15
100
AcDbEntity
100
AcDbFace
8
MONTAJ_BORULARI
10
-2435
20
1240
30
0
11
-2485
21
1240
31
0
12
-2483.0969883127823
22
1230.4329141908727
32
0
13
-2483.0969883127823
23
1230.4329141908727
33
0
0
3DFACE
5
C217
330
BF15
100
AcDbEntity
100
AcDbFace
8
MONTAJ_BORULARI
10
-2435
20
1240
30
1750
11
-2485
21
1240
31
1750
12
-2483.0969883127823
22
1230.4329141908727
32
1750
13
-2483.0969883127823
23
1230.4329141908727
33
1750
0
3DFACE
5
C218
330
BF15
100
AcDbEntity
100
AcDbFace
8
MONTAJ_BORULARI
10
-2435
20
1240
30
0
11
-2483.0969883127823
21
1230.4329141908727
31
0
12
-2477.6776695296635
22
1222.3223304703363
32
0
13
-2477.6776695296635
23
1222.3223304703363
33
0
0
3DFACE
5
C219
330
BF15
100
AcDbEntity
100
AcDbFace
8
MONTAJ_BORULARI
10
-2435
20
1240
30
1750
11
-2483.0969883127823
21
1230.4329141908727
31
1750
12
-2477.6776695296635
22
1222.3223304703363
32
1750
13
-2477.6776695296635
23
1222.3223304703363
33
1750
0
3DFACE
5
C21A
330
BF15
100
AcDbEntity
100
AcDbFace
8
MONTAJ_BORULARI
10
-2435
20
1240
30
0
11
-2477.6776695296635
21
1222.3223304703363
31
0
12
-2469.567085809127
22
1216.903011687218
32
0
13
-2469.567085809127
23
1216.903011687218
33
0
0
3DFACE
5
C21B
330
BF15
100
AcDbEntity
100
AcDbFace
8
MONTAJ_BORULARI
10
-2435
20
1240
30
1750
11
-2477.6776695296635
21
1222.3223304703363
31
1750
12
-2469.567085809127
22
1216.903011687218
32
1750
13
-2469.567085809127
23
1216.903011687218
33
1750
0
3DFACE
5
C21C
330
BF15
100
AcDbEntity
100
AcDbFace
8
MONTAJ_BORULARI
10
-2435
20
1240
30
0
11
-2469.567085809127
21
1216.903011687218
31
0
12
-2460
22
1215
32
0
13
-2460
23
1215
33
0
0
3DFACE
5
C21D
330
BF15
100
AcDbEntity
100
AcDbFace
8
MONTAJ_BORULARI
10
-2435
20
1240
30
1750
11
-2469.567085809127
21
1216.903011687218
31
1750
12
-2460
22
1215
32
1750
13
-2460
23
1215
33
1750
0
3DFACE
5
C21E
330
BF15
100
AcDbEntity
100
AcDbFace
8
MONTAJ_BORULARI
10
-2435
20
1240
30
0
11
-2460
21
1215
31
0
12
-2450.432914190873
22
1216.903011687218
32
0
13
-2450.432914190873
23
1216.903011687218
33
0
0
3DFACE
5
C21F
330
BF15
100
AcDbEntity
100
AcDbFace
8
MONTAJ_BORULARI
10
-2435
20
1240
30
1750
11
-2460
21
1215
31
1750
12
-2450.432914190873
22
1216.903011687218
32
1750
13
-2450.432914190873
23
1216.903011687218
33
1750
0
3DFACE
5
C220
330
BF15
100
AcDbEntity
100
AcDbFace
8
MONTAJ_BORULARI
10
-2435
20
1240
30
0
11
-2450.432914190873
21
1216.903011687218
31
0
12
-2442.3223304703365
22
1222.3223304703363
32
0
13
-2442.3223304703365
23
1222.3223304703363
33
0
0
3DFACE
5
C221
330
BF15
100
AcDbEntity
100
AcDbFace
8
MONTAJ_BORULARI
10
-2435
20
1240
30
1750
11
-2450.432914190873
21
1216.903011687218
31
1750
12
-2442.3223304703365
22
1222.3223304703363
32
1750
13
-2442.3223304703365
23
1222.3223304703363
33
1750
0
3DFACE
5
C222
330
BF15
100
AcDbEntity
100
AcDbFace
8
MONTAJ_BORULARI
10
-2435
20
1240
30
0
11
-2442.3223304703365
21
1222.3223304703363
31
0
12
-2436.9030116872177
22
1230.4329141908727
32
0
13
-2436.9030116872177
23
1230.4329141908727
33
0
0
3DFACE
5
C223
330
BF15
100
AcDbEntity
100
AcDbFace
8
MONTAJ_BORULARI
10
-2435
20
1240
30
1750
11
-2442.3223304703365
21
1222.3223304703363
31
1750
12
-2436.9030116872177
22
1230.4329141908727
32
1750
13
-2436.9030116872177
23
1230.4329141908727
33
1750
0
3DFACE
5
C224
330
BF15
100
AcDbEntity
100
AcDbFace
8
MONTAJ_BORULARI
10
-2530
20
1170
30
0
11
-2390
21
1170
31
0
12
-2390
22
1310
32
0
13
-2530
23
1310
33
0
0
3DFACE
5
C225
330
BF15
100
AcDbEntity
100
AcDbFace
8
MONTAJ_BORULARI
10
-2530
20
1170
30
15
11
-2390
21
1170
31
15
12
-2390
22
1310
32
15
13
-2530
23
1310
33
15
0
3DFACE
5
C226
330
BF15
100
AcDbEntity
100
AcDbFace
8
MONTAJ_BORULARI
10
-2530
20
1170
30
0
11
-2390
21
1170
31
0
12
-2390
22
1170
32
15
13
-2530
23
1170
33
15
0
3DFACE
5
C227
330
BF15
100
AcDbEntity
100
AcDbFace
8
MONTAJ_BORULARI
10
-2530
20
1310
30
0
11
-2390
21
1310
31
0
12
-2390
22
1310
32
15
13
-2530
23
1310
33
15
0
3DFACE
5
C228
330
BF15
100
AcDbEntity
100
AcDbFace
8
MONTAJ_BORULARI
10
-2530
20
1170
30
0
11
-2530
21
1310
31
0
12
-2530
22
1310
32
15
13
-2530
23
1170
33
15
0
3DFACE
5
C229
330
BF15
100
AcDbEntity
100
AcDbFace
8
MONTAJ_BORULARI
10
-2390
20
1170
30
0
11
-2390
21
1310
31
0
12
-2390
22
1310
32
15
13
-2390
23
1170
33
15
0
LINE
5
C22A
330
BF15
100
AcDbEntity
100
AcDbLine
8
MONTAJ_BORULARI
10
-2530
20
1170
30
0
11
-2390
21
1170
31
0
0
LINE
5
C22B
330
BF15
100
AcDbEntity
100
AcDbLine
8
MONTAJ_BORULARI
10
-2390
20
1170
30
0
11
-2390
21
1310
31
0
0
LINE
5
C22C
330
BF15
100
AcDbEntity
100
AcDbLine
8
MONTAJ_BORULARI
10
-2390
20
1310
30
0
11
-2530
21
1310
31
0
0
LINE
5
C22D
330
BF15
100
AcDbEntity
100
AcDbLine
8
MONTAJ_BORULARI
10
-2530
20
1310
30
0
11
-2530
21
1170
31
0
0
LINE
5
C22E
330
BF15
100
AcDbEntity
100
AcDbLine
8
MONTAJ_BORULARI
10
-2530
20
1170
30
15
11
-2390
21
1170
31
15
0
LINE
5
C22F
330
BF15
100
AcDbEntity
100
AcDbLine
8
MONTAJ_BORULARI
10
-2390
20
1170
30
15
11
-2390
21
1310
31
15
0
LINE
5
C230
330
BF15
100
AcDbEntity
100
AcDbLine
8
MONTAJ_BORULARI
10
-2390
20
1310
30
15
11
-2530
21
1310
31
15
0
LINE
5
C231
330
BF15
100
AcDbEntity
100
AcDbLine
8
MONTAJ_BORULARI
10
-2530
20
1310
30
15
11
-2530
21
1170
31
15
0
LINE
5
C232
330
BF15
100
AcDbEntity
100
AcDbLine
8
MONTAJ_BORULARI
10
-2530
20
1170
30
0
11
-2530
21
1170
31
15
0
LINE
5
C233
330
BF15
100
AcDbEntity
100
AcDbLine
8
MONTAJ_BORULARI
10
-2390
20
1170
30
0
11
-2390
21
1170
31
15
0
LINE
5
C234
330
BF15
100
AcDbEntity
100
AcDbLine
8
MONTAJ_BORULARI
10
-2390
20
1310
30
0
11
-2390
21
1310
31
15
0
LINE
5
C235
330
BF15
100
AcDbEntity
100
AcDbLine
8
MONTAJ_BORULARI
10
-2530
20
1310
30
0
11
-2530
21
1310
31
15
0
3DFACE
5
C236
330
BF15
100
AcDbEntity
100
AcDbFace
8
MONTAJ_BORULARI
10
-2275
20
1240
30
0
11
-2276.9030116872177
21
1249.5670858091273
31
0
12
-2276.9030116872177
22
1249.5670858091273
32
1750
13
-2275
23
1240
33
1750
0
LINE
5
C237
330
BF15
100
AcDbEntity
100
AcDbLine
8
MONTAJ_BORULARI
10
-2275
20
1240
30
0
11
-2276.9030116872177
21
1249.5670858091273
31
0
0
LINE
5
C238
330
BF15
100
AcDbEntity
100
AcDbLine
8
MONTAJ_BORULARI
10
-2275
20
1240
30
1750
11
-2276.9030116872177
21
1249.5670858091273
31
1750
0
LINE
5
C239
330
BF15
100
AcDbEntity
100
AcDbLine
8
MONTAJ_BORULARI
10
-2275
20
1240
30
0
11
-2275
21
1240
31
1750
0
3DFACE
5
C23A
330
BF15
100
AcDbEntity
100
AcDbFace
8
MONTAJ_BORULARI
10
-2276.9030116872177
20
1249.5670858091273
30
0
11
-2282.3223304703365
21
1257.6776695296637
31
0
12
-2282.3223304703365
22
1257.6776695296637
32
1750
13
-2276.9030116872177
23
1249.5670858091273
33
1750
0
LINE
5
C23B
330
BF15
100
AcDbEntity
100
AcDbLine
8
MONTAJ_BORULARI
10
-2276.9030116872177
20
1249.5670858091273
30
0
11
-2282.3223304703365
21
1257.6776695296637
31
0
0
LINE
5
C23C
330
BF15
100
AcDbEntity
100
AcDbLine
8
MONTAJ_BORULARI
10
-2276.9030116872177
20
1249.5670858091273
30
1750
11
-2282.3223304703365
21
1257.6776695296637
31
1750
0
3DFACE
5
C23D
330
BF15
100
AcDbEntity
100
AcDbFace
8
MONTAJ_BORULARI
10
-2282.3223304703365
20
1257.6776695296637
30
0
11
-2290.432914190873
21
1263.096988312782
31
0
12
-2290.432914190873
22
1263.096988312782
32
1750
13
-2282.3223304703365
23
1257.6776695296637
33
1750
0
LINE
5
C23E
330
BF15
100
AcDbEntity
100
AcDbLine
8
MONTAJ_BORULARI
10
-2282.3223304703365
20
1257.6776695296637
30
0
11
-2290.432914190873
21
1263.096988312782
31
0
0
LINE
5
C23F
330
BF15
100
AcDbEntity
100
AcDbLine
8
MONTAJ_BORULARI
10
-2282.3223304703365
20
1257.6776695296637
30
1750
11
-2290.432914190873
21
1263.096988312782
31
1750
0
3DFACE
5
C240
330
BF15
100
AcDbEntity
100
AcDbFace
8
MONTAJ_BORULARI
10
-2290.432914190873
20
1263.096988312782
30
0
11
-2300
21
1265
31
0
12
-2300
22
1265
32
1750
13
-2290.432914190873
23
1263.096988312782
33
1750
0
LINE
5
C241
330
BF15
100
AcDbEntity
100
AcDbLine
8
MONTAJ_BORULARI
10
-2290.432914190873
20
1263.096988312782
30
0
11
-2300
21
1265
31
0
0
LINE
5
C242
330
BF15
100
AcDbEntity
100
AcDbLine
8
MONTAJ_BORULARI
10
-2290.432914190873
20
1263.096988312782
30
1750
11
-2300
21
1265
31
1750
0
3DFACE
5
C243
330
BF15
100
AcDbEntity
100
AcDbFace
8
MONTAJ_BORULARI
10
-2300
20
1265
30
0
11
-2309.567085809127
21
1263.096988312782
31
0
12
-2309.567085809127
22
1263.096988312782
32
1750
13
-2300
23
1265
33
1750
0
LINE
5
C244
330
BF15
100
AcDbEntity
100
AcDbLine
8
MONTAJ_BORULARI
10
-2300
20
1265
30
0
11
-2309.567085809127
21
1263.096988312782
31
0
0
LINE
5
C245
330
BF15
100
AcDbEntity
100
AcDbLine
8
MONTAJ_BORULARI
10
-2300
20
1265
30
1750
11
-2309.567085809127
21
1263.096988312782
31
1750
0
LINE
5
C246
330
BF15
100
AcDbEntity
100
AcDbLine
8
MONTAJ_BORULARI
10
-2300
20
1265
30
0
11
-2300
21
1265
31
1750
0
3DFACE
5
C247
330
BF15
100
AcDbEntity
100
AcDbFace
8
MONTAJ_BORULARI
10
-2309.567085809127
20
1263.096988312782
30
0
11
-2317.6776695296635
21
1257.6776695296637
31
0
12
-2317.6776695296635
22
1257.6776695296637
32
1750
13
-2309.567085809127
23
1263.096988312782
33
1750
0
LINE
5
C248
330
BF15
100
AcDbEntity
100
AcDbLine
8
MONTAJ_BORULARI
10
-2309.567085809127
20
1263.096988312782
30
0
11
-2317.6776695296635
21
1257.6776695296637
31
0
0
LINE
5
C249
330
BF15
100
AcDbEntity
100
AcDbLine
8
MONTAJ_BORULARI
10
-2309.567085809127
20
1263.096988312782
30
1750
11
-2317.6776695296635
21
1257.6776695296637
31
1750
0
3DFACE
5
C24A
330
BF15
100
AcDbEntity
100
AcDbFace
8
MONTAJ_BORULARI
10
-2317.6776695296635
20
1257.6776695296637
30
0
11
-2323.0969883127823
21
1249.5670858091273
31
0
12
-2323.0969883127823
22
1249.5670858091273
32
1750
13
-2317.6776695296635
23
1257.6776695296637
33
1750
0
LINE
5
C24B
330
BF15
100
AcDbEntity
100
AcDbLine
8
MONTAJ_BORULARI
10
-2317.6776695296635
20
1257.6776695296637
30
0
11
-2323.0969883127823
21
1249.5670858091273
31
0
0
LINE
5
C24C
330
BF15
100
AcDbEntity
100
AcDbLine
8
MONTAJ_BORULARI
10
-2317.6776695296635
20
1257.6776695296637
30
1750
11
-2323.0969883127823
21
1249.5670858091273
31
1750
0
3DFACE
5
C24D
330
BF15
100
AcDbEntity
100
AcDbFace
8
MONTAJ_BORULARI
10
-2323.0969883127823
20
1249.5670858091273
30
0
11
-2325
21
1240
31
0
12
-2325
22
1240
32
1750
13
-2323.0969883127823
23
1249.5670858091273
33
1750
0
LINE
5
C24E
330
BF15
100
AcDbEntity
100
AcDbLine
8
MONTAJ_BORULARI
10
-2323.0969883127823
20
1249.5670858091273
30
0
11
-2325
21
1240
31
0
0
LINE
5
C24F
330
BF15
100
AcDbEntity
100
AcDbLine
8
MONTAJ_BORULARI
10
-2323.0969883127823
20
1249.5670858091273
30
1750
11
-2325
21
1240
31
1750
0
3DFACE
5
C250
330
BF15
100
AcDbEntity
100
AcDbFace
8
MONTAJ_BORULARI
10
-2325
20
1240
30
0
11
-2323.0969883127823
21
1230.4329141908727
31
0
12
-2323.0969883127823
22
1230.4329141908727
32
1750
13
-2325
23
1240
33
1750
0
LINE
5
C251
330
BF15
100
AcDbEntity
100
AcDbLine
8
MONTAJ_BORULARI
10
-2325
20
1240
30
0
11
-2323.0969883127823
21
1230.4329141908727
31
0
0
LINE
5
C252
330
BF15
100
AcDbEntity
100
AcDbLine
8
MONTAJ_BORULARI
10
-2325
20
1240
30
1750
11
-2323.0969883127823
21
1230.4329141908727
31
1750
0
LINE
5
C253
330
BF15
100
AcDbEntity
100
AcDbLine
8
MONTAJ_BORULARI
10
-2325
20
1240
30
0
11
-2325
21
1240
31
1750
0
3DFACE
5
C254
330
BF15
100
AcDbEntity
100
AcDbFace
8
MONTAJ_BORULARI
10
-2323.0969883127823
20
1230.4329141908727
30
0
11
-2317.6776695296635
21
1222.3223304703363
31
0
12
-2317.6776695296635
22
1222.3223304703363
32
1750
13
-2323.0969883127823
23
1230.4329141908727
33
1750
0
LINE
5
C255
330
BF15
100
AcDbEntity
100
AcDbLine
8
MONTAJ_BORULARI
10
-2323.0969883127823
20
1230.4329141908727
30
0
11
-2317.6776695296635
21
1222.3223304703363
31
0
0
LINE
5
C256
330
BF15
100
AcDbEntity
100
AcDbLine
8
MONTAJ_BORULARI
10
-2323.0969883127823
20
1230.4329141908727
30
1750
11
-2317.6776695296635
21
1222.3223304703363
31
1750
0
3DFACE
5
C257
330
BF15
100
AcDbEntity
100
AcDbFace
8
MONTAJ_BORULARI
10
-2317.6776695296635
20
1222.3223304703363
30
0
11
-2309.567085809127
21
1216.903011687218
31
0
12
-2309.567085809127
22
1216.903011687218
32
1750
13
-2317.6776695296635
23
1222.3223304703363
33
1750
0
LINE
5
C258
330
BF15
100
AcDbEntity
100
AcDbLine
8
MONTAJ_BORULARI
10
-2317.6776695296635
20
1222.3223304703363
30
0
11
-2309.567085809127
21
1216.903011687218
31
0
0
LINE
5
C259
330
BF15
100
AcDbEntity
100
AcDbLine
8
MONTAJ_BORULARI
10
-2317.6776695296635
20
1222.3223304703363
30
1750
11
-2309.567085809127
21
1216.903011687218
31
1750
0
3DFACE
5
C25A
330
BF15
100
AcDbEntity
100
AcDbFace
8
MONTAJ_BORULARI
10
-2309.567085809127
20
1216.903011687218
30
0
11
-2300
21
1215
31
0
12
-2300
22
1215
32
1750
13
-2309.567085809127
23
1216.903011687218
33
1750
0
LINE
5
C25B
330
BF15
100
AcDbEntity
100
AcDbLine
8
MONTAJ_BORULARI
10
-2309.567085809127
20
1216.903011687218
30
0
11
-2300
21
1215
31
0
0
LINE
5
C25C
330
BF15
100
AcDbEntity
100
AcDbLine
8
MONTAJ_BORULARI
10
-2309.567085809127
20
1216.903011687218
30
1750
11
-2300
21
1215
31
1750
0
3DFACE
5
C25D
330
BF15
100
AcDbEntity
100
AcDbFace
8
MONTAJ_BORULARI
10
-2300
20
1215
30
0
11
-2290.432914190873
21
1216.903011687218
31
0
12
-2290.432914190873
22
1216.903011687218
32
1750
13
-2300
23
1215
33
1750
0
LINE
5
C25E
330
BF15
100
AcDbEntity
100
AcDbLine
8
MONTAJ_BORULARI
10
-2300
20
1215
30
0
11
-2290.432914190873
21
1216.903011687218
31
0
0
LINE
5
C25F
330
BF15
100
AcDbEntity
100
AcDbLine
8
MONTAJ_BORULARI
10
-2300
20
1215
30
1750
11
-2290.432914190873
21
1216.903011687218
31
1750
0
LINE
5
C260
330
BF15
100
AcDbEntity
100
AcDbLine
8
MONTAJ_BORULARI
10
-2300
20
1215
30
0
11
-2300
21
1215
31
1750
0
3DFACE
5
C261
330
BF15
100
AcDbEntity
100
AcDbFace
8
MONTAJ_BORULARI
10
-2290.432914190873
20
1216.903011687218
30
0
11
-2282.3223304703365
21
1222.3223304703363
31
0
12
-2282.3223304703365
22
1222.3223304703363
32
1750
13
-2290.432914190873
23
1216.903011687218
33
1750
0
LINE
5
C262
330
BF15
100
AcDbEntity
100
AcDbLine
8
MONTAJ_BORULARI
10
-2290.432914190873
20
1216.903011687218
30
0
11
-2282.3223304703365
21
1222.3223304703363
31
0
0
LINE
5
C263
330
BF15
100
AcDbEntity
100
AcDbLine
8
MONTAJ_BORULARI
10
-2290.432914190873
20
1216.903011687218
30
1750
11
-2282.3223304703365
21
1222.3223304703363
31
1750
0
3DFACE
5
C264
330
BF15
100
AcDbEntity
100
AcDbFace
8
MONTAJ_BORULARI
10
-2282.3223304703365
20
1222.3223304703363
30
0
11
-2276.9030116872177
21
1230.4329141908727
31
0
12
-2276.9030116872177
22
1230.4329141908727
32
1750
13
-2282.3223304703365
23
1222.3223304703363
33
1750
0
LINE
5
C265
330
BF15
100
AcDbEntity
100
AcDbLine
8
MONTAJ_BORULARI
10
-2282.3223304703365
20
1222.3223304703363
30
0
11
-2276.9030116872177
21
1230.4329141908727
31
0
0
LINE
5
C266
330
BF15
100
AcDbEntity
100
AcDbLine
8
MONTAJ_BORULARI
10
-2282.3223304703365
20
1222.3223304703363
30
1750
11
-2276.9030116872177
21
1230.4329141908727
31
1750
0
3DFACE
5
C267
330
BF15
100
AcDbEntity
100
AcDbFace
8
MONTAJ_BORULARI
10
-2276.9030116872177
20
1230.4329141908727
30
0
11
-2275
21
1240
31
0
12
-2275
22
1240
32
1750
13
-2276.9030116872177
23
1230.4329141908727
33
1750
0
LINE
5
C268
330
BF15
100
AcDbEntity
100
AcDbLine
8
MONTAJ_BORULARI
10
-2276.9030116872177
20
1230.4329141908727
30
0
11
-2275
21
1240
31
0
0
LINE
5
C269
330
BF15
100
AcDbEntity
100
AcDbLine
8
MONTAJ_BORULARI
10
-2276.9030116872177
20
1230.4329141908727
30
1750
11
-2275
21
1240
31
1750
0
3DFACE
5
C26A
330
BF15
100
AcDbEntity
100
AcDbFace
8
MONTAJ_BORULARI
10
-2275
20
1240
30
0
11
-2276.9030116872177
21
1249.5670858091273
31
0
12
-2282.3223304703365
22
1257.6776695296637
32
0
13
-2282.3223304703365
23
1257.6776695296637
33
0
0
3DFACE
5
C26B
330
BF15
100
AcDbEntity
100
AcDbFace
8
MONTAJ_BORULARI
10
-2275
20
1240
30
1750
11
-2276.9030116872177
21
1249.5670858091273
31
1750
12
-2282.3223304703365
22
1257.6776695296637
32
1750
13
-2282.3223304703365
23
1257.6776695296637
33
1750
0
3DFACE
5
C26C
330
BF15
100
AcDbEntity
100
AcDbFace
8
MONTAJ_BORULARI
10
-2275
20
1240
30
0
11
-2282.3223304703365
21
1257.6776695296637
31
0
12
-2290.432914190873
22
1263.096988312782
32
0
13
-2290.432914190873
23
1263.096988312782
33
0
0
3DFACE
5
C26D
330
BF15
100
AcDbEntity
100
AcDbFace
8
MONTAJ_BORULARI
10
-2275
20
1240
30
1750
11
-2282.3223304703365
21
1257.6776695296637
31
1750
12
-2290.432914190873
22
1263.096988312782
32
1750
13
-2290.432914190873
23
1263.096988312782
33
1750
0
3DFACE
5
C26E
330
BF15
100
AcDbEntity
100
AcDbFace
8
MONTAJ_BORULARI
10
-2275
20
1240
30
0
11
-2290.432914190873
21
1263.096988312782
31
0
12
-2300
22
1265
32
0
13
-2300
23
1265
33
0
0
3DFACE
5
C26F
330
BF15
100
AcDbEntity
100
AcDbFace
8
MONTAJ_BORULARI
10
-2275
20
1240
30
1750
11
-2290.432914190873
21
1263.096988312782
31
1750
12
-2300
22
1265
32
1750
13
-2300
23
1265
33
1750
0
3DFACE
5
C270
330
BF15
100
AcDbEntity
100
AcDbFace
8
MONTAJ_BORULARI
10
-2275
20
1240
30
0
11
-2300
21
1265
31
0
12
-2309.567085809127
22
1263.096988312782
32
0
13
-2309.567085809127
23
1263.096988312782
33
0
0
3DFACE
5
C271
330
BF15
100
AcDbEntity
100
AcDbFace
8
MONTAJ_BORULARI
10
-2275
20
1240
30
1750
11
-2300
21
1265
31
1750
12
-2309.567085809127
22
1263.096988312782
32
1750
13
-2309.567085809127
23
1263.096988312782
33
1750
0
3DFACE
5
C272
330
BF15
100
AcDbEntity
100
AcDbFace
8
MONTAJ_BORULARI
10
-2275
20
1240
30
0
11
-2309.567085809127
21
1263.096988312782
31
0
12
-2317.6776695296635
22
1257.6776695296637
32
0
13
-2317.6776695296635
23
1257.6776695296637
33
0
0
3DFACE
5
C273
330
BF15
100
AcDbEntity
100
AcDbFace
8
MONTAJ_BORULARI
10
-2275
20
1240
30
1750
11
-2309.567085809127
21
1263.096988312782
31
1750
12
-2317.6776695296635
22
1257.6776695296637
32
1750
13
-2317.6776695296635
23
1257.6776695296637
33
1750
0
3DFACE
5
C274
330
BF15
100
AcDbEntity
100
AcDbFace
8
MONTAJ_BORULARI
10
-2275
20
1240
30
0
11
-2317.6776695296635
21
1257.6776695296637
31
0
12
-2323.0969883127823
22
1249.5670858091273
32
0
13
-2323.0969883127823
23
1249.5670858091273
33
0
0
3DFACE
5
C275
330
BF15
100
AcDbEntity
100
AcDbFace
8
MONTAJ_BORULARI
10
-2275
20
1240
30
1750
11
-2317.6776695296635
21
1257.6776695296637
31
1750
12
-2323.0969883127823
22
1249.5670858091273
32
1750
13
-2323.0969883127823
23
1249.5670858091273
33
1750
0
3DFACE
5
C276
330
BF15
100
AcDbEntity
100
AcDbFace
8
MONTAJ_BORULARI
10
-2275
20
1240
30
0
11
-2323.0969883127823
21
1249.5670858091273
31
0
12
-2325
22
1240
32
0
13
-2325
23
1240
33
0
0
3DFACE
5
C277
330
BF15
100
AcDbEntity
100
AcDbFace
8
MONTAJ_BORULARI
10
-2275
20
1240
30
1750
11
-2323.0969883127823
21
1249.5670858091273
31
1750
12
-2325
22
1240
32
1750
13
-2325
23
1240
33
1750
0
3DFACE
5
C278
330
BF15
100
AcDbEntity
100
AcDbFace
8
MONTAJ_BORULARI
10
-2275
20
1240
30
0
11
-2325
21
1240
31
0
12
-2323.0969883127823
22
1230.4329141908727
32
0
13
-2323.0969883127823
23
1230.4329141908727
33
0
0
3DFACE
5
C279
330
BF15
100
AcDbEntity
100
AcDbFace
8
MONTAJ_BORULARI
10
-2275
20
1240
30
1750
11
-2325
21
1240
31
1750
12
-2323.0969883127823
22
1230.4329141908727
32
1750
13
-2323.0969883127823
23
1230.4329141908727
33
1750
0
3DFACE
5
C27A
330
BF15
100
AcDbEntity
100
AcDbFace
8
MONTAJ_BORULARI
10
-2275
20
1240
30
0
11
-2323.0969883127823
21
1230.4329141908727
31
0
12
-2317.6776695296635
22
1222.3223304703363
32
0
13
-2317.6776695296635
23
1222.3223304703363
33
0
0
3DFACE
5
C27B
330
BF15
100
AcDbEntity
100
AcDbFace
8
MONTAJ_BORULARI
10
-2275
20
1240
30
1750
11
-2323.0969883127823
21
1230.4329141908727
31
1750
12
-2317.6776695296635
22
1222.3223304703363
32
1750
13
-2317.6776695296635
23
1222.3223304703363
33
1750
0
3DFACE
5
C27C
330
BF15
100
AcDbEntity
100
AcDbFace
8
MONTAJ_BORULARI
10
-2275
20
1240
30
0
11
-2317.6776695296635
21
1222.3223304703363
31
0
12
-2309.567085809127
22
1216.903011687218
32
0
13
-2309.567085809127
23
1216.903011687218
33
0
0
3DFACE
5
C27D
330
BF15
100
AcDbEntity
100
AcDbFace
8
MONTAJ_BORULARI
10
-2275
20
1240
30
1750
11
-2317.6776695296635
21
1222.3223304703363
31
1750
12
-2309.567085809127
22
1216.903011687218
32
1750
13
-2309.567085809127
23
1216.903011687218
33
1750
0
3DFACE
5
C27E
330
BF15
100
AcDbEntity
100
AcDbFace
8
MONTAJ_BORULARI
10
-2275
20
1240
30
0
11
-2309.567085809127
21
1216.903011687218
31
0
12
-2300
22
1215
32
0
13
-2300
23
1215
33
0
0
3DFACE
5
C27F
330
BF15
100
AcDbEntity
100
AcDbFace
8
MONTAJ_BORULARI
10
-2275
20
1240
30
1750
11
-2309.567085809127
21
1216.903011687218
31
1750
12
-2300
22
1215
32
1750
13
-2300
23
1215
33
1750
0
3DFACE
5
C280
330
BF15
100
AcDbEntity
100
AcDbFace
8
MONTAJ_BORULARI
10
-2275
20
1240
30
0
11
-2300
21
1215
31
0
12
-2290.432914190873
22
1216.903011687218
32
0
13
-2290.432914190873
23
1216.903011687218
33
0
0
3DFACE
5
C281
330
BF15
100
AcDbEntity
100
AcDbFace
8
MONTAJ_BORULARI
10
-2275
20
1240
30
1750
11
-2300
21
1215
31
1750
12
-2290.432914190873
22
1216.903011687218
32
1750
13
-2290.432914190873
23
1216.903011687218
33
1750
0
3DFACE
5
C282
330
BF15
100
AcDbEntity
100
AcDbFace
8
MONTAJ_BORULARI
10
-2275
20
1240
30
0
11
-2290.432914190873
21
1216.903011687218
31
0
12
-2282.3223304703365
22
1222.3223304703363
32
0
13
-2282.3223304703365
23
1222.3223304703363
33
0
0
3DFACE
5
C283
330
BF15
100
AcDbEntity
100
AcDbFace
8
MONTAJ_BORULARI
10
-2275
20
1240
30
1750
11
-2290.432914190873
21
1216.903011687218
31
1750
12
-2282.3223304703365
22
1222.3223304703363
32
1750
13
-2282.3223304703365
23
1222.3223304703363
33
1750
0
3DFACE
5
C284
330
BF15
100
AcDbEntity
100
AcDbFace
8
MONTAJ_BORULARI
10
-2275
20
1240
30
0
11
-2282.3223304703365
21
1222.3223304703363
31
0
12
-2276.9030116872177
22
1230.4329141908727
32
0
13
-2276.9030116872177
23
1230.4329141908727
33
0
0
3DFACE
5
C285
330
BF15
100
AcDbEntity
100
AcDbFace
8
MONTAJ_BORULARI
10
-2275
20
1240
30
1750
11
-2282.3223304703365
21
1222.3223304703363
31
1750
12
-2276.9030116872177
22
1230.4329141908727
32
1750
13
-2276.9030116872177
23
1230.4329141908727
33
1750
0
3DFACE
5
C286
330
BF15
100
AcDbEntity
100
AcDbFace
8
MONTAJ_BORULARI
10
-2370
20
1170
30
0
11
-2230
21
1170
31
0
12
-2230
22
1310
32
0
13
-2370
23
1310
33
0
0
3DFACE
5
C287
330
BF15
100
AcDbEntity
100
AcDbFace
8
MONTAJ_BORULARI
10
-2370
20
1170
30
15
11
-2230
21
1170
31
15
12
-2230
22
1310
32
15
13
-2370
23
1310
33
15
0
3DFACE
5
C288
330
BF15
100
AcDbEntity
100
AcDbFace
8
MONTAJ_BORULARI
10
-2370
20
1170
30
0
11
-2230
21
1170
31
0
12
-2230
22
1170
32
15
13
-2370
23
1170
33
15
0
3DFACE
5
C289
330
BF15
100
AcDbEntity
100
AcDbFace
8
MONTAJ_BORULARI
10
-2370
20
1310
30
0
11
-2230
21
1310
31
0
12
-2230
22
1310
32
15
13
-2370
23
1310
33
15
0
3DFACE
5
C28A
330
BF15
100
AcDbEntity
100
AcDbFace
8
MONTAJ_BORULARI
10
-2370
20
1170
30
0
11
-2370
21
1310
31
0
12
-2370
22
1310
32
15
13
-2370
23
1170
33
15
0
3DFACE
5
C28B
330
BF15
100
AcDbEntity
100
AcDbFace
8
MONTAJ_BORULARI
10
-2230
20
1170
30
0
11
-2230
21
1310
31
0
12
-2230
22
1310
32
15
13
-2230
23
1170
33
15
0
LINE
5
C28C
330
BF15
100
AcDbEntity
100
AcDbLine
8
MONTAJ_BORULARI
10
-2370
20
1170
30
0
11
-2230
21
1170
31
0
0
LINE
5
C28D
330
BF15
100
AcDbEntity
100
AcDbLine
8
MONTAJ_BORULARI
10
-2230
20
1170
30
0
11
-2230
21
1310
31
0
0
LINE
5
C28E
330
BF15
100
AcDbEntity
100
AcDbLine
8
MONTAJ_BORULARI
10
-2230
20
1310
30
0
11
-2370
21
1310
31
0
0
LINE
5
C28F
330
BF15
100
AcDbEntity
100
AcDbLine
8
MONTAJ_BORULARI
10
-2370
20
1310
30
0
11
-2370
21
1170
31
0
0
LINE
5
C290
330
BF15
100
AcDbEntity
100
AcDbLine
8
MONTAJ_BORULARI
10
-2370
20
1170
30
15
11
-2230
21
1170
31
15
0
LINE
5
C291
330
BF15
100
AcDbEntity
100
AcDbLine
8
MONTAJ_BORULARI
10
-2230
20
1170
30
15
11
-2230
21
1310
31
15
0
LINE
5
C292
330
BF15
100
AcDbEntity
100
AcDbLine
8
MONTAJ_BORULARI
10
-2230
20
1310
30
15
11
-2370
21
1310
31
15
0
LINE
5
C293
330
BF15
100
AcDbEntity
100
AcDbLine
8
MONTAJ_BORULARI
10
-2370
20
1310
30
15
11
-2370
21
1170
31
15
0
LINE
5
C294
330
BF15
100
AcDbEntity
100
AcDbLine
8
MONTAJ_BORULARI
10
-2370
20
1170
30
0
11
-2370
21
1170
31
15
0
LINE
5
C295
330
BF15
100
AcDbEntity
100
AcDbLine
8
MONTAJ_BORULARI
10
-2230
20
1170
30
0
11
-2230
21
1170
31
15
0
LINE
5
C296
330
BF15
100
AcDbEntity
100
AcDbLine
8
MONTAJ_BORULARI
10
-2230
20
1310
30
0
11
-2230
21
1310
31
15
0
LINE
5
C297
330
BF15
100
AcDbEntity
100
AcDbLine
8
MONTAJ_BORULARI
10
-2370
20
1310
30
0
11
-2370
21
1310
31
15
0
3DFACE
5
C298
330
BF15
100
AcDbEntity
100
AcDbFace
8
MONTAJ_BORULARI
10
-2115
20
1240
30
0
11
-2116.9030116872177
21
1249.5670858091273
31
0
12
-2116.9030116872177
22
1249.5670858091273
32
1750
13
-2115
23
1240
33
1750
0
LINE
5
C299
330
BF15
100
AcDbEntity
100
AcDbLine
8
MONTAJ_BORULARI
10
-2115
20
1240
30
0
11
-2116.9030116872177
21
1249.5670858091273
31
0
0
LINE
5
C29A
330
BF15
100
AcDbEntity
100
AcDbLine
8
MONTAJ_BORULARI
10
-2115
20
1240
30
1750
11
-2116.9030116872177
21
1249.5670858091273
31
1750
0
LINE
5
C29B
330
BF15
100
AcDbEntity
100
AcDbLine
8
MONTAJ_BORULARI
10
-2115
20
1240
30
0
11
-2115
21
1240
31
1750
0
3DFACE
5
C29C
330
BF15
100
AcDbEntity
100
AcDbFace
8
MONTAJ_BORULARI
10
-2116.9030116872177
20
1249.5670858091273
30
0
11
-2122.3223304703365
21
1257.6776695296637
31
0
12
-2122.3223304703365
22
1257.6776695296637
32
1750
13
-2116.9030116872177
23
1249.5670858091273
33
1750
0
LINE
5
C29D
330
BF15
100
AcDbEntity
100
AcDbLine
8
MONTAJ_BORULARI
10
-2116.9030116872177
20
1249.5670858091273
30
0
11
-2122.3223304703365
21
1257.6776695296637
31
0
0
LINE
5
C29E
330
BF15
100
AcDbEntity
100
AcDbLine
8
MONTAJ_BORULARI
10
-2116.9030116872177
20
1249.5670858091273
30
1750
11
-2122.3223304703365
21
1257.6776695296637
31
1750
0
3DFACE
5
C29F
330
BF15
100
AcDbEntity
100
AcDbFace
8
MONTAJ_BORULARI
10
-2122.3223304703365
20
1257.6776695296637
30
0
11
-2130.432914190873
21
1263.096988312782
31
0
12
-2130.432914190873
22
1263.096988312782
32
1750
13
-2122.3223304703365
23
1257.6776695296637
33
1750
0
LINE
5
C2A0
330
BF15
100
AcDbEntity
100
AcDbLine
8
MONTAJ_BORULARI
10
-2122.3223304703365
20
1257.6776695296637
30
0
11
-2130.432914190873
21
1263.096988312782
31
0
0
LINE
5
C2A1
330
BF15
100
AcDbEntity
100
AcDbLine
8
MONTAJ_BORULARI
10
-2122.3223304703365
20
1257.6776695296637
30
1750
11
-2130.432914190873
21
1263.096988312782
31
1750
0
3DFACE
5
C2A2
330
BF15
100
AcDbEntity
100
AcDbFace
8
MONTAJ_BORULARI
10
-2130.432914190873
20
1263.096988312782
30
0
11
-2140
21
1265
31
0
12
-2140
22
1265
32
1750
13
-2130.432914190873
23
1263.096988312782
33
1750
0
LINE
5
C2A3
330
BF15
100
AcDbEntity
100
AcDbLine
8
MONTAJ_BORULARI
10
-2130.432914190873
20
1263.096988312782
30
0
11
-2140
21
1265
31
0
0
LINE
5
C2A4
330
BF15
100
AcDbEntity
100
AcDbLine
8
MONTAJ_BORULARI
10
-2130.432914190873
20
1263.096988312782
30
1750
11
-2140
21
1265
31
1750
0
3DFACE
5
C2A5
330
BF15
100
AcDbEntity
100
AcDbFace
8
MONTAJ_BORULARI
10
-2140
20
1265
30
0
11
-2149.567085809127
21
1263.096988312782
31
0
12
-2149.567085809127
22
1263.096988312782
32
1750
13
-2140
23
1265
33
1750
0
LINE
5
C2A6
330
BF15
100
AcDbEntity
100
AcDbLine
8
MONTAJ_BORULARI
10
-2140
20
1265
30
0
11
-2149.567085809127
21
1263.096988312782
31
0
0
LINE
5
C2A7
330
BF15
100
AcDbEntity
100
AcDbLine
8
MONTAJ_BORULARI
10
-2140
20
1265
30
1750
11
-2149.567085809127
21
1263.096988312782
31
1750
0
LINE
5
C2A8
330
BF15
100
AcDbEntity
100
AcDbLine
8
MONTAJ_BORULARI
10
-2140
20
1265
30
0
11
-2140
21
1265
31
1750
0
3DFACE
5
C2A9
330
BF15
100
AcDbEntity
100
AcDbFace
8
MONTAJ_BORULARI
10
-2149.567085809127
20
1263.096988312782
30
0
11
-2157.6776695296635
21
1257.6776695296637
31
0
12
-2157.6776695296635
22
1257.6776695296637
32
1750
13
-2149.567085809127
23
1263.096988312782
33
1750
0
LINE
5
C2AA
330
BF15
100
AcDbEntity
100
AcDbLine
8
MONTAJ_BORULARI
10
-2149.567085809127
20
1263.096988312782
30
0
11
-2157.6776695296635
21
1257.6776695296637
31
0
0
LINE
5
C2AB
330
BF15
100
AcDbEntity
100
AcDbLine
8
MONTAJ_BORULARI
10
-2149.567085809127
20
1263.096988312782
30
1750
11
-2157.6776695296635
21
1257.6776695296637
31
1750
0
3DFACE
5
C2AC
330
BF15
100
AcDbEntity
100
AcDbFace
8
MONTAJ_BORULARI
10
-2157.6776695296635
20
1257.6776695296637
30
0
11
-2163.0969883127823
21
1249.5670858091273
31
0
12
-2163.0969883127823
22
1249.5670858091273
32
1750
13
-2157.6776695296635
23
1257.6776695296637
33
1750
0
LINE
5
C2AD
330
BF15
100
AcDbEntity
100
AcDbLine
8
MONTAJ_BORULARI
10
-2157.6776695296635
20
1257.6776695296637
30
0
11
-2163.0969883127823
21
1249.5670858091273
31
0
0
LINE
5
C2AE
330
BF15
100
AcDbEntity
100
AcDbLine
8
MONTAJ_BORULARI
10
-2157.6776695296635
20
1257.6776695296637
30
1750
11
-2163.0969883127823
21
1249.5670858091273
31
1750
0
3DFACE
5
C2AF
330
BF15
100
AcDbEntity
100
AcDbFace
8
MONTAJ_BORULARI
10
-2163.0969883127823
20
1249.5670858091273
30
0
11
-2165
21
1240
31
0
12
-2165
22
1240
32
1750
13
-2163.0969883127823
23
1249.5670858091273
33
1750
0
LINE
5
C2B0
330
BF15
100
AcDbEntity
100
AcDbLine
8
MONTAJ_BORULARI
10
-2163.0969883127823
20
1249.5670858091273
30
0
11
-2165
21
1240
31
0
0
LINE
5
C2B1
330
BF15
100
AcDbEntity
100
AcDbLine
8
MONTAJ_BORULARI
10
-2163.0969883127823
20
1249.5670858091273
30
1750
11
-2165
21
1240
31
1750
0
3DFACE
5
C2B2
330
BF15
100
AcDbEntity
100
AcDbFace
8
MONTAJ_BORULARI
10
-2165
20
1240
30
0
11
-2163.0969883127823
21
1230.4329141908727
31
0
12
-2163.0969883127823
22
1230.4329141908727
32
1750
13
-2165
23
1240
33
1750
0
LINE
5
C2B3
330
BF15
100
AcDbEntity
100
AcDbLine
8
MONTAJ_BORULARI
10
-2165
20
1240
30
0
11
-2163.0969883127823
21
1230.4329141908727
31
0
0
LINE
5
C2B4
330
BF15
100
AcDbEntity
100
AcDbLine
8
MONTAJ_BORULARI
10
-2165
20
1240
30
1750
11
-2163.0969883127823
21
1230.4329141908727
31
1750
0
LINE
5
C2B5
330
BF15
100
AcDbEntity
100
AcDbLine
8
MONTAJ_BORULARI
10
-2165
20
1240
30
0
11
-2165
21
1240
31
1750
0
3DFACE
5
C2B6
330
BF15
100
AcDbEntity
100
AcDbFace
8
MONTAJ_BORULARI
10
-2163.0969883127823
20
1230.4329141908727
30
0
11
-2157.6776695296635
21
1222.3223304703363
31
0
12
-2157.6776695296635
22
1222.3223304703363
32
1750
13
-2163.0969883127823
23
1230.4329141908727
33
1750
0
LINE
5
C2B7
330
BF15
100
AcDbEntity
100
AcDbLine
8
MONTAJ_BORULARI
10
-2163.0969883127823
20
1230.4329141908727
30
0
11
-2157.6776695296635
21
1222.3223304703363
31
0
0
LINE
5
C2B8
330
BF15
100
AcDbEntity
100
AcDbLine
8
MONTAJ_BORULARI
10
-2163.0969883127823
20
1230.4329141908727
30
1750
11
-2157.6776695296635
21
1222.3223304703363
31
1750
0
3DFACE
5
C2B9
330
BF15
100
AcDbEntity
100
AcDbFace
8
MONTAJ_BORULARI
10
-2157.6776695296635
20
1222.3223304703363
30
0
11
-2149.567085809127
21
1216.903011687218
31
0
12
-2149.567085809127
22
1216.903011687218
32
1750
13
-2157.6776695296635
23
1222.3223304703363
33
1750
0
LINE
5
C2BA
330
BF15
100
AcDbEntity
100
AcDbLine
8
MONTAJ_BORULARI
10
-2157.6776695296635
20
1222.3223304703363
30
0
11
-2149.567085809127
21
1216.903011687218
31
0
0
LINE
5
C2BB
330
BF15
100
AcDbEntity
100
AcDbLine
8
MONTAJ_BORULARI
10
-2157.6776695296635
20
1222.3223304703363
30
1750
11
-2149.567085809127
21
1216.903011687218
31
1750
0
3DFACE
5
C2BC
330
BF15
100
AcDbEntity
100
AcDbFace
8
MONTAJ_BORULARI
10
-2149.567085809127
20
1216.903011687218
30
0
11
-2140
21
1215
31
0
12
-2140
22
1215
32
1750
13
-2149.567085809127
23
1216.903011687218
33
1750
0
LINE
5
C2BD
330
BF15
100
AcDbEntity
100
AcDbLine
8
MONTAJ_BORULARI
10
-2149.567085809127
20
1216.903011687218
30
0
11
-2140
21
1215
31
0
0
LINE
5
C2BE
330
BF15
100
AcDbEntity
100
AcDbLine
8
MONTAJ_BORULARI
10
-2149.567085809127
20
1216.903011687218
30
1750
11
-2140
21
1215
31
1750
0
3DFACE
5
C2BF
330
BF15
100
AcDbEntity
100
AcDbFace
8
MONTAJ_BORULARI
10
-2140
20
1215
30
0
11
-2130.432914190873
21
1216.903011687218
31
0
12
-2130.432914190873
22
1216.903011687218
32
1750
13
-2140
23
1215
33
1750
0
LINE
5
C2C0
330
BF15
100
AcDbEntity
100
AcDbLine
8
MONTAJ_BORULARI
10
-2140
20
1215
30
0
11
-2130.432914190873
21
1216.903011687218
31
0
0
LINE
5
C2C1
330
BF15
100
AcDbEntity
100
AcDbLine
8
MONTAJ_BORULARI
10
-2140
20
1215
30
1750
11
-2130.432914190873
21
1216.903011687218
31
1750
0
LINE
5
C2C2
330
BF15
100
AcDbEntity
100
AcDbLine
8
MONTAJ_BORULARI
10
-2140
20
1215
30
0
11
-2140
21
1215
31
1750
0
3DFACE
5
C2C3
330
BF15
100
AcDbEntity
100
AcDbFace
8
MONTAJ_BORULARI
10
-2130.432914190873
20
1216.903011687218
30
0
11
-2122.3223304703365
21
1222.3223304703363
31
0
12
-2122.3223304703365
22
1222.3223304703363
32
1750
13
-2130.432914190873
23
1216.903011687218
33
1750
0
LINE
5
C2C4
330
BF15
100
AcDbEntity
100
AcDbLine
8
MONTAJ_BORULARI
10
-2130.432914190873
20
1216.903011687218
30
0
11
-2122.3223304703365
21
1222.3223304703363
31
0
0
LINE
5
C2C5
330
BF15
100
AcDbEntity
100
AcDbLine
8
MONTAJ_BORULARI
10
-2130.432914190873
20
1216.903011687218
30
1750
11
-2122.3223304703365
21
1222.3223304703363
31
1750
0
3DFACE
5
C2C6
330
BF15
100
AcDbEntity
100
AcDbFace
8
MONTAJ_BORULARI
10
-2122.3223304703365
20
1222.3223304703363
30
0
11
-2116.9030116872177
21
1230.4329141908727
31
0
12
-2116.9030116872177
22
1230.4329141908727
32
1750
13
-2122.3223304703365
23
1222.3223304703363
33
1750
0
LINE
5
C2C7
330
BF15
100
AcDbEntity
100
AcDbLine
8
MONTAJ_BORULARI
10
-2122.3223304703365
20
1222.3223304703363
30
0
11
-2116.9030116872177
21
1230.4329141908727
31
0
0
LINE
5
C2C8
330
BF15
100
AcDbEntity
100
AcDbLine
8
MONTAJ_BORULARI
10
-2122.3223304703365
20
1222.3223304703363
30
1750
11
-2116.9030116872177
21
1230.4329141908727
31
1750
0
3DFACE
5
C2C9
330
BF15
100
AcDbEntity
100
AcDbFace
8
MONTAJ_BORULARI
10
-2116.9030116872177
20
1230.4329141908727
30
0
11
-2115
21
1240
31
0
12
-2115
22
1240
32
1750
13
-2116.9030116872177
23
1230.4329141908727
33
1750
0
LINE
5
C2CA
330
BF15
100
AcDbEntity
100
AcDbLine
8
MONTAJ_BORULARI
10
-2116.9030116872177
20
1230.4329141908727
30
0
11
-2115
21
1240
31
0
0
LINE
5
C2CB
330
BF15
100
AcDbEntity
100
AcDbLine
8
MONTAJ_BORULARI
10
-2116.9030116872177
20
1230.4329141908727
30
1750
11
-2115
21
1240
31
1750
0
3DFACE
5
C2CC
330
BF15
100
AcDbEntity
100
AcDbFace
8
MONTAJ_BORULARI
10
-2115
20
1240
30
0
11
-2116.9030116872177
21
1249.5670858091273
31
0
12
-2122.3223304703365
22
1257.6776695296637
32
0
13
-2122.3223304703365
23
1257.6776695296637
33
0
0
3DFACE
5
C2CD
330
BF15
100
AcDbEntity
100
AcDbFace
8
MONTAJ_BORULARI
10
-2115
20
1240
30
1750
11
-2116.9030116872177
21
1249.5670858091273
31
1750
12
-2122.3223304703365
22
1257.6776695296637
32
1750
13
-2122.3223304703365
23
1257.6776695296637
33
1750
0
3DFACE
5
C2CE
330
BF15
100
AcDbEntity
100
AcDbFace
8
MONTAJ_BORULARI
10
-2115
20
1240
30
0
11
-2122.3223304703365
21
1257.6776695296637
31
0
12
-2130.432914190873
22
1263.096988312782
32
0
13
-2130.432914190873
23
1263.096988312782
33
0
0
3DFACE
5
C2CF
330
BF15
100
AcDbEntity
100
AcDbFace
8
MONTAJ_BORULARI
10
-2115
20
1240
30
1750
11
-2122.3223304703365
21
1257.6776695296637
31
1750
12
-2130.432914190873
22
1263.096988312782
32
1750
13
-2130.432914190873
23
1263.096988312782
33
1750
0
3DFACE
5
C2D0
330
BF15
100
AcDbEntity
100
AcDbFace
8
MONTAJ_BORULARI
10
-2115
20
1240
30
0
11
-2130.432914190873
21
1263.096988312782
31
0
12
-2140
22
1265
32
0
13
-2140
23
1265
33
0
0
3DFACE
5
C2D1
330
BF15
100
AcDbEntity
100
AcDbFace
8
MONTAJ_BORULARI
10
-2115
20
1240
30
1750
11
-2130.432914190873
21
1263.096988312782
31
1750
12
-2140
22
1265
32
1750
13
-2140
23
1265
33
1750
0
3DFACE
5
C2D2
330
BF15
100
AcDbEntity
100
AcDbFace
8
MONTAJ_BORULARI
10
-2115
20
1240
30
0
11
-2140
21
1265
31
0
12
-2149.567085809127
22
1263.096988312782
32
0
13
-2149.567085809127
23
1263.096988312782
33
0
0
3DFACE
5
C2D3
330
BF15
100
AcDbEntity
100
AcDbFace
8
MONTAJ_BORULARI
10
-2115
20
1240
30
1750
11
-2140
21
1265
31
1750
12
-2149.567085809127
22
1263.096988312782
32
1750
13
-2149.567085809127
23
1263.096988312782
33
1750
0
3DFACE
5
C2D4
330
BF15
100
AcDbEntity
100
AcDbFace
8
MONTAJ_BORULARI
10
-2115
20
1240
30
0
11
-2149.567085809127
21
1263.096988312782
31
0
12
-2157.6776695296635
22
1257.6776695296637
32
0
13
-2157.6776695296635
23
1257.6776695296637
33
0
0
3DFACE
5
C2D5
330
BF15
100
AcDbEntity
100
AcDbFace
8
MONTAJ_BORULARI
10
-2115
20
1240
30
1750
11
-2149.567085809127
21
1263.096988312782
31
1750
12
-2157.6776695296635
22
1257.6776695296637
32
1750
13
-2157.6776695296635
23
1257.6776695296637
33
1750
0
3DFACE
5
C2D6
330
BF15
100
AcDbEntity
100
AcDbFace
8
MONTAJ_BORULARI
10
-2115
20
1240
30
0
11
-2157.6776695296635
21
1257.6776695296637
31
0
12
-2163.0969883127823
22
1249.5670858091273
32
0
13
-2163.0969883127823
23
1249.5670858091273
33
0
0
3DFACE
5
C2D7
330
BF15
100
AcDbEntity
100
AcDbFace
8
MONTAJ_BORULARI
10
-2115
20
1240
30
1750
11
-2157.6776695296635
21
1257.6776695296637
31
1750
12
-2163.0969883127823
22
1249.5670858091273
32
1750
13
-2163.0969883127823
23
1249.5670858091273
33
1750
0
3DFACE
5
C2D8
330
BF15
100
AcDbEntity
100
AcDbFace
8
MONTAJ_BORULARI
10
-2115
20
1240
30
0
11
-2163.0969883127823
21
1249.5670858091273
31
0
12
-2165
22
1240
32
0
13
-2165
23
1240
33
0
0
3DFACE
5
C2D9
330
BF15
100
AcDbEntity
100
AcDbFace
8
MONTAJ_BORULARI
10
-2115
20
1240
30
1750
11
-2163.0969883127823
21
1249.5670858091273
31
1750
12
-2165
22
1240
32
1750
13
-2165
23
1240
33
1750
0
3DFACE
5
C2DA
330
BF15
100
AcDbEntity
100
AcDbFace
8
MONTAJ_BORULARI
10
-2115
20
1240
30
0
11
-2165
21
1240
31
0
12
-2163.0969883127823
22
1230.4329141908727
32
0
13
-2163.0969883127823
23
1230.4329141908727
33
0
0
3DFACE
5
C2DB
330
BF15
100
AcDbEntity
100
AcDbFace
8
MONTAJ_BORULARI
10
-2115
20
1240
30
1750
11
-2165
21
1240
31
1750
12
-2163.0969883127823
22
1230.4329141908727
32
1750
13
-2163.0969883127823
23
1230.4329141908727
33
1750
0
3DFACE
5
C2DC
330
BF15
100
AcDbEntity
100
AcDbFace
8
MONTAJ_BORULARI
10
-2115
20
1240
30
0
11
-2163.0969883127823
21
1230.4329141908727
31
0
12
-2157.6776695296635
22
1222.3223304703363
32
0
13
-2157.6776695296635
23
1222.3223304703363
33
0
0
3DFACE
5
C2DD
330
BF15
100
AcDbEntity
100
AcDbFace
8
MONTAJ_BORULARI
10
-2115
20
1240
30
1750
11
-2163.0969883127823
21
1230.4329141908727
31
1750
12
-2157.6776695296635
22
1222.3223304703363
32
1750
13
-2157.6776695296635
23
1222.3223304703363
33
1750
0
3DFACE
5
C2DE
330
BF15
100
AcDbEntity
100
AcDbFace
8
MONTAJ_BORULARI
10
-2115
20
1240
30
0
11
-2157.6776695296635
21
1222.3223304703363
31
0
12
-2149.567085809127
22
1216.903011687218
32
0
13
-2149.567085809127
23
1216.903011687218
33
0
0
3DFACE
5
C2DF
330
BF15
100
AcDbEntity
100
AcDbFace
8
MONTAJ_BORULARI
10
-2115
20
1240
30
1750
11
-2157.6776695296635
21
1222.3223304703363
31
1750
12
-2149.567085809127
22
1216.903011687218
32
1750
13
-2149.567085809127
23
1216.903011687218
33
1750
0
3DFACE
5
C2E0
330
BF15
100
AcDbEntity
100
AcDbFace
8
MONTAJ_BORULARI
10
-2115
20
1240
30
0
11
-2149.567085809127
21
1216.903011687218
31
0
12
-2140
22
1215
32
0
13
-2140
23
1215
33
0
0
3DFACE
5
C2E1
330
BF15
100
AcDbEntity
100
AcDbFace
8
MONTAJ_BORULARI
10
-2115
20
1240
30
1750
11
-2149.567085809127
21
1216.903011687218
31
1750
12
-2140
22
1215
32
1750
13
-2140
23
1215
33
1750
0
3DFACE
5
C2E2
330
BF15
100
AcDbEntity
100
AcDbFace
8
MONTAJ_BORULARI
10
-2115
20
1240
30
0
11
-2140
21
1215
31
0
12
-2130.432914190873
22
1216.903011687218
32
0
13
-2130.432914190873
23
1216.903011687218
33
0
0
3DFACE
5
C2E3
330
BF15
100
AcDbEntity
100
AcDbFace
8
MONTAJ_BORULARI
10
-2115
20
1240
30
1750
11
-2140
21
1215
31
1750
12
-2130.432914190873
22
1216.903011687218
32
1750
13
-2130.432914190873
23
1216.903011687218
33
1750
0
3DFACE
5
C2E4
330
BF15
100
AcDbEntity
100
AcDbFace
8
MONTAJ_BORULARI
10
-2115
20
1240
30
0
11
-2130.432914190873
21
1216.903011687218
31
0
12
-2122.3223304703365
22
1222.3223304703363
32
0
13
-2122.3223304703365
23
1222.3223304703363
33
0
0
3DFACE
5
C2E5
330
BF15
100
AcDbEntity
100
AcDbFace
8
MONTAJ_BORULARI
10
-2115
20
1240
30
1750
11
-2130.432914190873
21
1216.903011687218
31
1750
12
-2122.3223304703365
22
1222.3223304703363
32
1750
13
-2122.3223304703365
23
1222.3223304703363
33
1750
0
3DFACE
5
C2E6
330
BF15
100
AcDbEntity
100
AcDbFace
8
MONTAJ_BORULARI
10
-2115
20
1240
30
0
11
-2122.3223304703365
21
1222.3223304703363
31
0
12
-2116.9030116872177
22
1230.4329141908727
32
0
13
-2116.9030116872177
23
1230.4329141908727
33
0
0
3DFACE
5
C2E7
330
BF15
100
AcDbEntity
100
AcDbFace
8
MONTAJ_BORULARI
10
-2115
20
1240
30
1750
11
-2122.3223304703365
21
1222.3223304703363
31
1750
12
-2116.9030116872177
22
1230.4329141908727
32
1750
13
-2116.9030116872177
23
1230.4329141908727
33
1750
0
3DFACE
5
C2E8
330
BF15
100
AcDbEntity
100
AcDbFace
8
MONTAJ_BORULARI
10
-2210
20
1170
30
0
11
-2070
21
1170
31
0
12
-2070
22
1310
32
0
13
-2210
23
1310
33
0
0
3DFACE
5
C2E9
330
BF15
100
AcDbEntity
100
AcDbFace
8
MONTAJ_BORULARI
10
-2210
20
1170
30
15
11
-2070
21
1170
31
15
12
-2070
22
1310
32
15
13
-2210
23
1310
33
15
0
3DFACE
5
C2EA
330
BF15
100
AcDbEntity
100
AcDbFace
8
MONTAJ_BORULARI
10
-2210
20
1170
30
0
11
-2070
21
1170
31
0
12
-2070
22
1170
32
15
13
-2210
23
1170
33
15
0
3DFACE
5
C2EB
330
BF15
100
AcDbEntity
100
AcDbFace
8
MONTAJ_BORULARI
10
-2210
20
1310
30
0
11
-2070
21
1310
31
0
12
-2070
22
1310
32
15
13
-2210
23
1310
33
15
0
3DFACE
5
C2EC
330
BF15
100
AcDbEntity
100
AcDbFace
8
MONTAJ_BORULARI
10
-2210
20
1170
30
0
11
-2210
21
1310
31
0
12
-2210
22
1310
32
15
13
-2210
23
1170
33
15
0
3DFACE
5
C2ED
330
BF15
100
AcDbEntity
100
AcDbFace
8
MONTAJ_BORULARI
10
-2070
20
1170
30
0
11
-2070
21
1310
31
0
12
-2070
22
1310
32
15
13
-2070
23
1170
33
15
0
LINE
5
C2EE
330
BF15
100
AcDbEntity
100
AcDbLine
8
MONTAJ_BORULARI
10
-2210
20
1170
30
0
11
-2070
21
1170
31
0
0
LINE
5
C2EF
330
BF15
100
AcDbEntity
100
AcDbLine
8
MONTAJ_BORULARI
10
-2070
20
1170
30
0
11
-2070
21
1310
31
0
0
LINE
5
C2F0
330
BF15
100
AcDbEntity
100
AcDbLine
8
MONTAJ_BORULARI
10
-2070
20
1310
30
0
11
-2210
21
1310
31
0
0
LINE
5
C2F1
330
BF15
100
AcDbEntity
100
AcDbLine
8
MONTAJ_BORULARI
10
-2210
20
1310
30
0
11
-2210
21
1170
31
0
0
LINE
5
C2F2
330
BF15
100
AcDbEntity
100
AcDbLine
8
MONTAJ_BORULARI
10
-2210
20
1170
30
15
11
-2070
21
1170
31
15
0
LINE
5
C2F3
330
BF15
100
AcDbEntity
100
AcDbLine
8
MONTAJ_BORULARI
10
-2070
20
1170
30
15
11
-2070
21
1310
31
15
0
LINE
5
C2F4
330
BF15
100
AcDbEntity
100
AcDbLine
8
MONTAJ_BORULARI
10
-2070
20
1310
30
15
11
-2210
21
1310
31
15
0
LINE
5
C2F5
330
BF15
100
AcDbEntity
100
AcDbLine
8
MONTAJ_BORULARI
10
-2210
20
1310
30
15
11
-2210
21
1170
31
15
0
LINE
5
C2F6
330
BF15
100
AcDbEntity
100
AcDbLine
8
MONTAJ_BORULARI
10
-2210
20
1170
30
0
11
-2210
21
1170
31
15
0
LINE
5
C2F7
330
BF15
100
AcDbEntity
100
AcDbLine
8
MONTAJ_BORULARI
10
-2070
20
1170
30
0
11
-2070
21
1170
31
15
0
LINE
5
C2F8
330
BF15
100
AcDbEntity
100
AcDbLine
8
MONTAJ_BORULARI
10
-2070
20
1310
30
0
11
-2070
21
1310
31
15
0
LINE
5
C2F9
330
BF15
100
AcDbEntity
100
AcDbLine
8
MONTAJ_BORULARI
10
-2210
20
1310
30
0
11
-2210
21
1310
31
15
0
3DFACE
5
C4D4
330
BF15
100
AcDbEntity
100
AcDbFace
8
EKP_TURKCELL_RRU
10
-2685.5680490707305
20
982.7264834778791
30
480.0000003352762
11
-2545.568048474684
21
982.7264834778791
31
480.0000003352762
12
-2545.568048474684
22
1492.7264857875593
32
480.0000003352762
13
-2685.5680490707305
23
1492.7264857875593
33
480.0000003352762
0
3DFACE
5
C4D5
330
BF15
100
AcDbEntity
100
AcDbFace
8
EKP_TURKCELL_RRU
10
-2685.5680490707305
20
982.7264834778791
30
989.999994635582
11
-2545.568048474684
21
982.7264834778791
31
989.999994635582
12
-2545.568048474684
22
1492.7264857875593
32
989.999994635582
13
-2685.5680490707305
23
1492.7264857875593
33
989.999994635582
0
3DFACE
5
C4D6
330
BF15
100
AcDbEntity
100
AcDbFace
8
EKP_TURKCELL_RRU
10
-2685.5680490707305
20
982.7264834778791
30
480.0000003352762
11
-2545.568048474684
21
982.7264834778791
31
480.0000003352762
12
-2545.568048474684
22
982.7264834778791
32
989.999994635582
13
-2685.5680490707305
23
982.7264834778791
33
989.999994635582
0
3DFACE
5
C4D7
330
BF15
100
AcDbEntity
100
AcDbFace
8
EKP_TURKCELL_RRU
10
-2685.5680490707305
20
1492.7264857875593
30
480.0000003352762
11
-2545.568048474684
21
1492.7264857875593
31
480.0000003352762
12
-2545.568048474684
22
1492.7264857875593
32
989.999994635582
13
-2685.5680490707305
23
1492.7264857875593
33
989.999994635582
0
3DFACE
5
C4D8
330
BF15
100
AcDbEntity
100
AcDbFace
8
EKP_TURKCELL_RRU
10
-2685.5680490707305
20
982.7264834778791
30
480.0000003352762
11
-2685.5680490707305
21
1492.7264857875593
31
480.0000003352762
12
-2685.5680490707305
22
1492.7264857875593
32
989.999994635582
13
-2685.5680490707305
23
982.7264834778791
33
989.999994635582
0
3DFACE
5
C4D9
330
BF15
100
AcDbEntity
100
AcDbFace
8
EKP_TURKCELL_RRU
10
-2545.568048474684
20
982.7264834778791
30
480.0000003352762
11
-2545.568048474684
21
1492.7264857875593
31
480.0000003352762
12
-2545.568048474684
22
1492.7264857875593
32
989.999994635582
13
-2545.568048474684
23
982.7264834778791
33
989.999994635582
0
LINE
5
C4DA
330
BF15
100
AcDbEntity
100
AcDbLine
8
EKP_TURKCELL_RRU
10
-2685.5680490707305
20
982.7264834778791
30
480.0000003352762
11
-2545.568048474684
21
982.7264834778791
31
480.0000003352762
0
LINE
5
C4DB
330
BF15
100
AcDbEntity
100
AcDbLine
8
EKP_TURKCELL_RRU
10
-2545.568048474684
20
982.7264834778791
30
480.0000003352762
11
-2545.568048474684
21
1492.7264857875593
31
480.0000003352762
0
LINE
5
C4DC
330
BF15
100
AcDbEntity
100
AcDbLine
8
EKP_TURKCELL_RRU
10
-2545.568048474684
20
1492.7264857875593
30
480.0000003352762
11
-2685.5680490707305
21
1492.7264857875593
31
480.0000003352762
0
LINE
5
C4DD
330
BF15
100
AcDbEntity
100
AcDbLine
8
EKP_TURKCELL_RRU
10
-2685.5680490707305
20
1492.7264857875593
30
480.0000003352762
11
-2685.5680490707305
21
982.7264834778791
31
480.0000003352762
0
LINE
5
C4DE
330
BF15
100
AcDbEntity
100
AcDbLine
8
EKP_TURKCELL_RRU
10
-2685.5680490707305
20
982.7264834778791
30
989.999994635582
11
-2545.568048474684
21
982.7264834778791
31
989.999994635582
0
LINE
5
C4DF
330
BF15
100
AcDbEntity
100
AcDbLine
8
EKP_TURKCELL_RRU
10
-2545.568048474684
20
982.7264834778791
30
989.999994635582
11
-2545.568048474684
21
1492.7264857875593
31
989.999994635582
0
LINE
5
C4E0
330
BF15
100
AcDbEntity
100
AcDbLine
8
EKP_TURKCELL_RRU
10
-2545.568048474684
20
1492.7264857875593
30
989.999994635582
11
-2685.5680490707305
21
1492.7264857875593
31
989.999994635582
0
LINE
5
C4E1
330
BF15
100
AcDbEntity
100
AcDbLine
8
EKP_TURKCELL_RRU
10
-2685.5680490707305
20
1492.7264857875593
30
989.999994635582
11
-2685.5680490707305
21
982.7264834778791
31
989.999994635582
0
LINE
5
C4E2
330
BF15
100
AcDbEntity
100
AcDbLine
8
EKP_TURKCELL_RRU
10
-2685.5680490707305
20
982.7264834778791
30
480.0000003352762
11
-2685.5680490707305
21
982.7264834778791
31
989.999994635582
0
LINE
5
C4E3
330
BF15
100
AcDbEntity
100
AcDbLine
8
EKP_TURKCELL_RRU
10
-2545.568048474684
20
982.7264834778791
30
480.0000003352762
11
-2545.568048474684
21
982.7264834778791
31
989.999994635582
0
LINE
5
C4E4
330
BF15
100
AcDbEntity
100
AcDbLine
8
EKP_TURKCELL_RRU
10
-2545.568048474684
20
1492.7264857875593
30
480.0000003352762
11
-2545.568048474684
21
1492.7264857875593
31
989.999994635582
0
LINE
5
C4E5
330
BF15
100
AcDbEntity
100
AcDbLine
8
EKP_TURKCELL_RRU
10
-2685.5680490707305
20
1492.7264857875593
30
480.0000003352762
11
-2685.5680490707305
21
1492.7264857875593
31
989.999994635582
0
3DFACE
5
C4E6
330
BF15
100
AcDbEntity
100
AcDbFace
8
EKP_TURKCELL_RRU
10
-2647.0680489068177
20
1222.7264846327193
30
989.999994635582
11
-2584.068048638597
21
1222.7264846327193
31
989.999994635582
12
-2584.068048638597
22
1252.7264846327193
32
989.999994635582
13
-2647.0680489068177
23
1252.7264846327193
33
989.999994635582
0
3DFACE
5
C4E7
330
BF15
100
AcDbEntity
100
AcDbFace
8
EKP_TURKCELL_RRU
10
-2647.0680489068177
20
1222.7264846327193
30
1019.999994635582
11
-2584.068048638597
21
1222.7264846327193
31
1019.999994635582
12
-2584.068048638597
22
1252.7264846327193
32
1019.999994635582
13
-2647.0680489068177
23
1252.7264846327193
33
1019.999994635582
0
3DFACE
5
C4E8
330
BF15
100
AcDbEntity
100
AcDbFace
8
EKP_TURKCELL_RRU
10
-2647.0680489068177
20
1222.7264846327193
30
989.999994635582
11
-2584.068048638597
21
1222.7264846327193
31
989.999994635582
12
-2584.068048638597
22
1222.7264846327193
32
1019.999994635582
13
-2647.0680489068177
23
1222.7264846327193
33
1019.999994635582
0
3DFACE
5
C4E9
330
BF15
100
AcDbEntity
100
AcDbFace
8
EKP_TURKCELL_RRU
10
-2647.0680489068177
20
1252.7264846327193
30
989.999994635582
11
-2584.068048638597
21
1252.7264846327193
31
989.999994635582
12
-2584.068048638597
22
1252.7264846327193
32
1019.999994635582
13
-2647.0680489068177
23
1252.7264846327193
33
1019.999994635582
0
3DFACE
5
C4EA
330
BF15
100
AcDbEntity
100
AcDbFace
8
EKP_TURKCELL_RRU
10
-2647.0680489068177
20
1222.7264846327193
30
989.999994635582
11
-2647.0680489068177
21
1252.7264846327193
31
989.999994635582
12
-2647.0680489068177
22
1252.7264846327193
32
1019.999994635582
13
-2647.0680489068177
23
1222.7264846327193
33
1019.999994635582
0
3DFACE
5
C4EB
330
BF15
100
AcDbEntity
100
AcDbFace
8
EKP_TURKCELL_RRU
10
-2584.068048638597
20
1222.7264846327193
30
989.999994635582
11
-2584.068048638597
21
1252.7264846327193
31
989.999994635582
12
-2584.068048638597
22
1252.7264846327193
32
1019.999994635582
13
-2584.068048638597
23
1222.7264846327193
33
1019.999994635582
0
LINE
5
C4EC
330
BF15
100
AcDbEntity
100
AcDbLine
8
EKP_TURKCELL_RRU
10
-2647.0680489068177
20
1222.7264846327193
30
989.999994635582
11
-2584.068048638597
21
1222.7264846327193
31
989.999994635582
0
LINE
5
C4ED
330
BF15
100
AcDbEntity
100
AcDbLine
8
EKP_TURKCELL_RRU
10
-2584.068048638597
20
1222.7264846327193
30
989.999994635582
11
-2584.068048638597
21
1252.7264846327193
31
989.999994635582
0
LINE
5
C4EE
330
BF15
100
AcDbEntity
100
AcDbLine
8
EKP_TURKCELL_RRU
10
-2584.068048638597
20
1252.7264846327193
30
989.999994635582
11
-2647.0680489068177
21
1252.7264846327193
31
989.999994635582
0
LINE
5
C4EF
330
BF15
100
AcDbEntity
100
AcDbLine
8
EKP_TURKCELL_RRU
10
-2647.0680489068177
20
1252.7264846327193
30
989.999994635582
11
-2647.0680489068177
21
1222.7264846327193
31
989.999994635582
0
LINE
5
C4F0
330
BF15
100
AcDbEntity
100
AcDbLine
8
EKP_TURKCELL_RRU
10
-2647.0680489068177
20
1222.7264846327193
30
1019.999994635582
11
-2584.068048638597
21
1222.7264846327193
31
1019.999994635582
0
LINE
5
C4F1
330
BF15
100
AcDbEntity
100
AcDbLine
8
EKP_TURKCELL_RRU
10
-2584.068048638597
20
1222.7264846327193
30
1019.999994635582
11
-2584.068048638597
21
1252.7264846327193
31
1019.999994635582
0
LINE
5
C4F2
330
BF15
100
AcDbEntity
100
AcDbLine
8
EKP_TURKCELL_RRU
10
-2584.068048638597
20
1252.7264846327193
30
1019.999994635582
11
-2647.0680489068177
21
1252.7264846327193
31
1019.999994635582
0
LINE
5
C4F3
330
BF15
100
AcDbEntity
100
AcDbLine
8
EKP_TURKCELL_RRU
10
-2647.0680489068177
20
1252.7264846327193
30
1019.999994635582
11
-2647.0680489068177
21
1222.7264846327193
31
1019.999994635582
0
LINE
5
C4F4
330
BF15
100
AcDbEntity
100
AcDbLine
8
EKP_TURKCELL_RRU
10
-2647.0680489068177
20
1222.7264846327193
30
989.999994635582
11
-2647.0680489068177
21
1222.7264846327193
31
1019.999994635582
0
LINE
5
C4F5
330
BF15
100
AcDbEntity
100
AcDbLine
8
EKP_TURKCELL_RRU
10
-2584.068048638597
20
1222.7264846327193
30
989.999994635582
11
-2584.068048638597
21
1222.7264846327193
31
1019.999994635582
0
LINE
5
C4F6
330
BF15
100
AcDbEntity
100
AcDbLine
8
EKP_TURKCELL_RRU
10
-2584.068048638597
20
1252.7264846327193
30
989.999994635582
11
-2584.068048638597
21
1252.7264846327193
31
1019.999994635582
0
LINE
5
C4F7
330
BF15
100
AcDbEntity
100
AcDbLine
8
EKP_TURKCELL_RRU
10
-2647.0680489068177
20
1252.7264846327193
30
989.999994635582
11
-2647.0680489068177
21
1252.7264846327193
31
1019.999994635582
0
LINE
5
C4F8
330
BF15
100
AcDbEntity
100
AcDbLine
8
EKP_TURKCELL_RRU
10
-2643.5680488919165
20
1237.7264846327193
30
989.999994635582
11
-2587.568048653498
21
1237.7264846327193
31
989.999994635582
0
LINE
5
C4F9
330
BF15
100
AcDbEntity
100
AcDbLine
8
EKP_TURKCELL_RRU
10
-2615.5680487727072
20
1135.7264841707834
30
989.999994635582
11
-2615.5680487727072
21
1339.7264850946553
31
989.999994635582
0
TEXT
5
C4FA
330
BF15
100
AcDbEntity
100
AcDbText
8
EKP_TURKCELL_RRU
10
-2615.5680487727072
20
1269.0864847662338
30
0
40
39.20000016689301
1
Turkcell RRU5301 (Alt Kot)
50
0
7
STANDARD
72
1
11
-2615.5680487727072
21
1269.0864847662338
31
0
100
AcDbText
73
2
0
3DFACE
5
C4FB
330
BF15
100
AcDbEntity
100
AcDbFace
8
EKP_TURKCELL_RRU
10
-2525.568049070731
20
982.7264834778791
30
480.0000003352762
11
-2385.5680484746845
21
982.7264834778791
31
480.0000003352762
12
-2385.5680484746845
22
1492.7264857875593
32
480.0000003352762
13
-2525.568049070731
23
1492.7264857875593
33
480.0000003352762
0
3DFACE
5
C4FC
330
BF15
100
AcDbEntity
100
AcDbFace
8
EKP_TURKCELL_RRU
10
-2525.568049070731
20
982.7264834778791
30
989.999994635582
11
-2385.5680484746845
21
982.7264834778791
31
989.999994635582
12
-2385.5680484746845
22
1492.7264857875593
32
989.999994635582
13
-2525.568049070731
23
1492.7264857875593
33
989.999994635582
0
3DFACE
5
C4FD
330
BF15
100
AcDbEntity
100
AcDbFace
8
EKP_TURKCELL_RRU
10
-2525.568049070731
20
982.7264834778791
30
480.0000003352762
11
-2385.5680484746845
21
982.7264834778791
31
480.0000003352762
12
-2385.5680484746845
22
982.7264834778791
32
989.999994635582
13
-2525.568049070731
23
982.7264834778791
33
989.999994635582
0
3DFACE
5
C4FE
330
BF15
100
AcDbEntity
100
AcDbFace
8
EKP_TURKCELL_RRU
10
-2525.568049070731
20
1492.7264857875593
30
480.0000003352762
11
-2385.5680484746845
21
1492.7264857875593
31
480.0000003352762
12
-2385.5680484746845
22
1492.7264857875593
32
989.999994635582
13
-2525.568049070731
23
1492.7264857875593
33
989.999994635582
0
3DFACE
5
C4FF
330
BF15
100
AcDbEntity
100
AcDbFace
8
EKP_TURKCELL_RRU
10
-2525.568049070731
20
982.7264834778791
30
480.0000003352762
11
-2525.568049070731
21
1492.7264857875593
31
480.0000003352762
12
-2525.568049070731
22
1492.7264857875593
32
989.999994635582
13
-2525.568049070731
23
982.7264834778791
33
989.999994635582
0
3DFACE
5
C500
330
BF15
100
AcDbEntity
100
AcDbFace
8
EKP_TURKCELL_RRU
10
-2385.5680484746845
20
982.7264834778791
30
480.0000003352762
11
-2385.5680484746845
21
1492.7264857875593
31
480.0000003352762
12
-2385.5680484746845
22
1492.7264857875593
32
989.999994635582
13
-2385.5680484746845
23
982.7264834778791
33
989.999994635582
0
LINE
5
C501
330
BF15
100
AcDbEntity
100
AcDbLine
8
EKP_TURKCELL_RRU
10
-2525.568049070731
20
982.7264834778791
30
480.0000003352762
11
-2385.5680484746845
21
982.7264834778791
31
480.0000003352762
0
LINE
5
C502
330
BF15
100
AcDbEntity
100
AcDbLine
8
EKP_TURKCELL_RRU
10
-2385.5680484746845
20
982.7264834778791
30
480.0000003352762
11
-2385.5680484746845
21
1492.7264857875593
31
480.0000003352762
0
LINE
5
C503
330
BF15
100
AcDbEntity
100
AcDbLine
8
EKP_TURKCELL_RRU
10
-2385.5680484746845
20
1492.7264857875593
30
480.0000003352762
11
-2525.568049070731
21
1492.7264857875593
31
480.0000003352762
0
LINE
5
C504
330
BF15
100
AcDbEntity
100
AcDbLine
8
EKP_TURKCELL_RRU
10
-2525.568049070731
20
1492.7264857875593
30
480.0000003352762
11
-2525.568049070731
21
982.7264834778791
31
480.0000003352762
0
LINE
5
C505
330
BF15
100
AcDbEntity
100
AcDbLine
8
EKP_TURKCELL_RRU
10
-2525.568049070731
20
982.7264834778791
30
989.999994635582
11
-2385.5680484746845
21
982.7264834778791
31
989.999994635582
0
LINE
5
C506
330
BF15
100
AcDbEntity
100
AcDbLine
8
EKP_TURKCELL_RRU
10
-2385.5680484746845
20
982.7264834778791
30
989.999994635582
11
-2385.5680484746845
21
1492.7264857875593
31
989.999994635582
0
LINE
5
C507
330
BF15
100
AcDbEntity
100
AcDbLine
8
EKP_TURKCELL_RRU
10
-2385.5680484746845
20
1492.7264857875593
30
989.999994635582
11
-2525.568049070731
21
1492.7264857875593
31
989.999994635582
0
LINE
5
C508
330
BF15
100
AcDbEntity
100
AcDbLine
8
EKP_TURKCELL_RRU
10
-2525.568049070731
20
1492.7264857875593
30
989.999994635582
11
-2525.568049070731
21
982.7264834778791
31
989.999994635582
0
LINE
5
C509
330
BF15
100
AcDbEntity
100
AcDbLine
8
EKP_TURKCELL_RRU
10
-2525.568049070731
20
982.7264834778791
30
480.0000003352762
11
-2525.568049070731
21
982.7264834778791
31
989.999994635582
0
LINE
5
C50A
330
BF15
100
AcDbEntity
100
AcDbLine
8
EKP_TURKCELL_RRU
10
-2385.5680484746845
20
982.7264834778791
30
480.0000003352762
11
-2385.5680484746845
21
982.7264834778791
31
989.999994635582
0
LINE
5
C50B
330
BF15
100
AcDbEntity
100
AcDbLine
8
EKP_TURKCELL_RRU
10
-2385.5680484746845
20
1492.7264857875593
30
480.0000003352762
11
-2385.5680484746845
21
1492.7264857875593
31
989.999994635582
0
LINE
5
C50C
330
BF15
100
AcDbEntity
100
AcDbLine
8
EKP_TURKCELL_RRU
10
-2525.568049070731
20
1492.7264857875593
30
480.0000003352762
11
-2525.568049070731
21
1492.7264857875593
31
989.999994635582
0
3DFACE
5
C50D
330
BF15
100
AcDbEntity
100
AcDbFace
8
EKP_TURKCELL_RRU
10
-2487.068048906818
20
1222.7264846327193
30
989.999994635582
11
-2424.0680486385972
21
1222.7264846327193
31
989.999994635582
12
-2424.0680486385972
22
1252.7264846327193
32
989.999994635582
13
-2487.068048906818
23
1252.7264846327193
33
989.999994635582
0
3DFACE
5
C50E
330
BF15
100
AcDbEntity
100
AcDbFace
8
EKP_TURKCELL_RRU
10
-2487.068048906818
20
1222.7264846327193
30
1019.999994635582
11
-2424.0680486385972
21
1222.7264846327193
31
1019.999994635582
12
-2424.0680486385972
22
1252.7264846327193
32
1019.999994635582
13
-2487.068048906818
23
1252.7264846327193
33
1019.999994635582
0
3DFACE
5
C50F
330
BF15
100
AcDbEntity
100
AcDbFace
8
EKP_TURKCELL_RRU
10
-2487.068048906818
20
1222.7264846327193
30
989.999994635582
11
-2424.0680486385972
21
1222.7264846327193
31
989.999994635582
12
-2424.0680486385972
22
1222.7264846327193
32
1019.999994635582
13
-2487.068048906818
23
1222.7264846327193
33
1019.999994635582
0
3DFACE
5
C510
330
BF15
100
AcDbEntity
100
AcDbFace
8
EKP_TURKCELL_RRU
10
-2487.068048906818
20
1252.7264846327193
30
989.999994635582
11
-2424.0680486385972
21
1252.7264846327193
31
989.999994635582
12
-2424.0680486385972
22
1252.7264846327193
32
1019.999994635582
13
-2487.068048906818
23
1252.7264846327193
33
1019.999994635582
0
3DFACE
5
C511
330
BF15
100
AcDbEntity
100
AcDbFace
8
EKP_TURKCELL_RRU
10
-2487.068048906818
20
1222.7264846327193
30
989.999994635582
11
-2487.068048906818
21
1252.7264846327193
31
989.999994635582
12
-2487.068048906818
22
1252.7264846327193
32
1019.999994635582
13
-2487.068048906818
23
1222.7264846327193
33
1019.999994635582
0
3DFACE
5
C512
330
BF15
100
AcDbEntity
100
AcDbFace
8
EKP_TURKCELL_RRU
10
-2424.0680486385972
20
1222.7264846327193
30
989.999994635582
11
-2424.0680486385972
21
1252.7264846327193
31
989.999994635582
12
-2424.0680486385972
22
1252.7264846327193
32
1019.999994635582
13
-2424.0680486385972
23
1222.7264846327193
33
1019.999994635582
0
LINE
5
C513
330
BF15
100
AcDbEntity
100
AcDbLine
8
EKP_TURKCELL_RRU
10
-2487.068048906818
20
1222.7264846327193
30
989.999994635582
11
-2424.0680486385972
21
1222.7264846327193
31
989.999994635582
0
LINE
5
C514
330
BF15
100
AcDbEntity
100
AcDbLine
8
EKP_TURKCELL_RRU
10
-2424.0680486385972
20
1222.7264846327193
30
989.999994635582
11
-2424.0680486385972
21
1252.7264846327193
31
989.999994635582
0
LINE
5
C515
330
BF15
100
AcDbEntity
100
AcDbLine
8
EKP_TURKCELL_RRU
10
-2424.0680486385972
20
1252.7264846327193
30
989.999994635582
11
-2487.068048906818
21
1252.7264846327193
31
989.999994635582
0
LINE
5
C516
330
BF15
100
AcDbEntity
100
AcDbLine
8
EKP_TURKCELL_RRU
10
-2487.068048906818
20
1252.7264846327193
30
989.999994635582
11
-2487.068048906818
21
1222.7264846327193
31
989.999994635582
0
LINE
5
C517
330
BF15
100
AcDbEntity
100
AcDbLine
8
EKP_TURKCELL_RRU
10
-2487.068048906818
20
1222.7264846327193
30
1019.999994635582
11
-2424.0680486385972
21
1222.7264846327193
31
1019.999994635582
0
LINE
5
C518
330
BF15
100
AcDbEntity
100
AcDbLine
8
EKP_TURKCELL_RRU
10
-2424.0680486385972
20
1222.7264846327193
30
1019.999994635582
11
-2424.0680486385972
21
1252.7264846327193
31
1019.999994635582
0
LINE
5
C519
330
BF15
100
AcDbEntity
100
AcDbLine
8
EKP_TURKCELL_RRU
10
-2424.0680486385972
20
1252.7264846327193
30
1019.999994635582
11
-2487.068048906818
21
1252.7264846327193
31
1019.999994635582
0
LINE
5
C51A
330
BF15
100
AcDbEntity
100
AcDbLine
8
EKP_TURKCELL_RRU
10
-2487.068048906818
20
1252.7264846327193
30
1019.999994635582
11
-2487.068048906818
21
1222.7264846327193
31
1019.999994635582
0
LINE
5
C51B
330
BF15
100
AcDbEntity
100
AcDbLine
8
EKP_TURKCELL_RRU
10
-2487.068048906818
20
1222.7264846327193
30
989.999994635582
11
-2487.068048906818
21
1222.7264846327193
31
1019.999994635582
0
LINE
5
C51C
330
BF15
100
AcDbEntity
100
AcDbLine
8
EKP_TURKCELL_RRU
10
-2424.0680486385972
20
1222.7264846327193
30
989.999994635582
11
-2424.0680486385972
21
1222.7264846327193
31
1019.999994635582
0
LINE
5
C51D
330
BF15
100
AcDbEntity
100
AcDbLine
8
EKP_TURKCELL_RRU
10
-2424.0680486385972
20
1252.7264846327193
30
989.999994635582
11
-2424.0680486385972
21
1252.7264846327193
31
1019.999994635582
0
LINE
5
C51E
330
BF15
100
AcDbEntity
100
AcDbLine
8
EKP_TURKCELL_RRU
10
-2487.068048906818
20
1252.7264846327193
30
989.999994635582
11
-2487.068048906818
21
1252.7264846327193
31
1019.999994635582
0
LINE
5
C51F
330
BF15
100
AcDbEntity
100
AcDbLine
8
EKP_TURKCELL_RRU
10
-2483.568048891917
20
1237.7264846327193
30
989.999994635582
11
-2427.5680486534984
21
1237.7264846327193
31
989.999994635582
0
LINE
5
C520
330
BF15
100
AcDbEntity
100
AcDbLine
8
EKP_TURKCELL_RRU
10
-2455.5680487727077
20
1135.7264841707834
30
989.999994635582
11
-2455.5680487727077
21
1339.7264850946553
31
989.999994635582
0
TEXT
5
C521
330
BF15
100
AcDbEntity
100
AcDbText
8
EKP_TURKCELL_RRU
10
-2455.5680487727077
20
1269.0864847662338
30
0
40
39.20000016689301
1
Turkcell RRU5502 (Alt Kot)
50
0
7
STANDARD
72
1
11
-2455.5680487727077
21
1269.0864847662338
31
0
100
AcDbText
73
2
0
3DFACE
5
C570
330
BF15
100
AcDbEntity
100
AcDbFace
8
EKP_VODAFONE_RRU
10
-2683.0680514549163
20
966.7264808552748
30
1230.0000003352761
11
-2548.0680460904982
21
966.7264808552748
31
1230.0000003352761
12
-2548.0680460904982
22
1508.7264857875593
32
1230.0000003352761
13
-2683.0680514549163
23
1508.7264857875593
33
1230.0000003352761
0
3DFACE
5
C571
330
BF15
100
AcDbEntity
100
AcDbFace
8
EKP_VODAFONE_RRU
10
-2683.0680514549163
20
966.7264808552748
30
1739.999994635582
11
-2548.0680460904982
21
966.7264808552748
31
1739.999994635582
12
-2548.0680460904982
22
1508.7264857875593
32
1739.999994635582
13
-2683.0680514549163
23
1508.7264857875593
33
1739.999994635582
0
3DFACE
5
C572
330
BF15
100
AcDbEntity
100
AcDbFace
8
EKP_VODAFONE_RRU
10
-2683.0680514549163
20
966.7264808552748
30
1230.0000003352761
11
-2548.0680460904982
21
966.7264808552748
31
1230.0000003352761
12
-2548.0680460904982
22
966.7264808552748
32
1739.999994635582
13
-2683.0680514549163
23
966.7264808552748
33
1739.999994635582
0
3DFACE
5
C573
330
BF15
100
AcDbEntity
100
AcDbFace
8
EKP_VODAFONE_RRU
10
-2683.0680514549163
20
1508.7264857875593
30
1230.0000003352761
11
-2548.0680460904982
21
1508.7264857875593
31
1230.0000003352761
12
-2548.0680460904982
22
1508.7264857875593
32
1739.999994635582
13
-2683.0680514549163
23
1508.7264857875593
33
1739.999994635582
0
3DFACE
5
C574
330
BF15
100
AcDbEntity
100
AcDbFace
8
EKP_VODAFONE_RRU
10
-2683.0680514549163
20
966.7264808552748
30
1230.0000003352761
11
-2683.0680514549163
21
1508.7264857875593
31
1230.0000003352761
12
-2683.0680514549163
22
1508.7264857875593
32
1739.999994635582
13
-2683.0680514549163
23
966.7264808552748
33
1739.999994635582
0
3DFACE
5
C575
330
BF15
100
AcDbEntity
100
AcDbFace
8
EKP_VODAFONE_RRU
10
-2548.0680460904982
20
966.7264808552748
30
1230.0000003352761
11
-2548.0680460904982
21
1508.7264857875593
31
1230.0000003352761
12
-2548.0680460904982
22
1508.7264857875593
32
1739.999994635582
13
-2548.0680460904982
23
966.7264808552748
33
1739.999994635582
0
LINE
5
C576
330
BF15
100
AcDbEntity
100
AcDbLine
8
EKP_VODAFONE_RRU
10
-2683.0680514549163
20
966.7264808552748
30
1230.0000003352761
11
-2548.0680460904982
21
966.7264808552748
31
1230.0000003352761
0
LINE
5
C577
330
BF15
100
AcDbEntity
100
AcDbLine
8
EKP_VODAFONE_RRU
10
-2548.0680460904982
20
966.7264808552748
30
1230.0000003352761
11
-2548.0680460904982
21
1508.7264857875593
31
1230.0000003352761
0
LINE
5
C578
330
BF15
100
AcDbEntity
100
AcDbLine
8
EKP_VODAFONE_RRU
10
-2548.0680460904982
20
1508.7264857875593
30
1230.0000003352761
11
-2683.0680514549163
21
1508.7264857875593
31
1230.0000003352761
0
LINE
5
C579
330
BF15
100
AcDbEntity
100
AcDbLine
8
EKP_VODAFONE_RRU
10
-2683.0680514549163
20
1508.7264857875593
30
1230.0000003352761
11
-2683.0680514549163
21
966.7264808552748
31
1230.0000003352761
0
LINE
5
C57A
330
BF15
100
AcDbEntity
100
AcDbLine
8
EKP_VODAFONE_RRU
10
-2683.0680514549163
20
966.7264808552748
30
1739.999994635582
11
-2548.0680460904982
21
966.7264808552748
31
1739.999994635582
0
LINE
5
C57B
330
BF15
100
AcDbEntity
100
AcDbLine
8
EKP_VODAFONE_RRU
10
-2548.0680460904982
20
966.7264808552748
30
1739.999994635582
11
-2548.0680460904982
21
1508.7264857875593
31
1739.999994635582
0
LINE
5
C57C
330
BF15
100
AcDbEntity
100
AcDbLine
8
EKP_VODAFONE_RRU
10
-2548.0680460904982
20
1508.7264857875593
30
1739.999994635582
11
-2683.0680514549163
21
1508.7264857875593
31
1739.999994635582
0
LINE
5
C57D
330
BF15
100
AcDbEntity
100
AcDbLine
8
EKP_VODAFONE_RRU
10
-2683.0680514549163
20
1508.7264857875593
30
1739.999994635582
11
-2683.0680514549163
21
966.7264808552748
31
1739.999994635582
0
LINE
5
C57E
330
BF15
100
AcDbEntity
100
AcDbLine
8
EKP_VODAFONE_RRU
10
-2683.0680514549163
20
966.7264808552748
30
1230.0000003352761
11
-2683.0680514549163
21
966.7264808552748
31
1739.999994635582
0
LINE
5
C57F
330
BF15
100
AcDbEntity
100
AcDbLine
8
EKP_VODAFONE_RRU
10
-2548.0680460904982
20
966.7264808552748
30
1230.0000003352761
11
-2548.0680460904982
21
966.7264808552748
31
1739.999994635582
0
LINE
5
C580
330
BF15
100
AcDbEntity
100
AcDbLine
8
EKP_VODAFONE_RRU
10
-2548.0680460904982
20
1508.7264857875593
30
1230.0000003352761
11
-2548.0680460904982
21
1508.7264857875593
31
1739.999994635582
0
LINE
5
C581
330
BF15
100
AcDbEntity
100
AcDbLine
8
EKP_VODAFONE_RRU
10
-2683.0680514549163
20
1508.7264857875593
30
1230.0000003352761
11
-2683.0680514549163
21
1508.7264857875593
31
1739.999994635582
0
3DFACE
5
C582
330
BF15
100
AcDbEntity
100
AcDbFace
8
EKP_VODAFONE_RRU
10
-2645.9430499797013
20
1222.7264833214172
30
1739.999994635582
11
-2585.193047565713
21
1222.7264833214172
31
1739.999994635582
12
-2585.193047565713
22
1252.7264833214172
32
1739.999994635582
13
-2645.9430499797013
23
1252.7264833214172
33
1739.999994635582
0
3DFACE
5
C583
330
BF15
100
AcDbEntity
100
AcDbFace
8
EKP_VODAFONE_RRU
10
-2645.9430499797013
20
1222.7264833214172
30
1769.999994635582
11
-2585.193047565713
21
1222.7264833214172
31
1769.999994635582
12
-2585.193047565713
22
1252.7264833214172
32
1769.999994635582
13
-2645.9430499797013
23
1252.7264833214172
33
1769.999994635582
0
3DFACE
5
C584
330
BF15
100
AcDbEntity
100
AcDbFace
8
EKP_VODAFONE_RRU
10
-2645.9430499797013
20
1222.7264833214172
30
1739.999994635582
11
-2585.193047565713
21
1222.7264833214172
31
1739.999994635582
12
-2585.193047565713
22
1222.7264833214172
32
1769.999994635582
13
-2645.9430499797013
23
1222.7264833214172
33
1769.999994635582
0
3DFACE
5
C585
330
BF15
100
AcDbEntity
100
AcDbFace
8
EKP_VODAFONE_RRU
10
-2645.9430499797013
20
1252.7264833214172
30
1739.999994635582
11
-2585.193047565713
21
1252.7264833214172
31
1739.999994635582
12
-2585.193047565713
22
1252.7264833214172
32
1769.999994635582
13
-2645.9430499797013
23
1252.7264833214172
33
1769.999994635582
0
3DFACE
5
C586
330
BF15
100
AcDbEntity
100
AcDbFace
8
EKP_VODAFONE_RRU
10
-2645.9430499797013
20
1222.7264833214172
30
1739.999994635582
11
-2645.9430499797013
21
1252.7264833214172
31
1739.999994635582
12
-2645.9430499797013
22
1252.7264833214172
32
1769.999994635582
13
-2645.9430499797013
23
1222.7264833214172
33
1769.999994635582
0
3DFACE
5
C587
330
BF15
100
AcDbEntity
100
AcDbFace
8
EKP_VODAFONE_RRU
10
-2585.193047565713
20
1222.7264833214172
30
1739.999994635582
11
-2585.193047565713
21
1252.7264833214172
31
1739.999994635582
12
-2585.193047565713
22
1252.7264833214172
32
1769.999994635582
13
-2585.193047565713
23
1222.7264833214172
33
1769.999994635582
0
LINE
5
C588
330
BF15
100
AcDbEntity
100
AcDbLine
8
EKP_VODAFONE_RRU
10
-2645.9430499797013
20
1222.7264833214172
30
1739.999994635582
11
-2585.193047565713
21
1222.7264833214172
31
1739.999994635582
0
LINE
5
C589
330
BF15
100
AcDbEntity
100
AcDbLine
8
EKP_VODAFONE_RRU
10
-2585.193047565713
20
1222.7264833214172
30
1739.999994635582
11
-2585.193047565713
21
1252.7264833214172
31
1739.999994635582
0
LINE
5
C58A
330
BF15
100
AcDbEntity
100
AcDbLine
8
EKP_VODAFONE_RRU
10
-2585.193047565713
20
1252.7264833214172
30
1739.999994635582
11
-2645.9430499797013
21
1252.7264833214172
31
1739.999994635582
0
LINE
5
C58B
330
BF15
100
AcDbEntity
100
AcDbLine
8
EKP_VODAFONE_RRU
10
-2645.9430499797013
20
1252.7264833214172
30
1739.999994635582
11
-2645.9430499797013
21
1222.7264833214172
31
1739.999994635582
0
LINE
5
C58C
330
BF15
100
AcDbEntity
100
AcDbLine
8
EKP_VODAFONE_RRU
10
-2645.9430499797013
20
1222.7264833214172
30
1769.999994635582
11
-2585.193047565713
21
1222.7264833214172
31
1769.999994635582
0
LINE
5
C58D
330
BF15
100
AcDbEntity
100
AcDbLine
8
EKP_VODAFONE_RRU
10
-2585.193047565713
20
1222.7264833214172
30
1769.999994635582
11
-2585.193047565713
21
1252.7264833214172
31
1769.999994635582
0
LINE
5
C58E
330
BF15
100
AcDbEntity
100
AcDbLine
8
EKP_VODAFONE_RRU
10
-2585.193047565713
20
1252.7264833214172
30
1769.999994635582
11
-2645.9430499797013
21
1252.7264833214172
31
1769.999994635582
0
LINE
5
C58F
330
BF15
100
AcDbEntity
100
AcDbLine
8
EKP_VODAFONE_RRU
10
-2645.9430499797013
20
1252.7264833214172
30
1769.999994635582
11
-2645.9430499797013
21
1222.7264833214172
31
1769.999994635582
0
LINE
5
C590
330
BF15
100
AcDbEntity
100
AcDbLine
8
EKP_VODAFONE_RRU
10
-2645.9430499797013
20
1222.7264833214172
30
1739.999994635582
11
-2645.9430499797013
21
1222.7264833214172
31
1769.999994635582
0
LINE
5
C591
330
BF15
100
AcDbEntity
100
AcDbLine
8
EKP_VODAFONE_RRU
10
-2585.193047565713
20
1222.7264833214172
30
1739.999994635582
11
-2585.193047565713
21
1222.7264833214172
31
1769.999994635582
0
LINE
5
C592
330
BF15
100
AcDbEntity
100
AcDbLine
8
EKP_VODAFONE_RRU
10
-2585.193047565713
20
1252.7264833214172
30
1739.999994635582
11
-2585.193047565713
21
1252.7264833214172
31
1769.999994635582
0
LINE
5
C593
330
BF15
100
AcDbEntity
100
AcDbLine
8
EKP_VODAFONE_RRU
10
-2645.9430499797013
20
1252.7264833214172
30
1739.999994635582
11
-2645.9430499797013
21
1252.7264833214172
31
1769.999994635582
0
LINE
5
C594
330
BF15
100
AcDbEntity
100
AcDbLine
8
EKP_VODAFONE_RRU
10
-2642.568049845591
20
1237.7264833214172
30
1739.999994635582
11
-2588.5680476998236
21
1237.7264833214172
31
1739.999994635582
0
LINE
5
C595
330
BF15
100
AcDbEntity
100
AcDbLine
8
EKP_VODAFONE_RRU
10
-2615.5680487727072
20
1129.3264823349602
30
1739.999994635582
11
-2615.5680487727072
21
1346.126484307874
31
1739.999994635582
0
TEXT
5
C596
330
BF15
100
AcDbEntity
100
AcDbText
8
EKP_VODAFONE_RRU
10
-2615.5680487727072
20
1267.9664845230468
30
0
40
37.800001502037055
1
Vodafone RRU5526t (Ust Kot 1)
50
0
7
STANDARD
72
1
11
-2615.5680487727072
21
1267.9664845230468
31
0
100
AcDbText
73
2
0
3DFACE
5
C597
330
BF15
100
AcDbEntity
100
AcDbFace
8
EKP_VODAFONE_RRU
10
-2523.0680514549167
20
966.7264808552748
30
1230.0000003352761
11
-2388.0680460904987
21
966.7264808552748
31
1230.0000003352761
12
-2388.0680460904987
22
1508.7264857875593
32
1230.0000003352761
13
-2523.0680514549167
23
1508.7264857875593
33
1230.0000003352761
0
3DFACE
5
C598
330
BF15
100
AcDbEntity
100
AcDbFace
8
EKP_VODAFONE_RRU
10
-2523.0680514549167
20
966.7264808552748
30
1739.999994635582
11
-2388.0680460904987
21
966.7264808552748
31
1739.999994635582
12
-2388.0680460904987
22
1508.7264857875593
32
1739.999994635582
13
-2523.0680514549167
23
1508.7264857875593
33
1739.999994635582
0
3DFACE
5
C599
330
BF15
100
AcDbEntity
100
AcDbFace
8
EKP_VODAFONE_RRU
10
-2523.0680514549167
20
966.7264808552748
30
1230.0000003352761
11
-2388.0680460904987
21
966.7264808552748
31
1230.0000003352761
12
-2388.0680460904987
22
966.7264808552748
32
1739.999994635582
13
-2523.0680514549167
23
966.7264808552748
33
1739.999994635582
0
3DFACE
5
C59A
330
BF15
100
AcDbEntity
100
AcDbFace
8
EKP_VODAFONE_RRU
10
-2523.0680514549167
20
1508.7264857875593
30
1230.0000003352761
11
-2388.0680460904987
21
1508.7264857875593
31
1230.0000003352761
12
-2388.0680460904987
22
1508.7264857875593
32
1739.999994635582
13
-2523.0680514549167
23
1508.7264857875593
33
1739.999994635582
0
3DFACE
5
C59B
330
BF15
100
AcDbEntity
100
AcDbFace
8
EKP_VODAFONE_RRU
10
-2523.0680514549167
20
966.7264808552748
30
1230.0000003352761
11
-2523.0680514549167
21
1508.7264857875593
31
1230.0000003352761
12
-2523.0680514549167
22
1508.7264857875593
32
1739.999994635582
13
-2523.0680514549167
23
966.7264808552748
33
1739.999994635582
0
3DFACE
5
C59C
330
BF15
100
AcDbEntity
100
AcDbFace
8
EKP_VODAFONE_RRU
10
-2388.0680460904987
20
966.7264808552748
30
1230.0000003352761
11
-2388.0680460904987
21
1508.7264857875593
31
1230.0000003352761
12
-2388.0680460904987
22
1508.7264857875593
32
1739.999994635582
13
-2388.0680460904987
23
966.7264808552748
33
1739.999994635582
0
LINE
5
C59D
330
BF15
100
AcDbEntity
100
AcDbLine
8
EKP_VODAFONE_RRU
10
-2523.0680514549167
20
966.7264808552748
30
1230.0000003352761
11
-2388.0680460904987
21
966.7264808552748
31
1230.0000003352761
0
LINE
5
C59E
330
BF15
100
AcDbEntity
100
AcDbLine
8
EKP_VODAFONE_RRU
10
-2388.0680460904987
20
966.7264808552748
30
1230.0000003352761
11
-2388.0680460904987
21
1508.7264857875593
31
1230.0000003352761
0
LINE
5
C59F
330
BF15
100
AcDbEntity
100
AcDbLine
8
EKP_VODAFONE_RRU
10
-2388.0680460904987
20
1508.7264857875593
30
1230.0000003352761
11
-2523.0680514549167
21
1508.7264857875593
31
1230.0000003352761
0
LINE
5
C5A0
330
BF15
100
AcDbEntity
100
AcDbLine
8
EKP_VODAFONE_RRU
10
-2523.0680514549167
20
1508.7264857875593
30
1230.0000003352761
11
-2523.0680514549167
21
966.7264808552748
31
1230.0000003352761
0
LINE
5
C5A1
330
BF15
100
AcDbEntity
100
AcDbLine
8
EKP_VODAFONE_RRU
10
-2523.0680514549167
20
966.7264808552748
30
1739.999994635582
11
-2388.0680460904987
21
966.7264808552748
31
1739.999994635582
0
LINE
5
C5A2
330
BF15
100
AcDbEntity
100
AcDbLine
8
EKP_VODAFONE_RRU
10
-2388.0680460904987
20
966.7264808552748
30
1739.999994635582
11
-2388.0680460904987
21
1508.7264857875593
31
1739.999994635582
0
LINE
5
C5A3
330
BF15
100
AcDbEntity
100
AcDbLine
8
EKP_VODAFONE_RRU
10
-2388.0680460904987
20
1508.7264857875593
30
1739.999994635582
11
-2523.0680514549167
21
1508.7264857875593
31
1739.999994635582
0
LINE
5
C5A4
330
BF15
100
AcDbEntity
100
AcDbLine
8
EKP_VODAFONE_RRU
10
-2523.0680514549167
20
1508.7264857875593
30
1739.999994635582
11
-2523.0680514549167
21
966.7264808552748
31
1739.999994635582
0
LINE
5
C5A5
330
BF15
100
AcDbEntity
100
AcDbLine
8
EKP_VODAFONE_RRU
10
-2523.0680514549167
20
966.7264808552748
30
1230.0000003352761
11
-2523.0680514549167
21
966.7264808552748
31
1739.999994635582
0
LINE
5
C5A6
330
BF15
100
AcDbEntity
100
AcDbLine
8
EKP_VODAFONE_RRU
10
-2388.0680460904987
20
966.7264808552748
30
1230.0000003352761
11
-2388.0680460904987
21
966.7264808552748
31
1739.999994635582
0
LINE
5
C5A7
330
BF15
100
AcDbEntity
100
AcDbLine
8
EKP_VODAFONE_RRU
10
-2388.0680460904987
20
1508.7264857875593
30
1230.0000003352761
11
-2388.0680460904987
21
1508.7264857875593
31
1739.999994635582
0
LINE
5
C5A8
330
BF15
100
AcDbEntity
100
AcDbLine
8
EKP_VODAFONE_RRU
10
-2523.0680514549167
20
1508.7264857875593
30
1230.0000003352761
11
-2523.0680514549167
21
1508.7264857875593
31
1739.999994635582
0
3DFACE
5
C5A9
330
BF15
100
AcDbEntity
100
AcDbFace
8
EKP_VODAFONE_RRU
10
-2485.9430499797018
20
1222.7264833214172
30
1739.999994635582
11
-2425.1930475657136
21
1222.7264833214172
31
1739.999994635582
12
-2425.1930475657136
22
1252.7264833214172
32
1739.999994635582
13
-2485.9430499797018
23
1252.7264833214172
33
1739.999994635582
0
3DFACE
5
C5AA
330
BF15
100
AcDbEntity
100
AcDbFace
8
EKP_VODAFONE_RRU
10
-2485.9430499797018
20
1222.7264833214172
30
1769.999994635582
11
-2425.1930475657136
21
1222.7264833214172
31
1769.999994635582
12
-2425.1930475657136
22
1252.7264833214172
32
1769.999994635582
13
-2485.9430499797018
23
1252.7264833214172
33
1769.999994635582
0
3DFACE
5
C5AB
330
BF15
100
AcDbEntity
100
AcDbFace
8
EKP_VODAFONE_RRU
10
-2485.9430499797018
20
1222.7264833214172
30
1739.999994635582
11
-2425.1930475657136
21
1222.7264833214172
31
1739.999994635582
12
-2425.1930475657136
22
1222.7264833214172
32
1769.999994635582
13
-2485.9430499797018
23
1222.7264833214172
33
1769.999994635582
0
3DFACE
5
C5AC
330
BF15
100
AcDbEntity
100
AcDbFace
8
EKP_VODAFONE_RRU
10
-2485.9430499797018
20
1252.7264833214172
30
1739.999994635582
11
-2425.1930475657136
21
1252.7264833214172
31
1739.999994635582
12
-2425.1930475657136
22
1252.7264833214172
32
1769.999994635582
13
-2485.9430499797018
23
1252.7264833214172
33
1769.999994635582
0
3DFACE
5
C5AD
330
BF15
100
AcDbEntity
100
AcDbFace
8
EKP_VODAFONE_RRU
10
-2485.9430499797018
20
1222.7264833214172
30
1739.999994635582
11
-2485.9430499797018
21
1252.7264833214172
31
1739.999994635582
12
-2485.9430499797018
22
1252.7264833214172
32
1769.999994635582
13
-2485.9430499797018
23
1222.7264833214172
33
1769.999994635582
0
3DFACE
5
C5AE
330
BF15
100
AcDbEntity
100
AcDbFace
8
EKP_VODAFONE_RRU
10
-2425.1930475657136
20
1222.7264833214172
30
1739.999994635582
11
-2425.1930475657136
21
1252.7264833214172
31
1739.999994635582
12
-2425.1930475657136
22
1252.7264833214172
32
1769.999994635582
13
-2425.1930475657136
23
1222.7264833214172
33
1769.999994635582
0
LINE
5
C5AF
330
BF15
100
AcDbEntity
100
AcDbLine
8
EKP_VODAFONE_RRU
10
-2485.9430499797018
20
1222.7264833214172
30
1739.999994635582
11
-2425.1930475657136
21
1222.7264833214172
31
1739.999994635582
0
LINE
5
C5B0
330
BF15
100
AcDbEntity
100
AcDbLine
8
EKP_VODAFONE_RRU
10
-2425.1930475657136
20
1222.7264833214172
30
1739.999994635582
11
-2425.1930475657136
21
1252.7264833214172
31
1739.999994635582
0
LINE
5
C5B1
330
BF15
100
AcDbEntity
100
AcDbLine
8
EKP_VODAFONE_RRU
10
-2425.1930475657136
20
1252.7264833214172
30
1739.999994635582
11
-2485.9430499797018
21
1252.7264833214172
31
1739.999994635582
0
LINE
5
C5B2
330
BF15
100
AcDbEntity
100
AcDbLine
8
EKP_VODAFONE_RRU
10
-2485.9430499797018
20
1252.7264833214172
30
1739.999994635582
11
-2485.9430499797018
21
1222.7264833214172
31
1739.999994635582
0
LINE
5
C5B3
330
BF15
100
AcDbEntity
100
AcDbLine
8
EKP_VODAFONE_RRU
10
-2485.9430499797018
20
1222.7264833214172
30
1769.999994635582
11
-2425.1930475657136
21
1222.7264833214172
31
1769.999994635582
0
LINE
5
C5B4
330
BF15
100
AcDbEntity
100
AcDbLine
8
EKP_VODAFONE_RRU
10
-2425.1930475657136
20
1222.7264833214172
30
1769.999994635582
11
-2425.1930475657136
21
1252.7264833214172
31
1769.999994635582
0
LINE
5
C5B5
330
BF15
100
AcDbEntity
100
AcDbLine
8
EKP_VODAFONE_RRU
10
-2425.1930475657136
20
1252.7264833214172
30
1769.999994635582
11
-2485.9430499797018
21
1252.7264833214172
31
1769.999994635582
0
LINE
5
C5B6
330
BF15
100
AcDbEntity
100
AcDbLine
8
EKP_VODAFONE_RRU
10
-2485.9430499797018
20
1252.7264833214172
30
1769.999994635582
11
-2485.9430499797018
21
1222.7264833214172
31
1769.999994635582
0
LINE
5
C5B7
330
BF15
100
AcDbEntity
100
AcDbLine
8
EKP_VODAFONE_RRU
10
-2485.9430499797018
20
1222.7264833214172
30
1739.999994635582
11
-2485.9430499797018
21
1222.7264833214172
31
1769.999994635582
0
LINE
5
C5B8
330
BF15
100
AcDbEntity
100
AcDbLine
8
EKP_VODAFONE_RRU
10
-2425.1930475657136
20
1222.7264833214172
30
1739.999994635582
11
-2425.1930475657136
21
1222.7264833214172
31
1769.999994635582
0
LINE
5
C5B9
330
BF15
100
AcDbEntity
100
AcDbLine
8
EKP_VODAFONE_RRU
10
-2425.1930475657136
20
1252.7264833214172
30
1739.999994635582
11
-2425.1930475657136
21
1252.7264833214172
31
1769.999994635582
0
LINE
5
C5BA
330
BF15
100
AcDbEntity
100
AcDbLine
8
EKP_VODAFONE_RRU
10
-2485.9430499797018
20
1252.7264833214172
30
1739.999994635582
11
-2485.9430499797018
21
1252.7264833214172
31
1769.999994635582
0
LINE
5
C5BB
330
BF15
100
AcDbEntity
100
AcDbLine
8
EKP_VODAFONE_RRU
10
-2482.5680498455913
20
1237.7264833214172
30
1739.999994635582
11
-2428.568047699824
21
1237.7264833214172
31
1739.999994635582
0
LINE
5
C5BC
330
BF15
100
AcDbEntity
100
AcDbLine
8
EKP_VODAFONE_RRU
10
-2455.5680487727077
20
1129.3264823349602
30
1739.999994635582
11
-2455.5680487727077
21
1346.126484307874
31
1739.999994635582
0
TEXT
5
C5BD
330
BF15
100
AcDbEntity
100
AcDbText
8
EKP_VODAFONE_RRU
10
-2455.5680487727077
20
1267.9664845230468
30
0
40
37.800001502037055
1
Vodafone RRU5526t (Ust Kot 2)
50
0
7
STANDARD
72
1
11
-2455.5680487727077
21
1267.9664845230468
31
0
100
AcDbText
73
2
0
3DFACE
5
C5BE
330
BF15
100
AcDbEntity
100
AcDbFace
8
EKP_VODAFONE_RRU
10
-2363.0680514549167
20
966.7264808552748
30
1230.0000003352761
11
-2228.0680460904987
21
966.7264808552748
31
1230.0000003352761
12
-2228.0680460904987
22
1508.7264857875593
32
1230.0000003352761
13
-2363.0680514549167
23
1508.7264857875593
33
1230.0000003352761
0
3DFACE
5
C5BF
330
BF15
100
AcDbEntity
100
AcDbFace
8
EKP_VODAFONE_RRU
10
-2363.0680514549167
20
966.7264808552748
30
1739.999994635582
11
-2228.0680460904987
21
966.7264808552748
31
1739.999994635582
12
-2228.0680460904987
22
1508.7264857875593
32
1739.999994635582
13
-2363.0680514549167
23
1508.7264857875593
33
1739.999994635582
0
3DFACE
5
C5C0
330
BF15
100
AcDbEntity
100
AcDbFace
8
EKP_VODAFONE_RRU
10
-2363.0680514549167
20
966.7264808552748
30
1230.0000003352761
11
-2228.0680460904987
21
966.7264808552748
31
1230.0000003352761
12
-2228.0680460904987
22
966.7264808552748
32
1739.999994635582
13
-2363.0680514549167
23
966.7264808552748
33
1739.999994635582
0
3DFACE
5
C5C1
330
BF15
100
AcDbEntity
100
AcDbFace
8
EKP_VODAFONE_RRU
10
-2363.0680514549167
20
1508.7264857875593
30
1230.0000003352761
11
-2228.0680460904987
21
1508.7264857875593
31
1230.0000003352761
12
-2228.0680460904987
22
1508.7264857875593
32
1739.999994635582
13
-2363.0680514549167
23
1508.7264857875593
33
1739.999994635582
0
3DFACE
5
C5C2
330
BF15
100
AcDbEntity
100
AcDbFace
8
EKP_VODAFONE_RRU
10
-2363.0680514549167
20
966.7264808552748
30
1230.0000003352761
11
-2363.0680514549167
21
1508.7264857875593
31
1230.0000003352761
12
-2363.0680514549167
22
1508.7264857875593
32
1739.999994635582
13
-2363.0680514549167
23
966.7264808552748
33
1739.999994635582
0
3DFACE
5
C5C3
330
BF15
100
AcDbEntity
100
AcDbFace
8
EKP_VODAFONE_RRU
10
-2228.0680460904987
20
966.7264808552748
30
1230.0000003352761
11
-2228.0680460904987
21
1508.7264857875593
31
1230.0000003352761
12
-2228.0680460904987
22
1508.7264857875593
32
1739.999994635582
13
-2228.0680460904987
23
966.7264808552748
33
1739.999994635582
0
LINE
5
C5C4
330
BF15
100
AcDbEntity
100
AcDbLine
8
EKP_VODAFONE_RRU
10
-2363.0680514549167
20
966.7264808552748
30
1230.0000003352761
11
-2228.0680460904987
21
966.7264808552748
31
1230.0000003352761
0
LINE
5
C5C5
330
BF15
100
AcDbEntity
100
AcDbLine
8
EKP_VODAFONE_RRU
10
-2228.0680460904987
20
966.7264808552748
30
1230.0000003352761
11
-2228.0680460904987
21
1508.7264857875593
31
1230.0000003352761
0
LINE
5
C5C6
330
BF15
100
AcDbEntity
100
AcDbLine
8
EKP_VODAFONE_RRU
10
-2228.0680460904987
20
1508.7264857875593
30
1230.0000003352761
11
-2363.0680514549167
21
1508.7264857875593
31
1230.0000003352761
0
LINE
5
C5C7
330
BF15
100
AcDbEntity
100
AcDbLine
8
EKP_VODAFONE_RRU
10
-2363.0680514549167
20
1508.7264857875593
30
1230.0000003352761
11
-2363.0680514549167
21
966.7264808552748
31
1230.0000003352761
0
LINE
5
C5C8
330
BF15
100
AcDbEntity
100
AcDbLine
8
EKP_VODAFONE_RRU
10
-2363.0680514549167
20
966.7264808552748
30
1739.999994635582
11
-2228.0680460904987
21
966.7264808552748
31
1739.999994635582
0
LINE
5
C5C9
330
BF15
100
AcDbEntity
100
AcDbLine
8
EKP_VODAFONE_RRU
10
-2228.0680460904987
20
966.7264808552748
30
1739.999994635582
11
-2228.0680460904987
21
1508.7264857875593
31
1739.999994635582
0
LINE
5
C5CA
330
BF15
100
AcDbEntity
100
AcDbLine
8
EKP_VODAFONE_RRU
10
-2228.0680460904987
20
1508.7264857875593
30
1739.999994635582
11
-2363.0680514549167
21
1508.7264857875593
31
1739.999994635582
0
LINE
5
C5CB
330
BF15
100
AcDbEntity
100
AcDbLine
8
EKP_VODAFONE_RRU
10
-2363.0680514549167
20
1508.7264857875593
30
1739.999994635582
11
-2363.0680514549167
21
966.7264808552748
31
1739.999994635582
0
LINE
5
C5CC
330
BF15
100
AcDbEntity
100
AcDbLine
8
EKP_VODAFONE_RRU
10
-2363.0680514549167
20
966.7264808552748
30
1230.0000003352761
11
-2363.0680514549167
21
966.7264808552748
31
1739.999994635582
0
LINE
5
C5CD
330
BF15
100
AcDbEntity
100
AcDbLine
8
EKP_VODAFONE_RRU
10
-2228.0680460904987
20
966.7264808552748
30
1230.0000003352761
11
-2228.0680460904987
21
966.7264808552748
31
1739.999994635582
0
LINE
5
C5CE
330
BF15
100
AcDbEntity
100
AcDbLine
8
EKP_VODAFONE_RRU
10
-2228.0680460904987
20
1508.7264857875593
30
1230.0000003352761
11
-2228.0680460904987
21
1508.7264857875593
31
1739.999994635582
0
LINE
5
C5CF
330
BF15
100
AcDbEntity
100
AcDbLine
8
EKP_VODAFONE_RRU
10
-2363.0680514549167
20
1508.7264857875593
30
1230.0000003352761
11
-2363.0680514549167
21
1508.7264857875593
31
1739.999994635582
0
3DFACE
5
C5D0
330
BF15
100
AcDbEntity
100
AcDbFace
8
EKP_VODAFONE_RRU
10
-2325.9430499797018
20
1222.7264833214172
30
1739.999994635582
11
-2265.1930475657136
21
1222.7264833214172
31
1739.999994635582
12
-2265.1930475657136
22
1252.7264833214172
32
1739.999994635582
13
-2325.9430499797018
23
1252.7264833214172
33
1739.999994635582
0
3DFACE
5
C5D1
330
BF15
100
AcDbEntity
100
AcDbFace
8
EKP_VODAFONE_RRU
10
-2325.9430499797018
20
1222.7264833214172
30
1769.999994635582
11
-2265.1930475657136
21
1222.7264833214172
31
1769.999994635582
12
-2265.1930475657136
22
1252.7264833214172
32
1769.999994635582
13
-2325.9430499797018
23
1252.7264833214172
33
1769.999994635582
0
3DFACE
5
C5D2
330
BF15
100
AcDbEntity
100
AcDbFace
8
EKP_VODAFONE_RRU
10
-2325.9430499797018
20
1222.7264833214172
30
1739.999994635582
11
-2265.1930475657136
21
1222.7264833214172
31
1739.999994635582
12
-2265.1930475657136
22
1222.7264833214172
32
1769.999994635582
13
-2325.9430499797018
23
1222.7264833214172
33
1769.999994635582
0
3DFACE
5
C5D3
330
BF15
100
AcDbEntity
100
AcDbFace
8
EKP_VODAFONE_RRU
10
-2325.9430499797018
20
1252.7264833214172
30
1739.999994635582
11
-2265.1930475657136
21
1252.7264833214172
31
1739.999994635582
12
-2265.1930475657136
22
1252.7264833214172
32
1769.999994635582
13
-2325.9430499797018
23
1252.7264833214172
33
1769.999994635582
0
3DFACE
5
C5D4
330
BF15
100
AcDbEntity
100
AcDbFace
8
EKP_VODAFONE_RRU
10
-2325.9430499797018
20
1222.7264833214172
30
1739.999994635582
11
-2325.9430499797018
21
1252.7264833214172
31
1739.999994635582
12
-2325.9430499797018
22
1252.7264833214172
32
1769.999994635582
13
-2325.9430499797018
23
1222.7264833214172
33
1769.999994635582
0
3DFACE
5
C5D5
330
BF15
100
AcDbEntity
100
AcDbFace
8
EKP_VODAFONE_RRU
10
-2265.1930475657136
20
1222.7264833214172
30
1739.999994635582
11
-2265.1930475657136
21
1252.7264833214172
31
1739.999994635582
12
-2265.1930475657136
22
1252.7264833214172
32
1769.999994635582
13
-2265.1930475657136
23
1222.7264833214172
33
1769.999994635582
0
LINE
5
C5D6
330
BF15
100
AcDbEntity
100
AcDbLine
8
EKP_VODAFONE_RRU
10
-2325.9430499797018
20
1222.7264833214172
30
1739.999994635582
11
-2265.1930475657136
21
1222.7264833214172
31
1739.999994635582
0
LINE
5
C5D7
330
BF15
100
AcDbEntity
100
AcDbLine
8
EKP_VODAFONE_RRU
10
-2265.1930475657136
20
1222.7264833214172
30
1739.999994635582
11
-2265.1930475657136
21
1252.7264833214172
31
1739.999994635582
0
LINE
5
C5D8
330
BF15
100
AcDbEntity
100
AcDbLine
8
EKP_VODAFONE_RRU
10
-2265.1930475657136
20
1252.7264833214172
30
1739.999994635582
11
-2325.9430499797018
21
1252.7264833214172
31
1739.999994635582
0
LINE
5
C5D9
330
BF15
100
AcDbEntity
100
AcDbLine
8
EKP_VODAFONE_RRU
10
-2325.9430499797018
20
1252.7264833214172
30
1739.999994635582
11
-2325.9430499797018
21
1222.7264833214172
31
1739.999994635582
0
LINE
5
C5DA
330
BF15
100
AcDbEntity
100
AcDbLine
8
EKP_VODAFONE_RRU
10
-2325.9430499797018
20
1222.7264833214172
30
1769.999994635582
11
-2265.1930475657136
21
1222.7264833214172
31
1769.999994635582
0
LINE
5
C5DB
330
BF15
100
AcDbEntity
100
AcDbLine
8
EKP_VODAFONE_RRU
10
-2265.1930475657136
20
1222.7264833214172
30
1769.999994635582
11
-2265.1930475657136
21
1252.7264833214172
31
1769.999994635582
0
LINE
5
C5DC
330
BF15
100
AcDbEntity
100
AcDbLine
8
EKP_VODAFONE_RRU
10
-2265.1930475657136
20
1252.7264833214172
30
1769.999994635582
11
-2325.9430499797018
21
1252.7264833214172
31
1769.999994635582
0
LINE
5
C5DD
330
BF15
100
AcDbEntity
100
AcDbLine
8
EKP_VODAFONE_RRU
10
-2325.9430499797018
20
1252.7264833214172
30
1769.999994635582
11
-2325.9430499797018
21
1222.7264833214172
31
1769.999994635582
0
LINE
5
C5DE
330
BF15
100
AcDbEntity
100
AcDbLine
8
EKP_VODAFONE_RRU
10
-2325.9430499797018
20
1222.7264833214172
30
1739.999994635582
11
-2325.9430499797018
21
1222.7264833214172
31
1769.999994635582
0
LINE
5
C5DF
330
BF15
100
AcDbEntity
100
AcDbLine
8
EKP_VODAFONE_RRU
10
-2265.1930475657136
20
1222.7264833214172
30
1739.999994635582
11
-2265.1930475657136
21
1222.7264833214172
31
1769.999994635582
0
LINE
5
C5E0
330
BF15
100
AcDbEntity
100
AcDbLine
8
EKP_VODAFONE_RRU
10
-2265.1930475657136
20
1252.7264833214172
30
1739.999994635582
11
-2265.1930475657136
21
1252.7264833214172
31
1769.999994635582
0
LINE
5
C5E1
330
BF15
100
AcDbEntity
100
AcDbLine
8
EKP_VODAFONE_RRU
10
-2325.9430499797018
20
1252.7264833214172
30
1739.999994635582
11
-2325.9430499797018
21
1252.7264833214172
31
1769.999994635582
0
LINE
5
C5E2
330
BF15
100
AcDbEntity
100
AcDbLine
8
EKP_VODAFONE_RRU
10
-2322.5680498455913
20
1237.7264833214172
30
1739.999994635582
11
-2268.568047699824
21
1237.7264833214172
31
1739.999994635582
0
LINE
5
C5E3
330
BF15
100
AcDbEntity
100
AcDbLine
8
EKP_VODAFONE_RRU
10
-2295.5680487727077
20
1129.3264823349602
30
1739.999994635582
11
-2295.5680487727077
21
1346.126484307874
31
1739.999994635582
0
TEXT
5
C5E4
330
BF15
100
AcDbEntity
100
AcDbText
8
EKP_VODAFONE_RRU
10
-2295.5680487727077
20
1267.9664845230468
30
0
40
37.800001502037055
1
Vodafone RRU5526t (Ust Kot 3)
50
0
7
STANDARD
72
1
11
-2295.5680487727077
21
1267.9664845230468
31
0
100
AcDbText
73
2
0
3DFACE
5
C522
330
BF15
100
AcDbEntity
100
AcDbFace
8
EKP_TURK_TELEKOM_RRU
10
-2365.568049070731
20
1004.72648335867
30
480.0000003352762
11
-2225.5680484746845
21
1004.72648335867
31
480.0000003352762
12
-2225.5680484746845
22
1470.7264857875593
32
480.0000003352762
13
-2365.568049070731
23
1470.7264857875593
33
480.0000003352762
0
3DFACE
5
C523
330
BF15
100
AcDbEntity
100
AcDbFace
8
EKP_TURK_TELEKOM_RRU
10
-2365.568049070731
20
1004.72648335867
30
989.999994635582
11
-2225.5680484746845
21
1004.72648335867
31
989.999994635582
12
-2225.5680484746845
22
1470.7264857875593
32
989.999994635582
13
-2365.568049070731
23
1470.7264857875593
33
989.999994635582
0
3DFACE
5
C524
330
BF15
100
AcDbEntity
100
AcDbFace
8
EKP_TURK_TELEKOM_RRU
10
-2365.568049070731
20
1004.72648335867
30
480.0000003352762
11
-2225.5680484746845
21
1004.72648335867
31
480.0000003352762
12
-2225.5680484746845
22
1004.72648335867
32
989.999994635582
13
-2365.568049070731
23
1004.72648335867
33
989.999994635582
0
3DFACE
5
C525
330
BF15
100
AcDbEntity
100
AcDbFace
8
EKP_TURK_TELEKOM_RRU
10
-2365.568049070731
20
1470.7264857875593
30
480.0000003352762
11
-2225.5680484746845
21
1470.7264857875593
31
480.0000003352762
12
-2225.5680484746845
22
1470.7264857875593
32
989.999994635582
13
-2365.568049070731
23
1470.7264857875593
33
989.999994635582
0
3DFACE
5
C526
330
BF15
100
AcDbEntity
100
AcDbFace
8
EKP_TURK_TELEKOM_RRU
10
-2365.568049070731
20
1004.72648335867
30
480.0000003352762
11
-2365.568049070731
21
1470.7264857875593
31
480.0000003352762
12
-2365.568049070731
22
1470.7264857875593
32
989.999994635582
13
-2365.568049070731
23
1004.72648335867
33
989.999994635582
0
3DFACE
5
C527
330
BF15
100
AcDbEntity
100
AcDbFace
8
EKP_TURK_TELEKOM_RRU
10
-2225.5680484746845
20
1004.72648335867
30
480.0000003352762
11
-2225.5680484746845
21
1470.7264857875593
31
480.0000003352762
12
-2225.5680484746845
22
1470.7264857875593
32
989.999994635582
13
-2225.5680484746845
23
1004.72648335867
33
989.999994635582
0
LINE
5
C528
330
BF15
100
AcDbEntity
100
AcDbLine
8
EKP_TURK_TELEKOM_RRU
10
-2365.568049070731
20
1004.72648335867
30
480.0000003352762
11
-2225.5680484746845
21
1004.72648335867
31
480.0000003352762
0
LINE
5
C529
330
BF15
100
AcDbEntity
100
AcDbLine
8
EKP_TURK_TELEKOM_RRU
10
-2225.5680484746845
20
1004.72648335867
30
480.0000003352762
11
-2225.5680484746845
21
1470.7264857875593
31
480.0000003352762
0
LINE
5
C52A
330
BF15
100
AcDbEntity
100
AcDbLine
8
EKP_TURK_TELEKOM_RRU
10
-2225.5680484746845
20
1470.7264857875593
30
480.0000003352762
11
-2365.568049070731
21
1470.7264857875593
31
480.0000003352762
0
LINE
5
C52B
330
BF15
100
AcDbEntity
100
AcDbLine
8
EKP_TURK_TELEKOM_RRU
10
-2365.568049070731
20
1470.7264857875593
30
480.0000003352762
11
-2365.568049070731
21
1004.72648335867
31
480.0000003352762
0
LINE
5
C52C
330
BF15
100
AcDbEntity
100
AcDbLine
8
EKP_TURK_TELEKOM_RRU
10
-2365.568049070731
20
1004.72648335867
30
989.999994635582
11
-2225.5680484746845
21
1004.72648335867
31
989.999994635582
0
LINE
5
C52D
330
BF15
100
AcDbEntity
100
AcDbLine
8
EKP_TURK_TELEKOM_RRU
10
-2225.5680484746845
20
1004.72648335867
30
989.999994635582
11
-2225.5680484746845
21
1470.7264857875593
31
989.999994635582
0
LINE
5
C52E
330
BF15
100
AcDbEntity
100
AcDbLine
8
EKP_TURK_TELEKOM_RRU
10
-2225.5680484746845
20
1470.7264857875593
30
989.999994635582
11
-2365.568049070731
21
1470.7264857875593
31
989.999994635582
0
LINE
5
C52F
330
BF15
100
AcDbEntity
100
AcDbLine
8
EKP_TURK_TELEKOM_RRU
10
-2365.568049070731
20
1470.7264857875593
30
989.999994635582
11
-2365.568049070731
21
1004.72648335867
31
989.999994635582
0
LINE
5
C530
330
BF15
100
AcDbEntity
100
AcDbLine
8
EKP_TURK_TELEKOM_RRU
10
-2365.568049070731
20
1004.72648335867
30
480.0000003352762
11
-2365.568049070731
21
1004.72648335867
31
989.999994635582
0
LINE
5
C531
330
BF15
100
AcDbEntity
100
AcDbLine
8
EKP_TURK_TELEKOM_RRU
10
-2225.5680484746845
20
1004.72648335867
30
480.0000003352762
11
-2225.5680484746845
21
1004.72648335867
31
989.999994635582
0
LINE
5
C532
330
BF15
100
AcDbEntity
100
AcDbLine
8
EKP_TURK_TELEKOM_RRU
10
-2225.5680484746845
20
1470.7264857875593
30
480.0000003352762
11
-2225.5680484746845
21
1470.7264857875593
31
989.999994635582
0
LINE
5
C533
330
BF15
100
AcDbEntity
100
AcDbLine
8
EKP_TURK_TELEKOM_RRU
10
-2365.568049070731
20
1470.7264857875593
30
480.0000003352762
11
-2365.568049070731
21
1470.7264857875593
31
989.999994635582
0
3DFACE
5
C534
330
BF15
100
AcDbEntity
100
AcDbFace
8
EKP_TURK_TELEKOM_RRU
10
-2327.068048906818
20
1222.7264845731147
30
989.999994635582
11
-2264.0680486385972
21
1222.7264845731147
31
989.999994635582
12
-2264.0680486385972
22
1252.7264845731147
32
989.999994635582
13
-2327.068048906818
23
1252.7264845731147
33
989.999994635582
0
3DFACE
5
C535
330
BF15
100
AcDbEntity
100
AcDbFace
8
EKP_TURK_TELEKOM_RRU
10
-2327.068048906818
20
1222.7264845731147
30
1019.999994635582
11
-2264.0680486385972
21
1222.7264845731147
31
1019.999994635582
12
-2264.0680486385972
22
1252.7264845731147
32
1019.999994635582
13
-2327.068048906818
23
1252.7264845731147
33
1019.999994635582
0
3DFACE
5
C536
330
BF15
100
AcDbEntity
100
AcDbFace
8
EKP_TURK_TELEKOM_RRU
10
-2327.068048906818
20
1222.7264845731147
30
989.999994635582
11
-2264.0680486385972
21
1222.7264845731147
31
989.999994635582
12
-2264.0680486385972
22
1222.7264845731147
32
1019.999994635582
13
-2327.068048906818
23
1222.7264845731147
33
1019.999994635582
0
3DFACE
5
C537
330
BF15
100
AcDbEntity
100
AcDbFace
8
EKP_TURK_TELEKOM_RRU
10
-2327.068048906818
20
1252.7264845731147
30
989.999994635582
11
-2264.0680486385972
21
1252.7264845731147
31
989.999994635582
12
-2264.0680486385972
22
1252.7264845731147
32
1019.999994635582
13
-2327.068048906818
23
1252.7264845731147
33
1019.999994635582
0
3DFACE
5
C538
330
BF15
100
AcDbEntity
100
AcDbFace
8
EKP_TURK_TELEKOM_RRU
10
-2327.068048906818
20
1222.7264845731147
30
989.999994635582
11
-2327.068048906818
21
1252.7264845731147
31
989.999994635582
12
-2327.068048906818
22
1252.7264845731147
32
1019.999994635582
13
-2327.068048906818
23
1222.7264845731147
33
1019.999994635582
0
3DFACE
5
C539
330
BF15
100
AcDbEntity
100
AcDbFace
8
EKP_TURK_TELEKOM_RRU
10
-2264.0680486385972
20
1222.7264845731147
30
989.999994635582
11
-2264.0680486385972
21
1252.7264845731147
31
989.999994635582
12
-2264.0680486385972
22
1252.7264845731147
32
1019.999994635582
13
-2264.0680486385972
23
1222.7264845731147
33
1019.999994635582
0
LINE
5
C53A
330
BF15
100
AcDbEntity
100
AcDbLine
8
EKP_TURK_TELEKOM_RRU
10
-2327.068048906818
20
1222.7264845731147
30
989.999994635582
11
-2264.0680486385972
21
1222.7264845731147
31
989.999994635582
0
LINE
5
C53B
330
BF15
100
AcDbEntity
100
AcDbLine
8
EKP_TURK_TELEKOM_RRU
10
-2264.0680486385972
20
1222.7264845731147
30
989.999994635582
11
-2264.0680486385972
21
1252.7264845731147
31
989.999994635582
0
LINE
5
C53C
330
BF15
100
AcDbEntity
100
AcDbLine
8
EKP_TURK_TELEKOM_RRU
10
-2264.0680486385972
20
1252.7264845731147
30
989.999994635582
11
-2327.068048906818
21
1252.7264845731147
31
989.999994635582
0
LINE
5
C53D
330
BF15
100
AcDbEntity
100
AcDbLine
8
EKP_TURK_TELEKOM_RRU
10
-2327.068048906818
20
1252.7264845731147
30
989.999994635582
11
-2327.068048906818
21
1222.7264845731147
31
989.999994635582
0
LINE
5
C53E
330
BF15
100
AcDbEntity
100
AcDbLine
8
EKP_TURK_TELEKOM_RRU
10
-2327.068048906818
20
1222.7264845731147
30
1019.999994635582
11
-2264.0680486385972
21
1222.7264845731147
31
1019.999994635582
0
LINE
5
C53F
330
BF15
100
AcDbEntity
100
AcDbLine
8
EKP_TURK_TELEKOM_RRU
10
-2264.0680486385972
20
1222.7264845731147
30
1019.999994635582
11
-2264.0680486385972
21
1252.7264845731147
31
1019.999994635582
0
LINE
5
C540
330
BF15
100
AcDbEntity
100
AcDbLine
8
EKP_TURK_TELEKOM_RRU
10
-2264.0680486385972
20
1252.7264845731147
30
1019.999994635582
11
-2327.068048906818
21
1252.7264845731147
31
1019.999994635582
0
LINE
5
C541
330
BF15
100
AcDbEntity
100
AcDbLine
8
EKP_TURK_TELEKOM_RRU
10
-2327.068048906818
20
1252.7264845731147
30
1019.999994635582
11
-2327.068048906818
21
1222.7264845731147
31
1019.999994635582
0
LINE
5
C542
330
BF15
100
AcDbEntity
100
AcDbLine
8
EKP_TURK_TELEKOM_RRU
10
-2327.068048906818
20
1222.7264845731147
30
989.999994635582
11
-2327.068048906818
21
1222.7264845731147
31
1019.999994635582
0
LINE
5
C543
330
BF15
100
AcDbEntity
100
AcDbLine
8
EKP_TURK_TELEKOM_RRU
10
-2264.0680486385972
20
1222.7264845731147
30
989.999994635582
11
-2264.0680486385972
21
1222.7264845731147
31
1019.999994635582
0
LINE
5
C544
330
BF15
100
AcDbEntity
100
AcDbLine
8
EKP_TURK_TELEKOM_RRU
10
-2264.0680486385972
20
1252.7264845731147
30
989.999994635582
11
-2264.0680486385972
21
1252.7264845731147
31
1019.999994635582
0
LINE
5
C545
330
BF15
100
AcDbEntity
100
AcDbLine
8
EKP_TURK_TELEKOM_RRU
10
-2327.068048906818
20
1252.7264845731147
30
989.999994635582
11
-2327.068048906818
21
1252.7264845731147
31
1019.999994635582
0
LINE
5
C546
330
BF15
100
AcDbEntity
100
AcDbLine
8
EKP_TURK_TELEKOM_RRU
10
-2323.568048891917
20
1237.7264845731147
30
989.999994635582
11
-2267.5680486534984
21
1237.7264845731147
31
989.999994635582
0
LINE
5
C547
330
BF15
100
AcDbEntity
100
AcDbLine
8
EKP_TURK_TELEKOM_RRU
10
-2295.5680487727077
20
1144.526484087337
30
989.999994635582
11
-2295.5680487727077
21
1330.9264850588925
31
989.999994635582
0
TEXT
5
C548
330
BF15
100
AcDbEntity
100
AcDbText
8
EKP_TURK_TELEKOM_RRU
10
-2295.5680487727077
20
1269.086484706629
30
0
40
39.20000016689301
1
TT RRU5527 (Alt Kot)
50
0
7
STANDARD
72
1
11
-2295.5680487727077
21
1269.086484706629
31
0
100
AcDbText
73
2
0
3DFACE
5
C549
330
BF15
100
AcDbEntity
100
AcDbFace
8
EKP_TURK_TELEKOM_RRU
10
-2205.568049070731
20
1004.72648335867
30
480.0000003352762
11
-2065.5680484746845
21
1004.72648335867
31
480.0000003352762
12
-2065.5680484746845
22
1470.7264857875593
32
480.0000003352762
13
-2205.568049070731
23
1470.7264857875593
33
480.0000003352762
0
3DFACE
5
C54A
330
BF15
100
AcDbEntity
100
AcDbFace
8
EKP_TURK_TELEKOM_RRU
10
-2205.568049070731
20
1004.72648335867
30
989.999994635582
11
-2065.5680484746845
21
1004.72648335867
31
989.999994635582
12
-2065.5680484746845
22
1470.7264857875593
32
989.999994635582
13
-2205.568049070731
23
1470.7264857875593
33
989.999994635582
0
3DFACE
5
C54B
330
BF15
100
AcDbEntity
100
AcDbFace
8
EKP_TURK_TELEKOM_RRU
10
-2205.568049070731
20
1004.72648335867
30
480.0000003352762
11
-2065.5680484746845
21
1004.72648335867
31
480.0000003352762
12
-2065.5680484746845
22
1004.72648335867
32
989.999994635582
13
-2205.568049070731
23
1004.72648335867
33
989.999994635582
0
3DFACE
5
C54C
330
BF15
100
AcDbEntity
100
AcDbFace
8
EKP_TURK_TELEKOM_RRU
10
-2205.568049070731
20
1470.7264857875593
30
480.0000003352762
11
-2065.5680484746845
21
1470.7264857875593
31
480.0000003352762
12
-2065.5680484746845
22
1470.7264857875593
32
989.999994635582
13
-2205.568049070731
23
1470.7264857875593
33
989.999994635582
0
3DFACE
5
C54D
330
BF15
100
AcDbEntity
100
AcDbFace
8
EKP_TURK_TELEKOM_RRU
10
-2205.568049070731
20
1004.72648335867
30
480.0000003352762
11
-2205.568049070731
21
1470.7264857875593
31
480.0000003352762
12
-2205.568049070731
22
1470.7264857875593
32
989.999994635582
13
-2205.568049070731
23
1004.72648335867
33
989.999994635582
0
3DFACE
5
C54E
330
BF15
100
AcDbEntity
100
AcDbFace
8
EKP_TURK_TELEKOM_RRU
10
-2065.5680484746845
20
1004.72648335867
30
480.0000003352762
11
-2065.5680484746845
21
1470.7264857875593
31
480.0000003352762
12
-2065.5680484746845
22
1470.7264857875593
32
989.999994635582
13
-2065.5680484746845
23
1004.72648335867
33
989.999994635582
0
LINE
5
C54F
330
BF15
100
AcDbEntity
100
AcDbLine
8
EKP_TURK_TELEKOM_RRU
10
-2205.568049070731
20
1004.72648335867
30
480.0000003352762
11
-2065.5680484746845
21
1004.72648335867
31
480.0000003352762
0
LINE
5
C550
330
BF15
100
AcDbEntity
100
AcDbLine
8
EKP_TURK_TELEKOM_RRU
10
-2065.5680484746845
20
1004.72648335867
30
480.0000003352762
11
-2065.5680484746845
21
1470.7264857875593
31
480.0000003352762
0
LINE
5
C551
330
BF15
100
AcDbEntity
100
AcDbLine
8
EKP_TURK_TELEKOM_RRU
10
-2065.5680484746845
20
1470.7264857875593
30
480.0000003352762
11
-2205.568049070731
21
1470.7264857875593
31
480.0000003352762
0
LINE
5
C552
330
BF15
100
AcDbEntity
100
AcDbLine
8
EKP_TURK_TELEKOM_RRU
10
-2205.568049070731
20
1470.7264857875593
30
480.0000003352762
11
-2205.568049070731
21
1004.72648335867
31
480.0000003352762
0
LINE
5
C553
330
BF15
100
AcDbEntity
100
AcDbLine
8
EKP_TURK_TELEKOM_RRU
10
-2205.568049070731
20
1004.72648335867
30
989.999994635582
11
-2065.5680484746845
21
1004.72648335867
31
989.999994635582
0
LINE
5
C554
330
BF15
100
AcDbEntity
100
AcDbLine
8
EKP_TURK_TELEKOM_RRU
10
-2065.5680484746845
20
1004.72648335867
30
989.999994635582
11
-2065.5680484746845
21
1470.7264857875593
31
989.999994635582
0
LINE
5
C555
330
BF15
100
AcDbEntity
100
AcDbLine
8
EKP_TURK_TELEKOM_RRU
10
-2065.5680484746845
20
1470.7264857875593
30
989.999994635582
11
-2205.568049070731
21
1470.7264857875593
31
989.999994635582
0
LINE
5
C556
330
BF15
100
AcDbEntity
100
AcDbLine
8
EKP_TURK_TELEKOM_RRU
10
-2205.568049070731
20
1470.7264857875593
30
989.999994635582
11
-2205.568049070731
21
1004.72648335867
31
989.999994635582
0
LINE
5
C557
330
BF15
100
AcDbEntity
100
AcDbLine
8
EKP_TURK_TELEKOM_RRU
10
-2205.568049070731
20
1004.72648335867
30
480.0000003352762
11
-2205.568049070731
21
1004.72648335867
31
989.999994635582
0
LINE
5
C558
330
BF15
100
AcDbEntity
100
AcDbLine
8
EKP_TURK_TELEKOM_RRU
10
-2065.5680484746845
20
1004.72648335867
30
480.0000003352762
11
-2065.5680484746845
21
1004.72648335867
31
989.999994635582
0
LINE
5
C559
330
BF15
100
AcDbEntity
100
AcDbLine
8
EKP_TURK_TELEKOM_RRU
10
-2065.5680484746845
20
1470.7264857875593
30
480.0000003352762
11
-2065.5680484746845
21
1470.7264857875593
31
989.999994635582
0
LINE
5
C55A
330
BF15
100
AcDbEntity
100
AcDbLine
8
EKP_TURK_TELEKOM_RRU
10
-2205.568049070731
20
1470.7264857875593
30
480.0000003352762
11
-2205.568049070731
21
1470.7264857875593
31
989.999994635582
0
3DFACE
5
C55B
330
BF15
100
AcDbEntity
100
AcDbFace
8
EKP_TURK_TELEKOM_RRU
10
-2167.068048906818
20
1222.7264845731147
30
989.999994635582
11
-2104.0680486385972
21
1222.7264845731147
31
989.999994635582
12
-2104.0680486385972
22
1252.7264845731147
32
989.999994635582
13
-2167.068048906818
23
1252.7264845731147
33
989.999994635582
0
3DFACE
5
C55C
330
BF15
100
AcDbEntity
100
AcDbFace
8
EKP_TURK_TELEKOM_RRU
10
-2167.068048906818
20
1222.7264845731147
30
1019.999994635582
11
-2104.0680486385972
21
1222.7264845731147
31
1019.999994635582
12
-2104.0680486385972
22
1252.7264845731147
32
1019.999994635582
13
-2167.068048906818
23
1252.7264845731147
33
1019.999994635582
0
3DFACE
5
C55D
330
BF15
100
AcDbEntity
100
AcDbFace
8
EKP_TURK_TELEKOM_RRU
10
-2167.068048906818
20
1222.7264845731147
30
989.999994635582
11
-2104.0680486385972
21
1222.7264845731147
31
989.999994635582
12
-2104.0680486385972
22
1222.7264845731147
32
1019.999994635582
13
-2167.068048906818
23
1222.7264845731147
33
1019.999994635582
0
3DFACE
5
C55E
330
BF15
100
AcDbEntity
100
AcDbFace
8
EKP_TURK_TELEKOM_RRU
10
-2167.068048906818
20
1252.7264845731147
30
989.999994635582
11
-2104.0680486385972
21
1252.7264845731147
31
989.999994635582
12
-2104.0680486385972
22
1252.7264845731147
32
1019.999994635582
13
-2167.068048906818
23
1252.7264845731147
33
1019.999994635582
0
3DFACE
5
C55F
330
BF15
100
AcDbEntity
100
AcDbFace
8
EKP_TURK_TELEKOM_RRU
10
-2167.068048906818
20
1222.7264845731147
30
989.999994635582
11
-2167.068048906818
21
1252.7264845731147
31
989.999994635582
12
-2167.068048906818
22
1252.7264845731147
32
1019.999994635582
13
-2167.068048906818
23
1222.7264845731147
33
1019.999994635582
0
3DFACE
5
C560
330
BF15
100
AcDbEntity
100
AcDbFace
8
EKP_TURK_TELEKOM_RRU
10
-2104.0680486385972
20
1222.7264845731147
30
989.999994635582
11
-2104.0680486385972
21
1252.7264845731147
31
989.999994635582
12
-2104.0680486385972
22
1252.7264845731147
32
1019.999994635582
13
-2104.0680486385972
23
1222.7264845731147
33
1019.999994635582
0
LINE
5
C561
330
BF15
100
AcDbEntity
100
AcDbLine
8
EKP_TURK_TELEKOM_RRU
10
-2167.068048906818
20
1222.7264845731147
30
989.999994635582
11
-2104.0680486385972
21
1222.7264845731147
31
989.999994635582
0
LINE
5
C562
330
BF15
100
AcDbEntity
100
AcDbLine
8
EKP_TURK_TELEKOM_RRU
10
-2104.0680486385972
20
1222.7264845731147
30
989.999994635582
11
-2104.0680486385972
21
1252.7264845731147
31
989.999994635582
0
LINE
5
C563
330
BF15
100
AcDbEntity
100
AcDbLine
8
EKP_TURK_TELEKOM_RRU
10
-2104.0680486385972
20
1252.7264845731147
30
989.999994635582
11
-2167.068048906818
21
1252.7264845731147
31
989.999994635582
0
LINE
5
C564
330
BF15
100
AcDbEntity
100
AcDbLine
8
EKP_TURK_TELEKOM_RRU
10
-2167.068048906818
20
1252.7264845731147
30
989.999994635582
11
-2167.068048906818
21
1222.7264845731147
31
989.999994635582
0
LINE
5
C565
330
BF15
100
AcDbEntity
100
AcDbLine
8
EKP_TURK_TELEKOM_RRU
10
-2167.068048906818
20
1222.7264845731147
30
1019.999994635582
11
-2104.0680486385972
21
1222.7264845731147
31
1019.999994635582
0
LINE
5
C566
330
BF15
100
AcDbEntity
100
AcDbLine
8
EKP_TURK_TELEKOM_RRU
10
-2104.0680486385972
20
1222.7264845731147
30
1019.999994635582
11
-2104.0680486385972
21
1252.7264845731147
31
1019.999994635582
0
LINE
5
C567
330
BF15
100
AcDbEntity
100
AcDbLine
8
EKP_TURK_TELEKOM_RRU
10
-2104.0680486385972
20
1252.7264845731147
30
1019.999994635582
11
-2167.068048906818
21
1252.7264845731147
31
1019.999994635582
0
LINE
5
C568
330
BF15
100
AcDbEntity
100
AcDbLine
8
EKP_TURK_TELEKOM_RRU
10
-2167.068048906818
20
1252.7264845731147
30
1019.999994635582
11
-2167.068048906818
21
1222.7264845731147
31
1019.999994635582
0
LINE
5
C569
330
BF15
100
AcDbEntity
100
AcDbLine
8
EKP_TURK_TELEKOM_RRU
10
-2167.068048906818
20
1222.7264845731147
30
989.999994635582
11
-2167.068048906818
21
1222.7264845731147
31
1019.999994635582
0
LINE
5
C56A
330
BF15
100
AcDbEntity
100
AcDbLine
8
EKP_TURK_TELEKOM_RRU
10
-2104.0680486385972
20
1222.7264845731147
30
989.999994635582
11
-2104.0680486385972
21
1222.7264845731147
31
1019.999994635582
0
LINE
5
C56B
330
BF15
100
AcDbEntity
100
AcDbLine
8
EKP_TURK_TELEKOM_RRU
10
-2104.0680486385972
20
1252.7264845731147
30
989.999994635582
11
-2104.0680486385972
21
1252.7264845731147
31
1019.999994635582
0
LINE
5
C56C
330
BF15
100
AcDbEntity
100
AcDbLine
8
EKP_TURK_TELEKOM_RRU
10
-2167.068048906818
20
1252.7264845731147
30
989.999994635582
11
-2167.068048906818
21
1252.7264845731147
31
1019.999994635582
0
LINE
5
C56D
330
BF15
100
AcDbEntity
100
AcDbLine
8
EKP_TURK_TELEKOM_RRU
10
-2163.568048891917
20
1237.7264845731147
30
989.999994635582
11
-2107.5680486534984
21
1237.7264845731147
31
989.999994635582
0
LINE
5
C56E
330
BF15
100
AcDbEntity
100
AcDbLine
8
EKP_TURK_TELEKOM_RRU
10
-2135.5680487727077
20
1144.526484087337
30
989.999994635582
11
-2135.5680487727077
21
1330.9264850588925
31
989.999994635582
0
TEXT
5
C56F
330
BF15
100
AcDbEntity
100
AcDbText
8
EKP_TURK_TELEKOM_RRU
10
-2135.5680487727077
20
1269.086484706629
30
0
40
39.20000016689301
1
TT RRU5818W (Alt Kot)
50
0
7
STANDARD
72
1
11
-2135.5680487727077
21
1269.086484706629
31
0
100
AcDbText
73
2
0
3DFACE
5
C38E
330
BF15
100
AcDbEntity
100
AcDbFace
8
EKP_POI_TASIYICI_SASE
10
-4034.126808828714
20
923.4661973048302
30
1.1175871339474952e-7
11
-3414.126808232667
21
923.4661973048302
31
1.1175871339474952e-7
12
-3414.126808232667
22
1623.4661853839011
32
1.1175871339474952e-7
13
-4034.126808828714
23
1623.4661853839011
33
1.1175871339474952e-7
0
3DFACE
5
C38F
330
BF15
100
AcDbEntity
100
AcDbFace
8
EKP_POI_TASIYICI_SASE
10
-4034.126808828714
20
923.4661973048302
30
100.00000011175871
11
-3414.126808232667
21
923.4661973048302
31
100.00000011175871
12
-3414.126808232667
22
1623.4661853839011
32
100.00000011175871
13
-4034.126808828714
23
1623.4661853839011
33
100.00000011175871
0
3DFACE
5
C390
330
BF15
100
AcDbEntity
100
AcDbFace
8
EKP_POI_TASIYICI_SASE
10
-4034.126808828714
20
923.4661973048302
30
1.1175871339474952e-7
11
-3414.126808232667
21
923.4661973048302
31
1.1175871339474952e-7
12
-3414.126808232667
22
923.4661973048302
32
100.00000011175871
13
-4034.126808828714
23
923.4661973048302
33
100.00000011175871
0
3DFACE
5
C391
330
BF15
100
AcDbEntity
100
AcDbFace
8
EKP_POI_TASIYICI_SASE
10
-4034.126808828714
20
1623.4661853839011
30
1.1175871339474952e-7
11
-3414.126808232667
21
1623.4661853839011
31
1.1175871339474952e-7
12
-3414.126808232667
22
1623.4661853839011
32
100.00000011175871
13
-4034.126808828714
23
1623.4661853839011
33
100.00000011175871
0
3DFACE
5
C392
330
BF15
100
AcDbEntity
100
AcDbFace
8
EKP_POI_TASIYICI_SASE
10
-4034.126808828714
20
923.4661973048302
30
1.1175871339474952e-7
11
-4034.126808828714
21
1623.4661853839011
31
1.1175871339474952e-7
12
-4034.126808828714
22
1623.4661853839011
32
100.00000011175871
13
-4034.126808828714
23
923.4661973048302
33
100.00000011175871
0
3DFACE
5
C393
330
BF15
100
AcDbEntity
100
AcDbFace
8
EKP_POI_TASIYICI_SASE
10
-3414.126808232667
20
923.4661973048302
30
1.1175871339474952e-7
11
-3414.126808232667
21
1623.4661853839011
31
1.1175871339474952e-7
12
-3414.126808232667
22
1623.4661853839011
32
100.00000011175871
13
-3414.126808232667
23
923.4661973048302
33
100.00000011175871
0
LINE
5
C394
330
BF15
100
AcDbEntity
100
AcDbLine
8
EKP_POI_TASIYICI_SASE
10
-4034.126808828714
20
923.4661973048302
30
1.1175871339474952e-7
11
-3414.126808232667
21
923.4661973048302
31
1.1175871339474952e-7
0
LINE
5
C395
330
BF15
100
AcDbEntity
100
AcDbLine
8
EKP_POI_TASIYICI_SASE
10
-3414.126808232667
20
923.4661973048302
30
1.1175871339474952e-7
11
-3414.126808232667
21
1623.4661853839011
31
1.1175871339474952e-7
0
LINE
5
C396
330
BF15
100
AcDbEntity
100
AcDbLine
8
EKP_POI_TASIYICI_SASE
10
-3414.126808232667
20
1623.4661853839011
30
1.1175871339474952e-7
11
-4034.126808828714
21
1623.4661853839011
31
1.1175871339474952e-7
0
LINE
5
C397
330
BF15
100
AcDbEntity
100
AcDbLine
8
EKP_POI_TASIYICI_SASE
10
-4034.126808828714
20
1623.4661853839011
30
1.1175871339474952e-7
11
-4034.126808828714
21
923.4661973048302
31
1.1175871339474952e-7
0
LINE
5
C398
330
BF15
100
AcDbEntity
100
AcDbLine
8
EKP_POI_TASIYICI_SASE
10
-4034.126808828714
20
923.4661973048302
30
100.00000011175871
11
-3414.126808232667
21
923.4661973048302
31
100.00000011175871
0
LINE
5
C399
330
BF15
100
AcDbEntity
100
AcDbLine
8
EKP_POI_TASIYICI_SASE
10
-3414.126808232667
20
923.4661973048302
30
100.00000011175871
11
-3414.126808232667
21
1623.4661853839011
31
100.00000011175871
0
LINE
5
C39A
330
BF15
100
AcDbEntity
100
AcDbLine
8
EKP_POI_TASIYICI_SASE
10
-3414.126808232667
20
1623.4661853839011
30
100.00000011175871
11
-4034.126808828714
21
1623.4661853839011
31
100.00000011175871
0
LINE
5
C39B
330
BF15
100
AcDbEntity
100
AcDbLine
8
EKP_POI_TASIYICI_SASE
10
-4034.126808828714
20
1623.4661853839011
30
100.00000011175871
11
-4034.126808828714
21
923.4661973048302
31
100.00000011175871
0
LINE
5
C39C
330
BF15
100
AcDbEntity
100
AcDbLine
8
EKP_POI_TASIYICI_SASE
10
-4034.126808828714
20
923.4661973048302
30
1.1175871339474952e-7
11
-4034.126808828714
21
923.4661973048302
31
100.00000011175871
0
LINE
5
C39D
330
BF15
100
AcDbEntity
100
AcDbLine
8
EKP_POI_TASIYICI_SASE
10
-3414.126808232667
20
923.4661973048302
30
1.1175871339474952e-7
11
-3414.126808232667
21
923.4661973048302
31
100.00000011175871
0
LINE
5
C39E
330
BF15
100
AcDbEntity
100
AcDbLine
8
EKP_POI_TASIYICI_SASE
10
-3414.126808232667
20
1623.4661853839011
30
1.1175871339474952e-7
11
-3414.126808232667
21
1623.4661853839011
31
100.00000011175871
0
LINE
5
C39F
330
BF15
100
AcDbEntity
100
AcDbLine
8
EKP_POI_TASIYICI_SASE
10
-4034.126808828714
20
1623.4661853839011
30
1.1175871339474952e-7
11
-4034.126808828714
21
1623.4661853839011
31
100.00000011175871
0
3DFACE
5
C3A0
330
BF15
100
AcDbEntity
100
AcDbFace
8
EKP_POI_TASIYICI_SASE
10
-4034.126808828714
20
923.4661973048302
30
100.00000011175871
11
-3974.126808828714
21
923.4661973048302
31
100.00000011175871
12
-3974.126808828714
22
983.4661973048302
32
100.00000011175871
13
-4034.126808828714
23
983.4661973048302
33
100.00000011175871
0
3DFACE
5
C3A1
330
BF15
100
AcDbEntity
100
AcDbFace
8
EKP_POI_TASIYICI_SASE
10
-4034.126808828714
20
923.4661973048302
30
939.9999993294477
11
-3974.126808828714
21
923.4661973048302
31
939.9999993294477
12
-3974.126808828714
22
983.4661973048302
32
939.9999993294477
13
-4034.126808828714
23
983.4661973048302
33
939.9999993294477
0
3DFACE
5
C3A2
330
BF15
100
AcDbEntity
100
AcDbFace
8
EKP_POI_TASIYICI_SASE
10
-4034.126808828714
20
923.4661973048302
30
100.00000011175871
11
-3974.126808828714
21
923.4661973048302
31
100.00000011175871
12
-3974.126808828714
22
923.4661973048302
32
939.9999993294477
13
-4034.126808828714
23
923.4661973048302
33
939.9999993294477
0
3DFACE
5
C3A3
330
BF15
100
AcDbEntity
100
AcDbFace
8
EKP_POI_TASIYICI_SASE
10
-4034.126808828714
20
983.4661973048302
30
100.00000011175871
11
-3974.126808828714
21
983.4661973048302
31
100.00000011175871
12
-3974.126808828714
22
983.4661973048302
32
939.9999993294477
13
-4034.126808828714
23
983.4661973048302
33
939.9999993294477
0
3DFACE
5
C3A4
330
BF15
100
AcDbEntity
100
AcDbFace
8
EKP_POI_TASIYICI_SASE
10
-4034.126808828714
20
923.4661973048302
30
100.00000011175871
11
-4034.126808828714
21
983.4661973048302
31
100.00000011175871
12
-4034.126808828714
22
983.4661973048302
32
939.9999993294477
13
-4034.126808828714
23
923.4661973048302
33
939.9999993294477
0
3DFACE
5
C3A5
330
BF15
100
AcDbEntity
100
AcDbFace
8
EKP_POI_TASIYICI_SASE
10
-3974.126808828714
20
923.4661973048302
30
100.00000011175871
11
-3974.126808828714
21
983.4661973048302
31
100.00000011175871
12
-3974.126808828714
22
983.4661973048302
32
939.9999993294477
13
-3974.126808828714
23
923.4661973048302
33
939.9999993294477
0
LINE
5
C3A6
330
BF15
100
AcDbEntity
100
AcDbLine
8
EKP_POI_TASIYICI_SASE
10
-4034.126808828714
20
923.4661973048302
30
100.00000011175871
11
-3974.126808828714
21
923.4661973048302
31
100.00000011175871
0
LINE
5
C3A7
330
BF15
100
AcDbEntity
100
AcDbLine
8
EKP_POI_TASIYICI_SASE
10
-3974.126808828714
20
923.4661973048302
30
100.00000011175871
11
-3974.126808828714
21
983.4661973048302
31
100.00000011175871
0
LINE
5
C3A8
330
BF15
100
AcDbEntity
100
AcDbLine
8
EKP_POI_TASIYICI_SASE
10
-3974.126808828714
20
983.4661973048302
30
100.00000011175871
11
-4034.126808828714
21
983.4661973048302
31
100.00000011175871
0
LINE
5
C3A9
330
BF15
100
AcDbEntity
100
AcDbLine
8
EKP_POI_TASIYICI_SASE
10
-4034.126808828714
20
983.4661973048302
30
100.00000011175871
11
-4034.126808828714
21
923.4661973048302
31
100.00000011175871
0
LINE
5
C3AA
330
BF15
100
AcDbEntity
100
AcDbLine
8
EKP_POI_TASIYICI_SASE
10
-4034.126808828714
20
923.4661973048302
30
939.9999993294477
11
-3974.126808828714
21
923.4661973048302
31
939.9999993294477
0
LINE
5
C3AB
330
BF15
100
AcDbEntity
100
AcDbLine
8
EKP_POI_TASIYICI_SASE
10
-3974.126808828714
20
923.4661973048302
30
939.9999993294477
11
-3974.126808828714
21
983.4661973048302
31
939.9999993294477
0
LINE
5
C3AC
330
BF15
100
AcDbEntity
100
AcDbLine
8
EKP_POI_TASIYICI_SASE
10
-3974.126808828714
20
983.4661973048302
30
939.9999993294477
11
-4034.126808828714
21
983.4661973048302
31
939.9999993294477
0
LINE
5
C3AD
330
BF15
100
AcDbEntity
100
AcDbLine
8
EKP_POI_TASIYICI_SASE
10
-4034.126808828714
20
983.4661973048302
30
939.9999993294477
11
-4034.126808828714
21
923.4661973048302
31
939.9999993294477
0
LINE
5
C3AE
330
BF15
100
AcDbEntity
100
AcDbLine
8
EKP_POI_TASIYICI_SASE
10
-4034.126808828714
20
923.4661973048302
30
100.00000011175871
11
-4034.126808828714
21
923.4661973048302
31
939.9999993294477
0
LINE
5
C3AF
330
BF15
100
AcDbEntity
100
AcDbLine
8
EKP_POI_TASIYICI_SASE
10
-3974.126808828714
20
923.4661973048302
30
100.00000011175871
11
-3974.126808828714
21
923.4661973048302
31
939.9999993294477
0
LINE
5
C3B0
330
BF15
100
AcDbEntity
100
AcDbLine
8
EKP_POI_TASIYICI_SASE
10
-3974.126808828714
20
983.4661973048302
30
100.00000011175871
11
-3974.126808828714
21
983.4661973048302
31
939.9999993294477
0
LINE
5
C3B1
330
BF15
100
AcDbEntity
100
AcDbLine
8
EKP_POI_TASIYICI_SASE
10
-4034.126808828714
20
983.4661973048302
30
100.00000011175871
11
-4034.126808828714
21
983.4661973048302
31
939.9999993294477
0
3DFACE
5
C3B2
330
BF15
100
AcDbEntity
100
AcDbFace
8
EKP_POI_TASIYICI_SASE
10
-3474.126808232667
20
923.4661973048302
30
100.00000011175871
11
-3414.126808232667
21
923.4661973048302
31
100.00000011175871
12
-3414.126808232667
22
983.4661973048302
32
100.00000011175871
13
-3474.126808232667
23
983.4661973048302
33
100.00000011175871
0
3DFACE
5
C3B3
330
BF15
100
AcDbEntity
100
AcDbFace
8
EKP_POI_TASIYICI_SASE
10
-3474.126808232667
20
923.4661973048302
30
939.9999993294477
11
-3414.126808232667
21
923.4661973048302
31
939.9999993294477
12
-3414.126808232667
22
983.4661973048302
32
939.9999993294477
13
-3474.126808232667
23
983.4661973048302
33
939.9999993294477
0
3DFACE
5
C3B4
330
BF15
100
AcDbEntity
100
AcDbFace
8
EKP_POI_TASIYICI_SASE
10
-3474.126808232667
20
923.4661973048302
30
100.00000011175871
11
-3414.126808232667
21
923.4661973048302
31
100.00000011175871
12
-3414.126808232667
22
923.4661973048302
32
939.9999993294477
13
-3474.126808232667
23
923.4661973048302
33
939.9999993294477
0
3DFACE
5
C3B5
330
BF15
100
AcDbEntity
100
AcDbFace
8
EKP_POI_TASIYICI_SASE
10
-3474.126808232667
20
983.4661973048302
30
100.00000011175871
11
-3414.126808232667
21
983.4661973048302
31
100.00000011175871
12
-3414.126808232667
22
983.4661973048302
32
939.9999993294477
13
-3474.126808232667
23
983.4661973048302
33
939.9999993294477
0
3DFACE
5
C3B6
330
BF15
100
AcDbEntity
100
AcDbFace
8
EKP_POI_TASIYICI_SASE
10
-3474.126808232667
20
923.4661973048302
30
100.00000011175871
11
-3474.126808232667
21
983.4661973048302
31
100.00000011175871
12
-3474.126808232667
22
983.4661973048302
32
939.9999993294477
13
-3474.126808232667
23
923.4661973048302
33
939.9999993294477
0
3DFACE
5
C3B7
330
BF15
100
AcDbEntity
100
AcDbFace
8
EKP_POI_TASIYICI_SASE
10
-3414.126808232667
20
923.4661973048302
30
100.00000011175871
11
-3414.126808232667
21
983.4661973048302
31
100.00000011175871
12
-3414.126808232667
22
983.4661973048302
32
939.9999993294477
13
-3414.126808232667
23
923.4661973048302
33
939.9999993294477
0
LINE
5
C3B8
330
BF15
100
AcDbEntity
100
AcDbLine
8
EKP_POI_TASIYICI_SASE
10
-3474.126808232667
20
923.4661973048302
30
100.00000011175871
11
-3414.126808232667
21
923.4661973048302
31
100.00000011175871
0
LINE
5
C3B9
330
BF15
100
AcDbEntity
100
AcDbLine
8
EKP_POI_TASIYICI_SASE
10
-3414.126808232667
20
923.4661973048302
30
100.00000011175871
11
-3414.126808232667
21
983.4661973048302
31
100.00000011175871
0
LINE
5
C3BA
330
BF15
100
AcDbEntity
100
AcDbLine
8
EKP_POI_TASIYICI_SASE
10
-3414.126808232667
20
983.4661973048302
30
100.00000011175871
11
-3474.126808232667
21
983.4661973048302
31
100.00000011175871
0
LINE
5
C3BB
330
BF15
100
AcDbEntity
100
AcDbLine
8
EKP_POI_TASIYICI_SASE
10
-3474.126808232667
20
983.4661973048302
30
100.00000011175871
11
-3474.126808232667
21
923.4661973048302
31
100.00000011175871
0
LINE
5
C3BC
330
BF15
100
AcDbEntity
100
AcDbLine
8
EKP_POI_TASIYICI_SASE
10
-3474.126808232667
20
923.4661973048302
30
939.9999993294477
11
-3414.126808232667
21
923.4661973048302
31
939.9999993294477
0
LINE
5
C3BD
330
BF15
100
AcDbEntity
100
AcDbLine
8
EKP_POI_TASIYICI_SASE
10
-3414.126808232667
20
923.4661973048302
30
939.9999993294477
11
-3414.126808232667
21
983.4661973048302
31
939.9999993294477
0
LINE
5
C3BE
330
BF15
100
AcDbEntity
100
AcDbLine
8
EKP_POI_TASIYICI_SASE
10
-3414.126808232667
20
983.4661973048302
30
939.9999993294477
11
-3474.126808232667
21
983.4661973048302
31
939.9999993294477
0
LINE
5
C3BF
330
BF15
100
AcDbEntity
100
AcDbLine
8
EKP_POI_TASIYICI_SASE
10
-3474.126808232667
20
983.4661973048302
30
939.9999993294477
11
-3474.126808232667
21
923.4661973048302
31
939.9999993294477
0
LINE
5
C3C0
330
BF15
100
AcDbEntity
100
AcDbLine
8
EKP_POI_TASIYICI_SASE
10
-3474.126808232667
20
923.4661973048302
30
100.00000011175871
11
-3474.126808232667
21
923.4661973048302
31
939.9999993294477
0
LINE
5
C3C1
330
BF15
100
AcDbEntity
100
AcDbLine
8
EKP_POI_TASIYICI_SASE
10
-3414.126808232667
20
923.4661973048302
30
100.00000011175871
11
-3414.126808232667
21
923.4661973048302
31
939.9999993294477
0
LINE
5
C3C2
330
BF15
100
AcDbEntity
100
AcDbLine
8
EKP_POI_TASIYICI_SASE
10
-3414.126808232667
20
983.4661973048302
30
100.00000011175871
11
-3414.126808232667
21
983.4661973048302
31
939.9999993294477
0
LINE
5
C3C3
330
BF15
100
AcDbEntity
100
AcDbLine
8
EKP_POI_TASIYICI_SASE
10
-3474.126808232667
20
983.4661973048302
30
100.00000011175871
11
-3474.126808232667
21
983.4661973048302
31
939.9999993294477
0
3DFACE
5
C3C4
330
BF15
100
AcDbEntity
100
AcDbFace
8
EKP_POI_TASIYICI_SASE
10
-4034.126808828714
20
1563.4661853839011
30
100.00000011175871
11
-3974.126808828714
21
1563.4661853839011
31
100.00000011175871
12
-3974.126808828714
22
1623.4661853839011
32
100.00000011175871
13
-4034.126808828714
23
1623.4661853839011
33
100.00000011175871
0
3DFACE
5
C3C5
330
BF15
100
AcDbEntity
100
AcDbFace
8
EKP_POI_TASIYICI_SASE
10
-4034.126808828714
20
1563.4661853839011
30
939.9999993294477
11
-3974.126808828714
21
1563.4661853839011
31
939.9999993294477
12
-3974.126808828714
22
1623.4661853839011
32
939.9999993294477
13
-4034.126808828714
23
1623.4661853839011
33
939.9999993294477
0
3DFACE
5
C3C6
330
BF15
100
AcDbEntity
100
AcDbFace
8
EKP_POI_TASIYICI_SASE
10
-4034.126808828714
20
1563.4661853839011
30
100.00000011175871
11
-3974.126808828714
21
1563.4661853839011
31
100.00000011175871
12
-3974.126808828714
22
1563.4661853839011
32
939.9999993294477
13
-4034.126808828714
23
1563.4661853839011
33
939.9999993294477
0
3DFACE
5
C3C7
330
BF15
100
AcDbEntity
100
AcDbFace
8
EKP_POI_TASIYICI_SASE
10
-4034.126808828714
20
1623.4661853839011
30
100.00000011175871
11
-3974.126808828714
21
1623.4661853839011
31
100.00000011175871
12
-3974.126808828714
22
1623.4661853839011
32
939.9999993294477
13
-4034.126808828714
23
1623.4661853839011
33
939.9999993294477
0
3DFACE
5
C3C8
330
BF15
100
AcDbEntity
100
AcDbFace
8
EKP_POI_TASIYICI_SASE
10
-4034.126808828714
20
1563.4661853839011
30
100.00000011175871
11
-4034.126808828714
21
1623.4661853839011
31
100.00000011175871
12
-4034.126808828714
22
1623.4661853839011
32
939.9999993294477
13
-4034.126808828714
23
1563.4661853839011
33
939.9999993294477
0
3DFACE
5
C3C9
330
BF15
100
AcDbEntity
100
AcDbFace
8
EKP_POI_TASIYICI_SASE
10
-3974.126808828714
20
1563.4661853839011
30
100.00000011175871
11
-3974.126808828714
21
1623.4661853839011
31
100.00000011175871
12
-3974.126808828714
22
1623.4661853839011
32
939.9999993294477
13
-3974.126808828714
23
1563.4661853839011
33
939.9999993294477
0
LINE
5
C3CA
330
BF15
100
AcDbEntity
100
AcDbLine
8
EKP_POI_TASIYICI_SASE
10
-4034.126808828714
20
1563.4661853839011
30
100.00000011175871
11
-3974.126808828714
21
1563.4661853839011
31
100.00000011175871
0
LINE
5
C3CB
330
BF15
100
AcDbEntity
100
AcDbLine
8
EKP_POI_TASIYICI_SASE
10
-3974.126808828714
20
1563.4661853839011
30
100.00000011175871
11
-3974.126808828714
21
1623.4661853839011
31
100.00000011175871
0
LINE
5
C3CC
330
BF15
100
AcDbEntity
100
AcDbLine
8
EKP_POI_TASIYICI_SASE
10
-3974.126808828714
20
1623.4661853839011
30
100.00000011175871
11
-4034.126808828714
21
1623.4661853839011
31
100.00000011175871
0
LINE
5
C3CD
330
BF15
100
AcDbEntity
100
AcDbLine
8
EKP_POI_TASIYICI_SASE
10
-4034.126808828714
20
1623.4661853839011
30
100.00000011175871
11
-4034.126808828714
21
1563.4661853839011
31
100.00000011175871
0
LINE
5
C3CE
330
BF15
100
AcDbEntity
100
AcDbLine
8
EKP_POI_TASIYICI_SASE
10
-4034.126808828714
20
1563.4661853839011
30
939.9999993294477
11
-3974.126808828714
21
1563.4661853839011
31
939.9999993294477
0
LINE
5
C3CF
330
BF15
100
AcDbEntity
100
AcDbLine
8
EKP_POI_TASIYICI_SASE
10
-3974.126808828714
20
1563.4661853839011
30
939.9999993294477
11
-3974.126808828714
21
1623.4661853839011
31
939.9999993294477
0
LINE
5
C3D0
330
BF15
100
AcDbEntity
100
AcDbLine
8
EKP_POI_TASIYICI_SASE
10
-3974.126808828714
20
1623.4661853839011
30
939.9999993294477
11
-4034.126808828714
21
1623.4661853839011
31
939.9999993294477
0
LINE
5
C3D1
330
BF15
100
AcDbEntity
100
AcDbLine
8
EKP_POI_TASIYICI_SASE
10
-4034.126808828714
20
1623.4661853839011
30
939.9999993294477
11
-4034.126808828714
21
1563.4661853839011
31
939.9999993294477
0
LINE
5
C3D2
330
BF15
100
AcDbEntity
100
AcDbLine
8
EKP_POI_TASIYICI_SASE
10
-4034.126808828714
20
1563.4661853839011
30
100.00000011175871
11
-4034.126808828714
21
1563.4661853839011
31
939.9999993294477
0
LINE
5
C3D3
330
BF15
100
AcDbEntity
100
AcDbLine
8
EKP_POI_TASIYICI_SASE
10
-3974.126808828714
20
1563.4661853839011
30
100.00000011175871
11
-3974.126808828714
21
1563.4661853839011
31
939.9999993294477
0
LINE
5
C3D4
330
BF15
100
AcDbEntity
100
AcDbLine
8
EKP_POI_TASIYICI_SASE
10
-3974.126808828714
20
1623.4661853839011
30
100.00000011175871
11
-3974.126808828714
21
1623.4661853839011
31
939.9999993294477
0
LINE
5
C3D5
330
BF15
100
AcDbEntity
100
AcDbLine
8
EKP_POI_TASIYICI_SASE
10
-4034.126808828714
20
1623.4661853839011
30
100.00000011175871
11
-4034.126808828714
21
1623.4661853839011
31
939.9999993294477
0
3DFACE
5
C3D6
330
BF15
100
AcDbEntity
100
AcDbFace
8
EKP_POI_TASIYICI_SASE
10
-3474.126808232667
20
1563.4661853839011
30
100.00000011175871
11
-3414.126808232667
21
1563.4661853839011
31
100.00000011175871
12
-3414.126808232667
22
1623.4661853839011
32
100.00000011175871
13
-3474.126808232667
23
1623.4661853839011
33
100.00000011175871
0
3DFACE
5
C3D7
330
BF15
100
AcDbEntity
100
AcDbFace
8
EKP_POI_TASIYICI_SASE
10
-3474.126808232667
20
1563.4661853839011
30
939.9999993294477
11
-3414.126808232667
21
1563.4661853839011
31
939.9999993294477
12
-3414.126808232667
22
1623.4661853839011
32
939.9999993294477
13
-3474.126808232667
23
1623.4661853839011
33
939.9999993294477
0
3DFACE
5
C3D8
330
BF15
100
AcDbEntity
100
AcDbFace
8
EKP_POI_TASIYICI_SASE
10
-3474.126808232667
20
1563.4661853839011
30
100.00000011175871
11
-3414.126808232667
21
1563.4661853839011
31
100.00000011175871
12
-3414.126808232667
22
1563.4661853839011
32
939.9999993294477
13
-3474.126808232667
23
1563.4661853839011
33
939.9999993294477
0
3DFACE
5
C3D9
330
BF15
100
AcDbEntity
100
AcDbFace
8
EKP_POI_TASIYICI_SASE
10
-3474.126808232667
20
1623.4661853839011
30
100.00000011175871
11
-3414.126808232667
21
1623.4661853839011
31
100.00000011175871
12
-3414.126808232667
22
1623.4661853839011
32
939.9999993294477
13
-3474.126808232667
23
1623.4661853839011
33
939.9999993294477
0
3DFACE
5
C3DA
330
BF15
100
AcDbEntity
100
AcDbFace
8
EKP_POI_TASIYICI_SASE
10
-3474.126808232667
20
1563.4661853839011
30
100.00000011175871
11
-3474.126808232667
21
1623.4661853839011
31
100.00000011175871
12
-3474.126808232667
22
1623.4661853839011
32
939.9999993294477
13
-3474.126808232667
23
1563.4661853839011
33
939.9999993294477
0
3DFACE
5
C3DB
330
BF15
100
AcDbEntity
100
AcDbFace
8
EKP_POI_TASIYICI_SASE
10
-3414.126808232667
20
1563.4661853839011
30
100.00000011175871
11
-3414.126808232667
21
1623.4661853839011
31
100.00000011175871
12
-3414.126808232667
22
1623.4661853839011
32
939.9999993294477
13
-3414.126808232667
23
1563.4661853839011
33
939.9999993294477
0
LINE
5
C3DC
330
BF15
100
AcDbEntity
100
AcDbLine
8
EKP_POI_TASIYICI_SASE
10
-3474.126808232667
20
1563.4661853839011
30
100.00000011175871
11
-3414.126808232667
21
1563.4661853839011
31
100.00000011175871
0
LINE
5
C3DD
330
BF15
100
AcDbEntity
100
AcDbLine
8
EKP_POI_TASIYICI_SASE
10
-3414.126808232667
20
1563.4661853839011
30
100.00000011175871
11
-3414.126808232667
21
1623.4661853839011
31
100.00000011175871
0
LINE
5
C3DE
330
BF15
100
AcDbEntity
100
AcDbLine
8
EKP_POI_TASIYICI_SASE
10
-3414.126808232667
20
1623.4661853839011
30
100.00000011175871
11
-3474.126808232667
21
1623.4661853839011
31
100.00000011175871
0
LINE
5
C3DF
330
BF15
100
AcDbEntity
100
AcDbLine
8
EKP_POI_TASIYICI_SASE
10
-3474.126808232667
20
1623.4661853839011
30
100.00000011175871
11
-3474.126808232667
21
1563.4661853839011
31
100.00000011175871
0
LINE
5
C3E0
330
BF15
100
AcDbEntity
100
AcDbLine
8
EKP_POI_TASIYICI_SASE
10
-3474.126808232667
20
1563.4661853839011
30
939.9999993294477
11
-3414.126808232667
21
1563.4661853839011
31
939.9999993294477
0
LINE
5
C3E1
330
BF15
100
AcDbEntity
100
AcDbLine
8
EKP_POI_TASIYICI_SASE
10
-3414.126808232667
20
1563.4661853839011
30
939.9999993294477
11
-3414.126808232667
21
1623.4661853839011
31
939.9999993294477
0
LINE
5
C3E2
330
BF15
100
AcDbEntity
100
AcDbLine
8
EKP_POI_TASIYICI_SASE
10
-3414.126808232667
20
1623.4661853839011
30
939.9999993294477
11
-3474.126808232667
21
1623.4661853839011
31
939.9999993294477
0
LINE
5
C3E3
330
BF15
100
AcDbEntity
100
AcDbLine
8
EKP_POI_TASIYICI_SASE
10
-3474.126808232667
20
1623.4661853839011
30
939.9999993294477
11
-3474.126808232667
21
1563.4661853839011
31
939.9999993294477
0
LINE
5
C3E4
330
BF15
100
AcDbEntity
100
AcDbLine
8
EKP_POI_TASIYICI_SASE
10
-3474.126808232667
20
1563.4661853839011
30
100.00000011175871
11
-3474.126808232667
21
1563.4661853839011
31
939.9999993294477
0
LINE
5
C3E5
330
BF15
100
AcDbEntity
100
AcDbLine
8
EKP_POI_TASIYICI_SASE
10
-3414.126808232667
20
1563.4661853839011
30
100.00000011175871
11
-3414.126808232667
21
1563.4661853839011
31
939.9999993294477
0
LINE
5
C3E6
330
BF15
100
AcDbEntity
100
AcDbLine
8
EKP_POI_TASIYICI_SASE
10
-3414.126808232667
20
1623.4661853839011
30
100.00000011175871
11
-3414.126808232667
21
1623.4661853839011
31
939.9999993294477
0
LINE
5
C3E7
330
BF15
100
AcDbEntity
100
AcDbLine
8
EKP_POI_TASIYICI_SASE
10
-3474.126808232667
20
1623.4661853839011
30
100.00000011175871
11
-3474.126808232667
21
1623.4661853839011
31
939.9999993294477
0
3DFACE
5
C3E8
330
BF15
100
AcDbEntity
100
AcDbFace
8
EKP_POI_TASIYICI_SASE
10
-4034.126808828714
20
923.4661973048302
30
939.9999993294477
11
-3414.126808232667
21
923.4661973048302
31
939.9999993294477
12
-3414.126808232667
22
1623.4661853839011
32
939.9999993294477
13
-4034.126808828714
23
1623.4661853839011
33
939.9999993294477
0
3DFACE
5
C3E9
330
BF15
100
AcDbEntity
100
AcDbFace
8
EKP_POI_TASIYICI_SASE
10
-4034.126808828714
20
923.4661973048302
30
999.9999993294477
11
-3414.126808232667
21
923.4661973048302
31
999.9999993294477
12
-3414.126808232667
22
1623.4661853839011
32
999.9999993294477
13
-4034.126808828714
23
1623.4661853839011
33
999.9999993294477
0
3DFACE
5
C3EA
330
BF15
100
AcDbEntity
100
AcDbFace
8
EKP_POI_TASIYICI_SASE
10
-4034.126808828714
20
923.4661973048302
30
939.9999993294477
11
-3414.126808232667
21
923.4661973048302
31
939.9999993294477
12
-3414.126808232667
22
923.4661973048302
32
999.9999993294477
13
-4034.126808828714
23
923.4661973048302
33
999.9999993294477
0
3DFACE
5
C3EB
330
BF15
100
AcDbEntity
100
AcDbFace
8
EKP_POI_TASIYICI_SASE
10
-4034.126808828714
20
1623.4661853839011
30
939.9999993294477
11
-3414.126808232667
21
1623.4661853839011
31
939.9999993294477
12
-3414.126808232667
22
1623.4661853839011
32
999.9999993294477
13
-4034.126808828714
23
1623.4661853839011
33
999.9999993294477
0
3DFACE
5
C3EC
330
BF15
100
AcDbEntity
100
AcDbFace
8
EKP_POI_TASIYICI_SASE
10
-4034.126808828714
20
923.4661973048302
30
939.9999993294477
11
-4034.126808828714
21
1623.4661853839011
31
939.9999993294477
12
-4034.126808828714
22
1623.4661853839011
32
999.9999993294477
13
-4034.126808828714
23
923.4661973048302
33
999.9999993294477
0
3DFACE
5
C3ED
330
BF15
100
AcDbEntity
100
AcDbFace
8
EKP_POI_TASIYICI_SASE
10
-3414.126808232667
20
923.4661973048302
30
939.9999993294477
11
-3414.126808232667
21
1623.4661853839011
31
939.9999993294477
12
-3414.126808232667
22
1623.4661853839011
32
999.9999993294477
13
-3414.126808232667
23
923.4661973048302
33
999.9999993294477
0
LINE
5
C3EE
330
BF15
100
AcDbEntity
100
AcDbLine
8
EKP_POI_TASIYICI_SASE
10
-4034.126808828714
20
923.4661973048302
30
939.9999993294477
11
-3414.126808232667
21
923.4661973048302
31
939.9999993294477
0
LINE
5
C3EF
330
BF15
100
AcDbEntity
100
AcDbLine
8
EKP_POI_TASIYICI_SASE
10
-3414.126808232667
20
923.4661973048302
30
939.9999993294477
11
-3414.126808232667
21
1623.4661853839011
31
939.9999993294477
0
LINE
5
C3F0
330
BF15
100
AcDbEntity
100
AcDbLine
8
EKP_POI_TASIYICI_SASE
10
-3414.126808232667
20
1623.4661853839011
30
939.9999993294477
11
-4034.126808828714
21
1623.4661853839011
31
939.9999993294477
0
LINE
5
C3F1
330
BF15
100
AcDbEntity
100
AcDbLine
8
EKP_POI_TASIYICI_SASE
10
-4034.126808828714
20
1623.4661853839011
30
939.9999993294477
11
-4034.126808828714
21
923.4661973048302
31
939.9999993294477
0
LINE
5
C3F2
330
BF15
100
AcDbEntity
100
AcDbLine
8
EKP_POI_TASIYICI_SASE
10
-4034.126808828714
20
923.4661973048302
30
999.9999993294477
11
-3414.126808232667
21
923.4661973048302
31
999.9999993294477
0
LINE
5
C3F3
330
BF15
100
AcDbEntity
100
AcDbLine
8
EKP_POI_TASIYICI_SASE
10
-3414.126808232667
20
923.4661973048302
30
999.9999993294477
11
-3414.126808232667
21
1623.4661853839011
31
999.9999993294477
0
LINE
5
C3F4
330
BF15
100
AcDbEntity
100
AcDbLine
8
EKP_POI_TASIYICI_SASE
10
-3414.126808232667
20
1623.4661853839011
30
999.9999993294477
11
-4034.126808828714
21
1623.4661853839011
31
999.9999993294477
0
LINE
5
C3F5
330
BF15
100
AcDbEntity
100
AcDbLine
8
EKP_POI_TASIYICI_SASE
10
-4034.126808828714
20
1623.4661853839011
30
999.9999993294477
11
-4034.126808828714
21
923.4661973048302
31
999.9999993294477
0
LINE
5
C3F6
330
BF15
100
AcDbEntity
100
AcDbLine
8
EKP_POI_TASIYICI_SASE
10
-4034.126808828714
20
923.4661973048302
30
939.9999993294477
11
-4034.126808828714
21
923.4661973048302
31
999.9999993294477
0
LINE
5
C3F7
330
BF15
100
AcDbEntity
100
AcDbLine
8
EKP_POI_TASIYICI_SASE
10
-3414.126808232667
20
923.4661973048302
30
939.9999993294477
11
-3414.126808232667
21
923.4661973048302
31
999.9999993294477
0
LINE
5
C3F8
330
BF15
100
AcDbEntity
100
AcDbLine
8
EKP_POI_TASIYICI_SASE
10
-3414.126808232667
20
1623.4661853839011
30
939.9999993294477
11
-3414.126808232667
21
1623.4661853839011
31
999.9999993294477
0
LINE
5
C3F9
330
BF15
100
AcDbEntity
100
AcDbLine
8
EKP_POI_TASIYICI_SASE
10
-4034.126808828714
20
1623.4661853839011
30
939.9999993294477
11
-4034.126808828714
21
1623.4661853839011
31
999.9999993294477
0
3DFACE
5
C3FA
330
BF15
100
AcDbEntity
100
AcDbFace
8
EKP_POI_TASIYICI_SASE
10
-4034.126808828714
20
983.4661973048302
30
140.0000001117587
11
-3974.126808828714
21
983.4661973048302
31
140.0000001117587
12
-3974.126808828714
22
1563.4661853839011
32
140.0000001117587
13
-4034.126808828714
23
1563.4661853839011
33
140.0000001117587
0
3DFACE
5
C3FB
330
BF15
100
AcDbEntity
100
AcDbFace
8
EKP_POI_TASIYICI_SASE
10
-4034.126808828714
20
983.4661973048302
30
180.0000001117587
11
-3974.126808828714
21
983.4661973048302
31
180.0000001117587
12
-3974.126808828714
22
1563.4661853839011
32
180.0000001117587
13
-4034.126808828714
23
1563.4661853839011
33
180.0000001117587
0
3DFACE
5
C3FC
330
BF15
100
AcDbEntity
100
AcDbFace
8
EKP_POI_TASIYICI_SASE
10
-4034.126808828714
20
983.4661973048302
30
140.0000001117587
11
-3974.126808828714
21
983.4661973048302
31
140.0000001117587
12
-3974.126808828714
22
983.4661973048302
32
180.0000001117587
13
-4034.126808828714
23
983.4661973048302
33
180.0000001117587
0
3DFACE
5
C3FD
330
BF15
100
AcDbEntity
100
AcDbFace
8
EKP_POI_TASIYICI_SASE
10
-4034.126808828714
20
1563.4661853839011
30
140.0000001117587
11
-3974.126808828714
21
1563.4661853839011
31
140.0000001117587
12
-3974.126808828714
22
1563.4661853839011
32
180.0000001117587
13
-4034.126808828714
23
1563.4661853839011
33
180.0000001117587
0
3DFACE
5
C3FE
330
BF15
100
AcDbEntity
100
AcDbFace
8
EKP_POI_TASIYICI_SASE
10
-4034.126808828714
20
983.4661973048302
30
140.0000001117587
11
-4034.126808828714
21
1563.4661853839011
31
140.0000001117587
12
-4034.126808828714
22
1563.4661853839011
32
180.0000001117587
13
-4034.126808828714
23
983.4661973048302
33
180.0000001117587
0
3DFACE
5
C3FF
330
BF15
100
AcDbEntity
100
AcDbFace
8
EKP_POI_TASIYICI_SASE
10
-3974.126808828714
20
983.4661973048302
30
140.0000001117587
11
-3974.126808828714
21
1563.4661853839011
31
140.0000001117587
12
-3974.126808828714
22
1563.4661853839011
32
180.0000001117587
13
-3974.126808828714
23
983.4661973048302
33
180.0000001117587
0
LINE
5
C400
330
BF15
100
AcDbEntity
100
AcDbLine
8
EKP_POI_TASIYICI_SASE
10
-4034.126808828714
20
983.4661973048302
30
140.0000001117587
11
-3974.126808828714
21
983.4661973048302
31
140.0000001117587
0
LINE
5
C401
330
BF15
100
AcDbEntity
100
AcDbLine
8
EKP_POI_TASIYICI_SASE
10
-3974.126808828714
20
983.4661973048302
30
140.0000001117587
11
-3974.126808828714
21
1563.4661853839011
31
140.0000001117587
0
LINE
5
C402
330
BF15
100
AcDbEntity
100
AcDbLine
8
EKP_POI_TASIYICI_SASE
10
-3974.126808828714
20
1563.4661853839011
30
140.0000001117587
11
-4034.126808828714
21
1563.4661853839011
31
140.0000001117587
0
LINE
5
C403
330
BF15
100
AcDbEntity
100
AcDbLine
8
EKP_POI_TASIYICI_SASE
10
-4034.126808828714
20
1563.4661853839011
30
140.0000001117587
11
-4034.126808828714
21
983.4661973048302
31
140.0000001117587
0
LINE
5
C404
330
BF15
100
AcDbEntity
100
AcDbLine
8
EKP_POI_TASIYICI_SASE
10
-4034.126808828714
20
983.4661973048302
30
180.0000001117587
11
-3974.126808828714
21
983.4661973048302
31
180.0000001117587
0
LINE
5
C405
330
BF15
100
AcDbEntity
100
AcDbLine
8
EKP_POI_TASIYICI_SASE
10
-3974.126808828714
20
983.4661973048302
30
180.0000001117587
11
-3974.126808828714
21
1563.4661853839011
31
180.0000001117587
0
LINE
5
C406
330
BF15
100
AcDbEntity
100
AcDbLine
8
EKP_POI_TASIYICI_SASE
10
-3974.126808828714
20
1563.4661853839011
30
180.0000001117587
11
-4034.126808828714
21
1563.4661853839011
31
180.0000001117587
0
LINE
5
C407
330
BF15
100
AcDbEntity
100
AcDbLine
8
EKP_POI_TASIYICI_SASE
10
-4034.126808828714
20
1563.4661853839011
30
180.0000001117587
11
-4034.126808828714
21
983.4661973048302
31
180.0000001117587
0
LINE
5
C408
330
BF15
100
AcDbEntity
100
AcDbLine
8
EKP_POI_TASIYICI_SASE
10
-4034.126808828714
20
983.4661973048302
30
140.0000001117587
11
-4034.126808828714
21
983.4661973048302
31
180.0000001117587
0
LINE
5
C409
330
BF15
100
AcDbEntity
100
AcDbLine
8
EKP_POI_TASIYICI_SASE
10
-3974.126808828714
20
983.4661973048302
30
140.0000001117587
11
-3974.126808828714
21
983.4661973048302
31
180.0000001117587
0
LINE
5
C40A
330
BF15
100
AcDbEntity
100
AcDbLine
8
EKP_POI_TASIYICI_SASE
10
-3974.126808828714
20
1563.4661853839011
30
140.0000001117587
11
-3974.126808828714
21
1563.4661853839011
31
180.0000001117587
0
LINE
5
C40B
330
BF15
100
AcDbEntity
100
AcDbLine
8
EKP_POI_TASIYICI_SASE
10
-4034.126808828714
20
1563.4661853839011
30
140.0000001117587
11
-4034.126808828714
21
1563.4661853839011
31
180.0000001117587
0
3DFACE
5
C40C
330
BF15
100
AcDbEntity
100
AcDbFace
8
EKP_POI_TASIYICI_SASE
10
-3474.126808232667
20
983.4661973048302
30
140.0000001117587
11
-3414.126808232667
21
983.4661973048302
31
140.0000001117587
12
-3414.126808232667
22
1563.4661853839011
32
140.0000001117587
13
-3474.126808232667
23
1563.4661853839011
33
140.0000001117587
0
3DFACE
5
C40D
330
BF15
100
AcDbEntity
100
AcDbFace
8
EKP_POI_TASIYICI_SASE
10
-3474.126808232667
20
983.4661973048302
30
180.0000001117587
11
-3414.126808232667
21
983.4661973048302
31
180.0000001117587
12
-3414.126808232667
22
1563.4661853839011
32
180.0000001117587
13
-3474.126808232667
23
1563.4661853839011
33
180.0000001117587
0
3DFACE
5
C40E
330
BF15
100
AcDbEntity
100
AcDbFace
8
EKP_POI_TASIYICI_SASE
10
-3474.126808232667
20
983.4661973048302
30
140.0000001117587
11
-3414.126808232667
21
983.4661973048302
31
140.0000001117587
12
-3414.126808232667
22
983.4661973048302
32
180.0000001117587
13
-3474.126808232667
23
983.4661973048302
33
180.0000001117587
0
3DFACE
5
C40F
330
BF15
100
AcDbEntity
100
AcDbFace
8
EKP_POI_TASIYICI_SASE
10
-3474.126808232667
20
1563.4661853839011
30
140.0000001117587
11
-3414.126808232667
21
1563.4661853839011
31
140.0000001117587
12
-3414.126808232667
22
1563.4661853839011
32
180.0000001117587
13
-3474.126808232667
23
1563.4661853839011
33
180.0000001117587
0
3DFACE
5
C410
330
BF15
100
AcDbEntity
100
AcDbFace
8
EKP_POI_TASIYICI_SASE
10
-3474.126808232667
20
983.4661973048302
30
140.0000001117587
11
-3474.126808232667
21
1563.4661853839011
31
140.0000001117587
12
-3474.126808232667
22
1563.4661853839011
32
180.0000001117587
13
-3474.126808232667
23
983.4661973048302
33
180.0000001117587
0
3DFACE
5
C411
330
BF15
100
AcDbEntity
100
AcDbFace
8
EKP_POI_TASIYICI_SASE
10
-3414.126808232667
20
983.4661973048302
30
140.0000001117587
11
-3414.126808232667
21
1563.4661853839011
31
140.0000001117587
12
-3414.126808232667
22
1563.4661853839011
32
180.0000001117587
13
-3414.126808232667
23
983.4661973048302
33
180.0000001117587
0
LINE
5
C412
330
BF15
100
AcDbEntity
100
AcDbLine
8
EKP_POI_TASIYICI_SASE
10
-3474.126808232667
20
983.4661973048302
30
140.0000001117587
11
-3414.126808232667
21
983.4661973048302
31
140.0000001117587
0
LINE
5
C413
330
BF15
100
AcDbEntity
100
AcDbLine
8
EKP_POI_TASIYICI_SASE
10
-3414.126808232667
20
983.4661973048302
30
140.0000001117587
11
-3414.126808232667
21
1563.4661853839011
31
140.0000001117587
0
LINE
5
C414
330
BF15
100
AcDbEntity
100
AcDbLine
8
EKP_POI_TASIYICI_SASE
10
-3414.126808232667
20
1563.4661853839011
30
140.0000001117587
11
-3474.126808232667
21
1563.4661853839011
31
140.0000001117587
0
LINE
5
C415
330
BF15
100
AcDbEntity
100
AcDbLine
8
EKP_POI_TASIYICI_SASE
10
-3474.126808232667
20
1563.4661853839011
30
140.0000001117587
11
-3474.126808232667
21
983.4661973048302
31
140.0000001117587
0
LINE
5
C416
330
BF15
100
AcDbEntity
100
AcDbLine
8
EKP_POI_TASIYICI_SASE
10
-3474.126808232667
20
983.4661973048302
30
180.0000001117587
11
-3414.126808232667
21
983.4661973048302
31
180.0000001117587
0
LINE
5
C417
330
BF15
100
AcDbEntity
100
AcDbLine
8
EKP_POI_TASIYICI_SASE
10
-3414.126808232667
20
983.4661973048302
30
180.0000001117587
11
-3414.126808232667
21
1563.4661853839011
31
180.0000001117587
0
LINE
5
C418
330
BF15
100
AcDbEntity
100
AcDbLine
8
EKP_POI_TASIYICI_SASE
10
-3414.126808232667
20
1563.4661853839011
30
180.0000001117587
11
-3474.126808232667
21
1563.4661853839011
31
180.0000001117587
0
LINE
5
C419
330
BF15
100
AcDbEntity
100
AcDbLine
8
EKP_POI_TASIYICI_SASE
10
-3474.126808232667
20
1563.4661853839011
30
180.0000001117587
11
-3474.126808232667
21
983.4661973048302
31
180.0000001117587
0
LINE
5
C41A
330
BF15
100
AcDbEntity
100
AcDbLine
8
EKP_POI_TASIYICI_SASE
10
-3474.126808232667
20
983.4661973048302
30
140.0000001117587
11
-3474.126808232667
21
983.4661973048302
31
180.0000001117587
0
LINE
5
C41B
330
BF15
100
AcDbEntity
100
AcDbLine
8
EKP_POI_TASIYICI_SASE
10
-3414.126808232667
20
983.4661973048302
30
140.0000001117587
11
-3414.126808232667
21
983.4661973048302
31
180.0000001117587
0
LINE
5
C41C
330
BF15
100
AcDbEntity
100
AcDbLine
8
EKP_POI_TASIYICI_SASE
10
-3414.126808232667
20
1563.4661853839011
30
140.0000001117587
11
-3414.126808232667
21
1563.4661853839011
31
180.0000001117587
0
LINE
5
C41D
330
BF15
100
AcDbEntity
100
AcDbLine
8
EKP_POI_TASIYICI_SASE
10
-3474.126808232667
20
1563.4661853839011
30
140.0000001117587
11
-3474.126808232667
21
1563.4661853839011
31
180.0000001117587
0
3DFACE
5
C41E
330
BF15
100
AcDbEntity
100
AcDbFace
8
EKP_POI_TASIYICI_SASE
10
-4034.126808828714
20
983.4661973048302
30
499.9999997206032
11
-3974.126808828714
21
983.4661973048302
31
499.9999997206032
12
-3974.126808828714
22
1563.4661853839011
32
499.9999997206032
13
-4034.126808828714
23
1563.4661853839011
33
499.9999997206032
0
3DFACE
5
C41F
330
BF15
100
AcDbEntity
100
AcDbFace
8
EKP_POI_TASIYICI_SASE
10
-4034.126808828714
20
983.4661973048302
30
539.9999997206032
11
-3974.126808828714
21
983.4661973048302
31
539.9999997206032
12
-3974.126808828714
22
1563.4661853839011
32
539.9999997206032
13
-4034.126808828714
23
1563.4661853839011
33
539.9999997206032
0
3DFACE
5
C420
330
BF15
100
AcDbEntity
100
AcDbFace
8
EKP_POI_TASIYICI_SASE
10
-4034.126808828714
20
983.4661973048302
30
499.9999997206032
11
-3974.126808828714
21
983.4661973048302
31
499.9999997206032
12
-3974.126808828714
22
983.4661973048302
32
539.9999997206032
13
-4034.126808828714
23
983.4661973048302
33
539.9999997206032
0
3DFACE
5
C421
330
BF15
100
AcDbEntity
100
AcDbFace
8
EKP_POI_TASIYICI_SASE
10
-4034.126808828714
20
1563.4661853839011
30
499.9999997206032
11
-3974.126808828714
21
1563.4661853839011
31
499.9999997206032
12
-3974.126808828714
22
1563.4661853839011
32
539.9999997206032
13
-4034.126808828714
23
1563.4661853839011
33
539.9999997206032
0
3DFACE
5
C422
330
BF15
100
AcDbEntity
100
AcDbFace
8
EKP_POI_TASIYICI_SASE
10
-4034.126808828714
20
983.4661973048302
30
499.9999997206032
11
-4034.126808828714
21
1563.4661853839011
31
499.9999997206032
12
-4034.126808828714
22
1563.4661853839011
32
539.9999997206032
13
-4034.126808828714
23
983.4661973048302
33
539.9999997206032
0
3DFACE
5
C423
330
BF15
100
AcDbEntity
100
AcDbFace
8
EKP_POI_TASIYICI_SASE
10
-3974.126808828714
20
983.4661973048302
30
499.9999997206032
11
-3974.126808828714
21
1563.4661853839011
31
499.9999997206032
12
-3974.126808828714
22
1563.4661853839011
32
539.9999997206032
13
-3974.126808828714
23
983.4661973048302
33
539.9999997206032
0
LINE
5
C424
330
BF15
100
AcDbEntity
100
AcDbLine
8
EKP_POI_TASIYICI_SASE
10
-4034.126808828714
20
983.4661973048302
30
499.9999997206032
11
-3974.126808828714
21
983.4661973048302
31
499.9999997206032
0
LINE
5
C425
330
BF15
100
AcDbEntity
100
AcDbLine
8
EKP_POI_TASIYICI_SASE
10
-3974.126808828714
20
983.4661973048302
30
499.9999997206032
11
-3974.126808828714
21
1563.4661853839011
31
499.9999997206032
0
LINE
5
C426
330
BF15
100
AcDbEntity
100
AcDbLine
8
EKP_POI_TASIYICI_SASE
10
-3974.126808828714
20
1563.4661853839011
30
499.9999997206032
11
-4034.126808828714
21
1563.4661853839011
31
499.9999997206032
0
LINE
5
C427
330
BF15
100
AcDbEntity
100
AcDbLine
8
EKP_POI_TASIYICI_SASE
10
-4034.126808828714
20
1563.4661853839011
30
499.9999997206032
11
-4034.126808828714
21
983.4661973048302
31
499.9999997206032
0
LINE
5
C428
330
BF15
100
AcDbEntity
100
AcDbLine
8
EKP_POI_TASIYICI_SASE
10
-4034.126808828714
20
983.4661973048302
30
539.9999997206032
11
-3974.126808828714
21
983.4661973048302
31
539.9999997206032
0
LINE
5
C429
330
BF15
100
AcDbEntity
100
AcDbLine
8
EKP_POI_TASIYICI_SASE
10
-3974.126808828714
20
983.4661973048302
30
539.9999997206032
11
-3974.126808828714
21
1563.4661853839011
31
539.9999997206032
0
LINE
5
C42A
330
BF15
100
AcDbEntity
100
AcDbLine
8
EKP_POI_TASIYICI_SASE
10
-3974.126808828714
20
1563.4661853839011
30
539.9999997206032
11
-4034.126808828714
21
1563.4661853839011
31
539.9999997206032
0
LINE
5
C42B
330
BF15
100
AcDbEntity
100
AcDbLine
8
EKP_POI_TASIYICI_SASE
10
-4034.126808828714
20
1563.4661853839011
30
539.9999997206032
11
-4034.126808828714
21
983.4661973048302
31
539.9999997206032
0
LINE
5
C42C
330
BF15
100
AcDbEntity
100
AcDbLine
8
EKP_POI_TASIYICI_SASE
10
-4034.126808828714
20
983.4661973048302
30
499.9999997206032
11
-4034.126808828714
21
983.4661973048302
31
539.9999997206032
0
LINE
5
C42D
330
BF15
100
AcDbEntity
100
AcDbLine
8
EKP_POI_TASIYICI_SASE
10
-3974.126808828714
20
983.4661973048302
30
499.9999997206032
11
-3974.126808828714
21
983.4661973048302
31
539.9999997206032
0
LINE
5
C42E
330
BF15
100
AcDbEntity
100
AcDbLine
8
EKP_POI_TASIYICI_SASE
10
-3974.126808828714
20
1563.4661853839011
30
499.9999997206032
11
-3974.126808828714
21
1563.4661853839011
31
539.9999997206032
0
LINE
5
C42F
330
BF15
100
AcDbEntity
100
AcDbLine
8
EKP_POI_TASIYICI_SASE
10
-4034.126808828714
20
1563.4661853839011
30
499.9999997206032
11
-4034.126808828714
21
1563.4661853839011
31
539.9999997206032
0
3DFACE
5
C430
330
BF15
100
AcDbEntity
100
AcDbFace
8
EKP_POI_TASIYICI_SASE
10
-3474.126808232667
20
983.4661973048302
30
499.9999997206032
11
-3414.126808232667
21
983.4661973048302
31
499.9999997206032
12
-3414.126808232667
22
1563.4661853839011
32
499.9999997206032
13
-3474.126808232667
23
1563.4661853839011
33
499.9999997206032
0
3DFACE
5
C431
330
BF15
100
AcDbEntity
100
AcDbFace
8
EKP_POI_TASIYICI_SASE
10
-3474.126808232667
20
983.4661973048302
30
539.9999997206032
11
-3414.126808232667
21
983.4661973048302
31
539.9999997206032
12
-3414.126808232667
22
1563.4661853839011
32
539.9999997206032
13
-3474.126808232667
23
1563.4661853839011
33
539.9999997206032
0
3DFACE
5
C432
330
BF15
100
AcDbEntity
100
AcDbFace
8
EKP_POI_TASIYICI_SASE
10
-3474.126808232667
20
983.4661973048302
30
499.9999997206032
11
-3414.126808232667
21
983.4661973048302
31
499.9999997206032
12
-3414.126808232667
22
983.4661973048302
32
539.9999997206032
13
-3474.126808232667
23
983.4661973048302
33
539.9999997206032
0
3DFACE
5
C433
330
BF15
100
AcDbEntity
100
AcDbFace
8
EKP_POI_TASIYICI_SASE
10
-3474.126808232667
20
1563.4661853839011
30
499.9999997206032
11
-3414.126808232667
21
1563.4661853839011
31
499.9999997206032
12
-3414.126808232667
22
1563.4661853839011
32
539.9999997206032
13
-3474.126808232667
23
1563.4661853839011
33
539.9999997206032
0
3DFACE
5
C434
330
BF15
100
AcDbEntity
100
AcDbFace
8
EKP_POI_TASIYICI_SASE
10
-3474.126808232667
20
983.4661973048302
30
499.9999997206032
11
-3474.126808232667
21
1563.4661853839011
31
499.9999997206032
12
-3474.126808232667
22
1563.4661853839011
32
539.9999997206032
13
-3474.126808232667
23
983.4661973048302
33
539.9999997206032
0
3DFACE
5
C435
330
BF15
100
AcDbEntity
100
AcDbFace
8
EKP_POI_TASIYICI_SASE
10
-3414.126808232667
20
983.4661973048302
30
499.9999997206032
11
-3414.126808232667
21
1563.4661853839011
31
499.9999997206032
12
-3414.126808232667
22
1563.4661853839011
32
539.9999997206032
13
-3414.126808232667
23
983.4661973048302
33
539.9999997206032
0
LINE
5
C436
330
BF15
100
AcDbEntity
100
AcDbLine
8
EKP_POI_TASIYICI_SASE
10
-3474.126808232667
20
983.4661973048302
30
499.9999997206032
11
-3414.126808232667
21
983.4661973048302
31
499.9999997206032
0
LINE
5
C437
330
BF15
100
AcDbEntity
100
AcDbLine
8
EKP_POI_TASIYICI_SASE
10
-3414.126808232667
20
983.4661973048302
30
499.9999997206032
11
-3414.126808232667
21
1563.4661853839011
31
499.9999997206032
0
LINE
5
C438
330
BF15
100
AcDbEntity
100
AcDbLine
8
EKP_POI_TASIYICI_SASE
10
-3414.126808232667
20
1563.4661853839011
30
499.9999997206032
11
-3474.126808232667
21
1563.4661853839011
31
499.9999997206032
0
LINE
5
C439
330
BF15
100
AcDbEntity
100
AcDbLine
8
EKP_POI_TASIYICI_SASE
10
-3474.126808232667
20
1563.4661853839011
30
499.9999997206032
11
-3474.126808232667
21
983.4661973048302
31
499.9999997206032
0
LINE
5
C43A
330
BF15
100
AcDbEntity
100
AcDbLine
8
EKP_POI_TASIYICI_SASE
10
-3474.126808232667
20
983.4661973048302
30
539.9999997206032
11
-3414.126808232667
21
983.4661973048302
31
539.9999997206032
0
LINE
5
C43B
330
BF15
100
AcDbEntity
100
AcDbLine
8
EKP_POI_TASIYICI_SASE
10
-3414.126808232667
20
983.4661973048302
30
539.9999997206032
11
-3414.126808232667
21
1563.4661853839011
31
539.9999997206032
0
LINE
5
C43C
330
BF15
100
AcDbEntity
100
AcDbLine
8
EKP_POI_TASIYICI_SASE
10
-3414.126808232667
20
1563.4661853839011
30
539.9999997206032
11
-3474.126808232667
21
1563.4661853839011
31
539.9999997206032
0
LINE
5
C43D
330
BF15
100
AcDbEntity
100
AcDbLine
8
EKP_POI_TASIYICI_SASE
10
-3474.126808232667
20
1563.4661853839011
30
539.9999997206032
11
-3474.126808232667
21
983.4661973048302
31
539.9999997206032
0
LINE
5
C43E
330
BF15
100
AcDbEntity
100
AcDbLine
8
EKP_POI_TASIYICI_SASE
10
-3474.126808232667
20
983.4661973048302
30
499.9999997206032
11
-3474.126808232667
21
983.4661973048302
31
539.9999997206032
0
LINE
5
C43F
330
BF15
100
AcDbEntity
100
AcDbLine
8
EKP_POI_TASIYICI_SASE
10
-3414.126808232667
20
983.4661973048302
30
499.9999997206032
11
-3414.126808232667
21
983.4661973048302
31
539.9999997206032
0
LINE
5
C440
330
BF15
100
AcDbEntity
100
AcDbLine
8
EKP_POI_TASIYICI_SASE
10
-3414.126808232667
20
1563.4661853839011
30
499.9999997206032
11
-3414.126808232667
21
1563.4661853839011
31
539.9999997206032
0
LINE
5
C441
330
BF15
100
AcDbEntity
100
AcDbLine
8
EKP_POI_TASIYICI_SASE
10
-3474.126808232667
20
1563.4661853839011
30
499.9999997206032
11
-3474.126808232667
21
1563.4661853839011
31
539.9999997206032
0
3DFACE
5
C442
330
BF15
100
AcDbEntity
100
AcDbFace
8
EKP_POI_TASIYICI_SASE
10
-4034.126808828714
20
983.4661973048302
30
879.9999993294477
11
-3974.126808828714
21
983.4661973048302
31
879.9999993294477
12
-3974.126808828714
22
1563.4661853839011
32
879.9999993294477
13
-4034.126808828714
23
1563.4661853839011
33
879.9999993294477
0
3DFACE
5
C443
330
BF15
100
AcDbEntity
100
AcDbFace
8
EKP_POI_TASIYICI_SASE
10
-4034.126808828714
20
983.4661973048302
30
919.9999993294477
11
-3974.126808828714
21
983.4661973048302
31
919.9999993294477
12
-3974.126808828714
22
1563.4661853839011
32
919.9999993294477
13
-4034.126808828714
23
1563.4661853839011
33
919.9999993294477
0
3DFACE
5
C444
330
BF15
100
AcDbEntity
100
AcDbFace
8
EKP_POI_TASIYICI_SASE
10
-4034.126808828714
20
983.4661973048302
30
879.9999993294477
11
-3974.126808828714
21
983.4661973048302
31
879.9999993294477
12
-3974.126808828714
22
983.4661973048302
32
919.9999993294477
13
-4034.126808828714
23
983.4661973048302
33
919.9999993294477
0
3DFACE
5
C445
330
BF15
100
AcDbEntity
100
AcDbFace
8
EKP_POI_TASIYICI_SASE
10
-4034.126808828714
20
1563.4661853839011
30
879.9999993294477
11
-3974.126808828714
21
1563.4661853839011
31
879.9999993294477
12
-3974.126808828714
22
1563.4661853839011
32
919.9999993294477
13
-4034.126808828714
23
1563.4661853839011
33
919.9999993294477
0
3DFACE
5
C446
330
BF15
100
AcDbEntity
100
AcDbFace
8
EKP_POI_TASIYICI_SASE
10
-4034.126808828714
20
983.4661973048302
30
879.9999993294477
11
-4034.126808828714
21
1563.4661853839011
31
879.9999993294477
12
-4034.126808828714
22
1563.4661853839011
32
919.9999993294477
13
-4034.126808828714
23
983.4661973048302
33
919.9999993294477
0
3DFACE
5
C447
330
BF15
100
AcDbEntity
100
AcDbFace
8
EKP_POI_TASIYICI_SASE
10
-3974.126808828714
20
983.4661973048302
30
879.9999993294477
11
-3974.126808828714
21
1563.4661853839011
31
879.9999993294477
12
-3974.126808828714
22
1563.4661853839011
32
919.9999993294477
13
-3974.126808828714
23
983.4661973048302
33
919.9999993294477
0
LINE
5
C448
330
BF15
100
AcDbEntity
100
AcDbLine
8
EKP_POI_TASIYICI_SASE
10
-4034.126808828714
20
983.4661973048302
30
879.9999993294477
11
-3974.126808828714
21
983.4661973048302
31
879.9999993294477
0
LINE
5
C449
330
BF15
100
AcDbEntity
100
AcDbLine
8
EKP_POI_TASIYICI_SASE
10
-3974.126808828714
20
983.4661973048302
30
879.9999993294477
11
-3974.126808828714
21
1563.4661853839011
31
879.9999993294477
0
LINE
5
C44A
330
BF15
100
AcDbEntity
100
AcDbLine
8
EKP_POI_TASIYICI_SASE
10
-3974.126808828714
20
1563.4661853839011
30
879.9999993294477
11
-4034.126808828714
21
1563.4661853839011
31
879.9999993294477
0
LINE
5
C44B
330
BF15
100
AcDbEntity
100
AcDbLine
8
EKP_POI_TASIYICI_SASE
10
-4034.126808828714
20
1563.4661853839011
30
879.9999993294477
11
-4034.126808828714
21
983.4661973048302
31
879.9999993294477
0
LINE
5
C44C
330
BF15
100
AcDbEntity
100
AcDbLine
8
EKP_POI_TASIYICI_SASE
10
-4034.126808828714
20
983.4661973048302
30
919.9999993294477
11
-3974.126808828714
21
983.4661973048302
31
919.9999993294477
0
LINE
5
C44D
330
BF15
100
AcDbEntity
100
AcDbLine
8
EKP_POI_TASIYICI_SASE
10
-3974.126808828714
20
983.4661973048302
30
919.9999993294477
11
-3974.126808828714
21
1563.4661853839011
31
919.9999993294477
0
LINE
5
C44E
330
BF15
100
AcDbEntity
100
AcDbLine
8
EKP_POI_TASIYICI_SASE
10
-3974.126808828714
20
1563.4661853839011
30
919.9999993294477
11
-4034.126808828714
21
1563.4661853839011
31
919.9999993294477
0
LINE
5
C44F
330
BF15
100
AcDbEntity
100
AcDbLine
8
EKP_POI_TASIYICI_SASE
10
-4034.126808828714
20
1563.4661853839011
30
919.9999993294477
11
-4034.126808828714
21
983.4661973048302
31
919.9999993294477
0
LINE
5
C450
330
BF15
100
AcDbEntity
100
AcDbLine
8
EKP_POI_TASIYICI_SASE
10
-4034.126808828714
20
983.4661973048302
30
879.9999993294477
11
-4034.126808828714
21
983.4661973048302
31
919.9999993294477
0
LINE
5
C451
330
BF15
100
AcDbEntity
100
AcDbLine
8
EKP_POI_TASIYICI_SASE
10
-3974.126808828714
20
983.4661973048302
30
879.9999993294477
11
-3974.126808828714
21
983.4661973048302
31
919.9999993294477
0
LINE
5
C452
330
BF15
100
AcDbEntity
100
AcDbLine
8
EKP_POI_TASIYICI_SASE
10
-3974.126808828714
20
1563.4661853839011
30
879.9999993294477
11
-3974.126808828714
21
1563.4661853839011
31
919.9999993294477
0
LINE
5
C453
330
BF15
100
AcDbEntity
100
AcDbLine
8
EKP_POI_TASIYICI_SASE
10
-4034.126808828714
20
1563.4661853839011
30
879.9999993294477
11
-4034.126808828714
21
1563.4661853839011
31
919.9999993294477
0
3DFACE
5
C454
330
BF15
100
AcDbEntity
100
AcDbFace
8
EKP_POI_TASIYICI_SASE
10
-3474.126808232667
20
983.4661973048302
30
879.9999993294477
11
-3414.126808232667
21
983.4661973048302
31
879.9999993294477
12
-3414.126808232667
22
1563.4661853839011
32
879.9999993294477
13
-3474.126808232667
23
1563.4661853839011
33
879.9999993294477
0
3DFACE
5
C455
330
BF15
100
AcDbEntity
100
AcDbFace
8
EKP_POI_TASIYICI_SASE
10
-3474.126808232667
20
983.4661973048302
30
919.9999993294477
11
-3414.126808232667
21
983.4661973048302
31
919.9999993294477
12
-3414.126808232667
22
1563.4661853839011
32
919.9999993294477
13
-3474.126808232667
23
1563.4661853839011
33
919.9999993294477
0
3DFACE
5
C456
330
BF15
100
AcDbEntity
100
AcDbFace
8
EKP_POI_TASIYICI_SASE
10
-3474.126808232667
20
983.4661973048302
30
879.9999993294477
11
-3414.126808232667
21
983.4661973048302
31
879.9999993294477
12
-3414.126808232667
22
983.4661973048302
32
919.9999993294477
13
-3474.126808232667
23
983.4661973048302
33
919.9999993294477
0
3DFACE
5
C457
330
BF15
100
AcDbEntity
100
AcDbFace
8
EKP_POI_TASIYICI_SASE
10
-3474.126808232667
20
1563.4661853839011
30
879.9999993294477
11
-3414.126808232667
21
1563.4661853839011
31
879.9999993294477
12
-3414.126808232667
22
1563.4661853839011
32
919.9999993294477
13
-3474.126808232667
23
1563.4661853839011
33
919.9999993294477
0
3DFACE
5
C458
330
BF15
100
AcDbEntity
100
AcDbFace
8
EKP_POI_TASIYICI_SASE
10
-3474.126808232667
20
983.4661973048302
30
879.9999993294477
11
-3474.126808232667
21
1563.4661853839011
31
879.9999993294477
12
-3474.126808232667
22
1563.4661853839011
32
919.9999993294477
13
-3474.126808232667
23
983.4661973048302
33
919.9999993294477
0
3DFACE
5
C459
330
BF15
100
AcDbEntity
100
AcDbFace
8
EKP_POI_TASIYICI_SASE
10
-3414.126808232667
20
983.4661973048302
30
879.9999993294477
11
-3414.126808232667
21
1563.4661853839011
31
879.9999993294477
12
-3414.126808232667
22
1563.4661853839011
32
919.9999993294477
13
-3414.126808232667
23
983.4661973048302
33
919.9999993294477
0
LINE
5
C45A
330
BF15
100
AcDbEntity
100
AcDbLine
8
EKP_POI_TASIYICI_SASE
10
-3474.126808232667
20
983.4661973048302
30
879.9999993294477
11
-3414.126808232667
21
983.4661973048302
31
879.9999993294477
0
LINE
5
C45B
330
BF15
100
AcDbEntity
100
AcDbLine
8
EKP_POI_TASIYICI_SASE
10
-3414.126808232667
20
983.4661973048302
30
879.9999993294477
11
-3414.126808232667
21
1563.4661853839011
31
879.9999993294477
0
LINE
5
C45C
330
BF15
100
AcDbEntity
100
AcDbLine
8
EKP_POI_TASIYICI_SASE
10
-3414.126808232667
20
1563.4661853839011
30
879.9999993294477
11
-3474.126808232667
21
1563.4661853839011
31
879.9999993294477
0
LINE
5
C45D
330
BF15
100
AcDbEntity
100
AcDbLine
8
EKP_POI_TASIYICI_SASE
10
-3474.126808232667
20
1563.4661853839011
30
879.9999993294477
11
-3474.126808232667
21
983.4661973048302
31
879.9999993294477
0
LINE
5
C45E
330
BF15
100
AcDbEntity
100
AcDbLine
8
EKP_POI_TASIYICI_SASE
10
-3474.126808232667
20
983.4661973048302
30
919.9999993294477
11
-3414.126808232667
21
983.4661973048302
31
919.9999993294477
0
LINE
5
C45F
330
BF15
100
AcDbEntity
100
AcDbLine
8
EKP_POI_TASIYICI_SASE
10
-3414.126808232667
20
983.4661973048302
30
919.9999993294477
11
-3414.126808232667
21
1563.4661853839011
31
919.9999993294477
0
LINE
5
C460
330
BF15
100
AcDbEntity
100
AcDbLine
8
EKP_POI_TASIYICI_SASE
10
-3414.126808232667
20
1563.4661853839011
30
919.9999993294477
11
-3474.126808232667
21
1563.4661853839011
31
919.9999993294477
0
LINE
5
C461
330
BF15
100
AcDbEntity
100
AcDbLine
8
EKP_POI_TASIYICI_SASE
10
-3474.126808232667
20
1563.4661853839011
30
919.9999993294477
11
-3474.126808232667
21
983.4661973048302
31
919.9999993294477
0
LINE
5
C462
330
BF15
100
AcDbEntity
100
AcDbLine
8
EKP_POI_TASIYICI_SASE
10
-3474.126808232667
20
983.4661973048302
30
879.9999993294477
11
-3474.126808232667
21
983.4661973048302
31
919.9999993294477
0
LINE
5
C463
330
BF15
100
AcDbEntity
100
AcDbLine
8
EKP_POI_TASIYICI_SASE
10
-3414.126808232667
20
983.4661973048302
30
879.9999993294477
11
-3414.126808232667
21
983.4661973048302
31
919.9999993294477
0
LINE
5
C464
330
BF15
100
AcDbEntity
100
AcDbLine
8
EKP_POI_TASIYICI_SASE
10
-3414.126808232667
20
1563.4661853839011
30
879.9999993294477
11
-3414.126808232667
21
1563.4661853839011
31
919.9999993294477
0
LINE
5
C465
330
BF15
100
AcDbEntity
100
AcDbLine
8
EKP_POI_TASIYICI_SASE
10
-3474.126808232667
20
1563.4661853839011
30
879.9999993294477
11
-3474.126808232667
21
1563.4661853839011
31
919.9999993294477
0
3DFACE
5
C466
330
BF15
100
AcDbEntity
100
AcDbFace
8
EKP_POI_TASIYICI_SASE
10
-3990.4268085306903
20
983.4661973048302
30
100.00000011175871
11
-3965.4268085306903
21
983.4661973048302
31
100.00000011175871
12
-3965.4268085306903
22
1008.4661973048302
32
100.00000011175871
13
-3990.4268085306903
23
1008.4661973048302
33
100.00000011175871
0
3DFACE
5
C467
330
BF15
100
AcDbEntity
100
AcDbFace
8
EKP_POI_TASIYICI_SASE
10
-3990.4268085306903
20
983.4661973048302
30
939.9999993294477
11
-3965.4268085306903
21
983.4661973048302
31
939.9999993294477
12
-3965.4268085306903
22
1008.4661973048302
32
939.9999993294477
13
-3990.4268085306903
23
1008.4661973048302
33
939.9999993294477
0
3DFACE
5
C468
330
BF15
100
AcDbEntity
100
AcDbFace
8
EKP_POI_TASIYICI_SASE
10
-3990.4268085306903
20
983.4661973048302
30
100.00000011175871
11
-3965.4268085306903
21
983.4661973048302
31
100.00000011175871
12
-3965.4268085306903
22
983.4661973048302
32
939.9999993294477
13
-3990.4268085306903
23
983.4661973048302
33
939.9999993294477
0
3DFACE
5
C469
330
BF15
100
AcDbEntity
100
AcDbFace
8
EKP_POI_TASIYICI_SASE
10
-3990.4268085306903
20
1008.4661973048302
30
100.00000011175871
11
-3965.4268085306903
21
1008.4661973048302
31
100.00000011175871
12
-3965.4268085306903
22
1008.4661973048302
32
939.9999993294477
13
-3990.4268085306903
23
1008.4661973048302
33
939.9999993294477
0
3DFACE
5
C46A
330
BF15
100
AcDbEntity
100
AcDbFace
8
EKP_POI_TASIYICI_SASE
10
-3990.4268085306903
20
983.4661973048302
30
100.00000011175871
11
-3990.4268085306903
21
1008.4661973048302
31
100.00000011175871
12
-3990.4268085306903
22
1008.4661973048302
32
939.9999993294477
13
-3990.4268085306903
23
983.4661973048302
33
939.9999993294477
0
3DFACE
5
C46B
330
BF15
100
AcDbEntity
100
AcDbFace
8
EKP_POI_TASIYICI_SASE
10
-3965.4268085306903
20
983.4661973048302
30
100.00000011175871
11
-3965.4268085306903
21
1008.4661973048302
31
100.00000011175871
12
-3965.4268085306903
22
1008.4661973048302
32
939.9999993294477
13
-3965.4268085306903
23
983.4661973048302
33
939.9999993294477
0
LINE
5
C46C
330
BF15
100
AcDbEntity
100
AcDbLine
8
EKP_POI_TASIYICI_SASE
10
-3990.4268085306903
20
983.4661973048302
30
100.00000011175871
11
-3965.4268085306903
21
983.4661973048302
31
100.00000011175871
0
LINE
5
C46D
330
BF15
100
AcDbEntity
100
AcDbLine
8
EKP_POI_TASIYICI_SASE
10
-3965.4268085306903
20
983.4661973048302
30
100.00000011175871
11
-3965.4268085306903
21
1008.4661973048302
31
100.00000011175871
0
LINE
5
C46E
330
BF15
100
AcDbEntity
100
AcDbLine
8
EKP_POI_TASIYICI_SASE
10
-3965.4268085306903
20
1008.4661973048302
30
100.00000011175871
11
-3990.4268085306903
21
1008.4661973048302
31
100.00000011175871
0
LINE
5
C46F
330
BF15
100
AcDbEntity
100
AcDbLine
8
EKP_POI_TASIYICI_SASE
10
-3990.4268085306903
20
1008.4661973048302
30
100.00000011175871
11
-3990.4268085306903
21
983.4661973048302
31
100.00000011175871
0
LINE
5
C470
330
BF15
100
AcDbEntity
100
AcDbLine
8
EKP_POI_TASIYICI_SASE
10
-3990.4268085306903
20
983.4661973048302
30
939.9999993294477
11
-3965.4268085306903
21
983.4661973048302
31
939.9999993294477
0
LINE
5
C471
330
BF15
100
AcDbEntity
100
AcDbLine
8
EKP_POI_TASIYICI_SASE
10
-3965.4268085306903
20
983.4661973048302
30
939.9999993294477
11
-3965.4268085306903
21
1008.4661973048302
31
939.9999993294477
0
LINE
5
C472
330
BF15
100
AcDbEntity
100
AcDbLine
8
EKP_POI_TASIYICI_SASE
10
-3965.4268085306903
20
1008.4661973048302
30
939.9999993294477
11
-3990.4268085306903
21
1008.4661973048302
31
939.9999993294477
0
LINE
5
C473
330
BF15
100
AcDbEntity
100
AcDbLine
8
EKP_POI_TASIYICI_SASE
10
-3990.4268085306903
20
1008.4661973048302
30
939.9999993294477
11
-3990.4268085306903
21
983.4661973048302
31
939.9999993294477
0
LINE
5
C474
330
BF15
100
AcDbEntity
100
AcDbLine
8
EKP_POI_TASIYICI_SASE
10
-3990.4268085306903
20
983.4661973048302
30
100.00000011175871
11
-3990.4268085306903
21
983.4661973048302
31
939.9999993294477
0
LINE
5
C475
330
BF15
100
AcDbEntity
100
AcDbLine
8
EKP_POI_TASIYICI_SASE
10
-3965.4268085306903
20
983.4661973048302
30
100.00000011175871
11
-3965.4268085306903
21
983.4661973048302
31
939.9999993294477
0
LINE
5
C476
330
BF15
100
AcDbEntity
100
AcDbLine
8
EKP_POI_TASIYICI_SASE
10
-3965.4268085306903
20
1008.4661973048302
30
100.00000011175871
11
-3965.4268085306903
21
1008.4661973048302
31
939.9999993294477
0
LINE
5
C477
330
BF15
100
AcDbEntity
100
AcDbLine
8
EKP_POI_TASIYICI_SASE
10
-3990.4268085306903
20
1008.4661973048302
30
100.00000011175871
11
-3990.4268085306903
21
1008.4661973048302
31
939.9999993294477
0
3DFACE
5
C478
330
BF15
100
AcDbEntity
100
AcDbFace
8
EKP_POI_TASIYICI_SASE
10
-3482.82680853069
20
983.4661973048302
30
100.00000011175871
11
-3457.82680853069
21
983.4661973048302
31
100.00000011175871
12
-3457.82680853069
22
1008.4661973048302
32
100.00000011175871
13
-3482.82680853069
23
1008.4661973048302
33
100.00000011175871
0
3DFACE
5
C479
330
BF15
100
AcDbEntity
100
AcDbFace
8
EKP_POI_TASIYICI_SASE
10
-3482.82680853069
20
983.4661973048302
30
939.9999993294477
11
-3457.82680853069
21
983.4661973048302
31
939.9999993294477
12
-3457.82680853069
22
1008.4661973048302
32
939.9999993294477
13
-3482.82680853069
23
1008.4661973048302
33
939.9999993294477
0
3DFACE
5
C47A
330
BF15
100
AcDbEntity
100
AcDbFace
8
EKP_POI_TASIYICI_SASE
10
-3482.82680853069
20
983.4661973048302
30
100.00000011175871
11
-3457.82680853069
21
983.4661973048302
31
100.00000011175871
12
-3457.82680853069
22
983.4661973048302
32
939.9999993294477
13
-3482.82680853069
23
983.4661973048302
33
939.9999993294477
0
3DFACE
5
C47B
330
BF15
100
AcDbEntity
100
AcDbFace
8
EKP_POI_TASIYICI_SASE
10
-3482.82680853069
20
1008.4661973048302
30
100.00000011175871
11
-3457.82680853069
21
1008.4661973048302
31
100.00000011175871
12
-3457.82680853069
22
1008.4661973048302
32
939.9999993294477
13
-3482.82680853069
23
1008.4661973048302
33
939.9999993294477
0
3DFACE
5
C47C
330
BF15
100
AcDbEntity
100
AcDbFace
8
EKP_POI_TASIYICI_SASE
10
-3482.82680853069
20
983.4661973048302
30
100.00000011175871
11
-3482.82680853069
21
1008.4661973048302
31
100.00000011175871
12
-3482.82680853069
22
1008.4661973048302
32
939.9999993294477
13
-3482.82680853069
23
983.4661973048302
33
939.9999993294477
0
3DFACE
5
C47D
330
BF15
100
AcDbEntity
100
AcDbFace
8
EKP_POI_TASIYICI_SASE
10
-3457.82680853069
20
983.4661973048302
30
100.00000011175871
11
-3457.82680853069
21
1008.4661973048302
31
100.00000011175871
12
-3457.82680853069
22
1008.4661973048302
32
939.9999993294477
13
-3457.82680853069
23
983.4661973048302
33
939.9999993294477
0
LINE
5
C47E
330
BF15
100
AcDbEntity
100
AcDbLine
8
EKP_POI_TASIYICI_SASE
10
-3482.82680853069
20
983.4661973048302
30
100.00000011175871
11
-3457.82680853069
21
983.4661973048302
31
100.00000011175871
0
LINE
5
C47F
330
BF15
100
AcDbEntity
100
AcDbLine
8
EKP_POI_TASIYICI_SASE
10
-3457.82680853069
20
983.4661973048302
30
100.00000011175871
11
-3457.82680853069
21
1008.4661973048302
31
100.00000011175871
0
LINE
5
C480
330
BF15
100
AcDbEntity
100
AcDbLine
8
EKP_POI_TASIYICI_SASE
10
-3457.82680853069
20
1008.4661973048302
30
100.00000011175871
11
-3482.82680853069
21
1008.4661973048302
31
100.00000011175871
0
LINE
5
C481
330
BF15
100
AcDbEntity
100
AcDbLine
8
EKP_POI_TASIYICI_SASE
10
-3482.82680853069
20
1008.4661973048302
30
100.00000011175871
11
-3482.82680853069
21
983.4661973048302
31
100.00000011175871
0
LINE
5
C482
330
BF15
100
AcDbEntity
100
AcDbLine
8
EKP_POI_TASIYICI_SASE
10
-3482.82680853069
20
983.4661973048302
30
939.9999993294477
11
-3457.82680853069
21
983.4661973048302
31
939.9999993294477
0
LINE
5
C483
330
BF15
100
AcDbEntity
100
AcDbLine
8
EKP_POI_TASIYICI_SASE
10
-3457.82680853069
20
983.4661973048302
30
939.9999993294477
11
-3457.82680853069
21
1008.4661973048302
31
939.9999993294477
0
LINE
5
C484
330
BF15
100
AcDbEntity
100
AcDbLine
8
EKP_POI_TASIYICI_SASE
10
-3457.82680853069
20
1008.4661973048302
30
939.9999993294477
11
-3482.82680853069
21
1008.4661973048302
31
939.9999993294477
0
LINE
5
C485
330
BF15
100
AcDbEntity
100
AcDbLine
8
EKP_POI_TASIYICI_SASE
10
-3482.82680853069
20
1008.4661973048302
30
939.9999993294477
11
-3482.82680853069
21
983.4661973048302
31
939.9999993294477
0
LINE
5
C486
330
BF15
100
AcDbEntity
100
AcDbLine
8
EKP_POI_TASIYICI_SASE
10
-3482.82680853069
20
983.4661973048302
30
100.00000011175871
11
-3482.82680853069
21
983.4661973048302
31
939.9999993294477
0
LINE
5
C487
330
BF15
100
AcDbEntity
100
AcDbLine
8
EKP_POI_TASIYICI_SASE
10
-3457.82680853069
20
983.4661973048302
30
100.00000011175871
11
-3457.82680853069
21
983.4661973048302
31
939.9999993294477
0
LINE
5
C488
330
BF15
100
AcDbEntity
100
AcDbLine
8
EKP_POI_TASIYICI_SASE
10
-3457.82680853069
20
1008.4661973048302
30
100.00000011175871
11
-3457.82680853069
21
1008.4661973048302
31
939.9999993294477
0
LINE
5
C489
330
BF15
100
AcDbEntity
100
AcDbLine
8
EKP_POI_TASIYICI_SASE
10
-3482.82680853069
20
1008.4661973048302
30
100.00000011175871
11
-3482.82680853069
21
1008.4661973048302
31
939.9999993294477
0
3DFACE
5
C48A
330
BF15
100
AcDbEntity
100
AcDbFace
8
EKP_POI_TASIYICI_SASE
10
-3990.4268085306903
20
1538.4661853839011
30
100.00000011175871
11
-3965.4268085306903
21
1538.4661853839011
31
100.00000011175871
12
-3965.4268085306903
22
1563.4661853839011
32
100.00000011175871
13
-3990.4268085306903
23
1563.4661853839011
33
100.00000011175871
0
3DFACE
5
C48B
330
BF15
100
AcDbEntity
100
AcDbFace
8
EKP_POI_TASIYICI_SASE
10
-3990.4268085306903
20
1538.4661853839011
30
939.9999993294477
11
-3965.4268085306903
21
1538.4661853839011
31
939.9999993294477
12
-3965.4268085306903
22
1563.4661853839011
32
939.9999993294477
13
-3990.4268085306903
23
1563.4661853839011
33
939.9999993294477
0
3DFACE
5
C48C
330
BF15
100
AcDbEntity
100
AcDbFace
8
EKP_POI_TASIYICI_SASE
10
-3990.4268085306903
20
1538.4661853839011
30
100.00000011175871
11
-3965.4268085306903
21
1538.4661853839011
31
100.00000011175871
12
-3965.4268085306903
22
1538.4661853839011
32
939.9999993294477
13
-3990.4268085306903
23
1538.4661853839011
33
939.9999993294477
0
3DFACE
5
C48D
330
BF15
100
AcDbEntity
100
AcDbFace
8
EKP_POI_TASIYICI_SASE
10
-3990.4268085306903
20
1563.4661853839011
30
100.00000011175871
11
-3965.4268085306903
21
1563.4661853839011
31
100.00000011175871
12
-3965.4268085306903
22
1563.4661853839011
32
939.9999993294477
13
-3990.4268085306903
23
1563.4661853839011
33
939.9999993294477
0
3DFACE
5
C48E
330
BF15
100
AcDbEntity
100
AcDbFace
8
EKP_POI_TASIYICI_SASE
10
-3990.4268085306903
20
1538.4661853839011
30
100.00000011175871
11
-3990.4268085306903
21
1563.4661853839011
31
100.00000011175871
12
-3990.4268085306903
22
1563.4661853839011
32
939.9999993294477
13
-3990.4268085306903
23
1538.4661853839011
33
939.9999993294477
0
3DFACE
5
C48F
330
BF15
100
AcDbEntity
100
AcDbFace
8
EKP_POI_TASIYICI_SASE
10
-3965.4268085306903
20
1538.4661853839011
30
100.00000011175871
11
-3965.4268085306903
21
1563.4661853839011
31
100.00000011175871
12
-3965.4268085306903
22
1563.4661853839011
32
939.9999993294477
13
-3965.4268085306903
23
1538.4661853839011
33
939.9999993294477
0
LINE
5
C490
330
BF15
100
AcDbEntity
100
AcDbLine
8
EKP_POI_TASIYICI_SASE
10
-3990.4268085306903
20
1538.4661853839011
30
100.00000011175871
11
-3965.4268085306903
21
1538.4661853839011
31
100.00000011175871
0
LINE
5
C491
330
BF15
100
AcDbEntity
100
AcDbLine
8
EKP_POI_TASIYICI_SASE
10
-3965.4268085306903
20
1538.4661853839011
30
100.00000011175871
11
-3965.4268085306903
21
1563.4661853839011
31
100.00000011175871
0
LINE
5
C492
330
BF15
100
AcDbEntity
100
AcDbLine
8
EKP_POI_TASIYICI_SASE
10
-3965.4268085306903
20
1563.4661853839011
30
100.00000011175871
11
-3990.4268085306903
21
1563.4661853839011
31
100.00000011175871
0
LINE
5
C493
330
BF15
100
AcDbEntity
100
AcDbLine
8
EKP_POI_TASIYICI_SASE
10
-3990.4268085306903
20
1563.4661853839011
30
100.00000011175871
11
-3990.4268085306903
21
1538.4661853839011
31
100.00000011175871
0
LINE
5
C494
330
BF15
100
AcDbEntity
100
AcDbLine
8
EKP_POI_TASIYICI_SASE
10
-3990.4268085306903
20
1538.4661853839011
30
939.9999993294477
11
-3965.4268085306903
21
1538.4661853839011
31
939.9999993294477
0
LINE
5
C495
330
BF15
100
AcDbEntity
100
AcDbLine
8
EKP_POI_TASIYICI_SASE
10
-3965.4268085306903
20
1538.4661853839011
30
939.9999993294477
11
-3965.4268085306903
21
1563.4661853839011
31
939.9999993294477
0
LINE
5
C496
330
BF15
100
AcDbEntity
100
AcDbLine
8
EKP_POI_TASIYICI_SASE
10
-3965.4268085306903
20
1563.4661853839011
30
939.9999993294477
11
-3990.4268085306903
21
1563.4661853839011
31
939.9999993294477
0
LINE
5
C497
330
BF15
100
AcDbEntity
100
AcDbLine
8
EKP_POI_TASIYICI_SASE
10
-3990.4268085306903
20
1563.4661853839011
30
939.9999993294477
11
-3990.4268085306903
21
1538.4661853839011
31
939.9999993294477
0
LINE
5
C498
330
BF15
100
AcDbEntity
100
AcDbLine
8
EKP_POI_TASIYICI_SASE
10
-3990.4268085306903
20
1538.4661853839011
30
100.00000011175871
11
-3990.4268085306903
21
1538.4661853839011
31
939.9999993294477
0
LINE
5
C499
330
BF15
100
AcDbEntity
100
AcDbLine
8
EKP_POI_TASIYICI_SASE
10
-3965.4268085306903
20
1538.4661853839011
30
100.00000011175871
11
-3965.4268085306903
21
1538.4661853839011
31
939.9999993294477
0
LINE
5
C49A
330
BF15
100
AcDbEntity
100
AcDbLine
8
EKP_POI_TASIYICI_SASE
10
-3965.4268085306903
20
1563.4661853839011
30
100.00000011175871
11
-3965.4268085306903
21
1563.4661853839011
31
939.9999993294477
0
LINE
5
C49B
330
BF15
100
AcDbEntity
100
AcDbLine
8
EKP_POI_TASIYICI_SASE
10
-3990.4268085306903
20
1563.4661853839011
30
100.00000011175871
11
-3990.4268085306903
21
1563.4661853839011
31
939.9999993294477
0
3DFACE
5
C49C
330
BF15
100
AcDbEntity
100
AcDbFace
8
EKP_POI_TASIYICI_SASE
10
-3482.82680853069
20
1538.4661853839011
30
100.00000011175871
11
-3457.82680853069
21
1538.4661853839011
31
100.00000011175871
12
-3457.82680853069
22
1563.4661853839011
32
100.00000011175871
13
-3482.82680853069
23
1563.4661853839011
33
100.00000011175871
0
3DFACE
5
C49D
330
BF15
100
AcDbEntity
100
AcDbFace
8
EKP_POI_TASIYICI_SASE
10
-3482.82680853069
20
1538.4661853839011
30
939.9999993294477
11
-3457.82680853069
21
1538.4661853839011
31
939.9999993294477
12
-3457.82680853069
22
1563.4661853839011
32
939.9999993294477
13
-3482.82680853069
23
1563.4661853839011
33
939.9999993294477
0
3DFACE
5
C49E
330
BF15
100
AcDbEntity
100
AcDbFace
8
EKP_POI_TASIYICI_SASE
10
-3482.82680853069
20
1538.4661853839011
30
100.00000011175871
11
-3457.82680853069
21
1538.4661853839011
31
100.00000011175871
12
-3457.82680853069
22
1538.4661853839011
32
939.9999993294477
13
-3482.82680853069
23
1538.4661853839011
33
939.9999993294477
0
3DFACE
5
C49F
330
BF15
100
AcDbEntity
100
AcDbFace
8
EKP_POI_TASIYICI_SASE
10
-3482.82680853069
20
1563.4661853839011
30
100.00000011175871
11
-3457.82680853069
21
1563.4661853839011
31
100.00000011175871
12
-3457.82680853069
22
1563.4661853839011
32
939.9999993294477
13
-3482.82680853069
23
1563.4661853839011
33
939.9999993294477
0
3DFACE
5
C4A0
330
BF15
100
AcDbEntity
100
AcDbFace
8
EKP_POI_TASIYICI_SASE
10
-3482.82680853069
20
1538.4661853839011
30
100.00000011175871
11
-3482.82680853069
21
1563.4661853839011
31
100.00000011175871
12
-3482.82680853069
22
1563.4661853839011
32
939.9999993294477
13
-3482.82680853069
23
1538.4661853839011
33
939.9999993294477
0
3DFACE
5
C4A1
330
BF15
100
AcDbEntity
100
AcDbFace
8
EKP_POI_TASIYICI_SASE
10
-3457.82680853069
20
1538.4661853839011
30
100.00000011175871
11
-3457.82680853069
21
1563.4661853839011
31
100.00000011175871
12
-3457.82680853069
22
1563.4661853839011
32
939.9999993294477
13
-3457.82680853069
23
1538.4661853839011
33
939.9999993294477
0
LINE
5
C4A2
330
BF15
100
AcDbEntity
100
AcDbLine
8
EKP_POI_TASIYICI_SASE
10
-3482.82680853069
20
1538.4661853839011
30
100.00000011175871
11
-3457.82680853069
21
1538.4661853839011
31
100.00000011175871
0
LINE
5
C4A3
330
BF15
100
AcDbEntity
100
AcDbLine
8
EKP_POI_TASIYICI_SASE
10
-3457.82680853069
20
1538.4661853839011
30
100.00000011175871
11
-3457.82680853069
21
1563.4661853839011
31
100.00000011175871
0
LINE
5
C4A4
330
BF15
100
AcDbEntity
100
AcDbLine
8
EKP_POI_TASIYICI_SASE
10
-3457.82680853069
20
1563.4661853839011
30
100.00000011175871
11
-3482.82680853069
21
1563.4661853839011
31
100.00000011175871
0
LINE
5
C4A5
330
BF15
100
AcDbEntity
100
AcDbLine
8
EKP_POI_TASIYICI_SASE
10
-3482.82680853069
20
1563.4661853839011
30
100.00000011175871
11
-3482.82680853069
21
1538.4661853839011
31
100.00000011175871
0
LINE
5
C4A6
330
BF15
100
AcDbEntity
100
AcDbLine
8
EKP_POI_TASIYICI_SASE
10
-3482.82680853069
20
1538.4661853839011
30
939.9999993294477
11
-3457.82680853069
21
1538.4661853839011
31
939.9999993294477
0
LINE
5
C4A7
330
BF15
100
AcDbEntity
100
AcDbLine
8
EKP_POI_TASIYICI_SASE
10
-3457.82680853069
20
1538.4661853839011
30
939.9999993294477
11
-3457.82680853069
21
1563.4661853839011
31
939.9999993294477
0
LINE
5
C4A8
330
BF15
100
AcDbEntity
100
AcDbLine
8
EKP_POI_TASIYICI_SASE
10
-3457.82680853069
20
1563.4661853839011
30
939.9999993294477
11
-3482.82680853069
21
1563.4661853839011
31
939.9999993294477
0
LINE
5
C4A9
330
BF15
100
AcDbEntity
100
AcDbLine
8
EKP_POI_TASIYICI_SASE
10
-3482.82680853069
20
1563.4661853839011
30
939.9999993294477
11
-3482.82680853069
21
1538.4661853839011
31
939.9999993294477
0
LINE
5
C4AA
330
BF15
100
AcDbEntity
100
AcDbLine
8
EKP_POI_TASIYICI_SASE
10
-3482.82680853069
20
1538.4661853839011
30
100.00000011175871
11
-3482.82680853069
21
1538.4661853839011
31
939.9999993294477
0
LINE
5
C4AB
330
BF15
100
AcDbEntity
100
AcDbLine
8
EKP_POI_TASIYICI_SASE
10
-3457.82680853069
20
1538.4661853839011
30
100.00000011175871
11
-3457.82680853069
21
1538.4661853839011
31
939.9999993294477
0
LINE
5
C4AC
330
BF15
100
AcDbEntity
100
AcDbLine
8
EKP_POI_TASIYICI_SASE
10
-3457.82680853069
20
1563.4661853839011
30
100.00000011175871
11
-3457.82680853069
21
1563.4661853839011
31
939.9999993294477
0
LINE
5
C4AD
330
BF15
100
AcDbEntity
100
AcDbLine
8
EKP_POI_TASIYICI_SASE
10
-3482.82680853069
20
1563.4661853839011
30
100.00000011175871
11
-3482.82680853069
21
1563.4661853839011
31
939.9999993294477
0
3DFACE
5
C4AE
330
BF15
100
AcDbEntity
100
AcDbFace
8
EKP_POI_MODULLERI
10
-3964.1268080836558
20
1073.466191158101
30
203.49999990500513
11
-3484.126808977725
21
1073.466191158101
31
203.49999990500513
12
-3484.126808977725
22
1448.4661883641334
32
203.49999990500513
13
-3964.1268080836558
23
1448.4661883641334
33
203.49999990500513
0
3DFACE
5
C4AF
330
BF15
100
AcDbEntity
100
AcDbFace
8
EKP_POI_MODULLERI
10
-3964.1268080836558
20
1073.466191158101
30
467.4999952316284
11
-3484.126808977725
21
1073.466191158101
31
467.4999952316284
12
-3484.126808977725
22
1448.4661883641334
32
467.4999952316284
13
-3964.1268080836558
23
1448.4661883641334
33
467.4999952316284
0
3DFACE
5
C4B0
330
BF15
100
AcDbEntity
100
AcDbFace
8
EKP_POI_MODULLERI
10
-3964.1268080836558
20
1073.466191158101
30
203.49999990500513
11
-3484.126808977725
21
1073.466191158101
31
203.49999990500513
12
-3484.126808977725
22
1073.466191158101
32
467.4999952316284
13
-3964.1268080836558
23
1073.466191158101
33
467.4999952316284
0
3DFACE
5
C4B1
330
BF15
100
AcDbEntity
100
AcDbFace
8
EKP_POI_MODULLERI
10
-3964.1268080836558
20
1448.4661883641334
30
203.49999990500513
11
-3484.126808977725
21
1448.4661883641334
31
203.49999990500513
12
-3484.126808977725
22
1448.4661883641334
32
467.4999952316284
13
-3964.1268080836558
23
1448.4661883641334
33
467.4999952316284
0
3DFACE
5
C4B2
330
BF15
100
AcDbEntity
100
AcDbFace
8
EKP_POI_MODULLERI
10
-3964.1268080836558
20
1073.466191158101
30
203.49999990500513
11
-3964.1268080836558
21
1448.4661883641334
31
203.49999990500513
12
-3964.1268080836558
22
1448.4661883641334
32
467.4999952316284
13
-3964.1268080836558
23
1073.466191158101
33
467.4999952316284
0
3DFACE
5
C4B3
330
BF15
100
AcDbEntity
100
AcDbFace
8
EKP_POI_MODULLERI
10
-3484.126808977725
20
1073.466191158101
30
203.49999990500513
11
-3484.126808977725
21
1448.4661883641334
31
203.49999990500513
12
-3484.126808977725
22
1448.4661883641334
32
467.4999952316284
13
-3484.126808977725
23
1073.466191158101
33
467.4999952316284
0
LINE
5
C4B4
330
BF15
100
AcDbEntity
100
AcDbLine
8
EKP_POI_MODULLERI
10
-3964.1268080836558
20
1073.466191158101
30
203.49999990500513
11
-3484.126808977725
21
1073.466191158101
31
203.49999990500513
0
LINE
5
C4B5
330
BF15
100
AcDbEntity
100
AcDbLine
8
EKP_POI_MODULLERI
10
-3484.126808977725
20
1073.466191158101
30
203.49999990500513
11
-3484.126808977725
21
1448.4661883641334
31
203.49999990500513
0
LINE
5
C4B6
330
BF15
100
AcDbEntity
100
AcDbLine
8
EKP_POI_MODULLERI
10
-3484.126808977725
20
1448.4661883641334
30
203.49999990500513
11
-3964.1268080836558
21
1448.4661883641334
31
203.49999990500513
0
LINE
5
C4B7
330
BF15
100
AcDbEntity
100
AcDbLine
8
EKP_POI_MODULLERI
10
-3964.1268080836558
20
1448.4661883641334
30
203.49999990500513
11
-3964.1268080836558
21
1073.466191158101
31
203.49999990500513
0
LINE
5
C4B8
330
BF15
100
AcDbEntity
100
AcDbLine
8
EKP_POI_MODULLERI
10
-3964.1268080836558
20
1073.466191158101
30
467.4999952316284
11
-3484.126808977725
21
1073.466191158101
31
467.4999952316284
0
LINE
5
C4B9
330
BF15
100
AcDbEntity
100
AcDbLine
8
EKP_POI_MODULLERI
10
-3484.126808977725
20
1073.466191158101
30
467.4999952316284
11
-3484.126808977725
21
1448.4661883641334
31
467.4999952316284
0
LINE
5
C4BA
330
BF15
100
AcDbEntity
100
AcDbLine
8
EKP_POI_MODULLERI
10
-3484.126808977725
20
1448.4661883641334
30
467.4999952316284
11
-3964.1268080836558
21
1448.4661883641334
31
467.4999952316284
0
LINE
5
C4BB
330
BF15
100
AcDbEntity
100
AcDbLine
8
EKP_POI_MODULLERI
10
-3964.1268080836558
20
1448.4661883641334
30
467.4999952316284
11
-3964.1268080836558
21
1073.466191158101
31
467.4999952316284
0
LINE
5
C4BC
330
BF15
100
AcDbEntity
100
AcDbLine
8
EKP_POI_MODULLERI
10
-3964.1268080836558
20
1073.466191158101
30
203.49999990500513
11
-3964.1268080836558
21
1073.466191158101
31
467.4999952316284
0
LINE
5
C4BD
330
BF15
100
AcDbEntity
100
AcDbLine
8
EKP_POI_MODULLERI
10
-3484.126808977725
20
1073.466191158101
30
203.49999990500513
11
-3484.126808977725
21
1073.466191158101
31
467.4999952316284
0
LINE
5
C4BE
330
BF15
100
AcDbEntity
100
AcDbLine
8
EKP_POI_MODULLERI
10
-3484.126808977725
20
1448.4661883641334
30
203.49999990500513
11
-3484.126808977725
21
1448.4661883641334
31
467.4999952316284
0
LINE
5
C4BF
330
BF15
100
AcDbEntity
100
AcDbLine
8
EKP_POI_MODULLERI
10
-3964.1268080836558
20
1448.4661883641334
30
203.49999990500513
11
-3964.1268080836558
21
1448.4661883641334
31
467.4999952316284
0
TEXT
5
C4C0
330
BF15
100
AcDbEntity
100
AcDbText
8
EKP_POI_MODULLERI
10
-3724.12680853069
20
1260.9661897611172
30
0
40
45
1
CB-12-POI-64F-A12 (5G NR POI)
50
0
7
STANDARD
72
1
11
-3724.12680853069
21
1260.9661897611172
31
0
100
AcDbText
73
2
0
3DFACE
5
C4C1
330
BF15
100
AcDbEntity
100
AcDbFace
8
EKP_POI_MODULLERI
10
-3964.1268080836558
20
1073.466191158101
30
633.4999999050051
11
-3484.126808977725
21
1073.466191158101
31
633.4999999050051
12
-3484.126808977725
22
1448.4661883641334
32
633.4999999050051
13
-3964.1268080836558
23
1448.4661883641334
33
633.4999999050051
0
3DFACE
5
C4C2
330
BF15
100
AcDbEntity
100
AcDbFace
8
EKP_POI_MODULLERI
10
-3964.1268080836558
20
1073.466191158101
30
897.4999952316285
11
-3484.126808977725
21
1073.466191158101
31
897.4999952316285
12
-3484.126808977725
22
1448.4661883641334
32
897.4999952316285
13
-3964.1268080836558
23
1448.4661883641334
33
897.4999952316285
0
3DFACE
5
C4C3
330
BF15
100
AcDbEntity
100
AcDbFace
8
EKP_POI_MODULLERI
10
-3964.1268080836558
20
1073.466191158101
30
633.4999999050051
11
-3484.126808977725
21
1073.466191158101
31
633.4999999050051
12
-3484.126808977725
22
1073.466191158101
32
897.4999952316285
13
-3964.1268080836558
23
1073.466191158101
33
897.4999952316285
0
3DFACE
5
C4C4
330
BF15
100
AcDbEntity
100
AcDbFace
8
EKP_POI_MODULLERI
10
-3964.1268080836558
20
1448.4661883641334
30
633.4999999050051
11
-3484.126808977725
21
1448.4661883641334
31
633.4999999050051
12
-3484.126808977725
22
1448.4661883641334
32
897.4999952316285
13
-3964.1268080836558
23
1448.4661883641334
33
897.4999952316285
0
3DFACE
5
C4C5
330
BF15
100
AcDbEntity
100
AcDbFace
8
EKP_POI_MODULLERI
10
-3964.1268080836558
20
1073.466191158101
30
633.4999999050051
11
-3964.1268080836558
21
1448.4661883641334
31
633.4999999050051
12
-3964.1268080836558
22
1448.4661883641334
32
897.4999952316285
13
-3964.1268080836558
23
1073.466191158101
33
897.4999952316285
0
3DFACE
5
C4C6
330
BF15
100
AcDbEntity
100
AcDbFace
8
EKP_POI_MODULLERI
10
-3484.126808977725
20
1073.466191158101
30
633.4999999050051
11
-3484.126808977725
21
1448.4661883641334
31
633.4999999050051
12
-3484.126808977725
22
1448.4661883641334
32
897.4999952316285
13
-3484.126808977725
23
1073.466191158101
33
897.4999952316285
0
LINE
5
C4C7
330
BF15
100
AcDbEntity
100
AcDbLine
8
EKP_POI_MODULLERI
10
-3964.1268080836558
20
1073.466191158101
30
633.4999999050051
11
-3484.126808977725
21
1073.466191158101
31
633.4999999050051
0
LINE
5
C4C8
330
BF15
100
AcDbEntity
100
AcDbLine
8
EKP_POI_MODULLERI
10
-3484.126808977725
20
1073.466191158101
30
633.4999999050051
11
-3484.126808977725
21
1448.4661883641334
31
633.4999999050051
0
LINE
5
C4C9
330
BF15
100
AcDbEntity
100
AcDbLine
8
EKP_POI_MODULLERI
10
-3484.126808977725
20
1448.4661883641334
30
633.4999999050051
11
-3964.1268080836558
21
1448.4661883641334
31
633.4999999050051
0
LINE
5
C4CA
330
BF15
100
AcDbEntity
100
AcDbLine
8
EKP_POI_MODULLERI
10
-3964.1268080836558
20
1448.4661883641334
30
633.4999999050051
11
-3964.1268080836558
21
1073.466191158101
31
633.4999999050051
0
LINE
5
C4CB
330
BF15
100
AcDbEntity
100
AcDbLine
8
EKP_POI_MODULLERI
10
-3964.1268080836558
20
1073.466191158101
30
897.4999952316285
11
-3484.126808977725
21
1073.466191158101
31
897.4999952316285
0
LINE
5
C4CC
330
BF15
100
AcDbEntity
100
AcDbLine
8
EKP_POI_MODULLERI
10
-3484.126808977725
20
1073.466191158101
30
897.4999952316285
11
-3484.126808977725
21
1448.4661883641334
31
897.4999952316285
0
LINE
5
C4CD
330
BF15
100
AcDbEntity
100
AcDbLine
8
EKP_POI_MODULLERI
10
-3484.126808977725
20
1448.4661883641334
30
897.4999952316285
11
-3964.1268080836558
21
1448.4661883641334
31
897.4999952316285
0
LINE
5
C4CE
330
BF15
100
AcDbEntity
100
AcDbLine
8
EKP_POI_MODULLERI
10
-3964.1268080836558
20
1448.4661883641334
30
897.4999952316285
11
-3964.1268080836558
21
1073.466191158101
31
897.4999952316285
0
LINE
5
C4CF
330
BF15
100
AcDbEntity
100
AcDbLine
8
EKP_POI_MODULLERI
10
-3964.1268080836558
20
1073.466191158101
30
633.4999999050051
11
-3964.1268080836558
21
1073.466191158101
31
897.4999952316285
0
LINE
5
C4D0
330
BF15
100
AcDbEntity
100
AcDbLine
8
EKP_POI_MODULLERI
10
-3484.126808977725
20
1073.466191158101
30
633.4999999050051
11
-3484.126808977725
21
1073.466191158101
31
897.4999952316285
0
LINE
5
C4D1
330
BF15
100
AcDbEntity
100
AcDbLine
8
EKP_POI_MODULLERI
10
-3484.126808977725
20
1448.4661883641334
30
633.4999999050051
11
-3484.126808977725
21
1448.4661883641334
31
897.4999952316285
0
LINE
5
C4D2
330
BF15
100
AcDbEntity
100
AcDbLine
8
EKP_POI_MODULLERI
10
-3964.1268080836558
20
1448.4661883641334
30
633.4999999050051
11
-3964.1268080836558
21
1448.4661883641334
31
897.4999952316285
0
TEXT
5
C4D3
330
BF15
100
AcDbEntity
100
AcDbText
8
EKP_POI_MODULLERI
10
-3724.12680853069
20
1260.9661897611172
30
0
40
45
1
CB-12-POI-64F-A12 (5G NR POI)
50
0
7
STANDARD
72
1
11
-3724.12680853069
21
1260.9661897611172
31
0
100
AcDbText
73
2
0
3DFACE
5
C2FA
330
BF15
100
AcDbEntity
100
AcDbFace
8
EKP_PANEL_ANTEN
10
-3266.309002466409
20
-32113.619031457452
30
5953.526198824813
11
-2278.6486128823276
21
-32113.619031457452
31
5953.526198824813
12
-2278.6486128823276
22
-30981.64861288233
32
5953.526198824813
13
-3266.309002466409
23
-30981.64861288233
33
5953.526198824813
0
3DFACE
5
C2FB
330
BF15
100
AcDbEntity
100
AcDbFace
8
EKP_PANEL_ANTEN
10
-3266.309002466409
20
-32113.619031457452
30
8761.684487900146
11
-2278.6486128823276
21
-32113.619031457452
31
8761.684487900146
12
-2278.6486128823276
22
-30981.64861288233
32
8761.684487900146
13
-3266.309002466409
23
-30981.64861288233
33
8761.684487900146
0
3DFACE
5
C2FC
330
BF15
100
AcDbEntity
100
AcDbFace
8
EKP_PANEL_ANTEN
10
-3266.309002466409
20
-32113.619031457452
30
5953.526198824813
11
-2278.6486128823276
21
-32113.619031457452
31
5953.526198824813
12
-2278.6486128823276
22
-32113.619031457452
32
8761.684487900146
13
-3266.309002466409
23
-32113.619031457452
33
8761.684487900146
0
3DFACE
5
C2FD
330
BF15
100
AcDbEntity
100
AcDbFace
8
EKP_PANEL_ANTEN
10
-3266.309002466409
20
-30981.64861288233
30
5953.526198824813
11
-2278.6486128823276
21
-30981.64861288233
31
5953.526198824813
12
-2278.6486128823276
22
-30981.64861288233
32
8761.684487900146
13
-3266.309002466409
23
-30981.64861288233
33
8761.684487900146
0
3DFACE
5
C2FE
330
BF15
100
AcDbEntity
100
AcDbFace
8
EKP_PANEL_ANTEN
10
-3266.309002466409
20
-32113.619031457452
30
5953.526198824813
11
-3266.309002466409
21
-30981.64861288233
31
5953.526198824813
12
-3266.309002466409
22
-30981.64861288233
32
8761.684487900146
13
-3266.309002466409
23
-32113.619031457452
33
8761.684487900146
0
3DFACE
5
C2FF
330
BF15
100
AcDbEntity
100
AcDbFace
8
EKP_PANEL_ANTEN
10
-2278.6486128823276
20
-32113.619031457452
30
5953.526198824813
11
-2278.6486128823276
21
-30981.64861288233
31
5953.526198824813
12
-2278.6486128823276
22
-30981.64861288233
32
8761.684487900146
13
-2278.6486128823276
23
-32113.619031457452
33
8761.684487900146
0
LINE
5
C300
330
BF15
100
AcDbEntity
100
AcDbLine
8
EKP_PANEL_ANTEN
10
-3266.309002466409
20
-32113.619031457452
30
5953.526198824813
11
-2278.6486128823276
21
-32113.619031457452
31
5953.526198824813
0
LINE
5
C301
330
BF15
100
AcDbEntity
100
AcDbLine
8
EKP_PANEL_ANTEN
10
-2278.6486128823276
20
-32113.619031457452
30
5953.526198824813
11
-2278.6486128823276
21
-30981.64861288233
31
5953.526198824813
0
LINE
5
C302
330
BF15
100
AcDbEntity
100
AcDbLine
8
EKP_PANEL_ANTEN
10
-2278.6486128823276
20
-30981.64861288233
30
5953.526198824813
11
-3266.309002466409
21
-30981.64861288233
31
5953.526198824813
0
LINE
5
C303
330
BF15
100
AcDbEntity
100
AcDbLine
8
EKP_PANEL_ANTEN
10
-3266.309002466409
20
-30981.64861288233
30
5953.526198824813
11
-3266.309002466409
21
-32113.619031457452
31
5953.526198824813
0
LINE
5
C304
330
BF15
100
AcDbEntity
100
AcDbLine
8
EKP_PANEL_ANTEN
10
-3266.309002466409
20
-32113.619031457452
30
8761.684487900146
11
-2278.6486128823276
21
-32113.619031457452
31
8761.684487900146
0
LINE
5
C305
330
BF15
100
AcDbEntity
100
AcDbLine
8
EKP_PANEL_ANTEN
10
-2278.6486128823276
20
-32113.619031457452
30
8761.684487900146
11
-2278.6486128823276
21
-30981.64861288233
31
8761.684487900146
0
LINE
5
C306
330
BF15
100
AcDbEntity
100
AcDbLine
8
EKP_PANEL_ANTEN
10
-2278.6486128823276
20
-30981.64861288233
30
8761.684487900146
11
-3266.309002466409
21
-30981.64861288233
31
8761.684487900146
0
LINE
5
C307
330
BF15
100
AcDbEntity
100
AcDbLine
8
EKP_PANEL_ANTEN
10
-3266.309002466409
20
-30981.64861288233
30
8761.684487900146
11
-3266.309002466409
21
-32113.619031457452
31
8761.684487900146
0
LINE
5
C308
330
BF15
100
AcDbEntity
100
AcDbLine
8
EKP_PANEL_ANTEN
10
-3266.309002466409
20
-32113.619031457452
30
5953.526198824813
11
-3266.309002466409
21
-32113.619031457452
31
8761.684487900146
0
LINE
5
C309
330
BF15
100
AcDbEntity
100
AcDbLine
8
EKP_PANEL_ANTEN
10
-2278.6486128823276
20
-32113.619031457452
30
5953.526198824813
11
-2278.6486128823276
21
-32113.619031457452
31
8761.684487900146
0
LINE
5
C30A
330
BF15
100
AcDbEntity
100
AcDbLine
8
EKP_PANEL_ANTEN
10
-2278.6486128823276
20
-30981.64861288233
30
5953.526198824813
11
-2278.6486128823276
21
-30981.64861288233
31
8761.684487900146
0
LINE
5
C30B
330
BF15
100
AcDbEntity
100
AcDbLine
8
EKP_PANEL_ANTEN
10
-3266.309002466409
20
-30981.64861288233
30
5953.526198824813
11
-3266.309002466409
21
-30981.64861288233
31
8761.684487900146
0
TEXT
5
C31E
330
BF15
100
AcDbEntity
100
AcDbText
8
EKP_PANEL_ANTEN
10
-2772.478807674368
20
-31547.63382216989
30
0
40
60
1
Spot Beam 30/30 Panel Anten Cati Tasiyicisi Asili Montaji (Alan 3 - Anten 1)
50
0
7
STANDARD
72
1
11
-2772.478807674368
21
-31547.63382216989
31
0
100
AcDbText
73
2
0
3DFACE
5
C31F
330
BF15
100
AcDbEntity
100
AcDbFace
8
EKP_PANEL_ANTEN
10
-3266.309002466409
20
-31969.309002466412
30
5953.526198824811
11
-2278.6486128823276
21
-31969.309002466412
31
5953.526198824811
12
-2278.6486128823276
22
-30981.648612882327
32
5953.526198824811
13
-3266.309002466409
23
-30981.648612882327
33
5953.526198824811
0
3DFACE
5
C320
330
BF15
100
AcDbEntity
100
AcDbFace
8
EKP_PANEL_ANTEN
10
-3266.309002466409
20
-31969.309002466412
30
6593.895531396036
11
-2278.6486128823276
21
-31969.309002466412
31
6593.895531396036
12
-2278.6486128823276
22
-30981.648612882327
32
6593.895531396036
13
-3266.309002466409
23
-30981.648612882327
33
6593.895531396036
0
3DFACE
5
C321
330
BF15
100
AcDbEntity
100
AcDbFace
8
EKP_PANEL_ANTEN
10
-3266.309002466409
20
-31969.309002466412
30
5953.526198824811
11
-2278.6486128823276
21
-31969.309002466412
31
5953.526198824811
12
-2278.6486128823276
22
-31969.309002466412
32
6593.895531396036
13
-3266.309002466409
23
-31969.309002466412
33
6593.895531396036
0
3DFACE
5
C322
330
BF15
100
AcDbEntity
100
AcDbFace
8
EKP_PANEL_ANTEN
10
-3266.309002466409
20
-30981.648612882327
30
5953.526198824811
11
-2278.6486128823276
21
-30981.648612882327
31
5953.526198824811
12
-2278.6486128823276
22
-30981.648612882327
32
6593.895531396036
13
-3266.309002466409
23
-30981.648612882327
33
6593.895531396036
0
3DFACE
5
C323
330
BF15
100
AcDbEntity
100
AcDbFace
8
EKP_PANEL_ANTEN
10
-3266.309002466409
20
-31969.309002466412
30
5953.526198824811
11
-3266.309002466409
21
-30981.648612882327
31
5953.526198824811
12
-3266.309002466409
22
-30981.648612882327
32
6593.895531396036
13
-3266.309002466409
23
-31969.309002466412
33
6593.895531396036
0
3DFACE
5
C324
330
BF15
100
AcDbEntity
100
AcDbFace
8
EKP_PANEL_ANTEN
10
-2278.6486128823276
20
-31969.309002466412
30
5953.526198824811
11
-2278.6486128823276
21
-30981.648612882327
31
5953.526198824811
12
-2278.6486128823276
22
-30981.648612882327
32
6593.895531396036
13
-2278.6486128823276
23
-31969.309002466412
33
6593.895531396036
0
LINE
5
C325
330
BF15
100
AcDbEntity
100
AcDbLine
8
EKP_PANEL_ANTEN
10
-3266.309002466409
20
-31969.309002466412
30
5953.526198824811
11
-2278.6486128823276
21
-31969.309002466412
31
5953.526198824811
0
LINE
5
C326
330
BF15
100
AcDbEntity
100
AcDbLine
8
EKP_PANEL_ANTEN
10
-2278.6486128823276
20
-31969.309002466412
30
5953.526198824811
11
-2278.6486128823276
21
-30981.648612882327
31
5953.526198824811
0
LINE
5
C327
330
BF15
100
AcDbEntity
100
AcDbLine
8
EKP_PANEL_ANTEN
10
-2278.6486128823276
20
-30981.648612882327
30
5953.526198824811
11
-3266.309002466409
21
-30981.648612882327
31
5953.526198824811
0
LINE
5
C328
330
BF15
100
AcDbEntity
100
AcDbLine
8
EKP_PANEL_ANTEN
10
-3266.309002466409
20
-30981.648612882327
30
5953.526198824811
11
-3266.309002466409
21
-31969.309002466412
31
5953.526198824811
0
LINE
5
C329
330
BF15
100
AcDbEntity
100
AcDbLine
8
EKP_PANEL_ANTEN
10
-3266.309002466409
20
-31969.309002466412
30
6593.895531396036
11
-2278.6486128823276
21
-31969.309002466412
31
6593.895531396036
0
LINE
5
C32A
330
BF15
100
AcDbEntity
100
AcDbLine
8
EKP_PANEL_ANTEN
10
-2278.6486128823276
20
-31969.309002466412
30
6593.895531396036
11
-2278.6486128823276
21
-30981.648612882327
31
6593.895531396036
0
LINE
5
C32B
330
BF15
100
AcDbEntity
100
AcDbLine
8
EKP_PANEL_ANTEN
10
-2278.6486128823276
20
-30981.648612882327
30
6593.895531396036
11
-3266.309002466409
21
-30981.648612882327
31
6593.895531396036
0
LINE
5
C32C
330
BF15
100
AcDbEntity
100
AcDbLine
8
EKP_PANEL_ANTEN
10
-3266.309002466409
20
-30981.648612882327
30
6593.895531396036
11
-3266.309002466409
21
-31969.309002466412
31
6593.895531396036
0
LINE
5
C32D
330
BF15
100
AcDbEntity
100
AcDbLine
8
EKP_PANEL_ANTEN
10
-3266.309002466409
20
-31969.309002466412
30
5953.526198824811
11
-3266.309002466409
21
-31969.309002466412
31
6593.895531396036
0
LINE
5
C32E
330
BF15
100
AcDbEntity
100
AcDbLine
8
EKP_PANEL_ANTEN
10
-2278.6486128823276
20
-31969.309002466412
30
5953.526198824811
11
-2278.6486128823276
21
-31969.309002466412
31
6593.895531396036
0
LINE
5
C32F
330
BF15
100
AcDbEntity
100
AcDbLine
8
EKP_PANEL_ANTEN
10
-2278.6486128823276
20
-30981.648612882327
30
5953.526198824811
11
-2278.6486128823276
21
-30981.648612882327
31
6593.895531396036
0
LINE
5
C330
330
BF15
100
AcDbEntity
100
AcDbLine
8
EKP_PANEL_ANTEN
10
-3266.309002466409
20
-30981.648612882327
30
5953.526198824811
11
-3266.309002466409
21
-30981.648612882327
31
6593.895531396036
0
TEXT
5
C343
330
BF15
100
AcDbEntity
100
AcDbText
8
EKP_PANEL_ANTEN
10
-2772.478807674368
20
-31475.47880767437
30
0
40
60
1
Spot Beam 30/30 4-Port Panel Anten (DOY15X3030MD4TRE)
50
0
7
STANDARD
72
1
11
-2772.478807674368
21
-31475.47880767437
31
0
100
AcDbText
73
2
0
3DFACE
5
C344
330
BF15
100
AcDbEntity
100
AcDbFace
8
EKP_PANEL_ANTEN
10
-3266.309002466409
20
-33104.619031457456
30
6087.526198824813
11
-2278.6486128823276
21
-33104.619031457456
31
6087.526198824813
12
-2278.6486128823276
22
-31972.64861288233
32
6087.526198824813
13
-3266.309002466409
23
-31972.64861288233
33
6087.526198824813
0
3DFACE
5
C345
330
BF15
100
AcDbEntity
100
AcDbFace
8
EKP_PANEL_ANTEN
10
-3266.309002466409
20
-33104.619031457456
30
8895.684487900146
11
-2278.6486128823276
21
-33104.619031457456
31
8895.684487900146
12
-2278.6486128823276
22
-31972.64861288233
32
8895.684487900146
13
-3266.309002466409
23
-31972.64861288233
33
8895.684487900146
0
3DFACE
5
C346
330
BF15
100
AcDbEntity
100
AcDbFace
8
EKP_PANEL_ANTEN
10
-3266.309002466409
20
-33104.619031457456
30
6087.526198824813
11
-2278.6486128823276
21
-33104.619031457456
31
6087.526198824813
12
-2278.6486128823276
22
-33104.619031457456
32
8895.684487900146
13
-3266.309002466409
23
-33104.619031457456
33
8895.684487900146
0
3DFACE
5
C347
330
BF15
100
AcDbEntity
100
AcDbFace
8
EKP_PANEL_ANTEN
10
-3266.309002466409
20
-31972.64861288233
30
6087.526198824813
11
-2278.6486128823276
21
-31972.64861288233
31
6087.526198824813
12
-2278.6486128823276
22
-31972.64861288233
32
8895.684487900146
13
-3266.309002466409
23
-31972.64861288233
33
8895.684487900146
0
3DFACE
5
C348
330
BF15
100
AcDbEntity
100
AcDbFace
8
EKP_PANEL_ANTEN
10
-3266.309002466409
20
-33104.619031457456
30
6087.526198824813
11
-3266.309002466409
21
-31972.64861288233
31
6087.526198824813
12
-3266.309002466409
22
-31972.64861288233
32
8895.684487900146
13
-3266.309002466409
23
-33104.619031457456
33
8895.684487900146
0
3DFACE
5
C349
330
BF15
100
AcDbEntity
100
AcDbFace
8
EKP_PANEL_ANTEN
10
-2278.6486128823276
20
-33104.619031457456
30
6087.526198824813
11
-2278.6486128823276
21
-31972.64861288233
31
6087.526198824813
12
-2278.6486128823276
22
-31972.64861288233
32
8895.684487900146
13
-2278.6486128823276
23
-33104.619031457456
33
8895.684487900146
0
LINE
5
C34A
330
BF15
100
AcDbEntity
100
AcDbLine
8
EKP_PANEL_ANTEN
10
-3266.309002466409
20
-33104.619031457456
30
6087.526198824813
11
-2278.6486128823276
21
-33104.619031457456
31
6087.526198824813
0
LINE
5
C34B
330
BF15
100
AcDbEntity
100
AcDbLine
8
EKP_PANEL_ANTEN
10
-2278.6486128823276
20
-33104.619031457456
30
6087.526198824813
11
-2278.6486128823276
21
-31972.64861288233
31
6087.526198824813
0
LINE
5
C34C
330
BF15
100
AcDbEntity
100
AcDbLine
8
EKP_PANEL_ANTEN
10
-2278.6486128823276
20
-31972.64861288233
30
6087.526198824813
11
-3266.309002466409
21
-31972.64861288233
31
6087.526198824813
0
LINE
5
C34D
330
BF15
100
AcDbEntity
100
AcDbLine
8
EKP_PANEL_ANTEN
10
-3266.309002466409
20
-31972.64861288233
30
6087.526198824813
11
-3266.309002466409
21
-33104.619031457456
31
6087.526198824813
0
LINE
5
C34E
330
BF15
100
AcDbEntity
100
AcDbLine
8
EKP_PANEL_ANTEN
10
-3266.309002466409
20
-33104.619031457456
30
8895.684487900146
11
-2278.6486128823276
21
-33104.619031457456
31
8895.684487900146
0
LINE
5
C34F
330
BF15
100
AcDbEntity
100
AcDbLine
8
EKP_PANEL_ANTEN
10
-2278.6486128823276
20
-33104.619031457456
30
8895.684487900146
11
-2278.6486128823276
21
-31972.64861288233
31
8895.684487900146
0
LINE
5
C350
330
BF15
100
AcDbEntity
100
AcDbLine
8
EKP_PANEL_ANTEN
10
-2278.6486128823276
20
-31972.64861288233
30
8895.684487900146
11
-3266.309002466409
21
-31972.64861288233
31
8895.684487900146
0
LINE
5
C351
330
BF15
100
AcDbEntity
100
AcDbLine
8
EKP_PANEL_ANTEN
10
-3266.309002466409
20
-31972.64861288233
30
8895.684487900146
11
-3266.309002466409
21
-33104.619031457456
31
8895.684487900146
0
LINE
5
C352
330
BF15
100
AcDbEntity
100
AcDbLine
8
EKP_PANEL_ANTEN
10
-3266.309002466409
20
-33104.619031457456
30
6087.526198824813
11
-3266.309002466409
21
-33104.619031457456
31
8895.684487900146
0
LINE
5
C353
330
BF15
100
AcDbEntity
100
AcDbLine
8
EKP_PANEL_ANTEN
10
-2278.6486128823276
20
-33104.619031457456
30
6087.526198824813
11
-2278.6486128823276
21
-33104.619031457456
31
8895.684487900146
0
LINE
5
C354
330
BF15
100
AcDbEntity
100
AcDbLine
8
EKP_PANEL_ANTEN
10
-2278.6486128823276
20
-31972.64861288233
30
6087.526198824813
11
-2278.6486128823276
21
-31972.64861288233
31
8895.684487900146
0
LINE
5
C355
330
BF15
100
AcDbEntity
100
AcDbLine
8
EKP_PANEL_ANTEN
10
-3266.309002466409
20
-31972.64861288233
30
6087.526198824813
11
-3266.309002466409
21
-31972.64861288233
31
8895.684487900146
0
TEXT
5
C368
330
BF15
100
AcDbEntity
100
AcDbText
8
EKP_PANEL_ANTEN
10
-2772.478807674368
20
-32538.633822169893
30
0
40
60
1
Spot Beam 30/30 Panel Anten Cati Tasiyicisi Asili Montaji (Alan 3 - Anten 2)
50
0
7
STANDARD
72
1
11
-2772.478807674368
21
-32538.633822169893
31
0
100
AcDbText
73
2
0
3DFACE
5
C369
330
BF15
100
AcDbEntity
100
AcDbFace
8
EKP_PANEL_ANTEN
10
-3266.309002466409
20
-32960.30900246641
30
6087.526198824811
11
-2278.6486128823276
21
-32960.30900246641
31
6087.526198824811
12
-2278.6486128823276
22
-31972.64861288233
32
6087.526198824811
13
-3266.309002466409
23
-31972.64861288233
33
6087.526198824811
0
3DFACE
5
C36A
330
BF15
100
AcDbEntity
100
AcDbFace
8
EKP_PANEL_ANTEN
10
-3266.309002466409
20
-32960.30900246641
30
6727.895531396037
11
-2278.6486128823276
21
-32960.30900246641
31
6727.895531396037
12
-2278.6486128823276
22
-31972.64861288233
32
6727.895531396037
13
-3266.309002466409
23
-31972.64861288233
33
6727.895531396037
0
3DFACE
5
C36B
330
BF15
100
AcDbEntity
100
AcDbFace
8
EKP_PANEL_ANTEN
10
-3266.309002466409
20
-32960.30900246641
30
6087.526198824811
11
-2278.6486128823276
21
-32960.30900246641
31
6087.526198824811
12
-2278.6486128823276
22
-32960.30900246641
32
6727.895531396037
13
-3266.309002466409
23
-32960.30900246641
33
6727.895531396037
0
3DFACE
5
C36C
330
BF15
100
AcDbEntity
100
AcDbFace
8
EKP_PANEL_ANTEN
10
-3266.309002466409
20
-31972.64861288233
30
6087.526198824811
11
-2278.6486128823276
21
-31972.64861288233
31
6087.526198824811
12
-2278.6486128823276
22
-31972.64861288233
32
6727.895531396037
13
-3266.309002466409
23
-31972.64861288233
33
6727.895531396037
0
3DFACE
5
C36D
330
BF15
100
AcDbEntity
100
AcDbFace
8
EKP_PANEL_ANTEN
10
-3266.309002466409
20
-32960.30900246641
30
6087.526198824811
11
-3266.309002466409
21
-31972.64861288233
31
6087.526198824811
12
-3266.309002466409
22
-31972.64861288233
32
6727.895531396037
13
-3266.309002466409
23
-32960.30900246641
33
6727.895531396037
0
3DFACE
5
C36E
330
BF15
100
AcDbEntity
100
AcDbFace
8
EKP_PANEL_ANTEN
10
-2278.6486128823276
20
-32960.30900246641
30
6087.526198824811
11
-2278.6486128823276
21
-31972.64861288233
31
6087.526198824811
12
-2278.6486128823276
22
-31972.64861288233
32
6727.895531396037
13
-2278.6486128823276
23
-32960.30900246641
33
6727.895531396037
0
LINE
5
C36F
330
BF15
100
AcDbEntity
100
AcDbLine
8
EKP_PANEL_ANTEN
10
-3266.309002466409
20
-32960.30900246641
30
6087.526198824811
11
-2278.6486128823276
21
-32960.30900246641
31
6087.526198824811
0
LINE
5
C370
330
BF15
100
AcDbEntity
100
AcDbLine
8
EKP_PANEL_ANTEN
10
-2278.6486128823276
20
-32960.30900246641
30
6087.526198824811
11
-2278.6486128823276
21
-31972.64861288233
31
6087.526198824811
0
LINE
5
C371
330
BF15
100
AcDbEntity
100
AcDbLine
8
EKP_PANEL_ANTEN
10
-2278.6486128823276
20
-31972.64861288233
30
6087.526198824811
11
-3266.309002466409
21
-31972.64861288233
31
6087.526198824811
0
LINE
5
C372
330
BF15
100
AcDbEntity
100
AcDbLine
8
EKP_PANEL_ANTEN
10
-3266.309002466409
20
-31972.64861288233
30
6087.526198824811
11
-3266.309002466409
21
-32960.30900246641
31
6087.526198824811
0
LINE
5
C373
330
BF15
100
AcDbEntity
100
AcDbLine
8
EKP_PANEL_ANTEN
10
-3266.309002466409
20
-32960.30900246641
30
6727.895531396037
11
-2278.6486128823276
21
-32960.30900246641
31
6727.895531396037
0
LINE
5
C374
330
BF15
100
AcDbEntity
100
AcDbLine
8
EKP_PANEL_ANTEN
10
-2278.6486128823276
20
-32960.30900246641
30
6727.895531396037
11
-2278.6486128823276
21
-31972.64861288233
31
6727.895531396037
0
LINE
5
C375
330
BF15
100
AcDbEntity
100
AcDbLine
8
EKP_PANEL_ANTEN
10
-2278.6486128823276
20
-31972.64861288233
30
6727.895531396037
11
-3266.309002466409
21
-31972.64861288233
31
6727.895531396037
0
LINE
5
C376
330
BF15
100
AcDbEntity
100
AcDbLine
8
EKP_PANEL_ANTEN
10
-3266.309002466409
20
-31972.64861288233
30
6727.895531396037
11
-3266.309002466409
21
-32960.30900246641
31
6727.895531396037
0
LINE
5
C377
330
BF15
100
AcDbEntity
100
AcDbLine
8
EKP_PANEL_ANTEN
10
-3266.309002466409
20
-32960.30900246641
30
6087.526198824811
11
-3266.309002466409
21
-32960.30900246641
31
6727.895531396037
0
LINE
5
C378
330
BF15
100
AcDbEntity
100
AcDbLine
8
EKP_PANEL_ANTEN
10
-2278.6486128823276
20
-32960.30900246641
30
6087.526198824811
11
-2278.6486128823276
21
-32960.30900246641
31
6727.895531396037
0
LINE
5
C379
330
BF15
100
AcDbEntity
100
AcDbLine
8
EKP_PANEL_ANTEN
10
-2278.6486128823276
20
-31972.64861288233
30
6087.526198824811
11
-2278.6486128823276
21
-31972.64861288233
31
6727.895531396037
0
LINE
5
C37A
330
BF15
100
AcDbEntity
100
AcDbLine
8
EKP_PANEL_ANTEN
10
-3266.309002466409
20
-31972.64861288233
30
6087.526198824811
11
-3266.309002466409
21
-31972.64861288233
31
6727.895531396037
0
TEXT
5
C38D
330
BF15
100
AcDbEntity
100
AcDbText
8
EKP_PANEL_ANTEN
10
-2772.478807674368
20
-32466.47880767437
30
0
40
60
1
Spot Beam 30/30 4-Port Panel Anten (DOY15X3030MD4TRE)
50
0
7
STANDARD
72
1
11
-2772.478807674368
21
-32466.47880767437
31
0
100
AcDbText
73
2
0
3DFACE
5
C30C
330
BF15
100
AcDbEntity
100
AcDbFace
8
EKP_ANTEN_TASIYICI_KOL
10
-2970.0108855911844
20
-32232.13827820754
30
6515.157856639879
11
-2574.9467297575516
21
-32232.13827820754
31
6515.157856639879
12
-2574.9467297575516
22
-32113.619031457452
32
6515.157856639879
13
-2970.0108855911844
23
-32113.619031457452
33
6515.157856639879
0
3DFACE
5
C30D
330
BF15
100
AcDbEntity
100
AcDbFace
8
EKP_ANTEN_TASIYICI_KOL
10
-2970.0108855911844
20
-32232.13827820754
30
8200.052830085078
11
-2574.9467297575516
21
-32232.13827820754
31
8200.052830085078
12
-2574.9467297575516
22
-32113.619031457452
32
8200.052830085078
13
-2970.0108855911844
23
-32113.619031457452
33
8200.052830085078
0
3DFACE
5
C30E
330
BF15
100
AcDbEntity
100
AcDbFace
8
EKP_ANTEN_TASIYICI_KOL
10
-2970.0108855911844
20
-32232.13827820754
30
6515.157856639879
11
-2574.9467297575516
21
-32232.13827820754
31
6515.157856639879
12
-2574.9467297575516
22
-32232.13827820754
32
8200.052830085078
13
-2970.0108855911844
23
-32232.13827820754
33
8200.052830085078
0
3DFACE
5
C30F
330
BF15
100
AcDbEntity
100
AcDbFace
8
EKP_ANTEN_TASIYICI_KOL
10
-2970.0108855911844
20
-32113.619031457452
30
6515.157856639879
11
-2574.9467297575516
21
-32113.619031457452
31
6515.157856639879
12
-2574.9467297575516
22
-32113.619031457452
32
8200.052830085078
13
-2970.0108855911844
23
-32113.619031457452
33
8200.052830085078
0
3DFACE
5
C310
330
BF15
100
AcDbEntity
100
AcDbFace
8
EKP_ANTEN_TASIYICI_KOL
10
-2970.0108855911844
20
-32232.13827820754
30
6515.157856639879
11
-2970.0108855911844
21
-32113.619031457452
31
6515.157856639879
12
-2970.0108855911844
22
-32113.619031457452
32
8200.052830085078
13
-2970.0108855911844
23
-32232.13827820754
33
8200.052830085078
0
3DFACE
5
C311
330
BF15
100
AcDbEntity
100
AcDbFace
8
EKP_ANTEN_TASIYICI_KOL
10
-2574.9467297575516
20
-32232.13827820754
30
6515.157856639879
11
-2574.9467297575516
21
-32113.619031457452
31
6515.157856639879
12
-2574.9467297575516
22
-32113.619031457452
32
8200.052830085078
13
-2574.9467297575516
23
-32232.13827820754
33
8200.052830085078
0
LINE
5
C312
330
BF15
100
AcDbEntity
100
AcDbLine
8
EKP_ANTEN_TASIYICI_KOL
10
-2970.0108855911844
20
-32232.13827820754
30
6515.157856639879
11
-2574.9467297575516
21
-32232.13827820754
31
6515.157856639879
0
LINE
5
C313
330
BF15
100
AcDbEntity
100
AcDbLine
8
EKP_ANTEN_TASIYICI_KOL
10
-2574.9467297575516
20
-32232.13827820754
30
6515.157856639879
11
-2574.9467297575516
21
-32113.619031457452
31
6515.157856639879
0
LINE
5
C314
330
BF15
100
AcDbEntity
100
AcDbLine
8
EKP_ANTEN_TASIYICI_KOL
10
-2574.9467297575516
20
-32113.619031457452
30
6515.157856639879
11
-2970.0108855911844
21
-32113.619031457452
31
6515.157856639879
0
LINE
5
C315
330
BF15
100
AcDbEntity
100
AcDbLine
8
EKP_ANTEN_TASIYICI_KOL
10
-2970.0108855911844
20
-32113.619031457452
30
6515.157856639879
11
-2970.0108855911844
21
-32232.13827820754
31
6515.157856639879
0
LINE
5
C316
330
BF15
100
AcDbEntity
100
AcDbLine
8
EKP_ANTEN_TASIYICI_KOL
10
-2970.0108855911844
20
-32232.13827820754
30
8200.052830085078
11
-2574.9467297575516
21
-32232.13827820754
31
8200.052830085078
0
LINE
5
C317
330
BF15
100
AcDbEntity
100
AcDbLine
8
EKP_ANTEN_TASIYICI_KOL
10
-2574.9467297575516
20
-32232.13827820754
30
8200.052830085078
11
-2574.9467297575516
21
-32113.619031457452
31
8200.052830085078
0
LINE
5
C318
330
BF15
100
AcDbEntity
100
AcDbLine
8
EKP_ANTEN_TASIYICI_KOL
10
-2574.9467297575516
20
-32113.619031457452
30
8200.052830085078
11
-2970.0108855911844
21
-32113.619031457452
31
8200.052830085078
0
LINE
5
C319
330
BF15
100
AcDbEntity
100
AcDbLine
8
EKP_ANTEN_TASIYICI_KOL
10
-2970.0108855911844
20
-32113.619031457452
30
8200.052830085078
11
-2970.0108855911844
21
-32232.13827820754
31
8200.052830085078
0
LINE
5
C31A
330
BF15
100
AcDbEntity
100
AcDbLine
8
EKP_ANTEN_TASIYICI_KOL
10
-2970.0108855911844
20
-32232.13827820754
30
6515.157856639879
11
-2970.0108855911844
21
-32232.13827820754
31
8200.052830085078
0
LINE
5
C31B
330
BF15
100
AcDbEntity
100
AcDbLine
8
EKP_ANTEN_TASIYICI_KOL
10
-2574.9467297575516
20
-32232.13827820754
30
6515.157856639879
11
-2574.9467297575516
21
-32232.13827820754
31
8200.052830085078
0
LINE
5
C31C
330
BF15
100
AcDbEntity
100
AcDbLine
8
EKP_ANTEN_TASIYICI_KOL
10
-2574.9467297575516
20
-32113.619031457452
30
6515.157856639879
11
-2574.9467297575516
21
-32113.619031457452
31
8200.052830085078
0
LINE
5
C31D
330
BF15
100
AcDbEntity
100
AcDbLine
8
EKP_ANTEN_TASIYICI_KOL
10
-2970.0108855911844
20
-32113.619031457452
30
6515.157856639879
11
-2970.0108855911844
21
-32113.619031457452
31
8200.052830085078
0
3DFACE
5
C331
330
BF15
100
AcDbEntity
100
AcDbFace
8
EKP_ANTEN_TASIYICI_KOL
10
-2970.0108855911844
20
-32087.8282492165
30
6081.6000653390565
11
-2574.9467297575516
21
-32087.8282492165
31
6081.6000653390565
12
-2574.9467297575516
22
-31969.309002466412
32
6081.6000653390565
13
-2970.0108855911844
23
-31969.309002466412
33
6081.6000653390565
0
3DFACE
5
C332
330
BF15
100
AcDbEntity
100
AcDbFace
8
EKP_ANTEN_TASIYICI_KOL
10
-2970.0108855911844
20
-32087.8282492165
30
6465.821664881791
11
-2574.9467297575516
21
-32087.8282492165
31
6465.821664881791
12
-2574.9467297575516
22
-31969.309002466412
32
6465.821664881791
13
-2970.0108855911844
23
-31969.309002466412
33
6465.821664881791
0
3DFACE
5
C333
330
BF15
100
AcDbEntity
100
AcDbFace
8
EKP_ANTEN_TASIYICI_KOL
10
-2970.0108855911844
20
-32087.8282492165
30
6081.6000653390565
11
-2574.9467297575516
21
-32087.8282492165
31
6081.6000653390565
12
-2574.9467297575516
22
-32087.8282492165
32
6465.821664881791
13
-2970.0108855911844
23
-32087.8282492165
33
6465.821664881791
0
3DFACE
5
C334
330
BF15
100
AcDbEntity
100
AcDbFace
8
EKP_ANTEN_TASIYICI_KOL
10
-2970.0108855911844
20
-31969.309002466412
30
6081.6000653390565
11
-2574.9467297575516
21
-31969.309002466412
31
6081.6000653390565
12
-2574.9467297575516
22
-31969.309002466412
32
6465.821664881791
13
-2970.0108855911844
23
-31969.309002466412
33
6465.821664881791
0
3DFACE
5
C335
330
BF15
100
AcDbEntity
100
AcDbFace
8
EKP_ANTEN_TASIYICI_KOL
10
-2970.0108855911844
20
-32087.8282492165
30
6081.6000653390565
11
-2970.0108855911844
21
-31969.309002466412
31
6081.6000653390565
12
-2970.0108855911844
22
-31969.309002466412
32
6465.821664881791
13
-2970.0108855911844
23
-32087.8282492165
33
6465.821664881791
0
3DFACE
5
C336
330
BF15
100
AcDbEntity
100
AcDbFace
8
EKP_ANTEN_TASIYICI_KOL
10
-2574.9467297575516
20
-32087.8282492165
30
6081.6000653390565
11
-2574.9467297575516
21
-31969.309002466412
31
6081.6000653390565
12
-2574.9467297575516
22
-31969.309002466412
32
6465.821664881791
13
-2574.9467297575516
23
-32087.8282492165
33
6465.821664881791
0
LINE
5
C337
330
BF15
100
AcDbEntity
100
AcDbLine
8
EKP_ANTEN_TASIYICI_KOL
10
-2970.0108855911844
20
-32087.8282492165
30
6081.6000653390565
11
-2574.9467297575516
21
-32087.8282492165
31
6081.6000653390565
0
LINE
5
C338
330
BF15
100
AcDbEntity
100
AcDbLine
8
EKP_ANTEN_TASIYICI_KOL
10
-2574.9467297575516
20
-32087.8282492165
30
6081.6000653390565
11
-2574.9467297575516
21
-31969.309002466412
31
6081.6000653390565
0
LINE
5
C339
330
BF15
100
AcDbEntity
100
AcDbLine
8
EKP_ANTEN_TASIYICI_KOL
10
-2574.9467297575516
20
-31969.309002466412
30
6081.6000653390565
11
-2970.0108855911844
21
-31969.309002466412
31
6081.6000653390565
0
LINE
5
C33A
330
BF15
100
AcDbEntity
100
AcDbLine
8
EKP_ANTEN_TASIYICI_KOL
10
-2970.0108855911844
20
-31969.309002466412
30
6081.6000653390565
11
-2970.0108855911844
21
-32087.8282492165
31
6081.6000653390565
0
LINE
5
C33B
330
BF15
100
AcDbEntity
100
AcDbLine
8
EKP_ANTEN_TASIYICI_KOL
10
-2970.0108855911844
20
-32087.8282492165
30
6465.821664881791
11
-2574.9467297575516
21
-32087.8282492165
31
6465.821664881791
0
LINE
5
C33C
330
BF15
100
AcDbEntity
100
AcDbLine
8
EKP_ANTEN_TASIYICI_KOL
10
-2574.9467297575516
20
-32087.8282492165
30
6465.821664881791
11
-2574.9467297575516
21
-31969.309002466412
31
6465.821664881791
0
LINE
5
C33D
330
BF15
100
AcDbEntity
100
AcDbLine
8
EKP_ANTEN_TASIYICI_KOL
10
-2574.9467297575516
20
-31969.309002466412
30
6465.821664881791
11
-2970.0108855911844
21
-31969.309002466412
31
6465.821664881791
0
LINE
5
C33E
330
BF15
100
AcDbEntity
100
AcDbLine
8
EKP_ANTEN_TASIYICI_KOL
10
-2970.0108855911844
20
-31969.309002466412
30
6465.821664881791
11
-2970.0108855911844
21
-32087.8282492165
31
6465.821664881791
0
LINE
5
C33F
330
BF15
100
AcDbEntity
100
AcDbLine
8
EKP_ANTEN_TASIYICI_KOL
10
-2970.0108855911844
20
-32087.8282492165
30
6081.6000653390565
11
-2970.0108855911844
21
-32087.8282492165
31
6465.821664881791
0
LINE
5
C340
330
BF15
100
AcDbEntity
100
AcDbLine
8
EKP_ANTEN_TASIYICI_KOL
10
-2574.9467297575516
20
-32087.8282492165
30
6081.6000653390565
11
-2574.9467297575516
21
-32087.8282492165
31
6465.821664881791
0
LINE
5
C341
330
BF15
100
AcDbEntity
100
AcDbLine
8
EKP_ANTEN_TASIYICI_KOL
10
-2574.9467297575516
20
-31969.309002466412
30
6081.6000653390565
11
-2574.9467297575516
21
-31969.309002466412
31
6465.821664881791
0
LINE
5
C342
330
BF15
100
AcDbEntity
100
AcDbLine
8
EKP_ANTEN_TASIYICI_KOL
10
-2970.0108855911844
20
-31969.309002466412
30
6081.6000653390565
11
-2970.0108855911844
21
-31969.309002466412
31
6465.821664881791
0
3DFACE
5
C356
330
BF15
100
AcDbEntity
100
AcDbFace
8
EKP_ANTEN_TASIYICI_KOL
10
-2970.0108855911844
20
-33223.138278207545
30
6649.157856639879
11
-2574.9467297575516
21
-33223.138278207545
31
6649.157856639879
12
-2574.9467297575516
22
-33104.619031457456
32
6649.157856639879
13
-2970.0108855911844
23
-33104.619031457456
33
6649.157856639879
0
3DFACE
5
C357
330
BF15
100
AcDbEntity
100
AcDbFace
8
EKP_ANTEN_TASIYICI_KOL
10
-2970.0108855911844
20
-33223.138278207545
30
8334.052830085078
11
-2574.9467297575516
21
-33223.138278207545
31
8334.052830085078
12
-2574.9467297575516
22
-33104.619031457456
32
8334.052830085078
13
-2970.0108855911844
23
-33104.619031457456
33
8334.052830085078
0
3DFACE
5
C358
330
BF15
100
AcDbEntity
100
AcDbFace
8
EKP_ANTEN_TASIYICI_KOL
10
-2970.0108855911844
20
-33223.138278207545
30
6649.157856639879
11
-2574.9467297575516
21
-33223.138278207545
31
6649.157856639879
12
-2574.9467297575516
22
-33223.138278207545
32
8334.052830085078
13
-2970.0108855911844
23
-33223.138278207545
33
8334.052830085078
0
3DFACE
5
C359
330
BF15
100
AcDbEntity
100
AcDbFace
8
EKP_ANTEN_TASIYICI_KOL
10
-2970.0108855911844
20
-33104.619031457456
30
6649.157856639879
11
-2574.9467297575516
21
-33104.619031457456
31
6649.157856639879
12
-2574.9467297575516
22
-33104.619031457456
32
8334.052830085078
13
-2970.0108855911844
23
-33104.619031457456
33
8334.052830085078
0
3DFACE
5
C35A
330
BF15
100
AcDbEntity
100
AcDbFace
8
EKP_ANTEN_TASIYICI_KOL
10
-2970.0108855911844
20
-33223.138278207545
30
6649.157856639879
11
-2970.0108855911844
21
-33104.619031457456
31
6649.157856639879
12
-2970.0108855911844
22
-33104.619031457456
32
8334.052830085078
13
-2970.0108855911844
23
-33223.138278207545
33
8334.052830085078
0
3DFACE
5
C35B
330
BF15
100
AcDbEntity
100
AcDbFace
8
EKP_ANTEN_TASIYICI_KOL
10
-2574.9467297575516
20
-33223.138278207545
30
6649.157856639879
11
-2574.9467297575516
21
-33104.619031457456
31
6649.157856639879
12
-2574.9467297575516
22
-33104.619031457456
32
8334.052830085078
13
-2574.9467297575516
23
-33223.138278207545
33
8334.052830085078
0
LINE
5
C35C
330
BF15
100
AcDbEntity
100
AcDbLine
8
EKP_ANTEN_TASIYICI_KOL
10
-2970.0108855911844
20
-33223.138278207545
30
6649.157856639879
11
-2574.9467297575516
21
-33223.138278207545
31
6649.157856639879
0
LINE
5
C35D
330
BF15
100
AcDbEntity
100
AcDbLine
8
EKP_ANTEN_TASIYICI_KOL
10
-2574.9467297575516
20
-33223.138278207545
30
6649.157856639879
11
-2574.9467297575516
21
-33104.619031457456
31
6649.157856639879
0
LINE
5
C35E
330
BF15
100
AcDbEntity
100
AcDbLine
8
EKP_ANTEN_TASIYICI_KOL
10
-2574.9467297575516
20
-33104.619031457456
30
6649.157856639879
11
-2970.0108855911844
21
-33104.619031457456
31
6649.157856639879
0
LINE
5
C35F
330
BF15
100
AcDbEntity
100
AcDbLine
8
EKP_ANTEN_TASIYICI_KOL
10
-2970.0108855911844
20
-33104.619031457456
30
6649.157856639879
11
-2970.0108855911844
21
-33223.138278207545
31
6649.157856639879
0
LINE
5
C360
330
BF15
100
AcDbEntity
100
AcDbLine
8
EKP_ANTEN_TASIYICI_KOL
10
-2970.0108855911844
20
-33223.138278207545
30
8334.052830085078
11
-2574.9467297575516
21
-33223.138278207545
31
8334.052830085078
0
LINE
5
C361
330
BF15
100
AcDbEntity
100
AcDbLine
8
EKP_ANTEN_TASIYICI_KOL
10
-2574.9467297575516
20
-33223.138278207545
30
8334.052830085078
11
-2574.9467297575516
21
-33104.619031457456
31
8334.052830085078
0
LINE
5
C362
330
BF15
100
AcDbEntity
100
AcDbLine
8
EKP_ANTEN_TASIYICI_KOL
10
-2574.9467297575516
20
-33104.619031457456
30
8334.052830085078
11
-2970.0108855911844
21
-33104.619031457456
31
8334.052830085078
0
LINE
5
C363
330
BF15
100
AcDbEntity
100
AcDbLine
8
EKP_ANTEN_TASIYICI_KOL
10
-2970.0108855911844
20
-33104.619031457456
30
8334.052830085078
11
-2970.0108855911844
21
-33223.138278207545
31
8334.052830085078
0
LINE
5
C364
330
BF15
100
AcDbEntity
100
AcDbLine
8
EKP_ANTEN_TASIYICI_KOL
10
-2970.0108855911844
20
-33223.138278207545
30
6649.157856639879
11
-2970.0108855911844
21
-33223.138278207545
31
8334.052830085078
0
LINE
5
C365
330
BF15
100
AcDbEntity
100
AcDbLine
8
EKP_ANTEN_TASIYICI_KOL
10
-2574.9467297575516
20
-33223.138278207545
30
6649.157856639879
11
-2574.9467297575516
21
-33223.138278207545
31
8334.052830085078
0
LINE
5
C366
330
BF15
100
AcDbEntity
100
AcDbLine
8
EKP_ANTEN_TASIYICI_KOL
10
-2574.9467297575516
20
-33104.619031457456
30
6649.157856639879
11
-2574.9467297575516
21
-33104.619031457456
31
8334.052830085078
0
LINE
5
C367
330
BF15
100
AcDbEntity
100
AcDbLine
8
EKP_ANTEN_TASIYICI_KOL
10
-2970.0108855911844
20
-33104.619031457456
30
6649.157856639879
11
-2970.0108855911844
21
-33104.619031457456
31
8334.052830085078
0
3DFACE
5
C37B
330
BF15
100
AcDbEntity
100
AcDbFace
8
EKP_ANTEN_TASIYICI_KOL
10
-2970.0108855911844
20
-33078.8282492165
30
6215.6000653390565
11
-2574.9467297575516
21
-33078.8282492165
31
6215.6000653390565
12
-2574.9467297575516
22
-32960.30900246641
32
6215.6000653390565
13
-2970.0108855911844
23
-32960.30900246641
33
6215.6000653390565
0
3DFACE
5
C37C
330
BF15
100
AcDbEntity
100
AcDbFace
8
EKP_ANTEN_TASIYICI_KOL
10
-2970.0108855911844
20
-33078.8282492165
30
6599.821664881792
11
-2574.9467297575516
21
-33078.8282492165
31
6599.821664881792
12
-2574.9467297575516
22
-32960.30900246641
32
6599.821664881792
13
-2970.0108855911844
23
-32960.30900246641
33
6599.821664881792
0
3DFACE
5
C37D
330
BF15
100
AcDbEntity
100
AcDbFace
8
EKP_ANTEN_TASIYICI_KOL
10
-2970.0108855911844
20
-33078.8282492165
30
6215.6000653390565
11
-2574.9467297575516
21
-33078.8282492165
31
6215.6000653390565
12
-2574.9467297575516
22
-33078.8282492165
32
6599.821664881792
13
-2970.0108855911844
23
-33078.8282492165
33
6599.821664881792
0
3DFACE
5
C37E
330
BF15
100
AcDbEntity
100
AcDbFace
8
EKP_ANTEN_TASIYICI_KOL
10
-2970.0108855911844
20
-32960.30900246641
30
6215.6000653390565
11
-2574.9467297575516
21
-32960.30900246641
31
6215.6000653390565
12
-2574.9467297575516
22
-32960.30900246641
32
6599.821664881792
13
-2970.0108855911844
23
-32960.30900246641
33
6599.821664881792
0
3DFACE
5
C37F
330
BF15
100
AcDbEntity
100
AcDbFace
8
EKP_ANTEN_TASIYICI_KOL
10
-2970.0108855911844
20
-33078.8282492165
30
6215.6000653390565
11
-2970.0108855911844
21
-32960.30900246641
31
6215.6000653390565
12
-2970.0108855911844
22
-32960.30900246641
32
6599.821664881792
13
-2970.0108855911844
23
-33078.8282492165
33
6599.821664881792
0
3DFACE
5
C380
330
BF15
100
AcDbEntity
100
AcDbFace
8
EKP_ANTEN_TASIYICI_KOL
10
-2574.9467297575516
20
-33078.8282492165
30
6215.6000653390565
11
-2574.9467297575516
21
-32960.30900246641
31
6215.6000653390565
12
-2574.9467297575516
22
-32960.30900246641
32
6599.821664881792
13
-2574.9467297575516
23
-33078.8282492165
33
6599.821664881792
0
LINE
5
C381
330
BF15
100
AcDbEntity
100
AcDbLine
8
EKP_ANTEN_TASIYICI_KOL
10
-2970.0108855911844
20
-33078.8282492165
30
6215.6000653390565
11
-2574.9467297575516
21
-33078.8282492165
31
6215.6000653390565
0
LINE
5
C382
330
BF15
100
AcDbEntity
100
AcDbLine
8
EKP_ANTEN_TASIYICI_KOL
10
-2574.9467297575516
20
-33078.8282492165
30
6215.6000653390565
11
-2574.9467297575516
21
-32960.30900246641
31
6215.6000653390565
0
LINE
5
C383
330
BF15
100
AcDbEntity
100
AcDbLine
8
EKP_ANTEN_TASIYICI_KOL
10
-2574.9467297575516
20
-32960.30900246641
30
6215.6000653390565
11
-2970.0108855911844
21
-32960.30900246641
31
6215.6000653390565
0
LINE
5
C384
330
BF15
100
AcDbEntity
100
AcDbLine
8
EKP_ANTEN_TASIYICI_KOL
10
-2970.0108855911844
20
-32960.30900246641
30
6215.6000653390565
11
-2970.0108855911844
21
-33078.8282492165
31
6215.6000653390565
0
LINE
5
C385
330
BF15
100
AcDbEntity
100
AcDbLine
8
EKP_ANTEN_TASIYICI_KOL
10
-2970.0108855911844
20
-33078.8282492165
30
6599.821664881792
11
-2574.9467297575516
21
-33078.8282492165
31
6599.821664881792
0
LINE
5
C386
330
BF15
100
AcDbEntity
100
AcDbLine
8
EKP_ANTEN_TASIYICI_KOL
10
-2574.9467297575516
20
-33078.8282492165
30
6599.821664881792
11
-2574.9467297575516
21
-32960.30900246641
31
6599.821664881792
0
LINE
5
C387
330
BF15
100
AcDbEntity
100
AcDbLine
8
EKP_ANTEN_TASIYICI_KOL
10
-2574.9467297575516
20
-32960.30900246641
30
6599.821664881792
11
-2970.0108855911844
21
-32960.30900246641
31
6599.821664881792
0
LINE
5
C388
330
BF15
100
AcDbEntity
100
AcDbLine
8
EKP_ANTEN_TASIYICI_KOL
10
-2970.0108855911844
20
-32960.30900246641
30
6599.821664881792
11
-2970.0108855911844
21
-33078.8282492165
31
6599.821664881792
0
LINE
5
C389
330
BF15
100
AcDbEntity
100
AcDbLine
8
EKP_ANTEN_TASIYICI_KOL
10
-2970.0108855911844
20
-33078.8282492165
30
6215.6000653390565
11
-2970.0108855911844
21
-33078.8282492165
31
6599.821664881792
0
LINE
5
C38A
330
BF15
100
AcDbEntity
100
AcDbLine
8
EKP_ANTEN_TASIYICI_KOL
10
-2574.9467297575516
20
-33078.8282492165
30
6215.6000653390565
11
-2574.9467297575516
21
-33078.8282492165
31
6599.821664881792
0
LINE
5
C38B
330
BF15
100
AcDbEntity
100
AcDbLine
8
EKP_ANTEN_TASIYICI_KOL
10
-2574.9467297575516
20
-32960.30900246641
30
6215.6000653390565
11
-2574.9467297575516
21
-32960.30900246641
31
6599.821664881792
0
LINE
5
C38C
330
BF15
100
AcDbEntity
100
AcDbLine
8
EKP_ANTEN_TASIYICI_KOL
10
-2970.0108855911844
20
-32960.30900246641
30
6215.6000653390565
11
-2970.0108855911844
21
-32960.30900246641
31
6599.821664881792
0
ENDSEC
0
SECTION
2
OBJECTS
0
DICTIONARY
5
BF03
330
0
100
AcDbDictionary
281
1
3
ACAD_GROUP
350
BF19
0
DICTIONARY
5
BF19
330
BF03
100
AcDbDictionary
281
1
0
ENDSEC
0
EOF