0
SECTION
2
HEADER
9
$HANDSEED
5
D806
9
$INSUNITS
70
4
9
$ACADVER
1
AC1021
9
$DWGCODEPAGE
3
UTF-8
0
ENDSEC
0
SECTION
2
CLASSES
0
ENDSEC
0
SECTION
2
TABLES
0
TABLE
2
LTYPE
5
D804
330
0
100
AcDbSymbolTable
70
5
0
LTYPE
5
CFE2
330
D804
100
AcDbSymbolTableRecord
100
AcDbLinetypeTableRecord
2
CONTINUOUS
3
______
70
0
72
65
73
0
40
0
0
LTYPE
5
CFE3
330
D804
100
AcDbSymbolTableRecord
100
AcDbLinetypeTableRecord
2
DASHED
3
_ _ _ 
70
0
72
65
73
2
40
10
49
5
74
0
49
-5
74
0
0
LTYPE
5
CFE4
330
D804
100
AcDbSymbolTableRecord
100
AcDbLinetypeTableRecord
2
DOTTED
3
. . . 
70
0
72
65
73
2
40
5
49
0
74
0
49
-5
74
0
0
LTYPE
5
CFE6
330
D804
100
AcDbSymbolTableRecord
100
AcDbLinetypeTableRecord
2
ByBlock
3

70
0
72
65
73
0
40
0
0
LTYPE
5
CFE7
330
D804
100
AcDbSymbolTableRecord
100
AcDbLinetypeTableRecord
2
ByLayer
3

70
0
72
65
73
0
40
0
0
ENDTAB
0
TABLE
2
LAYER
5
D805
330
0
100
AcDbSymbolTable
70
21
0
LAYER
5
CFE5
330
D805
100
AcDbSymbolTableRecord
100
AcDbLayerTableRecord
2
0
62
7
70
0
6
CONTINUOUS
390
1
0
LAYER
5
CFF8
330
D805
100
AcDbSymbolTableRecord
100
AcDbLayerTableRecord
2
ZEMIN_PLATFORM
62
8
70
0
6
CONTINUOUS
390
1
0
LAYER
5
CFF9
330
D805
100
AcDbSymbolTableRecord
100
AcDbLayerTableRecord
2
KORKULUK_KAPI
62
4
70
0
6
CONTINUOUS
390
1
0
LAYER
5
CFFA
330
D805
100
AcDbSymbolTableRecord
100
AcDbLayerTableRecord
2
CELIK_KIRIS_KOLON
62
9
70
0
6
CONTINUOUS
390
1
0
LAYER
5
CFFB
330
D805
100
AcDbSymbolTableRecord
100
AcDbLayerTableRecord
2
MONTAJ_BORULARI
62
2
70
0
6
CONTINUOUS
390
1
0
LAYER
5
CFFC
330
D805
100
AcDbSymbolTableRecord
100
AcDbLayerTableRecord
2
KABLO_TAVALARI
62
6
70
0
6
CONTINUOUS
390
1
0
LAYER
5
CFFD
330
D805
100
AcDbSymbolTableRecord
100
AcDbLayerTableRecord
2
YURUYUS_KORIDORU
62
3
70
0
6
DASHED
390
1
0
LAYER
5
CFFE
330
D805
100
AcDbSymbolTableRecord
100
AcDbLayerTableRecord
2
OLCULER
62
1
70
0
6
CONTINUOUS
390
1
0
LAYER
5
CFFF
330
D805
100
AcDbSymbolTableRecord
100
AcDbLayerTableRecord
2
METIN_BILGI
62
7
70
0
6
CONTINUOUS
390
1
0
LAYER
5
D000
330
D805
100
AcDbSymbolTableRecord
100
AcDbLayerTableRecord
2
EKP_TURKCELL_RRU
62
5
70
0
6
CONTINUOUS
390
1
0
LAYER
5
D001
330
D805
100
AcDbSymbolTableRecord
100
AcDbLayerTableRecord
2
EKP_VODAFONE_RRU
62
1
70
0
6
CONTINUOUS
390
1
0
LAYER
5
D002
330
D805
100
AcDbSymbolTableRecord
100
AcDbLayerTableRecord
2
EKP_TURK_TELEKOM_RRU
62
4
70
0
6
CONTINUOUS
390
1
0
LAYER
5
D003
330
D805
100
AcDbSymbolTableRecord
100
AcDbLayerTableRecord
2
EKP_POI_TASIYICI_SASE
62
30
70
0
6
CONTINUOUS
390
1
0
LAYER
5
D004
330
D805
100
AcDbSymbolTableRecord
100
AcDbLayerTableRecord
2
EKP_POI_MODULLERI
62
40
70
0
6
CONTINUOUS
390
1
0
LAYER
5
D005
330
D805
100
AcDbSymbolTableRecord
100
AcDbLayerTableRecord
2
EKP_RECTIFIER_ELTEK_20U
62
3
70
0
6
CONTINUOUS
390
1
0
LAYER
5
D006
330
D805
100
AcDbSymbolTableRecord
100
AcDbLayerTableRecord
2
EKP_RECTIFIER_MTS9304A
62
94
70
0
6
CONTINUOUS
390
1
0
LAYER
5
D007
330
D805
100
AcDbSymbolTableRecord
100
AcDbLayerTableRecord
2
BLOK_OZEL_PLATFORM
62
140
70
0
6
CONTINUOUS
390
1
0
LAYER
5
D008
330
D805
100
AcDbSymbolTableRecord
100
AcDbLayerTableRecord
2
EKP_MATSING_ANTEN
62
2
70
0
6
CONTINUOUS
390
1
0
LAYER
5
D009
330
D805
100
AcDbSymbolTableRecord
100
AcDbLayerTableRecord
2
EKP_PANEL_ANTEN
62
6
70
0
6
CONTINUOUS
390
1
0
LAYER
5
D00A
330
D805
100
AcDbSymbolTableRecord
100
AcDbLayerTableRecord
2
EKP_ANTEN_TASIYICI_KOL
62
141
70
0
6
CONTINUOUS
390
1
0
LAYER
5
D00B
330
D805
100
AcDbSymbolTableRecord
100
AcDbLayerTableRecord
2
EKP_DIGER_EKIPMANLAR
62
7
70
0
6
CONTINUOUS
390
1
0
ENDTAB
0
TABLE
2
VPORT
5
CFE8
330
0
100
AcDbSymbolTable
70
1
0
VPORT
5
CFEE
330
CFE8
100
AcDbSymbolTableRecord
100
AcDbViewportTableRecord
2
*ACTIVE
40
1000
70
0
0
ENDTAB
0
TABLE
2
STYLE
5
CFE9
330
0
100
AcDbSymbolTable
70
3
0
STYLE
5
CFEF
330
CFE9
100
AcDbSymbolTableRecord
100
AcDbTextStyleTableRecord
2
standard
70
0
40
0
41
1
50
0
71
0
42
1
3
calibrib.ttf
4

1001
ACAD
1000
Calibri
1071
33554466
0
STYLE
5
CFF0
330
CFE9
100
AcDbSymbolTableRecord
100
AcDbTextStyleTableRecord
2
STANDARD
70
0
40
0
41
1
50
0
71
0
42
1
3
calibrib.ttf
4

1001
ACAD
1000
Calibri
1071
33554466
0
STYLE
5
CFF1
330
CFE9
100
AcDbSymbolTableRecord
100
AcDbTextStyleTableRecord
2
CALIBRI_BOLD
70
0
40
0
41
1
50
0
71
0
42
1
3
calibrib.ttf
4

1001
ACAD
1000
Calibri
1071
33554466
0
ENDTAB
0
TABLE
2
VIEW
5
CFEA
330
0
100
AcDbSymbolTable
70
0
0
ENDTAB
0
TABLE
2
UCS
5
CFEB
330
0
100
AcDbSymbolTable
70
0
0
ENDTAB
0
TABLE
2
APPID
5
CFEC
330
0
100
AcDbSymbolTable
70
1
0
APPID
5
CFF2
330
CFEC
100
AcDbSymbolTableRecord
100
AcDbRegAppTableRecord
2
ACAD
70
0
0
ENDTAB
0
TABLE
2
DIMSTYLE
5
CFED
330
0
100
AcDbSymbolTable
100
AcDbDimStyleTable
70
0
71
1
0
ENDTAB
0
TABLE
2
BLOCK_RECORD
5
D801
330
0
100
AcDbSymbolTable
70
2
0
BLOCK_RECORD
5
D802
330
D801
100
AcDbSymbolTableRecord
100
AcDbBlockTableRecord
2
*Model_Space
70
0
280
0
281
1
0
BLOCK_RECORD
5
D803
330
D801
100
AcDbSymbolTableRecord
100
AcDbBlockTableRecord
2
*Paper_Space
70
0
280
0
281
1
0
ENDTAB
0
ENDSEC
0
SECTION
2
BLOCKS
0
BLOCK
5
CFF3
330
0
100
AcDbEntity
100
AcDbBlockBegin
2
*Model_Space
70
0
10
0
20
0
30
0
3
*Model_Space
1

0
ENDBLK
5
CFF4
330
0
100
AcDbEntity
100
AcDbBlockEnd
0
BLOCK
5
CFF5
330
0
100
AcDbEntity
100
AcDbBlockBegin
2
*Paper_Space
70
0
10
0
20
0
30
0
3
*Paper_Space
1

0
ENDBLK
5
CFF6
330
0
100
AcDbEntity
100
AcDbBlockEnd
0
ENDSEC
0
SECTION
2
ENTITIES
0
3DFACE
5
D01E
330
CFF3
100
AcDbEntity
100
AcDbFace
8
MONTAJ_BORULARI
10
-775
20
-540
30
0
11
-776.9030116872178
21
-530.4329141908728
31
0
12
-776.9030116872178
22
-530.4329141908728
32
1850
13
-775
23
-540
33
1850
0
LINE
5
D01F
330
CFF3
100
AcDbEntity
100
AcDbLine
8
MONTAJ_BORULARI
10
-775
20
-540
30
0
11
-776.9030116872178
21
-530.4329141908728
31
0
0
LINE
5
D020
330
CFF3
100
AcDbEntity
100
AcDbLine
8
MONTAJ_BORULARI
10
-775
20
-540
30
1850
11
-776.9030116872178
21
-530.4329141908728
31
1850
0
LINE
5
D021
330
CFF3
100
AcDbEntity
100
AcDbLine
8
MONTAJ_BORULARI
10
-775
20
-540
30
0
11
-775
21
-540
31
1850
0
3DFACE
5
D022
330
CFF3
100
AcDbEntity
100
AcDbFace
8
MONTAJ_BORULARI
10
-776.9030116872178
20
-530.4329141908728
30
0
11
-782.3223304703363
21
-522.3223304703363
31
0
12
-782.3223304703363
22
-522.3223304703363
32
1850
13
-776.9030116872178
23
-530.4329141908728
33
1850
0
LINE
5
D023
330
CFF3
100
AcDbEntity
100
AcDbLine
8
MONTAJ_BORULARI
10
-776.9030116872178
20
-530.4329141908728
30
0
11
-782.3223304703363
21
-522.3223304703363
31
0
0
LINE
5
D024
330
CFF3
100
AcDbEntity
100
AcDbLine
8
MONTAJ_BORULARI
10
-776.9030116872178
20
-530.4329141908728
30
1850
11
-782.3223304703363
21
-522.3223304703363
31
1850
0
3DFACE
5
D025
330
CFF3
100
AcDbEntity
100
AcDbFace
8
MONTAJ_BORULARI
10
-782.3223304703363
20
-522.3223304703363
30
0
11
-790.4329141908728
21
-516.9030116872178
31
0
12
-790.4329141908728
22
-516.9030116872178
32
1850
13
-782.3223304703363
23
-522.3223304703363
33
1850
0
LINE
5
D026
330
CFF3
100
AcDbEntity
100
AcDbLine
8
MONTAJ_BORULARI
10
-782.3223304703363
20
-522.3223304703363
30
0
11
-790.4329141908728
21
-516.9030116872178
31
0
0
LINE
5
D027
330
CFF3
100
AcDbEntity
100
AcDbLine
8
MONTAJ_BORULARI
10
-782.3223304703363
20
-522.3223304703363
30
1850
11
-790.4329141908728
21
-516.9030116872178
31
1850
0
3DFACE
5
D028
330
CFF3
100
AcDbEntity
100
AcDbFace
8
MONTAJ_BORULARI
10
-790.4329141908728
20
-516.9030116872178
30
0
11
-800
21
-515
31
0
12
-800
22
-515
32
1850
13
-790.4329141908728
23
-516.9030116872178
33
1850
0
LINE
5
D029
330
CFF3
100
AcDbEntity
100
AcDbLine
8
MONTAJ_BORULARI
10
-790.4329141908728
20
-516.9030116872178
30
0
11
-800
21
-515
31
0
0
LINE
5
D02A
330
CFF3
100
AcDbEntity
100
AcDbLine
8
MONTAJ_BORULARI
10
-790.4329141908728
20
-516.9030116872178
30
1850
11
-800
21
-515
31
1850
0
3DFACE
5
D02B
330
CFF3
100
AcDbEntity
100
AcDbFace
8
MONTAJ_BORULARI
10
-800
20
-515
30
0
11
-809.5670858091272
21
-516.9030116872178
31
0
12
-809.5670858091272
22
-516.9030116872178
32
1850
13
-800
23
-515
33
1850
0
LINE
5
D02C
330
CFF3
100
AcDbEntity
100
AcDbLine
8
MONTAJ_BORULARI
10
-800
20
-515
30
0
11
-809.5670858091272
21
-516.9030116872178
31
0
0
LINE
5
D02D
330
CFF3
100
AcDbEntity
100
AcDbLine
8
MONTAJ_BORULARI
10
-800
20
-515
30
1850
11
-809.5670858091272
21
-516.9030116872178
31
1850
0
LINE
5
D02E
330
CFF3
100
AcDbEntity
100
AcDbLine
8
MONTAJ_BORULARI
10
-800
20
-515
30
0
11
-800
21
-515
31
1850
0
3DFACE
5
D02F
330
CFF3
100
AcDbEntity
100
AcDbFace
8
MONTAJ_BORULARI
10
-809.5670858091272
20
-516.9030116872178
30
0
11
-817.6776695296637
21
-522.3223304703363
31
0
12
-817.6776695296637
22
-522.3223304703363
32
1850
13
-809.5670858091272
23
-516.9030116872178
33
1850
0
LINE
5
D030
330
CFF3
100
AcDbEntity
100
AcDbLine
8
MONTAJ_BORULARI
10
-809.5670858091272
20
-516.9030116872178
30
0
11
-817.6776695296637
21
-522.3223304703363
31
0
0
LINE
5
D031
330
CFF3
100
AcDbEntity
100
AcDbLine
8
MONTAJ_BORULARI
10
-809.5670858091272
20
-516.9030116872178
30
1850
11
-817.6776695296637
21
-522.3223304703363
31
1850
0
3DFACE
5
D032
330
CFF3
100
AcDbEntity
100
AcDbFace
8
MONTAJ_BORULARI
10
-817.6776695296637
20
-522.3223304703363
30
0
11
-823.0969883127822
21
-530.4329141908728
31
0
12
-823.0969883127822
22
-530.4329141908728
32
1850
13
-817.6776695296637
23
-522.3223304703363
33
1850
0
LINE
5
D033
330
CFF3
100
AcDbEntity
100
AcDbLine
8
MONTAJ_BORULARI
10
-817.6776695296637
20
-522.3223304703363
30
0
11
-823.0969883127822
21
-530.4329141908728
31
0
0
LINE
5
D034
330
CFF3
100
AcDbEntity
100
AcDbLine
8
MONTAJ_BORULARI
10
-817.6776695296637
20
-522.3223304703363
30
1850
11
-823.0969883127822
21
-530.4329141908728
31
1850
0
3DFACE
5
D035
330
CFF3
100
AcDbEntity
100
AcDbFace
8
MONTAJ_BORULARI
10
-823.0969883127822
20
-530.4329141908728
30
0
11
-825
21
-540
31
0
12
-825
22
-540
32
1850
13
-823.0969883127822
23
-530.4329141908728
33
1850
0
LINE
5
D036
330
CFF3
100
AcDbEntity
100
AcDbLine
8
MONTAJ_BORULARI
10
-823.0969883127822
20
-530.4329141908728
30
0
11
-825
21
-540
31
0
0
LINE
5
D037
330
CFF3
100
AcDbEntity
100
AcDbLine
8
MONTAJ_BORULARI
10
-823.0969883127822
20
-530.4329141908728
30
1850
11
-825
21
-540
31
1850
0
3DFACE
5
D038
330
CFF3
100
AcDbEntity
100
AcDbFace
8
MONTAJ_BORULARI
10
-825
20
-540
30
0
11
-823.0969883127822
21
-549.5670858091272
31
0
12
-823.0969883127822
22
-549.5670858091272
32
1850
13
-825
23
-540
33
1850
0
LINE
5
D039
330
CFF3
100
AcDbEntity
100
AcDbLine
8
MONTAJ_BORULARI
10
-825
20
-540
30
0
11
-823.0969883127822
21
-549.5670858091272
31
0
0
LINE
5
D03A
330
CFF3
100
AcDbEntity
100
AcDbLine
8
MONTAJ_BORULARI
10
-825
20
-540
30
1850
11
-823.0969883127822
21
-549.5670858091272
31
1850
0
LINE
5
D03B
330
CFF3
100
AcDbEntity
100
AcDbLine
8
MONTAJ_BORULARI
10
-825
20
-540
30
0
11
-825
21
-540
31
1850
0
3DFACE
5
D03C
330
CFF3
100
AcDbEntity
100
AcDbFace
8
MONTAJ_BORULARI
10
-823.0969883127822
20
-549.5670858091272
30
0
11
-817.6776695296637
21
-557.6776695296637
31
0
12
-817.6776695296637
22
-557.6776695296637
32
1850
13
-823.0969883127822
23
-549.5670858091272
33
1850
0
LINE
5
D03D
330
CFF3
100
AcDbEntity
100
AcDbLine
8
MONTAJ_BORULARI
10
-823.0969883127822
20
-549.5670858091272
30
0
11
-817.6776695296637
21
-557.6776695296637
31
0
0
LINE
5
D03E
330
CFF3
100
AcDbEntity
100
AcDbLine
8
MONTAJ_BORULARI
10
-823.0969883127822
20
-549.5670858091272
30
1850
11
-817.6776695296637
21
-557.6776695296637
31
1850
0
3DFACE
5
D03F
330
CFF3
100
AcDbEntity
100
AcDbFace
8
MONTAJ_BORULARI
10
-817.6776695296637
20
-557.6776695296637
30
0
11
-809.5670858091272
21
-563.0969883127822
31
0
12
-809.5670858091272
22
-563.0969883127822
32
1850
13
-817.6776695296637
23
-557.6776695296637
33
1850
0
LINE
5
D040
330
CFF3
100
AcDbEntity
100
AcDbLine
8
MONTAJ_BORULARI
10
-817.6776695296637
20
-557.6776695296637
30
0
11
-809.5670858091272
21
-563.0969883127822
31
0
0
LINE
5
D041
330
CFF3
100
AcDbEntity
100
AcDbLine
8
MONTAJ_BORULARI
10
-817.6776695296637
20
-557.6776695296637
30
1850
11
-809.5670858091272
21
-563.0969883127822
31
1850
0
3DFACE
5
D042
330
CFF3
100
AcDbEntity
100
AcDbFace
8
MONTAJ_BORULARI
10
-809.5670858091272
20
-563.0969883127822
30
0
11
-800
21
-565
31
0
12
-800
22
-565
32
1850
13
-809.5670858091272
23
-563.0969883127822
33
1850
0
LINE
5
D043
330
CFF3
100
AcDbEntity
100
AcDbLine
8
MONTAJ_BORULARI
10
-809.5670858091272
20
-563.0969883127822
30
0
11
-800
21
-565
31
0
0
LINE
5
D044
330
CFF3
100
AcDbEntity
100
AcDbLine
8
MONTAJ_BORULARI
10
-809.5670858091272
20
-563.0969883127822
30
1850
11
-800
21
-565
31
1850
0
3DFACE
5
D045
330
CFF3
100
AcDbEntity
100
AcDbFace
8
MONTAJ_BORULARI
10
-800
20
-565
30
0
11
-790.4329141908728
21
-563.0969883127822
31
0
12
-790.4329141908728
22
-563.0969883127822
32
1850
13
-800
23
-565
33
1850
0
LINE
5
D046
330
CFF3
100
AcDbEntity
100
AcDbLine
8
MONTAJ_BORULARI
10
-800
20
-565
30
0
11
-790.4329141908728
21
-563.0969883127822
31
0
0
LINE
5
D047
330
CFF3
100
AcDbEntity
100
AcDbLine
8
MONTAJ_BORULARI
10
-800
20
-565
30
1850
11
-790.4329141908728
21
-563.0969883127822
31
1850
0
LINE
5
D048
330
CFF3
100
AcDbEntity
100
AcDbLine
8
MONTAJ_BORULARI
10
-800
20
-565
30
0
11
-800
21
-565
31
1850
0
3DFACE
5
D049
330
CFF3
100
AcDbEntity
100
AcDbFace
8
MONTAJ_BORULARI
10
-790.4329141908728
20
-563.0969883127822
30
0
11
-782.3223304703363
21
-557.6776695296637
31
0
12
-782.3223304703363
22
-557.6776695296637
32
1850
13
-790.4329141908728
23
-563.0969883127822
33
1850
0
LINE
5
D04A
330
CFF3
100
AcDbEntity
100
AcDbLine
8
MONTAJ_BORULARI
10
-790.4329141908728
20
-563.0969883127822
30
0
11
-782.3223304703363
21
-557.6776695296637
31
0
0
LINE
5
D04B
330
CFF3
100
AcDbEntity
100
AcDbLine
8
MONTAJ_BORULARI
10
-790.4329141908728
20
-563.0969883127822
30
1850
11
-782.3223304703363
21
-557.6776695296637
31
1850
0
3DFACE
5
D04C
330
CFF3
100
AcDbEntity
100
AcDbFace
8
MONTAJ_BORULARI
10
-782.3223304703363
20
-557.6776695296637
30
0
11
-776.9030116872178
21
-549.5670858091272
31
0
12
-776.9030116872178
22
-549.5670858091272
32
1850
13
-782.3223304703363
23
-557.6776695296637
33
1850
0
LINE
5
D04D
330
CFF3
100
AcDbEntity
100
AcDbLine
8
MONTAJ_BORULARI
10
-782.3223304703363
20
-557.6776695296637
30
0
11
-776.9030116872178
21
-549.5670858091272
31
0
0
LINE
5
D04E
330
CFF3
100
AcDbEntity
100
AcDbLine
8
MONTAJ_BORULARI
10
-782.3223304703363
20
-557.6776695296637
30
1850
11
-776.9030116872178
21
-549.5670858091272
31
1850
0
3DFACE
5
D04F
330
CFF3
100
AcDbEntity
100
AcDbFace
8
MONTAJ_BORULARI
10
-776.9030116872178
20
-549.5670858091272
30
0
11
-775
21
-540
31
0
12
-775
22
-540
32
1850
13
-776.9030116872178
23
-549.5670858091272
33
1850
0
LINE
5
D050
330
CFF3
100
AcDbEntity
100
AcDbLine
8
MONTAJ_BORULARI
10
-776.9030116872178
20
-549.5670858091272
30
0
11
-775
21
-540
31
0
0
LINE
5
D051
330
CFF3
100
AcDbEntity
100
AcDbLine
8
MONTAJ_BORULARI
10
-776.9030116872178
20
-549.5670858091272
30
1850
11
-775
21
-540
31
1850
0
3DFACE
5
D052
330
CFF3
100
AcDbEntity
100
AcDbFace
8
MONTAJ_BORULARI
10
-775
20
-540
30
0
11
-776.9030116872178
21
-530.4329141908728
31
0
12
-782.3223304703363
22
-522.3223304703363
32
0
13
-782.3223304703363
23
-522.3223304703363
33
0
0
3DFACE
5
D053
330
CFF3
100
AcDbEntity
100
AcDbFace
8
MONTAJ_BORULARI
10
-775
20
-540
30
1850
11
-776.9030116872178
21
-530.4329141908728
31
1850
12
-782.3223304703363
22
-522.3223304703363
32
1850
13
-782.3223304703363
23
-522.3223304703363
33
1850
0
3DFACE
5
D054
330
CFF3
100
AcDbEntity
100
AcDbFace
8
MONTAJ_BORULARI
10
-775
20
-540
30
0
11
-782.3223304703363
21
-522.3223304703363
31
0
12
-790.4329141908728
22
-516.9030116872178
32
0
13
-790.4329141908728
23
-516.9030116872178
33
0
0
3DFACE
5
D055
330
CFF3
100
AcDbEntity
100
AcDbFace
8
MONTAJ_BORULARI
10
-775
20
-540
30
1850
11
-782.3223304703363
21
-522.3223304703363
31
1850
12
-790.4329141908728
22
-516.9030116872178
32
1850
13
-790.4329141908728
23
-516.9030116872178
33
1850
0
3DFACE
5
D056
330
CFF3
100
AcDbEntity
100
AcDbFace
8
MONTAJ_BORULARI
10
-775
20
-540
30
0
11
-790.4329141908728
21
-516.9030116872178
31
0
12
-800
22
-515
32
0
13
-800
23
-515
33
0
0
3DFACE
5
D057
330
CFF3
100
AcDbEntity
100
AcDbFace
8
MONTAJ_BORULARI
10
-775
20
-540
30
1850
11
-790.4329141908728
21
-516.9030116872178
31
1850
12
-800
22
-515
32
1850
13
-800
23
-515
33
1850
0
3DFACE
5
D058
330
CFF3
100
AcDbEntity
100
AcDbFace
8
MONTAJ_BORULARI
10
-775
20
-540
30
0
11
-800
21
-515
31
0
12
-809.5670858091272
22
-516.9030116872178
32
0
13
-809.5670858091272
23
-516.9030116872178
33
0
0
3DFACE
5
D059
330
CFF3
100
AcDbEntity
100
AcDbFace
8
MONTAJ_BORULARI
10
-775
20
-540
30
1850
11
-800
21
-515
31
1850
12
-809.5670858091272
22
-516.9030116872178
32
1850
13
-809.5670858091272
23
-516.9030116872178
33
1850
0
3DFACE
5
D05A
330
CFF3
100
AcDbEntity
100
AcDbFace
8
MONTAJ_BORULARI
10
-775
20
-540
30
0
11
-809.5670858091272
21
-516.9030116872178
31
0
12
-817.6776695296637
22
-522.3223304703363
32
0
13
-817.6776695296637
23
-522.3223304703363
33
0
0
3DFACE
5
D05B
330
CFF3
100
AcDbEntity
100
AcDbFace
8
MONTAJ_BORULARI
10
-775
20
-540
30
1850
11
-809.5670858091272
21
-516.9030116872178
31
1850
12
-817.6776695296637
22
-522.3223304703363
32
1850
13
-817.6776695296637
23
-522.3223304703363
33
1850
0
3DFACE
5
D05C
330
CFF3
100
AcDbEntity
100
AcDbFace
8
MONTAJ_BORULARI
10
-775
20
-540
30
0
11
-817.6776695296637
21
-522.3223304703363
31
0
12
-823.0969883127822
22
-530.4329141908728
32
0
13
-823.0969883127822
23
-530.4329141908728
33
0
0
3DFACE
5
D05D
330
CFF3
100
AcDbEntity
100
AcDbFace
8
MONTAJ_BORULARI
10
-775
20
-540
30
1850
11
-817.6776695296637
21
-522.3223304703363
31
1850
12
-823.0969883127822
22
-530.4329141908728
32
1850
13
-823.0969883127822
23
-530.4329141908728
33
1850
0
3DFACE
5
D05E
330
CFF3
100
AcDbEntity
100
AcDbFace
8
MONTAJ_BORULARI
10
-775
20
-540
30
0
11
-823.0969883127822
21
-530.4329141908728
31
0
12
-825
22
-540
32
0
13
-825
23
-540
33
0
0
3DFACE
5
D05F
330
CFF3
100
AcDbEntity
100
AcDbFace
8
MONTAJ_BORULARI
10
-775
20
-540
30
1850
11
-823.0969883127822
21
-530.4329141908728
31
1850
12
-825
22
-540
32
1850
13
-825
23
-540
33
1850
0
3DFACE
5
D060
330
CFF3
100
AcDbEntity
100
AcDbFace
8
MONTAJ_BORULARI
10
-775
20
-540
30
0
11
-825
21
-540
31
0
12
-823.0969883127822
22
-549.5670858091272
32
0
13
-823.0969883127822
23
-549.5670858091272
33
0
0
3DFACE
5
D061
330
CFF3
100
AcDbEntity
100
AcDbFace
8
MONTAJ_BORULARI
10
-775
20
-540
30
1850
11
-825
21
-540
31
1850
12
-823.0969883127822
22
-549.5670858091272
32
1850
13
-823.0969883127822
23
-549.5670858091272
33
1850
0
3DFACE
5
D062
330
CFF3
100
AcDbEntity
100
AcDbFace
8
MONTAJ_BORULARI
10
-775
20
-540
30
0
11
-823.0969883127822
21
-549.5670858091272
31
0
12
-817.6776695296637
22
-557.6776695296637
32
0
13
-817.6776695296637
23
-557.6776695296637
33
0
0
3DFACE
5
D063
330
CFF3
100
AcDbEntity
100
AcDbFace
8
MONTAJ_BORULARI
10
-775
20
-540
30
1850
11
-823.0969883127822
21
-549.5670858091272
31
1850
12
-817.6776695296637
22
-557.6776695296637
32
1850
13
-817.6776695296637
23
-557.6776695296637
33
1850
0
3DFACE
5
D064
330
CFF3
100
AcDbEntity
100
AcDbFace
8
MONTAJ_BORULARI
10
-775
20
-540
30
0
11
-817.6776695296637
21
-557.6776695296637
31
0
12
-809.5670858091272
22
-563.0969883127822
32
0
13
-809.5670858091272
23
-563.0969883127822
33
0
0
3DFACE
5
D065
330
CFF3
100
AcDbEntity
100
AcDbFace
8
MONTAJ_BORULARI
10
-775
20
-540
30
1850
11
-817.6776695296637
21
-557.6776695296637
31
1850
12
-809.5670858091272
22
-563.0969883127822
32
1850
13
-809.5670858091272
23
-563.0969883127822
33
1850
0
3DFACE
5
D066
330
CFF3
100
AcDbEntity
100
AcDbFace
8
MONTAJ_BORULARI
10
-775
20
-540
30
0
11
-809.5670858091272
21
-563.0969883127822
31
0
12
-800
22
-565
32
0
13
-800
23
-565
33
0
0
3DFACE
5
D067
330
CFF3
100
AcDbEntity
100
AcDbFace
8
MONTAJ_BORULARI
10
-775
20
-540
30
1850
11
-809.5670858091272
21
-563.0969883127822
31
1850
12
-800
22
-565
32
1850
13
-800
23
-565
33
1850
0
3DFACE
5
D068
330
CFF3
100
AcDbEntity
100
AcDbFace
8
MONTAJ_BORULARI
10
-775
20
-540
30
0
11
-800
21
-565
31
0
12
-790.4329141908728
22
-563.0969883127822
32
0
13
-790.4329141908728
23
-563.0969883127822
33
0
0
3DFACE
5
D069
330
CFF3
100
AcDbEntity
100
AcDbFace
8
MONTAJ_BORULARI
10
-775
20
-540
30
1850
11
-800
21
-565
31
1850
12
-790.4329141908728
22
-563.0969883127822
32
1850
13
-790.4329141908728
23
-563.0969883127822
33
1850
0
3DFACE
5
D06A
330
CFF3
100
AcDbEntity
100
AcDbFace
8
MONTAJ_BORULARI
10
-775
20
-540
30
0
11
-790.4329141908728
21
-563.0969883127822
31
0
12
-782.3223304703363
22
-557.6776695296637
32
0
13
-782.3223304703363
23
-557.6776695296637
33
0
0
3DFACE
5
D06B
330
CFF3
100
AcDbEntity
100
AcDbFace
8
MONTAJ_BORULARI
10
-775
20
-540
30
1850
11
-790.4329141908728
21
-563.0969883127822
31
1850
12
-782.3223304703363
22
-557.6776695296637
32
1850
13
-782.3223304703363
23
-557.6776695296637
33
1850
0
3DFACE
5
D06C
330
CFF3
100
AcDbEntity
100
AcDbFace
8
MONTAJ_BORULARI
10
-775
20
-540
30
0
11
-782.3223304703363
21
-557.6776695296637
31
0
12
-776.9030116872178
22
-549.5670858091272
32
0
13
-776.9030116872178
23
-549.5670858091272
33
0
0
3DFACE
5
D06D
330
CFF3
100
AcDbEntity
100
AcDbFace
8
MONTAJ_BORULARI
10
-775
20
-540
30
1850
11
-782.3223304703363
21
-557.6776695296637
31
1850
12
-776.9030116872178
22
-549.5670858091272
32
1850
13
-776.9030116872178
23
-549.5670858091272
33
1850
0
3DFACE
5
D06E
330
CFF3
100
AcDbEntity
100
AcDbFace
8
MONTAJ_BORULARI
10
-880
20
-620
30
0
11
-720
21
-620
31
0
12
-720
22
-460
32
0
13
-880
23
-460
33
0
0
3DFACE
5
D06F
330
CFF3
100
AcDbEntity
100
AcDbFace
8
MONTAJ_BORULARI
10
-880
20
-620
30
15
11
-720
21
-620
31
15
12
-720
22
-460
32
15
13
-880
23
-460
33
15
0
3DFACE
5
D070
330
CFF3
100
AcDbEntity
100
AcDbFace
8
MONTAJ_BORULARI
10
-880
20
-620
30
0
11
-720
21
-620
31
0
12
-720
22
-620
32
15
13
-880
23
-620
33
15
0
3DFACE
5
D071
330
CFF3
100
AcDbEntity
100
AcDbFace
8
MONTAJ_BORULARI
10
-880
20
-460
30
0
11
-720
21
-460
31
0
12
-720
22
-460
32
15
13
-880
23
-460
33
15
0
3DFACE
5
D072
330
CFF3
100
AcDbEntity
100
AcDbFace
8
MONTAJ_BORULARI
10
-880
20
-620
30
0
11
-880
21
-460
31
0
12
-880
22
-460
32
15
13
-880
23
-620
33
15
0
3DFACE
5
D073
330
CFF3
100
AcDbEntity
100
AcDbFace
8
MONTAJ_BORULARI
10
-720
20
-620
30
0
11
-720
21
-460
31
0
12
-720
22
-460
32
15
13
-720
23
-620
33
15
0
LINE
5
D074
330
CFF3
100
AcDbEntity
100
AcDbLine
8
MONTAJ_BORULARI
10
-880
20
-620
30
0
11
-720
21
-620
31
0
0
LINE
5
D075
330
CFF3
100
AcDbEntity
100
AcDbLine
8
MONTAJ_BORULARI
10
-720
20
-620
30
0
11
-720
21
-460
31
0
0
LINE
5
D076
330
CFF3
100
AcDbEntity
100
AcDbLine
8
MONTAJ_BORULARI
10
-720
20
-460
30
0
11
-880
21
-460
31
0
0
LINE
5
D077
330
CFF3
100
AcDbEntity
100
AcDbLine
8
MONTAJ_BORULARI
10
-880
20
-460
30
0
11
-880
21
-620
31
0
0
LINE
5
D078
330
CFF3
100
AcDbEntity
100
AcDbLine
8
MONTAJ_BORULARI
10
-880
20
-620
30
15
11
-720
21
-620
31
15
0
LINE
5
D079
330
CFF3
100
AcDbEntity
100
AcDbLine
8
MONTAJ_BORULARI
10
-720
20
-620
30
15
11
-720
21
-460
31
15
0
LINE
5
D07A
330
CFF3
100
AcDbEntity
100
AcDbLine
8
MONTAJ_BORULARI
10
-720
20
-460
30
15
11
-880
21
-460
31
15
0
LINE
5
D07B
330
CFF3
100
AcDbEntity
100
AcDbLine
8
MONTAJ_BORULARI
10
-880
20
-460
30
15
11
-880
21
-620
31
15
0
LINE
5
D07C
330
CFF3
100
AcDbEntity
100
AcDbLine
8
MONTAJ_BORULARI
10
-880
20
-620
30
0
11
-880
21
-620
31
15
0
LINE
5
D07D
330
CFF3
100
AcDbEntity
100
AcDbLine
8
MONTAJ_BORULARI
10
-720
20
-620
30
0
11
-720
21
-620
31
15
0
LINE
5
D07E
330
CFF3
100
AcDbEntity
100
AcDbLine
8
MONTAJ_BORULARI
10
-720
20
-460
30
0
11
-720
21
-460
31
15
0
LINE
5
D07F
330
CFF3
100
AcDbEntity
100
AcDbLine
8
MONTAJ_BORULARI
10
-880
20
-460
30
0
11
-880
21
-460
31
15
0
3DFACE
5
D080
330
CFF3
100
AcDbEntity
100
AcDbFace
8
MONTAJ_BORULARI
10
-775
20
-360
30
0
11
-776.9030116872178
21
-350.43291419087274
31
0
12
-776.9030116872178
22
-350.43291419087274
32
1850
13
-775
23
-360
33
1850
0
LINE
5
D081
330
CFF3
100
AcDbEntity
100
AcDbLine
8
MONTAJ_BORULARI
10
-775
20
-360
30
0
11
-776.9030116872178
21
-350.43291419087274
31
0
0
LINE
5
D082
330
CFF3
100
AcDbEntity
100
AcDbLine
8
MONTAJ_BORULARI
10
-775
20
-360
30
1850
11
-776.9030116872178
21
-350.43291419087274
31
1850
0
LINE
5
D083
330
CFF3
100
AcDbEntity
100
AcDbLine
8
MONTAJ_BORULARI
10
-775
20
-360
30
0
11
-775
21
-360
31
1850
0
3DFACE
5
D084
330
CFF3
100
AcDbEntity
100
AcDbFace
8
MONTAJ_BORULARI
10
-776.9030116872178
20
-350.43291419087274
30
0
11
-782.3223304703363
21
-342.32233047033634
31
0
12
-782.3223304703363
22
-342.32233047033634
32
1850
13
-776.9030116872178
23
-350.43291419087274
33
1850
0
LINE
5
D085
330
CFF3
100
AcDbEntity
100
AcDbLine
8
MONTAJ_BORULARI
10
-776.9030116872178
20
-350.43291419087274
30
0
11
-782.3223304703363
21
-342.32233047033634
31
0
0
LINE
5
D086
330
CFF3
100
AcDbEntity
100
AcDbLine
8
MONTAJ_BORULARI
10
-776.9030116872178
20
-350.43291419087274
30
1850
11
-782.3223304703363
21
-342.32233047033634
31
1850
0
3DFACE
5
D087
330
CFF3
100
AcDbEntity
100
AcDbFace
8
MONTAJ_BORULARI
10
-782.3223304703363
20
-342.32233047033634
30
0
11
-790.4329141908728
21
-336.9030116872178
31
0
12
-790.4329141908728
22
-336.9030116872178
32
1850
13
-782.3223304703363
23
-342.32233047033634
33
1850
0
LINE
5
D088
330
CFF3
100
AcDbEntity
100
AcDbLine
8
MONTAJ_BORULARI
10
-782.3223304703363
20
-342.32233047033634
30
0
11
-790.4329141908728
21
-336.9030116872178
31
0
0
LINE
5
D089
330
CFF3
100
AcDbEntity
100
AcDbLine
8
MONTAJ_BORULARI
10
-782.3223304703363
20
-342.32233047033634
30
1850
11
-790.4329141908728
21
-336.9030116872178
31
1850
0
3DFACE
5
D08A
330
CFF3
100
AcDbEntity
100
AcDbFace
8
MONTAJ_BORULARI
10
-790.4329141908728
20
-336.9030116872178
30
0
11
-800
21
-335
31
0
12
-800
22
-335
32
1850
13
-790.4329141908728
23
-336.9030116872178
33
1850
0
LINE
5
D08B
330
CFF3
100
AcDbEntity
100
AcDbLine
8
MONTAJ_BORULARI
10
-790.4329141908728
20
-336.9030116872178
30
0
11
-800
21
-335
31
0
0
LINE
5
D08C
330
CFF3
100
AcDbEntity
100
AcDbLine
8
MONTAJ_BORULARI
10
-790.4329141908728
20
-336.9030116872178
30
1850
11
-800
21
-335
31
1850
0
3DFACE
5
D08D
330
CFF3
100
AcDbEntity
100
AcDbFace
8
MONTAJ_BORULARI
10
-800
20
-335
30
0
11
-809.5670858091272
21
-336.9030116872178
31
0
12
-809.5670858091272
22
-336.9030116872178
32
1850
13
-800
23
-335
33
1850
0
LINE
5
D08E
330
CFF3
100
AcDbEntity
100
AcDbLine
8
MONTAJ_BORULARI
10
-800
20
-335
30
0
11
-809.5670858091272
21
-336.9030116872178
31
0
0
LINE
5
D08F
330
CFF3
100
AcDbEntity
100
AcDbLine
8
MONTAJ_BORULARI
10
-800
20
-335
30
1850
11
-809.5670858091272
21
-336.9030116872178
31
1850
0
LINE
5
D090
330
CFF3
100
AcDbEntity
100
AcDbLine
8
MONTAJ_BORULARI
10
-800
20
-335
30
0
11
-800
21
-335
31
1850
0
3DFACE
5
D091
330
CFF3
100
AcDbEntity
100
AcDbFace
8
MONTAJ_BORULARI
10
-809.5670858091272
20
-336.9030116872178
30
0
11
-817.6776695296637
21
-342.3223304703363
31
0
12
-817.6776695296637
22
-342.3223304703363
32
1850
13
-809.5670858091272
23
-336.9030116872178
33
1850
0
LINE
5
D092
330
CFF3
100
AcDbEntity
100
AcDbLine
8
MONTAJ_BORULARI
10
-809.5670858091272
20
-336.9030116872178
30
0
11
-817.6776695296637
21
-342.3223304703363
31
0
0
LINE
5
D093
330
CFF3
100
AcDbEntity
100
AcDbLine
8
MONTAJ_BORULARI
10
-809.5670858091272
20
-336.9030116872178
30
1850
11
-817.6776695296637
21
-342.3223304703363
31
1850
0
3DFACE
5
D094
330
CFF3
100
AcDbEntity
100
AcDbFace
8
MONTAJ_BORULARI
10
-817.6776695296637
20
-342.3223304703363
30
0
11
-823.0969883127822
21
-350.43291419087274
31
0
12
-823.0969883127822
22
-350.43291419087274
32
1850
13
-817.6776695296637
23
-342.3223304703363
33
1850
0
LINE
5
D095
330
CFF3
100
AcDbEntity
100
AcDbLine
8
MONTAJ_BORULARI
10
-817.6776695296637
20
-342.3223304703363
30
0
11
-823.0969883127822
21
-350.43291419087274
31
0
0
LINE
5
D096
330
CFF3
100
AcDbEntity
100
AcDbLine
8
MONTAJ_BORULARI
10
-817.6776695296637
20
-342.3223304703363
30
1850
11
-823.0969883127822
21
-350.43291419087274
31
1850
0
3DFACE
5
D097
330
CFF3
100
AcDbEntity
100
AcDbFace
8
MONTAJ_BORULARI
10
-823.0969883127822
20
-350.43291419087274
30
0
11
-825
21
-360
31
0
12
-825
22
-360
32
1850
13
-823.0969883127822
23
-350.43291419087274
33
1850
0
LINE
5
D098
330
CFF3
100
AcDbEntity
100
AcDbLine
8
MONTAJ_BORULARI
10
-823.0969883127822
20
-350.43291419087274
30
0
11
-825
21
-360
31
0
0
LINE
5
D099
330
CFF3
100
AcDbEntity
100
AcDbLine
8
MONTAJ_BORULARI
10
-823.0969883127822
20
-350.43291419087274
30
1850
11
-825
21
-360
31
1850
0
3DFACE
5
D09A
330
CFF3
100
AcDbEntity
100
AcDbFace
8
MONTAJ_BORULARI
10
-825
20
-360
30
0
11
-823.0969883127822
21
-369.56708580912726
31
0
12
-823.0969883127822
22
-369.56708580912726
32
1850
13
-825
23
-360
33
1850
0
LINE
5
D09B
330
CFF3
100
AcDbEntity
100
AcDbLine
8
MONTAJ_BORULARI
10
-825
20
-360
30
0
11
-823.0969883127822
21
-369.56708580912726
31
0
0
LINE
5
D09C
330
CFF3
100
AcDbEntity
100
AcDbLine
8
MONTAJ_BORULARI
10
-825
20
-360
30
1850
11
-823.0969883127822
21
-369.56708580912726
31
1850
0
LINE
5
D09D
330
CFF3
100
AcDbEntity
100
AcDbLine
8
MONTAJ_BORULARI
10
-825
20
-360
30
0
11
-825
21
-360
31
1850
0
3DFACE
5
D09E
330
CFF3
100
AcDbEntity
100
AcDbFace
8
MONTAJ_BORULARI
10
-823.0969883127822
20
-369.56708580912726
30
0
11
-817.6776695296637
21
-377.67766952966366
31
0
12
-817.6776695296637
22
-377.67766952966366
32
1850
13
-823.0969883127822
23
-369.56708580912726
33
1850
0
LINE
5
D09F
330
CFF3
100
AcDbEntity
100
AcDbLine
8
MONTAJ_BORULARI
10
-823.0969883127822
20
-369.56708580912726
30
0
11
-817.6776695296637
21
-377.67766952966366
31
0
0
LINE
5
D0A0
330
CFF3
100
AcDbEntity
100
AcDbLine
8
MONTAJ_BORULARI
10
-823.0969883127822
20
-369.56708580912726
30
1850
11
-817.6776695296637
21
-377.67766952966366
31
1850
0
3DFACE
5
D0A1
330
CFF3
100
AcDbEntity
100
AcDbFace
8
MONTAJ_BORULARI
10
-817.6776695296637
20
-377.67766952966366
30
0
11
-809.5670858091272
21
-383.0969883127822
31
0
12
-809.5670858091272
22
-383.0969883127822
32
1850
13
-817.6776695296637
23
-377.67766952966366
33
1850
0
LINE
5
D0A2
330
CFF3
100
AcDbEntity
100
AcDbLine
8
MONTAJ_BORULARI
10
-817.6776695296637
20
-377.67766952966366
30
0
11
-809.5670858091272
21
-383.0969883127822
31
0
0
LINE
5
D0A3
330
CFF3
100
AcDbEntity
100
AcDbLine
8
MONTAJ_BORULARI
10
-817.6776695296637
20
-377.67766952966366
30
1850
11
-809.5670858091272
21
-383.0969883127822
31
1850
0
3DFACE
5
D0A4
330
CFF3
100
AcDbEntity
100
AcDbFace
8
MONTAJ_BORULARI
10
-809.5670858091272
20
-383.0969883127822
30
0
11
-800
21
-385
31
0
12
-800
22
-385
32
1850
13
-809.5670858091272
23
-383.0969883127822
33
1850
0
LINE
5
D0A5
330
CFF3
100
AcDbEntity
100
AcDbLine
8
MONTAJ_BORULARI
10
-809.5670858091272
20
-383.0969883127822
30
0
11
-800
21
-385
31
0
0
LINE
5
D0A6
330
CFF3
100
AcDbEntity
100
AcDbLine
8
MONTAJ_BORULARI
10
-809.5670858091272
20
-383.0969883127822
30
1850
11
-800
21
-385
31
1850
0
3DFACE
5
D0A7
330
CFF3
100
AcDbEntity
100
AcDbFace
8
MONTAJ_BORULARI
10
-800
20
-385
30
0
11
-790.4329141908728
21
-383.0969883127822
31
0
12
-790.4329141908728
22
-383.0969883127822
32
1850
13
-800
23
-385
33
1850
0
LINE
5
D0A8
330
CFF3
100
AcDbEntity
100
AcDbLine
8
MONTAJ_BORULARI
10
-800
20
-385
30
0
11
-790.4329141908728
21
-383.0969883127822
31
0
0
LINE
5
D0A9
330
CFF3
100
AcDbEntity
100
AcDbLine
8
MONTAJ_BORULARI
10
-800
20
-385
30
1850
11
-790.4329141908728
21
-383.0969883127822
31
1850
0
LINE
5
D0AA
330
CFF3
100
AcDbEntity
100
AcDbLine
8
MONTAJ_BORULARI
10
-800
20
-385
30
0
11
-800
21
-385
31
1850
0
3DFACE
5
D0AB
330
CFF3
100
AcDbEntity
100
AcDbFace
8
MONTAJ_BORULARI
10
-790.4329141908728
20
-383.0969883127822
30
0
11
-782.3223304703363
21
-377.6776695296637
31
0
12
-782.3223304703363
22
-377.6776695296637
32
1850
13
-790.4329141908728
23
-383.0969883127822
33
1850
0
LINE
5
D0AC
330
CFF3
100
AcDbEntity
100
AcDbLine
8
MONTAJ_BORULARI
10
-790.4329141908728
20
-383.0969883127822
30
0
11
-782.3223304703363
21
-377.6776695296637
31
0
0
LINE
5
D0AD
330
CFF3
100
AcDbEntity
100
AcDbLine
8
MONTAJ_BORULARI
10
-790.4329141908728
20
-383.0969883127822
30
1850
11
-782.3223304703363
21
-377.6776695296637
31
1850
0
3DFACE
5
D0AE
330
CFF3
100
AcDbEntity
100
AcDbFace
8
MONTAJ_BORULARI
10
-782.3223304703363
20
-377.6776695296637
30
0
11
-776.9030116872178
21
-369.56708580912726
31
0
12
-776.9030116872178
22
-369.56708580912726
32
1850
13
-782.3223304703363
23
-377.6776695296637
33
1850
0
LINE
5
D0AF
330
CFF3
100
AcDbEntity
100
AcDbLine
8
MONTAJ_BORULARI
10
-782.3223304703363
20
-377.6776695296637
30
0
11
-776.9030116872178
21
-369.56708580912726
31
0
0
LINE
5
D0B0
330
CFF3
100
AcDbEntity
100
AcDbLine
8
MONTAJ_BORULARI
10
-782.3223304703363
20
-377.6776695296637
30
1850
11
-776.9030116872178
21
-369.56708580912726
31
1850
0
3DFACE
5
D0B1
330
CFF3
100
AcDbEntity
100
AcDbFace
8
MONTAJ_BORULARI
10
-776.9030116872178
20
-369.56708580912726
30
0
11
-775
21
-360
31
0
12
-775
22
-360
32
1850
13
-776.9030116872178
23
-369.56708580912726
33
1850
0
LINE
5
D0B2
330
CFF3
100
AcDbEntity
100
AcDbLine
8
MONTAJ_BORULARI
10
-776.9030116872178
20
-369.56708580912726
30
0
11
-775
21
-360
31
0
0
LINE
5
D0B3
330
CFF3
100
AcDbEntity
100
AcDbLine
8
MONTAJ_BORULARI
10
-776.9030116872178
20
-369.56708580912726
30
1850
11
-775
21
-360
31
1850
0
3DFACE
5
D0B4
330
CFF3
100
AcDbEntity
100
AcDbFace
8
MONTAJ_BORULARI
10
-775
20
-360
30
0
11
-776.9030116872178
21
-350.43291419087274
31
0
12
-782.3223304703363
22
-342.32233047033634
32
0
13
-782.3223304703363
23
-342.32233047033634
33
0
0
3DFACE
5
D0B5
330
CFF3
100
AcDbEntity
100
AcDbFace
8
MONTAJ_BORULARI
10
-775
20
-360
30
1850
11
-776.9030116872178
21
-350.43291419087274
31
1850
12
-782.3223304703363
22
-342.32233047033634
32
1850
13
-782.3223304703363
23
-342.32233047033634
33
1850
0
3DFACE
5
D0B6
330
CFF3
100
AcDbEntity
100
AcDbFace
8
MONTAJ_BORULARI
10
-775
20
-360
30
0
11
-782.3223304703363
21
-342.32233047033634
31
0
12
-790.4329141908728
22
-336.9030116872178
32
0
13
-790.4329141908728
23
-336.9030116872178
33
0
0
3DFACE
5
D0B7
330
CFF3
100
AcDbEntity
100
AcDbFace
8
MONTAJ_BORULARI
10
-775
20
-360
30
1850
11
-782.3223304703363
21
-342.32233047033634
31
1850
12
-790.4329141908728
22
-336.9030116872178
32
1850
13
-790.4329141908728
23
-336.9030116872178
33
1850
0
3DFACE
5
D0B8
330
CFF3
100
AcDbEntity
100
AcDbFace
8
MONTAJ_BORULARI
10
-775
20
-360
30
0
11
-790.4329141908728
21
-336.9030116872178
31
0
12
-800
22
-335
32
0
13
-800
23
-335
33
0
0
3DFACE
5
D0B9
330
CFF3
100
AcDbEntity
100
AcDbFace
8
MONTAJ_BORULARI
10
-775
20
-360
30
1850
11
-790.4329141908728
21
-336.9030116872178
31
1850
12
-800
22
-335
32
1850
13
-800
23
-335
33
1850
0
3DFACE
5
D0BA
330
CFF3
100
AcDbEntity
100
AcDbFace
8
MONTAJ_BORULARI
10
-775
20
-360
30
0
11
-800
21
-335
31
0
12
-809.5670858091272
22
-336.9030116872178
32
0
13
-809.5670858091272
23
-336.9030116872178
33
0
0
3DFACE
5
D0BB
330
CFF3
100
AcDbEntity
100
AcDbFace
8
MONTAJ_BORULARI
10
-775
20
-360
30
1850
11
-800
21
-335
31
1850
12
-809.5670858091272
22
-336.9030116872178
32
1850
13
-809.5670858091272
23
-336.9030116872178
33
1850
0
3DFACE
5
D0BC
330
CFF3
100
AcDbEntity
100
AcDbFace
8
MONTAJ_BORULARI
10
-775
20
-360
30
0
11
-809.5670858091272
21
-336.9030116872178
31
0
12
-817.6776695296637
22
-342.3223304703363
32
0
13
-817.6776695296637
23
-342.3223304703363
33
0
0
3DFACE
5
D0BD
330
CFF3
100
AcDbEntity
100
AcDbFace
8
MONTAJ_BORULARI
10
-775
20
-360
30
1850
11
-809.5670858091272
21
-336.9030116872178
31
1850
12
-817.6776695296637
22
-342.3223304703363
32
1850
13
-817.6776695296637
23
-342.3223304703363
33
1850
0
3DFACE
5
D0BE
330
CFF3
100
AcDbEntity
100
AcDbFace
8
MONTAJ_BORULARI
10
-775
20
-360
30
0
11
-817.6776695296637
21
-342.3223304703363
31
0
12
-823.0969883127822
22
-350.43291419087274
32
0
13
-823.0969883127822
23
-350.43291419087274
33
0
0
3DFACE
5
D0BF
330
CFF3
100
AcDbEntity
100
AcDbFace
8
MONTAJ_BORULARI
10
-775
20
-360
30
1850
11
-817.6776695296637
21
-342.3223304703363
31
1850
12
-823.0969883127822
22
-350.43291419087274
32
1850
13
-823.0969883127822
23
-350.43291419087274
33
1850
0
3DFACE
5
D0C0
330
CFF3
100
AcDbEntity
100
AcDbFace
8
MONTAJ_BORULARI
10
-775
20
-360
30
0
11
-823.0969883127822
21
-350.43291419087274
31
0
12
-825
22
-360
32
0
13
-825
23
-360
33
0
0
3DFACE
5
D0C1
330
CFF3
100
AcDbEntity
100
AcDbFace
8
MONTAJ_BORULARI
10
-775
20
-360
30
1850
11
-823.0969883127822
21
-350.43291419087274
31
1850
12
-825
22
-360
32
1850
13
-825
23
-360
33
1850
0
3DFACE
5
D0C2
330
CFF3
100
AcDbEntity
100
AcDbFace
8
MONTAJ_BORULARI
10
-775
20
-360
30
0
11
-825
21
-360
31
0
12
-823.0969883127822
22
-369.56708580912726
32
0
13
-823.0969883127822
23
-369.56708580912726
33
0
0
3DFACE
5
D0C3
330
CFF3
100
AcDbEntity
100
AcDbFace
8
MONTAJ_BORULARI
10
-775
20
-360
30
1850
11
-825
21
-360
31
1850
12
-823.0969883127822
22
-369.56708580912726
32
1850
13
-823.0969883127822
23
-369.56708580912726
33
1850
0
3DFACE
5
D0C4
330
CFF3
100
AcDbEntity
100
AcDbFace
8
MONTAJ_BORULARI
10
-775
20
-360
30
0
11
-823.0969883127822
21
-369.56708580912726
31
0
12
-817.6776695296637
22
-377.67766952966366
32
0
13
-817.6776695296637
23
-377.67766952966366
33
0
0
3DFACE
5
D0C5
330
CFF3
100
AcDbEntity
100
AcDbFace
8
MONTAJ_BORULARI
10
-775
20
-360
30
1850
11
-823.0969883127822
21
-369.56708580912726
31
1850
12
-817.6776695296637
22
-377.67766952966366
32
1850
13
-817.6776695296637
23
-377.67766952966366
33
1850
0
3DFACE
5
D0C6
330
CFF3
100
AcDbEntity
100
AcDbFace
8
MONTAJ_BORULARI
10
-775
20
-360
30
0
11
-817.6776695296637
21
-377.67766952966366
31
0
12
-809.5670858091272
22
-383.0969883127822
32
0
13
-809.5670858091272
23
-383.0969883127822
33
0
0
3DFACE
5
D0C7
330
CFF3
100
AcDbEntity
100
AcDbFace
8
MONTAJ_BORULARI
10
-775
20
-360
30
1850
11
-817.6776695296637
21
-377.67766952966366
31
1850
12
-809.5670858091272
22
-383.0969883127822
32
1850
13
-809.5670858091272
23
-383.0969883127822
33
1850
0
3DFACE
5
D0C8
330
CFF3
100
AcDbEntity
100
AcDbFace
8
MONTAJ_BORULARI
10
-775
20
-360
30
0
11
-809.5670858091272
21
-383.0969883127822
31
0
12
-800
22
-385
32
0
13
-800
23
-385
33
0
0
3DFACE
5
D0C9
330
CFF3
100
AcDbEntity
100
AcDbFace
8
MONTAJ_BORULARI
10
-775
20
-360
30
1850
11
-809.5670858091272
21
-383.0969883127822
31
1850
12
-800
22
-385
32
1850
13
-800
23
-385
33
1850
0
3DFACE
5
D0CA
330
CFF3
100
AcDbEntity
100
AcDbFace
8
MONTAJ_BORULARI
10
-775
20
-360
30
0
11
-800
21
-385
31
0
12
-790.4329141908728
22
-383.0969883127822
32
0
13
-790.4329141908728
23
-383.0969883127822
33
0
0
3DFACE
5
D0CB
330
CFF3
100
AcDbEntity
100
AcDbFace
8
MONTAJ_BORULARI
10
-775
20
-360
30
1850
11
-800
21
-385
31
1850
12
-790.4329141908728
22
-383.0969883127822
32
1850
13
-790.4329141908728
23
-383.0969883127822
33
1850
0
3DFACE
5
D0CC
330
CFF3
100
AcDbEntity
100
AcDbFace
8
MONTAJ_BORULARI
10
-775
20
-360
30
0
11
-790.4329141908728
21
-383.0969883127822
31
0
12
-782.3223304703363
22
-377.6776695296637
32
0
13
-782.3223304703363
23
-377.6776695296637
33
0
0
3DFACE
5
D0CD
330
CFF3
100
AcDbEntity
100
AcDbFace
8
MONTAJ_BORULARI
10
-775
20
-360
30
1850
11
-790.4329141908728
21
-383.0969883127822
31
1850
12
-782.3223304703363
22
-377.6776695296637
32
1850
13
-782.3223304703363
23
-377.6776695296637
33
1850
0
3DFACE
5
D0CE
330
CFF3
100
AcDbEntity
100
AcDbFace
8
MONTAJ_BORULARI
10
-775
20
-360
30
0
11
-782.3223304703363
21
-377.6776695296637
31
0
12
-776.9030116872178
22
-369.56708580912726
32
0
13
-776.9030116872178
23
-369.56708580912726
33
0
0
3DFACE
5
D0CF
330
CFF3
100
AcDbEntity
100
AcDbFace
8
MONTAJ_BORULARI
10
-775
20
-360
30
1850
11
-782.3223304703363
21
-377.6776695296637
31
1850
12
-776.9030116872178
22
-369.56708580912726
32
1850
13
-776.9030116872178
23
-369.56708580912726
33
1850
0
3DFACE
5
D0D0
330
CFF3
100
AcDbEntity
100
AcDbFace
8
MONTAJ_BORULARI
10
-880
20
-440
30
0
11
-720
21
-440
31
0
12
-720
22
-280
32
0
13
-880
23
-280
33
0
0
3DFACE
5
D0D1
330
CFF3
100
AcDbEntity
100
AcDbFace
8
MONTAJ_BORULARI
10
-880
20
-440
30
15
11
-720
21
-440
31
15
12
-720
22
-280
32
15
13
-880
23
-280
33
15
0
3DFACE
5
D0D2
330
CFF3
100
AcDbEntity
100
AcDbFace
8
MONTAJ_BORULARI
10
-880
20
-440
30
0
11
-720
21
-440
31
0
12
-720
22
-440
32
15
13
-880
23
-440
33
15
0
3DFACE
5
D0D3
330
CFF3
100
AcDbEntity
100
AcDbFace
8
MONTAJ_BORULARI
10
-880
20
-280
30
0
11
-720
21
-280
31
0
12
-720
22
-280
32
15
13
-880
23
-280
33
15
0
3DFACE
5
D0D4
330
CFF3
100
AcDbEntity
100
AcDbFace
8
MONTAJ_BORULARI
10
-880
20
-440
30
0
11
-880
21
-280
31
0
12
-880
22
-280
32
15
13
-880
23
-440
33
15
0
3DFACE
5
D0D5
330
CFF3
100
AcDbEntity
100
AcDbFace
8
MONTAJ_BORULARI
10
-720
20
-440
30
0
11
-720
21
-280
31
0
12
-720
22
-280
32
15
13
-720
23
-440
33
15
0
LINE
5
D0D6
330
CFF3
100
AcDbEntity
100
AcDbLine
8
MONTAJ_BORULARI
10
-880
20
-440
30
0
11
-720
21
-440
31
0
0
LINE
5
D0D7
330
CFF3
100
AcDbEntity
100
AcDbLine
8
MONTAJ_BORULARI
10
-720
20
-440
30
0
11
-720
21
-280
31
0
0
LINE
5
D0D8
330
CFF3
100
AcDbEntity
100
AcDbLine
8
MONTAJ_BORULARI
10
-720
20
-280
30
0
11
-880
21
-280
31
0
0
LINE
5
D0D9
330
CFF3
100
AcDbEntity
100
AcDbLine
8
MONTAJ_BORULARI
10
-880
20
-280
30
0
11
-880
21
-440
31
0
0
LINE
5
D0DA
330
CFF3
100
AcDbEntity
100
AcDbLine
8
MONTAJ_BORULARI
10
-880
20
-440
30
15
11
-720
21
-440
31
15
0
LINE
5
D0DB
330
CFF3
100
AcDbEntity
100
AcDbLine
8
MONTAJ_BORULARI
10
-720
20
-440
30
15
11
-720
21
-280
31
15
0
LINE
5
D0DC
330
CFF3
100
AcDbEntity
100
AcDbLine
8
MONTAJ_BORULARI
10
-720
20
-280
30
15
11
-880
21
-280
31
15
0
LINE
5
D0DD
330
CFF3
100
AcDbEntity
100
AcDbLine
8
MONTAJ_BORULARI
10
-880
20
-280
30
15
11
-880
21
-440
31
15
0
LINE
5
D0DE
330
CFF3
100
AcDbEntity
100
AcDbLine
8
MONTAJ_BORULARI
10
-880
20
-440
30
0
11
-880
21
-440
31
15
0
LINE
5
D0DF
330
CFF3
100
AcDbEntity
100
AcDbLine
8
MONTAJ_BORULARI
10
-720
20
-440
30
0
11
-720
21
-440
31
15
0
LINE
5
D0E0
330
CFF3
100
AcDbEntity
100
AcDbLine
8
MONTAJ_BORULARI
10
-720
20
-280
30
0
11
-720
21
-280
31
15
0
LINE
5
D0E1
330
CFF3
100
AcDbEntity
100
AcDbLine
8
MONTAJ_BORULARI
10
-880
20
-280
30
0
11
-880
21
-280
31
15
0
3DFACE
5
D0E2
330
CFF3
100
AcDbEntity
100
AcDbFace
8
MONTAJ_BORULARI
10
-775
20
-180
30
0
11
-776.9030116872178
21
-170.43291419087276
31
0
12
-776.9030116872178
22
-170.43291419087276
32
1850
13
-775
23
-180
33
1850
0
LINE
5
D0E3
330
CFF3
100
AcDbEntity
100
AcDbLine
8
MONTAJ_BORULARI
10
-775
20
-180
30
0
11
-776.9030116872178
21
-170.43291419087276
31
0
0
LINE
5
D0E4
330
CFF3
100
AcDbEntity
100
AcDbLine
8
MONTAJ_BORULARI
10
-775
20
-180
30
1850
11
-776.9030116872178
21
-170.43291419087276
31
1850
0
LINE
5
D0E5
330
CFF3
100
AcDbEntity
100
AcDbLine
8
MONTAJ_BORULARI
10
-775
20
-180
30
0
11
-775
21
-180
31
1850
0
3DFACE
5
D0E6
330
CFF3
100
AcDbEntity
100
AcDbFace
8
MONTAJ_BORULARI
10
-776.9030116872178
20
-170.43291419087276
30
0
11
-782.3223304703363
21
-162.3223304703363
31
0
12
-782.3223304703363
22
-162.3223304703363
32
1850
13
-776.9030116872178
23
-170.43291419087276
33
1850
0
LINE
5
D0E7
330
CFF3
100
AcDbEntity
100
AcDbLine
8
MONTAJ_BORULARI
10
-776.9030116872178
20
-170.43291419087276
30
0
11
-782.3223304703363
21
-162.3223304703363
31
0
0
LINE
5
D0E8
330
CFF3
100
AcDbEntity
100
AcDbLine
8
MONTAJ_BORULARI
10
-776.9030116872178
20
-170.43291419087276
30
1850
11
-782.3223304703363
21
-162.3223304703363
31
1850
0
3DFACE
5
D0E9
330
CFF3
100
AcDbEntity
100
AcDbFace
8
MONTAJ_BORULARI
10
-782.3223304703363
20
-162.3223304703363
30
0
11
-790.4329141908728
21
-156.90301168721783
31
0
12
-790.4329141908728
22
-156.90301168721783
32
1850
13
-782.3223304703363
23
-162.3223304703363
33
1850
0
LINE
5
D0EA
330
CFF3
100
AcDbEntity
100
AcDbLine
8
MONTAJ_BORULARI
10
-782.3223304703363
20
-162.3223304703363
30
0
11
-790.4329141908728
21
-156.90301168721783
31
0
0
LINE
5
D0EB
330
CFF3
100
AcDbEntity
100
AcDbLine
8
MONTAJ_BORULARI
10
-782.3223304703363
20
-162.3223304703363
30
1850
11
-790.4329141908728
21
-156.90301168721783
31
1850
0
3DFACE
5
D0EC
330
CFF3
100
AcDbEntity
100
AcDbFace
8
MONTAJ_BORULARI
10
-790.4329141908728
20
-156.90301168721783
30
0
11
-800
21
-155
31
0
12
-800
22
-155
32
1850
13
-790.4329141908728
23
-156.90301168721783
33
1850
0
LINE
5
D0ED
330
CFF3
100
AcDbEntity
100
AcDbLine
8
MONTAJ_BORULARI
10
-790.4329141908728
20
-156.90301168721783
30
0
11
-800
21
-155
31
0
0
LINE
5
D0EE
330
CFF3
100
AcDbEntity
100
AcDbLine
8
MONTAJ_BORULARI
10
-790.4329141908728
20
-156.90301168721783
30
1850
11
-800
21
-155
31
1850
0
3DFACE
5
D0EF
330
CFF3
100
AcDbEntity
100
AcDbFace
8
MONTAJ_BORULARI
10
-800
20
-155
30
0
11
-809.5670858091272
21
-156.90301168721783
31
0
12
-809.5670858091272
22
-156.90301168721783
32
1850
13
-800
23
-155
33
1850
0
LINE
5
D0F0
330
CFF3
100
AcDbEntity
100
AcDbLine
8
MONTAJ_BORULARI
10
-800
20
-155
30
0
11
-809.5670858091272
21
-156.90301168721783
31
0
0
LINE
5
D0F1
330
CFF3
100
AcDbEntity
100
AcDbLine
8
MONTAJ_BORULARI
10
-800
20
-155
30
1850
11
-809.5670858091272
21
-156.90301168721783
31
1850
0
LINE
5
D0F2
330
CFF3
100
AcDbEntity
100
AcDbLine
8
MONTAJ_BORULARI
10
-800
20
-155
30
0
11
-800
21
-155
31
1850
0
3DFACE
5
D0F3
330
CFF3
100
AcDbEntity
100
AcDbFace
8
MONTAJ_BORULARI
10
-809.5670858091272
20
-156.90301168721783
30
0
11
-817.6776695296637
21
-162.3223304703363
31
0
12
-817.6776695296637
22
-162.3223304703363
32
1850
13
-809.5670858091272
23
-156.90301168721783
33
1850
0
LINE
5
D0F4
330
CFF3
100
AcDbEntity
100
AcDbLine
8
MONTAJ_BORULARI
10
-809.5670858091272
20
-156.90301168721783
30
0
11
-817.6776695296637
21
-162.3223304703363
31
0
0
LINE
5
D0F5
330
CFF3
100
AcDbEntity
100
AcDbLine
8
MONTAJ_BORULARI
10
-809.5670858091272
20
-156.90301168721783
30
1850
11
-817.6776695296637
21
-162.3223304703363
31
1850
0
3DFACE
5
D0F6
330
CFF3
100
AcDbEntity
100
AcDbFace
8
MONTAJ_BORULARI
10
-817.6776695296637
20
-162.3223304703363
30
0
11
-823.0969883127822
21
-170.43291419087276
31
0
12
-823.0969883127822
22
-170.43291419087276
32
1850
13
-817.6776695296637
23
-162.3223304703363
33
1850
0
LINE
5
D0F7
330
CFF3
100
AcDbEntity
100
AcDbLine
8
MONTAJ_BORULARI
10
-817.6776695296637
20
-162.3223304703363
30
0
11
-823.0969883127822
21
-170.43291419087276
31
0
0
LINE
5
D0F8
330
CFF3
100
AcDbEntity
100
AcDbLine
8
MONTAJ_BORULARI
10
-817.6776695296637
20
-162.3223304703363
30
1850
11
-823.0969883127822
21
-170.43291419087276
31
1850
0
3DFACE
5
D0F9
330
CFF3
100
AcDbEntity
100
AcDbFace
8
MONTAJ_BORULARI
10
-823.0969883127822
20
-170.43291419087276
30
0
11
-825
21
-180
31
0
12
-825
22
-180
32
1850
13
-823.0969883127822
23
-170.43291419087276
33
1850
0
LINE
5
D0FA
330
CFF3
100
AcDbEntity
100
AcDbLine
8
MONTAJ_BORULARI
10
-823.0969883127822
20
-170.43291419087276
30
0
11
-825
21
-180
31
0
0
LINE
5
D0FB
330
CFF3
100
AcDbEntity
100
AcDbLine
8
MONTAJ_BORULARI
10
-823.0969883127822
20
-170.43291419087276
30
1850
11
-825
21
-180
31
1850
0
3DFACE
5
D0FC
330
CFF3
100
AcDbEntity
100
AcDbFace
8
MONTAJ_BORULARI
10
-825
20
-180
30
0
11
-823.0969883127822
21
-189.56708580912724
31
0
12
-823.0969883127822
22
-189.56708580912724
32
1850
13
-825
23
-180
33
1850
0
LINE
5
D0FD
330
CFF3
100
AcDbEntity
100
AcDbLine
8
MONTAJ_BORULARI
10
-825
20
-180
30
0
11
-823.0969883127822
21
-189.56708580912724
31
0
0
LINE
5
D0FE
330
CFF3
100
AcDbEntity
100
AcDbLine
8
MONTAJ_BORULARI
10
-825
20
-180
30
1850
11
-823.0969883127822
21
-189.56708580912724
31
1850
0
LINE
5
D0FF
330
CFF3
100
AcDbEntity
100
AcDbLine
8
MONTAJ_BORULARI
10
-825
20
-180
30
0
11
-825
21
-180
31
1850
0
3DFACE
5
D100
330
CFF3
100
AcDbEntity
100
AcDbFace
8
MONTAJ_BORULARI
10
-823.0969883127822
20
-189.56708580912724
30
0
11
-817.6776695296637
21
-197.6776695296637
31
0
12
-817.6776695296637
22
-197.6776695296637
32
1850
13
-823.0969883127822
23
-189.56708580912724
33
1850
0
LINE
5
D101
330
CFF3
100
AcDbEntity
100
AcDbLine
8
MONTAJ_BORULARI
10
-823.0969883127822
20
-189.56708580912724
30
0
11
-817.6776695296637
21
-197.6776695296637
31
0
0
LINE
5
D102
330
CFF3
100
AcDbEntity
100
AcDbLine
8
MONTAJ_BORULARI
10
-823.0969883127822
20
-189.56708580912724
30
1850
11
-817.6776695296637
21
-197.6776695296637
31
1850
0
3DFACE
5
D103
330
CFF3
100
AcDbEntity
100
AcDbFace
8
MONTAJ_BORULARI
10
-817.6776695296637
20
-197.6776695296637
30
0
11
-809.5670858091272
21
-203.09698831278217
31
0
12
-809.5670858091272
22
-203.09698831278217
32
1850
13
-817.6776695296637
23
-197.6776695296637
33
1850
0
LINE
5
D104
330
CFF3
100
AcDbEntity
100
AcDbLine
8
MONTAJ_BORULARI
10
-817.6776695296637
20
-197.6776695296637
30
0
11
-809.5670858091272
21
-203.09698831278217
31
0
0
LINE
5
D105
330
CFF3
100
AcDbEntity
100
AcDbLine
8
MONTAJ_BORULARI
10
-817.6776695296637
20
-197.6776695296637
30
1850
11
-809.5670858091272
21
-203.09698831278217
31
1850
0
3DFACE
5
D106
330
CFF3
100
AcDbEntity
100
AcDbFace
8
MONTAJ_BORULARI
10
-809.5670858091272
20
-203.09698831278217
30
0
11
-800
21
-205
31
0
12
-800
22
-205
32
1850
13
-809.5670858091272
23
-203.09698831278217
33
1850
0
LINE
5
D107
330
CFF3
100
AcDbEntity
100
AcDbLine
8
MONTAJ_BORULARI
10
-809.5670858091272
20
-203.09698831278217
30
0
11
-800
21
-205
31
0
0
LINE
5
D108
330
CFF3
100
AcDbEntity
100
AcDbLine
8
MONTAJ_BORULARI
10
-809.5670858091272
20
-203.09698831278217
30
1850
11
-800
21
-205
31
1850
0
3DFACE
5
D109
330
CFF3
100
AcDbEntity
100
AcDbFace
8
MONTAJ_BORULARI
10
-800
20
-205
30
0
11
-790.4329141908728
21
-203.09698831278217
31
0
12
-790.4329141908728
22
-203.09698831278217
32
1850
13
-800
23
-205
33
1850
0
LINE
5
D10A
330
CFF3
100
AcDbEntity
100
AcDbLine
8
MONTAJ_BORULARI
10
-800
20
-205
30
0
11
-790.4329141908728
21
-203.09698831278217
31
0
0
LINE
5
D10B
330
CFF3
100
AcDbEntity
100
AcDbLine
8
MONTAJ_BORULARI
10
-800
20
-205
30
1850
11
-790.4329141908728
21
-203.09698831278217
31
1850
0
LINE
5
D10C
330
CFF3
100
AcDbEntity
100
AcDbLine
8
MONTAJ_BORULARI
10
-800
20
-205
30
0
11
-800
21
-205
31
1850
0
3DFACE
5
D10D
330
CFF3
100
AcDbEntity
100
AcDbFace
8
MONTAJ_BORULARI
10
-790.4329141908728
20
-203.09698831278217
30
0
11
-782.3223304703363
21
-197.6776695296637
31
0
12
-782.3223304703363
22
-197.6776695296637
32
1850
13
-790.4329141908728
23
-203.09698831278217
33
1850
0
LINE
5
D10E
330
CFF3
100
AcDbEntity
100
AcDbLine
8
MONTAJ_BORULARI
10
-790.4329141908728
20
-203.09698831278217
30
0
11
-782.3223304703363
21
-197.6776695296637
31
0
0
LINE
5
D10F
330
CFF3
100
AcDbEntity
100
AcDbLine
8
MONTAJ_BORULARI
10
-790.4329141908728
20
-203.09698831278217
30
1850
11
-782.3223304703363
21
-197.6776695296637
31
1850
0
3DFACE
5
D110
330
CFF3
100
AcDbEntity
100
AcDbFace
8
MONTAJ_BORULARI
10
-782.3223304703363
20
-197.6776695296637
30
0
11
-776.9030116872178
21
-189.56708580912726
31
0
12
-776.9030116872178
22
-189.56708580912726
32
1850
13
-782.3223304703363
23
-197.6776695296637
33
1850
0
LINE
5
D111
330
CFF3
100
AcDbEntity
100
AcDbLine
8
MONTAJ_BORULARI
10
-782.3223304703363
20
-197.6776695296637
30
0
11
-776.9030116872178
21
-189.56708580912726
31
0
0
LINE
5
D112
330
CFF3
100
AcDbEntity
100
AcDbLine
8
MONTAJ_BORULARI
10
-782.3223304703363
20
-197.6776695296637
30
1850
11
-776.9030116872178
21
-189.56708580912726
31
1850
0
3DFACE
5
D113
330
CFF3
100
AcDbEntity
100
AcDbFace
8
MONTAJ_BORULARI
10
-776.9030116872178
20
-189.56708580912726
30
0
11
-775
21
-180
31
0
12
-775
22
-180
32
1850
13
-776.9030116872178
23
-189.56708580912726
33
1850
0
LINE
5
D114
330
CFF3
100
AcDbEntity
100
AcDbLine
8
MONTAJ_BORULARI
10
-776.9030116872178
20
-189.56708580912726
30
0
11
-775
21
-180
31
0
0
LINE
5
D115
330
CFF3
100
AcDbEntity
100
AcDbLine
8
MONTAJ_BORULARI
10
-776.9030116872178
20
-189.56708580912726
30
1850
11
-775
21
-180
31
1850
0
3DFACE
5
D116
330
CFF3
100
AcDbEntity
100
AcDbFace
8
MONTAJ_BORULARI
10
-775
20
-180
30
0
11
-776.9030116872178
21
-170.43291419087276
31
0
12
-782.3223304703363
22
-162.3223304703363
32
0
13
-782.3223304703363
23
-162.3223304703363
33
0
0
3DFACE
5
D117
330
CFF3
100
AcDbEntity
100
AcDbFace
8
MONTAJ_BORULARI
10
-775
20
-180
30
1850
11
-776.9030116872178
21
-170.43291419087276
31
1850
12
-782.3223304703363
22
-162.3223304703363
32
1850
13
-782.3223304703363
23
-162.3223304703363
33
1850
0
3DFACE
5
D118
330
CFF3
100
AcDbEntity
100
AcDbFace
8
MONTAJ_BORULARI
10
-775
20
-180
30
0
11
-782.3223304703363
21
-162.3223304703363
31
0
12
-790.4329141908728
22
-156.90301168721783
32
0
13
-790.4329141908728
23
-156.90301168721783
33
0
0
3DFACE
5
D119
330
CFF3
100
AcDbEntity
100
AcDbFace
8
MONTAJ_BORULARI
10
-775
20
-180
30
1850
11
-782.3223304703363
21
-162.3223304703363
31
1850
12
-790.4329141908728
22
-156.90301168721783
32
1850
13
-790.4329141908728
23
-156.90301168721783
33
1850
0
3DFACE
5
D11A
330
CFF3
100
AcDbEntity
100
AcDbFace
8
MONTAJ_BORULARI
10
-775
20
-180
30
0
11
-790.4329141908728
21
-156.90301168721783
31
0
12
-800
22
-155
32
0
13
-800
23
-155
33
0
0
3DFACE
5
D11B
330
CFF3
100
AcDbEntity
100
AcDbFace
8
MONTAJ_BORULARI
10
-775
20
-180
30
1850
11
-790.4329141908728
21
-156.90301168721783
31
1850
12
-800
22
-155
32
1850
13
-800
23
-155
33
1850
0
3DFACE
5
D11C
330
CFF3
100
AcDbEntity
100
AcDbFace
8
MONTAJ_BORULARI
10
-775
20
-180
30
0
11
-800
21
-155
31
0
12
-809.5670858091272
22
-156.90301168721783
32
0
13
-809.5670858091272
23
-156.90301168721783
33
0
0
3DFACE
5
D11D
330
CFF3
100
AcDbEntity
100
AcDbFace
8
MONTAJ_BORULARI
10
-775
20
-180
30
1850
11
-800
21
-155
31
1850
12
-809.5670858091272
22
-156.90301168721783
32
1850
13
-809.5670858091272
23
-156.90301168721783
33
1850
0
3DFACE
5
D11E
330
CFF3
100
AcDbEntity
100
AcDbFace
8
MONTAJ_BORULARI
10
-775
20
-180
30
0
11
-809.5670858091272
21
-156.90301168721783
31
0
12
-817.6776695296637
22
-162.3223304703363
32
0
13
-817.6776695296637
23
-162.3223304703363
33
0
0
3DFACE
5
D11F
330
CFF3
100
AcDbEntity
100
AcDbFace
8
MONTAJ_BORULARI
10
-775
20
-180
30
1850
11
-809.5670858091272
21
-156.90301168721783
31
1850
12
-817.6776695296637
22
-162.3223304703363
32
1850
13
-817.6776695296637
23
-162.3223304703363
33
1850
0
3DFACE
5
D120
330
CFF3
100
AcDbEntity
100
AcDbFace
8
MONTAJ_BORULARI
10
-775
20
-180
30
0
11
-817.6776695296637
21
-162.3223304703363
31
0
12
-823.0969883127822
22
-170.43291419087276
32
0
13
-823.0969883127822
23
-170.43291419087276
33
0
0
3DFACE
5
D121
330
CFF3
100
AcDbEntity
100
AcDbFace
8
MONTAJ_BORULARI
10
-775
20
-180
30
1850
11
-817.6776695296637
21
-162.3223304703363
31
1850
12
-823.0969883127822
22
-170.43291419087276
32
1850
13
-823.0969883127822
23
-170.43291419087276
33
1850
0
3DFACE
5
D122
330
CFF3
100
AcDbEntity
100
AcDbFace
8
MONTAJ_BORULARI
10
-775
20
-180
30
0
11
-823.0969883127822
21
-170.43291419087276
31
0
12
-825
22
-180
32
0
13
-825
23
-180
33
0
0
3DFACE
5
D123
330
CFF3
100
AcDbEntity
100
AcDbFace
8
MONTAJ_BORULARI
10
-775
20
-180
30
1850
11
-823.0969883127822
21
-170.43291419087276
31
1850
12
-825
22
-180
32
1850
13
-825
23
-180
33
1850
0
3DFACE
5
D124
330
CFF3
100
AcDbEntity
100
AcDbFace
8
MONTAJ_BORULARI
10
-775
20
-180
30
0
11
-825
21
-180
31
0
12
-823.0969883127822
22
-189.56708580912724
32
0
13
-823.0969883127822
23
-189.56708580912724
33
0
0
3DFACE
5
D125
330
CFF3
100
AcDbEntity
100
AcDbFace
8
MONTAJ_BORULARI
10
-775
20
-180
30
1850
11
-825
21
-180
31
1850
12
-823.0969883127822
22
-189.56708580912724
32
1850
13
-823.0969883127822
23
-189.56708580912724
33
1850
0
3DFACE
5
D126
330
CFF3
100
AcDbEntity
100
AcDbFace
8
MONTAJ_BORULARI
10
-775
20
-180
30
0
11
-823.0969883127822
21
-189.56708580912724
31
0
12
-817.6776695296637
22
-197.6776695296637
32
0
13
-817.6776695296637
23
-197.6776695296637
33
0
0
3DFACE
5
D127
330
CFF3
100
AcDbEntity
100
AcDbFace
8
MONTAJ_BORULARI
10
-775
20
-180
30
1850
11
-823.0969883127822
21
-189.56708580912724
31
1850
12
-817.6776695296637
22
-197.6776695296637
32
1850
13
-817.6776695296637
23
-197.6776695296637
33
1850
0
3DFACE
5
D128
330
CFF3
100
AcDbEntity
100
AcDbFace
8
MONTAJ_BORULARI
10
-775
20
-180
30
0
11
-817.6776695296637
21
-197.6776695296637
31
0
12
-809.5670858091272
22
-203.09698831278217
32
0
13
-809.5670858091272
23
-203.09698831278217
33
0
0
3DFACE
5
D129
330
CFF3
100
AcDbEntity
100
AcDbFace
8
MONTAJ_BORULARI
10
-775
20
-180
30
1850
11
-817.6776695296637
21
-197.6776695296637
31
1850
12
-809.5670858091272
22
-203.09698831278217
32
1850
13
-809.5670858091272
23
-203.09698831278217
33
1850
0
3DFACE
5
D12A
330
CFF3
100
AcDbEntity
100
AcDbFace
8
MONTAJ_BORULARI
10
-775
20
-180
30
0
11
-809.5670858091272
21
-203.09698831278217
31
0
12
-800
22
-205
32
0
13
-800
23
-205
33
0
0
3DFACE
5
D12B
330
CFF3
100
AcDbEntity
100
AcDbFace
8
MONTAJ_BORULARI
10
-775
20
-180
30
1850
11
-809.5670858091272
21
-203.09698831278217
31
1850
12
-800
22
-205
32
1850
13
-800
23
-205
33
1850
0
3DFACE
5
D12C
330
CFF3
100
AcDbEntity
100
AcDbFace
8
MONTAJ_BORULARI
10
-775
20
-180
30
0
11
-800
21
-205
31
0
12
-790.4329141908728
22
-203.09698831278217
32
0
13
-790.4329141908728
23
-203.09698831278217
33
0
0
3DFACE
5
D12D
330
CFF3
100
AcDbEntity
100
AcDbFace
8
MONTAJ_BORULARI
10
-775
20
-180
30
1850
11
-800
21
-205
31
1850
12
-790.4329141908728
22
-203.09698831278217
32
1850
13
-790.4329141908728
23
-203.09698831278217
33
1850
0
3DFACE
5
D12E
330
CFF3
100
AcDbEntity
100
AcDbFace
8
MONTAJ_BORULARI
10
-775
20
-180
30
0
11
-790.4329141908728
21
-203.09698831278217
31
0
12
-782.3223304703363
22
-197.6776695296637
32
0
13
-782.3223304703363
23
-197.6776695296637
33
0
0
3DFACE
5
D12F
330
CFF3
100
AcDbEntity
100
AcDbFace
8
MONTAJ_BORULARI
10
-775
20
-180
30
1850
11
-790.4329141908728
21
-203.09698831278217
31
1850
12
-782.3223304703363
22
-197.6776695296637
32
1850
13
-782.3223304703363
23
-197.6776695296637
33
1850
0
3DFACE
5
D130
330
CFF3
100
AcDbEntity
100
AcDbFace
8
MONTAJ_BORULARI
10
-775
20
-180
30
0
11
-782.3223304703363
21
-197.6776695296637
31
0
12
-776.9030116872178
22
-189.56708580912726
32
0
13
-776.9030116872178
23
-189.56708580912726
33
0
0
3DFACE
5
D131
330
CFF3
100
AcDbEntity
100
AcDbFace
8
MONTAJ_BORULARI
10
-775
20
-180
30
1850
11
-782.3223304703363
21
-197.6776695296637
31
1850
12
-776.9030116872178
22
-189.56708580912726
32
1850
13
-776.9030116872178
23
-189.56708580912726
33
1850
0
3DFACE
5
D132
330
CFF3
100
AcDbEntity
100
AcDbFace
8
MONTAJ_BORULARI
10
-880
20
-260
30
0
11
-720
21
-260
31
0
12
-720
22
-100
32
0
13
-880
23
-100
33
0
0
3DFACE
5
D133
330
CFF3
100
AcDbEntity
100
AcDbFace
8
MONTAJ_BORULARI
10
-880
20
-260
30
15
11
-720
21
-260
31
15
12
-720
22
-100
32
15
13
-880
23
-100
33
15
0
3DFACE
5
D134
330
CFF3
100
AcDbEntity
100
AcDbFace
8
MONTAJ_BORULARI
10
-880
20
-260
30
0
11
-720
21
-260
31
0
12
-720
22
-260
32
15
13
-880
23
-260
33
15
0
3DFACE
5
D135
330
CFF3
100
AcDbEntity
100
AcDbFace
8
MONTAJ_BORULARI
10
-880
20
-100
30
0
11
-720
21
-100
31
0
12
-720
22
-100
32
15
13
-880
23
-100
33
15
0
3DFACE
5
D136
330
CFF3
100
AcDbEntity
100
AcDbFace
8
MONTAJ_BORULARI
10
-880
20
-260
30
0
11
-880
21
-100
31
0
12
-880
22
-100
32
15
13
-880
23
-260
33
15
0
3DFACE
5
D137
330
CFF3
100
AcDbEntity
100
AcDbFace
8
MONTAJ_BORULARI
10
-720
20
-260
30
0
11
-720
21
-100
31
0
12
-720
22
-100
32
15
13
-720
23
-260
33
15
0
LINE
5
D138
330
CFF3
100
AcDbEntity
100
AcDbLine
8
MONTAJ_BORULARI
10
-880
20
-260
30
0
11
-720
21
-260
31
0
0
LINE
5
D139
330
CFF3
100
AcDbEntity
100
AcDbLine
8
MONTAJ_BORULARI
10
-720
20
-260
30
0
11
-720
21
-100
31
0
0
LINE
5
D13A
330
CFF3
100
AcDbEntity
100
AcDbLine
8
MONTAJ_BORULARI
10
-720
20
-100
30
0
11
-880
21
-100
31
0
0
LINE
5
D13B
330
CFF3
100
AcDbEntity
100
AcDbLine
8
MONTAJ_BORULARI
10
-880
20
-100
30
0
11
-880
21
-260
31
0
0
LINE
5
D13C
330
CFF3
100
AcDbEntity
100
AcDbLine
8
MONTAJ_BORULARI
10
-880
20
-260
30
15
11
-720
21
-260
31
15
0
LINE
5
D13D
330
CFF3
100
AcDbEntity
100
AcDbLine
8
MONTAJ_BORULARI
10
-720
20
-260
30
15
11
-720
21
-100
31
15
0
LINE
5
D13E
330
CFF3
100
AcDbEntity
100
AcDbLine
8
MONTAJ_BORULARI
10
-720
20
-100
30
15
11
-880
21
-100
31
15
0
LINE
5
D13F
330
CFF3
100
AcDbEntity
100
AcDbLine
8
MONTAJ_BORULARI
10
-880
20
-100
30
15
11
-880
21
-260
31
15
0
LINE
5
D140
330
CFF3
100
AcDbEntity
100
AcDbLine
8
MONTAJ_BORULARI
10
-880
20
-260
30
0
11
-880
21
-260
31
15
0
LINE
5
D141
330
CFF3
100
AcDbEntity
100
AcDbLine
8
MONTAJ_BORULARI
10
-720
20
-260
30
0
11
-720
21
-260
31
15
0
LINE
5
D142
330
CFF3
100
AcDbEntity
100
AcDbLine
8
MONTAJ_BORULARI
10
-720
20
-100
30
0
11
-720
21
-100
31
15
0
LINE
5
D143
330
CFF3
100
AcDbEntity
100
AcDbLine
8
MONTAJ_BORULARI
10
-880
20
-100
30
0
11
-880
21
-100
31
15
0
3DFACE
5
D144
330
CFF3
100
AcDbEntity
100
AcDbFace
8
MONTAJ_BORULARI
10
-775
20
0
30
0
11
-776.9030116872178
21
9.567085809127244
31
0
12
-776.9030116872178
22
9.567085809127244
32
1850
13
-775
23
0
33
1850
0
LINE
5
D145
330
CFF3
100
AcDbEntity
100
AcDbLine
8
MONTAJ_BORULARI
10
-775
20
0
30
0
11
-776.9030116872178
21
9.567085809127244
31
0
0
LINE
5
D146
330
CFF3
100
AcDbEntity
100
AcDbLine
8
MONTAJ_BORULARI
10
-775
20
0
30
1850
11
-776.9030116872178
21
9.567085809127244
31
1850
0
LINE
5
D147
330
CFF3
100
AcDbEntity
100
AcDbLine
8
MONTAJ_BORULARI
10
-775
20
0
30
0
11
-775
21
0
31
1850
0
3DFACE
5
D148
330
CFF3
100
AcDbEntity
100
AcDbFace
8
MONTAJ_BORULARI
10
-776.9030116872178
20
9.567085809127244
30
0
11
-782.3223304703363
21
17.677669529663685
31
0
12
-782.3223304703363
22
17.677669529663685
32
1850
13
-776.9030116872178
23
9.567085809127244
33
1850
0
LINE
5
D149
330
CFF3
100
AcDbEntity
100
AcDbLine
8
MONTAJ_BORULARI
10
-776.9030116872178
20
9.567085809127244
30
0
11
-782.3223304703363
21
17.677669529663685
31
0
0
LINE
5
D14A
330
CFF3
100
AcDbEntity
100
AcDbLine
8
MONTAJ_BORULARI
10
-776.9030116872178
20
9.567085809127244
30
1850
11
-782.3223304703363
21
17.677669529663685
31
1850
0
3DFACE
5
D14B
330
CFF3
100
AcDbEntity
100
AcDbFace
8
MONTAJ_BORULARI
10
-782.3223304703363
20
17.677669529663685
30
0
11
-790.4329141908728
21
23.09698831278217
31
0
12
-790.4329141908728
22
23.09698831278217
32
1850
13
-782.3223304703363
23
17.677669529663685
33
1850
0
LINE
5
D14C
330
CFF3
100
AcDbEntity
100
AcDbLine
8
MONTAJ_BORULARI
10
-782.3223304703363
20
17.677669529663685
30
0
11
-790.4329141908728
21
23.09698831278217
31
0
0
LINE
5
D14D
330
CFF3
100
AcDbEntity
100
AcDbLine
8
MONTAJ_BORULARI
10
-782.3223304703363
20
17.677669529663685
30
1850
11
-790.4329141908728
21
23.09698831278217
31
1850
0
3DFACE
5
D14E
330
CFF3
100
AcDbEntity
100
AcDbFace
8
MONTAJ_BORULARI
10
-790.4329141908728
20
23.09698831278217
30
0
11
-800
21
25
31
0
12
-800
22
25
32
1850
13
-790.4329141908728
23
23.09698831278217
33
1850
0
LINE
5
D14F
330
CFF3
100
AcDbEntity
100
AcDbLine
8
MONTAJ_BORULARI
10
-790.4329141908728
20
23.09698831278217
30
0
11
-800
21
25
31
0
0
LINE
5
D150
330
CFF3
100
AcDbEntity
100
AcDbLine
8
MONTAJ_BORULARI
10
-790.4329141908728
20
23.09698831278217
30
1850
11
-800
21
25
31
1850
0
3DFACE
5
D151
330
CFF3
100
AcDbEntity
100
AcDbFace
8
MONTAJ_BORULARI
10
-800
20
25
30
0
11
-809.5670858091272
21
23.09698831278217
31
0
12
-809.5670858091272
22
23.09698831278217
32
1850
13
-800
23
25
33
1850
0
LINE
5
D152
330
CFF3
100
AcDbEntity
100
AcDbLine
8
MONTAJ_BORULARI
10
-800
20
25
30
0
11
-809.5670858091272
21
23.09698831278217
31
0
0
LINE
5
D153
330
CFF3
100
AcDbEntity
100
AcDbLine
8
MONTAJ_BORULARI
10
-800
20
25
30
1850
11
-809.5670858091272
21
23.09698831278217
31
1850
0
LINE
5
D154
330
CFF3
100
AcDbEntity
100
AcDbLine
8
MONTAJ_BORULARI
10
-800
20
25
30
0
11
-800
21
25
31
1850
0
3DFACE
5
D155
330
CFF3
100
AcDbEntity
100
AcDbFace
8
MONTAJ_BORULARI
10
-809.5670858091272
20
23.09698831278217
30
0
11
-817.6776695296637
21
17.67766952966369
31
0
12
-817.6776695296637
22
17.67766952966369
32
1850
13
-809.5670858091272
23
23.09698831278217
33
1850
0
LINE
5
D156
330
CFF3
100
AcDbEntity
100
AcDbLine
8
MONTAJ_BORULARI
10
-809.5670858091272
20
23.09698831278217
30
0
11
-817.6776695296637
21
17.67766952966369
31
0
0
LINE
5
D157
330
CFF3
100
AcDbEntity
100
AcDbLine
8
MONTAJ_BORULARI
10
-809.5670858091272
20
23.09698831278217
30
1850
11
-817.6776695296637
21
17.67766952966369
31
1850
0
3DFACE
5
D158
330
CFF3
100
AcDbEntity
100
AcDbFace
8
MONTAJ_BORULARI
10
-817.6776695296637
20
17.67766952966369
30
0
11
-823.0969883127822
21
9.567085809127247
31
0
12
-823.0969883127822
22
9.567085809127247
32
1850
13
-817.6776695296637
23
17.67766952966369
33
1850
0
LINE
5
D159
330
CFF3
100
AcDbEntity
100
AcDbLine
8
MONTAJ_BORULARI
10
-817.6776695296637
20
17.67766952966369
30
0
11
-823.0969883127822
21
9.567085809127247
31
0
0
LINE
5
D15A
330
CFF3
100
AcDbEntity
100
AcDbLine
8
MONTAJ_BORULARI
10
-817.6776695296637
20
17.67766952966369
30
1850
11
-823.0969883127822
21
9.567085809127247
31
1850
0
3DFACE
5
D15B
330
CFF3
100
AcDbEntity
100
AcDbFace
8
MONTAJ_BORULARI
10
-823.0969883127822
20
9.567085809127247
30
0
11
-825
21
3.061616997868383e-15
31
0
12
-825
22
3.061616997868383e-15
32
1850
13
-823.0969883127822
23
9.567085809127247
33
1850
0
LINE
5
D15C
330
CFF3
100
AcDbEntity
100
AcDbLine
8
MONTAJ_BORULARI
10
-823.0969883127822
20
9.567085809127247
30
0
11
-825
21
3.061616997868383e-15
31
0
0
LINE
5
D15D
330
CFF3
100
AcDbEntity
100
AcDbLine
8
MONTAJ_BORULARI
10
-823.0969883127822
20
9.567085809127247
30
1850
11
-825
21
3.061616997868383e-15
31
1850
0
3DFACE
5
D15E
330
CFF3
100
AcDbEntity
100
AcDbFace
8
MONTAJ_BORULARI
10
-825
20
3.061616997868383e-15
30
0
11
-823.0969883127822
21
-9.567085809127242
31
0
12
-823.0969883127822
22
-9.567085809127242
32
1850
13
-825
23
3.061616997868383e-15
33
1850
0
LINE
5
D15F
330
CFF3
100
AcDbEntity
100
AcDbLine
8
MONTAJ_BORULARI
10
-825
20
3.061616997868383e-15
30
0
11
-823.0969883127822
21
-9.567085809127242
31
0
0
LINE
5
D160
330
CFF3
100
AcDbEntity
100
AcDbLine
8
MONTAJ_BORULARI
10
-825
20
3.061616997868383e-15
30
1850
11
-823.0969883127822
21
-9.567085809127242
31
1850
0
LINE
5
D161
330
CFF3
100
AcDbEntity
100
AcDbLine
8
MONTAJ_BORULARI
10
-825
20
3.061616997868383e-15
30
0
11
-825
21
3.061616997868383e-15
31
1850
0
3DFACE
5
D162
330
CFF3
100
AcDbEntity
100
AcDbFace
8
MONTAJ_BORULARI
10
-823.0969883127822
20
-9.567085809127242
30
0
11
-817.6776695296637
21
-17.677669529663685
31
0
12
-817.6776695296637
22
-17.677669529663685
32
1850
13
-823.0969883127822
23
-9.567085809127242
33
1850
0
LINE
5
D163
330
CFF3
100
AcDbEntity
100
AcDbLine
8
MONTAJ_BORULARI
10
-823.0969883127822
20
-9.567085809127242
30
0
11
-817.6776695296637
21
-17.677669529663685
31
0
0
LINE
5
D164
330
CFF3
100
AcDbEntity
100
AcDbLine
8
MONTAJ_BORULARI
10
-823.0969883127822
20
-9.567085809127242
30
1850
11
-817.6776695296637
21
-17.677669529663685
31
1850
0
3DFACE
5
D165
330
CFF3
100
AcDbEntity
100
AcDbFace
8
MONTAJ_BORULARI
10
-817.6776695296637
20
-17.677669529663685
30
0
11
-809.5670858091272
21
-23.096988312782162
31
0
12
-809.5670858091272
22
-23.096988312782162
32
1850
13
-817.6776695296637
23
-17.677669529663685
33
1850
0
LINE
5
D166
330
CFF3
100
AcDbEntity
100
AcDbLine
8
MONTAJ_BORULARI
10
-817.6776695296637
20
-17.677669529663685
30
0
11
-809.5670858091272
21
-23.096988312782162
31
0
0
LINE
5
D167
330
CFF3
100
AcDbEntity
100
AcDbLine
8
MONTAJ_BORULARI
10
-817.6776695296637
20
-17.677669529663685
30
1850
11
-809.5670858091272
21
-23.096988312782162
31
1850
0
3DFACE
5
D168
330
CFF3
100
AcDbEntity
100
AcDbFace
8
MONTAJ_BORULARI
10
-809.5670858091272
20
-23.096988312782162
30
0
11
-800
21
-25
31
0
12
-800
22
-25
32
1850
13
-809.5670858091272
23
-23.096988312782162
33
1850
0
LINE
5
D169
330
CFF3
100
AcDbEntity
100
AcDbLine
8
MONTAJ_BORULARI
10
-809.5670858091272
20
-23.096988312782162
30
0
11
-800
21
-25
31
0
0
LINE
5
D16A
330
CFF3
100
AcDbEntity
100
AcDbLine
8
MONTAJ_BORULARI
10
-809.5670858091272
20
-23.096988312782162
30
1850
11
-800
21
-25
31
1850
0
3DFACE
5
D16B
330
CFF3
100
AcDbEntity
100
AcDbFace
8
MONTAJ_BORULARI
10
-800
20
-25
30
0
11
-790.4329141908728
21
-23.096988312782166
31
0
12
-790.4329141908728
22
-23.096988312782166
32
1850
13
-800
23
-25
33
1850
0
LINE
5
D16C
330
CFF3
100
AcDbEntity
100
AcDbLine
8
MONTAJ_BORULARI
10
-800
20
-25
30
0
11
-790.4329141908728
21
-23.096988312782166
31
0
0
LINE
5
D16D
330
CFF3
100
AcDbEntity
100
AcDbLine
8
MONTAJ_BORULARI
10
-800
20
-25
30
1850
11
-790.4329141908728
21
-23.096988312782166
31
1850
0
LINE
5
D16E
330
CFF3
100
AcDbEntity
100
AcDbLine
8
MONTAJ_BORULARI
10
-800
20
-25
30
0
11
-800
21
-25
31
1850
0
3DFACE
5
D16F
330
CFF3
100
AcDbEntity
100
AcDbFace
8
MONTAJ_BORULARI
10
-790.4329141908728
20
-23.096988312782166
30
0
11
-782.3223304703363
21
-17.677669529663692
31
0
12
-782.3223304703363
22
-17.677669529663692
32
1850
13
-790.4329141908728
23
-23.096988312782166
33
1850
0
LINE
5
D170
330
CFF3
100
AcDbEntity
100
AcDbLine
8
MONTAJ_BORULARI
10
-790.4329141908728
20
-23.096988312782166
30
0
11
-782.3223304703363
21
-17.677669529663692
31
0
0
LINE
5
D171
330
CFF3
100
AcDbEntity
100
AcDbLine
8
MONTAJ_BORULARI
10
-790.4329141908728
20
-23.096988312782166
30
1850
11
-782.3223304703363
21
-17.677669529663692
31
1850
0
3DFACE
5
D172
330
CFF3
100
AcDbEntity
100
AcDbFace
8
MONTAJ_BORULARI
10
-782.3223304703363
20
-17.677669529663692
30
0
11
-776.9030116872178
21
-9.56708580912726
31
0
12
-776.9030116872178
22
-9.56708580912726
32
1850
13
-782.3223304703363
23
-17.677669529663692
33
1850
0
LINE
5
D173
330
CFF3
100
AcDbEntity
100
AcDbLine
8
MONTAJ_BORULARI
10
-782.3223304703363
20
-17.677669529663692
30
0
11
-776.9030116872178
21
-9.56708580912726
31
0
0
LINE
5
D174
330
CFF3
100
AcDbEntity
100
AcDbLine
8
MONTAJ_BORULARI
10
-782.3223304703363
20
-17.677669529663692
30
1850
11
-776.9030116872178
21
-9.56708580912726
31
1850
0
3DFACE
5
D175
330
CFF3
100
AcDbEntity
100
AcDbFace
8
MONTAJ_BORULARI
10
-776.9030116872178
20
-9.56708580912726
30
0
11
-775
21
0
31
0
12
-775
22
0
32
1850
13
-776.9030116872178
23
-9.56708580912726
33
1850
0
LINE
5
D176
330
CFF3
100
AcDbEntity
100
AcDbLine
8
MONTAJ_BORULARI
10
-776.9030116872178
20
-9.56708580912726
30
0
11
-775
21
0
31
0
0
LINE
5
D177
330
CFF3
100
AcDbEntity
100
AcDbLine
8
MONTAJ_BORULARI
10
-776.9030116872178
20
-9.56708580912726
30
1850
11
-775
21
0
31
1850
0
3DFACE
5
D178
330
CFF3
100
AcDbEntity
100
AcDbFace
8
MONTAJ_BORULARI
10
-775
20
0
30
0
11
-776.9030116872178
21
9.567085809127244
31
0
12
-782.3223304703363
22
17.677669529663685
32
0
13
-782.3223304703363
23
17.677669529663685
33
0
0
3DFACE
5
D179
330
CFF3
100
AcDbEntity
100
AcDbFace
8
MONTAJ_BORULARI
10
-775
20
0
30
1850
11
-776.9030116872178
21
9.567085809127244
31
1850
12
-782.3223304703363
22
17.677669529663685
32
1850
13
-782.3223304703363
23
17.677669529663685
33
1850
0
3DFACE
5
D17A
330
CFF3
100
AcDbEntity
100
AcDbFace
8
MONTAJ_BORULARI
10
-775
20
0
30
0
11
-782.3223304703363
21
17.677669529663685
31
0
12
-790.4329141908728
22
23.09698831278217
32
0
13
-790.4329141908728
23
23.09698831278217
33
0
0
3DFACE
5
D17B
330
CFF3
100
AcDbEntity
100
AcDbFace
8
MONTAJ_BORULARI
10
-775
20
0
30
1850
11
-782.3223304703363
21
17.677669529663685
31
1850
12
-790.4329141908728
22
23.09698831278217
32
1850
13
-790.4329141908728
23
23.09698831278217
33
1850
0
3DFACE
5
D17C
330
CFF3
100
AcDbEntity
100
AcDbFace
8
MONTAJ_BORULARI
10
-775
20
0
30
0
11
-790.4329141908728
21
23.09698831278217
31
0
12
-800
22
25
32
0
13
-800
23
25
33
0
0
3DFACE
5
D17D
330
CFF3
100
AcDbEntity
100
AcDbFace
8
MONTAJ_BORULARI
10
-775
20
0
30
1850
11
-790.4329141908728
21
23.09698831278217
31
1850
12
-800
22
25
32
1850
13
-800
23
25
33
1850
0
3DFACE
5
D17E
330
CFF3
100
AcDbEntity
100
AcDbFace
8
MONTAJ_BORULARI
10
-775
20
0
30
0
11
-800
21
25
31
0
12
-809.5670858091272
22
23.09698831278217
32
0
13
-809.5670858091272
23
23.09698831278217
33
0
0
3DFACE
5
D17F
330
CFF3
100
AcDbEntity
100
AcDbFace
8
MONTAJ_BORULARI
10
-775
20
0
30
1850
11
-800
21
25
31
1850
12
-809.5670858091272
22
23.09698831278217
32
1850
13
-809.5670858091272
23
23.09698831278217
33
1850
0
3DFACE
5
D180
330
CFF3
100
AcDbEntity
100
AcDbFace
8
MONTAJ_BORULARI
10
-775
20
0
30
0
11
-809.5670858091272
21
23.09698831278217
31
0
12
-817.6776695296637
22
17.67766952966369
32
0
13
-817.6776695296637
23
17.67766952966369
33
0
0
3DFACE
5
D181
330
CFF3
100
AcDbEntity
100
AcDbFace
8
MONTAJ_BORULARI
10
-775
20
0
30
1850
11
-809.5670858091272
21
23.09698831278217
31
1850
12
-817.6776695296637
22
17.67766952966369
32
1850
13
-817.6776695296637
23
17.67766952966369
33
1850
0
3DFACE
5
D182
330
CFF3
100
AcDbEntity
100
AcDbFace
8
MONTAJ_BORULARI
10
-775
20
0
30
0
11
-817.6776695296637
21
17.67766952966369
31
0
12
-823.0969883127822
22
9.567085809127247
32
0
13
-823.0969883127822
23
9.567085809127247
33
0
0
3DFACE
5
D183
330
CFF3
100
AcDbEntity
100
AcDbFace
8
MONTAJ_BORULARI
10
-775
20
0
30
1850
11
-817.6776695296637
21
17.67766952966369
31
1850
12
-823.0969883127822
22
9.567085809127247
32
1850
13
-823.0969883127822
23
9.567085809127247
33
1850
0
3DFACE
5
D184
330
CFF3
100
AcDbEntity
100
AcDbFace
8
MONTAJ_BORULARI
10
-775
20
0
30
0
11
-823.0969883127822
21
9.567085809127247
31
0
12
-825
22
3.061616997868383e-15
32
0
13
-825
23
3.061616997868383e-15
33
0
0
3DFACE
5
D185
330
CFF3
100
AcDbEntity
100
AcDbFace
8
MONTAJ_BORULARI
10
-775
20
0
30
1850
11
-823.0969883127822
21
9.567085809127247
31
1850
12
-825
22
3.061616997868383e-15
32
1850
13
-825
23
3.061616997868383e-15
33
1850
0
3DFACE
5
D186
330
CFF3
100
AcDbEntity
100
AcDbFace
8
MONTAJ_BORULARI
10
-775
20
0
30
0
11
-825
21
3.061616997868383e-15
31
0
12
-823.0969883127822
22
-9.567085809127242
32
0
13
-823.0969883127822
23
-9.567085809127242
33
0
0
3DFACE
5
D187
330
CFF3
100
AcDbEntity
100
AcDbFace
8
MONTAJ_BORULARI
10
-775
20
0
30
1850
11
-825
21
3.061616997868383e-15
31
1850
12
-823.0969883127822
22
-9.567085809127242
32
1850
13
-823.0969883127822
23
-9.567085809127242
33
1850
0
3DFACE
5
D188
330
CFF3
100
AcDbEntity
100
AcDbFace
8
MONTAJ_BORULARI
10
-775
20
0
30
0
11
-823.0969883127822
21
-9.567085809127242
31
0
12
-817.6776695296637
22
-17.677669529663685
32
0
13
-817.6776695296637
23
-17.677669529663685
33
0
0
3DFACE
5
D189
330
CFF3
100
AcDbEntity
100
AcDbFace
8
MONTAJ_BORULARI
10
-775
20
0
30
1850
11
-823.0969883127822
21
-9.567085809127242
31
1850
12
-817.6776695296637
22
-17.677669529663685
32
1850
13
-817.6776695296637
23
-17.677669529663685
33
1850
0
3DFACE
5
D18A
330
CFF3
100
AcDbEntity
100
AcDbFace
8
MONTAJ_BORULARI
10
-775
20
0
30
0
11
-817.6776695296637
21
-17.677669529663685
31
0
12
-809.5670858091272
22
-23.096988312782162
32
0
13
-809.5670858091272
23
-23.096988312782162
33
0
0
3DFACE
5
D18B
330
CFF3
100
AcDbEntity
100
AcDbFace
8
MONTAJ_BORULARI
10
-775
20
0
30
1850
11
-817.6776695296637
21
-17.677669529663685
31
1850
12
-809.5670858091272
22
-23.096988312782162
32
1850
13
-809.5670858091272
23
-23.096988312782162
33
1850
0
3DFACE
5
D18C
330
CFF3
100
AcDbEntity
100
AcDbFace
8
MONTAJ_BORULARI
10
-775
20
0
30
0
11
-809.5670858091272
21
-23.096988312782162
31
0
12
-800
22
-25
32
0
13
-800
23
-25
33
0
0
3DFACE
5
D18D
330
CFF3
100
AcDbEntity
100
AcDbFace
8
MONTAJ_BORULARI
10
-775
20
0
30
1850
11
-809.5670858091272
21
-23.096988312782162
31
1850
12
-800
22
-25
32
1850
13
-800
23
-25
33
1850
0
3DFACE
5
D18E
330
CFF3
100
AcDbEntity
100
AcDbFace
8
MONTAJ_BORULARI
10
-775
20
0
30
0
11
-800
21
-25
31
0
12
-790.4329141908728
22
-23.096988312782166
32
0
13
-790.4329141908728
23
-23.096988312782166
33
0
0
3DFACE
5
D18F
330
CFF3
100
AcDbEntity
100
AcDbFace
8
MONTAJ_BORULARI
10
-775
20
0
30
1850
11
-800
21
-25
31
1850
12
-790.4329141908728
22
-23.096988312782166
32
1850
13
-790.4329141908728
23
-23.096988312782166
33
1850
0
3DFACE
5
D190
330
CFF3
100
AcDbEntity
100
AcDbFace
8
MONTAJ_BORULARI
10
-775
20
0
30
0
11
-790.4329141908728
21
-23.096988312782166
31
0
12
-782.3223304703363
22
-17.677669529663692
32
0
13
-782.3223304703363
23
-17.677669529663692
33
0
0
3DFACE
5
D191
330
CFF3
100
AcDbEntity
100
AcDbFace
8
MONTAJ_BORULARI
10
-775
20
0
30
1850
11
-790.4329141908728
21
-23.096988312782166
31
1850
12
-782.3223304703363
22
-17.677669529663692
32
1850
13
-782.3223304703363
23
-17.677669529663692
33
1850
0
3DFACE
5
D192
330
CFF3
100
AcDbEntity
100
AcDbFace
8
MONTAJ_BORULARI
10
-775
20
0
30
0
11
-782.3223304703363
21
-17.677669529663692
31
0
12
-776.9030116872178
22
-9.56708580912726
32
0
13
-776.9030116872178
23
-9.56708580912726
33
0
0
3DFACE
5
D193
330
CFF3
100
AcDbEntity
100
AcDbFace
8
MONTAJ_BORULARI
10
-775
20
0
30
1850
11
-782.3223304703363
21
-17.677669529663692
31
1850
12
-776.9030116872178
22
-9.56708580912726
32
1850
13
-776.9030116872178
23
-9.56708580912726
33
1850
0
3DFACE
5
D194
330
CFF3
100
AcDbEntity
100
AcDbFace
8
MONTAJ_BORULARI
10
-880
20
-80
30
0
11
-720
21
-80
31
0
12
-720
22
80
32
0
13
-880
23
80
33
0
0
3DFACE
5
D195
330
CFF3
100
AcDbEntity
100
AcDbFace
8
MONTAJ_BORULARI
10
-880
20
-80
30
15
11
-720
21
-80
31
15
12
-720
22
80
32
15
13
-880
23
80
33
15
0
3DFACE
5
D196
330
CFF3
100
AcDbEntity
100
AcDbFace
8
MONTAJ_BORULARI
10
-880
20
-80
30
0
11
-720
21
-80
31
0
12
-720
22
-80
32
15
13
-880
23
-80
33
15
0
3DFACE
5
D197
330
CFF3
100
AcDbEntity
100
AcDbFace
8
MONTAJ_BORULARI
10
-880
20
80
30
0
11
-720
21
80
31
0
12
-720
22
80
32
15
13
-880
23
80
33
15
0
3DFACE
5
D198
330
CFF3
100
AcDbEntity
100
AcDbFace
8
MONTAJ_BORULARI
10
-880
20
-80
30
0
11
-880
21
80
31
0
12
-880
22
80
32
15
13
-880
23
-80
33
15
0
3DFACE
5
D199
330
CFF3
100
AcDbEntity
100
AcDbFace
8
MONTAJ_BORULARI
10
-720
20
-80
30
0
11
-720
21
80
31
0
12
-720
22
80
32
15
13
-720
23
-80
33
15
0
LINE
5
D19A
330
CFF3
100
AcDbEntity
100
AcDbLine
8
MONTAJ_BORULARI
10
-880
20
-80
30
0
11
-720
21
-80
31
0
0
LINE
5
D19B
330
CFF3
100
AcDbEntity
100
AcDbLine
8
MONTAJ_BORULARI
10
-720
20
-80
30
0
11
-720
21
80
31
0
0
LINE
5
D19C
330
CFF3
100
AcDbEntity
100
AcDbLine
8
MONTAJ_BORULARI
10
-720
20
80
30
0
11
-880
21
80
31
0
0
LINE
5
D19D
330
CFF3
100
AcDbEntity
100
AcDbLine
8
MONTAJ_BORULARI
10
-880
20
80
30
0
11
-880
21
-80
31
0
0
LINE
5
D19E
330
CFF3
100
AcDbEntity
100
AcDbLine
8
MONTAJ_BORULARI
10
-880
20
-80
30
15
11
-720
21
-80
31
15
0
LINE
5
D19F
330
CFF3
100
AcDbEntity
100
AcDbLine
8
MONTAJ_BORULARI
10
-720
20
-80
30
15
11
-720
21
80
31
15
0
LINE
5
D1A0
330
CFF3
100
AcDbEntity
100
AcDbLine
8
MONTAJ_BORULARI
10
-720
20
80
30
15
11
-880
21
80
31
15
0
LINE
5
D1A1
330
CFF3
100
AcDbEntity
100
AcDbLine
8
MONTAJ_BORULARI
10
-880
20
80
30
15
11
-880
21
-80
31
15
0
LINE
5
D1A2
330
CFF3
100
AcDbEntity
100
AcDbLine
8
MONTAJ_BORULARI
10
-880
20
-80
30
0
11
-880
21
-80
31
15
0
LINE
5
D1A3
330
CFF3
100
AcDbEntity
100
AcDbLine
8
MONTAJ_BORULARI
10
-720
20
-80
30
0
11
-720
21
-80
31
15
0
LINE
5
D1A4
330
CFF3
100
AcDbEntity
100
AcDbLine
8
MONTAJ_BORULARI
10
-720
20
80
30
0
11
-720
21
80
31
15
0
LINE
5
D1A5
330
CFF3
100
AcDbEntity
100
AcDbLine
8
MONTAJ_BORULARI
10
-880
20
80
30
0
11
-880
21
80
31
15
0
3DFACE
5
D1A6
330
CFF3
100
AcDbEntity
100
AcDbFace
8
MONTAJ_BORULARI
10
-775
20
180
30
0
11
-776.9030116872178
21
189.56708580912724
31
0
12
-776.9030116872178
22
189.56708580912724
32
1850
13
-775
23
180
33
1850
0
LINE
5
D1A7
330
CFF3
100
AcDbEntity
100
AcDbLine
8
MONTAJ_BORULARI
10
-775
20
180
30
0
11
-776.9030116872178
21
189.56708580912724
31
0
0
LINE
5
D1A8
330
CFF3
100
AcDbEntity
100
AcDbLine
8
MONTAJ_BORULARI
10
-775
20
180
30
1850
11
-776.9030116872178
21
189.56708580912724
31
1850
0
LINE
5
D1A9
330
CFF3
100
AcDbEntity
100
AcDbLine
8
MONTAJ_BORULARI
10
-775
20
180
30
0
11
-775
21
180
31
1850
0
3DFACE
5
D1AA
330
CFF3
100
AcDbEntity
100
AcDbFace
8
MONTAJ_BORULARI
10
-776.9030116872178
20
189.56708580912724
30
0
11
-782.3223304703363
21
197.6776695296637
31
0
12
-782.3223304703363
22
197.6776695296637
32
1850
13
-776.9030116872178
23
189.56708580912724
33
1850
0
LINE
5
D1AB
330
CFF3
100
AcDbEntity
100
AcDbLine
8
MONTAJ_BORULARI
10
-776.9030116872178
20
189.56708580912724
30
0
11
-782.3223304703363
21
197.6776695296637
31
0
0
LINE
5
D1AC
330
CFF3
100
AcDbEntity
100
AcDbLine
8
MONTAJ_BORULARI
10
-776.9030116872178
20
189.56708580912724
30
1850
11
-782.3223304703363
21
197.6776695296637
31
1850
0
3DFACE
5
D1AD
330
CFF3
100
AcDbEntity
100
AcDbFace
8
MONTAJ_BORULARI
10
-782.3223304703363
20
197.6776695296637
30
0
11
-790.4329141908728
21
203.09698831278217
31
0
12
-790.4329141908728
22
203.09698831278217
32
1850
13
-782.3223304703363
23
197.6776695296637
33
1850
0
LINE
5
D1AE
330
CFF3
100
AcDbEntity
100
AcDbLine
8
MONTAJ_BORULARI
10
-782.3223304703363
20
197.6776695296637
30
0
11
-790.4329141908728
21
203.09698831278217
31
0
0
LINE
5
D1AF
330
CFF3
100
AcDbEntity
100
AcDbLine
8
MONTAJ_BORULARI
10
-782.3223304703363
20
197.6776695296637
30
1850
11
-790.4329141908728
21
203.09698831278217
31
1850
0
3DFACE
5
D1B0
330
CFF3
100
AcDbEntity
100
AcDbFace
8
MONTAJ_BORULARI
10
-790.4329141908728
20
203.09698831278217
30
0
11
-800
21
205
31
0
12
-800
22
205
32
1850
13
-790.4329141908728
23
203.09698831278217
33
1850
0
LINE
5
D1B1
330
CFF3
100
AcDbEntity
100
AcDbLine
8
MONTAJ_BORULARI
10
-790.4329141908728
20
203.09698831278217
30
0
11
-800
21
205
31
0
0
LINE
5
D1B2
330
CFF3
100
AcDbEntity
100
AcDbLine
8
MONTAJ_BORULARI
10
-790.4329141908728
20
203.09698831278217
30
1850
11
-800
21
205
31
1850
0
3DFACE
5
D1B3
330
CFF3
100
AcDbEntity
100
AcDbFace
8
MONTAJ_BORULARI
10
-800
20
205
30
0
11
-809.5670858091272
21
203.09698831278217
31
0
12
-809.5670858091272
22
203.09698831278217
32
1850
13
-800
23
205
33
1850
0
LINE
5
D1B4
330
CFF3
100
AcDbEntity
100
AcDbLine
8
MONTAJ_BORULARI
10
-800
20
205
30
0
11
-809.5670858091272
21
203.09698831278217
31
0
0
LINE
5
D1B5
330
CFF3
100
AcDbEntity
100
AcDbLine
8
MONTAJ_BORULARI
10
-800
20
205
30
1850
11
-809.5670858091272
21
203.09698831278217
31
1850
0
LINE
5
D1B6
330
CFF3
100
AcDbEntity
100
AcDbLine
8
MONTAJ_BORULARI
10
-800
20
205
30
0
11
-800
21
205
31
1850
0
3DFACE
5
D1B7
330
CFF3
100
AcDbEntity
100
AcDbFace
8
MONTAJ_BORULARI
10
-809.5670858091272
20
203.09698831278217
30
0
11
-817.6776695296637
21
197.6776695296637
31
0
12
-817.6776695296637
22
197.6776695296637
32
1850
13
-809.5670858091272
23
203.09698831278217
33
1850
0
LINE
5
D1B8
330
CFF3
100
AcDbEntity
100
AcDbLine
8
MONTAJ_BORULARI
10
-809.5670858091272
20
203.09698831278217
30
0
11
-817.6776695296637
21
197.6776695296637
31
0
0
LINE
5
D1B9
330
CFF3
100
AcDbEntity
100
AcDbLine
8
MONTAJ_BORULARI
10
-809.5670858091272
20
203.09698831278217
30
1850
11
-817.6776695296637
21
197.6776695296637
31
1850
0
3DFACE
5
D1BA
330
CFF3
100
AcDbEntity
100
AcDbFace
8
MONTAJ_BORULARI
10
-817.6776695296637
20
197.6776695296637
30
0
11
-823.0969883127822
21
189.56708580912724
31
0
12
-823.0969883127822
22
189.56708580912724
32
1850
13
-817.6776695296637
23
197.6776695296637
33
1850
0
LINE
5
D1BB
330
CFF3
100
AcDbEntity
100
AcDbLine
8
MONTAJ_BORULARI
10
-817.6776695296637
20
197.6776695296637
30
0
11
-823.0969883127822
21
189.56708580912724
31
0
0
LINE
5
D1BC
330
CFF3
100
AcDbEntity
100
AcDbLine
8
MONTAJ_BORULARI
10
-817.6776695296637
20
197.6776695296637
30
1850
11
-823.0969883127822
21
189.56708580912724
31
1850
0
3DFACE
5
D1BD
330
CFF3
100
AcDbEntity
100
AcDbFace
8
MONTAJ_BORULARI
10
-823.0969883127822
20
189.56708580912724
30
0
11
-825
21
180
31
0
12
-825
22
180
32
1850
13
-823.0969883127822
23
189.56708580912724
33
1850
0
LINE
5
D1BE
330
CFF3
100
AcDbEntity
100
AcDbLine
8
MONTAJ_BORULARI
10
-823.0969883127822
20
189.56708580912724
30
0
11
-825
21
180
31
0
0
LINE
5
D1BF
330
CFF3
100
AcDbEntity
100
AcDbLine
8
MONTAJ_BORULARI
10
-823.0969883127822
20
189.56708580912724
30
1850
11
-825
21
180
31
1850
0
3DFACE
5
D1C0
330
CFF3
100
AcDbEntity
100
AcDbFace
8
MONTAJ_BORULARI
10
-825
20
180
30
0
11
-823.0969883127822
21
170.43291419087276
31
0
12
-823.0969883127822
22
170.43291419087276
32
1850
13
-825
23
180
33
1850
0
LINE
5
D1C1
330
CFF3
100
AcDbEntity
100
AcDbLine
8
MONTAJ_BORULARI
10
-825
20
180
30
0
11
-823.0969883127822
21
170.43291419087276
31
0
0
LINE
5
D1C2
330
CFF3
100
AcDbEntity
100
AcDbLine
8
MONTAJ_BORULARI
10
-825
20
180
30
1850
11
-823.0969883127822
21
170.43291419087276
31
1850
0
LINE
5
D1C3
330
CFF3
100
AcDbEntity
100
AcDbLine
8
MONTAJ_BORULARI
10
-825
20
180
30
0
11
-825
21
180
31
1850
0
3DFACE
5
D1C4
330
CFF3
100
AcDbEntity
100
AcDbFace
8
MONTAJ_BORULARI
10
-823.0969883127822
20
170.43291419087276
30
0
11
-817.6776695296637
21
162.3223304703363
31
0
12
-817.6776695296637
22
162.3223304703363
32
1850
13
-823.0969883127822
23
170.43291419087276
33
1850
0
LINE
5
D1C5
330
CFF3
100
AcDbEntity
100
AcDbLine
8
MONTAJ_BORULARI
10
-823.0969883127822
20
170.43291419087276
30
0
11
-817.6776695296637
21
162.3223304703363
31
0
0
LINE
5
D1C6
330
CFF3
100
AcDbEntity
100
AcDbLine
8
MONTAJ_BORULARI
10
-823.0969883127822
20
170.43291419087276
30
1850
11
-817.6776695296637
21
162.3223304703363
31
1850
0
3DFACE
5
D1C7
330
CFF3
100
AcDbEntity
100
AcDbFace
8
MONTAJ_BORULARI
10
-817.6776695296637
20
162.3223304703363
30
0
11
-809.5670858091272
21
156.90301168721783
31
0
12
-809.5670858091272
22
156.90301168721783
32
1850
13
-817.6776695296637
23
162.3223304703363
33
1850
0
LINE
5
D1C8
330
CFF3
100
AcDbEntity
100
AcDbLine
8
MONTAJ_BORULARI
10
-817.6776695296637
20
162.3223304703363
30
0
11
-809.5670858091272
21
156.90301168721783
31
0
0
LINE
5
D1C9
330
CFF3
100
AcDbEntity
100
AcDbLine
8
MONTAJ_BORULARI
10
-817.6776695296637
20
162.3223304703363
30
1850
11
-809.5670858091272
21
156.90301168721783
31
1850
0
3DFACE
5
D1CA
330
CFF3
100
AcDbEntity
100
AcDbFace
8
MONTAJ_BORULARI
10
-809.5670858091272
20
156.90301168721783
30
0
11
-800
21
155
31
0
12
-800
22
155
32
1850
13
-809.5670858091272
23
156.90301168721783
33
1850
0
LINE
5
D1CB
330
CFF3
100
AcDbEntity
100
AcDbLine
8
MONTAJ_BORULARI
10
-809.5670858091272
20
156.90301168721783
30
0
11
-800
21
155
31
0
0
LINE
5
D1CC
330
CFF3
100
AcDbEntity
100
AcDbLine
8
MONTAJ_BORULARI
10
-809.5670858091272
20
156.90301168721783
30
1850
11
-800
21
155
31
1850
0
3DFACE
5
D1CD
330
CFF3
100
AcDbEntity
100
AcDbFace
8
MONTAJ_BORULARI
10
-800
20
155
30
0
11
-790.4329141908728
21
156.90301168721783
31
0
12
-790.4329141908728
22
156.90301168721783
32
1850
13
-800
23
155
33
1850
0
LINE
5
D1CE
330
CFF3
100
AcDbEntity
100
AcDbLine
8
MONTAJ_BORULARI
10
-800
20
155
30
0
11
-790.4329141908728
21
156.90301168721783
31
0
0
LINE
5
D1CF
330
CFF3
100
AcDbEntity
100
AcDbLine
8
MONTAJ_BORULARI
10
-800
20
155
30
1850
11
-790.4329141908728
21
156.90301168721783
31
1850
0
LINE
5
D1D0
330
CFF3
100
AcDbEntity
100
AcDbLine
8
MONTAJ_BORULARI
10
-800
20
155
30
0
11
-800
21
155
31
1850
0
3DFACE
5
D1D1
330
CFF3
100
AcDbEntity
100
AcDbFace
8
MONTAJ_BORULARI
10
-790.4329141908728
20
156.90301168721783
30
0
11
-782.3223304703363
21
162.3223304703363
31
0
12
-782.3223304703363
22
162.3223304703363
32
1850
13
-790.4329141908728
23
156.90301168721783
33
1850
0
LINE
5
D1D2
330
CFF3
100
AcDbEntity
100
AcDbLine
8
MONTAJ_BORULARI
10
-790.4329141908728
20
156.90301168721783
30
0
11
-782.3223304703363
21
162.3223304703363
31
0
0
LINE
5
D1D3
330
CFF3
100
AcDbEntity
100
AcDbLine
8
MONTAJ_BORULARI
10
-790.4329141908728
20
156.90301168721783
30
1850
11
-782.3223304703363
21
162.3223304703363
31
1850
0
3DFACE
5
D1D4
330
CFF3
100
AcDbEntity
100
AcDbFace
8
MONTAJ_BORULARI
10
-782.3223304703363
20
162.3223304703363
30
0
11
-776.9030116872178
21
170.43291419087274
31
0
12
-776.9030116872178
22
170.43291419087274
32
1850
13
-782.3223304703363
23
162.3223304703363
33
1850
0
LINE
5
D1D5
330
CFF3
100
AcDbEntity
100
AcDbLine
8
MONTAJ_BORULARI
10
-782.3223304703363
20
162.3223304703363
30
0
11
-776.9030116872178
21
170.43291419087274
31
0
0
LINE
5
D1D6
330
CFF3
100
AcDbEntity
100
AcDbLine
8
MONTAJ_BORULARI
10
-782.3223304703363
20
162.3223304703363
30
1850
11
-776.9030116872178
21
170.43291419087274
31
1850
0
3DFACE
5
D1D7
330
CFF3
100
AcDbEntity
100
AcDbFace
8
MONTAJ_BORULARI
10
-776.9030116872178
20
170.43291419087274
30
0
11
-775
21
180
31
0
12
-775
22
180
32
1850
13
-776.9030116872178
23
170.43291419087274
33
1850
0
LINE
5
D1D8
330
CFF3
100
AcDbEntity
100
AcDbLine
8
MONTAJ_BORULARI
10
-776.9030116872178
20
170.43291419087274
30
0
11
-775
21
180
31
0
0
LINE
5
D1D9
330
CFF3
100
AcDbEntity
100
AcDbLine
8
MONTAJ_BORULARI
10
-776.9030116872178
20
170.43291419087274
30
1850
11
-775
21
180
31
1850
0
3DFACE
5
D1DA
330
CFF3
100
AcDbEntity
100
AcDbFace
8
MONTAJ_BORULARI
10
-775
20
180
30
0
11
-776.9030116872178
21
189.56708580912724
31
0
12
-782.3223304703363
22
197.6776695296637
32
0
13
-782.3223304703363
23
197.6776695296637
33
0
0
3DFACE
5
D1DB
330
CFF3
100
AcDbEntity
100
AcDbFace
8
MONTAJ_BORULARI
10
-775
20
180
30
1850
11
-776.9030116872178
21
189.56708580912724
31
1850
12
-782.3223304703363
22
197.6776695296637
32
1850
13
-782.3223304703363
23
197.6776695296637
33
1850
0
3DFACE
5
D1DC
330
CFF3
100
AcDbEntity
100
AcDbFace
8
MONTAJ_BORULARI
10
-775
20
180
30
0
11
-782.3223304703363
21
197.6776695296637
31
0
12
-790.4329141908728
22
203.09698831278217
32
0
13
-790.4329141908728
23
203.09698831278217
33
0
0
3DFACE
5
D1DD
330
CFF3
100
AcDbEntity
100
AcDbFace
8
MONTAJ_BORULARI
10
-775
20
180
30
1850
11
-782.3223304703363
21
197.6776695296637
31
1850
12
-790.4329141908728
22
203.09698831278217
32
1850
13
-790.4329141908728
23
203.09698831278217
33
1850
0
3DFACE
5
D1DE
330
CFF3
100
AcDbEntity
100
AcDbFace
8
MONTAJ_BORULARI
10
-775
20
180
30
0
11
-790.4329141908728
21
203.09698831278217
31
0
12
-800
22
205
32
0
13
-800
23
205
33
0
0
3DFACE
5
D1DF
330
CFF3
100
AcDbEntity
100
AcDbFace
8
MONTAJ_BORULARI
10
-775
20
180
30
1850
11
-790.4329141908728
21
203.09698831278217
31
1850
12
-800
22
205
32
1850
13
-800
23
205
33
1850
0
3DFACE
5
D1E0
330
CFF3
100
AcDbEntity
100
AcDbFace
8
MONTAJ_BORULARI
10
-775
20
180
30
0
11
-800
21
205
31
0
12
-809.5670858091272
22
203.09698831278217
32
0
13
-809.5670858091272
23
203.09698831278217
33
0
0
3DFACE
5
D1E1
330
CFF3
100
AcDbEntity
100
AcDbFace
8
MONTAJ_BORULARI
10
-775
20
180
30
1850
11
-800
21
205
31
1850
12
-809.5670858091272
22
203.09698831278217
32
1850
13
-809.5670858091272
23
203.09698831278217
33
1850
0
3DFACE
5
D1E2
330
CFF3
100
AcDbEntity
100
AcDbFace
8
MONTAJ_BORULARI
10
-775
20
180
30
0
11
-809.5670858091272
21
203.09698831278217
31
0
12
-817.6776695296637
22
197.6776695296637
32
0
13
-817.6776695296637
23
197.6776695296637
33
0
0
3DFACE
5
D1E3
330
CFF3
100
AcDbEntity
100
AcDbFace
8
MONTAJ_BORULARI
10
-775
20
180
30
1850
11
-809.5670858091272
21
203.09698831278217
31
1850
12
-817.6776695296637
22
197.6776695296637
32
1850
13
-817.6776695296637
23
197.6776695296637
33
1850
0
3DFACE
5
D1E4
330
CFF3
100
AcDbEntity
100
AcDbFace
8
MONTAJ_BORULARI
10
-775
20
180
30
0
11
-817.6776695296637
21
197.6776695296637
31
0
12
-823.0969883127822
22
189.56708580912724
32
0
13
-823.0969883127822
23
189.56708580912724
33
0
0
3DFACE
5
D1E5
330
CFF3
100
AcDbEntity
100
AcDbFace
8
MONTAJ_BORULARI
10
-775
20
180
30
1850
11
-817.6776695296637
21
197.6776695296637
31
1850
12
-823.0969883127822
22
189.56708580912724
32
1850
13
-823.0969883127822
23
189.56708580912724
33
1850
0
3DFACE
5
D1E6
330
CFF3
100
AcDbEntity
100
AcDbFace
8
MONTAJ_BORULARI
10
-775
20
180
30
0
11
-823.0969883127822
21
189.56708580912724
31
0
12
-825
22
180
32
0
13
-825
23
180
33
0
0
3DFACE
5
D1E7
330
CFF3
100
AcDbEntity
100
AcDbFace
8
MONTAJ_BORULARI
10
-775
20
180
30
1850
11
-823.0969883127822
21
189.56708580912724
31
1850
12
-825
22
180
32
1850
13
-825
23
180
33
1850
0
3DFACE
5
D1E8
330
CFF3
100
AcDbEntity
100
AcDbFace
8
MONTAJ_BORULARI
10
-775
20
180
30
0
11
-825
21
180
31
0
12
-823.0969883127822
22
170.43291419087276
32
0
13
-823.0969883127822
23
170.43291419087276
33
0
0
3DFACE
5
D1E9
330
CFF3
100
AcDbEntity
100
AcDbFace
8
MONTAJ_BORULARI
10
-775
20
180
30
1850
11
-825
21
180
31
1850
12
-823.0969883127822
22
170.43291419087276
32
1850
13
-823.0969883127822
23
170.43291419087276
33
1850
0
3DFACE
5
D1EA
330
CFF3
100
AcDbEntity
100
AcDbFace
8
MONTAJ_BORULARI
10
-775
20
180
30
0
11
-823.0969883127822
21
170.43291419087276
31
0
12
-817.6776695296637
22
162.3223304703363
32
0
13
-817.6776695296637
23
162.3223304703363
33
0
0
3DFACE
5
D1EB
330
CFF3
100
AcDbEntity
100
AcDbFace
8
MONTAJ_BORULARI
10
-775
20
180
30
1850
11
-823.0969883127822
21
170.43291419087276
31
1850
12
-817.6776695296637
22
162.3223304703363
32
1850
13
-817.6776695296637
23
162.3223304703363
33
1850
0
3DFACE
5
D1EC
330
CFF3
100
AcDbEntity
100
AcDbFace
8
MONTAJ_BORULARI
10
-775
20
180
30
0
11
-817.6776695296637
21
162.3223304703363
31
0
12
-809.5670858091272
22
156.90301168721783
32
0
13
-809.5670858091272
23
156.90301168721783
33
0
0
3DFACE
5
D1ED
330
CFF3
100
AcDbEntity
100
AcDbFace
8
MONTAJ_BORULARI
10
-775
20
180
30
1850
11
-817.6776695296637
21
162.3223304703363
31
1850
12
-809.5670858091272
22
156.90301168721783
32
1850
13
-809.5670858091272
23
156.90301168721783
33
1850
0
3DFACE
5
D1EE
330
CFF3
100
AcDbEntity
100
AcDbFace
8
MONTAJ_BORULARI
10
-775
20
180
30
0
11
-809.5670858091272
21
156.90301168721783
31
0
12
-800
22
155
32
0
13
-800
23
155
33
0
0
3DFACE
5
D1EF
330
CFF3
100
AcDbEntity
100
AcDbFace
8
MONTAJ_BORULARI
10
-775
20
180
30
1850
11
-809.5670858091272
21
156.90301168721783
31
1850
12
-800
22
155
32
1850
13
-800
23
155
33
1850
0
3DFACE
5
D1F0
330
CFF3
100
AcDbEntity
100
AcDbFace
8
MONTAJ_BORULARI
10
-775
20
180
30
0
11
-800
21
155
31
0
12
-790.4329141908728
22
156.90301168721783
32
0
13
-790.4329141908728
23
156.90301168721783
33
0
0
3DFACE
5
D1F1
330
CFF3
100
AcDbEntity
100
AcDbFace
8
MONTAJ_BORULARI
10
-775
20
180
30
1850
11
-800
21
155
31
1850
12
-790.4329141908728
22
156.90301168721783
32
1850
13
-790.4329141908728
23
156.90301168721783
33
1850
0
3DFACE
5
D1F2
330
CFF3
100
AcDbEntity
100
AcDbFace
8
MONTAJ_BORULARI
10
-775
20
180
30
0
11
-790.4329141908728
21
156.90301168721783
31
0
12
-782.3223304703363
22
162.3223304703363
32
0
13
-782.3223304703363
23
162.3223304703363
33
0
0
3DFACE
5
D1F3
330
CFF3
100
AcDbEntity
100
AcDbFace
8
MONTAJ_BORULARI
10
-775
20
180
30
1850
11
-790.4329141908728
21
156.90301168721783
31
1850
12
-782.3223304703363
22
162.3223304703363
32
1850
13
-782.3223304703363
23
162.3223304703363
33
1850
0
3DFACE
5
D1F4
330
CFF3
100
AcDbEntity
100
AcDbFace
8
MONTAJ_BORULARI
10
-775
20
180
30
0
11
-782.3223304703363
21
162.3223304703363
31
0
12
-776.9030116872178
22
170.43291419087274
32
0
13
-776.9030116872178
23
170.43291419087274
33
0
0
3DFACE
5
D1F5
330
CFF3
100
AcDbEntity
100
AcDbFace
8
MONTAJ_BORULARI
10
-775
20
180
30
1850
11
-782.3223304703363
21
162.3223304703363
31
1850
12
-776.9030116872178
22
170.43291419087274
32
1850
13
-776.9030116872178
23
170.43291419087274
33
1850
0
3DFACE
5
D1F6
330
CFF3
100
AcDbEntity
100
AcDbFace
8
MONTAJ_BORULARI
10
-880
20
100
30
0
11
-720
21
100
31
0
12
-720
22
260
32
0
13
-880
23
260
33
0
0
3DFACE
5
D1F7
330
CFF3
100
AcDbEntity
100
AcDbFace
8
MONTAJ_BORULARI
10
-880
20
100
30
15
11
-720
21
100
31
15
12
-720
22
260
32
15
13
-880
23
260
33
15
0
3DFACE
5
D1F8
330
CFF3
100
AcDbEntity
100
AcDbFace
8
MONTAJ_BORULARI
10
-880
20
100
30
0
11
-720
21
100
31
0
12
-720
22
100
32
15
13
-880
23
100
33
15
0
3DFACE
5
D1F9
330
CFF3
100
AcDbEntity
100
AcDbFace
8
MONTAJ_BORULARI
10
-880
20
260
30
0
11
-720
21
260
31
0
12
-720
22
260
32
15
13
-880
23
260
33
15
0
3DFACE
5
D1FA
330
CFF3
100
AcDbEntity
100
AcDbFace
8
MONTAJ_BORULARI
10
-880
20
100
30
0
11
-880
21
260
31
0
12
-880
22
260
32
15
13
-880
23
100
33
15
0
3DFACE
5
D1FB
330
CFF3
100
AcDbEntity
100
AcDbFace
8
MONTAJ_BORULARI
10
-720
20
100
30
0
11
-720
21
260
31
0
12
-720
22
260
32
15
13
-720
23
100
33
15
0
LINE
5
D1FC
330
CFF3
100
AcDbEntity
100
AcDbLine
8
MONTAJ_BORULARI
10
-880
20
100
30
0
11
-720
21
100
31
0
0
LINE
5
D1FD
330
CFF3
100
AcDbEntity
100
AcDbLine
8
MONTAJ_BORULARI
10
-720
20
100
30
0
11
-720
21
260
31
0
0
LINE
5
D1FE
330
CFF3
100
AcDbEntity
100
AcDbLine
8
MONTAJ_BORULARI
10
-720
20
260
30
0
11
-880
21
260
31
0
0
LINE
5
D1FF
330
CFF3
100
AcDbEntity
100
AcDbLine
8
MONTAJ_BORULARI
10
-880
20
260
30
0
11
-880
21
100
31
0
0
LINE
5
D200
330
CFF3
100
AcDbEntity
100
AcDbLine
8
MONTAJ_BORULARI
10
-880
20
100
30
15
11
-720
21
100
31
15
0
LINE
5
D201
330
CFF3
100
AcDbEntity
100
AcDbLine
8
MONTAJ_BORULARI
10
-720
20
100
30
15
11
-720
21
260
31
15
0
LINE
5
D202
330
CFF3
100
AcDbEntity
100
AcDbLine
8
MONTAJ_BORULARI
10
-720
20
260
30
15
11
-880
21
260
31
15
0
LINE
5
D203
330
CFF3
100
AcDbEntity
100
AcDbLine
8
MONTAJ_BORULARI
10
-880
20
260
30
15
11
-880
21
100
31
15
0
LINE
5
D204
330
CFF3
100
AcDbEntity
100
AcDbLine
8
MONTAJ_BORULARI
10
-880
20
100
30
0
11
-880
21
100
31
15
0
LINE
5
D205
330
CFF3
100
AcDbEntity
100
AcDbLine
8
MONTAJ_BORULARI
10
-720
20
100
30
0
11
-720
21
100
31
15
0
LINE
5
D206
330
CFF3
100
AcDbEntity
100
AcDbLine
8
MONTAJ_BORULARI
10
-720
20
260
30
0
11
-720
21
260
31
15
0
LINE
5
D207
330
CFF3
100
AcDbEntity
100
AcDbLine
8
MONTAJ_BORULARI
10
-880
20
260
30
0
11
-880
21
260
31
15
0
3DFACE
5
D208
330
CFF3
100
AcDbEntity
100
AcDbFace
8
MONTAJ_BORULARI
10
-775
20
360
30
0
11
-776.9030116872178
21
369.56708580912726
31
0
12
-776.9030116872178
22
369.56708580912726
32
1850
13
-775
23
360
33
1850
0
LINE
5
D209
330
CFF3
100
AcDbEntity
100
AcDbLine
8
MONTAJ_BORULARI
10
-775
20
360
30
0
11
-776.9030116872178
21
369.56708580912726
31
0
0
LINE
5
D20A
330
CFF3
100
AcDbEntity
100
AcDbLine
8
MONTAJ_BORULARI
10
-775
20
360
30
1850
11
-776.9030116872178
21
369.56708580912726
31
1850
0
LINE
5
D20B
330
CFF3
100
AcDbEntity
100
AcDbLine
8
MONTAJ_BORULARI
10
-775
20
360
30
0
11
-775
21
360
31
1850
0
3DFACE
5
D20C
330
CFF3
100
AcDbEntity
100
AcDbFace
8
MONTAJ_BORULARI
10
-776.9030116872178
20
369.56708580912726
30
0
11
-782.3223304703363
21
377.67766952966366
31
0
12
-782.3223304703363
22
377.67766952966366
32
1850
13
-776.9030116872178
23
369.56708580912726
33
1850
0
LINE
5
D20D
330
CFF3
100
AcDbEntity
100
AcDbLine
8
MONTAJ_BORULARI
10
-776.9030116872178
20
369.56708580912726
30
0
11
-782.3223304703363
21
377.67766952966366
31
0
0
LINE
5
D20E
330
CFF3
100
AcDbEntity
100
AcDbLine
8
MONTAJ_BORULARI
10
-776.9030116872178
20
369.56708580912726
30
1850
11
-782.3223304703363
21
377.67766952966366
31
1850
0
3DFACE
5
D20F
330
CFF3
100
AcDbEntity
100
AcDbFace
8
MONTAJ_BORULARI
10
-782.3223304703363
20
377.67766952966366
30
0
11
-790.4329141908728
21
383.0969883127822
31
0
12
-790.4329141908728
22
383.0969883127822
32
1850
13
-782.3223304703363
23
377.67766952966366
33
1850
0
LINE
5
D210
330
CFF3
100
AcDbEntity
100
AcDbLine
8
MONTAJ_BORULARI
10
-782.3223304703363
20
377.67766952966366
30
0
11
-790.4329141908728
21
383.0969883127822
31
0
0
LINE
5
D211
330
CFF3
100
AcDbEntity
100
AcDbLine
8
MONTAJ_BORULARI
10
-782.3223304703363
20
377.67766952966366
30
1850
11
-790.4329141908728
21
383.0969883127822
31
1850
0
3DFACE
5
D212
330
CFF3
100
AcDbEntity
100
AcDbFace
8
MONTAJ_BORULARI
10
-790.4329141908728
20
383.0969883127822
30
0
11
-800
21
385
31
0
12
-800
22
385
32
1850
13
-790.4329141908728
23
383.0969883127822
33
1850
0
LINE
5
D213
330
CFF3
100
AcDbEntity
100
AcDbLine
8
MONTAJ_BORULARI
10
-790.4329141908728
20
383.0969883127822
30
0
11
-800
21
385
31
0
0
LINE
5
D214
330
CFF3
100
AcDbEntity
100
AcDbLine
8
MONTAJ_BORULARI
10
-790.4329141908728
20
383.0969883127822
30
1850
11
-800
21
385
31
1850
0
3DFACE
5
D215
330
CFF3
100
AcDbEntity
100
AcDbFace
8
MONTAJ_BORULARI
10
-800
20
385
30
0
11
-809.5670858091272
21
383.0969883127822
31
0
12
-809.5670858091272
22
383.0969883127822
32
1850
13
-800
23
385
33
1850
0
LINE
5
D216
330
CFF3
100
AcDbEntity
100
AcDbLine
8
MONTAJ_BORULARI
10
-800
20
385
30
0
11
-809.5670858091272
21
383.0969883127822
31
0
0
LINE
5
D217
330
CFF3
100
AcDbEntity
100
AcDbLine
8
MONTAJ_BORULARI
10
-800
20
385
30
1850
11
-809.5670858091272
21
383.0969883127822
31
1850
0
LINE
5
D218
330
CFF3
100
AcDbEntity
100
AcDbLine
8
MONTAJ_BORULARI
10
-800
20
385
30
0
11
-800
21
385
31
1850
0
3DFACE
5
D219
330
CFF3
100
AcDbEntity
100
AcDbFace
8
MONTAJ_BORULARI
10
-809.5670858091272
20
383.0969883127822
30
0
11
-817.6776695296637
21
377.6776695296637
31
0
12
-817.6776695296637
22
377.6776695296637
32
1850
13
-809.5670858091272
23
383.0969883127822
33
1850
0
LINE
5
D21A
330
CFF3
100
AcDbEntity
100
AcDbLine
8
MONTAJ_BORULARI
10
-809.5670858091272
20
383.0969883127822
30
0
11
-817.6776695296637
21
377.6776695296637
31
0
0
LINE
5
D21B
330
CFF3
100
AcDbEntity
100
AcDbLine
8
MONTAJ_BORULARI
10
-809.5670858091272
20
383.0969883127822
30
1850
11
-817.6776695296637
21
377.6776695296637
31
1850
0
3DFACE
5
D21C
330
CFF3
100
AcDbEntity
100
AcDbFace
8
MONTAJ_BORULARI
10
-817.6776695296637
20
377.6776695296637
30
0
11
-823.0969883127822
21
369.56708580912726
31
0
12
-823.0969883127822
22
369.56708580912726
32
1850
13
-817.6776695296637
23
377.6776695296637
33
1850
0
LINE
5
D21D
330
CFF3
100
AcDbEntity
100
AcDbLine
8
MONTAJ_BORULARI
10
-817.6776695296637
20
377.6776695296637
30
0
11
-823.0969883127822
21
369.56708580912726
31
0
0
LINE
5
D21E
330
CFF3
100
AcDbEntity
100
AcDbLine
8
MONTAJ_BORULARI
10
-817.6776695296637
20
377.6776695296637
30
1850
11
-823.0969883127822
21
369.56708580912726
31
1850
0
3DFACE
5
D21F
330
CFF3
100
AcDbEntity
100
AcDbFace
8
MONTAJ_BORULARI
10
-823.0969883127822
20
369.56708580912726
30
0
11
-825
21
360
31
0
12
-825
22
360
32
1850
13
-823.0969883127822
23
369.56708580912726
33
1850
0
LINE
5
D220
330
CFF3
100
AcDbEntity
100
AcDbLine
8
MONTAJ_BORULARI
10
-823.0969883127822
20
369.56708580912726
30
0
11
-825
21
360
31
0
0
LINE
5
D221
330
CFF3
100
AcDbEntity
100
AcDbLine
8
MONTAJ_BORULARI
10
-823.0969883127822
20
369.56708580912726
30
1850
11
-825
21
360
31
1850
0
3DFACE
5
D222
330
CFF3
100
AcDbEntity
100
AcDbFace
8
MONTAJ_BORULARI
10
-825
20
360
30
0
11
-823.0969883127822
21
350.43291419087274
31
0
12
-823.0969883127822
22
350.43291419087274
32
1850
13
-825
23
360
33
1850
0
LINE
5
D223
330
CFF3
100
AcDbEntity
100
AcDbLine
8
MONTAJ_BORULARI
10
-825
20
360
30
0
11
-823.0969883127822
21
350.43291419087274
31
0
0
LINE
5
D224
330
CFF3
100
AcDbEntity
100
AcDbLine
8
MONTAJ_BORULARI
10
-825
20
360
30
1850
11
-823.0969883127822
21
350.43291419087274
31
1850
0
LINE
5
D225
330
CFF3
100
AcDbEntity
100
AcDbLine
8
MONTAJ_BORULARI
10
-825
20
360
30
0
11
-825
21
360
31
1850
0
3DFACE
5
D226
330
CFF3
100
AcDbEntity
100
AcDbFace
8
MONTAJ_BORULARI
10
-823.0969883127822
20
350.43291419087274
30
0
11
-817.6776695296637
21
342.32233047033634
31
0
12
-817.6776695296637
22
342.32233047033634
32
1850
13
-823.0969883127822
23
350.43291419087274
33
1850
0
LINE
5
D227
330
CFF3
100
AcDbEntity
100
AcDbLine
8
MONTAJ_BORULARI
10
-823.0969883127822
20
350.43291419087274
30
0
11
-817.6776695296637
21
342.32233047033634
31
0
0
LINE
5
D228
330
CFF3
100
AcDbEntity
100
AcDbLine
8
MONTAJ_BORULARI
10
-823.0969883127822
20
350.43291419087274
30
1850
11
-817.6776695296637
21
342.32233047033634
31
1850
0
3DFACE
5
D229
330
CFF3
100
AcDbEntity
100
AcDbFace
8
MONTAJ_BORULARI
10
-817.6776695296637
20
342.32233047033634
30
0
11
-809.5670858091272
21
336.9030116872178
31
0
12
-809.5670858091272
22
336.9030116872178
32
1850
13
-817.6776695296637
23
342.32233047033634
33
1850
0
LINE
5
D22A
330
CFF3
100
AcDbEntity
100
AcDbLine
8
MONTAJ_BORULARI
10
-817.6776695296637
20
342.32233047033634
30
0
11
-809.5670858091272
21
336.9030116872178
31
0
0
LINE
5
D22B
330
CFF3
100
AcDbEntity
100
AcDbLine
8
MONTAJ_BORULARI
10
-817.6776695296637
20
342.32233047033634
30
1850
11
-809.5670858091272
21
336.9030116872178
31
1850
0
3DFACE
5
D22C
330
CFF3
100
AcDbEntity
100
AcDbFace
8
MONTAJ_BORULARI
10
-809.5670858091272
20
336.9030116872178
30
0
11
-800
21
335
31
0
12
-800
22
335
32
1850
13
-809.5670858091272
23
336.9030116872178
33
1850
0
LINE
5
D22D
330
CFF3
100
AcDbEntity
100
AcDbLine
8
MONTAJ_BORULARI
10
-809.5670858091272
20
336.9030116872178
30
0
11
-800
21
335
31
0
0
LINE
5
D22E
330
CFF3
100
AcDbEntity
100
AcDbLine
8
MONTAJ_BORULARI
10
-809.5670858091272
20
336.9030116872178
30
1850
11
-800
21
335
31
1850
0
3DFACE
5
D22F
330
CFF3
100
AcDbEntity
100
AcDbFace
8
MONTAJ_BORULARI
10
-800
20
335
30
0
11
-790.4329141908728
21
336.9030116872178
31
0
12
-790.4329141908728
22
336.9030116872178
32
1850
13
-800
23
335
33
1850
0
LINE
5
D230
330
CFF3
100
AcDbEntity
100
AcDbLine
8
MONTAJ_BORULARI
10
-800
20
335
30
0
11
-790.4329141908728
21
336.9030116872178
31
0
0
LINE
5
D231
330
CFF3
100
AcDbEntity
100
AcDbLine
8
MONTAJ_BORULARI
10
-800
20
335
30
1850
11
-790.4329141908728
21
336.9030116872178
31
1850
0
LINE
5
D232
330
CFF3
100
AcDbEntity
100
AcDbLine
8
MONTAJ_BORULARI
10
-800
20
335
30
0
11
-800
21
335
31
1850
0
3DFACE
5
D233
330
CFF3
100
AcDbEntity
100
AcDbFace
8
MONTAJ_BORULARI
10
-790.4329141908728
20
336.9030116872178
30
0
11
-782.3223304703363
21
342.3223304703363
31
0
12
-782.3223304703363
22
342.3223304703363
32
1850
13
-790.4329141908728
23
336.9030116872178
33
1850
0
LINE
5
D234
330
CFF3
100
AcDbEntity
100
AcDbLine
8
MONTAJ_BORULARI
10
-790.4329141908728
20
336.9030116872178
30
0
11
-782.3223304703363
21
342.3223304703363
31
0
0
LINE
5
D235
330
CFF3
100
AcDbEntity
100
AcDbLine
8
MONTAJ_BORULARI
10
-790.4329141908728
20
336.9030116872178
30
1850
11
-782.3223304703363
21
342.3223304703363
31
1850
0
3DFACE
5
D236
330
CFF3
100
AcDbEntity
100
AcDbFace
8
MONTAJ_BORULARI
10
-782.3223304703363
20
342.3223304703363
30
0
11
-776.9030116872178
21
350.43291419087274
31
0
12
-776.9030116872178
22
350.43291419087274
32
1850
13
-782.3223304703363
23
342.3223304703363
33
1850
0
LINE
5
D237
330
CFF3
100
AcDbEntity
100
AcDbLine
8
MONTAJ_BORULARI
10
-782.3223304703363
20
342.3223304703363
30
0
11
-776.9030116872178
21
350.43291419087274
31
0
0
LINE
5
D238
330
CFF3
100
AcDbEntity
100
AcDbLine
8
MONTAJ_BORULARI
10
-782.3223304703363
20
342.3223304703363
30
1850
11
-776.9030116872178
21
350.43291419087274
31
1850
0
3DFACE
5
D239
330
CFF3
100
AcDbEntity
100
AcDbFace
8
MONTAJ_BORULARI
10
-776.9030116872178
20
350.43291419087274
30
0
11
-775
21
360
31
0
12
-775
22
360
32
1850
13
-776.9030116872178
23
350.43291419087274
33
1850
0
LINE
5
D23A
330
CFF3
100
AcDbEntity
100
AcDbLine
8
MONTAJ_BORULARI
10
-776.9030116872178
20
350.43291419087274
30
0
11
-775
21
360
31
0
0
LINE
5
D23B
330
CFF3
100
AcDbEntity
100
AcDbLine
8
MONTAJ_BORULARI
10
-776.9030116872178
20
350.43291419087274
30
1850
11
-775
21
360
31
1850
0
3DFACE
5
D23C
330
CFF3
100
AcDbEntity
100
AcDbFace
8
MONTAJ_BORULARI
10
-775
20
360
30
0
11
-776.9030116872178
21
369.56708580912726
31
0
12
-782.3223304703363
22
377.67766952966366
32
0
13
-782.3223304703363
23
377.67766952966366
33
0
0
3DFACE
5
D23D
330
CFF3
100
AcDbEntity
100
AcDbFace
8
MONTAJ_BORULARI
10
-775
20
360
30
1850
11
-776.9030116872178
21
369.56708580912726
31
1850
12
-782.3223304703363
22
377.67766952966366
32
1850
13
-782.3223304703363
23
377.67766952966366
33
1850
0
3DFACE
5
D23E
330
CFF3
100
AcDbEntity
100
AcDbFace
8
MONTAJ_BORULARI
10
-775
20
360
30
0
11
-782.3223304703363
21
377.67766952966366
31
0
12
-790.4329141908728
22
383.0969883127822
32
0
13
-790.4329141908728
23
383.0969883127822
33
0
0
3DFACE
5
D23F
330
CFF3
100
AcDbEntity
100
AcDbFace
8
MONTAJ_BORULARI
10
-775
20
360
30
1850
11
-782.3223304703363
21
377.67766952966366
31
1850
12
-790.4329141908728
22
383.0969883127822
32
1850
13
-790.4329141908728
23
383.0969883127822
33
1850
0
3DFACE
5
D240
330
CFF3
100
AcDbEntity
100
AcDbFace
8
MONTAJ_BORULARI
10
-775
20
360
30
0
11
-790.4329141908728
21
383.0969883127822
31
0
12
-800
22
385
32
0
13
-800
23
385
33
0
0
3DFACE
5
D241
330
CFF3
100
AcDbEntity
100
AcDbFace
8
MONTAJ_BORULARI
10
-775
20
360
30
1850
11
-790.4329141908728
21
383.0969883127822
31
1850
12
-800
22
385
32
1850
13
-800
23
385
33
1850
0
3DFACE
5
D242
330
CFF3
100
AcDbEntity
100
AcDbFace
8
MONTAJ_BORULARI
10
-775
20
360
30
0
11
-800
21
385
31
0
12
-809.5670858091272
22
383.0969883127822
32
0
13
-809.5670858091272
23
383.0969883127822
33
0
0
3DFACE
5
D243
330
CFF3
100
AcDbEntity
100
AcDbFace
8
MONTAJ_BORULARI
10
-775
20
360
30
1850
11
-800
21
385
31
1850
12
-809.5670858091272
22
383.0969883127822
32
1850
13
-809.5670858091272
23
383.0969883127822
33
1850
0
3DFACE
5
D244
330
CFF3
100
AcDbEntity
100
AcDbFace
8
MONTAJ_BORULARI
10
-775
20
360
30
0
11
-809.5670858091272
21
383.0969883127822
31
0
12
-817.6776695296637
22
377.6776695296637
32
0
13
-817.6776695296637
23
377.6776695296637
33
0
0
3DFACE
5
D245
330
CFF3
100
AcDbEntity
100
AcDbFace
8
MONTAJ_BORULARI
10
-775
20
360
30
1850
11
-809.5670858091272
21
383.0969883127822
31
1850
12
-817.6776695296637
22
377.6776695296637
32
1850
13
-817.6776695296637
23
377.6776695296637
33
1850
0
3DFACE
5
D246
330
CFF3
100
AcDbEntity
100
AcDbFace
8
MONTAJ_BORULARI
10
-775
20
360
30
0
11
-817.6776695296637
21
377.6776695296637
31
0
12
-823.0969883127822
22
369.56708580912726
32
0
13
-823.0969883127822
23
369.56708580912726
33
0
0
3DFACE
5
D247
330
CFF3
100
AcDbEntity
100
AcDbFace
8
MONTAJ_BORULARI
10
-775
20
360
30
1850
11
-817.6776695296637
21
377.6776695296637
31
1850
12
-823.0969883127822
22
369.56708580912726
32
1850
13
-823.0969883127822
23
369.56708580912726
33
1850
0
3DFACE
5
D248
330
CFF3
100
AcDbEntity
100
AcDbFace
8
MONTAJ_BORULARI
10
-775
20
360
30
0
11
-823.0969883127822
21
369.56708580912726
31
0
12
-825
22
360
32
0
13
-825
23
360
33
0
0
3DFACE
5
D249
330
CFF3
100
AcDbEntity
100
AcDbFace
8
MONTAJ_BORULARI
10
-775
20
360
30
1850
11
-823.0969883127822
21
369.56708580912726
31
1850
12
-825
22
360
32
1850
13
-825
23
360
33
1850
0
3DFACE
5
D24A
330
CFF3
100
AcDbEntity
100
AcDbFace
8
MONTAJ_BORULARI
10
-775
20
360
30
0
11
-825
21
360
31
0
12
-823.0969883127822
22
350.43291419087274
32
0
13
-823.0969883127822
23
350.43291419087274
33
0
0
3DFACE
5
D24B
330
CFF3
100
AcDbEntity
100
AcDbFace
8
MONTAJ_BORULARI
10
-775
20
360
30
1850
11
-825
21
360
31
1850
12
-823.0969883127822
22
350.43291419087274
32
1850
13
-823.0969883127822
23
350.43291419087274
33
1850
0
3DFACE
5
D24C
330
CFF3
100
AcDbEntity
100
AcDbFace
8
MONTAJ_BORULARI
10
-775
20
360
30
0
11
-823.0969883127822
21
350.43291419087274
31
0
12
-817.6776695296637
22
342.32233047033634
32
0
13
-817.6776695296637
23
342.32233047033634
33
0
0
3DFACE
5
D24D
330
CFF3
100
AcDbEntity
100
AcDbFace
8
MONTAJ_BORULARI
10
-775
20
360
30
1850
11
-823.0969883127822
21
350.43291419087274
31
1850
12
-817.6776695296637
22
342.32233047033634
32
1850
13
-817.6776695296637
23
342.32233047033634
33
1850
0
3DFACE
5
D24E
330
CFF3
100
AcDbEntity
100
AcDbFace
8
MONTAJ_BORULARI
10
-775
20
360
30
0
11
-817.6776695296637
21
342.32233047033634
31
0
12
-809.5670858091272
22
336.9030116872178
32
0
13
-809.5670858091272
23
336.9030116872178
33
0
0
3DFACE
5
D24F
330
CFF3
100
AcDbEntity
100
AcDbFace
8
MONTAJ_BORULARI
10
-775
20
360
30
1850
11
-817.6776695296637
21
342.32233047033634
31
1850
12
-809.5670858091272
22
336.9030116872178
32
1850
13
-809.5670858091272
23
336.9030116872178
33
1850
0
3DFACE
5
D250
330
CFF3
100
AcDbEntity
100
AcDbFace
8
MONTAJ_BORULARI
10
-775
20
360
30
0
11
-809.5670858091272
21
336.9030116872178
31
0
12
-800
22
335
32
0
13
-800
23
335
33
0
0
3DFACE
5
D251
330
CFF3
100
AcDbEntity
100
AcDbFace
8
MONTAJ_BORULARI
10
-775
20
360
30
1850
11
-809.5670858091272
21
336.9030116872178
31
1850
12
-800
22
335
32
1850
13
-800
23
335
33
1850
0
3DFACE
5
D252
330
CFF3
100
AcDbEntity
100
AcDbFace
8
MONTAJ_BORULARI
10
-775
20
360
30
0
11
-800
21
335
31
0
12
-790.4329141908728
22
336.9030116872178
32
0
13
-790.4329141908728
23
336.9030116872178
33
0
0
3DFACE
5
D253
330
CFF3
100
AcDbEntity
100
AcDbFace
8
MONTAJ_BORULARI
10
-775
20
360
30
1850
11
-800
21
335
31
1850
12
-790.4329141908728
22
336.9030116872178
32
1850
13
-790.4329141908728
23
336.9030116872178
33
1850
0
3DFACE
5
D254
330
CFF3
100
AcDbEntity
100
AcDbFace
8
MONTAJ_BORULARI
10
-775
20
360
30
0
11
-790.4329141908728
21
336.9030116872178
31
0
12
-782.3223304703363
22
342.3223304703363
32
0
13
-782.3223304703363
23
342.3223304703363
33
0
0
3DFACE
5
D255
330
CFF3
100
AcDbEntity
100
AcDbFace
8
MONTAJ_BORULARI
10
-775
20
360
30
1850
11
-790.4329141908728
21
336.9030116872178
31
1850
12
-782.3223304703363
22
342.3223304703363
32
1850
13
-782.3223304703363
23
342.3223304703363
33
1850
0
3DFACE
5
D256
330
CFF3
100
AcDbEntity
100
AcDbFace
8
MONTAJ_BORULARI
10
-775
20
360
30
0
11
-782.3223304703363
21
342.3223304703363
31
0
12
-776.9030116872178
22
350.43291419087274
32
0
13
-776.9030116872178
23
350.43291419087274
33
0
0
3DFACE
5
D257
330
CFF3
100
AcDbEntity
100
AcDbFace
8
MONTAJ_BORULARI
10
-775
20
360
30
1850
11
-782.3223304703363
21
342.3223304703363
31
1850
12
-776.9030116872178
22
350.43291419087274
32
1850
13
-776.9030116872178
23
350.43291419087274
33
1850
0
3DFACE
5
D258
330
CFF3
100
AcDbEntity
100
AcDbFace
8
MONTAJ_BORULARI
10
-880
20
280
30
0
11
-720
21
280
31
0
12
-720
22
440
32
0
13
-880
23
440
33
0
0
3DFACE
5
D259
330
CFF3
100
AcDbEntity
100
AcDbFace
8
MONTAJ_BORULARI
10
-880
20
280
30
15
11
-720
21
280
31
15
12
-720
22
440
32
15
13
-880
23
440
33
15
0
3DFACE
5
D25A
330
CFF3
100
AcDbEntity
100
AcDbFace
8
MONTAJ_BORULARI
10
-880
20
280
30
0
11
-720
21
280
31
0
12
-720
22
280
32
15
13
-880
23
280
33
15
0
3DFACE
5
D25B
330
CFF3
100
AcDbEntity
100
AcDbFace
8
MONTAJ_BORULARI
10
-880
20
440
30
0
11
-720
21
440
31
0
12
-720
22
440
32
15
13
-880
23
440
33
15
0
3DFACE
5
D25C
330
CFF3
100
AcDbEntity
100
AcDbFace
8
MONTAJ_BORULARI
10
-880
20
280
30
0
11
-880
21
440
31
0
12
-880
22
440
32
15
13
-880
23
280
33
15
0
3DFACE
5
D25D
330
CFF3
100
AcDbEntity
100
AcDbFace
8
MONTAJ_BORULARI
10
-720
20
280
30
0
11
-720
21
440
31
0
12
-720
22
440
32
15
13
-720
23
280
33
15
0
LINE
5
D25E
330
CFF3
100
AcDbEntity
100
AcDbLine
8
MONTAJ_BORULARI
10
-880
20
280
30
0
11
-720
21
280
31
0
0
LINE
5
D25F
330
CFF3
100
AcDbEntity
100
AcDbLine
8
MONTAJ_BORULARI
10
-720
20
280
30
0
11
-720
21
440
31
0
0
LINE
5
D260
330
CFF3
100
AcDbEntity
100
AcDbLine
8
MONTAJ_BORULARI
10
-720
20
440
30
0
11
-880
21
440
31
0
0
LINE
5
D261
330
CFF3
100
AcDbEntity
100
AcDbLine
8
MONTAJ_BORULARI
10
-880
20
440
30
0
11
-880
21
280
31
0
0
LINE
5
D262
330
CFF3
100
AcDbEntity
100
AcDbLine
8
MONTAJ_BORULARI
10
-880
20
280
30
15
11
-720
21
280
31
15
0
LINE
5
D263
330
CFF3
100
AcDbEntity
100
AcDbLine
8
MONTAJ_BORULARI
10
-720
20
280
30
15
11
-720
21
440
31
15
0
LINE
5
D264
330
CFF3
100
AcDbEntity
100
AcDbLine
8
MONTAJ_BORULARI
10
-720
20
440
30
15
11
-880
21
440
31
15
0
LINE
5
D265
330
CFF3
100
AcDbEntity
100
AcDbLine
8
MONTAJ_BORULARI
10
-880
20
440
30
15
11
-880
21
280
31
15
0
LINE
5
D266
330
CFF3
100
AcDbEntity
100
AcDbLine
8
MONTAJ_BORULARI
10
-880
20
280
30
0
11
-880
21
280
31
15
0
LINE
5
D267
330
CFF3
100
AcDbEntity
100
AcDbLine
8
MONTAJ_BORULARI
10
-720
20
280
30
0
11
-720
21
280
31
15
0
LINE
5
D268
330
CFF3
100
AcDbEntity
100
AcDbLine
8
MONTAJ_BORULARI
10
-720
20
440
30
0
11
-720
21
440
31
15
0
LINE
5
D269
330
CFF3
100
AcDbEntity
100
AcDbLine
8
MONTAJ_BORULARI
10
-880
20
440
30
0
11
-880
21
440
31
15
0
3DFACE
5
D26A
330
CFF3
100
AcDbEntity
100
AcDbFace
8
MONTAJ_BORULARI
10
-775
20
540
30
0
11
-776.9030116872178
21
549.5670858091272
31
0
12
-776.9030116872178
22
549.5670858091272
32
1850
13
-775
23
540
33
1850
0
LINE
5
D26B
330
CFF3
100
AcDbEntity
100
AcDbLine
8
MONTAJ_BORULARI
10
-775
20
540
30
0
11
-776.9030116872178
21
549.5670858091272
31
0
0
LINE
5
D26C
330
CFF3
100
AcDbEntity
100
AcDbLine
8
MONTAJ_BORULARI
10
-775
20
540
30
1850
11
-776.9030116872178
21
549.5670858091272
31
1850
0
LINE
5
D26D
330
CFF3
100
AcDbEntity
100
AcDbLine
8
MONTAJ_BORULARI
10
-775
20
540
30
0
11
-775
21
540
31
1850
0
3DFACE
5
D26E
330
CFF3
100
AcDbEntity
100
AcDbFace
8
MONTAJ_BORULARI
10
-776.9030116872178
20
549.5670858091272
30
0
11
-782.3223304703363
21
557.6776695296637
31
0
12
-782.3223304703363
22
557.6776695296637
32
1850
13
-776.9030116872178
23
549.5670858091272
33
1850
0
LINE
5
D26F
330
CFF3
100
AcDbEntity
100
AcDbLine
8
MONTAJ_BORULARI
10
-776.9030116872178
20
549.5670858091272
30
0
11
-782.3223304703363
21
557.6776695296637
31
0
0
LINE
5
D270
330
CFF3
100
AcDbEntity
100
AcDbLine
8
MONTAJ_BORULARI
10
-776.9030116872178
20
549.5670858091272
30
1850
11
-782.3223304703363
21
557.6776695296637
31
1850
0
3DFACE
5
D271
330
CFF3
100
AcDbEntity
100
AcDbFace
8
MONTAJ_BORULARI
10
-782.3223304703363
20
557.6776695296637
30
0
11
-790.4329141908728
21
563.0969883127822
31
0
12
-790.4329141908728
22
563.0969883127822
32
1850
13
-782.3223304703363
23
557.6776695296637
33
1850
0
LINE
5
D272
330
CFF3
100
AcDbEntity
100
AcDbLine
8
MONTAJ_BORULARI
10
-782.3223304703363
20
557.6776695296637
30
0
11
-790.4329141908728
21
563.0969883127822
31
0
0
LINE
5
D273
330
CFF3
100
AcDbEntity
100
AcDbLine
8
MONTAJ_BORULARI
10
-782.3223304703363
20
557.6776695296637
30
1850
11
-790.4329141908728
21
563.0969883127822
31
1850
0
3DFACE
5
D274
330
CFF3
100
AcDbEntity
100
AcDbFace
8
MONTAJ_BORULARI
10
-790.4329141908728
20
563.0969883127822
30
0
11
-800
21
565
31
0
12
-800
22
565
32
1850
13
-790.4329141908728
23
563.0969883127822
33
1850
0
LINE
5
D275
330
CFF3
100
AcDbEntity
100
AcDbLine
8
MONTAJ_BORULARI
10
-790.4329141908728
20
563.0969883127822
30
0
11
-800
21
565
31
0
0
LINE
5
D276
330
CFF3
100
AcDbEntity
100
AcDbLine
8
MONTAJ_BORULARI
10
-790.4329141908728
20
563.0969883127822
30
1850
11
-800
21
565
31
1850
0
3DFACE
5
D277
330
CFF3
100
AcDbEntity
100
AcDbFace
8
MONTAJ_BORULARI
10
-800
20
565
30
0
11
-809.5670858091272
21
563.0969883127822
31
0
12
-809.5670858091272
22
563.0969883127822
32
1850
13
-800
23
565
33
1850
0
LINE
5
D278
330
CFF3
100
AcDbEntity
100
AcDbLine
8
MONTAJ_BORULARI
10
-800
20
565
30
0
11
-809.5670858091272
21
563.0969883127822
31
0
0
LINE
5
D279
330
CFF3
100
AcDbEntity
100
AcDbLine
8
MONTAJ_BORULARI
10
-800
20
565
30
1850
11
-809.5670858091272
21
563.0969883127822
31
1850
0
LINE
5
D27A
330
CFF3
100
AcDbEntity
100
AcDbLine
8
MONTAJ_BORULARI
10
-800
20
565
30
0
11
-800
21
565
31
1850
0
3DFACE
5
D27B
330
CFF3
100
AcDbEntity
100
AcDbFace
8
MONTAJ_BORULARI
10
-809.5670858091272
20
563.0969883127822
30
0
11
-817.6776695296637
21
557.6776695296637
31
0
12
-817.6776695296637
22
557.6776695296637
32
1850
13
-809.5670858091272
23
563.0969883127822
33
1850
0
LINE
5
D27C
330
CFF3
100
AcDbEntity
100
AcDbLine
8
MONTAJ_BORULARI
10
-809.5670858091272
20
563.0969883127822
30
0
11
-817.6776695296637
21
557.6776695296637
31
0
0
LINE
5
D27D
330
CFF3
100
AcDbEntity
100
AcDbLine
8
MONTAJ_BORULARI
10
-809.5670858091272
20
563.0969883127822
30
1850
11
-817.6776695296637
21
557.6776695296637
31
1850
0
3DFACE
5
D27E
330
CFF3
100
AcDbEntity
100
AcDbFace
8
MONTAJ_BORULARI
10
-817.6776695296637
20
557.6776695296637
30
0
11
-823.0969883127822
21
549.5670858091272
31
0
12
-823.0969883127822
22
549.5670858091272
32
1850
13
-817.6776695296637
23
557.6776695296637
33
1850
0
LINE
5
D27F
330
CFF3
100
AcDbEntity
100
AcDbLine
8
MONTAJ_BORULARI
10
-817.6776695296637
20
557.6776695296637
30
0
11
-823.0969883127822
21
549.5670858091272
31
0
0
LINE
5
D280
330
CFF3
100
AcDbEntity
100
AcDbLine
8
MONTAJ_BORULARI
10
-817.6776695296637
20
557.6776695296637
30
1850
11
-823.0969883127822
21
549.5670858091272
31
1850
0
3DFACE
5
D281
330
CFF3
100
AcDbEntity
100
AcDbFace
8
MONTAJ_BORULARI
10
-823.0969883127822
20
549.5670858091272
30
0
11
-825
21
540
31
0
12
-825
22
540
32
1850
13
-823.0969883127822
23
549.5670858091272
33
1850
0
LINE
5
D282
330
CFF3
100
AcDbEntity
100
AcDbLine
8
MONTAJ_BORULARI
10
-823.0969883127822
20
549.5670858091272
30
0
11
-825
21
540
31
0
0
LINE
5
D283
330
CFF3
100
AcDbEntity
100
AcDbLine
8
MONTAJ_BORULARI
10
-823.0969883127822
20
549.5670858091272
30
1850
11
-825
21
540
31
1850
0
3DFACE
5
D284
330
CFF3
100
AcDbEntity
100
AcDbFace
8
MONTAJ_BORULARI
10
-825
20
540
30
0
11
-823.0969883127822
21
530.4329141908728
31
0
12
-823.0969883127822
22
530.4329141908728
32
1850
13
-825
23
540
33
1850
0
LINE
5
D285
330
CFF3
100
AcDbEntity
100
AcDbLine
8
MONTAJ_BORULARI
10
-825
20
540
30
0
11
-823.0969883127822
21
530.4329141908728
31
0
0
LINE
5
D286
330
CFF3
100
AcDbEntity
100
AcDbLine
8
MONTAJ_BORULARI
10
-825
20
540
30
1850
11
-823.0969883127822
21
530.4329141908728
31
1850
0
LINE
5
D287
330
CFF3
100
AcDbEntity
100
AcDbLine
8
MONTAJ_BORULARI
10
-825
20
540
30
0
11
-825
21
540
31
1850
0
3DFACE
5
D288
330
CFF3
100
AcDbEntity
100
AcDbFace
8
MONTAJ_BORULARI
10
-823.0969883127822
20
530.4329141908728
30
0
11
-817.6776695296637
21
522.3223304703363
31
0
12
-817.6776695296637
22
522.3223304703363
32
1850
13
-823.0969883127822
23
530.4329141908728
33
1850
0
LINE
5
D289
330
CFF3
100
AcDbEntity
100
AcDbLine
8
MONTAJ_BORULARI
10
-823.0969883127822
20
530.4329141908728
30
0
11
-817.6776695296637
21
522.3223304703363
31
0
0
LINE
5
D28A
330
CFF3
100
AcDbEntity
100
AcDbLine
8
MONTAJ_BORULARI
10
-823.0969883127822
20
530.4329141908728
30
1850
11
-817.6776695296637
21
522.3223304703363
31
1850
0
3DFACE
5
D28B
330
CFF3
100
AcDbEntity
100
AcDbFace
8
MONTAJ_BORULARI
10
-817.6776695296637
20
522.3223304703363
30
0
11
-809.5670858091272
21
516.9030116872178
31
0
12
-809.5670858091272
22
516.9030116872178
32
1850
13
-817.6776695296637
23
522.3223304703363
33
1850
0
LINE
5
D28C
330
CFF3
100
AcDbEntity
100
AcDbLine
8
MONTAJ_BORULARI
10
-817.6776695296637
20
522.3223304703363
30
0
11
-809.5670858091272
21
516.9030116872178
31
0
0
LINE
5
D28D
330
CFF3
100
AcDbEntity
100
AcDbLine
8
MONTAJ_BORULARI
10
-817.6776695296637
20
522.3223304703363
30
1850
11
-809.5670858091272
21
516.9030116872178
31
1850
0
3DFACE
5
D28E
330
CFF3
100
AcDbEntity
100
AcDbFace
8
MONTAJ_BORULARI
10
-809.5670858091272
20
516.9030116872178
30
0
11
-800
21
515
31
0
12
-800
22
515
32
1850
13
-809.5670858091272
23
516.9030116872178
33
1850
0
LINE
5
D28F
330
CFF3
100
AcDbEntity
100
AcDbLine
8
MONTAJ_BORULARI
10
-809.5670858091272
20
516.9030116872178
30
0
11
-800
21
515
31
0
0
LINE
5
D290
330
CFF3
100
AcDbEntity
100
AcDbLine
8
MONTAJ_BORULARI
10
-809.5670858091272
20
516.9030116872178
30
1850
11
-800
21
515
31
1850
0
3DFACE
5
D291
330
CFF3
100
AcDbEntity
100
AcDbFace
8
MONTAJ_BORULARI
10
-800
20
515
30
0
11
-790.4329141908728
21
516.9030116872178
31
0
12
-790.4329141908728
22
516.9030116872178
32
1850
13
-800
23
515
33
1850
0
LINE
5
D292
330
CFF3
100
AcDbEntity
100
AcDbLine
8
MONTAJ_BORULARI
10
-800
20
515
30
0
11
-790.4329141908728
21
516.9030116872178
31
0
0
LINE
5
D293
330
CFF3
100
AcDbEntity
100
AcDbLine
8
MONTAJ_BORULARI
10
-800
20
515
30
1850
11
-790.4329141908728
21
516.9030116872178
31
1850
0
LINE
5
D294
330
CFF3
100
AcDbEntity
100
AcDbLine
8
MONTAJ_BORULARI
10
-800
20
515
30
0
11
-800
21
515
31
1850
0
3DFACE
5
D295
330
CFF3
100
AcDbEntity
100
AcDbFace
8
MONTAJ_BORULARI
10
-790.4329141908728
20
516.9030116872178
30
0
11
-782.3223304703363
21
522.3223304703363
31
0
12
-782.3223304703363
22
522.3223304703363
32
1850
13
-790.4329141908728
23
516.9030116872178
33
1850
0
LINE
5
D296
330
CFF3
100
AcDbEntity
100
AcDbLine
8
MONTAJ_BORULARI
10
-790.4329141908728
20
516.9030116872178
30
0
11
-782.3223304703363
21
522.3223304703363
31
0
0
LINE
5
D297
330
CFF3
100
AcDbEntity
100
AcDbLine
8
MONTAJ_BORULARI
10
-790.4329141908728
20
516.9030116872178
30
1850
11
-782.3223304703363
21
522.3223304703363
31
1850
0
3DFACE
5
D298
330
CFF3
100
AcDbEntity
100
AcDbFace
8
MONTAJ_BORULARI
10
-782.3223304703363
20
522.3223304703363
30
0
11
-776.9030116872178
21
530.4329141908728
31
0
12
-776.9030116872178
22
530.4329141908728
32
1850
13
-782.3223304703363
23
522.3223304703363
33
1850
0
LINE
5
D299
330
CFF3
100
AcDbEntity
100
AcDbLine
8
MONTAJ_BORULARI
10
-782.3223304703363
20
522.3223304703363
30
0
11
-776.9030116872178
21
530.4329141908728
31
0
0
LINE
5
D29A
330
CFF3
100
AcDbEntity
100
AcDbLine
8
MONTAJ_BORULARI
10
-782.3223304703363
20
522.3223304703363
30
1850
11
-776.9030116872178
21
530.4329141908728
31
1850
0
3DFACE
5
D29B
330
CFF3
100
AcDbEntity
100
AcDbFace
8
MONTAJ_BORULARI
10
-776.9030116872178
20
530.4329141908728
30
0
11
-775
21
540
31
0
12
-775
22
540
32
1850
13
-776.9030116872178
23
530.4329141908728
33
1850
0
LINE
5
D29C
330
CFF3
100
AcDbEntity
100
AcDbLine
8
MONTAJ_BORULARI
10
-776.9030116872178
20
530.4329141908728
30
0
11
-775
21
540
31
0
0
LINE
5
D29D
330
CFF3
100
AcDbEntity
100
AcDbLine
8
MONTAJ_BORULARI
10
-776.9030116872178
20
530.4329141908728
30
1850
11
-775
21
540
31
1850
0
3DFACE
5
D29E
330
CFF3
100
AcDbEntity
100
AcDbFace
8
MONTAJ_BORULARI
10
-775
20
540
30
0
11
-776.9030116872178
21
549.5670858091272
31
0
12
-782.3223304703363
22
557.6776695296637
32
0
13
-782.3223304703363
23
557.6776695296637
33
0
0
3DFACE
5
D29F
330
CFF3
100
AcDbEntity
100
AcDbFace
8
MONTAJ_BORULARI
10
-775
20
540
30
1850
11
-776.9030116872178
21
549.5670858091272
31
1850
12
-782.3223304703363
22
557.6776695296637
32
1850
13
-782.3223304703363
23
557.6776695296637
33
1850
0
3DFACE
5
D2A0
330
CFF3
100
AcDbEntity
100
AcDbFace
8
MONTAJ_BORULARI
10
-775
20
540
30
0
11
-782.3223304703363
21
557.6776695296637
31
0
12
-790.4329141908728
22
563.0969883127822
32
0
13
-790.4329141908728
23
563.0969883127822
33
0
0
3DFACE
5
D2A1
330
CFF3
100
AcDbEntity
100
AcDbFace
8
MONTAJ_BORULARI
10
-775
20
540
30
1850
11
-782.3223304703363
21
557.6776695296637
31
1850
12
-790.4329141908728
22
563.0969883127822
32
1850
13
-790.4329141908728
23
563.0969883127822
33
1850
0
3DFACE
5
D2A2
330
CFF3
100
AcDbEntity
100
AcDbFace
8
MONTAJ_BORULARI
10
-775
20
540
30
0
11
-790.4329141908728
21
563.0969883127822
31
0
12
-800
22
565
32
0
13
-800
23
565
33
0
0
3DFACE
5
D2A3
330
CFF3
100
AcDbEntity
100
AcDbFace
8
MONTAJ_BORULARI
10
-775
20
540
30
1850
11
-790.4329141908728
21
563.0969883127822
31
1850
12
-800
22
565
32
1850
13
-800
23
565
33
1850
0
3DFACE
5
D2A4
330
CFF3
100
AcDbEntity
100
AcDbFace
8
MONTAJ_BORULARI
10
-775
20
540
30
0
11
-800
21
565
31
0
12
-809.5670858091272
22
563.0969883127822
32
0
13
-809.5670858091272
23
563.0969883127822
33
0
0
3DFACE
5
D2A5
330
CFF3
100
AcDbEntity
100
AcDbFace
8
MONTAJ_BORULARI
10
-775
20
540
30
1850
11
-800
21
565
31
1850
12
-809.5670858091272
22
563.0969883127822
32
1850
13
-809.5670858091272
23
563.0969883127822
33
1850
0
3DFACE
5
D2A6
330
CFF3
100
AcDbEntity
100
AcDbFace
8
MONTAJ_BORULARI
10
-775
20
540
30
0
11
-809.5670858091272
21
563.0969883127822
31
0
12
-817.6776695296637
22
557.6776695296637
32
0
13
-817.6776695296637
23
557.6776695296637
33
0
0
3DFACE
5
D2A7
330
CFF3
100
AcDbEntity
100
AcDbFace
8
MONTAJ_BORULARI
10
-775
20
540
30
1850
11
-809.5670858091272
21
563.0969883127822
31
1850
12
-817.6776695296637
22
557.6776695296637
32
1850
13
-817.6776695296637
23
557.6776695296637
33
1850
0
3DFACE
5
D2A8
330
CFF3
100
AcDbEntity
100
AcDbFace
8
MONTAJ_BORULARI
10
-775
20
540
30
0
11
-817.6776695296637
21
557.6776695296637
31
0
12
-823.0969883127822
22
549.5670858091272
32
0
13
-823.0969883127822
23
549.5670858091272
33
0
0
3DFACE
5
D2A9
330
CFF3
100
AcDbEntity
100
AcDbFace
8
MONTAJ_BORULARI
10
-775
20
540
30
1850
11
-817.6776695296637
21
557.6776695296637
31
1850
12
-823.0969883127822
22
549.5670858091272
32
1850
13
-823.0969883127822
23
549.5670858091272
33
1850
0
3DFACE
5
D2AA
330
CFF3
100
AcDbEntity
100
AcDbFace
8
MONTAJ_BORULARI
10
-775
20
540
30
0
11
-823.0969883127822
21
549.5670858091272
31
0
12
-825
22
540
32
0
13
-825
23
540
33
0
0
3DFACE
5
D2AB
330
CFF3
100
AcDbEntity
100
AcDbFace
8
MONTAJ_BORULARI
10
-775
20
540
30
1850
11
-823.0969883127822
21
549.5670858091272
31
1850
12
-825
22
540
32
1850
13
-825
23
540
33
1850
0
3DFACE
5
D2AC
330
CFF3
100
AcDbEntity
100
AcDbFace
8
MONTAJ_BORULARI
10
-775
20
540
30
0
11
-825
21
540
31
0
12
-823.0969883127822
22
530.4329141908728
32
0
13
-823.0969883127822
23
530.4329141908728
33
0
0
3DFACE
5
D2AD
330
CFF3
100
AcDbEntity
100
AcDbFace
8
MONTAJ_BORULARI
10
-775
20
540
30
1850
11
-825
21
540
31
1850
12
-823.0969883127822
22
530.4329141908728
32
1850
13
-823.0969883127822
23
530.4329141908728
33
1850
0
3DFACE
5
D2AE
330
CFF3
100
AcDbEntity
100
AcDbFace
8
MONTAJ_BORULARI
10
-775
20
540
30
0
11
-823.0969883127822
21
530.4329141908728
31
0
12
-817.6776695296637
22
522.3223304703363
32
0
13
-817.6776695296637
23
522.3223304703363
33
0
0
3DFACE
5
D2AF
330
CFF3
100
AcDbEntity
100
AcDbFace
8
MONTAJ_BORULARI
10
-775
20
540
30
1850
11
-823.0969883127822
21
530.4329141908728
31
1850
12
-817.6776695296637
22
522.3223304703363
32
1850
13
-817.6776695296637
23
522.3223304703363
33
1850
0
3DFACE
5
D2B0
330
CFF3
100
AcDbEntity
100
AcDbFace
8
MONTAJ_BORULARI
10
-775
20
540
30
0
11
-817.6776695296637
21
522.3223304703363
31
0
12
-809.5670858091272
22
516.9030116872178
32
0
13
-809.5670858091272
23
516.9030116872178
33
0
0
3DFACE
5
D2B1
330
CFF3
100
AcDbEntity
100
AcDbFace
8
MONTAJ_BORULARI
10
-775
20
540
30
1850
11
-817.6776695296637
21
522.3223304703363
31
1850
12
-809.5670858091272
22
516.9030116872178
32
1850
13
-809.5670858091272
23
516.9030116872178
33
1850
0
3DFACE
5
D2B2
330
CFF3
100
AcDbEntity
100
AcDbFace
8
MONTAJ_BORULARI
10
-775
20
540
30
0
11
-809.5670858091272
21
516.9030116872178
31
0
12
-800
22
515
32
0
13
-800
23
515
33
0
0
3DFACE
5
D2B3
330
CFF3
100
AcDbEntity
100
AcDbFace
8
MONTAJ_BORULARI
10
-775
20
540
30
1850
11
-809.5670858091272
21
516.9030116872178
31
1850
12
-800
22
515
32
1850
13
-800
23
515
33
1850
0
3DFACE
5
D2B4
330
CFF3
100
AcDbEntity
100
AcDbFace
8
MONTAJ_BORULARI
10
-775
20
540
30
0
11
-800
21
515
31
0
12
-790.4329141908728
22
516.9030116872178
32
0
13
-790.4329141908728
23
516.9030116872178
33
0
0
3DFACE
5
D2B5
330
CFF3
100
AcDbEntity
100
AcDbFace
8
MONTAJ_BORULARI
10
-775
20
540
30
1850
11
-800
21
515
31
1850
12
-790.4329141908728
22
516.9030116872178
32
1850
13
-790.4329141908728
23
516.9030116872178
33
1850
0
3DFACE
5
D2B6
330
CFF3
100
AcDbEntity
100
AcDbFace
8
MONTAJ_BORULARI
10
-775
20
540
30
0
11
-790.4329141908728
21
516.9030116872178
31
0
12
-782.3223304703363
22
522.3223304703363
32
0
13
-782.3223304703363
23
522.3223304703363
33
0
0
3DFACE
5
D2B7
330
CFF3
100
AcDbEntity
100
AcDbFace
8
MONTAJ_BORULARI
10
-775
20
540
30
1850
11
-790.4329141908728
21
516.9030116872178
31
1850
12
-782.3223304703363
22
522.3223304703363
32
1850
13
-782.3223304703363
23
522.3223304703363
33
1850
0
3DFACE
5
D2B8
330
CFF3
100
AcDbEntity
100
AcDbFace
8
MONTAJ_BORULARI
10
-775
20
540
30
0
11
-782.3223304703363
21
522.3223304703363
31
0
12
-776.9030116872178
22
530.4329141908728
32
0
13
-776.9030116872178
23
530.4329141908728
33
0
0
3DFACE
5
D2B9
330
CFF3
100
AcDbEntity
100
AcDbFace
8
MONTAJ_BORULARI
10
-775
20
540
30
1850
11
-782.3223304703363
21
522.3223304703363
31
1850
12
-776.9030116872178
22
530.4329141908728
32
1850
13
-776.9030116872178
23
530.4329141908728
33
1850
0
3DFACE
5
D2BA
330
CFF3
100
AcDbEntity
100
AcDbFace
8
MONTAJ_BORULARI
10
-880
20
460
30
0
11
-720
21
460
31
0
12
-720
22
620
32
0
13
-880
23
620
33
0
0
3DFACE
5
D2BB
330
CFF3
100
AcDbEntity
100
AcDbFace
8
MONTAJ_BORULARI
10
-880
20
460
30
15
11
-720
21
460
31
15
12
-720
22
620
32
15
13
-880
23
620
33
15
0
3DFACE
5
D2BC
330
CFF3
100
AcDbEntity
100
AcDbFace
8
MONTAJ_BORULARI
10
-880
20
460
30
0
11
-720
21
460
31
0
12
-720
22
460
32
15
13
-880
23
460
33
15
0
3DFACE
5
D2BD
330
CFF3
100
AcDbEntity
100
AcDbFace
8
MONTAJ_BORULARI
10
-880
20
620
30
0
11
-720
21
620
31
0
12
-720
22
620
32
15
13
-880
23
620
33
15
0
3DFACE
5
D2BE
330
CFF3
100
AcDbEntity
100
AcDbFace
8
MONTAJ_BORULARI
10
-880
20
460
30
0
11
-880
21
620
31
0
12
-880
22
620
32
15
13
-880
23
460
33
15
0
3DFACE
5
D2BF
330
CFF3
100
AcDbEntity
100
AcDbFace
8
MONTAJ_BORULARI
10
-720
20
460
30
0
11
-720
21
620
31
0
12
-720
22
620
32
15
13
-720
23
460
33
15
0
LINE
5
D2C0
330
CFF3
100
AcDbEntity
100
AcDbLine
8
MONTAJ_BORULARI
10
-880
20
460
30
0
11
-720
21
460
31
0
0
LINE
5
D2C1
330
CFF3
100
AcDbEntity
100
AcDbLine
8
MONTAJ_BORULARI
10
-720
20
460
30
0
11
-720
21
620
31
0
0
LINE
5
D2C2
330
CFF3
100
AcDbEntity
100
AcDbLine
8
MONTAJ_BORULARI
10
-720
20
620
30
0
11
-880
21
620
31
0
0
LINE
5
D2C3
330
CFF3
100
AcDbEntity
100
AcDbLine
8
MONTAJ_BORULARI
10
-880
20
620
30
0
11
-880
21
460
31
0
0
LINE
5
D2C4
330
CFF3
100
AcDbEntity
100
AcDbLine
8
MONTAJ_BORULARI
10
-880
20
460
30
15
11
-720
21
460
31
15
0
LINE
5
D2C5
330
CFF3
100
AcDbEntity
100
AcDbLine
8
MONTAJ_BORULARI
10
-720
20
460
30
15
11
-720
21
620
31
15
0
LINE
5
D2C6
330
CFF3
100
AcDbEntity
100
AcDbLine
8
MONTAJ_BORULARI
10
-720
20
620
30
15
11
-880
21
620
31
15
0
LINE
5
D2C7
330
CFF3
100
AcDbEntity
100
AcDbLine
8
MONTAJ_BORULARI
10
-880
20
620
30
15
11
-880
21
460
31
15
0
LINE
5
D2C8
330
CFF3
100
AcDbEntity
100
AcDbLine
8
MONTAJ_BORULARI
10
-880
20
460
30
0
11
-880
21
460
31
15
0
LINE
5
D2C9
330
CFF3
100
AcDbEntity
100
AcDbLine
8
MONTAJ_BORULARI
10
-720
20
460
30
0
11
-720
21
460
31
15
0
LINE
5
D2CA
330
CFF3
100
AcDbEntity
100
AcDbLine
8
MONTAJ_BORULARI
10
-720
20
620
30
0
11
-720
21
620
31
15
0
LINE
5
D2CB
330
CFF3
100
AcDbEntity
100
AcDbLine
8
MONTAJ_BORULARI
10
-880
20
620
30
0
11
-880
21
620
31
15
0
3DFACE
5
D2CC
330
CFF3
100
AcDbEntity
100
AcDbFace
8
MONTAJ_BORULARI
10
-820
20
-590
30
730
11
-780
21
-590
31
730
12
-780
22
590
32
730
13
-820
23
590
33
730
0
3DFACE
5
D2CD
330
CFF3
100
AcDbEntity
100
AcDbFace
8
MONTAJ_BORULARI
10
-820
20
-590
30
770
11
-780
21
-590
31
770
12
-780
22
590
32
770
13
-820
23
590
33
770
0
3DFACE
5
D2CE
330
CFF3
100
AcDbEntity
100
AcDbFace
8
MONTAJ_BORULARI
10
-820
20
-590
30
730
11
-780
21
-590
31
730
12
-780
22
-590
32
770
13
-820
23
-590
33
770
0
3DFACE
5
D2CF
330
CFF3
100
AcDbEntity
100
AcDbFace
8
MONTAJ_BORULARI
10
-820
20
590
30
730
11
-780
21
590
31
730
12
-780
22
590
32
770
13
-820
23
590
33
770
0
3DFACE
5
D2D0
330
CFF3
100
AcDbEntity
100
AcDbFace
8
MONTAJ_BORULARI
10
-820
20
-590
30
730
11
-820
21
590
31
730
12
-820
22
590
32
770
13
-820
23
-590
33
770
0
3DFACE
5
D2D1
330
CFF3
100
AcDbEntity
100
AcDbFace
8
MONTAJ_BORULARI
10
-780
20
-590
30
730
11
-780
21
590
31
730
12
-780
22
590
32
770
13
-780
23
-590
33
770
0
LINE
5
D2D2
330
CFF3
100
AcDbEntity
100
AcDbLine
8
MONTAJ_BORULARI
10
-820
20
-590
30
730
11
-780
21
-590
31
730
0
LINE
5
D2D3
330
CFF3
100
AcDbEntity
100
AcDbLine
8
MONTAJ_BORULARI
10
-780
20
-590
30
730
11
-780
21
590
31
730
0
LINE
5
D2D4
330
CFF3
100
AcDbEntity
100
AcDbLine
8
MONTAJ_BORULARI
10
-780
20
590
30
730
11
-820
21
590
31
730
0
LINE
5
D2D5
330
CFF3
100
AcDbEntity
100
AcDbLine
8
MONTAJ_BORULARI
10
-820
20
590
30
730
11
-820
21
-590
31
730
0
LINE
5
D2D6
330
CFF3
100
AcDbEntity
100
AcDbLine
8
MONTAJ_BORULARI
10
-820
20
-590
30
770
11
-780
21
-590
31
770
0
LINE
5
D2D7
330
CFF3
100
AcDbEntity
100
AcDbLine
8
MONTAJ_BORULARI
10
-780
20
-590
30
770
11
-780
21
590
31
770
0
LINE
5
D2D8
330
CFF3
100
AcDbEntity
100
AcDbLine
8
MONTAJ_BORULARI
10
-780
20
590
30
770
11
-820
21
590
31
770
0
LINE
5
D2D9
330
CFF3
100
AcDbEntity
100
AcDbLine
8
MONTAJ_BORULARI
10
-820
20
590
30
770
11
-820
21
-590
31
770
0
LINE
5
D2DA
330
CFF3
100
AcDbEntity
100
AcDbLine
8
MONTAJ_BORULARI
10
-820
20
-590
30
730
11
-820
21
-590
31
770
0
LINE
5
D2DB
330
CFF3
100
AcDbEntity
100
AcDbLine
8
MONTAJ_BORULARI
10
-780
20
-590
30
730
11
-780
21
-590
31
770
0
LINE
5
D2DC
330
CFF3
100
AcDbEntity
100
AcDbLine
8
MONTAJ_BORULARI
10
-780
20
590
30
730
11
-780
21
590
31
770
0
LINE
5
D2DD
330
CFF3
100
AcDbEntity
100
AcDbLine
8
MONTAJ_BORULARI
10
-820
20
590
30
730
11
-820
21
590
31
770
0
3DFACE
5
D2DE
330
CFF3
100
AcDbEntity
100
AcDbFace
8
MONTAJ_BORULARI
10
-820
20
-590
30
1430
11
-780
21
-590
31
1430
12
-780
22
590
32
1430
13
-820
23
590
33
1430
0
3DFACE
5
D2DF
330
CFF3
100
AcDbEntity
100
AcDbFace
8
MONTAJ_BORULARI
10
-820
20
-590
30
1470
11
-780
21
-590
31
1470
12
-780
22
590
32
1470
13
-820
23
590
33
1470
0
3DFACE
5
D2E0
330
CFF3
100
AcDbEntity
100
AcDbFace
8
MONTAJ_BORULARI
10
-820
20
-590
30
1430
11
-780
21
-590
31
1430
12
-780
22
-590
32
1470
13
-820
23
-590
33
1470
0
3DFACE
5
D2E1
330
CFF3
100
AcDbEntity
100
AcDbFace
8
MONTAJ_BORULARI
10
-820
20
590
30
1430
11
-780
21
590
31
1430
12
-780
22
590
32
1470
13
-820
23
590
33
1470
0
3DFACE
5
D2E2
330
CFF3
100
AcDbEntity
100
AcDbFace
8
MONTAJ_BORULARI
10
-820
20
-590
30
1430
11
-820
21
590
31
1430
12
-820
22
590
32
1470
13
-820
23
-590
33
1470
0
3DFACE
5
D2E3
330
CFF3
100
AcDbEntity
100
AcDbFace
8
MONTAJ_BORULARI
10
-780
20
-590
30
1430
11
-780
21
590
31
1430
12
-780
22
590
32
1470
13
-780
23
-590
33
1470
0
LINE
5
D2E4
330
CFF3
100
AcDbEntity
100
AcDbLine
8
MONTAJ_BORULARI
10
-820
20
-590
30
1430
11
-780
21
-590
31
1430
0
LINE
5
D2E5
330
CFF3
100
AcDbEntity
100
AcDbLine
8
MONTAJ_BORULARI
10
-780
20
-590
30
1430
11
-780
21
590
31
1430
0
LINE
5
D2E6
330
CFF3
100
AcDbEntity
100
AcDbLine
8
MONTAJ_BORULARI
10
-780
20
590
30
1430
11
-820
21
590
31
1430
0
LINE
5
D2E7
330
CFF3
100
AcDbEntity
100
AcDbLine
8
MONTAJ_BORULARI
10
-820
20
590
30
1430
11
-820
21
-590
31
1430
0
LINE
5
D2E8
330
CFF3
100
AcDbEntity
100
AcDbLine
8
MONTAJ_BORULARI
10
-820
20
-590
30
1470
11
-780
21
-590
31
1470
0
LINE
5
D2E9
330
CFF3
100
AcDbEntity
100
AcDbLine
8
MONTAJ_BORULARI
10
-780
20
-590
30
1470
11
-780
21
590
31
1470
0
LINE
5
D2EA
330
CFF3
100
AcDbEntity
100
AcDbLine
8
MONTAJ_BORULARI
10
-780
20
590
30
1470
11
-820
21
590
31
1470
0
LINE
5
D2EB
330
CFF3
100
AcDbEntity
100
AcDbLine
8
MONTAJ_BORULARI
10
-820
20
590
30
1470
11
-820
21
-590
31
1470
0
LINE
5
D2EC
330
CFF3
100
AcDbEntity
100
AcDbLine
8
MONTAJ_BORULARI
10
-820
20
-590
30
1430
11
-820
21
-590
31
1470
0
LINE
5
D2ED
330
CFF3
100
AcDbEntity
100
AcDbLine
8
MONTAJ_BORULARI
10
-780
20
-590
30
1430
11
-780
21
-590
31
1470
0
LINE
5
D2EE
330
CFF3
100
AcDbEntity
100
AcDbLine
8
MONTAJ_BORULARI
10
-780
20
590
30
1430
11
-780
21
590
31
1470
0
LINE
5
D2EF
330
CFF3
100
AcDbEntity
100
AcDbLine
8
MONTAJ_BORULARI
10
-820
20
590
30
1430
11
-820
21
590
31
1470
0
3DFACE
5
D2F0
330
CFF3
100
AcDbEntity
100
AcDbFace
8
EKP_TURKCELL_RRU
10
-1947.5151510877656
20
1905.499999701977
30
510.00000536441803
11
-1432.5151479585213
21
1905.499999701977
31
510.00000536441803
12
-1432.5151479585213
22
2045.5000002980235
32
510.00000536441803
13
-1947.5151510877656
23
2045.5000002980235
33
510.00000536441803
0
3DFACE
5
D2F1
330
CFF3
100
AcDbEntity
100
AcDbFace
8
EKP_TURKCELL_RRU
10
-1947.5151510877656
20
1905.499999701977
30
1019.9999996647238
11
-1432.5151479585213
21
1905.499999701977
31
1019.9999996647238
12
-1432.5151479585213
22
2045.5000002980235
32
1019.9999996647238
13
-1947.5151510877656
23
2045.5000002980235
33
1019.9999996647238
0
3DFACE
5
D2F2
330
CFF3
100
AcDbEntity
100
AcDbFace
8
EKP_TURKCELL_RRU
10
-1947.5151510877656
20
1905.499999701977
30
510.00000536441803
11
-1432.5151479585213
21
1905.499999701977
31
510.00000536441803
12
-1432.5151479585213
22
1905.499999701977
32
1019.9999996647238
13
-1947.5151510877656
23
1905.499999701977
33
1019.9999996647238
0
3DFACE
5
D2F3
330
CFF3
100
AcDbEntity
100
AcDbFace
8
EKP_TURKCELL_RRU
10
-1947.5151510877656
20
2045.5000002980235
30
510.00000536441803
11
-1432.5151479585213
21
2045.5000002980235
31
510.00000536441803
12
-1432.5151479585213
22
2045.5000002980235
32
1019.9999996647238
13
-1947.5151510877656
23
2045.5000002980235
33
1019.9999996647238
0
3DFACE
5
D2F4
330
CFF3
100
AcDbEntity
100
AcDbFace
8
EKP_TURKCELL_RRU
10
-1947.5151510877656
20
1905.499999701977
30
510.00000536441803
11
-1947.5151510877656
21
2045.5000002980235
31
510.00000536441803
12
-1947.5151510877656
22
2045.5000002980235
32
1019.9999996647238
13
-1947.5151510877656
23
1905.499999701977
33
1019.9999996647238
0
3DFACE
5
D2F5
330
CFF3
100
AcDbEntity
100
AcDbFace
8
EKP_TURKCELL_RRU
10
-1432.5151479585213
20
1905.499999701977
30
510.00000536441803
11
-1432.5151479585213
21
2045.5000002980235
31
510.00000536441803
12
-1432.5151479585213
22
2045.5000002980235
32
1019.9999996647238
13
-1432.5151479585213
23
1905.499999701977
33
1019.9999996647238
0
LINE
5
D2F6
330
CFF3
100
AcDbEntity
100
AcDbLine
8
EKP_TURKCELL_RRU
10
-1947.5151510877656
20
1905.499999701977
30
510.00000536441803
11
-1432.5151479585213
21
1905.499999701977
31
510.00000536441803
0
LINE
5
D2F7
330
CFF3
100
AcDbEntity
100
AcDbLine
8
EKP_TURKCELL_RRU
10
-1432.5151479585213
20
1905.499999701977
30
510.00000536441803
11
-1432.5151479585213
21
2045.5000002980235
31
510.00000536441803
0
LINE
5
D2F8
330
CFF3
100
AcDbEntity
100
AcDbLine
8
EKP_TURKCELL_RRU
10
-1432.5151479585213
20
2045.5000002980235
30
510.00000536441803
11
-1947.5151510877656
21
2045.5000002980235
31
510.00000536441803
0
LINE
5
D2F9
330
CFF3
100
AcDbEntity
100
AcDbLine
8
EKP_TURKCELL_RRU
10
-1947.5151510877656
20
2045.5000002980235
30
510.00000536441803
11
-1947.5151510877656
21
1905.499999701977
31
510.00000536441803
0
LINE
5
D2FA
330
CFF3
100
AcDbEntity
100
AcDbLine
8
EKP_TURKCELL_RRU
10
-1947.5151510877656
20
1905.499999701977
30
1019.9999996647238
11
-1432.5151479585213
21
1905.499999701977
31
1019.9999996647238
0
LINE
5
D2FB
330
CFF3
100
AcDbEntity
100
AcDbLine
8
EKP_TURKCELL_RRU
10
-1432.5151479585213
20
1905.499999701977
30
1019.9999996647238
11
-1432.5151479585213
21
2045.5000002980235
31
1019.9999996647238
0
LINE
5
D2FC
330
CFF3
100
AcDbEntity
100
AcDbLine
8
EKP_TURKCELL_RRU
10
-1432.5151479585213
20
2045.5000002980235
30
1019.9999996647238
11
-1947.5151510877656
21
2045.5000002980235
31
1019.9999996647238
0
LINE
5
D2FD
330
CFF3
100
AcDbEntity
100
AcDbLine
8
EKP_TURKCELL_RRU
10
-1947.5151510877656
20
2045.5000002980235
30
1019.9999996647238
11
-1947.5151510877656
21
1905.499999701977
31
1019.9999996647238
0
LINE
5
D2FE
330
CFF3
100
AcDbEntity
100
AcDbLine
8
EKP_TURKCELL_RRU
10
-1947.5151510877656
20
1905.499999701977
30
510.00000536441803
11
-1947.5151510877656
21
1905.499999701977
31
1019.9999996647238
0
LINE
5
D2FF
330
CFF3
100
AcDbEntity
100
AcDbLine
8
EKP_TURKCELL_RRU
10
-1432.5151479585213
20
1905.499999701977
30
510.00000536441803
11
-1432.5151479585213
21
1905.499999701977
31
1019.9999996647238
0
LINE
5
D300
330
CFF3
100
AcDbEntity
100
AcDbLine
8
EKP_TURKCELL_RRU
10
-1432.5151479585213
20
2045.5000002980235
30
510.00000536441803
11
-1432.5151479585213
21
2045.5000002980235
31
1019.9999996647238
0
LINE
5
D301
330
CFF3
100
AcDbEntity
100
AcDbLine
8
EKP_TURKCELL_RRU
10
-1947.5151510877656
20
2045.5000002980235
30
510.00000536441803
11
-1947.5151510877656
21
2045.5000002980235
31
1019.9999996647238
0
3DFACE
5
D302
330
CFF3
100
AcDbEntity
100
AcDbFace
8
EKP_TURKCELL_RRU
10
-1805.8901502272233
20
1960.5000000000002
30
1019.9999996647238
11
-1574.1401488190636
21
1960.5000000000002
31
1019.9999996647238
12
-1574.1401488190636
22
1990.5000000000002
32
1019.9999996647238
13
-1805.8901502272233
23
1990.5000000000002
33
1019.9999996647238
0
3DFACE
5
D303
330
CFF3
100
AcDbEntity
100
AcDbFace
8
EKP_TURKCELL_RRU
10
-1805.8901502272233
20
1960.5000000000002
30
1049.9999996647239
11
-1574.1401488190636
21
1960.5000000000002
31
1049.9999996647239
12
-1574.1401488190636
22
1990.5000000000002
32
1049.9999996647239
13
-1805.8901502272233
23
1990.5000000000002
33
1049.9999996647239
0
3DFACE
5
D304
330
CFF3
100
AcDbEntity
100
AcDbFace
8
EKP_TURKCELL_RRU
10
-1805.8901502272233
20
1960.5000000000002
30
1019.9999996647238
11
-1574.1401488190636
21
1960.5000000000002
31
1019.9999996647238
12
-1574.1401488190636
22
1960.5000000000002
32
1049.9999996647239
13
-1805.8901502272233
23
1960.5000000000002
33
1049.9999996647239
0
3DFACE
5
D305
330
CFF3
100
AcDbEntity
100
AcDbFace
8
EKP_TURKCELL_RRU
10
-1805.8901502272233
20
1990.5000000000002
30
1019.9999996647238
11
-1574.1401488190636
21
1990.5000000000002
31
1019.9999996647238
12
-1574.1401488190636
22
1990.5000000000002
32
1049.9999996647239
13
-1805.8901502272233
23
1990.5000000000002
33
1049.9999996647239
0
3DFACE
5
D306
330
CFF3
100
AcDbEntity
100
AcDbFace
8
EKP_TURKCELL_RRU
10
-1805.8901502272233
20
1960.5000000000002
30
1019.9999996647238
11
-1805.8901502272233
21
1990.5000000000002
31
1019.9999996647238
12
-1805.8901502272233
22
1990.5000000000002
32
1049.9999996647239
13
-1805.8901502272233
23
1960.5000000000002
33
1049.9999996647239
0
3DFACE
5
D307
330
CFF3
100
AcDbEntity
100
AcDbFace
8
EKP_TURKCELL_RRU
10
-1574.1401488190636
20
1960.5000000000002
30
1019.9999996647238
11
-1574.1401488190636
21
1990.5000000000002
31
1019.9999996647238
12
-1574.1401488190636
22
1990.5000000000002
32
1049.9999996647239
13
-1574.1401488190636
23
1960.5000000000002
33
1049.9999996647239
0
LINE
5
D308
330
CFF3
100
AcDbEntity
100
AcDbLine
8
EKP_TURKCELL_RRU
10
-1805.8901502272233
20
1960.5000000000002
30
1019.9999996647238
11
-1574.1401488190636
21
1960.5000000000002
31
1019.9999996647238
0
LINE
5
D309
330
CFF3
100
AcDbEntity
100
AcDbLine
8
EKP_TURKCELL_RRU
10
-1574.1401488190636
20
1960.5000000000002
30
1019.9999996647238
11
-1574.1401488190636
21
1990.5000000000002
31
1019.9999996647238
0
LINE
5
D30A
330
CFF3
100
AcDbEntity
100
AcDbLine
8
EKP_TURKCELL_RRU
10
-1574.1401488190636
20
1990.5000000000002
30
1019.9999996647238
11
-1805.8901502272233
21
1990.5000000000002
31
1019.9999996647238
0
LINE
5
D30B
330
CFF3
100
AcDbEntity
100
AcDbLine
8
EKP_TURKCELL_RRU
10
-1805.8901502272233
20
1990.5000000000002
30
1019.9999996647238
11
-1805.8901502272233
21
1960.5000000000002
31
1019.9999996647238
0
LINE
5
D30C
330
CFF3
100
AcDbEntity
100
AcDbLine
8
EKP_TURKCELL_RRU
10
-1805.8901502272233
20
1960.5000000000002
30
1049.9999996647239
11
-1574.1401488190636
21
1960.5000000000002
31
1049.9999996647239
0
LINE
5
D30D
330
CFF3
100
AcDbEntity
100
AcDbLine
8
EKP_TURKCELL_RRU
10
-1574.1401488190636
20
1960.5000000000002
30
1049.9999996647239
11
-1574.1401488190636
21
1990.5000000000002
31
1049.9999996647239
0
LINE
5
D30E
330
CFF3
100
AcDbEntity
100
AcDbLine
8
EKP_TURKCELL_RRU
10
-1574.1401488190636
20
1990.5000000000002
30
1049.9999996647239
11
-1805.8901502272233
21
1990.5000000000002
31
1049.9999996647239
0
LINE
5
D30F
330
CFF3
100
AcDbEntity
100
AcDbLine
8
EKP_TURKCELL_RRU
10
-1805.8901502272233
20
1990.5000000000002
30
1049.9999996647239
11
-1805.8901502272233
21
1960.5000000000002
31
1049.9999996647239
0
LINE
5
D310
330
CFF3
100
AcDbEntity
100
AcDbLine
8
EKP_TURKCELL_RRU
10
-1805.8901502272233
20
1960.5000000000002
30
1019.9999996647238
11
-1805.8901502272233
21
1960.5000000000002
31
1049.9999996647239
0
LINE
5
D311
330
CFF3
100
AcDbEntity
100
AcDbLine
8
EKP_TURKCELL_RRU
10
-1574.1401488190636
20
1960.5000000000002
30
1019.9999996647238
11
-1574.1401488190636
21
1960.5000000000002
31
1049.9999996647239
0
LINE
5
D312
330
CFF3
100
AcDbEntity
100
AcDbLine
8
EKP_TURKCELL_RRU
10
-1574.1401488190636
20
1990.5000000000002
30
1019.9999996647238
11
-1574.1401488190636
21
1990.5000000000002
31
1049.9999996647239
0
LINE
5
D313
330
CFF3
100
AcDbEntity
100
AcDbLine
8
EKP_TURKCELL_RRU
10
-1805.8901502272233
20
1990.5000000000002
30
1019.9999996647238
11
-1805.8901502272233
21
1990.5000000000002
31
1049.9999996647239
0
LINE
5
D314
330
CFF3
100
AcDbEntity
100
AcDbLine
8
EKP_TURKCELL_RRU
10
-1793.0151501489922
20
1975.5000000000002
30
1019.9999996647238
11
-1587.0151488972947
21
1975.5000000000002
31
1019.9999996647238
0
LINE
5
D315
330
CFF3
100
AcDbEntity
100
AcDbLine
8
EKP_TURKCELL_RRU
10
-1690.0151495231435
20
1947.499999880791
30
1019.9999996647238
11
-1690.0151495231435
21
2003.5000001192095
31
1019.9999996647238
0
TEXT
5
D316
330
CFF3
100
AcDbEntity
100
AcDbText
8
EKP_TURKCELL_RRU
10
-1690.0151495231435
20
2006.8600001335146
30
0
40
39.20000016689301
1
Turkcell RRU 5301 (Alt Kot)
50
0
7
STANDARD
72
1
11
-1690.0151495231435
21
2006.8600001335146
31
0
100
AcDbText
73
2
0
3DFACE
5
D317
330
CFF3
100
AcDbEntity
100
AcDbFace
8
EKP_TURKCELL_RRU
10
-1947.5151510877656
20
1725.4999997019768
30
510.00000536441803
11
-1432.5151479585213
21
1725.4999997019768
31
510.00000536441803
12
-1432.5151479585213
22
1865.5000002980232
32
510.00000536441803
13
-1947.5151510877656
23
1865.5000002980232
33
510.00000536441803
0
3DFACE
5
D318
330
CFF3
100
AcDbEntity
100
AcDbFace
8
EKP_TURKCELL_RRU
10
-1947.5151510877656
20
1725.4999997019768
30
1019.9999996647238
11
-1432.5151479585213
21
1725.4999997019768
31
1019.9999996647238
12
-1432.5151479585213
22
1865.5000002980232
32
1019.9999996647238
13
-1947.5151510877656
23
1865.5000002980232
33
1019.9999996647238
0
3DFACE
5
D319
330
CFF3
100
AcDbEntity
100
AcDbFace
8
EKP_TURKCELL_RRU
10
-1947.5151510877656
20
1725.4999997019768
30
510.00000536441803
11
-1432.5151479585213
21
1725.4999997019768
31
510.00000536441803
12
-1432.5151479585213
22
1725.4999997019768
32
1019.9999996647238
13
-1947.5151510877656
23
1725.4999997019768
33
1019.9999996647238
0
3DFACE
5
D31A
330
CFF3
100
AcDbEntity
100
AcDbFace
8
EKP_TURKCELL_RRU
10
-1947.5151510877656
20
1865.5000002980232
30
510.00000536441803
11
-1432.5151479585213
21
1865.5000002980232
31
510.00000536441803
12
-1432.5151479585213
22
1865.5000002980232
32
1019.9999996647238
13
-1947.5151510877656
23
1865.5000002980232
33
1019.9999996647238
0
3DFACE
5
D31B
330
CFF3
100
AcDbEntity
100
AcDbFace
8
EKP_TURKCELL_RRU
10
-1947.5151510877656
20
1725.4999997019768
30
510.00000536441803
11
-1947.5151510877656
21
1865.5000002980232
31
510.00000536441803
12
-1947.5151510877656
22
1865.5000002980232
32
1019.9999996647238
13
-1947.5151510877656
23
1725.4999997019768
33
1019.9999996647238
0
3DFACE
5
D31C
330
CFF3
100
AcDbEntity
100
AcDbFace
8
EKP_TURKCELL_RRU
10
-1432.5151479585213
20
1725.4999997019768
30
510.00000536441803
11
-1432.5151479585213
21
1865.5000002980232
31
510.00000536441803
12
-1432.5151479585213
22
1865.5000002980232
32
1019.9999996647238
13
-1432.5151479585213
23
1725.4999997019768
33
1019.9999996647238
0
LINE
5
D31D
330
CFF3
100
AcDbEntity
100
AcDbLine
8
EKP_TURKCELL_RRU
10
-1947.5151510877656
20
1725.4999997019768
30
510.00000536441803
11
-1432.5151479585213
21
1725.4999997019768
31
510.00000536441803
0
LINE
5
D31E
330
CFF3
100
AcDbEntity
100
AcDbLine
8
EKP_TURKCELL_RRU
10
-1432.5151479585213
20
1725.4999997019768
30
510.00000536441803
11
-1432.5151479585213
21
1865.5000002980232
31
510.00000536441803
0
LINE
5
D31F
330
CFF3
100
AcDbEntity
100
AcDbLine
8
EKP_TURKCELL_RRU
10
-1432.5151479585213
20
1865.5000002980232
30
510.00000536441803
11
-1947.5151510877656
21
1865.5000002980232
31
510.00000536441803
0
LINE
5
D320
330
CFF3
100
AcDbEntity
100
AcDbLine
8
EKP_TURKCELL_RRU
10
-1947.5151510877656
20
1865.5000002980232
30
510.00000536441803
11
-1947.5151510877656
21
1725.4999997019768
31
510.00000536441803
0
LINE
5
D321
330
CFF3
100
AcDbEntity
100
AcDbLine
8
EKP_TURKCELL_RRU
10
-1947.5151510877656
20
1725.4999997019768
30
1019.9999996647238
11
-1432.5151479585213
21
1725.4999997019768
31
1019.9999996647238
0
LINE
5
D322
330
CFF3
100
AcDbEntity
100
AcDbLine
8
EKP_TURKCELL_RRU
10
-1432.5151479585213
20
1725.4999997019768
30
1019.9999996647238
11
-1432.5151479585213
21
1865.5000002980232
31
1019.9999996647238
0
LINE
5
D323
330
CFF3
100
AcDbEntity
100
AcDbLine
8
EKP_TURKCELL_RRU
10
-1432.5151479585213
20
1865.5000002980232
30
1019.9999996647238
11
-1947.5151510877656
21
1865.5000002980232
31
1019.9999996647238
0
LINE
5
D324
330
CFF3
100
AcDbEntity
100
AcDbLine
8
EKP_TURKCELL_RRU
10
-1947.5151510877656
20
1865.5000002980232
30
1019.9999996647238
11
-1947.5151510877656
21
1725.4999997019768
31
1019.9999996647238
0
LINE
5
D325
330
CFF3
100
AcDbEntity
100
AcDbLine
8
EKP_TURKCELL_RRU
10
-1947.5151510877656
20
1725.4999997019768
30
510.00000536441803
11
-1947.5151510877656
21
1725.4999997019768
31
1019.9999996647238
0
LINE
5
D326
330
CFF3
100
AcDbEntity
100
AcDbLine
8
EKP_TURKCELL_RRU
10
-1432.5151479585213
20
1725.4999997019768
30
510.00000536441803
11
-1432.5151479585213
21
1725.4999997019768
31
1019.9999996647238
0
LINE
5
D327
330
CFF3
100
AcDbEntity
100
AcDbLine
8
EKP_TURKCELL_RRU
10
-1432.5151479585213
20
1865.5000002980232
30
510.00000536441803
11
-1432.5151479585213
21
1865.5000002980232
31
1019.9999996647238
0
LINE
5
D328
330
CFF3
100
AcDbEntity
100
AcDbLine
8
EKP_TURKCELL_RRU
10
-1947.5151510877656
20
1865.5000002980232
30
510.00000536441803
11
-1947.5151510877656
21
1865.5000002980232
31
1019.9999996647238
0
3DFACE
5
D329
330
CFF3
100
AcDbEntity
100
AcDbFace
8
EKP_TURKCELL_RRU
10
-1805.8901502272233
20
1780.5
30
1019.9999996647238
11
-1574.1401488190636
21
1780.5
31
1019.9999996647238
12
-1574.1401488190636
22
1810.5
32
1019.9999996647238
13
-1805.8901502272233
23
1810.5
33
1019.9999996647238
0
3DFACE
5
D32A
330
CFF3
100
AcDbEntity
100
AcDbFace
8
EKP_TURKCELL_RRU
10
-1805.8901502272233
20
1780.5
30
1049.9999996647239
11
-1574.1401488190636
21
1780.5
31
1049.9999996647239
12
-1574.1401488190636
22
1810.5
32
1049.9999996647239
13
-1805.8901502272233
23
1810.5
33
1049.9999996647239
0
3DFACE
5
D32B
330
CFF3
100
AcDbEntity
100
AcDbFace
8
EKP_TURKCELL_RRU
10
-1805.8901502272233
20
1780.5
30
1019.9999996647238
11
-1574.1401488190636
21
1780.5
31
1019.9999996647238
12
-1574.1401488190636
22
1780.5
32
1049.9999996647239
13
-1805.8901502272233
23
1780.5
33
1049.9999996647239
0
3DFACE
5
D32C
330
CFF3
100
AcDbEntity
100
AcDbFace
8
EKP_TURKCELL_RRU
10
-1805.8901502272233
20
1810.5
30
1019.9999996647238
11
-1574.1401488190636
21
1810.5
31
1019.9999996647238
12
-1574.1401488190636
22
1810.5
32
1049.9999996647239
13
-1805.8901502272233
23
1810.5
33
1049.9999996647239
0
3DFACE
5
D32D
330
CFF3
100
AcDbEntity
100
AcDbFace
8
EKP_TURKCELL_RRU
10
-1805.8901502272233
20
1780.5
30
1019.9999996647238
11
-1805.8901502272233
21
1810.5
31
1019.9999996647238
12
-1805.8901502272233
22
1810.5
32
1049.9999996647239
13
-1805.8901502272233
23
1780.5
33
1049.9999996647239
0
3DFACE
5
D32E
330
CFF3
100
AcDbEntity
100
AcDbFace
8
EKP_TURKCELL_RRU
10
-1574.1401488190636
20
1780.5
30
1019.9999996647238
11
-1574.1401488190636
21
1810.5
31
1019.9999996647238
12
-1574.1401488190636
22
1810.5
32
1049.9999996647239
13
-1574.1401488190636
23
1780.5
33
1049.9999996647239
0
LINE
5
D32F
330
CFF3
100
AcDbEntity
100
AcDbLine
8
EKP_TURKCELL_RRU
10
-1805.8901502272233
20
1780.5
30
1019.9999996647238
11
-1574.1401488190636
21
1780.5
31
1019.9999996647238
0
LINE
5
D330
330
CFF3
100
AcDbEntity
100
AcDbLine
8
EKP_TURKCELL_RRU
10
-1574.1401488190636
20
1780.5
30
1019.9999996647238
11
-1574.1401488190636
21
1810.5
31
1019.9999996647238
0
LINE
5
D331
330
CFF3
100
AcDbEntity
100
AcDbLine
8
EKP_TURKCELL_RRU
10
-1574.1401488190636
20
1810.5
30
1019.9999996647238
11
-1805.8901502272233
21
1810.5
31
1019.9999996647238
0
LINE
5
D332
330
CFF3
100
AcDbEntity
100
AcDbLine
8
EKP_TURKCELL_RRU
10
-1805.8901502272233
20
1810.5
30
1019.9999996647238
11
-1805.8901502272233
21
1780.5
31
1019.9999996647238
0
LINE
5
D333
330
CFF3
100
AcDbEntity
100
AcDbLine
8
EKP_TURKCELL_RRU
10
-1805.8901502272233
20
1780.5
30
1049.9999996647239
11
-1574.1401488190636
21
1780.5
31
1049.9999996647239
0
LINE
5
D334
330
CFF3
100
AcDbEntity
100
AcDbLine
8
EKP_TURKCELL_RRU
10
-1574.1401488190636
20
1780.5
30
1049.9999996647239
11
-1574.1401488190636
21
1810.5
31
1049.9999996647239
0
LINE
5
D335
330
CFF3
100
AcDbEntity
100
AcDbLine
8
EKP_TURKCELL_RRU
10
-1574.1401488190636
20
1810.5
30
1049.9999996647239
11
-1805.8901502272233
21
1810.5
31
1049.9999996647239
0
LINE
5
D336
330
CFF3
100
AcDbEntity
100
AcDbLine
8
EKP_TURKCELL_RRU
10
-1805.8901502272233
20
1810.5
30
1049.9999996647239
11
-1805.8901502272233
21
1780.5
31
1049.9999996647239
0
LINE
5
D337
330
CFF3
100
AcDbEntity
100
AcDbLine
8
EKP_TURKCELL_RRU
10
-1805.8901502272233
20
1780.5
30
1019.9999996647238
11
-1805.8901502272233
21
1780.5
31
1049.9999996647239
0
LINE
5
D338
330
CFF3
100
AcDbEntity
100
AcDbLine
8
EKP_TURKCELL_RRU
10
-1574.1401488190636
20
1780.5
30
1019.9999996647238
11
-1574.1401488190636
21
1780.5
31
1049.9999996647239
0
LINE
5
D339
330
CFF3
100
AcDbEntity
100
AcDbLine
8
EKP_TURKCELL_RRU
10
-1574.1401488190636
20
1810.5
30
1019.9999996647238
11
-1574.1401488190636
21
1810.5
31
1049.9999996647239
0
LINE
5
D33A
330
CFF3
100
AcDbEntity
100
AcDbLine
8
EKP_TURKCELL_RRU
10
-1805.8901502272233
20
1810.5
30
1019.9999996647238
11
-1805.8901502272233
21
1810.5
31
1049.9999996647239
0
LINE
5
D33B
330
CFF3
100
AcDbEntity
100
AcDbLine
8
EKP_TURKCELL_RRU
10
-1793.0151501489922
20
1795.5
30
1019.9999996647238
11
-1587.0151488972947
21
1795.5
31
1019.9999996647238
0
LINE
5
D33C
330
CFF3
100
AcDbEntity
100
AcDbLine
8
EKP_TURKCELL_RRU
10
-1690.0151495231435
20
1767.4999998807907
30
1019.9999996647238
11
-1690.0151495231435
21
1823.5000001192093
31
1019.9999996647238
0
TEXT
5
D33D
330
CFF3
100
AcDbEntity
100
AcDbText
8
EKP_TURKCELL_RRU
10
-1690.0151495231435
20
1826.8600001335144
30
0
40
39.20000016689301
1
Turkcell RRU 5502 (Alt Kot)
50
0
7
STANDARD
72
1
11
-1690.0151495231435
21
1826.8600001335144
31
0
100
AcDbText
73
2
0
3DFACE
5
D33E
330
CFF3
100
AcDbEntity
100
AcDbFace
8
EKP_TURKCELL_RRU
10
-1947.5151510877656
20
1543.0000020861626
30
483.50000381469727
11
-1434.5151499850797
21
1543.0000020861626
31
483.50000381469727
12
-1434.5151499850797
22
1687.9999979138374
32
483.50000381469727
13
-1947.5151510877656
23
1687.9999979138374
33
483.50000381469727
0
3DFACE
5
D33F
330
CFF3
100
AcDbEntity
100
AcDbFace
8
EKP_TURKCELL_RRU
10
-1947.5151510877656
20
1543.0000020861626
30
1046.4999996647239
11
-1434.5151499850797
21
1543.0000020861626
31
1046.4999996647239
12
-1434.5151499850797
22
1687.9999979138374
32
1046.4999996647239
13
-1947.5151510877656
23
1687.9999979138374
33
1046.4999996647239
0
3DFACE
5
D340
330
CFF3
100
AcDbEntity
100
AcDbFace
8
EKP_TURKCELL_RRU
10
-1947.5151510877656
20
1543.0000020861626
30
483.50000381469727
11
-1434.5151499850797
21
1543.0000020861626
31
483.50000381469727
12
-1434.5151499850797
22
1543.0000020861626
32
1046.4999996647239
13
-1947.5151510877656
23
1543.0000020861626
33
1046.4999996647239
0
3DFACE
5
D341
330
CFF3
100
AcDbEntity
100
AcDbFace
8
EKP_TURKCELL_RRU
10
-1947.5151510877656
20
1687.9999979138374
30
483.50000381469727
11
-1434.5151499850797
21
1687.9999979138374
31
483.50000381469727
12
-1434.5151499850797
22
1687.9999979138374
32
1046.4999996647239
13
-1947.5151510877656
23
1687.9999979138374
33
1046.4999996647239
0
3DFACE
5
D342
330
CFF3
100
AcDbEntity
100
AcDbFace
8
EKP_TURKCELL_RRU
10
-1947.5151510877656
20
1543.0000020861626
30
483.50000381469727
11
-1947.5151510877656
21
1687.9999979138374
31
483.50000381469727
12
-1947.5151510877656
22
1687.9999979138374
32
1046.4999996647239
13
-1947.5151510877656
23
1543.0000020861626
33
1046.4999996647239
0
3DFACE
5
D343
330
CFF3
100
AcDbEntity
100
AcDbFace
8
EKP_TURKCELL_RRU
10
-1434.5151499850797
20
1543.0000020861626
30
483.50000381469727
11
-1434.5151499850797
21
1687.9999979138374
31
483.50000381469727
12
-1434.5151499850797
22
1687.9999979138374
32
1046.4999996647239
13
-1434.5151499850797
23
1543.0000020861626
33
1046.4999996647239
0
LINE
5
D344
330
CFF3
100
AcDbEntity
100
AcDbLine
8
EKP_TURKCELL_RRU
10
-1947.5151510877656
20
1543.0000020861626
30
483.50000381469727
11
-1434.5151499850797
21
1543.0000020861626
31
483.50000381469727
0
LINE
5
D345
330
CFF3
100
AcDbEntity
100
AcDbLine
8
EKP_TURKCELL_RRU
10
-1434.5151499850797
20
1543.0000020861626
30
483.50000381469727
11
-1434.5151499850797
21
1687.9999979138374
31
483.50000381469727
0
LINE
5
D346
330
CFF3
100
AcDbEntity
100
AcDbLine
8
EKP_TURKCELL_RRU
10
-1434.5151499850797
20
1687.9999979138374
30
483.50000381469727
11
-1947.5151510877656
21
1687.9999979138374
31
483.50000381469727
0
LINE
5
D347
330
CFF3
100
AcDbEntity
100
AcDbLine
8
EKP_TURKCELL_RRU
10
-1947.5151510877656
20
1687.9999979138374
30
483.50000381469727
11
-1947.5151510877656
21
1543.0000020861626
31
483.50000381469727
0
LINE
5
D348
330
CFF3
100
AcDbEntity
100
AcDbLine
8
EKP_TURKCELL_RRU
10
-1947.5151510877656
20
1543.0000020861626
30
1046.4999996647239
11
-1434.5151499850797
21
1543.0000020861626
31
1046.4999996647239
0
LINE
5
D349
330
CFF3
100
AcDbEntity
100
AcDbLine
8
EKP_TURKCELL_RRU
10
-1434.5151499850797
20
1543.0000020861626
30
1046.4999996647239
11
-1434.5151499850797
21
1687.9999979138374
31
1046.4999996647239
0
LINE
5
D34A
330
CFF3
100
AcDbEntity
100
AcDbLine
8
EKP_TURKCELL_RRU
10
-1434.5151499850797
20
1687.9999979138374
30
1046.4999996647239
11
-1947.5151510877656
21
1687.9999979138374
31
1046.4999996647239
0
LINE
5
D34B
330
CFF3
100
AcDbEntity
100
AcDbLine
8
EKP_TURKCELL_RRU
10
-1947.5151510877656
20
1687.9999979138374
30
1046.4999996647239
11
-1947.5151510877656
21
1543.0000020861626
31
1046.4999996647239
0
LINE
5
D34C
330
CFF3
100
AcDbEntity
100
AcDbLine
8
EKP_TURKCELL_RRU
10
-1947.5151510877656
20
1543.0000020861626
30
483.50000381469727
11
-1947.5151510877656
21
1543.0000020861626
31
1046.4999996647239
0
LINE
5
D34D
330
CFF3
100
AcDbEntity
100
AcDbLine
8
EKP_TURKCELL_RRU
10
-1434.5151499850797
20
1543.0000020861626
30
483.50000381469727
11
-1434.5151499850797
21
1543.0000020861626
31
1046.4999996647239
0
LINE
5
D34E
330
CFF3
100
AcDbEntity
100
AcDbLine
8
EKP_TURKCELL_RRU
10
-1434.5151499850797
20
1687.9999979138374
30
483.50000381469727
11
-1434.5151499850797
21
1687.9999979138374
31
1046.4999996647239
0
LINE
5
D34F
330
CFF3
100
AcDbEntity
100
AcDbLine
8
EKP_TURKCELL_RRU
10
-1947.5151510877656
20
1687.9999979138374
30
483.50000381469727
11
-1947.5151510877656
21
1687.9999979138374
31
1046.4999996647239
0
3DFACE
5
D350
330
CFF3
100
AcDbEntity
100
AcDbFace
8
EKP_TURKCELL_RRU
10
-1806.440150784527
20
1600.5
30
1046.4999996647239
11
-1575.5901502883182
21
1600.5
31
1046.4999996647239
12
-1575.5901502883182
22
1630.5
32
1046.4999996647239
13
-1806.440150784527
23
1630.5
33
1046.4999996647239
0
3DFACE
5
D351
330
CFF3
100
AcDbEntity
100
AcDbFace
8
EKP_TURKCELL_RRU
10
-1806.440150784527
20
1600.5
30
1076.4999996647239
11
-1575.5901502883182
21
1600.5
31
1076.4999996647239
12
-1575.5901502883182
22
1630.5
32
1076.4999996647239
13
-1806.440150784527
23
1630.5
33
1076.4999996647239
0
3DFACE
5
D352
330
CFF3
100
AcDbEntity
100
AcDbFace
8
EKP_TURKCELL_RRU
10
-1806.440150784527
20
1600.5
30
1046.4999996647239
11
-1575.5901502883182
21
1600.5
31
1046.4999996647239
12
-1575.5901502883182
22
1600.5
32
1076.4999996647239
13
-1806.440150784527
23
1600.5
33
1076.4999996647239
0
3DFACE
5
D353
330
CFF3
100
AcDbEntity
100
AcDbFace
8
EKP_TURKCELL_RRU
10
-1806.440150784527
20
1630.5
30
1046.4999996647239
11
-1575.5901502883182
21
1630.5
31
1046.4999996647239
12
-1575.5901502883182
22
1630.5
32
1076.4999996647239
13
-1806.440150784527
23
1630.5
33
1076.4999996647239
0
3DFACE
5
D354
330
CFF3
100
AcDbEntity
100
AcDbFace
8
EKP_TURKCELL_RRU
10
-1806.440150784527
20
1600.5
30
1046.4999996647239
11
-1806.440150784527
21
1630.5
31
1046.4999996647239
12
-1806.440150784527
22
1630.5
32
1076.4999996647239
13
-1806.440150784527
23
1600.5
33
1076.4999996647239
0
3DFACE
5
D355
330
CFF3
100
AcDbEntity
100
AcDbFace
8
EKP_TURKCELL_RRU
10
-1575.5901502883182
20
1600.5
30
1046.4999996647239
11
-1575.5901502883182
21
1630.5
31
1046.4999996647239
12
-1575.5901502883182
22
1630.5
32
1076.4999996647239
13
-1575.5901502883182
23
1600.5
33
1076.4999996647239
0
LINE
5
D356
330
CFF3
100
AcDbEntity
100
AcDbLine
8
EKP_TURKCELL_RRU
10
-1806.440150784527
20
1600.5
30
1046.4999996647239
11
-1575.5901502883182
21
1600.5
31
1046.4999996647239
0
LINE
5
D357
330
CFF3
100
AcDbEntity
100
AcDbLine
8
EKP_TURKCELL_RRU
10
-1575.5901502883182
20
1600.5
30
1046.4999996647239
11
-1575.5901502883182
21
1630.5
31
1046.4999996647239
0
LINE
5
D358
330
CFF3
100
AcDbEntity
100
AcDbLine
8
EKP_TURKCELL_RRU
10
-1575.5901502883182
20
1630.5
30
1046.4999996647239
11
-1806.440150784527
21
1630.5
31
1046.4999996647239
0
LINE
5
D359
330
CFF3
100
AcDbEntity
100
AcDbLine
8
EKP_TURKCELL_RRU
10
-1806.440150784527
20
1630.5
30
1046.4999996647239
11
-1806.440150784527
21
1600.5
31
1046.4999996647239
0
LINE
5
D35A
330
CFF3
100
AcDbEntity
100
AcDbLine
8
EKP_TURKCELL_RRU
10
-1806.440150784527
20
1600.5
30
1076.4999996647239
11
-1575.5901502883182
21
1600.5
31
1076.4999996647239
0
LINE
5
D35B
330
CFF3
100
AcDbEntity
100
AcDbLine
8
EKP_TURKCELL_RRU
10
-1575.5901502883182
20
1600.5
30
1076.4999996647239
11
-1575.5901502883182
21
1630.5
31
1076.4999996647239
0
LINE
5
D35C
330
CFF3
100
AcDbEntity
100
AcDbLine
8
EKP_TURKCELL_RRU
10
-1575.5901502883182
20
1630.5
30
1076.4999996647239
11
-1806.440150784527
21
1630.5
31
1076.4999996647239
0
LINE
5
D35D
330
CFF3
100
AcDbEntity
100
AcDbLine
8
EKP_TURKCELL_RRU
10
-1806.440150784527
20
1630.5
30
1076.4999996647239
11
-1806.440150784527
21
1600.5
31
1076.4999996647239
0
LINE
5
D35E
330
CFF3
100
AcDbEntity
100
AcDbLine
8
EKP_TURKCELL_RRU
10
-1806.440150784527
20
1600.5
30
1046.4999996647239
11
-1806.440150784527
21
1600.5
31
1076.4999996647239
0
LINE
5
D35F
330
CFF3
100
AcDbEntity
100
AcDbLine
8
EKP_TURKCELL_RRU
10
-1575.5901502883182
20
1600.5
30
1046.4999996647239
11
-1575.5901502883182
21
1600.5
31
1076.4999996647239
0
LINE
5
D360
330
CFF3
100
AcDbEntity
100
AcDbLine
8
EKP_TURKCELL_RRU
10
-1575.5901502883182
20
1630.5
30
1046.4999996647239
11
-1575.5901502883182
21
1630.5
31
1076.4999996647239
0
LINE
5
D361
330
CFF3
100
AcDbEntity
100
AcDbLine
8
EKP_TURKCELL_RRU
10
-1806.440150784527
20
1630.5
30
1046.4999996647239
11
-1806.440150784527
21
1630.5
31
1076.4999996647239
0
LINE
5
D362
330
CFF3
100
AcDbEntity
100
AcDbLine
8
EKP_TURKCELL_RRU
10
-1793.6151507569598
20
1615.5
30
1046.4999996647239
11
-1588.4151503158855
21
1615.5
31
1046.4999996647239
0
LINE
5
D363
330
CFF3
100
AcDbEntity
100
AcDbLine
8
EKP_TURKCELL_RRU
10
-1691.0151505364227
20
1586.500000834465
30
1046.4999996647239
11
-1691.0151505364227
21
1644.499999165535
31
1046.4999996647239
0
TEXT
5
D364
330
CFF3
100
AcDbEntity
100
AcDbText
8
EKP_TURKCELL_RRU
10
-1691.0151505364227
20
1647.9799990653992
30
0
40
40.59999883174897
1
Turkcell LTE RRU4485 (Alt Kot)
50
0
7
STANDARD
72
1
11
-1691.0151505364227
21
1647.9799990653992
31
0
100
AcDbText
73
2
0
3DFACE
5
D365
330
CFF3
100
AcDbEntity
100
AcDbFace
8
EKP_TURKCELL_RRU
10
-1947.5151510877656
20
1358.5000004172325
30
517.0000046491623
11
-1489.5151535613581
21
1358.5000004172325
31
517.0000046491623
12
-1489.5151535613581
22
1512.4999995827675
32
517.0000046491623
13
-1947.5151510877656
23
1512.4999995827675
33
517.0000046491623
0
3DFACE
5
D366
330
CFF3
100
AcDbEntity
100
AcDbFace
8
EKP_TURKCELL_RRU
10
-1947.5151510877656
20
1358.5000004172325
30
1012.9999996647239
11
-1489.5151535613581
21
1358.5000004172325
31
1012.9999996647239
12
-1489.5151535613581
22
1512.4999995827675
32
1012.9999996647239
13
-1947.5151510877656
23
1512.4999995827675
33
1012.9999996647239
0
3DFACE
5
D367
330
CFF3
100
AcDbEntity
100
AcDbFace
8
EKP_TURKCELL_RRU
10
-1947.5151510877656
20
1358.5000004172325
30
517.0000046491623
11
-1489.5151535613581
21
1358.5000004172325
31
517.0000046491623
12
-1489.5151535613581
22
1358.5000004172325
32
1012.9999996647239
13
-1947.5151510877656
23
1358.5000004172325
33
1012.9999996647239
0
3DFACE
5
D368
330
CFF3
100
AcDbEntity
100
AcDbFace
8
EKP_TURKCELL_RRU
10
-1947.5151510877656
20
1512.4999995827675
30
517.0000046491623
11
-1489.5151535613581
21
1512.4999995827675
31
517.0000046491623
12
-1489.5151535613581
22
1512.4999995827675
32
1012.9999996647239
13
-1947.5151510877656
23
1512.4999995827675
33
1012.9999996647239
0
3DFACE
5
D369
330
CFF3
100
AcDbEntity
100
AcDbFace
8
EKP_TURKCELL_RRU
10
-1947.5151510877656
20
1358.5000004172325
30
517.0000046491623
11
-1947.5151510877656
21
1512.4999995827675
31
517.0000046491623
12
-1947.5151510877656
22
1512.4999995827675
32
1012.9999996647239
13
-1947.5151510877656
23
1358.5000004172325
33
1012.9999996647239
0
3DFACE
5
D36A
330
CFF3
100
AcDbEntity
100
AcDbFace
8
EKP_TURKCELL_RRU
10
-1489.5151535613581
20
1358.5000004172325
30
517.0000046491623
11
-1489.5151535613581
21
1512.4999995827675
31
517.0000046491623
12
-1489.5151535613581
22
1512.4999995827675
32
1012.9999996647239
13
-1489.5151535613581
23
1358.5000004172325
33
1012.9999996647239
0
LINE
5
D36B
330
CFF3
100
AcDbEntity
100
AcDbLine
8
EKP_TURKCELL_RRU
10
-1947.5151510877656
20
1358.5000004172325
30
517.0000046491623
11
-1489.5151535613581
21
1358.5000004172325
31
517.0000046491623
0
LINE
5
D36C
330
CFF3
100
AcDbEntity
100
AcDbLine
8
EKP_TURKCELL_RRU
10
-1489.5151535613581
20
1358.5000004172325
30
517.0000046491623
11
-1489.5151535613581
21
1512.4999995827675
31
517.0000046491623
0
LINE
5
D36D
330
CFF3
100
AcDbEntity
100
AcDbLine
8
EKP_TURKCELL_RRU
10
-1489.5151535613581
20
1512.4999995827675
30
517.0000046491623
11
-1947.5151510877656
21
1512.4999995827675
31
517.0000046491623
0
LINE
5
D36E
330
CFF3
100
AcDbEntity
100
AcDbLine
8
EKP_TURKCELL_RRU
10
-1947.5151510877656
20
1512.4999995827675
30
517.0000046491623
11
-1947.5151510877656
21
1358.5000004172325
31
517.0000046491623
0
LINE
5
D36F
330
CFF3
100
AcDbEntity
100
AcDbLine
8
EKP_TURKCELL_RRU
10
-1947.5151510877656
20
1358.5000004172325
30
1012.9999996647239
11
-1489.5151535613581
21
1358.5000004172325
31
1012.9999996647239
0
LINE
5
D370
330
CFF3
100
AcDbEntity
100
AcDbLine
8
EKP_TURKCELL_RRU
10
-1489.5151535613581
20
1358.5000004172325
30
1012.9999996647239
11
-1489.5151535613581
21
1512.4999995827675
31
1012.9999996647239
0
LINE
5
D371
330
CFF3
100
AcDbEntity
100
AcDbLine
8
EKP_TURKCELL_RRU
10
-1489.5151535613581
20
1512.4999995827675
30
1012.9999996647239
11
-1947.5151510877656
21
1512.4999995827675
31
1012.9999996647239
0
LINE
5
D372
330
CFF3
100
AcDbEntity
100
AcDbLine
8
EKP_TURKCELL_RRU
10
-1947.5151510877656
20
1512.4999995827675
30
1012.9999996647239
11
-1947.5151510877656
21
1358.5000004172325
31
1012.9999996647239
0
LINE
5
D373
330
CFF3
100
AcDbEntity
100
AcDbLine
8
EKP_TURKCELL_RRU
10
-1947.5151510877656
20
1358.5000004172325
30
517.0000046491623
11
-1947.5151510877656
21
1358.5000004172325
31
1012.9999996647239
0
LINE
5
D374
330
CFF3
100
AcDbEntity
100
AcDbLine
8
EKP_TURKCELL_RRU
10
-1489.5151535613581
20
1358.5000004172325
30
517.0000046491623
11
-1489.5151535613581
21
1358.5000004172325
31
1012.9999996647239
0
LINE
5
D375
330
CFF3
100
AcDbEntity
100
AcDbLine
8
EKP_TURKCELL_RRU
10
-1489.5151535613581
20
1512.4999995827675
30
517.0000046491623
11
-1489.5151535613581
21
1512.4999995827675
31
1012.9999996647239
0
LINE
5
D376
330
CFF3
100
AcDbEntity
100
AcDbLine
8
EKP_TURKCELL_RRU
10
-1947.5151510877656
20
1512.4999995827675
30
517.0000046491623
11
-1947.5151510877656
21
1512.4999995827675
31
1012.9999996647239
0
3DFACE
5
D377
330
CFF3
100
AcDbEntity
100
AcDbFace
8
EKP_TURKCELL_RRU
10
-1821.5651517680035
20
1420.5
30
1012.9999996647239
11
-1615.46515288112
21
1420.5
31
1012.9999996647239
12
-1615.46515288112
22
1450.5
32
1012.9999996647239
13
-1821.5651517680035
23
1450.5
33
1012.9999996647239
0
3DFACE
5
D378
330
CFF3
100
AcDbEntity
100
AcDbFace
8
EKP_TURKCELL_RRU
10
-1821.5651517680035
20
1420.5
30
1042.9999996647239
11
-1615.46515288112
21
1420.5
31
1042.9999996647239
12
-1615.46515288112
22
1450.5
32
1042.9999996647239
13
-1821.5651517680035
23
1450.5
33
1042.9999996647239
0
3DFACE
5
D379
330
CFF3
100
AcDbEntity
100
AcDbFace
8
EKP_TURKCELL_RRU
10
-1821.5651517680035
20
1420.5
30
1012.9999996647239
11
-1615.46515288112
21
1420.5
31
1012.9999996647239
12
-1615.46515288112
22
1420.5
32
1042.9999996647239
13
-1821.5651517680035
23
1420.5
33
1042.9999996647239
0
3DFACE
5
D37A
330
CFF3
100
AcDbEntity
100
AcDbFace
8
EKP_TURKCELL_RRU
10
-1821.5651517680035
20
1450.5
30
1012.9999996647239
11
-1615.46515288112
21
1450.5
31
1012.9999996647239
12
-1615.46515288112
22
1450.5
32
1042.9999996647239
13
-1821.5651517680035
23
1450.5
33
1042.9999996647239
0
3DFACE
5
D37B
330
CFF3
100
AcDbEntity
100
AcDbFace
8
EKP_TURKCELL_RRU
10
-1821.5651517680035
20
1420.5
30
1012.9999996647239
11
-1821.5651517680035
21
1450.5
31
1012.9999996647239
12
-1821.5651517680035
22
1450.5
32
1042.9999996647239
13
-1821.5651517680035
23
1420.5
33
1042.9999996647239
0
3DFACE
5
D37C
330
CFF3
100
AcDbEntity
100
AcDbFace
8
EKP_TURKCELL_RRU
10
-1615.46515288112
20
1420.5
30
1012.9999996647239
11
-1615.46515288112
21
1450.5
31
1012.9999996647239
12
-1615.46515288112
22
1450.5
32
1042.9999996647239
13
-1615.46515288112
23
1420.5
33
1042.9999996647239
0
LINE
5
D37D
330
CFF3
100
AcDbEntity
100
AcDbLine
8
EKP_TURKCELL_RRU
10
-1821.5651517680035
20
1420.5
30
1012.9999996647239
11
-1615.46515288112
21
1420.5
31
1012.9999996647239
0
LINE
5
D37E
330
CFF3
100
AcDbEntity
100
AcDbLine
8
EKP_TURKCELL_RRU
10
-1615.46515288112
20
1420.5
30
1012.9999996647239
11
-1615.46515288112
21
1450.5
31
1012.9999996647239
0
LINE
5
D37F
330
CFF3
100
AcDbEntity
100
AcDbLine
8
EKP_TURKCELL_RRU
10
-1615.46515288112
20
1450.5
30
1012.9999996647239
11
-1821.5651517680035
21
1450.5
31
1012.9999996647239
0
LINE
5
D380
330
CFF3
100
AcDbEntity
100
AcDbLine
8
EKP_TURKCELL_RRU
10
-1821.5651517680035
20
1450.5
30
1012.9999996647239
11
-1821.5651517680035
21
1420.5
31
1012.9999996647239
0
LINE
5
D381
330
CFF3
100
AcDbEntity
100
AcDbLine
8
EKP_TURKCELL_RRU
10
-1821.5651517680035
20
1420.5
30
1042.9999996647239
11
-1615.46515288112
21
1420.5
31
1042.9999996647239
0
LINE
5
D382
330
CFF3
100
AcDbEntity
100
AcDbLine
8
EKP_TURKCELL_RRU
10
-1615.46515288112
20
1420.5
30
1042.9999996647239
11
-1615.46515288112
21
1450.5
31
1042.9999996647239
0
LINE
5
D383
330
CFF3
100
AcDbEntity
100
AcDbLine
8
EKP_TURKCELL_RRU
10
-1615.46515288112
20
1450.5
30
1042.9999996647239
11
-1821.5651517680035
21
1450.5
31
1042.9999996647239
0
LINE
5
D384
330
CFF3
100
AcDbEntity
100
AcDbLine
8
EKP_TURKCELL_RRU
10
-1821.5651517680035
20
1450.5
30
1042.9999996647239
11
-1821.5651517680035
21
1420.5
31
1042.9999996647239
0
LINE
5
D385
330
CFF3
100
AcDbEntity
100
AcDbLine
8
EKP_TURKCELL_RRU
10
-1821.5651517680035
20
1420.5
30
1012.9999996647239
11
-1821.5651517680035
21
1420.5
31
1042.9999996647239
0
LINE
5
D386
330
CFF3
100
AcDbEntity
100
AcDbLine
8
EKP_TURKCELL_RRU
10
-1615.46515288112
20
1420.5
30
1012.9999996647239
11
-1615.46515288112
21
1420.5
31
1042.9999996647239
0
LINE
5
D387
330
CFF3
100
AcDbEntity
100
AcDbLine
8
EKP_TURKCELL_RRU
10
-1615.46515288112
20
1450.5
30
1012.9999996647239
11
-1615.46515288112
21
1450.5
31
1042.9999996647239
0
LINE
5
D388
330
CFF3
100
AcDbEntity
100
AcDbLine
8
EKP_TURKCELL_RRU
10
-1821.5651517680035
20
1450.5
30
1012.9999996647239
11
-1821.5651517680035
21
1450.5
31
1042.9999996647239
0
LINE
5
D389
330
CFF3
100
AcDbEntity
100
AcDbLine
8
EKP_TURKCELL_RRU
10
-1810.1151518298432
20
1435.5
30
1012.9999996647239
11
-1626.9151528192804
21
1435.5
31
1012.9999996647239
0
LINE
5
D38A
330
CFF3
100
AcDbEntity
100
AcDbLine
8
EKP_TURKCELL_RRU
10
-1718.5151523245618
20
1404.700000166893
30
1012.9999996647239
11
-1718.5151523245618
21
1466.299999833107
31
1012.9999996647239
0
TEXT
5
D38B
330
CFF3
100
AcDbEntity
100
AcDbText
8
EKP_TURKCELL_RRU
10
-1718.5151523245618
20
1469.9959998130798
30
0
40
43.1199997663498
1
Turkcell GSM 2219 B8 (Alt Kot)
50
0
7
STANDARD
72
1
11
-1718.5151523245618
21
1469.9959998130798
31
0
100
AcDbText
73
2
0
3DFACE
5
D401
330
CFF3
100
AcDbEntity
100
AcDbFace
8
EKP_VODAFONE_RRU
10
-1947.5151510877656
20
1907.9999973177912
30
1210.0000053644183
11
-1400.515145335917
21
1907.9999973177912
31
1210.0000053644183
12
-1400.515145335917
22
2043.0000026822092
32
1210.0000053644183
13
-1947.5151510877656
23
2043.0000026822092
33
1210.0000053644183
0
3DFACE
5
D402
330
CFF3
100
AcDbEntity
100
AcDbFace
8
EKP_VODAFONE_RRU
10
-1947.5151510877656
20
1907.9999973177912
30
1719.9999996647239
11
-1400.515145335917
21
1907.9999973177912
31
1719.9999996647239
12
-1400.515145335917
22
2043.0000026822092
32
1719.9999996647239
13
-1947.5151510877656
23
2043.0000026822092
33
1719.9999996647239
0
3DFACE
5
D403
330
CFF3
100
AcDbEntity
100
AcDbFace
8
EKP_VODAFONE_RRU
10
-1947.5151510877656
20
1907.9999973177912
30
1210.0000053644183
11
-1400.515145335917
21
1907.9999973177912
31
1210.0000053644183
12
-1400.515145335917
22
1907.9999973177912
32
1719.9999996647239
13
-1947.5151510877656
23
1907.9999973177912
33
1719.9999996647239
0
3DFACE
5
D404
330
CFF3
100
AcDbEntity
100
AcDbFace
8
EKP_VODAFONE_RRU
10
-1947.5151510877656
20
2043.0000026822092
30
1210.0000053644183
11
-1400.515145335917
21
2043.0000026822092
31
1210.0000053644183
12
-1400.515145335917
22
2043.0000026822092
32
1719.9999996647239
13
-1947.5151510877656
23
2043.0000026822092
33
1719.9999996647239
0
3DFACE
5
D405
330
CFF3
100
AcDbEntity
100
AcDbFace
8
EKP_VODAFONE_RRU
10
-1947.5151510877656
20
1907.9999973177912
30
1210.0000053644183
11
-1947.5151510877656
21
2043.0000026822092
31
1210.0000053644183
12
-1947.5151510877656
22
2043.0000026822092
32
1719.9999996647239
13
-1947.5151510877656
23
1907.9999973177912
33
1719.9999996647239
0
3DFACE
5
D406
330
CFF3
100
AcDbEntity
100
AcDbFace
8
EKP_VODAFONE_RRU
10
-1400.515145335917
20
1907.9999973177912
30
1210.0000053644183
11
-1400.515145335917
21
2043.0000026822092
31
1210.0000053644183
12
-1400.515145335917
22
2043.0000026822092
32
1719.9999996647239
13
-1400.515145335917
23
1907.9999973177912
33
1719.9999996647239
0
LINE
5
D407
330
CFF3
100
AcDbEntity
100
AcDbLine
8
EKP_VODAFONE_RRU
10
-1947.5151510877656
20
1907.9999973177912
30
1210.0000053644183
11
-1400.515145335917
21
1907.9999973177912
31
1210.0000053644183
0
LINE
5
D408
330
CFF3
100
AcDbEntity
100
AcDbLine
8
EKP_VODAFONE_RRU
10
-1400.515145335917
20
1907.9999973177912
30
1210.0000053644183
11
-1400.515145335917
21
2043.0000026822092
31
1210.0000053644183
0
LINE
5
D409
330
CFF3
100
AcDbEntity
100
AcDbLine
8
EKP_VODAFONE_RRU
10
-1400.515145335917
20
2043.0000026822092
30
1210.0000053644183
11
-1947.5151510877656
21
2043.0000026822092
31
1210.0000053644183
0
LINE
5
D40A
330
CFF3
100
AcDbEntity
100
AcDbLine
8
EKP_VODAFONE_RRU
10
-1947.5151510877656
20
2043.0000026822092
30
1210.0000053644183
11
-1947.5151510877656
21
1907.9999973177912
31
1210.0000053644183
0
LINE
5
D40B
330
CFF3
100
AcDbEntity
100
AcDbLine
8
EKP_VODAFONE_RRU
10
-1947.5151510877656
20
1907.9999973177912
30
1719.9999996647239
11
-1400.515145335917
21
1907.9999973177912
31
1719.9999996647239
0
LINE
5
D40C
330
CFF3
100
AcDbEntity
100
AcDbLine
8
EKP_VODAFONE_RRU
10
-1400.515145335917
20
1907.9999973177912
30
1719.9999996647239
11
-1400.515145335917
21
2043.0000026822092
31
1719.9999996647239
0
LINE
5
D40D
330
CFF3
100
AcDbEntity
100
AcDbLine
8
EKP_VODAFONE_RRU
10
-1400.515145335917
20
2043.0000026822092
30
1719.9999996647239
11
-1947.5151510877656
21
2043.0000026822092
31
1719.9999996647239
0
LINE
5
D40E
330
CFF3
100
AcDbEntity
100
AcDbLine
8
EKP_VODAFONE_RRU
10
-1947.5151510877656
20
2043.0000026822092
30
1719.9999996647239
11
-1947.5151510877656
21
1907.9999973177912
31
1719.9999996647239
0
LINE
5
D40F
330
CFF3
100
AcDbEntity
100
AcDbLine
8
EKP_VODAFONE_RRU
10
-1947.5151510877656
20
1907.9999973177912
30
1210.0000053644183
11
-1947.5151510877656
21
1907.9999973177912
31
1719.9999996647239
0
LINE
5
D410
330
CFF3
100
AcDbEntity
100
AcDbLine
8
EKP_VODAFONE_RRU
10
-1400.515145335917
20
1907.9999973177912
30
1210.0000053644183
11
-1400.515145335917
21
1907.9999973177912
31
1719.9999996647239
0
LINE
5
D411
330
CFF3
100
AcDbEntity
100
AcDbLine
8
EKP_VODAFONE_RRU
10
-1400.515145335917
20
2043.0000026822092
30
1210.0000053644183
11
-1400.515145335917
21
2043.0000026822092
31
1719.9999996647239
0
LINE
5
D412
330
CFF3
100
AcDbEntity
100
AcDbLine
8
EKP_VODAFONE_RRU
10
-1947.5151510877656
20
2043.0000026822092
30
1210.0000053644183
11
-1947.5151510877656
21
2043.0000026822092
31
1719.9999996647239
0
3DFACE
5
D413
330
CFF3
100
AcDbEntity
100
AcDbFace
8
EKP_VODAFONE_RRU
10
-1797.0901495060073
20
1960.5000000000002
30
1719.9999996647239
11
-1550.9401469176753
21
1960.5000000000002
31
1719.9999996647239
12
-1550.9401469176753
22
1990.5000000000002
32
1719.9999996647239
13
-1797.0901495060073
23
1990.5000000000002
33
1719.9999996647239
0
3DFACE
5
D414
330
CFF3
100
AcDbEntity
100
AcDbFace
8
EKP_VODAFONE_RRU
10
-1797.0901495060073
20
1960.5000000000002
30
1749.9999996647239
11
-1550.9401469176753
21
1960.5000000000002
31
1749.9999996647239
12
-1550.9401469176753
22
1990.5000000000002
32
1749.9999996647239
13
-1797.0901495060073
23
1990.5000000000002
33
1749.9999996647239
0
3DFACE
5
D415
330
CFF3
100
AcDbEntity
100
AcDbFace
8
EKP_VODAFONE_RRU
10
-1797.0901495060073
20
1960.5000000000002
30
1719.9999996647239
11
-1550.9401469176753
21
1960.5000000000002
31
1719.9999996647239
12
-1550.9401469176753
22
1960.5000000000002
32
1749.9999996647239
13
-1797.0901495060073
23
1960.5000000000002
33
1749.9999996647239
0
3DFACE
5
D416
330
CFF3
100
AcDbEntity
100
AcDbFace
8
EKP_VODAFONE_RRU
10
-1797.0901495060073
20
1990.5000000000002
30
1719.9999996647239
11
-1550.9401469176753
21
1990.5000000000002
31
1719.9999996647239
12
-1550.9401469176753
22
1990.5000000000002
32
1749.9999996647239
13
-1797.0901495060073
23
1990.5000000000002
33
1749.9999996647239
0
3DFACE
5
D417
330
CFF3
100
AcDbEntity
100
AcDbFace
8
EKP_VODAFONE_RRU
10
-1797.0901495060073
20
1960.5000000000002
30
1719.9999996647239
11
-1797.0901495060073
21
1990.5000000000002
31
1719.9999996647239
12
-1797.0901495060073
22
1990.5000000000002
32
1749.9999996647239
13
-1797.0901495060073
23
1960.5000000000002
33
1749.9999996647239
0
3DFACE
5
D418
330
CFF3
100
AcDbEntity
100
AcDbFace
8
EKP_VODAFONE_RRU
10
-1550.9401469176753
20
1960.5000000000002
30
1719.9999996647239
11
-1550.9401469176753
21
1990.5000000000002
31
1719.9999996647239
12
-1550.9401469176753
22
1990.5000000000002
32
1749.9999996647239
13
-1550.9401469176753
23
1960.5000000000002
33
1749.9999996647239
0
LINE
5
D419
330
CFF3
100
AcDbEntity
100
AcDbLine
8
EKP_VODAFONE_RRU
10
-1797.0901495060073
20
1960.5000000000002
30
1719.9999996647239
11
-1550.9401469176753
21
1960.5000000000002
31
1719.9999996647239
0
LINE
5
D41A
330
CFF3
100
AcDbEntity
100
AcDbLine
8
EKP_VODAFONE_RRU
10
-1550.9401469176753
20
1960.5000000000002
30
1719.9999996647239
11
-1550.9401469176753
21
1990.5000000000002
31
1719.9999996647239
0
LINE
5
D41B
330
CFF3
100
AcDbEntity
100
AcDbLine
8
EKP_VODAFONE_RRU
10
-1550.9401469176753
20
1990.5000000000002
30
1719.9999996647239
11
-1797.0901495060073
21
1990.5000000000002
31
1719.9999996647239
0
LINE
5
D41C
330
CFF3
100
AcDbEntity
100
AcDbLine
8
EKP_VODAFONE_RRU
10
-1797.0901495060073
20
1990.5000000000002
30
1719.9999996647239
11
-1797.0901495060073
21
1960.5000000000002
31
1719.9999996647239
0
LINE
5
D41D
330
CFF3
100
AcDbEntity
100
AcDbLine
8
EKP_VODAFONE_RRU
10
-1797.0901495060073
20
1960.5000000000002
30
1749.9999996647239
11
-1550.9401469176753
21
1960.5000000000002
31
1749.9999996647239
0
LINE
5
D41E
330
CFF3
100
AcDbEntity
100
AcDbLine
8
EKP_VODAFONE_RRU
10
-1550.9401469176753
20
1960.5000000000002
30
1749.9999996647239
11
-1550.9401469176753
21
1990.5000000000002
31
1749.9999996647239
0
LINE
5
D41F
330
CFF3
100
AcDbEntity
100
AcDbLine
8
EKP_VODAFONE_RRU
10
-1550.9401469176753
20
1990.5000000000002
30
1749.9999996647239
11
-1797.0901495060073
21
1990.5000000000002
31
1749.9999996647239
0
LINE
5
D420
330
CFF3
100
AcDbEntity
100
AcDbLine
8
EKP_VODAFONE_RRU
10
-1797.0901495060073
20
1990.5000000000002
30
1749.9999996647239
11
-1797.0901495060073
21
1960.5000000000002
31
1749.9999996647239
0
LINE
5
D421
330
CFF3
100
AcDbEntity
100
AcDbLine
8
EKP_VODAFONE_RRU
10
-1797.0901495060073
20
1960.5000000000002
30
1719.9999996647239
11
-1797.0901495060073
21
1960.5000000000002
31
1749.9999996647239
0
LINE
5
D422
330
CFF3
100
AcDbEntity
100
AcDbLine
8
EKP_VODAFONE_RRU
10
-1550.9401469176753
20
1960.5000000000002
30
1719.9999996647239
11
-1550.9401469176753
21
1960.5000000000002
31
1749.9999996647239
0
LINE
5
D423
330
CFF3
100
AcDbEntity
100
AcDbLine
8
EKP_VODAFONE_RRU
10
-1550.9401469176753
20
1990.5000000000002
30
1719.9999996647239
11
-1550.9401469176753
21
1990.5000000000002
31
1749.9999996647239
0
LINE
5
D424
330
CFF3
100
AcDbEntity
100
AcDbLine
8
EKP_VODAFONE_RRU
10
-1797.0901495060073
20
1990.5000000000002
30
1719.9999996647239
11
-1797.0901495060073
21
1990.5000000000002
31
1749.9999996647239
0
LINE
5
D425
330
CFF3
100
AcDbEntity
100
AcDbLine
8
EKP_VODAFONE_RRU
10
-1783.415149362211
20
1975.5000000000002
30
1719.9999996647239
11
-1564.6151470614716
21
1975.5000000000002
31
1719.9999996647239
0
LINE
5
D426
330
CFF3
100
AcDbEntity
100
AcDbLine
8
EKP_VODAFONE_RRU
10
-1674.0151482118413
20
1948.4999989271166
30
1719.9999996647239
11
-1674.0151482118413
21
2002.5000010728838
31
1719.9999996647239
0
TEXT
5
D427
330
CFF3
100
AcDbEntity
100
AcDbText
8
EKP_VODAFONE_RRU
10
-1674.0151482118413
20
2005.7400012016299
30
0
40
37.800001502037055
1
Vodafone RRU5526t (#1) (Ust Kot)
50
0
7
STANDARD
72
1
11
-1674.0151482118413
21
2005.7400012016299
31
0
100
AcDbText
73
2
0
3DFACE
5
D428
330
CFF3
100
AcDbEntity
100
AcDbFace
8
EKP_VODAFONE_RRU
10
-1947.5151510877656
20
1727.999997317791
30
1210.0000053644183
11
-1400.515145335917
21
1727.999997317791
31
1210.0000053644183
12
-1400.515145335917
22
1863.000002682209
32
1210.0000053644183
13
-1947.5151510877656
23
1863.000002682209
33
1210.0000053644183
0
3DFACE
5
D429
330
CFF3
100
AcDbEntity
100
AcDbFace
8
EKP_VODAFONE_RRU
10
-1947.5151510877656
20
1727.999997317791
30
1719.9999996647239
11
-1400.515145335917
21
1727.999997317791
31
1719.9999996647239
12
-1400.515145335917
22
1863.000002682209
32
1719.9999996647239
13
-1947.5151510877656
23
1863.000002682209
33
1719.9999996647239
0
3DFACE
5
D42A
330
CFF3
100
AcDbEntity
100
AcDbFace
8
EKP_VODAFONE_RRU
10
-1947.5151510877656
20
1727.999997317791
30
1210.0000053644183
11
-1400.515145335917
21
1727.999997317791
31
1210.0000053644183
12
-1400.515145335917
22
1727.999997317791
32
1719.9999996647239
13
-1947.5151510877656
23
1727.999997317791
33
1719.9999996647239
0
3DFACE
5
D42B
330
CFF3
100
AcDbEntity
100
AcDbFace
8
EKP_VODAFONE_RRU
10
-1947.5151510877656
20
1863.000002682209
30
1210.0000053644183
11
-1400.515145335917
21
1863.000002682209
31
1210.0000053644183
12
-1400.515145335917
22
1863.000002682209
32
1719.9999996647239
13
-1947.5151510877656
23
1863.000002682209
33
1719.9999996647239
0
3DFACE
5
D42C
330
CFF3
100
AcDbEntity
100
AcDbFace
8
EKP_VODAFONE_RRU
10
-1947.5151510877656
20
1727.999997317791
30
1210.0000053644183
11
-1947.5151510877656
21
1863.000002682209
31
1210.0000053644183
12
-1947.5151510877656
22
1863.000002682209
32
1719.9999996647239
13
-1947.5151510877656
23
1727.999997317791
33
1719.9999996647239
0
3DFACE
5
D42D
330
CFF3
100
AcDbEntity
100
AcDbFace
8
EKP_VODAFONE_RRU
10
-1400.515145335917
20
1727.999997317791
30
1210.0000053644183
11
-1400.515145335917
21
1863.000002682209
31
1210.0000053644183
12
-1400.515145335917
22
1863.000002682209
32
1719.9999996647239
13
-1400.515145335917
23
1727.999997317791
33
1719.9999996647239
0
LINE
5
D42E
330
CFF3
100
AcDbEntity
100
AcDbLine
8
EKP_VODAFONE_RRU
10
-1947.5151510877656
20
1727.999997317791
30
1210.0000053644183
11
-1400.515145335917
21
1727.999997317791
31
1210.0000053644183
0
LINE
5
D42F
330
CFF3
100
AcDbEntity
100
AcDbLine
8
EKP_VODAFONE_RRU
10
-1400.515145335917
20
1727.999997317791
30
1210.0000053644183
11
-1400.515145335917
21
1863.000002682209
31
1210.0000053644183
0
LINE
5
D430
330
CFF3
100
AcDbEntity
100
AcDbLine
8
EKP_VODAFONE_RRU
10
-1400.515145335917
20
1863.000002682209
30
1210.0000053644183
11
-1947.5151510877656
21
1863.000002682209
31
1210.0000053644183
0
LINE
5
D431
330
CFF3
100
AcDbEntity
100
AcDbLine
8
EKP_VODAFONE_RRU
10
-1947.5151510877656
20
1863.000002682209
30
1210.0000053644183
11
-1947.5151510877656
21
1727.999997317791
31
1210.0000053644183
0
LINE
5
D432
330
CFF3
100
AcDbEntity
100
AcDbLine
8
EKP_VODAFONE_RRU
10
-1947.5151510877656
20
1727.999997317791
30
1719.9999996647239
11
-1400.515145335917
21
1727.999997317791
31
1719.9999996647239
0
LINE
5
D433
330
CFF3
100
AcDbEntity
100
AcDbLine
8
EKP_VODAFONE_RRU
10
-1400.515145335917
20
1727.999997317791
30
1719.9999996647239
11
-1400.515145335917
21
1863.000002682209
31
1719.9999996647239
0
LINE
5
D434
330
CFF3
100
AcDbEntity
100
AcDbLine
8
EKP_VODAFONE_RRU
10
-1400.515145335917
20
1863.000002682209
30
1719.9999996647239
11
-1947.5151510877656
21
1863.000002682209
31
1719.9999996647239
0
LINE
5
D435
330
CFF3
100
AcDbEntity
100
AcDbLine
8
EKP_VODAFONE_RRU
10
-1947.5151510877656
20
1863.000002682209
30
1719.9999996647239
11
-1947.5151510877656
21
1727.999997317791
31
1719.9999996647239
0
LINE
5
D436
330
CFF3
100
AcDbEntity
100
AcDbLine
8
EKP_VODAFONE_RRU
10
-1947.5151510877656
20
1727.999997317791
30
1210.0000053644183
11
-1947.5151510877656
21
1727.999997317791
31
1719.9999996647239
0
LINE
5
D437
330
CFF3
100
AcDbEntity
100
AcDbLine
8
EKP_VODAFONE_RRU
10
-1400.515145335917
20
1727.999997317791
30
1210.0000053644183
11
-1400.515145335917
21
1727.999997317791
31
1719.9999996647239
0
LINE
5
D438
330
CFF3
100
AcDbEntity
100
AcDbLine
8
EKP_VODAFONE_RRU
10
-1400.515145335917
20
1863.000002682209
30
1210.0000053644183
11
-1400.515145335917
21
1863.000002682209
31
1719.9999996647239
0
LINE
5
D439
330
CFF3
100
AcDbEntity
100
AcDbLine
8
EKP_VODAFONE_RRU
10
-1947.5151510877656
20
1863.000002682209
30
1210.0000053644183
11
-1947.5151510877656
21
1863.000002682209
31
1719.9999996647239
0
3DFACE
5
D43A
330
CFF3
100
AcDbEntity
100
AcDbFace
8
EKP_VODAFONE_RRU
10
-1797.0901495060073
20
1780.5
30
1719.9999996647239
11
-1550.9401469176753
21
1780.5
31
1719.9999996647239
12
-1550.9401469176753
22
1810.5
32
1719.9999996647239
13
-1797.0901495060073
23
1810.5
33
1719.9999996647239
0
3DFACE
5
D43B
330
CFF3
100
AcDbEntity
100
AcDbFace
8
EKP_VODAFONE_RRU
10
-1797.0901495060073
20
1780.5
30
1749.9999996647239
11
-1550.9401469176753
21
1780.5
31
1749.9999996647239
12
-1550.9401469176753
22
1810.5
32
1749.9999996647239
13
-1797.0901495060073
23
1810.5
33
1749.9999996647239
0
3DFACE
5
D43C
330
CFF3
100
AcDbEntity
100
AcDbFace
8
EKP_VODAFONE_RRU
10
-1797.0901495060073
20
1780.5
30
1719.9999996647239
11
-1550.9401469176753
21
1780.5
31
1719.9999996647239
12
-1550.9401469176753
22
1780.5
32
1749.9999996647239
13
-1797.0901495060073
23
1780.5
33
1749.9999996647239
0
3DFACE
5
D43D
330
CFF3
100
AcDbEntity
100
AcDbFace
8
EKP_VODAFONE_RRU
10
-1797.0901495060073
20
1810.5
30
1719.9999996647239
11
-1550.9401469176753
21
1810.5
31
1719.9999996647239
12
-1550.9401469176753
22
1810.5
32
1749.9999996647239
13
-1797.0901495060073
23
1810.5
33
1749.9999996647239
0
3DFACE
5
D43E
330
CFF3
100
AcDbEntity
100
AcDbFace
8
EKP_VODAFONE_RRU
10
-1797.0901495060073
20
1780.5
30
1719.9999996647239
11
-1797.0901495060073
21
1810.5
31
1719.9999996647239
12
-1797.0901495060073
22
1810.5
32
1749.9999996647239
13
-1797.0901495060073
23
1780.5
33
1749.9999996647239
0
3DFACE
5
D43F
330
CFF3
100
AcDbEntity
100
AcDbFace
8
EKP_VODAFONE_RRU
10
-1550.9401469176753
20
1780.5
30
1719.9999996647239
11
-1550.9401469176753
21
1810.5
31
1719.9999996647239
12
-1550.9401469176753
22
1810.5
32
1749.9999996647239
13
-1550.9401469176753
23
1780.5
33
1749.9999996647239
0
LINE
5
D440
330
CFF3
100
AcDbEntity
100
AcDbLine
8
EKP_VODAFONE_RRU
10
-1797.0901495060073
20
1780.5
30
1719.9999996647239
11
-1550.9401469176753
21
1780.5
31
1719.9999996647239
0
LINE
5
D441
330
CFF3
100
AcDbEntity
100
AcDbLine
8
EKP_VODAFONE_RRU
10
-1550.9401469176753
20
1780.5
30
1719.9999996647239
11
-1550.9401469176753
21
1810.5
31
1719.9999996647239
0
LINE
5
D442
330
CFF3
100
AcDbEntity
100
AcDbLine
8
EKP_VODAFONE_RRU
10
-1550.9401469176753
20
1810.5
30
1719.9999996647239
11
-1797.0901495060073
21
1810.5
31
1719.9999996647239
0
LINE
5
D443
330
CFF3
100
AcDbEntity
100
AcDbLine
8
EKP_VODAFONE_RRU
10
-1797.0901495060073
20
1810.5
30
1719.9999996647239
11
-1797.0901495060073
21
1780.5
31
1719.9999996647239
0
LINE
5
D444
330
CFF3
100
AcDbEntity
100
AcDbLine
8
EKP_VODAFONE_RRU
10
-1797.0901495060073
20
1780.5
30
1749.9999996647239
11
-1550.9401469176753
21
1780.5
31
1749.9999996647239
0
LINE
5
D445
330
CFF3
100
AcDbEntity
100
AcDbLine
8
EKP_VODAFONE_RRU
10
-1550.9401469176753
20
1780.5
30
1749.9999996647239
11
-1550.9401469176753
21
1810.5
31
1749.9999996647239
0
LINE
5
D446
330
CFF3
100
AcDbEntity
100
AcDbLine
8
EKP_VODAFONE_RRU
10
-1550.9401469176753
20
1810.5
30
1749.9999996647239
11
-1797.0901495060073
21
1810.5
31
1749.9999996647239
0
LINE
5
D447
330
CFF3
100
AcDbEntity
100
AcDbLine
8
EKP_VODAFONE_RRU
10
-1797.0901495060073
20
1810.5
30
1749.9999996647239
11
-1797.0901495060073
21
1780.5
31
1749.9999996647239
0
LINE
5
D448
330
CFF3
100
AcDbEntity
100
AcDbLine
8
EKP_VODAFONE_RRU
10
-1797.0901495060073
20
1780.5
30
1719.9999996647239
11
-1797.0901495060073
21
1780.5
31
1749.9999996647239
0
LINE
5
D449
330
CFF3
100
AcDbEntity
100
AcDbLine
8
EKP_VODAFONE_RRU
10
-1550.9401469176753
20
1780.5
30
1719.9999996647239
11
-1550.9401469176753
21
1780.5
31
1749.9999996647239
0
LINE
5
D44A
330
CFF3
100
AcDbEntity
100
AcDbLine
8
EKP_VODAFONE_RRU
10
-1550.9401469176753
20
1810.5
30
1719.9999996647239
11
-1550.9401469176753
21
1810.5
31
1749.9999996647239
0
LINE
5
D44B
330
CFF3
100
AcDbEntity
100
AcDbLine
8
EKP_VODAFONE_RRU
10
-1797.0901495060073
20
1810.5
30
1719.9999996647239
11
-1797.0901495060073
21
1810.5
31
1749.9999996647239
0
LINE
5
D44C
330
CFF3
100
AcDbEntity
100
AcDbLine
8
EKP_VODAFONE_RRU
10
-1783.415149362211
20
1795.5
30
1719.9999996647239
11
-1564.6151470614716
21
1795.5
31
1719.9999996647239
0
LINE
5
D44D
330
CFF3
100
AcDbEntity
100
AcDbLine
8
EKP_VODAFONE_RRU
10
-1674.0151482118413
20
1768.4999989271164
30
1719.9999996647239
11
-1674.0151482118413
21
1822.5000010728836
31
1719.9999996647239
0
TEXT
5
D44E
330
CFF3
100
AcDbEntity
100
AcDbText
8
EKP_VODAFONE_RRU
10
-1674.0151482118413
20
1825.7400012016296
30
0
40
37.800001502037055
1
Vodafone RRU5526t (#2) (Ust Kot)
50
0
7
STANDARD
72
1
11
-1674.0151482118413
21
1825.7400012016296
31
0
100
AcDbText
73
2
0
3DFACE
5
D44F
330
CFF3
100
AcDbEntity
100
AcDbFace
8
EKP_VODAFONE_RRU
10
-1947.5151510877656
20
1547.999997317791
30
1210.0000053644183
11
-1400.515145335917
21
1547.999997317791
31
1210.0000053644183
12
-1400.515145335917
22
1683.000002682209
32
1210.0000053644183
13
-1947.5151510877656
23
1683.000002682209
33
1210.0000053644183
0
3DFACE
5
D450
330
CFF3
100
AcDbEntity
100
AcDbFace
8
EKP_VODAFONE_RRU
10
-1947.5151510877656
20
1547.999997317791
30
1719.9999996647239
11
-1400.515145335917
21
1547.999997317791
31
1719.9999996647239
12
-1400.515145335917
22
1683.000002682209
32
1719.9999996647239
13
-1947.5151510877656
23
1683.000002682209
33
1719.9999996647239
0
3DFACE
5
D451
330
CFF3
100
AcDbEntity
100
AcDbFace
8
EKP_VODAFONE_RRU
10
-1947.5151510877656
20
1547.999997317791
30
1210.0000053644183
11
-1400.515145335917
21
1547.999997317791
31
1210.0000053644183
12
-1400.515145335917
22
1547.999997317791
32
1719.9999996647239
13
-1947.5151510877656
23
1547.999997317791
33
1719.9999996647239
0
3DFACE
5
D452
330
CFF3
100
AcDbEntity
100
AcDbFace
8
EKP_VODAFONE_RRU
10
-1947.5151510877656
20
1683.000002682209
30
1210.0000053644183
11
-1400.515145335917
21
1683.000002682209
31
1210.0000053644183
12
-1400.515145335917
22
1683.000002682209
32
1719.9999996647239
13
-1947.5151510877656
23
1683.000002682209
33
1719.9999996647239
0
3DFACE
5
D453
330
CFF3
100
AcDbEntity
100
AcDbFace
8
EKP_VODAFONE_RRU
10
-1947.5151510877656
20
1547.999997317791
30
1210.0000053644183
11
-1947.5151510877656
21
1683.000002682209
31
1210.0000053644183
12
-1947.5151510877656
22
1683.000002682209
32
1719.9999996647239
13
-1947.5151510877656
23
1547.999997317791
33
1719.9999996647239
0
3DFACE
5
D454
330
CFF3
100
AcDbEntity
100
AcDbFace
8
EKP_VODAFONE_RRU
10
-1400.515145335917
20
1547.999997317791
30
1210.0000053644183
11
-1400.515145335917
21
1683.000002682209
31
1210.0000053644183
12
-1400.515145335917
22
1683.000002682209
32
1719.9999996647239
13
-1400.515145335917
23
1547.999997317791
33
1719.9999996647239
0
LINE
5
D455
330
CFF3
100
AcDbEntity
100
AcDbLine
8
EKP_VODAFONE_RRU
10
-1947.5151510877656
20
1547.999997317791
30
1210.0000053644183
11
-1400.515145335917
21
1547.999997317791
31
1210.0000053644183
0
LINE
5
D456
330
CFF3
100
AcDbEntity
100
AcDbLine
8
EKP_VODAFONE_RRU
10
-1400.515145335917
20
1547.999997317791
30
1210.0000053644183
11
-1400.515145335917
21
1683.000002682209
31
1210.0000053644183
0
LINE
5
D457
330
CFF3
100
AcDbEntity
100
AcDbLine
8
EKP_VODAFONE_RRU
10
-1400.515145335917
20
1683.000002682209
30
1210.0000053644183
11
-1947.5151510877656
21
1683.000002682209
31
1210.0000053644183
0
LINE
5
D458
330
CFF3
100
AcDbEntity
100
AcDbLine
8
EKP_VODAFONE_RRU
10
-1947.5151510877656
20
1683.000002682209
30
1210.0000053644183
11
-1947.5151510877656
21
1547.999997317791
31
1210.0000053644183
0
LINE
5
D459
330
CFF3
100
AcDbEntity
100
AcDbLine
8
EKP_VODAFONE_RRU
10
-1947.5151510877656
20
1547.999997317791
30
1719.9999996647239
11
-1400.515145335917
21
1547.999997317791
31
1719.9999996647239
0
LINE
5
D45A
330
CFF3
100
AcDbEntity
100
AcDbLine
8
EKP_VODAFONE_RRU
10
-1400.515145335917
20
1547.999997317791
30
1719.9999996647239
11
-1400.515145335917
21
1683.000002682209
31
1719.9999996647239
0
LINE
5
D45B
330
CFF3
100
AcDbEntity
100
AcDbLine
8
EKP_VODAFONE_RRU
10
-1400.515145335917
20
1683.000002682209
30
1719.9999996647239
11
-1947.5151510877656
21
1683.000002682209
31
1719.9999996647239
0
LINE
5
D45C
330
CFF3
100
AcDbEntity
100
AcDbLine
8
EKP_VODAFONE_RRU
10
-1947.5151510877656
20
1683.000002682209
30
1719.9999996647239
11
-1947.5151510877656
21
1547.999997317791
31
1719.9999996647239
0
LINE
5
D45D
330
CFF3
100
AcDbEntity
100
AcDbLine
8
EKP_VODAFONE_RRU
10
-1947.5151510877656
20
1547.999997317791
30
1210.0000053644183
11
-1947.5151510877656
21
1547.999997317791
31
1719.9999996647239
0
LINE
5
D45E
330
CFF3
100
AcDbEntity
100
AcDbLine
8
EKP_VODAFONE_RRU
10
-1400.515145335917
20
1547.999997317791
30
1210.0000053644183
11
-1400.515145335917
21
1547.999997317791
31
1719.9999996647239
0
LINE
5
D45F
330
CFF3
100
AcDbEntity
100
AcDbLine
8
EKP_VODAFONE_RRU
10
-1400.515145335917
20
1683.000002682209
30
1210.0000053644183
11
-1400.515145335917
21
1683.000002682209
31
1719.9999996647239
0
LINE
5
D460
330
CFF3
100
AcDbEntity
100
AcDbLine
8
EKP_VODAFONE_RRU
10
-1947.5151510877656
20
1683.000002682209
30
1210.0000053644183
11
-1947.5151510877656
21
1683.000002682209
31
1719.9999996647239
0
3DFACE
5
D461
330
CFF3
100
AcDbEntity
100
AcDbFace
8
EKP_VODAFONE_RRU
10
-1797.0901495060073
20
1600.5
30
1719.9999996647239
11
-1550.9401469176753
21
1600.5
31
1719.9999996647239
12
-1550.9401469176753
22
1630.5
32
1719.9999996647239
13
-1797.0901495060073
23
1630.5
33
1719.9999996647239
0
3DFACE
5
D462
330
CFF3
100
AcDbEntity
100
AcDbFace
8
EKP_VODAFONE_RRU
10
-1797.0901495060073
20
1600.5
30
1749.9999996647239
11
-1550.9401469176753
21
1600.5
31
1749.9999996647239
12
-1550.9401469176753
22
1630.5
32
1749.9999996647239
13
-1797.0901495060073
23
1630.5
33
1749.9999996647239
0
3DFACE
5
D463
330
CFF3
100
AcDbEntity
100
AcDbFace
8
EKP_VODAFONE_RRU
10
-1797.0901495060073
20
1600.5
30
1719.9999996647239
11
-1550.9401469176753
21
1600.5
31
1719.9999996647239
12
-1550.9401469176753
22
1600.5
32
1749.9999996647239
13
-1797.0901495060073
23
1600.5
33
1749.9999996647239
0
3DFACE
5
D464
330
CFF3
100
AcDbEntity
100
AcDbFace
8
EKP_VODAFONE_RRU
10
-1797.0901495060073
20
1630.5
30
1719.9999996647239
11
-1550.9401469176753
21
1630.5
31
1719.9999996647239
12
-1550.9401469176753
22
1630.5
32
1749.9999996647239
13
-1797.0901495060073
23
1630.5
33
1749.9999996647239
0
3DFACE
5
D465
330
CFF3
100
AcDbEntity
100
AcDbFace
8
EKP_VODAFONE_RRU
10
-1797.0901495060073
20
1600.5
30
1719.9999996647239
11
-1797.0901495060073
21
1630.5
31
1719.9999996647239
12
-1797.0901495060073
22
1630.5
32
1749.9999996647239
13
-1797.0901495060073
23
1600.5
33
1749.9999996647239
0
3DFACE
5
D466
330
CFF3
100
AcDbEntity
100
AcDbFace
8
EKP_VODAFONE_RRU
10
-1550.9401469176753
20
1600.5
30
1719.9999996647239
11
-1550.9401469176753
21
1630.5
31
1719.9999996647239
12
-1550.9401469176753
22
1630.5
32
1749.9999996647239
13
-1550.9401469176753
23
1600.5
33
1749.9999996647239
0
LINE
5
D467
330
CFF3
100
AcDbEntity
100
AcDbLine
8
EKP_VODAFONE_RRU
10
-1797.0901495060073
20
1600.5
30
1719.9999996647239
11
-1550.9401469176753
21
1600.5
31
1719.9999996647239
0
LINE
5
D468
330
CFF3
100
AcDbEntity
100
AcDbLine
8
EKP_VODAFONE_RRU
10
-1550.9401469176753
20
1600.5
30
1719.9999996647239
11
-1550.9401469176753
21
1630.5
31
1719.9999996647239
0
LINE
5
D469
330
CFF3
100
AcDbEntity
100
AcDbLine
8
EKP_VODAFONE_RRU
10
-1550.9401469176753
20
1630.5
30
1719.9999996647239
11
-1797.0901495060073
21
1630.5
31
1719.9999996647239
0
LINE
5
D46A
330
CFF3
100
AcDbEntity
100
AcDbLine
8
EKP_VODAFONE_RRU
10
-1797.0901495060073
20
1630.5
30
1719.9999996647239
11
-1797.0901495060073
21
1600.5
31
1719.9999996647239
0
LINE
5
D46B
330
CFF3
100
AcDbEntity
100
AcDbLine
8
EKP_VODAFONE_RRU
10
-1797.0901495060073
20
1600.5
30
1749.9999996647239
11
-1550.9401469176753
21
1600.5
31
1749.9999996647239
0
LINE
5
D46C
330
CFF3
100
AcDbEntity
100
AcDbLine
8
EKP_VODAFONE_RRU
10
-1550.9401469176753
20
1600.5
30
1749.9999996647239
11
-1550.9401469176753
21
1630.5
31
1749.9999996647239
0
LINE
5
D46D
330
CFF3
100
AcDbEntity
100
AcDbLine
8
EKP_VODAFONE_RRU
10
-1550.9401469176753
20
1630.5
30
1749.9999996647239
11
-1797.0901495060073
21
1630.5
31
1749.9999996647239
0
LINE
5
D46E
330
CFF3
100
AcDbEntity
100
AcDbLine
8
EKP_VODAFONE_RRU
10
-1797.0901495060073
20
1630.5
30
1749.9999996647239
11
-1797.0901495060073
21
1600.5
31
1749.9999996647239
0
LINE
5
D46F
330
CFF3
100
AcDbEntity
100
AcDbLine
8
EKP_VODAFONE_RRU
10
-1797.0901495060073
20
1600.5
30
1719.9999996647239
11
-1797.0901495060073
21
1600.5
31
1749.9999996647239
0
LINE
5
D470
330
CFF3
100
AcDbEntity
100
AcDbLine
8
EKP_VODAFONE_RRU
10
-1550.9401469176753
20
1600.5
30
1719.9999996647239
11
-1550.9401469176753
21
1600.5
31
1749.9999996647239
0
LINE
5
D471
330
CFF3
100
AcDbEntity
100
AcDbLine
8
EKP_VODAFONE_RRU
10
-1550.9401469176753
20
1630.5
30
1719.9999996647239
11
-1550.9401469176753
21
1630.5
31
1749.9999996647239
0
LINE
5
D472
330
CFF3
100
AcDbEntity
100
AcDbLine
8
EKP_VODAFONE_RRU
10
-1797.0901495060073
20
1630.5
30
1719.9999996647239
11
-1797.0901495060073
21
1630.5
31
1749.9999996647239
0
LINE
5
D473
330
CFF3
100
AcDbEntity
100
AcDbLine
8
EKP_VODAFONE_RRU
10
-1783.415149362211
20
1615.5
30
1719.9999996647239
11
-1564.6151470614716
21
1615.5
31
1719.9999996647239
0
LINE
5
D474
330
CFF3
100
AcDbEntity
100
AcDbLine
8
EKP_VODAFONE_RRU
10
-1674.0151482118413
20
1588.4999989271164
30
1719.9999996647239
11
-1674.0151482118413
21
1642.5000010728836
31
1719.9999996647239
0
TEXT
5
D475
330
CFF3
100
AcDbEntity
100
AcDbText
8
EKP_VODAFONE_RRU
10
-1674.0151482118413
20
1645.7400012016296
30
0
40
37.800001502037055
1
Vodafone RRU5526t (#3) (Ust Kot)
50
0
7
STANDARD
72
1
11
-1674.0151482118413
21
1645.7400012016296
31
0
100
AcDbText
73
2
0
3DFACE
5
D476
330
CFF3
100
AcDbEntity
100
AcDbFace
8
EKP_VODAFONE_RRU
10
-1947.5151510877656
20
1365.4999997019768
30
1210.0000053644183
11
-1476.5151478393125
21
1365.4999997019768
31
1210.0000053644183
12
-1476.5151478393125
22
1505.5000002980232
32
1210.0000053644183
13
-1947.5151510877656
23
1505.5000002980232
33
1210.0000053644183
0
3DFACE
5
D477
330
CFF3
100
AcDbEntity
100
AcDbFace
8
EKP_VODAFONE_RRU
10
-1947.5151510877656
20
1365.4999997019768
30
1719.9999996647239
11
-1476.5151478393125
21
1365.4999997019768
31
1719.9999996647239
12
-1476.5151478393125
22
1505.5000002980232
32
1719.9999996647239
13
-1947.5151510877656
23
1505.5000002980232
33
1719.9999996647239
0
3DFACE
5
D478
330
CFF3
100
AcDbEntity
100
AcDbFace
8
EKP_VODAFONE_RRU
10
-1947.5151510877656
20
1365.4999997019768
30
1210.0000053644183
11
-1476.5151478393125
21
1365.4999997019768
31
1210.0000053644183
12
-1476.5151478393125
22
1365.4999997019768
32
1719.9999996647239
13
-1947.5151510877656
23
1365.4999997019768
33
1719.9999996647239
0
3DFACE
5
D479
330
CFF3
100
AcDbEntity
100
AcDbFace
8
EKP_VODAFONE_RRU
10
-1947.5151510877656
20
1505.5000002980232
30
1210.0000053644183
11
-1476.5151478393125
21
1505.5000002980232
31
1210.0000053644183
12
-1476.5151478393125
22
1505.5000002980232
32
1719.9999996647239
13
-1947.5151510877656
23
1505.5000002980232
33
1719.9999996647239
0
3DFACE
5
D47A
330
CFF3
100
AcDbEntity
100
AcDbFace
8
EKP_VODAFONE_RRU
10
-1947.5151510877656
20
1365.4999997019768
30
1210.0000053644183
11
-1947.5151510877656
21
1505.5000002980232
31
1210.0000053644183
12
-1947.5151510877656
22
1505.5000002980232
32
1719.9999996647239
13
-1947.5151510877656
23
1365.4999997019768
33
1719.9999996647239
0
3DFACE
5
D47B
330
CFF3
100
AcDbEntity
100
AcDbFace
8
EKP_VODAFONE_RRU
10
-1476.5151478393125
20
1365.4999997019768
30
1210.0000053644183
11
-1476.5151478393125
21
1505.5000002980232
31
1210.0000053644183
12
-1476.5151478393125
22
1505.5000002980232
32
1719.9999996647239
13
-1476.5151478393125
23
1365.4999997019768
33
1719.9999996647239
0
LINE
5
D47C
330
CFF3
100
AcDbEntity
100
AcDbLine
8
EKP_VODAFONE_RRU
10
-1947.5151510877656
20
1365.4999997019768
30
1210.0000053644183
11
-1476.5151478393125
21
1365.4999997019768
31
1210.0000053644183
0
LINE
5
D47D
330
CFF3
100
AcDbEntity
100
AcDbLine
8
EKP_VODAFONE_RRU
10
-1476.5151478393125
20
1365.4999997019768
30
1210.0000053644183
11
-1476.5151478393125
21
1505.5000002980232
31
1210.0000053644183
0
LINE
5
D47E
330
CFF3
100
AcDbEntity
100
AcDbLine
8
EKP_VODAFONE_RRU
10
-1476.5151478393125
20
1505.5000002980232
30
1210.0000053644183
11
-1947.5151510877656
21
1505.5000002980232
31
1210.0000053644183
0
LINE
5
D47F
330
CFF3
100
AcDbEntity
100
AcDbLine
8
EKP_VODAFONE_RRU
10
-1947.5151510877656
20
1505.5000002980232
30
1210.0000053644183
11
-1947.5151510877656
21
1365.4999997019768
31
1210.0000053644183
0
LINE
5
D480
330
CFF3
100
AcDbEntity
100
AcDbLine
8
EKP_VODAFONE_RRU
10
-1947.5151510877656
20
1365.4999997019768
30
1719.9999996647239
11
-1476.5151478393125
21
1365.4999997019768
31
1719.9999996647239
0
LINE
5
D481
330
CFF3
100
AcDbEntity
100
AcDbLine
8
EKP_VODAFONE_RRU
10
-1476.5151478393125
20
1365.4999997019768
30
1719.9999996647239
11
-1476.5151478393125
21
1505.5000002980232
31
1719.9999996647239
0
LINE
5
D482
330
CFF3
100
AcDbEntity
100
AcDbLine
8
EKP_VODAFONE_RRU
10
-1476.5151478393125
20
1505.5000002980232
30
1719.9999996647239
11
-1947.5151510877656
21
1505.5000002980232
31
1719.9999996647239
0
LINE
5
D483
330
CFF3
100
AcDbEntity
100
AcDbLine
8
EKP_VODAFONE_RRU
10
-1947.5151510877656
20
1505.5000002980232
30
1719.9999996647239
11
-1947.5151510877656
21
1365.4999997019768
31
1719.9999996647239
0
LINE
5
D484
330
CFF3
100
AcDbEntity
100
AcDbLine
8
EKP_VODAFONE_RRU
10
-1947.5151510877656
20
1365.4999997019768
30
1210.0000053644183
11
-1947.5151510877656
21
1365.4999997019768
31
1719.9999996647239
0
LINE
5
D485
330
CFF3
100
AcDbEntity
100
AcDbLine
8
EKP_VODAFONE_RRU
10
-1476.5151478393125
20
1365.4999997019768
30
1210.0000053644183
11
-1476.5151478393125
21
1365.4999997019768
31
1719.9999996647239
0
LINE
5
D486
330
CFF3
100
AcDbEntity
100
AcDbLine
8
EKP_VODAFONE_RRU
10
-1476.5151478393125
20
1505.5000002980232
30
1210.0000053644183
11
-1476.5151478393125
21
1505.5000002980232
31
1719.9999996647239
0
LINE
5
D487
330
CFF3
100
AcDbEntity
100
AcDbLine
8
EKP_VODAFONE_RRU
10
-1947.5151510877656
20
1505.5000002980232
30
1210.0000053644183
11
-1947.5151510877656
21
1505.5000002980232
31
1719.9999996647239
0
3DFACE
5
D488
330
CFF3
100
AcDbEntity
100
AcDbFace
8
EKP_VODAFONE_RRU
10
-1817.990150194441
20
1420.5
30
1719.9999996647239
11
-1606.0401487326371
21
1420.5
31
1719.9999996647239
12
-1606.0401487326371
22
1450.5
32
1719.9999996647239
13
-1817.990150194441
23
1450.5
33
1719.9999996647239
0
3DFACE
5
D489
330
CFF3
100
AcDbEntity
100
AcDbFace
8
EKP_VODAFONE_RRU
10
-1817.990150194441
20
1420.5
30
1749.9999996647239
11
-1606.0401487326371
21
1420.5
31
1749.9999996647239
12
-1606.0401487326371
22
1450.5
32
1749.9999996647239
13
-1817.990150194441
23
1450.5
33
1749.9999996647239
0
3DFACE
5
D48A
330
CFF3
100
AcDbEntity
100
AcDbFace
8
EKP_VODAFONE_RRU
10
-1817.990150194441
20
1420.5
30
1719.9999996647239
11
-1606.0401487326371
21
1420.5
31
1719.9999996647239
12
-1606.0401487326371
22
1420.5
32
1749.9999996647239
13
-1817.990150194441
23
1420.5
33
1749.9999996647239
0
3DFACE
5
D48B
330
CFF3
100
AcDbEntity
100
AcDbFace
8
EKP_VODAFONE_RRU
10
-1817.990150194441
20
1450.5
30
1719.9999996647239
11
-1606.0401487326371
21
1450.5
31
1719.9999996647239
12
-1606.0401487326371
22
1450.5
32
1749.9999996647239
13
-1817.990150194441
23
1450.5
33
1749.9999996647239
0
3DFACE
5
D48C
330
CFF3
100
AcDbEntity
100
AcDbFace
8
EKP_VODAFONE_RRU
10
-1817.990150194441
20
1420.5
30
1719.9999996647239
11
-1817.990150194441
21
1450.5
31
1719.9999996647239
12
-1817.990150194441
22
1450.5
32
1749.9999996647239
13
-1817.990150194441
23
1420.5
33
1749.9999996647239
0
3DFACE
5
D48D
330
CFF3
100
AcDbEntity
100
AcDbFace
8
EKP_VODAFONE_RRU
10
-1606.0401487326371
20
1420.5
30
1719.9999996647239
11
-1606.0401487326371
21
1450.5
31
1719.9999996647239
12
-1606.0401487326371
22
1450.5
32
1749.9999996647239
13
-1606.0401487326371
23
1420.5
33
1749.9999996647239
0
LINE
5
D48E
330
CFF3
100
AcDbEntity
100
AcDbLine
8
EKP_VODAFONE_RRU
10
-1817.990150194441
20
1420.5
30
1719.9999996647239
11
-1606.0401487326371
21
1420.5
31
1719.9999996647239
0
LINE
5
D48F
330
CFF3
100
AcDbEntity
100
AcDbLine
8
EKP_VODAFONE_RRU
10
-1606.0401487326371
20
1420.5
30
1719.9999996647239
11
-1606.0401487326371
21
1450.5
31
1719.9999996647239
0
LINE
5
D490
330
CFF3
100
AcDbEntity
100
AcDbLine
8
EKP_VODAFONE_RRU
10
-1606.0401487326371
20
1450.5
30
1719.9999996647239
11
-1817.990150194441
21
1450.5
31
1719.9999996647239
0
LINE
5
D491
330
CFF3
100
AcDbEntity
100
AcDbLine
8
EKP_VODAFONE_RRU
10
-1817.990150194441
20
1450.5
30
1719.9999996647239
11
-1817.990150194441
21
1420.5
31
1719.9999996647239
0
LINE
5
D492
330
CFF3
100
AcDbEntity
100
AcDbLine
8
EKP_VODAFONE_RRU
10
-1817.990150194441
20
1420.5
30
1749.9999996647239
11
-1606.0401487326371
21
1420.5
31
1749.9999996647239
0
LINE
5
D493
330
CFF3
100
AcDbEntity
100
AcDbLine
8
EKP_VODAFONE_RRU
10
-1606.0401487326371
20
1420.5
30
1749.9999996647239
11
-1606.0401487326371
21
1450.5
31
1749.9999996647239
0
LINE
5
D494
330
CFF3
100
AcDbEntity
100
AcDbLine
8
EKP_VODAFONE_RRU
10
-1606.0401487326371
20
1450.5
30
1749.9999996647239
11
-1817.990150194441
21
1450.5
31
1749.9999996647239
0
LINE
5
D495
330
CFF3
100
AcDbEntity
100
AcDbLine
8
EKP_VODAFONE_RRU
10
-1817.990150194441
20
1450.5
30
1749.9999996647239
11
-1817.990150194441
21
1420.5
31
1749.9999996647239
0
LINE
5
D496
330
CFF3
100
AcDbEntity
100
AcDbLine
8
EKP_VODAFONE_RRU
10
-1817.990150194441
20
1420.5
30
1719.9999996647239
11
-1817.990150194441
21
1420.5
31
1749.9999996647239
0
LINE
5
D497
330
CFF3
100
AcDbEntity
100
AcDbLine
8
EKP_VODAFONE_RRU
10
-1606.0401487326371
20
1420.5
30
1719.9999996647239
11
-1606.0401487326371
21
1420.5
31
1749.9999996647239
0
LINE
5
D498
330
CFF3
100
AcDbEntity
100
AcDbLine
8
EKP_VODAFONE_RRU
10
-1606.0401487326371
20
1450.5
30
1719.9999996647239
11
-1606.0401487326371
21
1450.5
31
1749.9999996647239
0
LINE
5
D499
330
CFF3
100
AcDbEntity
100
AcDbLine
8
EKP_VODAFONE_RRU
10
-1817.990150194441
20
1450.5
30
1719.9999996647239
11
-1817.990150194441
21
1450.5
31
1749.9999996647239
0
LINE
5
D49A
330
CFF3
100
AcDbEntity
100
AcDbLine
8
EKP_VODAFONE_RRU
10
-1806.2151501132296
20
1435.5
30
1719.9999996647239
11
-1617.8151488138485
21
1435.5
31
1719.9999996647239
0
LINE
5
D49B
330
CFF3
100
AcDbEntity
100
AcDbLine
8
EKP_VODAFONE_RRU
10
-1712.015149463539
20
1407.4999998807907
30
1719.9999996647239
11
-1712.015149463539
21
1463.5000001192093
31
1719.9999996647239
0
TEXT
5
D49C
330
CFF3
100
AcDbEntity
100
AcDbText
8
EKP_VODAFONE_RRU
10
-1712.015149463539
20
1466.8600001335144
30
0
40
39.20000016689301
1
Vodafone NR RRU5818w (#4) (Ust Kot)
50
0
7
STANDARD
72
1
11
-1712.015149463539
21
1466.8600001335144
31
0
100
AcDbText
73
2
0
3DFACE
5
D49D
330
CFF3
100
AcDbEntity
100
AcDbFace
8
EKP_VODAFONE_RRU
10
-1947.5151510877656
20
1193
30
1210.0000053644183
11
-1476.5151478393125
21
1193
31
1210.0000053644183
12
-1476.5151478393125
22
1318
32
1210.0000053644183
13
-1947.5151510877656
23
1318
33
1210.0000053644183
0
3DFACE
5
D49E
330
CFF3
100
AcDbEntity
100
AcDbFace
8
EKP_VODAFONE_RRU
10
-1947.5151510877656
20
1193
30
1719.9999996647239
11
-1476.5151478393125
21
1193
31
1719.9999996647239
12
-1476.5151478393125
22
1318
32
1719.9999996647239
13
-1947.5151510877656
23
1318
33
1719.9999996647239
0
3DFACE
5
D49F
330
CFF3
100
AcDbEntity
100
AcDbFace
8
EKP_VODAFONE_RRU
10
-1947.5151510877656
20
1193
30
1210.0000053644183
11
-1476.5151478393125
21
1193
31
1210.0000053644183
12
-1476.5151478393125
22
1193
32
1719.9999996647239
13
-1947.5151510877656
23
1193
33
1719.9999996647239
0
3DFACE
5
D4A0
330
CFF3
100
AcDbEntity
100
AcDbFace
8
EKP_VODAFONE_RRU
10
-1947.5151510877656
20
1318
30
1210.0000053644183
11
-1476.5151478393125
21
1318
31
1210.0000053644183
12
-1476.5151478393125
22
1318
32
1719.9999996647239
13
-1947.5151510877656
23
1318
33
1719.9999996647239
0
3DFACE
5
D4A1
330
CFF3
100
AcDbEntity
100
AcDbFace
8
EKP_VODAFONE_RRU
10
-1947.5151510877656
20
1193
30
1210.0000053644183
11
-1947.5151510877656
21
1318
31
1210.0000053644183
12
-1947.5151510877656
22
1318
32
1719.9999996647239
13
-1947.5151510877656
23
1193
33
1719.9999996647239
0
3DFACE
5
D4A2
330
CFF3
100
AcDbEntity
100
AcDbFace
8
EKP_VODAFONE_RRU
10
-1476.5151478393125
20
1193
30
1210.0000053644183
11
-1476.5151478393125
21
1318
31
1210.0000053644183
12
-1476.5151478393125
22
1318
32
1719.9999996647239
13
-1476.5151478393125
23
1193
33
1719.9999996647239
0
LINE
5
D4A3
330
CFF3
100
AcDbEntity
100
AcDbLine
8
EKP_VODAFONE_RRU
10
-1947.5151510877656
20
1193
30
1210.0000053644183
11
-1476.5151478393125
21
1193
31
1210.0000053644183
0
LINE
5
D4A4
330
CFF3
100
AcDbEntity
100
AcDbLine
8
EKP_VODAFONE_RRU
10
-1476.5151478393125
20
1193
30
1210.0000053644183
11
-1476.5151478393125
21
1318
31
1210.0000053644183
0
LINE
5
D4A5
330
CFF3
100
AcDbEntity
100
AcDbLine
8
EKP_VODAFONE_RRU
10
-1476.5151478393125
20
1318
30
1210.0000053644183
11
-1947.5151510877656
21
1318
31
1210.0000053644183
0
LINE
5
D4A6
330
CFF3
100
AcDbEntity
100
AcDbLine
8
EKP_VODAFONE_RRU
10
-1947.5151510877656
20
1318
30
1210.0000053644183
11
-1947.5151510877656
21
1193
31
1210.0000053644183
0
LINE
5
D4A7
330
CFF3
100
AcDbEntity
100
AcDbLine
8
EKP_VODAFONE_RRU
10
-1947.5151510877656
20
1193
30
1719.9999996647239
11
-1476.5151478393125
21
1193
31
1719.9999996647239
0
LINE
5
D4A8
330
CFF3
100
AcDbEntity
100
AcDbLine
8
EKP_VODAFONE_RRU
10
-1476.5151478393125
20
1193
30
1719.9999996647239
11
-1476.5151478393125
21
1318
31
1719.9999996647239
0
LINE
5
D4A9
330
CFF3
100
AcDbEntity
100
AcDbLine
8
EKP_VODAFONE_RRU
10
-1476.5151478393125
20
1318
30
1719.9999996647239
11
-1947.5151510877656
21
1318
31
1719.9999996647239
0
LINE
5
D4AA
330
CFF3
100
AcDbEntity
100
AcDbLine
8
EKP_VODAFONE_RRU
10
-1947.5151510877656
20
1318
30
1719.9999996647239
11
-1947.5151510877656
21
1193
31
1719.9999996647239
0
LINE
5
D4AB
330
CFF3
100
AcDbEntity
100
AcDbLine
8
EKP_VODAFONE_RRU
10
-1947.5151510877656
20
1193
30
1210.0000053644183
11
-1947.5151510877656
21
1193
31
1719.9999996647239
0
LINE
5
D4AC
330
CFF3
100
AcDbEntity
100
AcDbLine
8
EKP_VODAFONE_RRU
10
-1476.5151478393125
20
1193
30
1210.0000053644183
11
-1476.5151478393125
21
1193
31
1719.9999996647239
0
LINE
5
D4AD
330
CFF3
100
AcDbEntity
100
AcDbLine
8
EKP_VODAFONE_RRU
10
-1476.5151478393125
20
1318
30
1210.0000053644183
11
-1476.5151478393125
21
1318
31
1719.9999996647239
0
LINE
5
D4AE
330
CFF3
100
AcDbEntity
100
AcDbLine
8
EKP_VODAFONE_RRU
10
-1947.5151510877656
20
1318
30
1210.0000053644183
11
-1947.5151510877656
21
1318
31
1719.9999996647239
0
3DFACE
5
D4AF
330
CFF3
100
AcDbEntity
100
AcDbFace
8
EKP_VODAFONE_RRU
10
-1817.990150194441
20
1240.5
30
1719.9999996647239
11
-1606.0401487326371
21
1240.5
31
1719.9999996647239
12
-1606.0401487326371
22
1270.5
32
1719.9999996647239
13
-1817.990150194441
23
1270.5
33
1719.9999996647239
0
3DFACE
5
D4B0
330
CFF3
100
AcDbEntity
100
AcDbFace
8
EKP_VODAFONE_RRU
10
-1817.990150194441
20
1240.5
30
1749.9999996647239
11
-1606.0401487326371
21
1240.5
31
1749.9999996647239
12
-1606.0401487326371
22
1270.5
32
1749.9999996647239
13
-1817.990150194441
23
1270.5
33
1749.9999996647239
0
3DFACE
5
D4B1
330
CFF3
100
AcDbEntity
100
AcDbFace
8
EKP_VODAFONE_RRU
10
-1817.990150194441
20
1240.5
30
1719.9999996647239
11
-1606.0401487326371
21
1240.5
31
1719.9999996647239
12
-1606.0401487326371
22
1240.5
32
1749.9999996647239
13
-1817.990150194441
23
1240.5
33
1749.9999996647239
0
3DFACE
5
D4B2
330
CFF3
100
AcDbEntity
100
AcDbFace
8
EKP_VODAFONE_RRU
10
-1817.990150194441
20
1270.5
30
1719.9999996647239
11
-1606.0401487326371
21
1270.5
31
1719.9999996647239
12
-1606.0401487326371
22
1270.5
32
1749.9999996647239
13
-1817.990150194441
23
1270.5
33
1749.9999996647239
0
3DFACE
5
D4B3
330
CFF3
100
AcDbEntity
100
AcDbFace
8
EKP_VODAFONE_RRU
10
-1817.990150194441
20
1240.5
30
1719.9999996647239
11
-1817.990150194441
21
1270.5
31
1719.9999996647239
12
-1817.990150194441
22
1270.5
32
1749.9999996647239
13
-1817.990150194441
23
1240.5
33
1749.9999996647239
0
3DFACE
5
D4B4
330
CFF3
100
AcDbEntity
100
AcDbFace
8
EKP_VODAFONE_RRU
10
-1606.0401487326371
20
1240.5
30
1719.9999996647239
11
-1606.0401487326371
21
1270.5
31
1719.9999996647239
12
-1606.0401487326371
22
1270.5
32
1749.9999996647239
13
-1606.0401487326371
23
1240.5
33
1749.9999996647239
0
LINE
5
D4B5
330
CFF3
100
AcDbEntity
100
AcDbLine
8
EKP_VODAFONE_RRU
10
-1817.990150194441
20
1240.5
30
1719.9999996647239
11
-1606.0401487326371
21
1240.5
31
1719.9999996647239
0
LINE
5
D4B6
330
CFF3
100
AcDbEntity
100
AcDbLine
8
EKP_VODAFONE_RRU
10
-1606.0401487326371
20
1240.5
30
1719.9999996647239
11
-1606.0401487326371
21
1270.5
31
1719.9999996647239
0
LINE
5
D4B7
330
CFF3
100
AcDbEntity
100
AcDbLine
8
EKP_VODAFONE_RRU
10
-1606.0401487326371
20
1270.5
30
1719.9999996647239
11
-1817.990150194441
21
1270.5
31
1719.9999996647239
0
LINE
5
D4B8
330
CFF3
100
AcDbEntity
100
AcDbLine
8
EKP_VODAFONE_RRU
10
-1817.990150194441
20
1270.5
30
1719.9999996647239
11
-1817.990150194441
21
1240.5
31
1719.9999996647239
0
LINE
5
D4B9
330
CFF3
100
AcDbEntity
100
AcDbLine
8
EKP_VODAFONE_RRU
10
-1817.990150194441
20
1240.5
30
1749.9999996647239
11
-1606.0401487326371
21
1240.5
31
1749.9999996647239
0
LINE
5
D4BA
330
CFF3
100
AcDbEntity
100
AcDbLine
8
EKP_VODAFONE_RRU
10
-1606.0401487326371
20
1240.5
30
1749.9999996647239
11
-1606.0401487326371
21
1270.5
31
1749.9999996647239
0
LINE
5
D4BB
330
CFF3
100
AcDbEntity
100
AcDbLine
8
EKP_VODAFONE_RRU
10
-1606.0401487326371
20
1270.5
30
1749.9999996647239
11
-1817.990150194441
21
1270.5
31
1749.9999996647239
0
LINE
5
D4BC
330
CFF3
100
AcDbEntity
100
AcDbLine
8
EKP_VODAFONE_RRU
10
-1817.990150194441
20
1270.5
30
1749.9999996647239
11
-1817.990150194441
21
1240.5
31
1749.9999996647239
0
LINE
5
D4BD
330
CFF3
100
AcDbEntity
100
AcDbLine
8
EKP_VODAFONE_RRU
10
-1817.990150194441
20
1240.5
30
1719.9999996647239
11
-1817.990150194441
21
1240.5
31
1749.9999996647239
0
LINE
5
D4BE
330
CFF3
100
AcDbEntity
100
AcDbLine
8
EKP_VODAFONE_RRU
10
-1606.0401487326371
20
1240.5
30
1719.9999996647239
11
-1606.0401487326371
21
1240.5
31
1749.9999996647239
0
LINE
5
D4BF
330
CFF3
100
AcDbEntity
100
AcDbLine
8
EKP_VODAFONE_RRU
10
-1606.0401487326371
20
1270.5
30
1719.9999996647239
11
-1606.0401487326371
21
1270.5
31
1749.9999996647239
0
LINE
5
D4C0
330
CFF3
100
AcDbEntity
100
AcDbLine
8
EKP_VODAFONE_RRU
10
-1817.990150194441
20
1270.5
30
1719.9999996647239
11
-1817.990150194441
21
1270.5
31
1749.9999996647239
0
LINE
5
D4C1
330
CFF3
100
AcDbEntity
100
AcDbLine
8
EKP_VODAFONE_RRU
10
-1806.2151501132296
20
1255.5
30
1719.9999996647239
11
-1617.8151488138485
21
1255.5
31
1719.9999996647239
0
LINE
5
D4C2
330
CFF3
100
AcDbEntity
100
AcDbLine
8
EKP_VODAFONE_RRU
10
-1712.015149463539
20
1230.5
30
1719.9999996647239
11
-1712.015149463539
21
1280.5
31
1719.9999996647239
0
TEXT
5
D4C3
330
CFF3
100
AcDbEntity
100
AcDbText
8
EKP_VODAFONE_RRU
10
-1712.015149463539
20
1283.5
30
0
40
35
1
Vodafone RRU5526et (#5) (Ust Kot)
50
0
7
STANDARD
72
1
11
-1712.015149463539
21
1283.5
31
0
100
AcDbText
73
2
0
3DFACE
5
D38C
330
CFF3
100
AcDbEntity
100
AcDbFace
8
EKP_TURK_TELEKOM_RRU
10
-1947.5151510877656
20
1185.4999997019768
30
510.00000536441803
11
-1476.5151478393125
21
1185.4999997019768
31
510.00000536441803
12
-1476.5151478393125
22
1325.5000002980232
32
510.00000536441803
13
-1947.5151510877656
23
1325.5000002980232
33
510.00000536441803
0
3DFACE
5
D38D
330
CFF3
100
AcDbEntity
100
AcDbFace
8
EKP_TURK_TELEKOM_RRU
10
-1947.5151510877656
20
1185.4999997019768
30
1019.9999996647238
11
-1476.5151478393125
21
1185.4999997019768
31
1019.9999996647238
12
-1476.5151478393125
22
1325.5000002980232
32
1019.9999996647238
13
-1947.5151510877656
23
1325.5000002980232
33
1019.9999996647238
0
3DFACE
5
D38E
330
CFF3
100
AcDbEntity
100
AcDbFace
8
EKP_TURK_TELEKOM_RRU
10
-1947.5151510877656
20
1185.4999997019768
30
510.00000536441803
11
-1476.5151478393125
21
1185.4999997019768
31
510.00000536441803
12
-1476.5151478393125
22
1185.4999997019768
32
1019.9999996647238
13
-1947.5151510877656
23
1185.4999997019768
33
1019.9999996647238
0
3DFACE
5
D38F
330
CFF3
100
AcDbEntity
100
AcDbFace
8
EKP_TURK_TELEKOM_RRU
10
-1947.5151510877656
20
1325.5000002980232
30
510.00000536441803
11
-1476.5151478393125
21
1325.5000002980232
31
510.00000536441803
12
-1476.5151478393125
22
1325.5000002980232
32
1019.9999996647238
13
-1947.5151510877656
23
1325.5000002980232
33
1019.9999996647238
0
3DFACE
5
D390
330
CFF3
100
AcDbEntity
100
AcDbFace
8
EKP_TURK_TELEKOM_RRU
10
-1947.5151510877656
20
1185.4999997019768
30
510.00000536441803
11
-1947.5151510877656
21
1325.5000002980232
31
510.00000536441803
12
-1947.5151510877656
22
1325.5000002980232
32
1019.9999996647238
13
-1947.5151510877656
23
1185.4999997019768
33
1019.9999996647238
0
3DFACE
5
D391
330
CFF3
100
AcDbEntity
100
AcDbFace
8
EKP_TURK_TELEKOM_RRU
10
-1476.5151478393125
20
1185.4999997019768
30
510.00000536441803
11
-1476.5151478393125
21
1325.5000002980232
31
510.00000536441803
12
-1476.5151478393125
22
1325.5000002980232
32
1019.9999996647238
13
-1476.5151478393125
23
1185.4999997019768
33
1019.9999996647238
0
LINE
5
D392
330
CFF3
100
AcDbEntity
100
AcDbLine
8
EKP_TURK_TELEKOM_RRU
10
-1947.5151510877656
20
1185.4999997019768
30
510.00000536441803
11
-1476.5151478393125
21
1185.4999997019768
31
510.00000536441803
0
LINE
5
D393
330
CFF3
100
AcDbEntity
100
AcDbLine
8
EKP_TURK_TELEKOM_RRU
10
-1476.5151478393125
20
1185.4999997019768
30
510.00000536441803
11
-1476.5151478393125
21
1325.5000002980232
31
510.00000536441803
0
LINE
5
D394
330
CFF3
100
AcDbEntity
100
AcDbLine
8
EKP_TURK_TELEKOM_RRU
10
-1476.5151478393125
20
1325.5000002980232
30
510.00000536441803
11
-1947.5151510877656
21
1325.5000002980232
31
510.00000536441803
0
LINE
5
D395
330
CFF3
100
AcDbEntity
100
AcDbLine
8
EKP_TURK_TELEKOM_RRU
10
-1947.5151510877656
20
1325.5000002980232
30
510.00000536441803
11
-1947.5151510877656
21
1185.4999997019768
31
510.00000536441803
0
LINE
5
D396
330
CFF3
100
AcDbEntity
100
AcDbLine
8
EKP_TURK_TELEKOM_RRU
10
-1947.5151510877656
20
1185.4999997019768
30
1019.9999996647238
11
-1476.5151478393125
21
1185.4999997019768
31
1019.9999996647238
0
LINE
5
D397
330
CFF3
100
AcDbEntity
100
AcDbLine
8
EKP_TURK_TELEKOM_RRU
10
-1476.5151478393125
20
1185.4999997019768
30
1019.9999996647238
11
-1476.5151478393125
21
1325.5000002980232
31
1019.9999996647238
0
LINE
5
D398
330
CFF3
100
AcDbEntity
100
AcDbLine
8
EKP_TURK_TELEKOM_RRU
10
-1476.5151478393125
20
1325.5000002980232
30
1019.9999996647238
11
-1947.5151510877656
21
1325.5000002980232
31
1019.9999996647238
0
LINE
5
D399
330
CFF3
100
AcDbEntity
100
AcDbLine
8
EKP_TURK_TELEKOM_RRU
10
-1947.5151510877656
20
1325.5000002980232
30
1019.9999996647238
11
-1947.5151510877656
21
1185.4999997019768
31
1019.9999996647238
0
LINE
5
D39A
330
CFF3
100
AcDbEntity
100
AcDbLine
8
EKP_TURK_TELEKOM_RRU
10
-1947.5151510877656
20
1185.4999997019768
30
510.00000536441803
11
-1947.5151510877656
21
1185.4999997019768
31
1019.9999996647238
0
LINE
5
D39B
330
CFF3
100
AcDbEntity
100
AcDbLine
8
EKP_TURK_TELEKOM_RRU
10
-1476.5151478393125
20
1185.4999997019768
30
510.00000536441803
11
-1476.5151478393125
21
1185.4999997019768
31
1019.9999996647238
0
LINE
5
D39C
330
CFF3
100
AcDbEntity
100
AcDbLine
8
EKP_TURK_TELEKOM_RRU
10
-1476.5151478393125
20
1325.5000002980232
30
510.00000536441803
11
-1476.5151478393125
21
1325.5000002980232
31
1019.9999996647238
0
LINE
5
D39D
330
CFF3
100
AcDbEntity
100
AcDbLine
8
EKP_TURK_TELEKOM_RRU
10
-1947.5151510877656
20
1325.5000002980232
30
510.00000536441803
11
-1947.5151510877656
21
1325.5000002980232
31
1019.9999996647238
0
3DFACE
5
D39E
330
CFF3
100
AcDbEntity
100
AcDbFace
8
EKP_TURK_TELEKOM_RRU
10
-1817.990150194441
20
1240.5
30
1019.9999996647238
11
-1606.0401487326371
21
1240.5
31
1019.9999996647238
12
-1606.0401487326371
22
1270.5
32
1019.9999996647238
13
-1817.990150194441
23
1270.5
33
1019.9999996647238
0
3DFACE
5
D39F
330
CFF3
100
AcDbEntity
100
AcDbFace
8
EKP_TURK_TELEKOM_RRU
10
-1817.990150194441
20
1240.5
30
1049.9999996647239
11
-1606.0401487326371
21
1240.5
31
1049.9999996647239
12
-1606.0401487326371
22
1270.5
32
1049.9999996647239
13
-1817.990150194441
23
1270.5
33
1049.9999996647239
0
3DFACE
5
D3A0
330
CFF3
100
AcDbEntity
100
AcDbFace
8
EKP_TURK_TELEKOM_RRU
10
-1817.990150194441
20
1240.5
30
1019.9999996647238
11
-1606.0401487326371
21
1240.5
31
1019.9999996647238
12
-1606.0401487326371
22
1240.5
32
1049.9999996647239
13
-1817.990150194441
23
1240.5
33
1049.9999996647239
0
3DFACE
5
D3A1
330
CFF3
100
AcDbEntity
100
AcDbFace
8
EKP_TURK_TELEKOM_RRU
10
-1817.990150194441
20
1270.5
30
1019.9999996647238
11
-1606.0401487326371
21
1270.5
31
1019.9999996647238
12
-1606.0401487326371
22
1270.5
32
1049.9999996647239
13
-1817.990150194441
23
1270.5
33
1049.9999996647239
0
3DFACE
5
D3A2
330
CFF3
100
AcDbEntity
100
AcDbFace
8
EKP_TURK_TELEKOM_RRU
10
-1817.990150194441
20
1240.5
30
1019.9999996647238
11
-1817.990150194441
21
1270.5
31
1019.9999996647238
12
-1817.990150194441
22
1270.5
32
1049.9999996647239
13
-1817.990150194441
23
1240.5
33
1049.9999996647239
0
3DFACE
5
D3A3
330
CFF3
100
AcDbEntity
100
AcDbFace
8
EKP_TURK_TELEKOM_RRU
10
-1606.0401487326371
20
1240.5
30
1019.9999996647238
11
-1606.0401487326371
21
1270.5
31
1019.9999996647238
12
-1606.0401487326371
22
1270.5
32
1049.9999996647239
13
-1606.0401487326371
23
1240.5
33
1049.9999996647239
0
LINE
5
D3A4
330
CFF3
100
AcDbEntity
100
AcDbLine
8
EKP_TURK_TELEKOM_RRU
10
-1817.990150194441
20
1240.5
30
1019.9999996647238
11
-1606.0401487326371
21
1240.5
31
1019.9999996647238
0
LINE
5
D3A5
330
CFF3
100
AcDbEntity
100
AcDbLine
8
EKP_TURK_TELEKOM_RRU
10
-1606.0401487326371
20
1240.5
30
1019.9999996647238
11
-1606.0401487326371
21
1270.5
31
1019.9999996647238
0
LINE
5
D3A6
330
CFF3
100
AcDbEntity
100
AcDbLine
8
EKP_TURK_TELEKOM_RRU
10
-1606.0401487326371
20
1270.5
30
1019.9999996647238
11
-1817.990150194441
21
1270.5
31
1019.9999996647238
0
LINE
5
D3A7
330
CFF3
100
AcDbEntity
100
AcDbLine
8
EKP_TURK_TELEKOM_RRU
10
-1817.990150194441
20
1270.5
30
1019.9999996647238
11
-1817.990150194441
21
1240.5
31
1019.9999996647238
0
LINE
5
D3A8
330
CFF3
100
AcDbEntity
100
AcDbLine
8
EKP_TURK_TELEKOM_RRU
10
-1817.990150194441
20
1240.5
30
1049.9999996647239
11
-1606.0401487326371
21
1240.5
31
1049.9999996647239
0
LINE
5
D3A9
330
CFF3
100
AcDbEntity
100
AcDbLine
8
EKP_TURK_TELEKOM_RRU
10
-1606.0401487326371
20
1240.5
30
1049.9999996647239
11
-1606.0401487326371
21
1270.5
31
1049.9999996647239
0
LINE
5
D3AA
330
CFF3
100
AcDbEntity
100
AcDbLine
8
EKP_TURK_TELEKOM_RRU
10
-1606.0401487326371
20
1270.5
30
1049.9999996647239
11
-1817.990150194441
21
1270.5
31
1049.9999996647239
0
LINE
5
D3AB
330
CFF3
100
AcDbEntity
100
AcDbLine
8
EKP_TURK_TELEKOM_RRU
10
-1817.990150194441
20
1270.5
30
1049.9999996647239
11
-1817.990150194441
21
1240.5
31
1049.9999996647239
0
LINE
5
D3AC
330
CFF3
100
AcDbEntity
100
AcDbLine
8
EKP_TURK_TELEKOM_RRU
10
-1817.990150194441
20
1240.5
30
1019.9999996647238
11
-1817.990150194441
21
1240.5
31
1049.9999996647239
0
LINE
5
D3AD
330
CFF3
100
AcDbEntity
100
AcDbLine
8
EKP_TURK_TELEKOM_RRU
10
-1606.0401487326371
20
1240.5
30
1019.9999996647238
11
-1606.0401487326371
21
1240.5
31
1049.9999996647239
0
LINE
5
D3AE
330
CFF3
100
AcDbEntity
100
AcDbLine
8
EKP_TURK_TELEKOM_RRU
10
-1606.0401487326371
20
1270.5
30
1019.9999996647238
11
-1606.0401487326371
21
1270.5
31
1049.9999996647239
0
LINE
5
D3AF
330
CFF3
100
AcDbEntity
100
AcDbLine
8
EKP_TURK_TELEKOM_RRU
10
-1817.990150194441
20
1270.5
30
1019.9999996647238
11
-1817.990150194441
21
1270.5
31
1049.9999996647239
0
LINE
5
D3B0
330
CFF3
100
AcDbEntity
100
AcDbLine
8
EKP_TURK_TELEKOM_RRU
10
-1806.2151501132296
20
1255.5
30
1019.9999996647238
11
-1617.8151488138485
21
1255.5
31
1019.9999996647238
0
LINE
5
D3B1
330
CFF3
100
AcDbEntity
100
AcDbLine
8
EKP_TURK_TELEKOM_RRU
10
-1712.015149463539
20
1227.4999998807907
30
1019.9999996647238
11
-1712.015149463539
21
1283.5000001192093
31
1019.9999996647238
0
TEXT
5
D3B2
330
CFF3
100
AcDbEntity
100
AcDbText
8
EKP_TURK_TELEKOM_RRU
10
-1712.015149463539
20
1286.8600001335144
30
0
40
39.20000016689301
1
Turk Telekom RRU5527 (#1) (Alt Kot)
50
0
7
STANDARD
72
1
11
-1712.015149463539
21
1286.8600001335144
31
0
100
AcDbText
73
2
0
3DFACE
5
D3B3
330
CFF3
100
AcDbEntity
100
AcDbFace
8
EKP_TURK_TELEKOM_RRU
10
-1947.5151510877656
20
1005.4999997019767
30
510.00000536441803
11
-1476.5151478393125
21
1005.4999997019767
31
510.00000536441803
12
-1476.5151478393125
22
1145.5000002980232
32
510.00000536441803
13
-1947.5151510877656
23
1145.5000002980232
33
510.00000536441803
0
3DFACE
5
D3B4
330
CFF3
100
AcDbEntity
100
AcDbFace
8
EKP_TURK_TELEKOM_RRU
10
-1947.5151510877656
20
1005.4999997019767
30
1019.9999996647238
11
-1476.5151478393125
21
1005.4999997019767
31
1019.9999996647238
12
-1476.5151478393125
22
1145.5000002980232
32
1019.9999996647238
13
-1947.5151510877656
23
1145.5000002980232
33
1019.9999996647238
0
3DFACE
5
D3B5
330
CFF3
100
AcDbEntity
100
AcDbFace
8
EKP_TURK_TELEKOM_RRU
10
-1947.5151510877656
20
1005.4999997019767
30
510.00000536441803
11
-1476.5151478393125
21
1005.4999997019767
31
510.00000536441803
12
-1476.5151478393125
22
1005.4999997019767
32
1019.9999996647238
13
-1947.5151510877656
23
1005.4999997019767
33
1019.9999996647238
0
3DFACE
5
D3B6
330
CFF3
100
AcDbEntity
100
AcDbFace
8
EKP_TURK_TELEKOM_RRU
10
-1947.5151510877656
20
1145.5000002980232
30
510.00000536441803
11
-1476.5151478393125
21
1145.5000002980232
31
510.00000536441803
12
-1476.5151478393125
22
1145.5000002980232
32
1019.9999996647238
13
-1947.5151510877656
23
1145.5000002980232
33
1019.9999996647238
0
3DFACE
5
D3B7
330
CFF3
100
AcDbEntity
100
AcDbFace
8
EKP_TURK_TELEKOM_RRU
10
-1947.5151510877656
20
1005.4999997019767
30
510.00000536441803
11
-1947.5151510877656
21
1145.5000002980232
31
510.00000536441803
12
-1947.5151510877656
22
1145.5000002980232
32
1019.9999996647238
13
-1947.5151510877656
23
1005.4999997019767
33
1019.9999996647238
0
3DFACE
5
D3B8
330
CFF3
100
AcDbEntity
100
AcDbFace
8
EKP_TURK_TELEKOM_RRU
10
-1476.5151478393125
20
1005.4999997019767
30
510.00000536441803
11
-1476.5151478393125
21
1145.5000002980232
31
510.00000536441803
12
-1476.5151478393125
22
1145.5000002980232
32
1019.9999996647238
13
-1476.5151478393125
23
1005.4999997019767
33
1019.9999996647238
0
LINE
5
D3B9
330
CFF3
100
AcDbEntity
100
AcDbLine
8
EKP_TURK_TELEKOM_RRU
10
-1947.5151510877656
20
1005.4999997019767
30
510.00000536441803
11
-1476.5151478393125
21
1005.4999997019767
31
510.00000536441803
0
LINE
5
D3BA
330
CFF3
100
AcDbEntity
100
AcDbLine
8
EKP_TURK_TELEKOM_RRU
10
-1476.5151478393125
20
1005.4999997019767
30
510.00000536441803
11
-1476.5151478393125
21
1145.5000002980232
31
510.00000536441803
0
LINE
5
D3BB
330
CFF3
100
AcDbEntity
100
AcDbLine
8
EKP_TURK_TELEKOM_RRU
10
-1476.5151478393125
20
1145.5000002980232
30
510.00000536441803
11
-1947.5151510877656
21
1145.5000002980232
31
510.00000536441803
0
LINE
5
D3BC
330
CFF3
100
AcDbEntity
100
AcDbLine
8
EKP_TURK_TELEKOM_RRU
10
-1947.5151510877656
20
1145.5000002980232
30
510.00000536441803
11
-1947.5151510877656
21
1005.4999997019767
31
510.00000536441803
0
LINE
5
D3BD
330
CFF3
100
AcDbEntity
100
AcDbLine
8
EKP_TURK_TELEKOM_RRU
10
-1947.5151510877656
20
1005.4999997019767
30
1019.9999996647238
11
-1476.5151478393125
21
1005.4999997019767
31
1019.9999996647238
0
LINE
5
D3BE
330
CFF3
100
AcDbEntity
100
AcDbLine
8
EKP_TURK_TELEKOM_RRU
10
-1476.5151478393125
20
1005.4999997019767
30
1019.9999996647238
11
-1476.5151478393125
21
1145.5000002980232
31
1019.9999996647238
0
LINE
5
D3BF
330
CFF3
100
AcDbEntity
100
AcDbLine
8
EKP_TURK_TELEKOM_RRU
10
-1476.5151478393125
20
1145.5000002980232
30
1019.9999996647238
11
-1947.5151510877656
21
1145.5000002980232
31
1019.9999996647238
0
LINE
5
D3C0
330
CFF3
100
AcDbEntity
100
AcDbLine
8
EKP_TURK_TELEKOM_RRU
10
-1947.5151510877656
20
1145.5000002980232
30
1019.9999996647238
11
-1947.5151510877656
21
1005.4999997019767
31
1019.9999996647238
0
LINE
5
D3C1
330
CFF3
100
AcDbEntity
100
AcDbLine
8
EKP_TURK_TELEKOM_RRU
10
-1947.5151510877656
20
1005.4999997019767
30
510.00000536441803
11
-1947.5151510877656
21
1005.4999997019767
31
1019.9999996647238
0
LINE
5
D3C2
330
CFF3
100
AcDbEntity
100
AcDbLine
8
EKP_TURK_TELEKOM_RRU
10
-1476.5151478393125
20
1005.4999997019767
30
510.00000536441803
11
-1476.5151478393125
21
1005.4999997019767
31
1019.9999996647238
0
LINE
5
D3C3
330
CFF3
100
AcDbEntity
100
AcDbLine
8
EKP_TURK_TELEKOM_RRU
10
-1476.5151478393125
20
1145.5000002980232
30
510.00000536441803
11
-1476.5151478393125
21
1145.5000002980232
31
1019.9999996647238
0
LINE
5
D3C4
330
CFF3
100
AcDbEntity
100
AcDbLine
8
EKP_TURK_TELEKOM_RRU
10
-1947.5151510877656
20
1145.5000002980232
30
510.00000536441803
11
-1947.5151510877656
21
1145.5000002980232
31
1019.9999996647238
0
3DFACE
5
D3C5
330
CFF3
100
AcDbEntity
100
AcDbFace
8
EKP_TURK_TELEKOM_RRU
10
-1817.990150194441
20
1060.5
30
1019.9999996647238
11
-1606.0401487326371
21
1060.5
31
1019.9999996647238
12
-1606.0401487326371
22
1090.5
32
1019.9999996647238
13
-1817.990150194441
23
1090.5
33
1019.9999996647238
0
3DFACE
5
D3C6
330
CFF3
100
AcDbEntity
100
AcDbFace
8
EKP_TURK_TELEKOM_RRU
10
-1817.990150194441
20
1060.5
30
1049.9999996647239
11
-1606.0401487326371
21
1060.5
31
1049.9999996647239
12
-1606.0401487326371
22
1090.5
32
1049.9999996647239
13
-1817.990150194441
23
1090.5
33
1049.9999996647239
0
3DFACE
5
D3C7
330
CFF3
100
AcDbEntity
100
AcDbFace
8
EKP_TURK_TELEKOM_RRU
10
-1817.990150194441
20
1060.5
30
1019.9999996647238
11
-1606.0401487326371
21
1060.5
31
1019.9999996647238
12
-1606.0401487326371
22
1060.5
32
1049.9999996647239
13
-1817.990150194441
23
1060.5
33
1049.9999996647239
0
3DFACE
5
D3C8
330
CFF3
100
AcDbEntity
100
AcDbFace
8
EKP_TURK_TELEKOM_RRU
10
-1817.990150194441
20
1090.5
30
1019.9999996647238
11
-1606.0401487326371
21
1090.5
31
1019.9999996647238
12
-1606.0401487326371
22
1090.5
32
1049.9999996647239
13
-1817.990150194441
23
1090.5
33
1049.9999996647239
0
3DFACE
5
D3C9
330
CFF3
100
AcDbEntity
100
AcDbFace
8
EKP_TURK_TELEKOM_RRU
10
-1817.990150194441
20
1060.5
30
1019.9999996647238
11
-1817.990150194441
21
1090.5
31
1019.9999996647238
12
-1817.990150194441
22
1090.5
32
1049.9999996647239
13
-1817.990150194441
23
1060.5
33
1049.9999996647239
0
3DFACE
5
D3CA
330
CFF3
100
AcDbEntity
100
AcDbFace
8
EKP_TURK_TELEKOM_RRU
10
-1606.0401487326371
20
1060.5
30
1019.9999996647238
11
-1606.0401487326371
21
1090.5
31
1019.9999996647238
12
-1606.0401487326371
22
1090.5
32
1049.9999996647239
13
-1606.0401487326371
23
1060.5
33
1049.9999996647239
0
LINE
5
D3CB
330
CFF3
100
AcDbEntity
100
AcDbLine
8
EKP_TURK_TELEKOM_RRU
10
-1817.990150194441
20
1060.5
30
1019.9999996647238
11
-1606.0401487326371
21
1060.5
31
1019.9999996647238
0
LINE
5
D3CC
330
CFF3
100
AcDbEntity
100
AcDbLine
8
EKP_TURK_TELEKOM_RRU
10
-1606.0401487326371
20
1060.5
30
1019.9999996647238
11
-1606.0401487326371
21
1090.5
31
1019.9999996647238
0
LINE
5
D3CD
330
CFF3
100
AcDbEntity
100
AcDbLine
8
EKP_TURK_TELEKOM_RRU
10
-1606.0401487326371
20
1090.5
30
1019.9999996647238
11
-1817.990150194441
21
1090.5
31
1019.9999996647238
0
LINE
5
D3CE
330
CFF3
100
AcDbEntity
100
AcDbLine
8
EKP_TURK_TELEKOM_RRU
10
-1817.990150194441
20
1090.5
30
1019.9999996647238
11
-1817.990150194441
21
1060.5
31
1019.9999996647238
0
LINE
5
D3CF
330
CFF3
100
AcDbEntity
100
AcDbLine
8
EKP_TURK_TELEKOM_RRU
10
-1817.990150194441
20
1060.5
30
1049.9999996647239
11
-1606.0401487326371
21
1060.5
31
1049.9999996647239
0
LINE
5
D3D0
330
CFF3
100
AcDbEntity
100
AcDbLine
8
EKP_TURK_TELEKOM_RRU
10
-1606.0401487326371
20
1060.5
30
1049.9999996647239
11
-1606.0401487326371
21
1090.5
31
1049.9999996647239
0
LINE
5
D3D1
330
CFF3
100
AcDbEntity
100
AcDbLine
8
EKP_TURK_TELEKOM_RRU
10
-1606.0401487326371
20
1090.5
30
1049.9999996647239
11
-1817.990150194441
21
1090.5
31
1049.9999996647239
0
LINE
5
D3D2
330
CFF3
100
AcDbEntity
100
AcDbLine
8
EKP_TURK_TELEKOM_RRU
10
-1817.990150194441
20
1090.5
30
1049.9999996647239
11
-1817.990150194441
21
1060.5
31
1049.9999996647239
0
LINE
5
D3D3
330
CFF3
100
AcDbEntity
100
AcDbLine
8
EKP_TURK_TELEKOM_RRU
10
-1817.990150194441
20
1060.5
30
1019.9999996647238
11
-1817.990150194441
21
1060.5
31
1049.9999996647239
0
LINE
5
D3D4
330
CFF3
100
AcDbEntity
100
AcDbLine
8
EKP_TURK_TELEKOM_RRU
10
-1606.0401487326371
20
1060.5
30
1019.9999996647238
11
-1606.0401487326371
21
1060.5
31
1049.9999996647239
0
LINE
5
D3D5
330
CFF3
100
AcDbEntity
100
AcDbLine
8
EKP_TURK_TELEKOM_RRU
10
-1606.0401487326371
20
1090.5
30
1019.9999996647238
11
-1606.0401487326371
21
1090.5
31
1049.9999996647239
0
LINE
5
D3D6
330
CFF3
100
AcDbEntity
100
AcDbLine
8
EKP_TURK_TELEKOM_RRU
10
-1817.990150194441
20
1090.5
30
1019.9999996647238
11
-1817.990150194441
21
1090.5
31
1049.9999996647239
0
LINE
5
D3D7
330
CFF3
100
AcDbEntity
100
AcDbLine
8
EKP_TURK_TELEKOM_RRU
10
-1806.2151501132296
20
1075.5
30
1019.9999996647238
11
-1617.8151488138485
21
1075.5
31
1019.9999996647238
0
LINE
5
D3D8
330
CFF3
100
AcDbEntity
100
AcDbLine
8
EKP_TURK_TELEKOM_RRU
10
-1712.015149463539
20
1047.4999998807907
30
1019.9999996647238
11
-1712.015149463539
21
1103.5000001192093
31
1019.9999996647238
0
TEXT
5
D3D9
330
CFF3
100
AcDbEntity
100
AcDbText
8
EKP_TURK_TELEKOM_RRU
10
-1712.015149463539
20
1106.8600001335144
30
0
40
39.20000016689304
1
Turk Telekom NR RRU5818W (#1) (Alt Kot)
50
0
7
STANDARD
72
1
11
-1712.015149463539
21
1106.8600001335144
31
0
100
AcDbText
73
2
0
3DFACE
5
D3DA
330
CFF3
100
AcDbEntity
100
AcDbFace
8
EKP_TURK_TELEKOM_RRU
10
-1947.5151510877656
20
825.4999997019768
30
510.00000536441803
11
-1476.5151478393125
21
825.4999997019768
31
510.00000536441803
12
-1476.5151478393125
22
965.5000002980232
32
510.00000536441803
13
-1947.5151510877656
23
965.5000002980232
33
510.00000536441803
0
3DFACE
5
D3DB
330
CFF3
100
AcDbEntity
100
AcDbFace
8
EKP_TURK_TELEKOM_RRU
10
-1947.5151510877656
20
825.4999997019768
30
1019.9999996647238
11
-1476.5151478393125
21
825.4999997019768
31
1019.9999996647238
12
-1476.5151478393125
22
965.5000002980232
32
1019.9999996647238
13
-1947.5151510877656
23
965.5000002980232
33
1019.9999996647238
0
3DFACE
5
D3DC
330
CFF3
100
AcDbEntity
100
AcDbFace
8
EKP_TURK_TELEKOM_RRU
10
-1947.5151510877656
20
825.4999997019768
30
510.00000536441803
11
-1476.5151478393125
21
825.4999997019768
31
510.00000536441803
12
-1476.5151478393125
22
825.4999997019768
32
1019.9999996647238
13
-1947.5151510877656
23
825.4999997019768
33
1019.9999996647238
0
3DFACE
5
D3DD
330
CFF3
100
AcDbEntity
100
AcDbFace
8
EKP_TURK_TELEKOM_RRU
10
-1947.5151510877656
20
965.5000002980232
30
510.00000536441803
11
-1476.5151478393125
21
965.5000002980232
31
510.00000536441803
12
-1476.5151478393125
22
965.5000002980232
32
1019.9999996647238
13
-1947.5151510877656
23
965.5000002980232
33
1019.9999996647238
0
3DFACE
5
D3DE
330
CFF3
100
AcDbEntity
100
AcDbFace
8
EKP_TURK_TELEKOM_RRU
10
-1947.5151510877656
20
825.4999997019768
30
510.00000536441803
11
-1947.5151510877656
21
965.5000002980232
31
510.00000536441803
12
-1947.5151510877656
22
965.5000002980232
32
1019.9999996647238
13
-1947.5151510877656
23
825.4999997019768
33
1019.9999996647238
0
3DFACE
5
D3DF
330
CFF3
100
AcDbEntity
100
AcDbFace
8
EKP_TURK_TELEKOM_RRU
10
-1476.5151478393125
20
825.4999997019768
30
510.00000536441803
11
-1476.5151478393125
21
965.5000002980232
31
510.00000536441803
12
-1476.5151478393125
22
965.5000002980232
32
1019.9999996647238
13
-1476.5151478393125
23
825.4999997019768
33
1019.9999996647238
0
LINE
5
D3E0
330
CFF3
100
AcDbEntity
100
AcDbLine
8
EKP_TURK_TELEKOM_RRU
10
-1947.5151510877656
20
825.4999997019768
30
510.00000536441803
11
-1476.5151478393125
21
825.4999997019768
31
510.00000536441803
0
LINE
5
D3E1
330
CFF3
100
AcDbEntity
100
AcDbLine
8
EKP_TURK_TELEKOM_RRU
10
-1476.5151478393125
20
825.4999997019768
30
510.00000536441803
11
-1476.5151478393125
21
965.5000002980232
31
510.00000536441803
0
LINE
5
D3E2
330
CFF3
100
AcDbEntity
100
AcDbLine
8
EKP_TURK_TELEKOM_RRU
10
-1476.5151478393125
20
965.5000002980232
30
510.00000536441803
11
-1947.5151510877656
21
965.5000002980232
31
510.00000536441803
0
LINE
5
D3E3
330
CFF3
100
AcDbEntity
100
AcDbLine
8
EKP_TURK_TELEKOM_RRU
10
-1947.5151510877656
20
965.5000002980232
30
510.00000536441803
11
-1947.5151510877656
21
825.4999997019768
31
510.00000536441803
0
LINE
5
D3E4
330
CFF3
100
AcDbEntity
100
AcDbLine
8
EKP_TURK_TELEKOM_RRU
10
-1947.5151510877656
20
825.4999997019768
30
1019.9999996647238
11
-1476.5151478393125
21
825.4999997019768
31
1019.9999996647238
0
LINE
5
D3E5
330
CFF3
100
AcDbEntity
100
AcDbLine
8
EKP_TURK_TELEKOM_RRU
10
-1476.5151478393125
20
825.4999997019768
30
1019.9999996647238
11
-1476.5151478393125
21
965.5000002980232
31
1019.9999996647238
0
LINE
5
D3E6
330
CFF3
100
AcDbEntity
100
AcDbLine
8
EKP_TURK_TELEKOM_RRU
10
-1476.5151478393125
20
965.5000002980232
30
1019.9999996647238
11
-1947.5151510877656
21
965.5000002980232
31
1019.9999996647238
0
LINE
5
D3E7
330
CFF3
100
AcDbEntity
100
AcDbLine
8
EKP_TURK_TELEKOM_RRU
10
-1947.5151510877656
20
965.5000002980232
30
1019.9999996647238
11
-1947.5151510877656
21
825.4999997019768
31
1019.9999996647238
0
LINE
5
D3E8
330
CFF3
100
AcDbEntity
100
AcDbLine
8
EKP_TURK_TELEKOM_RRU
10
-1947.5151510877656
20
825.4999997019768
30
510.00000536441803
11
-1947.5151510877656
21
825.4999997019768
31
1019.9999996647238
0
LINE
5
D3E9
330
CFF3
100
AcDbEntity
100
AcDbLine
8
EKP_TURK_TELEKOM_RRU
10
-1476.5151478393125
20
825.4999997019768
30
510.00000536441803
11
-1476.5151478393125
21
825.4999997019768
31
1019.9999996647238
0
LINE
5
D3EA
330
CFF3
100
AcDbEntity
100
AcDbLine
8
EKP_TURK_TELEKOM_RRU
10
-1476.5151478393125
20
965.5000002980232
30
510.00000536441803
11
-1476.5151478393125
21
965.5000002980232
31
1019.9999996647238
0
LINE
5
D3EB
330
CFF3
100
AcDbEntity
100
AcDbLine
8
EKP_TURK_TELEKOM_RRU
10
-1947.5151510877656
20
965.5000002980232
30
510.00000536441803
11
-1947.5151510877656
21
965.5000002980232
31
1019.9999996647238
0
3DFACE
5
D3EC
330
CFF3
100
AcDbEntity
100
AcDbFace
8
EKP_TURK_TELEKOM_RRU
10
-1817.990150194441
20
880.5
30
1019.9999996647238
11
-1606.0401487326371
21
880.5
31
1019.9999996647238
12
-1606.0401487326371
22
910.5
32
1019.9999996647238
13
-1817.990150194441
23
910.5
33
1019.9999996647238
0
3DFACE
5
D3ED
330
CFF3
100
AcDbEntity
100
AcDbFace
8
EKP_TURK_TELEKOM_RRU
10
-1817.990150194441
20
880.5
30
1049.9999996647239
11
-1606.0401487326371
21
880.5
31
1049.9999996647239
12
-1606.0401487326371
22
910.5
32
1049.9999996647239
13
-1817.990150194441
23
910.5
33
1049.9999996647239
0
3DFACE
5
D3EE
330
CFF3
100
AcDbEntity
100
AcDbFace
8
EKP_TURK_TELEKOM_RRU
10
-1817.990150194441
20
880.5
30
1019.9999996647238
11
-1606.0401487326371
21
880.5
31
1019.9999996647238
12
-1606.0401487326371
22
880.5
32
1049.9999996647239
13
-1817.990150194441
23
880.5
33
1049.9999996647239
0
3DFACE
5
D3EF
330
CFF3
100
AcDbEntity
100
AcDbFace
8
EKP_TURK_TELEKOM_RRU
10
-1817.990150194441
20
910.5
30
1019.9999996647238
11
-1606.0401487326371
21
910.5
31
1019.9999996647238
12
-1606.0401487326371
22
910.5
32
1049.9999996647239
13
-1817.990150194441
23
910.5
33
1049.9999996647239
0
3DFACE
5
D3F0
330
CFF3
100
AcDbEntity
100
AcDbFace
8
EKP_TURK_TELEKOM_RRU
10
-1817.990150194441
20
880.5
30
1019.9999996647238
11
-1817.990150194441
21
910.5
31
1019.9999996647238
12
-1817.990150194441
22
910.5
32
1049.9999996647239
13
-1817.990150194441
23
880.5
33
1049.9999996647239
0
3DFACE
5
D3F1
330
CFF3
100
AcDbEntity
100
AcDbFace
8
EKP_TURK_TELEKOM_RRU
10
-1606.0401487326371
20
880.5
30
1019.9999996647238
11
-1606.0401487326371
21
910.5
31
1019.9999996647238
12
-1606.0401487326371
22
910.5
32
1049.9999996647239
13
-1606.0401487326371
23
880.5
33
1049.9999996647239
0
LINE
5
D3F2
330
CFF3
100
AcDbEntity
100
AcDbLine
8
EKP_TURK_TELEKOM_RRU
10
-1817.990150194441
20
880.5
30
1019.9999996647238
11
-1606.0401487326371
21
880.5
31
1019.9999996647238
0
LINE
5
D3F3
330
CFF3
100
AcDbEntity
100
AcDbLine
8
EKP_TURK_TELEKOM_RRU
10
-1606.0401487326371
20
880.5
30
1019.9999996647238
11
-1606.0401487326371
21
910.5
31
1019.9999996647238
0
LINE
5
D3F4
330
CFF3
100
AcDbEntity
100
AcDbLine
8
EKP_TURK_TELEKOM_RRU
10
-1606.0401487326371
20
910.5
30
1019.9999996647238
11
-1817.990150194441
21
910.5
31
1019.9999996647238
0
LINE
5
D3F5
330
CFF3
100
AcDbEntity
100
AcDbLine
8
EKP_TURK_TELEKOM_RRU
10
-1817.990150194441
20
910.5
30
1019.9999996647238
11
-1817.990150194441
21
880.5
31
1019.9999996647238
0
LINE
5
D3F6
330
CFF3
100
AcDbEntity
100
AcDbLine
8
EKP_TURK_TELEKOM_RRU
10
-1817.990150194441
20
880.5
30
1049.9999996647239
11
-1606.0401487326371
21
880.5
31
1049.9999996647239
0
LINE
5
D3F7
330
CFF3
100
AcDbEntity
100
AcDbLine
8
EKP_TURK_TELEKOM_RRU
10
-1606.0401487326371
20
880.5
30
1049.9999996647239
11
-1606.0401487326371
21
910.5
31
1049.9999996647239
0
LINE
5
D3F8
330
CFF3
100
AcDbEntity
100
AcDbLine
8
EKP_TURK_TELEKOM_RRU
10
-1606.0401487326371
20
910.5
30
1049.9999996647239
11
-1817.990150194441
21
910.5
31
1049.9999996647239
0
LINE
5
D3F9
330
CFF3
100
AcDbEntity
100
AcDbLine
8
EKP_TURK_TELEKOM_RRU
10
-1817.990150194441
20
910.5
30
1049.9999996647239
11
-1817.990150194441
21
880.5
31
1049.9999996647239
0
LINE
5
D3FA
330
CFF3
100
AcDbEntity
100
AcDbLine
8
EKP_TURK_TELEKOM_RRU
10
-1817.990150194441
20
880.5
30
1019.9999996647238
11
-1817.990150194441
21
880.5
31
1049.9999996647239
0
LINE
5
D3FB
330
CFF3
100
AcDbEntity
100
AcDbLine
8
EKP_TURK_TELEKOM_RRU
10
-1606.0401487326371
20
880.5
30
1019.9999996647238
11
-1606.0401487326371
21
880.5
31
1049.9999996647239
0
LINE
5
D3FC
330
CFF3
100
AcDbEntity
100
AcDbLine
8
EKP_TURK_TELEKOM_RRU
10
-1606.0401487326371
20
910.5
30
1019.9999996647238
11
-1606.0401487326371
21
910.5
31
1049.9999996647239
0
LINE
5
D3FD
330
CFF3
100
AcDbEntity
100
AcDbLine
8
EKP_TURK_TELEKOM_RRU
10
-1817.990150194441
20
910.5
30
1019.9999996647238
11
-1817.990150194441
21
910.5
31
1049.9999996647239
0
LINE
5
D3FE
330
CFF3
100
AcDbEntity
100
AcDbLine
8
EKP_TURK_TELEKOM_RRU
10
-1806.2151501132296
20
895.5
30
1019.9999996647238
11
-1617.8151488138485
21
895.5
31
1019.9999996647238
0
LINE
5
D3FF
330
CFF3
100
AcDbEntity
100
AcDbLine
8
EKP_TURK_TELEKOM_RRU
10
-1712.015149463539
20
867.4999998807907
30
1019.9999996647238
11
-1712.015149463539
21
923.5000001192093
31
1019.9999996647238
0
TEXT
5
D400
330
CFF3
100
AcDbEntity
100
AcDbText
8
EKP_TURK_TELEKOM_RRU
10
-1712.015149463539
20
926.8600001335144
30
0
40
39.20000016689301
1
Turk Telekom RRU5527 (#2) (Alt Kot)
50
0
7
STANDARD
72
1
11
-1712.015149463539
21
926.8600001335144
31
0
100
AcDbText
73
2
0
3DFACE
5
D4C4
330
CFF3
100
AcDbEntity
100
AcDbFace
8
EKP_TURK_TELEKOM_RRU
10
-1947.5151510877656
20
1005.4999997019767
30
1210.0000053644183
11
-1476.5151478393125
21
1005.4999997019767
31
1210.0000053644183
12
-1476.5151478393125
22
1145.5000002980232
32
1210.0000053644183
13
-1947.5151510877656
23
1145.5000002980232
33
1210.0000053644183
0
3DFACE
5
D4C5
330
CFF3
100
AcDbEntity
100
AcDbFace
8
EKP_TURK_TELEKOM_RRU
10
-1947.5151510877656
20
1005.4999997019767
30
1719.9999996647239
11
-1476.5151478393125
21
1005.4999997019767
31
1719.9999996647239
12
-1476.5151478393125
22
1145.5000002980232
32
1719.9999996647239
13
-1947.5151510877656
23
1145.5000002980232
33
1719.9999996647239
0
3DFACE
5
D4C6
330
CFF3
100
AcDbEntity
100
AcDbFace
8
EKP_TURK_TELEKOM_RRU
10
-1947.5151510877656
20
1005.4999997019767
30
1210.0000053644183
11
-1476.5151478393125
21
1005.4999997019767
31
1210.0000053644183
12
-1476.5151478393125
22
1005.4999997019767
32
1719.9999996647239
13
-1947.5151510877656
23
1005.4999997019767
33
1719.9999996647239
0
3DFACE
5
D4C7
330
CFF3
100
AcDbEntity
100
AcDbFace
8
EKP_TURK_TELEKOM_RRU
10
-1947.5151510877656
20
1145.5000002980232
30
1210.0000053644183
11
-1476.5151478393125
21
1145.5000002980232
31
1210.0000053644183
12
-1476.5151478393125
22
1145.5000002980232
32
1719.9999996647239
13
-1947.5151510877656
23
1145.5000002980232
33
1719.9999996647239
0
3DFACE
5
D4C8
330
CFF3
100
AcDbEntity
100
AcDbFace
8
EKP_TURK_TELEKOM_RRU
10
-1947.5151510877656
20
1005.4999997019767
30
1210.0000053644183
11
-1947.5151510877656
21
1145.5000002980232
31
1210.0000053644183
12
-1947.5151510877656
22
1145.5000002980232
32
1719.9999996647239
13
-1947.5151510877656
23
1005.4999997019767
33
1719.9999996647239
0
3DFACE
5
D4C9
330
CFF3
100
AcDbEntity
100
AcDbFace
8
EKP_TURK_TELEKOM_RRU
10
-1476.5151478393125
20
1005.4999997019767
30
1210.0000053644183
11
-1476.5151478393125
21
1145.5000002980232
31
1210.0000053644183
12
-1476.5151478393125
22
1145.5000002980232
32
1719.9999996647239
13
-1476.5151478393125
23
1005.4999997019767
33
1719.9999996647239
0
LINE
5
D4CA
330
CFF3
100
AcDbEntity
100
AcDbLine
8
EKP_TURK_TELEKOM_RRU
10
-1947.5151510877656
20
1005.4999997019767
30
1210.0000053644183
11
-1476.5151478393125
21
1005.4999997019767
31
1210.0000053644183
0
LINE
5
D4CB
330
CFF3
100
AcDbEntity
100
AcDbLine
8
EKP_TURK_TELEKOM_RRU
10
-1476.5151478393125
20
1005.4999997019767
30
1210.0000053644183
11
-1476.5151478393125
21
1145.5000002980232
31
1210.0000053644183
0
LINE
5
D4CC
330
CFF3
100
AcDbEntity
100
AcDbLine
8
EKP_TURK_TELEKOM_RRU
10
-1476.5151478393125
20
1145.5000002980232
30
1210.0000053644183
11
-1947.5151510877656
21
1145.5000002980232
31
1210.0000053644183
0
LINE
5
D4CD
330
CFF3
100
AcDbEntity
100
AcDbLine
8
EKP_TURK_TELEKOM_RRU
10
-1947.5151510877656
20
1145.5000002980232
30
1210.0000053644183
11
-1947.5151510877656
21
1005.4999997019767
31
1210.0000053644183
0
LINE
5
D4CE
330
CFF3
100
AcDbEntity
100
AcDbLine
8
EKP_TURK_TELEKOM_RRU
10
-1947.5151510877656
20
1005.4999997019767
30
1719.9999996647239
11
-1476.5151478393125
21
1005.4999997019767
31
1719.9999996647239
0
LINE
5
D4CF
330
CFF3
100
AcDbEntity
100
AcDbLine
8
EKP_TURK_TELEKOM_RRU
10
-1476.5151478393125
20
1005.4999997019767
30
1719.9999996647239
11
-1476.5151478393125
21
1145.5000002980232
31
1719.9999996647239
0
LINE
5
D4D0
330
CFF3
100
AcDbEntity
100
AcDbLine
8
EKP_TURK_TELEKOM_RRU
10
-1476.5151478393125
20
1145.5000002980232
30
1719.9999996647239
11
-1947.5151510877656
21
1145.5000002980232
31
1719.9999996647239
0
LINE
5
D4D1
330
CFF3
100
AcDbEntity
100
AcDbLine
8
EKP_TURK_TELEKOM_RRU
10
-1947.5151510877656
20
1145.5000002980232
30
1719.9999996647239
11
-1947.5151510877656
21
1005.4999997019767
31
1719.9999996647239
0
LINE
5
D4D2
330
CFF3
100
AcDbEntity
100
AcDbLine
8
EKP_TURK_TELEKOM_RRU
10
-1947.5151510877656
20
1005.4999997019767
30
1210.0000053644183
11
-1947.5151510877656
21
1005.4999997019767
31
1719.9999996647239
0
LINE
5
D4D3
330
CFF3
100
AcDbEntity
100
AcDbLine
8
EKP_TURK_TELEKOM_RRU
10
-1476.5151478393125
20
1005.4999997019767
30
1210.0000053644183
11
-1476.5151478393125
21
1005.4999997019767
31
1719.9999996647239
0
LINE
5
D4D4
330
CFF3
100
AcDbEntity
100
AcDbLine
8
EKP_TURK_TELEKOM_RRU
10
-1476.5151478393125
20
1145.5000002980232
30
1210.0000053644183
11
-1476.5151478393125
21
1145.5000002980232
31
1719.9999996647239
0
LINE
5
D4D5
330
CFF3
100
AcDbEntity
100
AcDbLine
8
EKP_TURK_TELEKOM_RRU
10
-1947.5151510877656
20
1145.5000002980232
30
1210.0000053644183
11
-1947.5151510877656
21
1145.5000002980232
31
1719.9999996647239
0
3DFACE
5
D4D6
330
CFF3
100
AcDbEntity
100
AcDbFace
8
EKP_TURK_TELEKOM_RRU
10
-1817.990150194441
20
1060.5
30
1719.9999996647239
11
-1606.0401487326371
21
1060.5
31
1719.9999996647239
12
-1606.0401487326371
22
1090.5
32
1719.9999996647239
13
-1817.990150194441
23
1090.5
33
1719.9999996647239
0
3DFACE
5
D4D7
330
CFF3
100
AcDbEntity
100
AcDbFace
8
EKP_TURK_TELEKOM_RRU
10
-1817.990150194441
20
1060.5
30
1749.9999996647239
11
-1606.0401487326371
21
1060.5
31
1749.9999996647239
12
-1606.0401487326371
22
1090.5
32
1749.9999996647239
13
-1817.990150194441
23
1090.5
33
1749.9999996647239
0
3DFACE
5
D4D8
330
CFF3
100
AcDbEntity
100
AcDbFace
8
EKP_TURK_TELEKOM_RRU
10
-1817.990150194441
20
1060.5
30
1719.9999996647239
11
-1606.0401487326371
21
1060.5
31
1719.9999996647239
12
-1606.0401487326371
22
1060.5
32
1749.9999996647239
13
-1817.990150194441
23
1060.5
33
1749.9999996647239
0
3DFACE
5
D4D9
330
CFF3
100
AcDbEntity
100
AcDbFace
8
EKP_TURK_TELEKOM_RRU
10
-1817.990150194441
20
1090.5
30
1719.9999996647239
11
-1606.0401487326371
21
1090.5
31
1719.9999996647239
12
-1606.0401487326371
22
1090.5
32
1749.9999996647239
13
-1817.990150194441
23
1090.5
33
1749.9999996647239
0
3DFACE
5
D4DA
330
CFF3
100
AcDbEntity
100
AcDbFace
8
EKP_TURK_TELEKOM_RRU
10
-1817.990150194441
20
1060.5
30
1719.9999996647239
11
-1817.990150194441
21
1090.5
31
1719.9999996647239
12
-1817.990150194441
22
1090.5
32
1749.9999996647239
13
-1817.990150194441
23
1060.5
33
1749.9999996647239
0
3DFACE
5
D4DB
330
CFF3
100
AcDbEntity
100
AcDbFace
8
EKP_TURK_TELEKOM_RRU
10
-1606.0401487326371
20
1060.5
30
1719.9999996647239
11
-1606.0401487326371
21
1090.5
31
1719.9999996647239
12
-1606.0401487326371
22
1090.5
32
1749.9999996647239
13
-1606.0401487326371
23
1060.5
33
1749.9999996647239
0
LINE
5
D4DC
330
CFF3
100
AcDbEntity
100
AcDbLine
8
EKP_TURK_TELEKOM_RRU
10
-1817.990150194441
20
1060.5
30
1719.9999996647239
11
-1606.0401487326371
21
1060.5
31
1719.9999996647239
0
LINE
5
D4DD
330
CFF3
100
AcDbEntity
100
AcDbLine
8
EKP_TURK_TELEKOM_RRU
10
-1606.0401487326371
20
1060.5
30
1719.9999996647239
11
-1606.0401487326371
21
1090.5
31
1719.9999996647239
0
LINE
5
D4DE
330
CFF3
100
AcDbEntity
100
AcDbLine
8
EKP_TURK_TELEKOM_RRU
10
-1606.0401487326371
20
1090.5
30
1719.9999996647239
11
-1817.990150194441
21
1090.5
31
1719.9999996647239
0
LINE
5
D4DF
330
CFF3
100
AcDbEntity
100
AcDbLine
8
EKP_TURK_TELEKOM_RRU
10
-1817.990150194441
20
1090.5
30
1719.9999996647239
11
-1817.990150194441
21
1060.5
31
1719.9999996647239
0
LINE
5
D4E0
330
CFF3
100
AcDbEntity
100
AcDbLine
8
EKP_TURK_TELEKOM_RRU
10
-1817.990150194441
20
1060.5
30
1749.9999996647239
11
-1606.0401487326371
21
1060.5
31
1749.9999996647239
0
LINE
5
D4E1
330
CFF3
100
AcDbEntity
100
AcDbLine
8
EKP_TURK_TELEKOM_RRU
10
-1606.0401487326371
20
1060.5
30
1749.9999996647239
11
-1606.0401487326371
21
1090.5
31
1749.9999996647239
0
LINE
5
D4E2
330
CFF3
100
AcDbEntity
100
AcDbLine
8
EKP_TURK_TELEKOM_RRU
10
-1606.0401487326371
20
1090.5
30
1749.9999996647239
11
-1817.990150194441
21
1090.5
31
1749.9999996647239
0
LINE
5
D4E3
330
CFF3
100
AcDbEntity
100
AcDbLine
8
EKP_TURK_TELEKOM_RRU
10
-1817.990150194441
20
1090.5
30
1749.9999996647239
11
-1817.990150194441
21
1060.5
31
1749.9999996647239
0
LINE
5
D4E4
330
CFF3
100
AcDbEntity
100
AcDbLine
8
EKP_TURK_TELEKOM_RRU
10
-1817.990150194441
20
1060.5
30
1719.9999996647239
11
-1817.990150194441
21
1060.5
31
1749.9999996647239
0
LINE
5
D4E5
330
CFF3
100
AcDbEntity
100
AcDbLine
8
EKP_TURK_TELEKOM_RRU
10
-1606.0401487326371
20
1060.5
30
1719.9999996647239
11
-1606.0401487326371
21
1060.5
31
1749.9999996647239
0
LINE
5
D4E6
330
CFF3
100
AcDbEntity
100
AcDbLine
8
EKP_TURK_TELEKOM_RRU
10
-1606.0401487326371
20
1090.5
30
1719.9999996647239
11
-1606.0401487326371
21
1090.5
31
1749.9999996647239
0
LINE
5
D4E7
330
CFF3
100
AcDbEntity
100
AcDbLine
8
EKP_TURK_TELEKOM_RRU
10
-1817.990150194441
20
1090.5
30
1719.9999996647239
11
-1817.990150194441
21
1090.5
31
1749.9999996647239
0
LINE
5
D4E8
330
CFF3
100
AcDbEntity
100
AcDbLine
8
EKP_TURK_TELEKOM_RRU
10
-1806.2151501132296
20
1075.5
30
1719.9999996647239
11
-1617.8151488138485
21
1075.5
31
1719.9999996647239
0
LINE
5
D4E9
330
CFF3
100
AcDbEntity
100
AcDbLine
8
EKP_TURK_TELEKOM_RRU
10
-1712.015149463539
20
1047.4999998807907
30
1719.9999996647239
11
-1712.015149463539
21
1103.5000001192093
31
1719.9999996647239
0
TEXT
5
D4EA
330
CFF3
100
AcDbEntity
100
AcDbText
8
EKP_TURK_TELEKOM_RRU
10
-1712.015149463539
20
1106.8600001335144
30
0
40
39.20000016689304
1
Turk Telekom NR RRU5818W (#2) (Ust Kot)
50
0
7
STANDARD
72
1
11
-1712.015149463539
21
1106.8600001335144
31
0
100
AcDbText
73
2
0
3DFACE
5
D4EB
330
CFF3
100
AcDbEntity
100
AcDbFace
8
EKP_POI_TASIYICI_SASE
10
-262.51514497828947
20
1425.4999997019765
30
1.1175860237244706e-7
11
437.4848431007817
21
1425.4999997019765
31
1.1175860237244706e-7
12
437.4848431007817
22
2045.5000002980235
32
1.1175860237244706e-7
13
-262.51514497828947
23
2045.5000002980235
33
1.1175860237244706e-7
0
3DFACE
5
D4EC
330
CFF3
100
AcDbEntity
100
AcDbFace
8
EKP_POI_TASIYICI_SASE
10
-262.51514497828947
20
1425.4999997019765
30
100.0000001117586
11
437.4848431007817
21
1425.4999997019765
31
100.0000001117586
12
437.4848431007817
22
2045.5000002980235
32
100.0000001117586
13
-262.51514497828947
23
2045.5000002980235
33
100.0000001117586
0
3DFACE
5
D4ED
330
CFF3
100
AcDbEntity
100
AcDbFace
8
EKP_POI_TASIYICI_SASE
10
-262.51514497828947
20
1425.4999997019765
30
1.1175860237244706e-7
11
437.4848431007817
21
1425.4999997019765
31
1.1175860237244706e-7
12
437.4848431007817
22
1425.4999997019765
32
100.0000001117586
13
-262.51514497828947
23
1425.4999997019765
33
100.0000001117586
0
3DFACE
5
D4EE
330
CFF3
100
AcDbEntity
100
AcDbFace
8
EKP_POI_TASIYICI_SASE
10
-262.51514497828947
20
2045.5000002980235
30
1.1175860237244706e-7
11
437.4848431007817
21
2045.5000002980235
31
1.1175860237244706e-7
12
437.4848431007817
22
2045.5000002980235
32
100.0000001117586
13
-262.51514497828947
23
2045.5000002980235
33
100.0000001117586
0
3DFACE
5
D4EF
330
CFF3
100
AcDbEntity
100
AcDbFace
8
EKP_POI_TASIYICI_SASE
10
-262.51514497828947
20
1425.4999997019765
30
1.1175860237244706e-7
11
-262.51514497828947
21
2045.5000002980235
31
1.1175860237244706e-7
12
-262.51514497828947
22
2045.5000002980235
32
100.0000001117586
13
-262.51514497828947
23
1425.4999997019765
33
100.0000001117586
0
3DFACE
5
D4F0
330
CFF3
100
AcDbEntity
100
AcDbFace
8
EKP_POI_TASIYICI_SASE
10
437.4848431007817
20
1425.4999997019765
30
1.1175860237244706e-7
11
437.4848431007817
21
2045.5000002980235
31
1.1175860237244706e-7
12
437.4848431007817
22
2045.5000002980235
32
100.0000001117586
13
437.4848431007817
23
1425.4999997019765
33
100.0000001117586
0
LINE
5
D4F1
330
CFF3
100
AcDbEntity
100
AcDbLine
8
EKP_POI_TASIYICI_SASE
10
-262.51514497828947
20
1425.4999997019765
30
1.1175860237244706e-7
11
437.4848431007817
21
1425.4999997019765
31
1.1175860237244706e-7
0
LINE
5
D4F2
330
CFF3
100
AcDbEntity
100
AcDbLine
8
EKP_POI_TASIYICI_SASE
10
437.4848431007817
20
1425.4999997019765
30
1.1175860237244706e-7
11
437.4848431007817
21
2045.5000002980235
31
1.1175860237244706e-7
0
LINE
5
D4F3
330
CFF3
100
AcDbEntity
100
AcDbLine
8
EKP_POI_TASIYICI_SASE
10
437.4848431007817
20
2045.5000002980235
30
1.1175860237244706e-7
11
-262.51514497828947
21
2045.5000002980235
31
1.1175860237244706e-7
0
LINE
5
D4F4
330
CFF3
100
AcDbEntity
100
AcDbLine
8
EKP_POI_TASIYICI_SASE
10
-262.51514497828947
20
2045.5000002980235
30
1.1175860237244706e-7
11
-262.51514497828947
21
1425.4999997019765
31
1.1175860237244706e-7
0
LINE
5
D4F5
330
CFF3
100
AcDbEntity
100
AcDbLine
8
EKP_POI_TASIYICI_SASE
10
-262.51514497828947
20
1425.4999997019765
30
100.0000001117586
11
437.4848431007817
21
1425.4999997019765
31
100.0000001117586
0
LINE
5
D4F6
330
CFF3
100
AcDbEntity
100
AcDbLine
8
EKP_POI_TASIYICI_SASE
10
437.4848431007817
20
1425.4999997019765
30
100.0000001117586
11
437.4848431007817
21
2045.5000002980235
31
100.0000001117586
0
LINE
5
D4F7
330
CFF3
100
AcDbEntity
100
AcDbLine
8
EKP_POI_TASIYICI_SASE
10
437.4848431007817
20
2045.5000002980235
30
100.0000001117586
11
-262.51514497828947
21
2045.5000002980235
31
100.0000001117586
0
LINE
5
D4F8
330
CFF3
100
AcDbEntity
100
AcDbLine
8
EKP_POI_TASIYICI_SASE
10
-262.51514497828947
20
2045.5000002980235
30
100.0000001117586
11
-262.51514497828947
21
1425.4999997019765
31
100.0000001117586
0
LINE
5
D4F9
330
CFF3
100
AcDbEntity
100
AcDbLine
8
EKP_POI_TASIYICI_SASE
10
-262.51514497828947
20
1425.4999997019765
30
1.1175860237244706e-7
11
-262.51514497828947
21
1425.4999997019765
31
100.0000001117586
0
LINE
5
D4FA
330
CFF3
100
AcDbEntity
100
AcDbLine
8
EKP_POI_TASIYICI_SASE
10
437.4848431007817
20
1425.4999997019765
30
1.1175860237244706e-7
11
437.4848431007817
21
1425.4999997019765
31
100.0000001117586
0
LINE
5
D4FB
330
CFF3
100
AcDbEntity
100
AcDbLine
8
EKP_POI_TASIYICI_SASE
10
437.4848431007817
20
2045.5000002980235
30
1.1175860237244706e-7
11
437.4848431007817
21
2045.5000002980235
31
100.0000001117586
0
LINE
5
D4FC
330
CFF3
100
AcDbEntity
100
AcDbLine
8
EKP_POI_TASIYICI_SASE
10
-262.51514497828947
20
2045.5000002980235
30
1.1175860237244706e-7
11
-262.51514497828947
21
2045.5000002980235
31
100.0000001117586
0
3DFACE
5
D4FD
330
CFF3
100
AcDbEntity
100
AcDbFace
8
EKP_POI_TASIYICI_SASE
10
-262.51514497828947
20
1425.4999997019765
30
100.0000001117586
11
-202.51514497828947
21
1425.4999997019765
31
100.0000001117586
12
-202.51514497828947
22
1485.4999997019765
32
100.0000001117586
13
-262.51514497828947
23
1485.4999997019765
33
100.0000001117586
0
3DFACE
5
D4FE
330
CFF3
100
AcDbEntity
100
AcDbFace
8
EKP_POI_TASIYICI_SASE
10
-262.51514497828947
20
1425.4999997019765
30
1720.0000095367432
11
-202.51514497828947
21
1425.4999997019765
31
1720.0000095367432
12
-202.51514497828947
22
1485.4999997019765
32
1720.0000095367432
13
-262.51514497828947
23
1485.4999997019765
33
1720.0000095367432
0
3DFACE
5
D4FF
330
CFF3
100
AcDbEntity
100
AcDbFace
8
EKP_POI_TASIYICI_SASE
10
-262.51514497828947
20
1425.4999997019765
30
100.0000001117586
11
-202.51514497828947
21
1425.4999997019765
31
100.0000001117586
12
-202.51514497828947
22
1425.4999997019765
32
1720.0000095367432
13
-262.51514497828947
23
1425.4999997019765
33
1720.0000095367432
0
3DFACE
5
D500
330
CFF3
100
AcDbEntity
100
AcDbFace
8
EKP_POI_TASIYICI_SASE
10
-262.51514497828947
20
1485.4999997019765
30
100.0000001117586
11
-202.51514497828947
21
1485.4999997019765
31
100.0000001117586
12
-202.51514497828947
22
1485.4999997019765
32
1720.0000095367432
13
-262.51514497828947
23
1485.4999997019765
33
1720.0000095367432
0
3DFACE
5
D501
330
CFF3
100
AcDbEntity
100
AcDbFace
8
EKP_POI_TASIYICI_SASE
10
-262.51514497828947
20
1425.4999997019765
30
100.0000001117586
11
-262.51514497828947
21
1485.4999997019765
31
100.0000001117586
12
-262.51514497828947
22
1485.4999997019765
32
1720.0000095367432
13
-262.51514497828947
23
1425.4999997019765
33
1720.0000095367432
0
3DFACE
5
D502
330
CFF3
100
AcDbEntity
100
AcDbFace
8
EKP_POI_TASIYICI_SASE
10
-202.51514497828947
20
1425.4999997019765
30
100.0000001117586
11
-202.51514497828947
21
1485.4999997019765
31
100.0000001117586
12
-202.51514497828947
22
1485.4999997019765
32
1720.0000095367432
13
-202.51514497828947
23
1425.4999997019765
33
1720.0000095367432
0
LINE
5
D503
330
CFF3
100
AcDbEntity
100
AcDbLine
8
EKP_POI_TASIYICI_SASE
10
-262.51514497828947
20
1425.4999997019765
30
100.0000001117586
11
-202.51514497828947
21
1425.4999997019765
31
100.0000001117586
0
LINE
5
D504
330
CFF3
100
AcDbEntity
100
AcDbLine
8
EKP_POI_TASIYICI_SASE
10
-202.51514497828947
20
1425.4999997019765
30
100.0000001117586
11
-202.51514497828947
21
1485.4999997019765
31
100.0000001117586
0
LINE
5
D505
330
CFF3
100
AcDbEntity
100
AcDbLine
8
EKP_POI_TASIYICI_SASE
10
-202.51514497828947
20
1485.4999997019765
30
100.0000001117586
11
-262.51514497828947
21
1485.4999997019765
31
100.0000001117586
0
LINE
5
D506
330
CFF3
100
AcDbEntity
100
AcDbLine
8
EKP_POI_TASIYICI_SASE
10
-262.51514497828947
20
1485.4999997019765
30
100.0000001117586
11
-262.51514497828947
21
1425.4999997019765
31
100.0000001117586
0
LINE
5
D507
330
CFF3
100
AcDbEntity
100
AcDbLine
8
EKP_POI_TASIYICI_SASE
10
-262.51514497828947
20
1425.4999997019765
30
1720.0000095367432
11
-202.51514497828947
21
1425.4999997019765
31
1720.0000095367432
0
LINE
5
D508
330
CFF3
100
AcDbEntity
100
AcDbLine
8
EKP_POI_TASIYICI_SASE
10
-202.51514497828947
20
1425.4999997019765
30
1720.0000095367432
11
-202.51514497828947
21
1485.4999997019765
31
1720.0000095367432
0
LINE
5
D509
330
CFF3
100
AcDbEntity
100
AcDbLine
8
EKP_POI_TASIYICI_SASE
10
-202.51514497828947
20
1485.4999997019765
30
1720.0000095367432
11
-262.51514497828947
21
1485.4999997019765
31
1720.0000095367432
0
LINE
5
D50A
330
CFF3
100
AcDbEntity
100
AcDbLine
8
EKP_POI_TASIYICI_SASE
10
-262.51514497828947
20
1485.4999997019765
30
1720.0000095367432
11
-262.51514497828947
21
1425.4999997019765
31
1720.0000095367432
0
LINE
5
D50B
330
CFF3
100
AcDbEntity
100
AcDbLine
8
EKP_POI_TASIYICI_SASE
10
-262.51514497828947
20
1425.4999997019765
30
100.0000001117586
11
-262.51514497828947
21
1425.4999997019765
31
1720.0000095367432
0
LINE
5
D50C
330
CFF3
100
AcDbEntity
100
AcDbLine
8
EKP_POI_TASIYICI_SASE
10
-202.51514497828947
20
1425.4999997019765
30
100.0000001117586
11
-202.51514497828947
21
1425.4999997019765
31
1720.0000095367432
0
LINE
5
D50D
330
CFF3
100
AcDbEntity
100
AcDbLine
8
EKP_POI_TASIYICI_SASE
10
-202.51514497828947
20
1485.4999997019765
30
100.0000001117586
11
-202.51514497828947
21
1485.4999997019765
31
1720.0000095367432
0
LINE
5
D50E
330
CFF3
100
AcDbEntity
100
AcDbLine
8
EKP_POI_TASIYICI_SASE
10
-262.51514497828947
20
1485.4999997019765
30
100.0000001117586
11
-262.51514497828947
21
1485.4999997019765
31
1720.0000095367432
0
3DFACE
5
D50F
330
CFF3
100
AcDbEntity
100
AcDbFace
8
EKP_POI_TASIYICI_SASE
10
377.4848431007817
20
1425.4999997019765
30
100.0000001117586
11
437.4848431007817
21
1425.4999997019765
31
100.0000001117586
12
437.4848431007817
22
1485.4999997019765
32
100.0000001117586
13
377.4848431007817
23
1485.4999997019765
33
100.0000001117586
0
3DFACE
5
D510
330
CFF3
100
AcDbEntity
100
AcDbFace
8
EKP_POI_TASIYICI_SASE
10
377.4848431007817
20
1425.4999997019765
30
1720.0000095367432
11
437.4848431007817
21
1425.4999997019765
31
1720.0000095367432
12
437.4848431007817
22
1485.4999997019765
32
1720.0000095367432
13
377.4848431007817
23
1485.4999997019765
33
1720.0000095367432
0
3DFACE
5
D511
330
CFF3
100
AcDbEntity
100
AcDbFace
8
EKP_POI_TASIYICI_SASE
10
377.4848431007817
20
1425.4999997019765
30
100.0000001117586
11
437.4848431007817
21
1425.4999997019765
31
100.0000001117586
12
437.4848431007817
22
1425.4999997019765
32
1720.0000095367432
13
377.4848431007817
23
1425.4999997019765
33
1720.0000095367432
0
3DFACE
5
D512
330
CFF3
100
AcDbEntity
100
AcDbFace
8
EKP_POI_TASIYICI_SASE
10
377.4848431007817
20
1485.4999997019765
30
100.0000001117586
11
437.4848431007817
21
1485.4999997019765
31
100.0000001117586
12
437.4848431007817
22
1485.4999997019765
32
1720.0000095367432
13
377.4848431007817
23
1485.4999997019765
33
1720.0000095367432
0
3DFACE
5
D513
330
CFF3
100
AcDbEntity
100
AcDbFace
8
EKP_POI_TASIYICI_SASE
10
377.4848431007817
20
1425.4999997019765
30
100.0000001117586
11
377.4848431007817
21
1485.4999997019765
31
100.0000001117586
12
377.4848431007817
22
1485.4999997019765
32
1720.0000095367432
13
377.4848431007817
23
1425.4999997019765
33
1720.0000095367432
0
3DFACE
5
D514
330
CFF3
100
AcDbEntity
100
AcDbFace
8
EKP_POI_TASIYICI_SASE
10
437.4848431007817
20
1425.4999997019765
30
100.0000001117586
11
437.4848431007817
21
1485.4999997019765
31
100.0000001117586
12
437.4848431007817
22
1485.4999997019765
32
1720.0000095367432
13
437.4848431007817
23
1425.4999997019765
33
1720.0000095367432
0
LINE
5
D515
330
CFF3
100
AcDbEntity
100
AcDbLine
8
EKP_POI_TASIYICI_SASE
10
377.4848431007817
20
1425.4999997019765
30
100.0000001117586
11
437.4848431007817
21
1425.4999997019765
31
100.0000001117586
0
LINE
5
D516
330
CFF3
100
AcDbEntity
100
AcDbLine
8
EKP_POI_TASIYICI_SASE
10
437.4848431007817
20
1425.4999997019765
30
100.0000001117586
11
437.4848431007817
21
1485.4999997019765
31
100.0000001117586
0
LINE
5
D517
330
CFF3
100
AcDbEntity
100
AcDbLine
8
EKP_POI_TASIYICI_SASE
10
437.4848431007817
20
1485.4999997019765
30
100.0000001117586
11
377.4848431007817
21
1485.4999997019765
31
100.0000001117586
0
LINE
5
D518
330
CFF3
100
AcDbEntity
100
AcDbLine
8
EKP_POI_TASIYICI_SASE
10
377.4848431007817
20
1485.4999997019765
30
100.0000001117586
11
377.4848431007817
21
1425.4999997019765
31
100.0000001117586
0
LINE
5
D519
330
CFF3
100
AcDbEntity
100
AcDbLine
8
EKP_POI_TASIYICI_SASE
10
377.4848431007817
20
1425.4999997019765
30
1720.0000095367432
11
437.4848431007817
21
1425.4999997019765
31
1720.0000095367432
0
LINE
5
D51A
330
CFF3
100
AcDbEntity
100
AcDbLine
8
EKP_POI_TASIYICI_SASE
10
437.4848431007817
20
1425.4999997019765
30
1720.0000095367432
11
437.4848431007817
21
1485.4999997019765
31
1720.0000095367432
0
LINE
5
D51B
330
CFF3
100
AcDbEntity
100
AcDbLine
8
EKP_POI_TASIYICI_SASE
10
437.4848431007817
20
1485.4999997019765
30
1720.0000095367432
11
377.4848431007817
21
1485.4999997019765
31
1720.0000095367432
0
LINE
5
D51C
330
CFF3
100
AcDbEntity
100
AcDbLine
8
EKP_POI_TASIYICI_SASE
10
377.4848431007817
20
1485.4999997019765
30
1720.0000095367432
11
377.4848431007817
21
1425.4999997019765
31
1720.0000095367432
0
LINE
5
D51D
330
CFF3
100
AcDbEntity
100
AcDbLine
8
EKP_POI_TASIYICI_SASE
10
377.4848431007817
20
1425.4999997019765
30
100.0000001117586
11
377.4848431007817
21
1425.4999997019765
31
1720.0000095367432
0
LINE
5
D51E
330
CFF3
100
AcDbEntity
100
AcDbLine
8
EKP_POI_TASIYICI_SASE
10
437.4848431007817
20
1425.4999997019765
30
100.0000001117586
11
437.4848431007817
21
1425.4999997019765
31
1720.0000095367432
0
LINE
5
D51F
330
CFF3
100
AcDbEntity
100
AcDbLine
8
EKP_POI_TASIYICI_SASE
10
437.4848431007817
20
1485.4999997019765
30
100.0000001117586
11
437.4848431007817
21
1485.4999997019765
31
1720.0000095367432
0
LINE
5
D520
330
CFF3
100
AcDbEntity
100
AcDbLine
8
EKP_POI_TASIYICI_SASE
10
377.4848431007817
20
1485.4999997019765
30
100.0000001117586
11
377.4848431007817
21
1485.4999997019765
31
1720.0000095367432
0
3DFACE
5
D521
330
CFF3
100
AcDbEntity
100
AcDbFace
8
EKP_POI_TASIYICI_SASE
10
-262.51514497828947
20
1985.5000002980235
30
100.0000001117586
11
-202.51514497828947
21
1985.5000002980235
31
100.0000001117586
12
-202.51514497828947
22
2045.5000002980235
32
100.0000001117586
13
-262.51514497828947
23
2045.5000002980235
33
100.0000001117586
0
3DFACE
5
D522
330
CFF3
100
AcDbEntity
100
AcDbFace
8
EKP_POI_TASIYICI_SASE
10
-262.51514497828947
20
1985.5000002980235
30
1720.0000095367432
11
-202.51514497828947
21
1985.5000002980235
31
1720.0000095367432
12
-202.51514497828947
22
2045.5000002980235
32
1720.0000095367432
13
-262.51514497828947
23
2045.5000002980235
33
1720.0000095367432
0
3DFACE
5
D523
330
CFF3
100
AcDbEntity
100
AcDbFace
8
EKP_POI_TASIYICI_SASE
10
-262.51514497828947
20
1985.5000002980235
30
100.0000001117586
11
-202.51514497828947
21
1985.5000002980235
31
100.0000001117586
12
-202.51514497828947
22
1985.5000002980235
32
1720.0000095367432
13
-262.51514497828947
23
1985.5000002980235
33
1720.0000095367432
0
3DFACE
5
D524
330
CFF3
100
AcDbEntity
100
AcDbFace
8
EKP_POI_TASIYICI_SASE
10
-262.51514497828947
20
2045.5000002980235
30
100.0000001117586
11
-202.51514497828947
21
2045.5000002980235
31
100.0000001117586
12
-202.51514497828947
22
2045.5000002980235
32
1720.0000095367432
13
-262.51514497828947
23
2045.5000002980235
33
1720.0000095367432
0
3DFACE
5
D525
330
CFF3
100
AcDbEntity
100
AcDbFace
8
EKP_POI_TASIYICI_SASE
10
-262.51514497828947
20
1985.5000002980235
30
100.0000001117586
11
-262.51514497828947
21
2045.5000002980235
31
100.0000001117586
12
-262.51514497828947
22
2045.5000002980235
32
1720.0000095367432
13
-262.51514497828947
23
1985.5000002980235
33
1720.0000095367432
0
3DFACE
5
D526
330
CFF3
100
AcDbEntity
100
AcDbFace
8
EKP_POI_TASIYICI_SASE
10
-202.51514497828947
20
1985.5000002980235
30
100.0000001117586
11
-202.51514497828947
21
2045.5000002980235
31
100.0000001117586
12
-202.51514497828947
22
2045.5000002980235
32
1720.0000095367432
13
-202.51514497828947
23
1985.5000002980235
33
1720.0000095367432
0
LINE
5
D527
330
CFF3
100
AcDbEntity
100
AcDbLine
8
EKP_POI_TASIYICI_SASE
10
-262.51514497828947
20
1985.5000002980235
30
100.0000001117586
11
-202.51514497828947
21
1985.5000002980235
31
100.0000001117586
0
LINE
5
D528
330
CFF3
100
AcDbEntity
100
AcDbLine
8
EKP_POI_TASIYICI_SASE
10
-202.51514497828947
20
1985.5000002980235
30
100.0000001117586
11
-202.51514497828947
21
2045.5000002980235
31
100.0000001117586
0
LINE
5
D529
330
CFF3
100
AcDbEntity
100
AcDbLine
8
EKP_POI_TASIYICI_SASE
10
-202.51514497828947
20
2045.5000002980235
30
100.0000001117586
11
-262.51514497828947
21
2045.5000002980235
31
100.0000001117586
0
LINE
5
D52A
330
CFF3
100
AcDbEntity
100
AcDbLine
8
EKP_POI_TASIYICI_SASE
10
-262.51514497828947
20
2045.5000002980235
30
100.0000001117586
11
-262.51514497828947
21
1985.5000002980235
31
100.0000001117586
0
LINE
5
D52B
330
CFF3
100
AcDbEntity
100
AcDbLine
8
EKP_POI_TASIYICI_SASE
10
-262.51514497828947
20
1985.5000002980235
30
1720.0000095367432
11
-202.51514497828947
21
1985.5000002980235
31
1720.0000095367432
0
LINE
5
D52C
330
CFF3
100
AcDbEntity
100
AcDbLine
8
EKP_POI_TASIYICI_SASE
10
-202.51514497828947
20
1985.5000002980235
30
1720.0000095367432
11
-202.51514497828947
21
2045.5000002980235
31
1720.0000095367432
0
LINE
5
D52D
330
CFF3
100
AcDbEntity
100
AcDbLine
8
EKP_POI_TASIYICI_SASE
10
-202.51514497828947
20
2045.5000002980235
30
1720.0000095367432
11
-262.51514497828947
21
2045.5000002980235
31
1720.0000095367432
0
LINE
5
D52E
330
CFF3
100
AcDbEntity
100
AcDbLine
8
EKP_POI_TASIYICI_SASE
10
-262.51514497828947
20
2045.5000002980235
30
1720.0000095367432
11
-262.51514497828947
21
1985.5000002980235
31
1720.0000095367432
0
LINE
5
D52F
330
CFF3
100
AcDbEntity
100
AcDbLine
8
EKP_POI_TASIYICI_SASE
10
-262.51514497828947
20
1985.5000002980235
30
100.0000001117586
11
-262.51514497828947
21
1985.5000002980235
31
1720.0000095367432
0
LINE
5
D530
330
CFF3
100
AcDbEntity
100
AcDbLine
8
EKP_POI_TASIYICI_SASE
10
-202.51514497828947
20
1985.5000002980235
30
100.0000001117586
11
-202.51514497828947
21
1985.5000002980235
31
1720.0000095367432
0
LINE
5
D531
330
CFF3
100
AcDbEntity
100
AcDbLine
8
EKP_POI_TASIYICI_SASE
10
-202.51514497828947
20
2045.5000002980235
30
100.0000001117586
11
-202.51514497828947
21
2045.5000002980235
31
1720.0000095367432
0
LINE
5
D532
330
CFF3
100
AcDbEntity
100
AcDbLine
8
EKP_POI_TASIYICI_SASE
10
-262.51514497828947
20
2045.5000002980235
30
100.0000001117586
11
-262.51514497828947
21
2045.5000002980235
31
1720.0000095367432
0
3DFACE
5
D533
330
CFF3
100
AcDbEntity
100
AcDbFace
8
EKP_POI_TASIYICI_SASE
10
377.4848431007817
20
1985.5000002980235
30
100.0000001117586
11
437.4848431007817
21
1985.5000002980235
31
100.0000001117586
12
437.4848431007817
22
2045.5000002980235
32
100.0000001117586
13
377.4848431007817
23
2045.5000002980235
33
100.0000001117586
0
3DFACE
5
D534
330
CFF3
100
AcDbEntity
100
AcDbFace
8
EKP_POI_TASIYICI_SASE
10
377.4848431007817
20
1985.5000002980235
30
1720.0000095367432
11
437.4848431007817
21
1985.5000002980235
31
1720.0000095367432
12
437.4848431007817
22
2045.5000002980235
32
1720.0000095367432
13
377.4848431007817
23
2045.5000002980235
33
1720.0000095367432
0
3DFACE
5
D535
330
CFF3
100
AcDbEntity
100
AcDbFace
8
EKP_POI_TASIYICI_SASE
10
377.4848431007817
20
1985.5000002980235
30
100.0000001117586
11
437.4848431007817
21
1985.5000002980235
31
100.0000001117586
12
437.4848431007817
22
1985.5000002980235
32
1720.0000095367432
13
377.4848431007817
23
1985.5000002980235
33
1720.0000095367432
0
3DFACE
5
D536
330
CFF3
100
AcDbEntity
100
AcDbFace
8
EKP_POI_TASIYICI_SASE
10
377.4848431007817
20
2045.5000002980235
30
100.0000001117586
11
437.4848431007817
21
2045.5000002980235
31
100.0000001117586
12
437.4848431007817
22
2045.5000002980235
32
1720.0000095367432
13
377.4848431007817
23
2045.5000002980235
33
1720.0000095367432
0
3DFACE
5
D537
330
CFF3
100
AcDbEntity
100
AcDbFace
8
EKP_POI_TASIYICI_SASE
10
377.4848431007817
20
1985.5000002980235
30
100.0000001117586
11
377.4848431007817
21
2045.5000002980235
31
100.0000001117586
12
377.4848431007817
22
2045.5000002980235
32
1720.0000095367432
13
377.4848431007817
23
1985.5000002980235
33
1720.0000095367432
0
3DFACE
5
D538
330
CFF3
100
AcDbEntity
100
AcDbFace
8
EKP_POI_TASIYICI_SASE
10
437.4848431007817
20
1985.5000002980235
30
100.0000001117586
11
437.4848431007817
21
2045.5000002980235
31
100.0000001117586
12
437.4848431007817
22
2045.5000002980235
32
1720.0000095367432
13
437.4848431007817
23
1985.5000002980235
33
1720.0000095367432
0
LINE
5
D539
330
CFF3
100
AcDbEntity
100
AcDbLine
8
EKP_POI_TASIYICI_SASE
10
377.4848431007817
20
1985.5000002980235
30
100.0000001117586
11
437.4848431007817
21
1985.5000002980235
31
100.0000001117586
0
LINE
5
D53A
330
CFF3
100
AcDbEntity
100
AcDbLine
8
EKP_POI_TASIYICI_SASE
10
437.4848431007817
20
1985.5000002980235
30
100.0000001117586
11
437.4848431007817
21
2045.5000002980235
31
100.0000001117586
0
LINE
5
D53B
330
CFF3
100
AcDbEntity
100
AcDbLine
8
EKP_POI_TASIYICI_SASE
10
437.4848431007817
20
2045.5000002980235
30
100.0000001117586
11
377.4848431007817
21
2045.5000002980235
31
100.0000001117586
0
LINE
5
D53C
330
CFF3
100
AcDbEntity
100
AcDbLine
8
EKP_POI_TASIYICI_SASE
10
377.4848431007817
20
2045.5000002980235
30
100.0000001117586
11
377.4848431007817
21
1985.5000002980235
31
100.0000001117586
0
LINE
5
D53D
330
CFF3
100
AcDbEntity
100
AcDbLine
8
EKP_POI_TASIYICI_SASE
10
377.4848431007817
20
1985.5000002980235
30
1720.0000095367432
11
437.4848431007817
21
1985.5000002980235
31
1720.0000095367432
0
LINE
5
D53E
330
CFF3
100
AcDbEntity
100
AcDbLine
8
EKP_POI_TASIYICI_SASE
10
437.4848431007817
20
1985.5000002980235
30
1720.0000095367432
11
437.4848431007817
21
2045.5000002980235
31
1720.0000095367432
0
LINE
5
D53F
330
CFF3
100
AcDbEntity
100
AcDbLine
8
EKP_POI_TASIYICI_SASE
10
437.4848431007817
20
2045.5000002980235
30
1720.0000095367432
11
377.4848431007817
21
2045.5000002980235
31
1720.0000095367432
0
LINE
5
D540
330
CFF3
100
AcDbEntity
100
AcDbLine
8
EKP_POI_TASIYICI_SASE
10
377.4848431007817
20
2045.5000002980235
30
1720.0000095367432
11
377.4848431007817
21
1985.5000002980235
31
1720.0000095367432
0
LINE
5
D541
330
CFF3
100
AcDbEntity
100
AcDbLine
8
EKP_POI_TASIYICI_SASE
10
377.4848431007817
20
1985.5000002980235
30
100.0000001117586
11
377.4848431007817
21
1985.5000002980235
31
1720.0000095367432
0
LINE
5
D542
330
CFF3
100
AcDbEntity
100
AcDbLine
8
EKP_POI_TASIYICI_SASE
10
437.4848431007817
20
1985.5000002980235
30
100.0000001117586
11
437.4848431007817
21
1985.5000002980235
31
1720.0000095367432
0
LINE
5
D543
330
CFF3
100
AcDbEntity
100
AcDbLine
8
EKP_POI_TASIYICI_SASE
10
437.4848431007817
20
2045.5000002980235
30
100.0000001117586
11
437.4848431007817
21
2045.5000002980235
31
1720.0000095367432
0
LINE
5
D544
330
CFF3
100
AcDbEntity
100
AcDbLine
8
EKP_POI_TASIYICI_SASE
10
377.4848431007817
20
2045.5000002980235
30
100.0000001117586
11
377.4848431007817
21
2045.5000002980235
31
1720.0000095367432
0
3DFACE
5
D545
330
CFF3
100
AcDbEntity
100
AcDbFace
8
EKP_POI_TASIYICI_SASE
10
-262.51514497828947
20
1425.4999997019765
30
1720.0000095367432
11
437.4848431007817
21
1425.4999997019765
31
1720.0000095367432
12
437.4848431007817
22
2045.5000002980235
32
1720.0000095367432
13
-262.51514497828947
23
2045.5000002980235
33
1720.0000095367432
0
3DFACE
5
D546
330
CFF3
100
AcDbEntity
100
AcDbFace
8
EKP_POI_TASIYICI_SASE
10
-262.51514497828947
20
1425.4999997019765
30
1780.0000095367432
11
437.4848431007817
21
1425.4999997019765
31
1780.0000095367432
12
437.4848431007817
22
2045.5000002980235
32
1780.0000095367432
13
-262.51514497828947
23
2045.5000002980235
33
1780.0000095367432
0
3DFACE
5
D547
330
CFF3
100
AcDbEntity
100
AcDbFace
8
EKP_POI_TASIYICI_SASE
10
-262.51514497828947
20
1425.4999997019765
30
1720.0000095367432
11
437.4848431007817
21
1425.4999997019765
31
1720.0000095367432
12
437.4848431007817
22
1425.4999997019765
32
1780.0000095367432
13
-262.51514497828947
23
1425.4999997019765
33
1780.0000095367432
0
3DFACE
5
D548
330
CFF3
100
AcDbEntity
100
AcDbFace
8
EKP_POI_TASIYICI_SASE
10
-262.51514497828947
20
2045.5000002980235
30
1720.0000095367432
11
437.4848431007817
21
2045.5000002980235
31
1720.0000095367432
12
437.4848431007817
22
2045.5000002980235
32
1780.0000095367432
13
-262.51514497828947
23
2045.5000002980235
33
1780.0000095367432
0
3DFACE
5
D549
330
CFF3
100
AcDbEntity
100
AcDbFace
8
EKP_POI_TASIYICI_SASE
10
-262.51514497828947
20
1425.4999997019765
30
1720.0000095367432
11
-262.51514497828947
21
2045.5000002980235
31
1720.0000095367432
12
-262.51514497828947
22
2045.5000002980235
32
1780.0000095367432
13
-262.51514497828947
23
1425.4999997019765
33
1780.0000095367432
0
3DFACE
5
D54A
330
CFF3
100
AcDbEntity
100
AcDbFace
8
EKP_POI_TASIYICI_SASE
10
437.4848431007817
20
1425.4999997019765
30
1720.0000095367432
11
437.4848431007817
21
2045.5000002980235
31
1720.0000095367432
12
437.4848431007817
22
2045.5000002980235
32
1780.0000095367432
13
437.4848431007817
23
1425.4999997019765
33
1780.0000095367432
0
LINE
5
D54B
330
CFF3
100
AcDbEntity
100
AcDbLine
8
EKP_POI_TASIYICI_SASE
10
-262.51514497828947
20
1425.4999997019765
30
1720.0000095367432
11
437.4848431007817
21
1425.4999997019765
31
1720.0000095367432
0
LINE
5
D54C
330
CFF3
100
AcDbEntity
100
AcDbLine
8
EKP_POI_TASIYICI_SASE
10
437.4848431007817
20
1425.4999997019765
30
1720.0000095367432
11
437.4848431007817
21
2045.5000002980235
31
1720.0000095367432
0
LINE
5
D54D
330
CFF3
100
AcDbEntity
100
AcDbLine
8
EKP_POI_TASIYICI_SASE
10
437.4848431007817
20
2045.5000002980235
30
1720.0000095367432
11
-262.51514497828947
21
2045.5000002980235
31
1720.0000095367432
0
LINE
5
D54E
330
CFF3
100
AcDbEntity
100
AcDbLine
8
EKP_POI_TASIYICI_SASE
10
-262.51514497828947
20
2045.5000002980235
30
1720.0000095367432
11
-262.51514497828947
21
1425.4999997019765
31
1720.0000095367432
0
LINE
5
D54F
330
CFF3
100
AcDbEntity
100
AcDbLine
8
EKP_POI_TASIYICI_SASE
10
-262.51514497828947
20
1425.4999997019765
30
1780.0000095367432
11
437.4848431007817
21
1425.4999997019765
31
1780.0000095367432
0
LINE
5
D550
330
CFF3
100
AcDbEntity
100
AcDbLine
8
EKP_POI_TASIYICI_SASE
10
437.4848431007817
20
1425.4999997019765
30
1780.0000095367432
11
437.4848431007817
21
2045.5000002980235
31
1780.0000095367432
0
LINE
5
D551
330
CFF3
100
AcDbEntity
100
AcDbLine
8
EKP_POI_TASIYICI_SASE
10
437.4848431007817
20
2045.5000002980235
30
1780.0000095367432
11
-262.51514497828947
21
2045.5000002980235
31
1780.0000095367432
0
LINE
5
D552
330
CFF3
100
AcDbEntity
100
AcDbLine
8
EKP_POI_TASIYICI_SASE
10
-262.51514497828947
20
2045.5000002980235
30
1780.0000095367432
11
-262.51514497828947
21
1425.4999997019765
31
1780.0000095367432
0
LINE
5
D553
330
CFF3
100
AcDbEntity
100
AcDbLine
8
EKP_POI_TASIYICI_SASE
10
-262.51514497828947
20
1425.4999997019765
30
1720.0000095367432
11
-262.51514497828947
21
1425.4999997019765
31
1780.0000095367432
0
LINE
5
D554
330
CFF3
100
AcDbEntity
100
AcDbLine
8
EKP_POI_TASIYICI_SASE
10
437.4848431007817
20
1425.4999997019765
30
1720.0000095367432
11
437.4848431007817
21
1425.4999997019765
31
1780.0000095367432
0
LINE
5
D555
330
CFF3
100
AcDbEntity
100
AcDbLine
8
EKP_POI_TASIYICI_SASE
10
437.4848431007817
20
2045.5000002980235
30
1720.0000095367432
11
437.4848431007817
21
2045.5000002980235
31
1780.0000095367432
0
LINE
5
D556
330
CFF3
100
AcDbEntity
100
AcDbLine
8
EKP_POI_TASIYICI_SASE
10
-262.51514497828947
20
2045.5000002980235
30
1720.0000095367432
11
-262.51514497828947
21
2045.5000002980235
31
1780.0000095367432
0
3DFACE
5
D557
330
CFF3
100
AcDbEntity
100
AcDbFace
8
EKP_POI_TASIYICI_SASE
10
-262.51514497828947
20
1485.4999997019765
30
140.0000001117586
11
-202.51514497828947
21
1485.4999997019765
31
140.0000001117586
12
-202.51514497828947
22
1985.5000002980235
32
140.0000001117586
13
-262.51514497828947
23
1985.5000002980235
33
140.0000001117586
0
3DFACE
5
D558
330
CFF3
100
AcDbEntity
100
AcDbFace
8
EKP_POI_TASIYICI_SASE
10
-262.51514497828947
20
1485.4999997019765
30
180.0000001117586
11
-202.51514497828947
21
1485.4999997019765
31
180.0000001117586
12
-202.51514497828947
22
1985.5000002980235
32
180.0000001117586
13
-262.51514497828947
23
1985.5000002980235
33
180.0000001117586
0
3DFACE
5
D559
330
CFF3
100
AcDbEntity
100
AcDbFace
8
EKP_POI_TASIYICI_SASE
10
-262.51514497828947
20
1485.4999997019765
30
140.0000001117586
11
-202.51514497828947
21
1485.4999997019765
31
140.0000001117586
12
-202.51514497828947
22
1485.4999997019765
32
180.0000001117586
13
-262.51514497828947
23
1485.4999997019765
33
180.0000001117586
0
3DFACE
5
D55A
330
CFF3
100
AcDbEntity
100
AcDbFace
8
EKP_POI_TASIYICI_SASE
10
-262.51514497828947
20
1985.5000002980235
30
140.0000001117586
11
-202.51514497828947
21
1985.5000002980235
31
140.0000001117586
12
-202.51514497828947
22
1985.5000002980235
32
180.0000001117586
13
-262.51514497828947
23
1985.5000002980235
33
180.0000001117586
0
3DFACE
5
D55B
330
CFF3
100
AcDbEntity
100
AcDbFace
8
EKP_POI_TASIYICI_SASE
10
-262.51514497828947
20
1485.4999997019765
30
140.0000001117586
11
-262.51514497828947
21
1985.5000002980235
31
140.0000001117586
12
-262.51514497828947
22
1985.5000002980235
32
180.0000001117586
13
-262.51514497828947
23
1485.4999997019765
33
180.0000001117586
0
3DFACE
5
D55C
330
CFF3
100
AcDbEntity
100
AcDbFace
8
EKP_POI_TASIYICI_SASE
10
-202.51514497828947
20
1485.4999997019765
30
140.0000001117586
11
-202.51514497828947
21
1985.5000002980235
31
140.0000001117586
12
-202.51514497828947
22
1985.5000002980235
32
180.0000001117586
13
-202.51514497828947
23
1485.4999997019765
33
180.0000001117586
0
LINE
5
D55D
330
CFF3
100
AcDbEntity
100
AcDbLine
8
EKP_POI_TASIYICI_SASE
10
-262.51514497828947
20
1485.4999997019765
30
140.0000001117586
11
-202.51514497828947
21
1485.4999997019765
31
140.0000001117586
0
LINE
5
D55E
330
CFF3
100
AcDbEntity
100
AcDbLine
8
EKP_POI_TASIYICI_SASE
10
-202.51514497828947
20
1485.4999997019765
30
140.0000001117586
11
-202.51514497828947
21
1985.5000002980235
31
140.0000001117586
0
LINE
5
D55F
330
CFF3
100
AcDbEntity
100
AcDbLine
8
EKP_POI_TASIYICI_SASE
10
-202.51514497828947
20
1985.5000002980235
30
140.0000001117586
11
-262.51514497828947
21
1985.5000002980235
31
140.0000001117586
0
LINE
5
D560
330
CFF3
100
AcDbEntity
100
AcDbLine
8
EKP_POI_TASIYICI_SASE
10
-262.51514497828947
20
1985.5000002980235
30
140.0000001117586
11
-262.51514497828947
21
1485.4999997019765
31
140.0000001117586
0
LINE
5
D561
330
CFF3
100
AcDbEntity
100
AcDbLine
8
EKP_POI_TASIYICI_SASE
10
-262.51514497828947
20
1485.4999997019765
30
180.0000001117586
11
-202.51514497828947
21
1485.4999997019765
31
180.0000001117586
0
LINE
5
D562
330
CFF3
100
AcDbEntity
100
AcDbLine
8
EKP_POI_TASIYICI_SASE
10
-202.51514497828947
20
1485.4999997019765
30
180.0000001117586
11
-202.51514497828947
21
1985.5000002980235
31
180.0000001117586
0
LINE
5
D563
330
CFF3
100
AcDbEntity
100
AcDbLine
8
EKP_POI_TASIYICI_SASE
10
-202.51514497828947
20
1985.5000002980235
30
180.0000001117586
11
-262.51514497828947
21
1985.5000002980235
31
180.0000001117586
0
LINE
5
D564
330
CFF3
100
AcDbEntity
100
AcDbLine
8
EKP_POI_TASIYICI_SASE
10
-262.51514497828947
20
1985.5000002980235
30
180.0000001117586
11
-262.51514497828947
21
1485.4999997019765
31
180.0000001117586
0
LINE
5
D565
330
CFF3
100
AcDbEntity
100
AcDbLine
8
EKP_POI_TASIYICI_SASE
10
-262.51514497828947
20
1485.4999997019765
30
140.0000001117586
11
-262.51514497828947
21
1485.4999997019765
31
180.0000001117586
0
LINE
5
D566
330
CFF3
100
AcDbEntity
100
AcDbLine
8
EKP_POI_TASIYICI_SASE
10
-202.51514497828947
20
1485.4999997019765
30
140.0000001117586
11
-202.51514497828947
21
1485.4999997019765
31
180.0000001117586
0
LINE
5
D567
330
CFF3
100
AcDbEntity
100
AcDbLine
8
EKP_POI_TASIYICI_SASE
10
-202.51514497828947
20
1985.5000002980235
30
140.0000001117586
11
-202.51514497828947
21
1985.5000002980235
31
180.0000001117586
0
LINE
5
D568
330
CFF3
100
AcDbEntity
100
AcDbLine
8
EKP_POI_TASIYICI_SASE
10
-262.51514497828947
20
1985.5000002980235
30
140.0000001117586
11
-262.51514497828947
21
1985.5000002980235
31
180.0000001117586
0
3DFACE
5
D569
330
CFF3
100
AcDbEntity
100
AcDbFace
8
EKP_POI_TASIYICI_SASE
10
377.4848431007817
20
1485.4999997019765
30
140.0000001117586
11
437.4848431007817
21
1485.4999997019765
31
140.0000001117586
12
437.4848431007817
22
1985.5000002980235
32
140.0000001117586
13
377.4848431007817
23
1985.5000002980235
33
140.0000001117586
0
3DFACE
5
D56A
330
CFF3
100
AcDbEntity
100
AcDbFace
8
EKP_POI_TASIYICI_SASE
10
377.4848431007817
20
1485.4999997019765
30
180.0000001117586
11
437.4848431007817
21
1485.4999997019765
31
180.0000001117586
12
437.4848431007817
22
1985.5000002980235
32
180.0000001117586
13
377.4848431007817
23
1985.5000002980235
33
180.0000001117586
0
3DFACE
5
D56B
330
CFF3
100
AcDbEntity
100
AcDbFace
8
EKP_POI_TASIYICI_SASE
10
377.4848431007817
20
1485.4999997019765
30
140.0000001117586
11
437.4848431007817
21
1485.4999997019765
31
140.0000001117586
12
437.4848431007817
22
1485.4999997019765
32
180.0000001117586
13
377.4848431007817
23
1485.4999997019765
33
180.0000001117586
0
3DFACE
5
D56C
330
CFF3
100
AcDbEntity
100
AcDbFace
8
EKP_POI_TASIYICI_SASE
10
377.4848431007817
20
1985.5000002980235
30
140.0000001117586
11
437.4848431007817
21
1985.5000002980235
31
140.0000001117586
12
437.4848431007817
22
1985.5000002980235
32
180.0000001117586
13
377.4848431007817
23
1985.5000002980235
33
180.0000001117586
0
3DFACE
5
D56D
330
CFF3
100
AcDbEntity
100
AcDbFace
8
EKP_POI_TASIYICI_SASE
10
377.4848431007817
20
1485.4999997019765
30
140.0000001117586
11
377.4848431007817
21
1985.5000002980235
31
140.0000001117586
12
377.4848431007817
22
1985.5000002980235
32
180.0000001117586
13
377.4848431007817
23
1485.4999997019765
33
180.0000001117586
0
3DFACE
5
D56E
330
CFF3
100
AcDbEntity
100
AcDbFace
8
EKP_POI_TASIYICI_SASE
10
437.4848431007817
20
1485.4999997019765
30
140.0000001117586
11
437.4848431007817
21
1985.5000002980235
31
140.0000001117586
12
437.4848431007817
22
1985.5000002980235
32
180.0000001117586
13
437.4848431007817
23
1485.4999997019765
33
180.0000001117586
0
LINE
5
D56F
330
CFF3
100
AcDbEntity
100
AcDbLine
8
EKP_POI_TASIYICI_SASE
10
377.4848431007817
20
1485.4999997019765
30
140.0000001117586
11
437.4848431007817
21
1485.4999997019765
31
140.0000001117586
0
LINE
5
D570
330
CFF3
100
AcDbEntity
100
AcDbLine
8
EKP_POI_TASIYICI_SASE
10
437.4848431007817
20
1485.4999997019765
30
140.0000001117586
11
437.4848431007817
21
1985.5000002980235
31
140.0000001117586
0
LINE
5
D571
330
CFF3
100
AcDbEntity
100
AcDbLine
8
EKP_POI_TASIYICI_SASE
10
437.4848431007817
20
1985.5000002980235
30
140.0000001117586
11
377.4848431007817
21
1985.5000002980235
31
140.0000001117586
0
LINE
5
D572
330
CFF3
100
AcDbEntity
100
AcDbLine
8
EKP_POI_TASIYICI_SASE
10
377.4848431007817
20
1985.5000002980235
30
140.0000001117586
11
377.4848431007817
21
1485.4999997019765
31
140.0000001117586
0
LINE
5
D573
330
CFF3
100
AcDbEntity
100
AcDbLine
8
EKP_POI_TASIYICI_SASE
10
377.4848431007817
20
1485.4999997019765
30
180.0000001117586
11
437.4848431007817
21
1485.4999997019765
31
180.0000001117586
0
LINE
5
D574
330
CFF3
100
AcDbEntity
100
AcDbLine
8
EKP_POI_TASIYICI_SASE
10
437.4848431007817
20
1485.4999997019765
30
180.0000001117586
11
437.4848431007817
21
1985.5000002980235
31
180.0000001117586
0
LINE
5
D575
330
CFF3
100
AcDbEntity
100
AcDbLine
8
EKP_POI_TASIYICI_SASE
10
437.4848431007817
20
1985.5000002980235
30
180.0000001117586
11
377.4848431007817
21
1985.5000002980235
31
180.0000001117586
0
LINE
5
D576
330
CFF3
100
AcDbEntity
100
AcDbLine
8
EKP_POI_TASIYICI_SASE
10
377.4848431007817
20
1985.5000002980235
30
180.0000001117586
11
377.4848431007817
21
1485.4999997019765
31
180.0000001117586
0
LINE
5
D577
330
CFF3
100
AcDbEntity
100
AcDbLine
8
EKP_POI_TASIYICI_SASE
10
377.4848431007817
20
1485.4999997019765
30
140.0000001117586
11
377.4848431007817
21
1485.4999997019765
31
180.0000001117586
0
LINE
5
D578
330
CFF3
100
AcDbEntity
100
AcDbLine
8
EKP_POI_TASIYICI_SASE
10
437.4848431007817
20
1485.4999997019765
30
140.0000001117586
11
437.4848431007817
21
1485.4999997019765
31
180.0000001117586
0
LINE
5
D579
330
CFF3
100
AcDbEntity
100
AcDbLine
8
EKP_POI_TASIYICI_SASE
10
437.4848431007817
20
1985.5000002980235
30
140.0000001117586
11
437.4848431007817
21
1985.5000002980235
31
180.0000001117586
0
LINE
5
D57A
330
CFF3
100
AcDbEntity
100
AcDbLine
8
EKP_POI_TASIYICI_SASE
10
377.4848431007817
20
1985.5000002980235
30
140.0000001117586
11
377.4848431007817
21
1985.5000002980235
31
180.0000001117586
0
3DFACE
5
D57B
330
CFF3
100
AcDbEntity
100
AcDbFace
8
EKP_POI_TASIYICI_SASE
10
-262.51514497828947
20
1485.4999997019765
30
890.0000048242509
11
-202.51514497828947
21
1485.4999997019765
31
890.0000048242509
12
-202.51514497828947
22
1985.5000002980235
32
890.0000048242509
13
-262.51514497828947
23
1985.5000002980235
33
890.0000048242509
0
3DFACE
5
D57C
330
CFF3
100
AcDbEntity
100
AcDbFace
8
EKP_POI_TASIYICI_SASE
10
-262.51514497828947
20
1485.4999997019765
30
930.0000048242509
11
-202.51514497828947
21
1485.4999997019765
31
930.0000048242509
12
-202.51514497828947
22
1985.5000002980235
32
930.0000048242509
13
-262.51514497828947
23
1985.5000002980235
33
930.0000048242509
0
3DFACE
5
D57D
330
CFF3
100
AcDbEntity
100
AcDbFace
8
EKP_POI_TASIYICI_SASE
10
-262.51514497828947
20
1485.4999997019765
30
890.0000048242509
11
-202.51514497828947
21
1485.4999997019765
31
890.0000048242509
12
-202.51514497828947
22
1485.4999997019765
32
930.0000048242509
13
-262.51514497828947
23
1485.4999997019765
33
930.0000048242509
0
3DFACE
5
D57E
330
CFF3
100
AcDbEntity
100
AcDbFace
8
EKP_POI_TASIYICI_SASE
10
-262.51514497828947
20
1985.5000002980235
30
890.0000048242509
11
-202.51514497828947
21
1985.5000002980235
31
890.0000048242509
12
-202.51514497828947
22
1985.5000002980235
32
930.0000048242509
13
-262.51514497828947
23
1985.5000002980235
33
930.0000048242509
0
3DFACE
5
D57F
330
CFF3
100
AcDbEntity
100
AcDbFace
8
EKP_POI_TASIYICI_SASE
10
-262.51514497828947
20
1485.4999997019765
30
890.0000048242509
11
-262.51514497828947
21
1985.5000002980235
31
890.0000048242509
12
-262.51514497828947
22
1985.5000002980235
32
930.0000048242509
13
-262.51514497828947
23
1485.4999997019765
33
930.0000048242509
0
3DFACE
5
D580
330
CFF3
100
AcDbEntity
100
AcDbFace
8
EKP_POI_TASIYICI_SASE
10
-202.51514497828947
20
1485.4999997019765
30
890.0000048242509
11
-202.51514497828947
21
1985.5000002980235
31
890.0000048242509
12
-202.51514497828947
22
1985.5000002980235
32
930.0000048242509
13
-202.51514497828947
23
1485.4999997019765
33
930.0000048242509
0
LINE
5
D581
330
CFF3
100
AcDbEntity
100
AcDbLine
8
EKP_POI_TASIYICI_SASE
10
-262.51514497828947
20
1485.4999997019765
30
890.0000048242509
11
-202.51514497828947
21
1485.4999997019765
31
890.0000048242509
0
LINE
5
D582
330
CFF3
100
AcDbEntity
100
AcDbLine
8
EKP_POI_TASIYICI_SASE
10
-202.51514497828947
20
1485.4999997019765
30
890.0000048242509
11
-202.51514497828947
21
1985.5000002980235
31
890.0000048242509
0
LINE
5
D583
330
CFF3
100
AcDbEntity
100
AcDbLine
8
EKP_POI_TASIYICI_SASE
10
-202.51514497828947
20
1985.5000002980235
30
890.0000048242509
11
-262.51514497828947
21
1985.5000002980235
31
890.0000048242509
0
LINE
5
D584
330
CFF3
100
AcDbEntity
100
AcDbLine
8
EKP_POI_TASIYICI_SASE
10
-262.51514497828947
20
1985.5000002980235
30
890.0000048242509
11
-262.51514497828947
21
1485.4999997019765
31
890.0000048242509
0
LINE
5
D585
330
CFF3
100
AcDbEntity
100
AcDbLine
8
EKP_POI_TASIYICI_SASE
10
-262.51514497828947
20
1485.4999997019765
30
930.0000048242509
11
-202.51514497828947
21
1485.4999997019765
31
930.0000048242509
0
LINE
5
D586
330
CFF3
100
AcDbEntity
100
AcDbLine
8
EKP_POI_TASIYICI_SASE
10
-202.51514497828947
20
1485.4999997019765
30
930.0000048242509
11
-202.51514497828947
21
1985.5000002980235
31
930.0000048242509
0
LINE
5
D587
330
CFF3
100
AcDbEntity
100
AcDbLine
8
EKP_POI_TASIYICI_SASE
10
-202.51514497828947
20
1985.5000002980235
30
930.0000048242509
11
-262.51514497828947
21
1985.5000002980235
31
930.0000048242509
0
LINE
5
D588
330
CFF3
100
AcDbEntity
100
AcDbLine
8
EKP_POI_TASIYICI_SASE
10
-262.51514497828947
20
1985.5000002980235
30
930.0000048242509
11
-262.51514497828947
21
1485.4999997019765
31
930.0000048242509
0
LINE
5
D589
330
CFF3
100
AcDbEntity
100
AcDbLine
8
EKP_POI_TASIYICI_SASE
10
-262.51514497828947
20
1485.4999997019765
30
890.0000048242509
11
-262.51514497828947
21
1485.4999997019765
31
930.0000048242509
0
LINE
5
D58A
330
CFF3
100
AcDbEntity
100
AcDbLine
8
EKP_POI_TASIYICI_SASE
10
-202.51514497828947
20
1485.4999997019765
30
890.0000048242509
11
-202.51514497828947
21
1485.4999997019765
31
930.0000048242509
0
LINE
5
D58B
330
CFF3
100
AcDbEntity
100
AcDbLine
8
EKP_POI_TASIYICI_SASE
10
-202.51514497828947
20
1985.5000002980235
30
890.0000048242509
11
-202.51514497828947
21
1985.5000002980235
31
930.0000048242509
0
LINE
5
D58C
330
CFF3
100
AcDbEntity
100
AcDbLine
8
EKP_POI_TASIYICI_SASE
10
-262.51514497828947
20
1985.5000002980235
30
890.0000048242509
11
-262.51514497828947
21
1985.5000002980235
31
930.0000048242509
0
3DFACE
5
D58D
330
CFF3
100
AcDbEntity
100
AcDbFace
8
EKP_POI_TASIYICI_SASE
10
377.4848431007817
20
1485.4999997019765
30
890.0000048242509
11
437.4848431007817
21
1485.4999997019765
31
890.0000048242509
12
437.4848431007817
22
1985.5000002980235
32
890.0000048242509
13
377.4848431007817
23
1985.5000002980235
33
890.0000048242509
0
3DFACE
5
D58E
330
CFF3
100
AcDbEntity
100
AcDbFace
8
EKP_POI_TASIYICI_SASE
10
377.4848431007817
20
1485.4999997019765
30
930.0000048242509
11
437.4848431007817
21
1485.4999997019765
31
930.0000048242509
12
437.4848431007817
22
1985.5000002980235
32
930.0000048242509
13
377.4848431007817
23
1985.5000002980235
33
930.0000048242509
0
3DFACE
5
D58F
330
CFF3
100
AcDbEntity
100
AcDbFace
8
EKP_POI_TASIYICI_SASE
10
377.4848431007817
20
1485.4999997019765
30
890.0000048242509
11
437.4848431007817
21
1485.4999997019765
31
890.0000048242509
12
437.4848431007817
22
1485.4999997019765
32
930.0000048242509
13
377.4848431007817
23
1485.4999997019765
33
930.0000048242509
0
3DFACE
5
D590
330
CFF3
100
AcDbEntity
100
AcDbFace
8
EKP_POI_TASIYICI_SASE
10
377.4848431007817
20
1985.5000002980235
30
890.0000048242509
11
437.4848431007817
21
1985.5000002980235
31
890.0000048242509
12
437.4848431007817
22
1985.5000002980235
32
930.0000048242509
13
377.4848431007817
23
1985.5000002980235
33
930.0000048242509
0
3DFACE
5
D591
330
CFF3
100
AcDbEntity
100
AcDbFace
8
EKP_POI_TASIYICI_SASE
10
377.4848431007817
20
1485.4999997019765
30
890.0000048242509
11
377.4848431007817
21
1985.5000002980235
31
890.0000048242509
12
377.4848431007817
22
1985.5000002980235
32
930.0000048242509
13
377.4848431007817
23
1485.4999997019765
33
930.0000048242509
0
3DFACE
5
D592
330
CFF3
100
AcDbEntity
100
AcDbFace
8
EKP_POI_TASIYICI_SASE
10
437.4848431007817
20
1485.4999997019765
30
890.0000048242509
11
437.4848431007817
21
1985.5000002980235
31
890.0000048242509
12
437.4848431007817
22
1985.5000002980235
32
930.0000048242509
13
437.4848431007817
23
1485.4999997019765
33
930.0000048242509
0
LINE
5
D593
330
CFF3
100
AcDbEntity
100
AcDbLine
8
EKP_POI_TASIYICI_SASE
10
377.4848431007817
20
1485.4999997019765
30
890.0000048242509
11
437.4848431007817
21
1485.4999997019765
31
890.0000048242509
0
LINE
5
D594
330
CFF3
100
AcDbEntity
100
AcDbLine
8
EKP_POI_TASIYICI_SASE
10
437.4848431007817
20
1485.4999997019765
30
890.0000048242509
11
437.4848431007817
21
1985.5000002980235
31
890.0000048242509
0
LINE
5
D595
330
CFF3
100
AcDbEntity
100
AcDbLine
8
EKP_POI_TASIYICI_SASE
10
437.4848431007817
20
1985.5000002980235
30
890.0000048242509
11
377.4848431007817
21
1985.5000002980235
31
890.0000048242509
0
LINE
5
D596
330
CFF3
100
AcDbEntity
100
AcDbLine
8
EKP_POI_TASIYICI_SASE
10
377.4848431007817
20
1985.5000002980235
30
890.0000048242509
11
377.4848431007817
21
1485.4999997019765
31
890.0000048242509
0
LINE
5
D597
330
CFF3
100
AcDbEntity
100
AcDbLine
8
EKP_POI_TASIYICI_SASE
10
377.4848431007817
20
1485.4999997019765
30
930.0000048242509
11
437.4848431007817
21
1485.4999997019765
31
930.0000048242509
0
LINE
5
D598
330
CFF3
100
AcDbEntity
100
AcDbLine
8
EKP_POI_TASIYICI_SASE
10
437.4848431007817
20
1485.4999997019765
30
930.0000048242509
11
437.4848431007817
21
1985.5000002980235
31
930.0000048242509
0
LINE
5
D599
330
CFF3
100
AcDbEntity
100
AcDbLine
8
EKP_POI_TASIYICI_SASE
10
437.4848431007817
20
1985.5000002980235
30
930.0000048242509
11
377.4848431007817
21
1985.5000002980235
31
930.0000048242509
0
LINE
5
D59A
330
CFF3
100
AcDbEntity
100
AcDbLine
8
EKP_POI_TASIYICI_SASE
10
377.4848431007817
20
1985.5000002980235
30
930.0000048242509
11
377.4848431007817
21
1485.4999997019765
31
930.0000048242509
0
LINE
5
D59B
330
CFF3
100
AcDbEntity
100
AcDbLine
8
EKP_POI_TASIYICI_SASE
10
377.4848431007817
20
1485.4999997019765
30
890.0000048242509
11
377.4848431007817
21
1485.4999997019765
31
930.0000048242509
0
LINE
5
D59C
330
CFF3
100
AcDbEntity
100
AcDbLine
8
EKP_POI_TASIYICI_SASE
10
437.4848431007817
20
1485.4999997019765
30
890.0000048242509
11
437.4848431007817
21
1485.4999997019765
31
930.0000048242509
0
LINE
5
D59D
330
CFF3
100
AcDbEntity
100
AcDbLine
8
EKP_POI_TASIYICI_SASE
10
437.4848431007817
20
1985.5000002980235
30
890.0000048242509
11
437.4848431007817
21
1985.5000002980235
31
930.0000048242509
0
LINE
5
D59E
330
CFF3
100
AcDbEntity
100
AcDbLine
8
EKP_POI_TASIYICI_SASE
10
377.4848431007817
20
1985.5000002980235
30
890.0000048242509
11
377.4848431007817
21
1985.5000002980235
31
930.0000048242509
0
3DFACE
5
D59F
330
CFF3
100
AcDbEntity
100
AcDbFace
8
EKP_POI_TASIYICI_SASE
10
-262.51514497828947
20
1485.4999997019765
30
1660.0000095367432
11
-202.51514497828947
21
1485.4999997019765
31
1660.0000095367432
12
-202.51514497828947
22
1985.5000002980235
32
1660.0000095367432
13
-262.51514497828947
23
1985.5000002980235
33
1660.0000095367432
0
3DFACE
5
D5A0
330
CFF3
100
AcDbEntity
100
AcDbFace
8
EKP_POI_TASIYICI_SASE
10
-262.51514497828947
20
1485.4999997019765
30
1700.0000095367432
11
-202.51514497828947
21
1485.4999997019765
31
1700.0000095367432
12
-202.51514497828947
22
1985.5000002980235
32
1700.0000095367432
13
-262.51514497828947
23
1985.5000002980235
33
1700.0000095367432
0
3DFACE
5
D5A1
330
CFF3
100
AcDbEntity
100
AcDbFace
8
EKP_POI_TASIYICI_SASE
10
-262.51514497828947
20
1485.4999997019765
30
1660.0000095367432
11
-202.51514497828947
21
1485.4999997019765
31
1660.0000095367432
12
-202.51514497828947
22
1485.4999997019765
32
1700.0000095367432
13
-262.51514497828947
23
1485.4999997019765
33
1700.0000095367432
0
3DFACE
5
D5A2
330
CFF3
100
AcDbEntity
100
AcDbFace
8
EKP_POI_TASIYICI_SASE
10
-262.51514497828947
20
1985.5000002980235
30
1660.0000095367432
11
-202.51514497828947
21
1985.5000002980235
31
1660.0000095367432
12
-202.51514497828947
22
1985.5000002980235
32
1700.0000095367432
13
-262.51514497828947
23
1985.5000002980235
33
1700.0000095367432
0
3DFACE
5
D5A3
330
CFF3
100
AcDbEntity
100
AcDbFace
8
EKP_POI_TASIYICI_SASE
10
-262.51514497828947
20
1485.4999997019765
30
1660.0000095367432
11
-262.51514497828947
21
1985.5000002980235
31
1660.0000095367432
12
-262.51514497828947
22
1985.5000002980235
32
1700.0000095367432
13
-262.51514497828947
23
1485.4999997019765
33
1700.0000095367432
0
3DFACE
5
D5A4
330
CFF3
100
AcDbEntity
100
AcDbFace
8
EKP_POI_TASIYICI_SASE
10
-202.51514497828947
20
1485.4999997019765
30
1660.0000095367432
11
-202.51514497828947
21
1985.5000002980235
31
1660.0000095367432
12
-202.51514497828947
22
1985.5000002980235
32
1700.0000095367432
13
-202.51514497828947
23
1485.4999997019765
33
1700.0000095367432
0
LINE
5
D5A5
330
CFF3
100
AcDbEntity
100
AcDbLine
8
EKP_POI_TASIYICI_SASE
10
-262.51514497828947
20
1485.4999997019765
30
1660.0000095367432
11
-202.51514497828947
21
1485.4999997019765
31
1660.0000095367432
0
LINE
5
D5A6
330
CFF3
100
AcDbEntity
100
AcDbLine
8
EKP_POI_TASIYICI_SASE
10
-202.51514497828947
20
1485.4999997019765
30
1660.0000095367432
11
-202.51514497828947
21
1985.5000002980235
31
1660.0000095367432
0
LINE
5
D5A7
330
CFF3
100
AcDbEntity
100
AcDbLine
8
EKP_POI_TASIYICI_SASE
10
-202.51514497828947
20
1985.5000002980235
30
1660.0000095367432
11
-262.51514497828947
21
1985.5000002980235
31
1660.0000095367432
0
LINE
5
D5A8
330
CFF3
100
AcDbEntity
100
AcDbLine
8
EKP_POI_TASIYICI_SASE
10
-262.51514497828947
20
1985.5000002980235
30
1660.0000095367432
11
-262.51514497828947
21
1485.4999997019765
31
1660.0000095367432
0
LINE
5
D5A9
330
CFF3
100
AcDbEntity
100
AcDbLine
8
EKP_POI_TASIYICI_SASE
10
-262.51514497828947
20
1485.4999997019765
30
1700.0000095367432
11
-202.51514497828947
21
1485.4999997019765
31
1700.0000095367432
0
LINE
5
D5AA
330
CFF3
100
AcDbEntity
100
AcDbLine
8
EKP_POI_TASIYICI_SASE
10
-202.51514497828947
20
1485.4999997019765
30
1700.0000095367432
11
-202.51514497828947
21
1985.5000002980235
31
1700.0000095367432
0
LINE
5
D5AB
330
CFF3
100
AcDbEntity
100
AcDbLine
8
EKP_POI_TASIYICI_SASE
10
-202.51514497828947
20
1985.5000002980235
30
1700.0000095367432
11
-262.51514497828947
21
1985.5000002980235
31
1700.0000095367432
0
LINE
5
D5AC
330
CFF3
100
AcDbEntity
100
AcDbLine
8
EKP_POI_TASIYICI_SASE
10
-262.51514497828947
20
1985.5000002980235
30
1700.0000095367432
11
-262.51514497828947
21
1485.4999997019765
31
1700.0000095367432
0
LINE
5
D5AD
330
CFF3
100
AcDbEntity
100
AcDbLine
8
EKP_POI_TASIYICI_SASE
10
-262.51514497828947
20
1485.4999997019765
30
1660.0000095367432
11
-262.51514497828947
21
1485.4999997019765
31
1700.0000095367432
0
LINE
5
D5AE
330
CFF3
100
AcDbEntity
100
AcDbLine
8
EKP_POI_TASIYICI_SASE
10
-202.51514497828947
20
1485.4999997019765
30
1660.0000095367432
11
-202.51514497828947
21
1485.4999997019765
31
1700.0000095367432
0
LINE
5
D5AF
330
CFF3
100
AcDbEntity
100
AcDbLine
8
EKP_POI_TASIYICI_SASE
10
-202.51514497828947
20
1985.5000002980235
30
1660.0000095367432
11
-202.51514497828947
21
1985.5000002980235
31
1700.0000095367432
0
LINE
5
D5B0
330
CFF3
100
AcDbEntity
100
AcDbLine
8
EKP_POI_TASIYICI_SASE
10
-262.51514497828947
20
1985.5000002980235
30
1660.0000095367432
11
-262.51514497828947
21
1985.5000002980235
31
1700.0000095367432
0
3DFACE
5
D5B1
330
CFF3
100
AcDbEntity
100
AcDbFace
8
EKP_POI_TASIYICI_SASE
10
377.4848431007817
20
1485.4999997019765
30
1660.0000095367432
11
437.4848431007817
21
1485.4999997019765
31
1660.0000095367432
12
437.4848431007817
22
1985.5000002980235
32
1660.0000095367432
13
377.4848431007817
23
1985.5000002980235
33
1660.0000095367432
0
3DFACE
5
D5B2
330
CFF3
100
AcDbEntity
100
AcDbFace
8
EKP_POI_TASIYICI_SASE
10
377.4848431007817
20
1485.4999997019765
30
1700.0000095367432
11
437.4848431007817
21
1485.4999997019765
31
1700.0000095367432
12
437.4848431007817
22
1985.5000002980235
32
1700.0000095367432
13
377.4848431007817
23
1985.5000002980235
33
1700.0000095367432
0
3DFACE
5
D5B3
330
CFF3
100
AcDbEntity
100
AcDbFace
8
EKP_POI_TASIYICI_SASE
10
377.4848431007817
20
1485.4999997019765
30
1660.0000095367432
11
437.4848431007817
21
1485.4999997019765
31
1660.0000095367432
12
437.4848431007817
22
1485.4999997019765
32
1700.0000095367432
13
377.4848431007817
23
1485.4999997019765
33
1700.0000095367432
0
3DFACE
5
D5B4
330
CFF3
100
AcDbEntity
100
AcDbFace
8
EKP_POI_TASIYICI_SASE
10
377.4848431007817
20
1985.5000002980235
30
1660.0000095367432
11
437.4848431007817
21
1985.5000002980235
31
1660.0000095367432
12
437.4848431007817
22
1985.5000002980235
32
1700.0000095367432
13
377.4848431007817
23
1985.5000002980235
33
1700.0000095367432
0
3DFACE
5
D5B5
330
CFF3
100
AcDbEntity
100
AcDbFace
8
EKP_POI_TASIYICI_SASE
10
377.4848431007817
20
1485.4999997019765
30
1660.0000095367432
11
377.4848431007817
21
1985.5000002980235
31
1660.0000095367432
12
377.4848431007817
22
1985.5000002980235
32
1700.0000095367432
13
377.4848431007817
23
1485.4999997019765
33
1700.0000095367432
0
3DFACE
5
D5B6
330
CFF3
100
AcDbEntity
100
AcDbFace
8
EKP_POI_TASIYICI_SASE
10
437.4848431007817
20
1485.4999997019765
30
1660.0000095367432
11
437.4848431007817
21
1985.5000002980235
31
1660.0000095367432
12
437.4848431007817
22
1985.5000002980235
32
1700.0000095367432
13
437.4848431007817
23
1485.4999997019765
33
1700.0000095367432
0
LINE
5
D5B7
330
CFF3
100
AcDbEntity
100
AcDbLine
8
EKP_POI_TASIYICI_SASE
10
377.4848431007817
20
1485.4999997019765
30
1660.0000095367432
11
437.4848431007817
21
1485.4999997019765
31
1660.0000095367432
0
LINE
5
D5B8
330
CFF3
100
AcDbEntity
100
AcDbLine
8
EKP_POI_TASIYICI_SASE
10
437.4848431007817
20
1485.4999997019765
30
1660.0000095367432
11
437.4848431007817
21
1985.5000002980235
31
1660.0000095367432
0
LINE
5
D5B9
330
CFF3
100
AcDbEntity
100
AcDbLine
8
EKP_POI_TASIYICI_SASE
10
437.4848431007817
20
1985.5000002980235
30
1660.0000095367432
11
377.4848431007817
21
1985.5000002980235
31
1660.0000095367432
0
LINE
5
D5BA
330
CFF3
100
AcDbEntity
100
AcDbLine
8
EKP_POI_TASIYICI_SASE
10
377.4848431007817
20
1985.5000002980235
30
1660.0000095367432
11
377.4848431007817
21
1485.4999997019765
31
1660.0000095367432
0
LINE
5
D5BB
330
CFF3
100
AcDbEntity
100
AcDbLine
8
EKP_POI_TASIYICI_SASE
10
377.4848431007817
20
1485.4999997019765
30
1700.0000095367432
11
437.4848431007817
21
1485.4999997019765
31
1700.0000095367432
0
LINE
5
D5BC
330
CFF3
100
AcDbEntity
100
AcDbLine
8
EKP_POI_TASIYICI_SASE
10
437.4848431007817
20
1485.4999997019765
30
1700.0000095367432
11
437.4848431007817
21
1985.5000002980235
31
1700.0000095367432
0
LINE
5
D5BD
330
CFF3
100
AcDbEntity
100
AcDbLine
8
EKP_POI_TASIYICI_SASE
10
437.4848431007817
20
1985.5000002980235
30
1700.0000095367432
11
377.4848431007817
21
1985.5000002980235
31
1700.0000095367432
0
LINE
5
D5BE
330
CFF3
100
AcDbEntity
100
AcDbLine
8
EKP_POI_TASIYICI_SASE
10
377.4848431007817
20
1985.5000002980235
30
1700.0000095367432
11
377.4848431007817
21
1485.4999997019765
31
1700.0000095367432
0
LINE
5
D5BF
330
CFF3
100
AcDbEntity
100
AcDbLine
8
EKP_POI_TASIYICI_SASE
10
377.4848431007817
20
1485.4999997019765
30
1660.0000095367432
11
377.4848431007817
21
1485.4999997019765
31
1700.0000095367432
0
LINE
5
D5C0
330
CFF3
100
AcDbEntity
100
AcDbLine
8
EKP_POI_TASIYICI_SASE
10
437.4848431007817
20
1485.4999997019765
30
1660.0000095367432
11
437.4848431007817
21
1485.4999997019765
31
1700.0000095367432
0
LINE
5
D5C1
330
CFF3
100
AcDbEntity
100
AcDbLine
8
EKP_POI_TASIYICI_SASE
10
437.4848431007817
20
1985.5000002980235
30
1660.0000095367432
11
437.4848431007817
21
1985.5000002980235
31
1700.0000095367432
0
LINE
5
D5C2
330
CFF3
100
AcDbEntity
100
AcDbLine
8
EKP_POI_TASIYICI_SASE
10
377.4848431007817
20
1985.5000002980235
30
1660.0000095367432
11
377.4848431007817
21
1985.5000002980235
31
1700.0000095367432
0
3DFACE
5
D5C3
330
CFF3
100
AcDbEntity
100
AcDbFace
8
EKP_POI_TASIYICI_SASE
10
-178.8151509387539
20
1485.4999997019765
30
100.0000001117586
11
-153.8151509387539
21
1485.4999997019765
31
100.0000001117586
12
-153.8151509387539
22
1510.4999997019765
32
100.0000001117586
13
-178.8151509387539
23
1510.4999997019765
33
100.0000001117586
0
3DFACE
5
D5C4
330
CFF3
100
AcDbEntity
100
AcDbFace
8
EKP_POI_TASIYICI_SASE
10
-178.8151509387539
20
1485.4999997019765
30
1720.0000095367432
11
-153.8151509387539
21
1485.4999997019765
31
1720.0000095367432
12
-153.8151509387539
22
1510.4999997019765
32
1720.0000095367432
13
-178.8151509387539
23
1510.4999997019765
33
1720.0000095367432
0
3DFACE
5
D5C5
330
CFF3
100
AcDbEntity
100
AcDbFace
8
EKP_POI_TASIYICI_SASE
10
-178.8151509387539
20
1485.4999997019765
30
100.0000001117586
11
-153.8151509387539
21
1485.4999997019765
31
100.0000001117586
12
-153.8151509387539
22
1485.4999997019765
32
1720.0000095367432
13
-178.8151509387539
23
1485.4999997019765
33
1720.0000095367432
0
3DFACE
5
D5C6
330
CFF3
100
AcDbEntity
100
AcDbFace
8
EKP_POI_TASIYICI_SASE
10
-178.8151509387539
20
1510.4999997019765
30
100.0000001117586
11
-153.8151509387539
21
1510.4999997019765
31
100.0000001117586
12
-153.8151509387539
22
1510.4999997019765
32
1720.0000095367432
13
-178.8151509387539
23
1510.4999997019765
33
1720.0000095367432
0
3DFACE
5
D5C7
330
CFF3
100
AcDbEntity
100
AcDbFace
8
EKP_POI_TASIYICI_SASE
10
-178.8151509387539
20
1485.4999997019765
30
100.0000001117586
11
-178.8151509387539
21
1510.4999997019765
31
100.0000001117586
12
-178.8151509387539
22
1510.4999997019765
32
1720.0000095367432
13
-178.8151509387539
23
1485.4999997019765
33
1720.0000095367432
0
3DFACE
5
D5C8
330
CFF3
100
AcDbEntity
100
AcDbFace
8
EKP_POI_TASIYICI_SASE
10
-153.8151509387539
20
1485.4999997019765
30
100.0000001117586
11
-153.8151509387539
21
1510.4999997019765
31
100.0000001117586
12
-153.8151509387539
22
1510.4999997019765
32
1720.0000095367432
13
-153.8151509387539
23
1485.4999997019765
33
1720.0000095367432
0
LINE
5
D5C9
330
CFF3
100
AcDbEntity
100
AcDbLine
8
EKP_POI_TASIYICI_SASE
10
-178.8151509387539
20
1485.4999997019765
30
100.0000001117586
11
-153.8151509387539
21
1485.4999997019765
31
100.0000001117586
0
LINE
5
D5CA
330
CFF3
100
AcDbEntity
100
AcDbLine
8
EKP_POI_TASIYICI_SASE
10
-153.8151509387539
20
1485.4999997019765
30
100.0000001117586
11
-153.8151509387539
21
1510.4999997019765
31
100.0000001117586
0
LINE
5
D5CB
330
CFF3
100
AcDbEntity
100
AcDbLine
8
EKP_POI_TASIYICI_SASE
10
-153.8151509387539
20
1510.4999997019765
30
100.0000001117586
11
-178.8151509387539
21
1510.4999997019765
31
100.0000001117586
0
LINE
5
D5CC
330
CFF3
100
AcDbEntity
100
AcDbLine
8
EKP_POI_TASIYICI_SASE
10
-178.8151509387539
20
1510.4999997019765
30
100.0000001117586
11
-178.8151509387539
21
1485.4999997019765
31
100.0000001117586
0
LINE
5
D5CD
330
CFF3
100
AcDbEntity
100
AcDbLine
8
EKP_POI_TASIYICI_SASE
10
-178.8151509387539
20
1485.4999997019765
30
1720.0000095367432
11
-153.8151509387539
21
1485.4999997019765
31
1720.0000095367432
0
LINE
5
D5CE
330
CFF3
100
AcDbEntity
100
AcDbLine
8
EKP_POI_TASIYICI_SASE
10
-153.8151509387539
20
1485.4999997019765
30
1720.0000095367432
11
-153.8151509387539
21
1510.4999997019765
31
1720.0000095367432
0
LINE
5
D5CF
330
CFF3
100
AcDbEntity
100
AcDbLine
8
EKP_POI_TASIYICI_SASE
10
-153.8151509387539
20
1510.4999997019765
30
1720.0000095367432
11
-178.8151509387539
21
1510.4999997019765
31
1720.0000095367432
0
LINE
5
D5D0
330
CFF3
100
AcDbEntity
100
AcDbLine
8
EKP_POI_TASIYICI_SASE
10
-178.8151509387539
20
1510.4999997019765
30
1720.0000095367432
11
-178.8151509387539
21
1485.4999997019765
31
1720.0000095367432
0
LINE
5
D5D1
330
CFF3
100
AcDbEntity
100
AcDbLine
8
EKP_POI_TASIYICI_SASE
10
-178.8151509387539
20
1485.4999997019765
30
100.0000001117586
11
-178.8151509387539
21
1485.4999997019765
31
1720.0000095367432
0
LINE
5
D5D2
330
CFF3
100
AcDbEntity
100
AcDbLine
8
EKP_POI_TASIYICI_SASE
10
-153.8151509387539
20
1485.4999997019765
30
100.0000001117586
11
-153.8151509387539
21
1485.4999997019765
31
1720.0000095367432
0
LINE
5
D5D3
330
CFF3
100
AcDbEntity
100
AcDbLine
8
EKP_POI_TASIYICI_SASE
10
-153.8151509387539
20
1510.4999997019765
30
100.0000001117586
11
-153.8151509387539
21
1510.4999997019765
31
1720.0000095367432
0
LINE
5
D5D4
330
CFF3
100
AcDbEntity
100
AcDbLine
8
EKP_POI_TASIYICI_SASE
10
-178.8151509387539
20
1510.4999997019765
30
100.0000001117586
11
-178.8151509387539
21
1510.4999997019765
31
1720.0000095367432
0
3DFACE
5
D5D5
330
CFF3
100
AcDbEntity
100
AcDbFace
8
EKP_POI_TASIYICI_SASE
10
328.7848490612461
20
1485.4999997019765
30
100.0000001117586
11
353.7848490612461
21
1485.4999997019765
31
100.0000001117586
12
353.7848490612461
22
1510.4999997019765
32
100.0000001117586
13
328.7848490612461
23
1510.4999997019765
33
100.0000001117586
0
3DFACE
5
D5D6
330
CFF3
100
AcDbEntity
100
AcDbFace
8
EKP_POI_TASIYICI_SASE
10
328.7848490612461
20
1485.4999997019765
30
1720.0000095367432
11
353.7848490612461
21
1485.4999997019765
31
1720.0000095367432
12
353.7848490612461
22
1510.4999997019765
32
1720.0000095367432
13
328.7848490612461
23
1510.4999997019765
33
1720.0000095367432
0
3DFACE
5
D5D7
330
CFF3
100
AcDbEntity
100
AcDbFace
8
EKP_POI_TASIYICI_SASE
10
328.7848490612461
20
1485.4999997019765
30
100.0000001117586
11
353.7848490612461
21
1485.4999997019765
31
100.0000001117586
12
353.7848490612461
22
1485.4999997019765
32
1720.0000095367432
13
328.7848490612461
23
1485.4999997019765
33
1720.0000095367432
0
3DFACE
5
D5D8
330
CFF3
100
AcDbEntity
100
AcDbFace
8
EKP_POI_TASIYICI_SASE
10
328.7848490612461
20
1510.4999997019765
30
100.0000001117586
11
353.7848490612461
21
1510.4999997019765
31
100.0000001117586
12
353.7848490612461
22
1510.4999997019765
32
1720.0000095367432
13
328.7848490612461
23
1510.4999997019765
33
1720.0000095367432
0
3DFACE
5
D5D9
330
CFF3
100
AcDbEntity
100
AcDbFace
8
EKP_POI_TASIYICI_SASE
10
328.7848490612461
20
1485.4999997019765
30
100.0000001117586
11
328.7848490612461
21
1510.4999997019765
31
100.0000001117586
12
328.7848490612461
22
1510.4999997019765
32
1720.0000095367432
13
328.7848490612461
23
1485.4999997019765
33
1720.0000095367432
0
3DFACE
5
D5DA
330
CFF3
100
AcDbEntity
100
AcDbFace
8
EKP_POI_TASIYICI_SASE
10
353.7848490612461
20
1485.4999997019765
30
100.0000001117586
11
353.7848490612461
21
1510.4999997019765
31
100.0000001117586
12
353.7848490612461
22
1510.4999997019765
32
1720.0000095367432
13
353.7848490612461
23
1485.4999997019765
33
1720.0000095367432
0
LINE
5
D5DB
330
CFF3
100
AcDbEntity
100
AcDbLine
8
EKP_POI_TASIYICI_SASE
10
328.7848490612461
20
1485.4999997019765
30
100.0000001117586
11
353.7848490612461
21
1485.4999997019765
31
100.0000001117586
0
LINE
5
D5DC
330
CFF3
100
AcDbEntity
100
AcDbLine
8
EKP_POI_TASIYICI_SASE
10
353.7848490612461
20
1485.4999997019765
30
100.0000001117586
11
353.7848490612461
21
1510.4999997019765
31
100.0000001117586
0
LINE
5
D5DD
330
CFF3
100
AcDbEntity
100
AcDbLine
8
EKP_POI_TASIYICI_SASE
10
353.7848490612461
20
1510.4999997019765
30
100.0000001117586
11
328.7848490612461
21
1510.4999997019765
31
100.0000001117586
0
LINE
5
D5DE
330
CFF3
100
AcDbEntity
100
AcDbLine
8
EKP_POI_TASIYICI_SASE
10
328.7848490612461
20
1510.4999997019765
30
100.0000001117586
11
328.7848490612461
21
1485.4999997019765
31
100.0000001117586
0
LINE
5
D5DF
330
CFF3
100
AcDbEntity
100
AcDbLine
8
EKP_POI_TASIYICI_SASE
10
328.7848490612461
20
1485.4999997019765
30
1720.0000095367432
11
353.7848490612461
21
1485.4999997019765
31
1720.0000095367432
0
LINE
5
D5E0
330
CFF3
100
AcDbEntity
100
AcDbLine
8
EKP_POI_TASIYICI_SASE
10
353.7848490612461
20
1485.4999997019765
30
1720.0000095367432
11
353.7848490612461
21
1510.4999997019765
31
1720.0000095367432
0
LINE
5
D5E1
330
CFF3
100
AcDbEntity
100
AcDbLine
8
EKP_POI_TASIYICI_SASE
10
353.7848490612461
20
1510.4999997019765
30
1720.0000095367432
11
328.7848490612461
21
1510.4999997019765
31
1720.0000095367432
0
LINE
5
D5E2
330
CFF3
100
AcDbEntity
100
AcDbLine
8
EKP_POI_TASIYICI_SASE
10
328.7848490612461
20
1510.4999997019765
30
1720.0000095367432
11
328.7848490612461
21
1485.4999997019765
31
1720.0000095367432
0
LINE
5
D5E3
330
CFF3
100
AcDbEntity
100
AcDbLine
8
EKP_POI_TASIYICI_SASE
10
328.7848490612461
20
1485.4999997019765
30
100.0000001117586
11
328.7848490612461
21
1485.4999997019765
31
1720.0000095367432
0
LINE
5
D5E4
330
CFF3
100
AcDbEntity
100
AcDbLine
8
EKP_POI_TASIYICI_SASE
10
353.7848490612461
20
1485.4999997019765
30
100.0000001117586
11
353.7848490612461
21
1485.4999997019765
31
1720.0000095367432
0
LINE
5
D5E5
330
CFF3
100
AcDbEntity
100
AcDbLine
8
EKP_POI_TASIYICI_SASE
10
353.7848490612461
20
1510.4999997019765
30
100.0000001117586
11
353.7848490612461
21
1510.4999997019765
31
1720.0000095367432
0
LINE
5
D5E6
330
CFF3
100
AcDbEntity
100
AcDbLine
8
EKP_POI_TASIYICI_SASE
10
328.7848490612461
20
1510.4999997019765
30
100.0000001117586
11
328.7848490612461
21
1510.4999997019765
31
1720.0000095367432
0
3DFACE
5
D5E7
330
CFF3
100
AcDbEntity
100
AcDbFace
8
EKP_POI_TASIYICI_SASE
10
-178.8151509387539
20
1960.5000002980235
30
100.0000001117586
11
-153.8151509387539
21
1960.5000002980235
31
100.0000001117586
12
-153.8151509387539
22
1985.5000002980235
32
100.0000001117586
13
-178.8151509387539
23
1985.5000002980235
33
100.0000001117586
0
3DFACE
5
D5E8
330
CFF3
100
AcDbEntity
100
AcDbFace
8
EKP_POI_TASIYICI_SASE
10
-178.8151509387539
20
1960.5000002980235
30
1720.0000095367432
11
-153.8151509387539
21
1960.5000002980235
31
1720.0000095367432
12
-153.8151509387539
22
1985.5000002980235
32
1720.0000095367432
13
-178.8151509387539
23
1985.5000002980235
33
1720.0000095367432
0
3DFACE
5
D5E9
330
CFF3
100
AcDbEntity
100
AcDbFace
8
EKP_POI_TASIYICI_SASE
10
-178.8151509387539
20
1960.5000002980235
30
100.0000001117586
11
-153.8151509387539
21
1960.5000002980235
31
100.0000001117586
12
-153.8151509387539
22
1960.5000002980235
32
1720.0000095367432
13
-178.8151509387539
23
1960.5000002980235
33
1720.0000095367432
0
3DFACE
5
D5EA
330
CFF3
100
AcDbEntity
100
AcDbFace
8
EKP_POI_TASIYICI_SASE
10
-178.8151509387539
20
1985.5000002980235
30
100.0000001117586
11
-153.8151509387539
21
1985.5000002980235
31
100.0000001117586
12
-153.8151509387539
22
1985.5000002980235
32
1720.0000095367432
13
-178.8151509387539
23
1985.5000002980235
33
1720.0000095367432
0
3DFACE
5
D5EB
330
CFF3
100
AcDbEntity
100
AcDbFace
8
EKP_POI_TASIYICI_SASE
10
-178.8151509387539
20
1960.5000002980235
30
100.0000001117586
11
-178.8151509387539
21
1985.5000002980235
31
100.0000001117586
12
-178.8151509387539
22
1985.5000002980235
32
1720.0000095367432
13
-178.8151509387539
23
1960.5000002980235
33
1720.0000095367432
0
3DFACE
5
D5EC
330
CFF3
100
AcDbEntity
100
AcDbFace
8
EKP_POI_TASIYICI_SASE
10
-153.8151509387539
20
1960.5000002980235
30
100.0000001117586
11
-153.8151509387539
21
1985.5000002980235
31
100.0000001117586
12
-153.8151509387539
22
1985.5000002980235
32
1720.0000095367432
13
-153.8151509387539
23
1960.5000002980235
33
1720.0000095367432
0
LINE
5
D5ED
330
CFF3
100
AcDbEntity
100
AcDbLine
8
EKP_POI_TASIYICI_SASE
10
-178.8151509387539
20
1960.5000002980235
30
100.0000001117586
11
-153.8151509387539
21
1960.5000002980235
31
100.0000001117586
0
LINE
5
D5EE
330
CFF3
100
AcDbEntity
100
AcDbLine
8
EKP_POI_TASIYICI_SASE
10
-153.8151509387539
20
1960.5000002980235
30
100.0000001117586
11
-153.8151509387539
21
1985.5000002980235
31
100.0000001117586
0
LINE
5
D5EF
330
CFF3
100
AcDbEntity
100
AcDbLine
8
EKP_POI_TASIYICI_SASE
10
-153.8151509387539
20
1985.5000002980235
30
100.0000001117586
11
-178.8151509387539
21
1985.5000002980235
31
100.0000001117586
0
LINE
5
D5F0
330
CFF3
100
AcDbEntity
100
AcDbLine
8
EKP_POI_TASIYICI_SASE
10
-178.8151509387539
20
1985.5000002980235
30
100.0000001117586
11
-178.8151509387539
21
1960.5000002980235
31
100.0000001117586
0
LINE
5
D5F1
330
CFF3
100
AcDbEntity
100
AcDbLine
8
EKP_POI_TASIYICI_SASE
10
-178.8151509387539
20
1960.5000002980235
30
1720.0000095367432
11
-153.8151509387539
21
1960.5000002980235
31
1720.0000095367432
0
LINE
5
D5F2
330
CFF3
100
AcDbEntity
100
AcDbLine
8
EKP_POI_TASIYICI_SASE
10
-153.8151509387539
20
1960.5000002980235
30
1720.0000095367432
11
-153.8151509387539
21
1985.5000002980235
31
1720.0000095367432
0
LINE
5
D5F3
330
CFF3
100
AcDbEntity
100
AcDbLine
8
EKP_POI_TASIYICI_SASE
10
-153.8151509387539
20
1985.5000002980235
30
1720.0000095367432
11
-178.8151509387539
21
1985.5000002980235
31
1720.0000095367432
0
LINE
5
D5F4
330
CFF3
100
AcDbEntity
100
AcDbLine
8
EKP_POI_TASIYICI_SASE
10
-178.8151509387539
20
1985.5000002980235
30
1720.0000095367432
11
-178.8151509387539
21
1960.5000002980235
31
1720.0000095367432
0
LINE
5
D5F5
330
CFF3
100
AcDbEntity
100
AcDbLine
8
EKP_POI_TASIYICI_SASE
10
-178.8151509387539
20
1960.5000002980235
30
100.0000001117586
11
-178.8151509387539
21
1960.5000002980235
31
1720.0000095367432
0
LINE
5
D5F6
330
CFF3
100
AcDbEntity
100
AcDbLine
8
EKP_POI_TASIYICI_SASE
10
-153.8151509387539
20
1960.5000002980235
30
100.0000001117586
11
-153.8151509387539
21
1960.5000002980235
31
1720.0000095367432
0
LINE
5
D5F7
330
CFF3
100
AcDbEntity
100
AcDbLine
8
EKP_POI_TASIYICI_SASE
10
-153.8151509387539
20
1985.5000002980235
30
100.0000001117586
11
-153.8151509387539
21
1985.5000002980235
31
1720.0000095367432
0
LINE
5
D5F8
330
CFF3
100
AcDbEntity
100
AcDbLine
8
EKP_POI_TASIYICI_SASE
10
-178.8151509387539
20
1985.5000002980235
30
100.0000001117586
11
-178.8151509387539
21
1985.5000002980235
31
1720.0000095367432
0
3DFACE
5
D5F9
330
CFF3
100
AcDbEntity
100
AcDbFace
8
EKP_POI_TASIYICI_SASE
10
328.7848490612461
20
1960.5000002980235
30
100.0000001117586
11
353.7848490612461
21
1960.5000002980235
31
100.0000001117586
12
353.7848490612461
22
1985.5000002980235
32
100.0000001117586
13
328.7848490612461
23
1985.5000002980235
33
100.0000001117586
0
3DFACE
5
D5FA
330
CFF3
100
AcDbEntity
100
AcDbFace
8
EKP_POI_TASIYICI_SASE
10
328.7848490612461
20
1960.5000002980235
30
1720.0000095367432
11
353.7848490612461
21
1960.5000002980235
31
1720.0000095367432
12
353.7848490612461
22
1985.5000002980235
32
1720.0000095367432
13
328.7848490612461
23
1985.5000002980235
33
1720.0000095367432
0
3DFACE
5
D5FB
330
CFF3
100
AcDbEntity
100
AcDbFace
8
EKP_POI_TASIYICI_SASE
10
328.7848490612461
20
1960.5000002980235
30
100.0000001117586
11
353.7848490612461
21
1960.5000002980235
31
100.0000001117586
12
353.7848490612461
22
1960.5000002980235
32
1720.0000095367432
13
328.7848490612461
23
1960.5000002980235
33
1720.0000095367432
0
3DFACE
5
D5FC
330
CFF3
100
AcDbEntity
100
AcDbFace
8
EKP_POI_TASIYICI_SASE
10
328.7848490612461
20
1985.5000002980235
30
100.0000001117586
11
353.7848490612461
21
1985.5000002980235
31
100.0000001117586
12
353.7848490612461
22
1985.5000002980235
32
1720.0000095367432
13
328.7848490612461
23
1985.5000002980235
33
1720.0000095367432
0
3DFACE
5
D5FD
330
CFF3
100
AcDbEntity
100
AcDbFace
8
EKP_POI_TASIYICI_SASE
10
328.7848490612461
20
1960.5000002980235
30
100.0000001117586
11
328.7848490612461
21
1985.5000002980235
31
100.0000001117586
12
328.7848490612461
22
1985.5000002980235
32
1720.0000095367432
13
328.7848490612461
23
1960.5000002980235
33
1720.0000095367432
0
3DFACE
5
D5FE
330
CFF3
100
AcDbEntity
100
AcDbFace
8
EKP_POI_TASIYICI_SASE
10
353.7848490612461
20
1960.5000002980235
30
100.0000001117586
11
353.7848490612461
21
1985.5000002980235
31
100.0000001117586
12
353.7848490612461
22
1985.5000002980235
32
1720.0000095367432
13
353.7848490612461
23
1960.5000002980235
33
1720.0000095367432
0
LINE
5
D5FF
330
CFF3
100
AcDbEntity
100
AcDbLine
8
EKP_POI_TASIYICI_SASE
10
328.7848490612461
20
1960.5000002980235
30
100.0000001117586
11
353.7848490612461
21
1960.5000002980235
31
100.0000001117586
0
LINE
5
D600
330
CFF3
100
AcDbEntity
100
AcDbLine
8
EKP_POI_TASIYICI_SASE
10
353.7848490612461
20
1960.5000002980235
30
100.0000001117586
11
353.7848490612461
21
1985.5000002980235
31
100.0000001117586
0
LINE
5
D601
330
CFF3
100
AcDbEntity
100
AcDbLine
8
EKP_POI_TASIYICI_SASE
10
353.7848490612461
20
1985.5000002980235
30
100.0000001117586
11
328.7848490612461
21
1985.5000002980235
31
100.0000001117586
0
LINE
5
D602
330
CFF3
100
AcDbEntity
100
AcDbLine
8
EKP_POI_TASIYICI_SASE
10
328.7848490612461
20
1985.5000002980235
30
100.0000001117586
11
328.7848490612461
21
1960.5000002980235
31
100.0000001117586
0
LINE
5
D603
330
CFF3
100
AcDbEntity
100
AcDbLine
8
EKP_POI_TASIYICI_SASE
10
328.7848490612461
20
1960.5000002980235
30
1720.0000095367432
11
353.7848490612461
21
1960.5000002980235
31
1720.0000095367432
0
LINE
5
D604
330
CFF3
100
AcDbEntity
100
AcDbLine
8
EKP_POI_TASIYICI_SASE
10
353.7848490612461
20
1960.5000002980235
30
1720.0000095367432
11
353.7848490612461
21
1985.5000002980235
31
1720.0000095367432
0
LINE
5
D605
330
CFF3
100
AcDbEntity
100
AcDbLine
8
EKP_POI_TASIYICI_SASE
10
353.7848490612461
20
1985.5000002980235
30
1720.0000095367432
11
328.7848490612461
21
1985.5000002980235
31
1720.0000095367432
0
LINE
5
D606
330
CFF3
100
AcDbEntity
100
AcDbLine
8
EKP_POI_TASIYICI_SASE
10
328.7848490612461
20
1985.5000002980235
30
1720.0000095367432
11
328.7848490612461
21
1960.5000002980235
31
1720.0000095367432
0
LINE
5
D607
330
CFF3
100
AcDbEntity
100
AcDbLine
8
EKP_POI_TASIYICI_SASE
10
328.7848490612461
20
1960.5000002980235
30
100.0000001117586
11
328.7848490612461
21
1960.5000002980235
31
1720.0000095367432
0
LINE
5
D608
330
CFF3
100
AcDbEntity
100
AcDbLine
8
EKP_POI_TASIYICI_SASE
10
353.7848490612461
20
1960.5000002980235
30
100.0000001117586
11
353.7848490612461
21
1960.5000002980235
31
1720.0000095367432
0
LINE
5
D609
330
CFF3
100
AcDbEntity
100
AcDbLine
8
EKP_POI_TASIYICI_SASE
10
353.7848490612461
20
1985.5000002980235
30
100.0000001117586
11
353.7848490612461
21
1985.5000002980235
31
1720.0000095367432
0
LINE
5
D60A
330
CFF3
100
AcDbEntity
100
AcDbLine
8
EKP_POI_TASIYICI_SASE
10
328.7848490612461
20
1985.5000002980235
30
100.0000001117586
11
328.7848490612461
21
1985.5000002980235
31
1720.0000095367432
0
3DFACE
5
D66A
330
CFF3
100
AcDbEntity
100
AcDbFace
8
EKP_POI_TASIYICI_SASE
10
-262.51514497828947
20
825.4999997019768
30
1.1175860237244706e-7
11
437.4848431007817
21
825.4999997019768
31
1.1175860237244706e-7
12
437.4848431007817
22
1445.5000002980232
32
1.1175860237244706e-7
13
-262.51514497828947
23
1445.5000002980232
33
1.1175860237244706e-7
0
3DFACE
5
D66B
330
CFF3
100
AcDbEntity
100
AcDbFace
8
EKP_POI_TASIYICI_SASE
10
-262.51514497828947
20
825.4999997019768
30
100.0000001117586
11
437.4848431007817
21
825.4999997019768
31
100.0000001117586
12
437.4848431007817
22
1445.5000002980232
32
100.0000001117586
13
-262.51514497828947
23
1445.5000002980232
33
100.0000001117586
0
3DFACE
5
D66C
330
CFF3
100
AcDbEntity
100
AcDbFace
8
EKP_POI_TASIYICI_SASE
10
-262.51514497828947
20
825.4999997019768
30
1.1175860237244706e-7
11
437.4848431007817
21
825.4999997019768
31
1.1175860237244706e-7
12
437.4848431007817
22
825.4999997019768
32
100.0000001117586
13
-262.51514497828947
23
825.4999997019768
33
100.0000001117586
0
3DFACE
5
D66D
330
CFF3
100
AcDbEntity
100
AcDbFace
8
EKP_POI_TASIYICI_SASE
10
-262.51514497828947
20
1445.5000002980232
30
1.1175860237244706e-7
11
437.4848431007817
21
1445.5000002980232
31
1.1175860237244706e-7
12
437.4848431007817
22
1445.5000002980232
32
100.0000001117586
13
-262.51514497828947
23
1445.5000002980232
33
100.0000001117586
0
3DFACE
5
D66E
330
CFF3
100
AcDbEntity
100
AcDbFace
8
EKP_POI_TASIYICI_SASE
10
-262.51514497828947
20
825.4999997019768
30
1.1175860237244706e-7
11
-262.51514497828947
21
1445.5000002980232
31
1.1175860237244706e-7
12
-262.51514497828947
22
1445.5000002980232
32
100.0000001117586
13
-262.51514497828947
23
825.4999997019768
33
100.0000001117586
0
3DFACE
5
D66F
330
CFF3
100
AcDbEntity
100
AcDbFace
8
EKP_POI_TASIYICI_SASE
10
437.4848431007817
20
825.4999997019768
30
1.1175860237244706e-7
11
437.4848431007817
21
1445.5000002980232
31
1.1175860237244706e-7
12
437.4848431007817
22
1445.5000002980232
32
100.0000001117586
13
437.4848431007817
23
825.4999997019768
33
100.0000001117586
0
LINE
5
D670
330
CFF3
100
AcDbEntity
100
AcDbLine
8
EKP_POI_TASIYICI_SASE
10
-262.51514497828947
20
825.4999997019768
30
1.1175860237244706e-7
11
437.4848431007817
21
825.4999997019768
31
1.1175860237244706e-7
0
LINE
5
D671
330
CFF3
100
AcDbEntity
100
AcDbLine
8
EKP_POI_TASIYICI_SASE
10
437.4848431007817
20
825.4999997019768
30
1.1175860237244706e-7
11
437.4848431007817
21
1445.5000002980232
31
1.1175860237244706e-7
0
LINE
5
D672
330
CFF3
100
AcDbEntity
100
AcDbLine
8
EKP_POI_TASIYICI_SASE
10
437.4848431007817
20
1445.5000002980232
30
1.1175860237244706e-7
11
-262.51514497828947
21
1445.5000002980232
31
1.1175860237244706e-7
0
LINE
5
D673
330
CFF3
100
AcDbEntity
100
AcDbLine
8
EKP_POI_TASIYICI_SASE
10
-262.51514497828947
20
1445.5000002980232
30
1.1175860237244706e-7
11
-262.51514497828947
21
825.4999997019768
31
1.1175860237244706e-7
0
LINE
5
D674
330
CFF3
100
AcDbEntity
100
AcDbLine
8
EKP_POI_TASIYICI_SASE
10
-262.51514497828947
20
825.4999997019768
30
100.0000001117586
11
437.4848431007817
21
825.4999997019768
31
100.0000001117586
0
LINE
5
D675
330
CFF3
100
AcDbEntity
100
AcDbLine
8
EKP_POI_TASIYICI_SASE
10
437.4848431007817
20
825.4999997019768
30
100.0000001117586
11
437.4848431007817
21
1445.5000002980232
31
100.0000001117586
0
LINE
5
D676
330
CFF3
100
AcDbEntity
100
AcDbLine
8
EKP_POI_TASIYICI_SASE
10
437.4848431007817
20
1445.5000002980232
30
100.0000001117586
11
-262.51514497828947
21
1445.5000002980232
31
100.0000001117586
0
LINE
5
D677
330
CFF3
100
AcDbEntity
100
AcDbLine
8
EKP_POI_TASIYICI_SASE
10
-262.51514497828947
20
1445.5000002980232
30
100.0000001117586
11
-262.51514497828947
21
825.4999997019768
31
100.0000001117586
0
LINE
5
D678
330
CFF3
100
AcDbEntity
100
AcDbLine
8
EKP_POI_TASIYICI_SASE
10
-262.51514497828947
20
825.4999997019768
30
1.1175860237244706e-7
11
-262.51514497828947
21
825.4999997019768
31
100.0000001117586
0
LINE
5
D679
330
CFF3
100
AcDbEntity
100
AcDbLine
8
EKP_POI_TASIYICI_SASE
10
437.4848431007817
20
825.4999997019768
30
1.1175860237244706e-7
11
437.4848431007817
21
825.4999997019768
31
100.0000001117586
0
LINE
5
D67A
330
CFF3
100
AcDbEntity
100
AcDbLine
8
EKP_POI_TASIYICI_SASE
10
437.4848431007817
20
1445.5000002980232
30
1.1175860237244706e-7
11
437.4848431007817
21
1445.5000002980232
31
100.0000001117586
0
LINE
5
D67B
330
CFF3
100
AcDbEntity
100
AcDbLine
8
EKP_POI_TASIYICI_SASE
10
-262.51514497828947
20
1445.5000002980232
30
1.1175860237244706e-7
11
-262.51514497828947
21
1445.5000002980232
31
100.0000001117586
0
3DFACE
5
D67C
330
CFF3
100
AcDbEntity
100
AcDbFace
8
EKP_POI_TASIYICI_SASE
10
-262.51514497828947
20
825.4999997019768
30
100.0000001117586
11
-202.51514497828947
21
825.4999997019768
31
100.0000001117586
12
-202.51514497828947
22
885.4999997019768
32
100.0000001117586
13
-262.51514497828947
23
885.4999997019768
33
100.0000001117586
0
3DFACE
5
D67D
330
CFF3
100
AcDbEntity
100
AcDbFace
8
EKP_POI_TASIYICI_SASE
10
-262.51514497828947
20
825.4999997019768
30
1720.0000095367432
11
-202.51514497828947
21
825.4999997019768
31
1720.0000095367432
12
-202.51514497828947
22
885.4999997019768
32
1720.0000095367432
13
-262.51514497828947
23
885.4999997019768
33
1720.0000095367432
0
3DFACE
5
D67E
330
CFF3
100
AcDbEntity
100
AcDbFace
8
EKP_POI_TASIYICI_SASE
10
-262.51514497828947
20
825.4999997019768
30
100.0000001117586
11
-202.51514497828947
21
825.4999997019768
31
100.0000001117586
12
-202.51514497828947
22
825.4999997019768
32
1720.0000095367432
13
-262.51514497828947
23
825.4999997019768
33
1720.0000095367432
0
3DFACE
5
D67F
330
CFF3
100
AcDbEntity
100
AcDbFace
8
EKP_POI_TASIYICI_SASE
10
-262.51514497828947
20
885.4999997019768
30
100.0000001117586
11
-202.51514497828947
21
885.4999997019768
31
100.0000001117586
12
-202.51514497828947
22
885.4999997019768
32
1720.0000095367432
13
-262.51514497828947
23
885.4999997019768
33
1720.0000095367432
0
3DFACE
5
D680
330
CFF3
100
AcDbEntity
100
AcDbFace
8
EKP_POI_TASIYICI_SASE
10
-262.51514497828947
20
825.4999997019768
30
100.0000001117586
11
-262.51514497828947
21
885.4999997019768
31
100.0000001117586
12
-262.51514497828947
22
885.4999997019768
32
1720.0000095367432
13
-262.51514497828947
23
825.4999997019768
33
1720.0000095367432
0
3DFACE
5
D681
330
CFF3
100
AcDbEntity
100
AcDbFace
8
EKP_POI_TASIYICI_SASE
10
-202.51514497828947
20
825.4999997019768
30
100.0000001117586
11
-202.51514497828947
21
885.4999997019768
31
100.0000001117586
12
-202.51514497828947
22
885.4999997019768
32
1720.0000095367432
13
-202.51514497828947
23
825.4999997019768
33
1720.0000095367432
0
LINE
5
D682
330
CFF3
100
AcDbEntity
100
AcDbLine
8
EKP_POI_TASIYICI_SASE
10
-262.51514497828947
20
825.4999997019768
30
100.0000001117586
11
-202.51514497828947
21
825.4999997019768
31
100.0000001117586
0
LINE
5
D683
330
CFF3
100
AcDbEntity
100
AcDbLine
8
EKP_POI_TASIYICI_SASE
10
-202.51514497828947
20
825.4999997019768
30
100.0000001117586
11
-202.51514497828947
21
885.4999997019768
31
100.0000001117586
0
LINE
5
D684
330
CFF3
100
AcDbEntity
100
AcDbLine
8
EKP_POI_TASIYICI_SASE
10
-202.51514497828947
20
885.4999997019768
30
100.0000001117586
11
-262.51514497828947
21
885.4999997019768
31
100.0000001117586
0
LINE
5
D685
330
CFF3
100
AcDbEntity
100
AcDbLine
8
EKP_POI_TASIYICI_SASE
10
-262.51514497828947
20
885.4999997019768
30
100.0000001117586
11
-262.51514497828947
21
825.4999997019768
31
100.0000001117586
0
LINE
5
D686
330
CFF3
100
AcDbEntity
100
AcDbLine
8
EKP_POI_TASIYICI_SASE
10
-262.51514497828947
20
825.4999997019768
30
1720.0000095367432
11
-202.51514497828947
21
825.4999997019768
31
1720.0000095367432
0
LINE
5
D687
330
CFF3
100
AcDbEntity
100
AcDbLine
8
EKP_POI_TASIYICI_SASE
10
-202.51514497828947
20
825.4999997019768
30
1720.0000095367432
11
-202.51514497828947
21
885.4999997019768
31
1720.0000095367432
0
LINE
5
D688
330
CFF3
100
AcDbEntity
100
AcDbLine
8
EKP_POI_TASIYICI_SASE
10
-202.51514497828947
20
885.4999997019768
30
1720.0000095367432
11
-262.51514497828947
21
885.4999997019768
31
1720.0000095367432
0
LINE
5
D689
330
CFF3
100
AcDbEntity
100
AcDbLine
8
EKP_POI_TASIYICI_SASE
10
-262.51514497828947
20
885.4999997019768
30
1720.0000095367432
11
-262.51514497828947
21
825.4999997019768
31
1720.0000095367432
0
LINE
5
D68A
330
CFF3
100
AcDbEntity
100
AcDbLine
8
EKP_POI_TASIYICI_SASE
10
-262.51514497828947
20
825.4999997019768
30
100.0000001117586
11
-262.51514497828947
21
825.4999997019768
31
1720.0000095367432
0
LINE
5
D68B
330
CFF3
100
AcDbEntity
100
AcDbLine
8
EKP_POI_TASIYICI_SASE
10
-202.51514497828947
20
825.4999997019768
30
100.0000001117586
11
-202.51514497828947
21
825.4999997019768
31
1720.0000095367432
0
LINE
5
D68C
330
CFF3
100
AcDbEntity
100
AcDbLine
8
EKP_POI_TASIYICI_SASE
10
-202.51514497828947
20
885.4999997019768
30
100.0000001117586
11
-202.51514497828947
21
885.4999997019768
31
1720.0000095367432
0
LINE
5
D68D
330
CFF3
100
AcDbEntity
100
AcDbLine
8
EKP_POI_TASIYICI_SASE
10
-262.51514497828947
20
885.4999997019768
30
100.0000001117586
11
-262.51514497828947
21
885.4999997019768
31
1720.0000095367432
0
3DFACE
5
D68E
330
CFF3
100
AcDbEntity
100
AcDbFace
8
EKP_POI_TASIYICI_SASE
10
377.4848431007817
20
825.4999997019768
30
100.0000001117586
11
437.4848431007817
21
825.4999997019768
31
100.0000001117586
12
437.4848431007817
22
885.4999997019768
32
100.0000001117586
13
377.4848431007817
23
885.4999997019768
33
100.0000001117586
0
3DFACE
5
D68F
330
CFF3
100
AcDbEntity
100
AcDbFace
8
EKP_POI_TASIYICI_SASE
10
377.4848431007817
20
825.4999997019768
30
1720.0000095367432
11
437.4848431007817
21
825.4999997019768
31
1720.0000095367432
12
437.4848431007817
22
885.4999997019768
32
1720.0000095367432
13
377.4848431007817
23
885.4999997019768
33
1720.0000095367432
0
3DFACE
5
D690
330
CFF3
100
AcDbEntity
100
AcDbFace
8
EKP_POI_TASIYICI_SASE
10
377.4848431007817
20
825.4999997019768
30
100.0000001117586
11
437.4848431007817
21
825.4999997019768
31
100.0000001117586
12
437.4848431007817
22
825.4999997019768
32
1720.0000095367432
13
377.4848431007817
23
825.4999997019768
33
1720.0000095367432
0
3DFACE
5
D691
330
CFF3
100
AcDbEntity
100
AcDbFace
8
EKP_POI_TASIYICI_SASE
10
377.4848431007817
20
885.4999997019768
30
100.0000001117586
11
437.4848431007817
21
885.4999997019768
31
100.0000001117586
12
437.4848431007817
22
885.4999997019768
32
1720.0000095367432
13
377.4848431007817
23
885.4999997019768
33
1720.0000095367432
0
3DFACE
5
D692
330
CFF3
100
AcDbEntity
100
AcDbFace
8
EKP_POI_TASIYICI_SASE
10
377.4848431007817
20
825.4999997019768
30
100.0000001117586
11
377.4848431007817
21
885.4999997019768
31
100.0000001117586
12
377.4848431007817
22
885.4999997019768
32
1720.0000095367432
13
377.4848431007817
23
825.4999997019768
33
1720.0000095367432
0
3DFACE
5
D693
330
CFF3
100
AcDbEntity
100
AcDbFace
8
EKP_POI_TASIYICI_SASE
10
437.4848431007817
20
825.4999997019768
30
100.0000001117586
11
437.4848431007817
21
885.4999997019768
31
100.0000001117586
12
437.4848431007817
22
885.4999997019768
32
1720.0000095367432
13
437.4848431007817
23
825.4999997019768
33
1720.0000095367432
0
LINE
5
D694
330
CFF3
100
AcDbEntity
100
AcDbLine
8
EKP_POI_TASIYICI_SASE
10
377.4848431007817
20
825.4999997019768
30
100.0000001117586
11
437.4848431007817
21
825.4999997019768
31
100.0000001117586
0
LINE
5
D695
330
CFF3
100
AcDbEntity
100
AcDbLine
8
EKP_POI_TASIYICI_SASE
10
437.4848431007817
20
825.4999997019768
30
100.0000001117586
11
437.4848431007817
21
885.4999997019768
31
100.0000001117586
0
LINE
5
D696
330
CFF3
100
AcDbEntity
100
AcDbLine
8
EKP_POI_TASIYICI_SASE
10
437.4848431007817
20
885.4999997019768
30
100.0000001117586
11
377.4848431007817
21
885.4999997019768
31
100.0000001117586
0
LINE
5
D697
330
CFF3
100
AcDbEntity
100
AcDbLine
8
EKP_POI_TASIYICI_SASE
10
377.4848431007817
20
885.4999997019768
30
100.0000001117586
11
377.4848431007817
21
825.4999997019768
31
100.0000001117586
0
LINE
5
D698
330
CFF3
100
AcDbEntity
100
AcDbLine
8
EKP_POI_TASIYICI_SASE
10
377.4848431007817
20
825.4999997019768
30
1720.0000095367432
11
437.4848431007817
21
825.4999997019768
31
1720.0000095367432
0
LINE
5
D699
330
CFF3
100
AcDbEntity
100
AcDbLine
8
EKP_POI_TASIYICI_SASE
10
437.4848431007817
20
825.4999997019768
30
1720.0000095367432
11
437.4848431007817
21
885.4999997019768
31
1720.0000095367432
0
LINE
5
D69A
330
CFF3
100
AcDbEntity
100
AcDbLine
8
EKP_POI_TASIYICI_SASE
10
437.4848431007817
20
885.4999997019768
30
1720.0000095367432
11
377.4848431007817
21
885.4999997019768
31
1720.0000095367432
0
LINE
5
D69B
330
CFF3
100
AcDbEntity
100
AcDbLine
8
EKP_POI_TASIYICI_SASE
10
377.4848431007817
20
885.4999997019768
30
1720.0000095367432
11
377.4848431007817
21
825.4999997019768
31
1720.0000095367432
0
LINE
5
D69C
330
CFF3
100
AcDbEntity
100
AcDbLine
8
EKP_POI_TASIYICI_SASE
10
377.4848431007817
20
825.4999997019768
30
100.0000001117586
11
377.4848431007817
21
825.4999997019768
31
1720.0000095367432
0
LINE
5
D69D
330
CFF3
100
AcDbEntity
100
AcDbLine
8
EKP_POI_TASIYICI_SASE
10
437.4848431007817
20
825.4999997019768
30
100.0000001117586
11
437.4848431007817
21
825.4999997019768
31
1720.0000095367432
0
LINE
5
D69E
330
CFF3
100
AcDbEntity
100
AcDbLine
8
EKP_POI_TASIYICI_SASE
10
437.4848431007817
20
885.4999997019768
30
100.0000001117586
11
437.4848431007817
21
885.4999997019768
31
1720.0000095367432
0
LINE
5
D69F
330
CFF3
100
AcDbEntity
100
AcDbLine
8
EKP_POI_TASIYICI_SASE
10
377.4848431007817
20
885.4999997019768
30
100.0000001117586
11
377.4848431007817
21
885.4999997019768
31
1720.0000095367432
0
3DFACE
5
D6A0
330
CFF3
100
AcDbEntity
100
AcDbFace
8
EKP_POI_TASIYICI_SASE
10
-262.51514497828947
20
1385.5000002980232
30
100.0000001117586
11
-202.51514497828947
21
1385.5000002980232
31
100.0000001117586
12
-202.51514497828947
22
1445.5000002980232
32
100.0000001117586
13
-262.51514497828947
23
1445.5000002980232
33
100.0000001117586
0
3DFACE
5
D6A1
330
CFF3
100
AcDbEntity
100
AcDbFace
8
EKP_POI_TASIYICI_SASE
10
-262.51514497828947
20
1385.5000002980232
30
1720.0000095367432
11
-202.51514497828947
21
1385.5000002980232
31
1720.0000095367432
12
-202.51514497828947
22
1445.5000002980232
32
1720.0000095367432
13
-262.51514497828947
23
1445.5000002980232
33
1720.0000095367432
0
3DFACE
5
D6A2
330
CFF3
100
AcDbEntity
100
AcDbFace
8
EKP_POI_TASIYICI_SASE
10
-262.51514497828947
20
1385.5000002980232
30
100.0000001117586
11
-202.51514497828947
21
1385.5000002980232
31
100.0000001117586
12
-202.51514497828947
22
1385.5000002980232
32
1720.0000095367432
13
-262.51514497828947
23
1385.5000002980232
33
1720.0000095367432
0
3DFACE
5
D6A3
330
CFF3
100
AcDbEntity
100
AcDbFace
8
EKP_POI_TASIYICI_SASE
10
-262.51514497828947
20
1445.5000002980232
30
100.0000001117586
11
-202.51514497828947
21
1445.5000002980232
31
100.0000001117586
12
-202.51514497828947
22
1445.5000002980232
32
1720.0000095367432
13
-262.51514497828947
23
1445.5000002980232
33
1720.0000095367432
0
3DFACE
5
D6A4
330
CFF3
100
AcDbEntity
100
AcDbFace
8
EKP_POI_TASIYICI_SASE
10
-262.51514497828947
20
1385.5000002980232
30
100.0000001117586
11
-262.51514497828947
21
1445.5000002980232
31
100.0000001117586
12
-262.51514497828947
22
1445.5000002980232
32
1720.0000095367432
13
-262.51514497828947
23
1385.5000002980232
33
1720.0000095367432
0
3DFACE
5
D6A5
330
CFF3
100
AcDbEntity
100
AcDbFace
8
EKP_POI_TASIYICI_SASE
10
-202.51514497828947
20
1385.5000002980232
30
100.0000001117586
11
-202.51514497828947
21
1445.5000002980232
31
100.0000001117586
12
-202.51514497828947
22
1445.5000002980232
32
1720.0000095367432
13
-202.51514497828947
23
1385.5000002980232
33
1720.0000095367432
0
LINE
5
D6A6
330
CFF3
100
AcDbEntity
100
AcDbLine
8
EKP_POI_TASIYICI_SASE
10
-262.51514497828947
20
1385.5000002980232
30
100.0000001117586
11
-202.51514497828947
21
1385.5000002980232
31
100.0000001117586
0
LINE
5
D6A7
330
CFF3
100
AcDbEntity
100
AcDbLine
8
EKP_POI_TASIYICI_SASE
10
-202.51514497828947
20
1385.5000002980232
30
100.0000001117586
11
-202.51514497828947
21
1445.5000002980232
31
100.0000001117586
0
LINE
5
D6A8
330
CFF3
100
AcDbEntity
100
AcDbLine
8
EKP_POI_TASIYICI_SASE
10
-202.51514497828947
20
1445.5000002980232
30
100.0000001117586
11
-262.51514497828947
21
1445.5000002980232
31
100.0000001117586
0
LINE
5
D6A9
330
CFF3
100
AcDbEntity
100
AcDbLine
8
EKP_POI_TASIYICI_SASE
10
-262.51514497828947
20
1445.5000002980232
30
100.0000001117586
11
-262.51514497828947
21
1385.5000002980232
31
100.0000001117586
0
LINE
5
D6AA
330
CFF3
100
AcDbEntity
100
AcDbLine
8
EKP_POI_TASIYICI_SASE
10
-262.51514497828947
20
1385.5000002980232
30
1720.0000095367432
11
-202.51514497828947
21
1385.5000002980232
31
1720.0000095367432
0
LINE
5
D6AB
330
CFF3
100
AcDbEntity
100
AcDbLine
8
EKP_POI_TASIYICI_SASE
10
-202.51514497828947
20
1385.5000002980232
30
1720.0000095367432
11
-202.51514497828947
21
1445.5000002980232
31
1720.0000095367432
0
LINE
5
D6AC
330
CFF3
100
AcDbEntity
100
AcDbLine
8
EKP_POI_TASIYICI_SASE
10
-202.51514497828947
20
1445.5000002980232
30
1720.0000095367432
11
-262.51514497828947
21
1445.5000002980232
31
1720.0000095367432
0
LINE
5
D6AD
330
CFF3
100
AcDbEntity
100
AcDbLine
8
EKP_POI_TASIYICI_SASE
10
-262.51514497828947
20
1445.5000002980232
30
1720.0000095367432
11
-262.51514497828947
21
1385.5000002980232
31
1720.0000095367432
0
LINE
5
D6AE
330
CFF3
100
AcDbEntity
100
AcDbLine
8
EKP_POI_TASIYICI_SASE
10
-262.51514497828947
20
1385.5000002980232
30
100.0000001117586
11
-262.51514497828947
21
1385.5000002980232
31
1720.0000095367432
0
LINE
5
D6AF
330
CFF3
100
AcDbEntity
100
AcDbLine
8
EKP_POI_TASIYICI_SASE
10
-202.51514497828947
20
1385.5000002980232
30
100.0000001117586
11
-202.51514497828947
21
1385.5000002980232
31
1720.0000095367432
0
LINE
5
D6B0
330
CFF3
100
AcDbEntity
100
AcDbLine
8
EKP_POI_TASIYICI_SASE
10
-202.51514497828947
20
1445.5000002980232
30
100.0000001117586
11
-202.51514497828947
21
1445.5000002980232
31
1720.0000095367432
0
LINE
5
D6B1
330
CFF3
100
AcDbEntity
100
AcDbLine
8
EKP_POI_TASIYICI_SASE
10
-262.51514497828947
20
1445.5000002980232
30
100.0000001117586
11
-262.51514497828947
21
1445.5000002980232
31
1720.0000095367432
0
3DFACE
5
D6B2
330
CFF3
100
AcDbEntity
100
AcDbFace
8
EKP_POI_TASIYICI_SASE
10
377.4848431007817
20
1385.5000002980232
30
100.0000001117586
11
437.4848431007817
21
1385.5000002980232
31
100.0000001117586
12
437.4848431007817
22
1445.5000002980232
32
100.0000001117586
13
377.4848431007817
23
1445.5000002980232
33
100.0000001117586
0
3DFACE
5
D6B3
330
CFF3
100
AcDbEntity
100
AcDbFace
8
EKP_POI_TASIYICI_SASE
10
377.4848431007817
20
1385.5000002980232
30
1720.0000095367432
11
437.4848431007817
21
1385.5000002980232
31
1720.0000095367432
12
437.4848431007817
22
1445.5000002980232
32
1720.0000095367432
13
377.4848431007817
23
1445.5000002980232
33
1720.0000095367432
0
3DFACE
5
D6B4
330
CFF3
100
AcDbEntity
100
AcDbFace
8
EKP_POI_TASIYICI_SASE
10
377.4848431007817
20
1385.5000002980232
30
100.0000001117586
11
437.4848431007817
21
1385.5000002980232
31
100.0000001117586
12
437.4848431007817
22
1385.5000002980232
32
1720.0000095367432
13
377.4848431007817
23
1385.5000002980232
33
1720.0000095367432
0
3DFACE
5
D6B5
330
CFF3
100
AcDbEntity
100
AcDbFace
8
EKP_POI_TASIYICI_SASE
10
377.4848431007817
20
1445.5000002980232
30
100.0000001117586
11
437.4848431007817
21
1445.5000002980232
31
100.0000001117586
12
437.4848431007817
22
1445.5000002980232
32
1720.0000095367432
13
377.4848431007817
23
1445.5000002980232
33
1720.0000095367432
0
3DFACE
5
D6B6
330
CFF3
100
AcDbEntity
100
AcDbFace
8
EKP_POI_TASIYICI_SASE
10
377.4848431007817
20
1385.5000002980232
30
100.0000001117586
11
377.4848431007817
21
1445.5000002980232
31
100.0000001117586
12
377.4848431007817
22
1445.5000002980232
32
1720.0000095367432
13
377.4848431007817
23
1385.5000002980232
33
1720.0000095367432
0
3DFACE
5
D6B7
330
CFF3
100
AcDbEntity
100
AcDbFace
8
EKP_POI_TASIYICI_SASE
10
437.4848431007817
20
1385.5000002980232
30
100.0000001117586
11
437.4848431007817
21
1445.5000002980232
31
100.0000001117586
12
437.4848431007817
22
1445.5000002980232
32
1720.0000095367432
13
437.4848431007817
23
1385.5000002980232
33
1720.0000095367432
0
LINE
5
D6B8
330
CFF3
100
AcDbEntity
100
AcDbLine
8
EKP_POI_TASIYICI_SASE
10
377.4848431007817
20
1385.5000002980232
30
100.0000001117586
11
437.4848431007817
21
1385.5000002980232
31
100.0000001117586
0
LINE
5
D6B9
330
CFF3
100
AcDbEntity
100
AcDbLine
8
EKP_POI_TASIYICI_SASE
10
437.4848431007817
20
1385.5000002980232
30
100.0000001117586
11
437.4848431007817
21
1445.5000002980232
31
100.0000001117586
0
LINE
5
D6BA
330
CFF3
100
AcDbEntity
100
AcDbLine
8
EKP_POI_TASIYICI_SASE
10
437.4848431007817
20
1445.5000002980232
30
100.0000001117586
11
377.4848431007817
21
1445.5000002980232
31
100.0000001117586
0
LINE
5
D6BB
330
CFF3
100
AcDbEntity
100
AcDbLine
8
EKP_POI_TASIYICI_SASE
10
377.4848431007817
20
1445.5000002980232
30
100.0000001117586
11
377.4848431007817
21
1385.5000002980232
31
100.0000001117586
0
LINE
5
D6BC
330
CFF3
100
AcDbEntity
100
AcDbLine
8
EKP_POI_TASIYICI_SASE
10
377.4848431007817
20
1385.5000002980232
30
1720.0000095367432
11
437.4848431007817
21
1385.5000002980232
31
1720.0000095367432
0
LINE
5
D6BD
330
CFF3
100
AcDbEntity
100
AcDbLine
8
EKP_POI_TASIYICI_SASE
10
437.4848431007817
20
1385.5000002980232
30
1720.0000095367432
11
437.4848431007817
21
1445.5000002980232
31
1720.0000095367432
0
LINE
5
D6BE
330
CFF3
100
AcDbEntity
100
AcDbLine
8
EKP_POI_TASIYICI_SASE
10
437.4848431007817
20
1445.5000002980232
30
1720.0000095367432
11
377.4848431007817
21
1445.5000002980232
31
1720.0000095367432
0
LINE
5
D6BF
330
CFF3
100
AcDbEntity
100
AcDbLine
8
EKP_POI_TASIYICI_SASE
10
377.4848431007817
20
1445.5000002980232
30
1720.0000095367432
11
377.4848431007817
21
1385.5000002980232
31
1720.0000095367432
0
LINE
5
D6C0
330
CFF3
100
AcDbEntity
100
AcDbLine
8
EKP_POI_TASIYICI_SASE
10
377.4848431007817
20
1385.5000002980232
30
100.0000001117586
11
377.4848431007817
21
1385.5000002980232
31
1720.0000095367432
0
LINE
5
D6C1
330
CFF3
100
AcDbEntity
100
AcDbLine
8
EKP_POI_TASIYICI_SASE
10
437.4848431007817
20
1385.5000002980232
30
100.0000001117586
11
437.4848431007817
21
1385.5000002980232
31
1720.0000095367432
0
LINE
5
D6C2
330
CFF3
100
AcDbEntity
100
AcDbLine
8
EKP_POI_TASIYICI_SASE
10
437.4848431007817
20
1445.5000002980232
30
100.0000001117586
11
437.4848431007817
21
1445.5000002980232
31
1720.0000095367432
0
LINE
5
D6C3
330
CFF3
100
AcDbEntity
100
AcDbLine
8
EKP_POI_TASIYICI_SASE
10
377.4848431007817
20
1445.5000002980232
30
100.0000001117586
11
377.4848431007817
21
1445.5000002980232
31
1720.0000095367432
0
3DFACE
5
D6C4
330
CFF3
100
AcDbEntity
100
AcDbFace
8
EKP_POI_TASIYICI_SASE
10
-262.51514497828947
20
825.4999997019768
30
1720.0000095367432
11
437.4848431007817
21
825.4999997019768
31
1720.0000095367432
12
437.4848431007817
22
1445.5000002980232
32
1720.0000095367432
13
-262.51514497828947
23
1445.5000002980232
33
1720.0000095367432
0
3DFACE
5
D6C5
330
CFF3
100
AcDbEntity
100
AcDbFace
8
EKP_POI_TASIYICI_SASE
10
-262.51514497828947
20
825.4999997019768
30
1780.0000095367432
11
437.4848431007817
21
825.4999997019768
31
1780.0000095367432
12
437.4848431007817
22
1445.5000002980232
32
1780.0000095367432
13
-262.51514497828947
23
1445.5000002980232
33
1780.0000095367432
0
3DFACE
5
D6C6
330
CFF3
100
AcDbEntity
100
AcDbFace
8
EKP_POI_TASIYICI_SASE
10
-262.51514497828947
20
825.4999997019768
30
1720.0000095367432
11
437.4848431007817
21
825.4999997019768
31
1720.0000095367432
12
437.4848431007817
22
825.4999997019768
32
1780.0000095367432
13
-262.51514497828947
23
825.4999997019768
33
1780.0000095367432
0
3DFACE
5
D6C7
330
CFF3
100
AcDbEntity
100
AcDbFace
8
EKP_POI_TASIYICI_SASE
10
-262.51514497828947
20
1445.5000002980232
30
1720.0000095367432
11
437.4848431007817
21
1445.5000002980232
31
1720.0000095367432
12
437.4848431007817
22
1445.5000002980232
32
1780.0000095367432
13
-262.51514497828947
23
1445.5000002980232
33
1780.0000095367432
0
3DFACE
5
D6C8
330
CFF3
100
AcDbEntity
100
AcDbFace
8
EKP_POI_TASIYICI_SASE
10
-262.51514497828947
20
825.4999997019768
30
1720.0000095367432
11
-262.51514497828947
21
1445.5000002980232
31
1720.0000095367432
12
-262.51514497828947
22
1445.5000002980232
32
1780.0000095367432
13
-262.51514497828947
23
825.4999997019768
33
1780.0000095367432
0
3DFACE
5
D6C9
330
CFF3
100
AcDbEntity
100
AcDbFace
8
EKP_POI_TASIYICI_SASE
10
437.4848431007817
20
825.4999997019768
30
1720.0000095367432
11
437.4848431007817
21
1445.5000002980232
31
1720.0000095367432
12
437.4848431007817
22
1445.5000002980232
32
1780.0000095367432
13
437.4848431007817
23
825.4999997019768
33
1780.0000095367432
0
LINE
5
D6CA
330
CFF3
100
AcDbEntity
100
AcDbLine
8
EKP_POI_TASIYICI_SASE
10
-262.51514497828947
20
825.4999997019768
30
1720.0000095367432
11
437.4848431007817
21
825.4999997019768
31
1720.0000095367432
0
LINE
5
D6CB
330
CFF3
100
AcDbEntity
100
AcDbLine
8
EKP_POI_TASIYICI_SASE
10
437.4848431007817
20
825.4999997019768
30
1720.0000095367432
11
437.4848431007817
21
1445.5000002980232
31
1720.0000095367432
0
LINE
5
D6CC
330
CFF3
100
AcDbEntity
100
AcDbLine
8
EKP_POI_TASIYICI_SASE
10
437.4848431007817
20
1445.5000002980232
30
1720.0000095367432
11
-262.51514497828947
21
1445.5000002980232
31
1720.0000095367432
0
LINE
5
D6CD
330
CFF3
100
AcDbEntity
100
AcDbLine
8
EKP_POI_TASIYICI_SASE
10
-262.51514497828947
20
1445.5000002980232
30
1720.0000095367432
11
-262.51514497828947
21
825.4999997019768
31
1720.0000095367432
0
LINE
5
D6CE
330
CFF3
100
AcDbEntity
100
AcDbLine
8
EKP_POI_TASIYICI_SASE
10
-262.51514497828947
20
825.4999997019768
30
1780.0000095367432
11
437.4848431007817
21
825.4999997019768
31
1780.0000095367432
0
LINE
5
D6CF
330
CFF3
100
AcDbEntity
100
AcDbLine
8
EKP_POI_TASIYICI_SASE
10
437.4848431007817
20
825.4999997019768
30
1780.0000095367432
11
437.4848431007817
21
1445.5000002980232
31
1780.0000095367432
0
LINE
5
D6D0
330
CFF3
100
AcDbEntity
100
AcDbLine
8
EKP_POI_TASIYICI_SASE
10
437.4848431007817
20
1445.5000002980232
30
1780.0000095367432
11
-262.51514497828947
21
1445.5000002980232
31
1780.0000095367432
0
LINE
5
D6D1
330
CFF3
100
AcDbEntity
100
AcDbLine
8
EKP_POI_TASIYICI_SASE
10
-262.51514497828947
20
1445.5000002980232
30
1780.0000095367432
11
-262.51514497828947
21
825.4999997019768
31
1780.0000095367432
0
LINE
5
D6D2
330
CFF3
100
AcDbEntity
100
AcDbLine
8
EKP_POI_TASIYICI_SASE
10
-262.51514497828947
20
825.4999997019768
30
1720.0000095367432
11
-262.51514497828947
21
825.4999997019768
31
1780.0000095367432
0
LINE
5
D6D3
330
CFF3
100
AcDbEntity
100
AcDbLine
8
EKP_POI_TASIYICI_SASE
10
437.4848431007817
20
825.4999997019768
30
1720.0000095367432
11
437.4848431007817
21
825.4999997019768
31
1780.0000095367432
0
LINE
5
D6D4
330
CFF3
100
AcDbEntity
100
AcDbLine
8
EKP_POI_TASIYICI_SASE
10
437.4848431007817
20
1445.5000002980232
30
1720.0000095367432
11
437.4848431007817
21
1445.5000002980232
31
1780.0000095367432
0
LINE
5
D6D5
330
CFF3
100
AcDbEntity
100
AcDbLine
8
EKP_POI_TASIYICI_SASE
10
-262.51514497828947
20
1445.5000002980232
30
1720.0000095367432
11
-262.51514497828947
21
1445.5000002980232
31
1780.0000095367432
0
3DFACE
5
D6D6
330
CFF3
100
AcDbEntity
100
AcDbFace
8
EKP_POI_TASIYICI_SASE
10
-262.51514497828947
20
885.4999997019768
30
140.0000001117586
11
-202.51514497828947
21
885.4999997019768
31
140.0000001117586
12
-202.51514497828947
22
1385.5000002980232
32
140.0000001117586
13
-262.51514497828947
23
1385.5000002980232
33
140.0000001117586
0
3DFACE
5
D6D7
330
CFF3
100
AcDbEntity
100
AcDbFace
8
EKP_POI_TASIYICI_SASE
10
-262.51514497828947
20
885.4999997019768
30
180.0000001117586
11
-202.51514497828947
21
885.4999997019768
31
180.0000001117586
12
-202.51514497828947
22
1385.5000002980232
32
180.0000001117586
13
-262.51514497828947
23
1385.5000002980232
33
180.0000001117586
0
3DFACE
5
D6D8
330
CFF3
100
AcDbEntity
100
AcDbFace
8
EKP_POI_TASIYICI_SASE
10
-262.51514497828947
20
885.4999997019768
30
140.0000001117586
11
-202.51514497828947
21
885.4999997019768
31
140.0000001117586
12
-202.51514497828947
22
885.4999997019768
32
180.0000001117586
13
-262.51514497828947
23
885.4999997019768
33
180.0000001117586
0
3DFACE
5
D6D9
330
CFF3
100
AcDbEntity
100
AcDbFace
8
EKP_POI_TASIYICI_SASE
10
-262.51514497828947
20
1385.5000002980232
30
140.0000001117586
11
-202.51514497828947
21
1385.5000002980232
31
140.0000001117586
12
-202.51514497828947
22
1385.5000002980232
32
180.0000001117586
13
-262.51514497828947
23
1385.5000002980232
33
180.0000001117586
0
3DFACE
5
D6DA
330
CFF3
100
AcDbEntity
100
AcDbFace
8
EKP_POI_TASIYICI_SASE
10
-262.51514497828947
20
885.4999997019768
30
140.0000001117586
11
-262.51514497828947
21
1385.5000002980232
31
140.0000001117586
12
-262.51514497828947
22
1385.5000002980232
32
180.0000001117586
13
-262.51514497828947
23
885.4999997019768
33
180.0000001117586
0
3DFACE
5
D6DB
330
CFF3
100
AcDbEntity
100
AcDbFace
8
EKP_POI_TASIYICI_SASE
10
-202.51514497828947
20
885.4999997019768
30
140.0000001117586
11
-202.51514497828947
21
1385.5000002980232
31
140.0000001117586
12
-202.51514497828947
22
1385.5000002980232
32
180.0000001117586
13
-202.51514497828947
23
885.4999997019768
33
180.0000001117586
0
LINE
5
D6DC
330
CFF3
100
AcDbEntity
100
AcDbLine
8
EKP_POI_TASIYICI_SASE
10
-262.51514497828947
20
885.4999997019768
30
140.0000001117586
11
-202.51514497828947
21
885.4999997019768
31
140.0000001117586
0
LINE
5
D6DD
330
CFF3
100
AcDbEntity
100
AcDbLine
8
EKP_POI_TASIYICI_SASE
10
-202.51514497828947
20
885.4999997019768
30
140.0000001117586
11
-202.51514497828947
21
1385.5000002980232
31
140.0000001117586
0
LINE
5
D6DE
330
CFF3
100
AcDbEntity
100
AcDbLine
8
EKP_POI_TASIYICI_SASE
10
-202.51514497828947
20
1385.5000002980232
30
140.0000001117586
11
-262.51514497828947
21
1385.5000002980232
31
140.0000001117586
0
LINE
5
D6DF
330
CFF3
100
AcDbEntity
100
AcDbLine
8
EKP_POI_TASIYICI_SASE
10
-262.51514497828947
20
1385.5000002980232
30
140.0000001117586
11
-262.51514497828947
21
885.4999997019768
31
140.0000001117586
0
LINE
5
D6E0
330
CFF3
100
AcDbEntity
100
AcDbLine
8
EKP_POI_TASIYICI_SASE
10
-262.51514497828947
20
885.4999997019768
30
180.0000001117586
11
-202.51514497828947
21
885.4999997019768
31
180.0000001117586
0
LINE
5
D6E1
330
CFF3
100
AcDbEntity
100
AcDbLine
8
EKP_POI_TASIYICI_SASE
10
-202.51514497828947
20
885.4999997019768
30
180.0000001117586
11
-202.51514497828947
21
1385.5000002980232
31
180.0000001117586
0
LINE
5
D6E2
330
CFF3
100
AcDbEntity
100
AcDbLine
8
EKP_POI_TASIYICI_SASE
10
-202.51514497828947
20
1385.5000002980232
30
180.0000001117586
11
-262.51514497828947
21
1385.5000002980232
31
180.0000001117586
0
LINE
5
D6E3
330
CFF3
100
AcDbEntity
100
AcDbLine
8
EKP_POI_TASIYICI_SASE
10
-262.51514497828947
20
1385.5000002980232
30
180.0000001117586
11
-262.51514497828947
21
885.4999997019768
31
180.0000001117586
0
LINE
5
D6E4
330
CFF3
100
AcDbEntity
100
AcDbLine
8
EKP_POI_TASIYICI_SASE
10
-262.51514497828947
20
885.4999997019768
30
140.0000001117586
11
-262.51514497828947
21
885.4999997019768
31
180.0000001117586
0
LINE
5
D6E5
330
CFF3
100
AcDbEntity
100
AcDbLine
8
EKP_POI_TASIYICI_SASE
10
-202.51514497828947
20
885.4999997019768
30
140.0000001117586
11
-202.51514497828947
21
885.4999997019768
31
180.0000001117586
0
LINE
5
D6E6
330
CFF3
100
AcDbEntity
100
AcDbLine
8
EKP_POI_TASIYICI_SASE
10
-202.51514497828947
20
1385.5000002980232
30
140.0000001117586
11
-202.51514497828947
21
1385.5000002980232
31
180.0000001117586
0
LINE
5
D6E7
330
CFF3
100
AcDbEntity
100
AcDbLine
8
EKP_POI_TASIYICI_SASE
10
-262.51514497828947
20
1385.5000002980232
30
140.0000001117586
11
-262.51514497828947
21
1385.5000002980232
31
180.0000001117586
0
3DFACE
5
D6E8
330
CFF3
100
AcDbEntity
100
AcDbFace
8
EKP_POI_TASIYICI_SASE
10
377.4848431007817
20
885.4999997019768
30
140.0000001117586
11
437.4848431007817
21
885.4999997019768
31
140.0000001117586
12
437.4848431007817
22
1385.5000002980232
32
140.0000001117586
13
377.4848431007817
23
1385.5000002980232
33
140.0000001117586
0
3DFACE
5
D6E9
330
CFF3
100
AcDbEntity
100
AcDbFace
8
EKP_POI_TASIYICI_SASE
10
377.4848431007817
20
885.4999997019768
30
180.0000001117586
11
437.4848431007817
21
885.4999997019768
31
180.0000001117586
12
437.4848431007817
22
1385.5000002980232
32
180.0000001117586
13
377.4848431007817
23
1385.5000002980232
33
180.0000001117586
0
3DFACE
5
D6EA
330
CFF3
100
AcDbEntity
100
AcDbFace
8
EKP_POI_TASIYICI_SASE
10
377.4848431007817
20
885.4999997019768
30
140.0000001117586
11
437.4848431007817
21
885.4999997019768
31
140.0000001117586
12
437.4848431007817
22
885.4999997019768
32
180.0000001117586
13
377.4848431007817
23
885.4999997019768
33
180.0000001117586
0
3DFACE
5
D6EB
330
CFF3
100
AcDbEntity
100
AcDbFace
8
EKP_POI_TASIYICI_SASE
10
377.4848431007817
20
1385.5000002980232
30
140.0000001117586
11
437.4848431007817
21
1385.5000002980232
31
140.0000001117586
12
437.4848431007817
22
1385.5000002980232
32
180.0000001117586
13
377.4848431007817
23
1385.5000002980232
33
180.0000001117586
0
3DFACE
5
D6EC
330
CFF3
100
AcDbEntity
100
AcDbFace
8
EKP_POI_TASIYICI_SASE
10
377.4848431007817
20
885.4999997019768
30
140.0000001117586
11
377.4848431007817
21
1385.5000002980232
31
140.0000001117586
12
377.4848431007817
22
1385.5000002980232
32
180.0000001117586
13
377.4848431007817
23
885.4999997019768
33
180.0000001117586
0
3DFACE
5
D6ED
330
CFF3
100
AcDbEntity
100
AcDbFace
8
EKP_POI_TASIYICI_SASE
10
437.4848431007817
20
885.4999997019768
30
140.0000001117586
11
437.4848431007817
21
1385.5000002980232
31
140.0000001117586
12
437.4848431007817
22
1385.5000002980232
32
180.0000001117586
13
437.4848431007817
23
885.4999997019768
33
180.0000001117586
0
LINE
5
D6EE
330
CFF3
100
AcDbEntity
100
AcDbLine
8
EKP_POI_TASIYICI_SASE
10
377.4848431007817
20
885.4999997019768
30
140.0000001117586
11
437.4848431007817
21
885.4999997019768
31
140.0000001117586
0
LINE
5
D6EF
330
CFF3
100
AcDbEntity
100
AcDbLine
8
EKP_POI_TASIYICI_SASE
10
437.4848431007817
20
885.4999997019768
30
140.0000001117586
11
437.4848431007817
21
1385.5000002980232
31
140.0000001117586
0
LINE
5
D6F0
330
CFF3
100
AcDbEntity
100
AcDbLine
8
EKP_POI_TASIYICI_SASE
10
437.4848431007817
20
1385.5000002980232
30
140.0000001117586
11
377.4848431007817
21
1385.5000002980232
31
140.0000001117586
0
LINE
5
D6F1
330
CFF3
100
AcDbEntity
100
AcDbLine
8
EKP_POI_TASIYICI_SASE
10
377.4848431007817
20
1385.5000002980232
30
140.0000001117586
11
377.4848431007817
21
885.4999997019768
31
140.0000001117586
0
LINE
5
D6F2
330
CFF3
100
AcDbEntity
100
AcDbLine
8
EKP_POI_TASIYICI_SASE
10
377.4848431007817
20
885.4999997019768
30
180.0000001117586
11
437.4848431007817
21
885.4999997019768
31
180.0000001117586
0
LINE
5
D6F3
330
CFF3
100
AcDbEntity
100
AcDbLine
8
EKP_POI_TASIYICI_SASE
10
437.4848431007817
20
885.4999997019768
30
180.0000001117586
11
437.4848431007817
21
1385.5000002980232
31
180.0000001117586
0
LINE
5
D6F4
330
CFF3
100
AcDbEntity
100
AcDbLine
8
EKP_POI_TASIYICI_SASE
10
437.4848431007817
20
1385.5000002980232
30
180.0000001117586
11
377.4848431007817
21
1385.5000002980232
31
180.0000001117586
0
LINE
5
D6F5
330
CFF3
100
AcDbEntity
100
AcDbLine
8
EKP_POI_TASIYICI_SASE
10
377.4848431007817
20
1385.5000002980232
30
180.0000001117586
11
377.4848431007817
21
885.4999997019768
31
180.0000001117586
0
LINE
5
D6F6
330
CFF3
100
AcDbEntity
100
AcDbLine
8
EKP_POI_TASIYICI_SASE
10
377.4848431007817
20
885.4999997019768
30
140.0000001117586
11
377.4848431007817
21
885.4999997019768
31
180.0000001117586
0
LINE
5
D6F7
330
CFF3
100
AcDbEntity
100
AcDbLine
8
EKP_POI_TASIYICI_SASE
10
437.4848431007817
20
885.4999997019768
30
140.0000001117586
11
437.4848431007817
21
885.4999997019768
31
180.0000001117586
0
LINE
5
D6F8
330
CFF3
100
AcDbEntity
100
AcDbLine
8
EKP_POI_TASIYICI_SASE
10
437.4848431007817
20
1385.5000002980232
30
140.0000001117586
11
437.4848431007817
21
1385.5000002980232
31
180.0000001117586
0
LINE
5
D6F9
330
CFF3
100
AcDbEntity
100
AcDbLine
8
EKP_POI_TASIYICI_SASE
10
377.4848431007817
20
1385.5000002980232
30
140.0000001117586
11
377.4848431007817
21
1385.5000002980232
31
180.0000001117586
0
3DFACE
5
D6FA
330
CFF3
100
AcDbEntity
100
AcDbFace
8
EKP_POI_TASIYICI_SASE
10
-262.51514497828947
20
885.4999997019768
30
890.0000048242509
11
-202.51514497828947
21
885.4999997019768
31
890.0000048242509
12
-202.51514497828947
22
1385.5000002980232
32
890.0000048242509
13
-262.51514497828947
23
1385.5000002980232
33
890.0000048242509
0
3DFACE
5
D6FB
330
CFF3
100
AcDbEntity
100
AcDbFace
8
EKP_POI_TASIYICI_SASE
10
-262.51514497828947
20
885.4999997019768
30
930.0000048242509
11
-202.51514497828947
21
885.4999997019768
31
930.0000048242509
12
-202.51514497828947
22
1385.5000002980232
32
930.0000048242509
13
-262.51514497828947
23
1385.5000002980232
33
930.0000048242509
0
3DFACE
5
D6FC
330
CFF3
100
AcDbEntity
100
AcDbFace
8
EKP_POI_TASIYICI_SASE
10
-262.51514497828947
20
885.4999997019768
30
890.0000048242509
11
-202.51514497828947
21
885.4999997019768
31
890.0000048242509
12
-202.51514497828947
22
885.4999997019768
32
930.0000048242509
13
-262.51514497828947
23
885.4999997019768
33
930.0000048242509
0
3DFACE
5
D6FD
330
CFF3
100
AcDbEntity
100
AcDbFace
8
EKP_POI_TASIYICI_SASE
10
-262.51514497828947
20
1385.5000002980232
30
890.0000048242509
11
-202.51514497828947
21
1385.5000002980232
31
890.0000048242509
12
-202.51514497828947
22
1385.5000002980232
32
930.0000048242509
13
-262.51514497828947
23
1385.5000002980232
33
930.0000048242509
0
3DFACE
5
D6FE
330
CFF3
100
AcDbEntity
100
AcDbFace
8
EKP_POI_TASIYICI_SASE
10
-262.51514497828947
20
885.4999997019768
30
890.0000048242509
11
-262.51514497828947
21
1385.5000002980232
31
890.0000048242509
12
-262.51514497828947
22
1385.5000002980232
32
930.0000048242509
13
-262.51514497828947
23
885.4999997019768
33
930.0000048242509
0
3DFACE
5
D6FF
330
CFF3
100
AcDbEntity
100
AcDbFace
8
EKP_POI_TASIYICI_SASE
10
-202.51514497828947
20
885.4999997019768
30
890.0000048242509
11
-202.51514497828947
21
1385.5000002980232
31
890.0000048242509
12
-202.51514497828947
22
1385.5000002980232
32
930.0000048242509
13
-202.51514497828947
23
885.4999997019768
33
930.0000048242509
0
LINE
5
D700
330
CFF3
100
AcDbEntity
100
AcDbLine
8
EKP_POI_TASIYICI_SASE
10
-262.51514497828947
20
885.4999997019768
30
890.0000048242509
11
-202.51514497828947
21
885.4999997019768
31
890.0000048242509
0
LINE
5
D701
330
CFF3
100
AcDbEntity
100
AcDbLine
8
EKP_POI_TASIYICI_SASE
10
-202.51514497828947
20
885.4999997019768
30
890.0000048242509
11
-202.51514497828947
21
1385.5000002980232
31
890.0000048242509
0
LINE
5
D702
330
CFF3
100
AcDbEntity
100
AcDbLine
8
EKP_POI_TASIYICI_SASE
10
-202.51514497828947
20
1385.5000002980232
30
890.0000048242509
11
-262.51514497828947
21
1385.5000002980232
31
890.0000048242509
0
LINE
5
D703
330
CFF3
100
AcDbEntity
100
AcDbLine
8
EKP_POI_TASIYICI_SASE
10
-262.51514497828947
20
1385.5000002980232
30
890.0000048242509
11
-262.51514497828947
21
885.4999997019768
31
890.0000048242509
0
LINE
5
D704
330
CFF3
100
AcDbEntity
100
AcDbLine
8
EKP_POI_TASIYICI_SASE
10
-262.51514497828947
20
885.4999997019768
30
930.0000048242509
11
-202.51514497828947
21
885.4999997019768
31
930.0000048242509
0
LINE
5
D705
330
CFF3
100
AcDbEntity
100
AcDbLine
8
EKP_POI_TASIYICI_SASE
10
-202.51514497828947
20
885.4999997019768
30
930.0000048242509
11
-202.51514497828947
21
1385.5000002980232
31
930.0000048242509
0
LINE
5
D706
330
CFF3
100
AcDbEntity
100
AcDbLine
8
EKP_POI_TASIYICI_SASE
10
-202.51514497828947
20
1385.5000002980232
30
930.0000048242509
11
-262.51514497828947
21
1385.5000002980232
31
930.0000048242509
0
LINE
5
D707
330
CFF3
100
AcDbEntity
100
AcDbLine
8
EKP_POI_TASIYICI_SASE
10
-262.51514497828947
20
1385.5000002980232
30
930.0000048242509
11
-262.51514497828947
21
885.4999997019768
31
930.0000048242509
0
LINE
5
D708
330
CFF3
100
AcDbEntity
100
AcDbLine
8
EKP_POI_TASIYICI_SASE
10
-262.51514497828947
20
885.4999997019768
30
890.0000048242509
11
-262.51514497828947
21
885.4999997019768
31
930.0000048242509
0
LINE
5
D709
330
CFF3
100
AcDbEntity
100
AcDbLine
8
EKP_POI_TASIYICI_SASE
10
-202.51514497828947
20
885.4999997019768
30
890.0000048242509
11
-202.51514497828947
21
885.4999997019768
31
930.0000048242509
0
LINE
5
D70A
330
CFF3
100
AcDbEntity
100
AcDbLine
8
EKP_POI_TASIYICI_SASE
10
-202.51514497828947
20
1385.5000002980232
30
890.0000048242509
11
-202.51514497828947
21
1385.5000002980232
31
930.0000048242509
0
LINE
5
D70B
330
CFF3
100
AcDbEntity
100
AcDbLine
8
EKP_POI_TASIYICI_SASE
10
-262.51514497828947
20
1385.5000002980232
30
890.0000048242509
11
-262.51514497828947
21
1385.5000002980232
31
930.0000048242509
0
3DFACE
5
D70C
330
CFF3
100
AcDbEntity
100
AcDbFace
8
EKP_POI_TASIYICI_SASE
10
377.4848431007817
20
885.4999997019768
30
890.0000048242509
11
437.4848431007817
21
885.4999997019768
31
890.0000048242509
12
437.4848431007817
22
1385.5000002980232
32
890.0000048242509
13
377.4848431007817
23
1385.5000002980232
33
890.0000048242509
0
3DFACE
5
D70D
330
CFF3
100
AcDbEntity
100
AcDbFace
8
EKP_POI_TASIYICI_SASE
10
377.4848431007817
20
885.4999997019768
30
930.0000048242509
11
437.4848431007817
21
885.4999997019768
31
930.0000048242509
12
437.4848431007817
22
1385.5000002980232
32
930.0000048242509
13
377.4848431007817
23
1385.5000002980232
33
930.0000048242509
0
3DFACE
5
D70E
330
CFF3
100
AcDbEntity
100
AcDbFace
8
EKP_POI_TASIYICI_SASE
10
377.4848431007817
20
885.4999997019768
30
890.0000048242509
11
437.4848431007817
21
885.4999997019768
31
890.0000048242509
12
437.4848431007817
22
885.4999997019768
32
930.0000048242509
13
377.4848431007817
23
885.4999997019768
33
930.0000048242509
0
3DFACE
5
D70F
330
CFF3
100
AcDbEntity
100
AcDbFace
8
EKP_POI_TASIYICI_SASE
10
377.4848431007817
20
1385.5000002980232
30
890.0000048242509
11
437.4848431007817
21
1385.5000002980232
31
890.0000048242509
12
437.4848431007817
22
1385.5000002980232
32
930.0000048242509
13
377.4848431007817
23
1385.5000002980232
33
930.0000048242509
0
3DFACE
5
D710
330
CFF3
100
AcDbEntity
100
AcDbFace
8
EKP_POI_TASIYICI_SASE
10
377.4848431007817
20
885.4999997019768
30
890.0000048242509
11
377.4848431007817
21
1385.5000002980232
31
890.0000048242509
12
377.4848431007817
22
1385.5000002980232
32
930.0000048242509
13
377.4848431007817
23
885.4999997019768
33
930.0000048242509
0
3DFACE
5
D711
330
CFF3
100
AcDbEntity
100
AcDbFace
8
EKP_POI_TASIYICI_SASE
10
437.4848431007817
20
885.4999997019768
30
890.0000048242509
11
437.4848431007817
21
1385.5000002980232
31
890.0000048242509
12
437.4848431007817
22
1385.5000002980232
32
930.0000048242509
13
437.4848431007817
23
885.4999997019768
33
930.0000048242509
0
LINE
5
D712
330
CFF3
100
AcDbEntity
100
AcDbLine
8
EKP_POI_TASIYICI_SASE
10
377.4848431007817
20
885.4999997019768
30
890.0000048242509
11
437.4848431007817
21
885.4999997019768
31
890.0000048242509
0
LINE
5
D713
330
CFF3
100
AcDbEntity
100
AcDbLine
8
EKP_POI_TASIYICI_SASE
10
437.4848431007817
20
885.4999997019768
30
890.0000048242509
11
437.4848431007817
21
1385.5000002980232
31
890.0000048242509
0
LINE
5
D714
330
CFF3
100
AcDbEntity
100
AcDbLine
8
EKP_POI_TASIYICI_SASE
10
437.4848431007817
20
1385.5000002980232
30
890.0000048242509
11
377.4848431007817
21
1385.5000002980232
31
890.0000048242509
0
LINE
5
D715
330
CFF3
100
AcDbEntity
100
AcDbLine
8
EKP_POI_TASIYICI_SASE
10
377.4848431007817
20
1385.5000002980232
30
890.0000048242509
11
377.4848431007817
21
885.4999997019768
31
890.0000048242509
0
LINE
5
D716
330
CFF3
100
AcDbEntity
100
AcDbLine
8
EKP_POI_TASIYICI_SASE
10
377.4848431007817
20
885.4999997019768
30
930.0000048242509
11
437.4848431007817
21
885.4999997019768
31
930.0000048242509
0
LINE
5
D717
330
CFF3
100
AcDbEntity
100
AcDbLine
8
EKP_POI_TASIYICI_SASE
10
437.4848431007817
20
885.4999997019768
30
930.0000048242509
11
437.4848431007817
21
1385.5000002980232
31
930.0000048242509
0
LINE
5
D718
330
CFF3
100
AcDbEntity
100
AcDbLine
8
EKP_POI_TASIYICI_SASE
10
437.4848431007817
20
1385.5000002980232
30
930.0000048242509
11
377.4848431007817
21
1385.5000002980232
31
930.0000048242509
0
LINE
5
D719
330
CFF3
100
AcDbEntity
100
AcDbLine
8
EKP_POI_TASIYICI_SASE
10
377.4848431007817
20
1385.5000002980232
30
930.0000048242509
11
377.4848431007817
21
885.4999997019768
31
930.0000048242509
0
LINE
5
D71A
330
CFF3
100
AcDbEntity
100
AcDbLine
8
EKP_POI_TASIYICI_SASE
10
377.4848431007817
20
885.4999997019768
30
890.0000048242509
11
377.4848431007817
21
885.4999997019768
31
930.0000048242509
0
LINE
5
D71B
330
CFF3
100
AcDbEntity
100
AcDbLine
8
EKP_POI_TASIYICI_SASE
10
437.4848431007817
20
885.4999997019768
30
890.0000048242509
11
437.4848431007817
21
885.4999997019768
31
930.0000048242509
0
LINE
5
D71C
330
CFF3
100
AcDbEntity
100
AcDbLine
8
EKP_POI_TASIYICI_SASE
10
437.4848431007817
20
1385.5000002980232
30
890.0000048242509
11
437.4848431007817
21
1385.5000002980232
31
930.0000048242509
0
LINE
5
D71D
330
CFF3
100
AcDbEntity
100
AcDbLine
8
EKP_POI_TASIYICI_SASE
10
377.4848431007817
20
1385.5000002980232
30
890.0000048242509
11
377.4848431007817
21
1385.5000002980232
31
930.0000048242509
0
3DFACE
5
D71E
330
CFF3
100
AcDbEntity
100
AcDbFace
8
EKP_POI_TASIYICI_SASE
10
-262.51514497828947
20
885.4999997019768
30
1660.0000095367432
11
-202.51514497828947
21
885.4999997019768
31
1660.0000095367432
12
-202.51514497828947
22
1385.5000002980232
32
1660.0000095367432
13
-262.51514497828947
23
1385.5000002980232
33
1660.0000095367432
0
3DFACE
5
D71F
330
CFF3
100
AcDbEntity
100
AcDbFace
8
EKP_POI_TASIYICI_SASE
10
-262.51514497828947
20
885.4999997019768
30
1700.0000095367432
11
-202.51514497828947
21
885.4999997019768
31
1700.0000095367432
12
-202.51514497828947
22
1385.5000002980232
32
1700.0000095367432
13
-262.51514497828947
23
1385.5000002980232
33
1700.0000095367432
0
3DFACE
5
D720
330
CFF3
100
AcDbEntity
100
AcDbFace
8
EKP_POI_TASIYICI_SASE
10
-262.51514497828947
20
885.4999997019768
30
1660.0000095367432
11
-202.51514497828947
21
885.4999997019768
31
1660.0000095367432
12
-202.51514497828947
22
885.4999997019768
32
1700.0000095367432
13
-262.51514497828947
23
885.4999997019768
33
1700.0000095367432
0
3DFACE
5
D721
330
CFF3
100
AcDbEntity
100
AcDbFace
8
EKP_POI_TASIYICI_SASE
10
-262.51514497828947
20
1385.5000002980232
30
1660.0000095367432
11
-202.51514497828947
21
1385.5000002980232
31
1660.0000095367432
12
-202.51514497828947
22
1385.5000002980232
32
1700.0000095367432
13
-262.51514497828947
23
1385.5000002980232
33
1700.0000095367432
0
3DFACE
5
D722
330
CFF3
100
AcDbEntity
100
AcDbFace
8
EKP_POI_TASIYICI_SASE
10
-262.51514497828947
20
885.4999997019768
30
1660.0000095367432
11
-262.51514497828947
21
1385.5000002980232
31
1660.0000095367432
12
-262.51514497828947
22
1385.5000002980232
32
1700.0000095367432
13
-262.51514497828947
23
885.4999997019768
33
1700.0000095367432
0
3DFACE
5
D723
330
CFF3
100
AcDbEntity
100
AcDbFace
8
EKP_POI_TASIYICI_SASE
10
-202.51514497828947
20
885.4999997019768
30
1660.0000095367432
11
-202.51514497828947
21
1385.5000002980232
31
1660.0000095367432
12
-202.51514497828947
22
1385.5000002980232
32
1700.0000095367432
13
-202.51514497828947
23
885.4999997019768
33
1700.0000095367432
0
LINE
5
D724
330
CFF3
100
AcDbEntity
100
AcDbLine
8
EKP_POI_TASIYICI_SASE
10
-262.51514497828947
20
885.4999997019768
30
1660.0000095367432
11
-202.51514497828947
21
885.4999997019768
31
1660.0000095367432
0
LINE
5
D725
330
CFF3
100
AcDbEntity
100
AcDbLine
8
EKP_POI_TASIYICI_SASE
10
-202.51514497828947
20
885.4999997019768
30
1660.0000095367432
11
-202.51514497828947
21
1385.5000002980232
31
1660.0000095367432
0
LINE
5
D726
330
CFF3
100
AcDbEntity
100
AcDbLine
8
EKP_POI_TASIYICI_SASE
10
-202.51514497828947
20
1385.5000002980232
30
1660.0000095367432
11
-262.51514497828947
21
1385.5000002980232
31
1660.0000095367432
0
LINE
5
D727
330
CFF3
100
AcDbEntity
100
AcDbLine
8
EKP_POI_TASIYICI_SASE
10
-262.51514497828947
20
1385.5000002980232
30
1660.0000095367432
11
-262.51514497828947
21
885.4999997019768
31
1660.0000095367432
0
LINE
5
D728
330
CFF3
100
AcDbEntity
100
AcDbLine
8
EKP_POI_TASIYICI_SASE
10
-262.51514497828947
20
885.4999997019768
30
1700.0000095367432
11
-202.51514497828947
21
885.4999997019768
31
1700.0000095367432
0
LINE
5
D729
330
CFF3
100
AcDbEntity
100
AcDbLine
8
EKP_POI_TASIYICI_SASE
10
-202.51514497828947
20
885.4999997019768
30
1700.0000095367432
11
-202.51514497828947
21
1385.5000002980232
31
1700.0000095367432
0
LINE
5
D72A
330
CFF3
100
AcDbEntity
100
AcDbLine
8
EKP_POI_TASIYICI_SASE
10
-202.51514497828947
20
1385.5000002980232
30
1700.0000095367432
11
-262.51514497828947
21
1385.5000002980232
31
1700.0000095367432
0
LINE
5
D72B
330
CFF3
100
AcDbEntity
100
AcDbLine
8
EKP_POI_TASIYICI_SASE
10
-262.51514497828947
20
1385.5000002980232
30
1700.0000095367432
11
-262.51514497828947
21
885.4999997019768
31
1700.0000095367432
0
LINE
5
D72C
330
CFF3
100
AcDbEntity
100
AcDbLine
8
EKP_POI_TASIYICI_SASE
10
-262.51514497828947
20
885.4999997019768
30
1660.0000095367432
11
-262.51514497828947
21
885.4999997019768
31
1700.0000095367432
0
LINE
5
D72D
330
CFF3
100
AcDbEntity
100
AcDbLine
8
EKP_POI_TASIYICI_SASE
10
-202.51514497828947
20
885.4999997019768
30
1660.0000095367432
11
-202.51514497828947
21
885.4999997019768
31
1700.0000095367432
0
LINE
5
D72E
330
CFF3
100
AcDbEntity
100
AcDbLine
8
EKP_POI_TASIYICI_SASE
10
-202.51514497828947
20
1385.5000002980232
30
1660.0000095367432
11
-202.51514497828947
21
1385.5000002980232
31
1700.0000095367432
0
LINE
5
D72F
330
CFF3
100
AcDbEntity
100
AcDbLine
8
EKP_POI_TASIYICI_SASE
10
-262.51514497828947
20
1385.5000002980232
30
1660.0000095367432
11
-262.51514497828947
21
1385.5000002980232
31
1700.0000095367432
0
3DFACE
5
D730
330
CFF3
100
AcDbEntity
100
AcDbFace
8
EKP_POI_TASIYICI_SASE
10
377.4848431007817
20
885.4999997019768
30
1660.0000095367432
11
437.4848431007817
21
885.4999997019768
31
1660.0000095367432
12
437.4848431007817
22
1385.5000002980232
32
1660.0000095367432
13
377.4848431007817
23
1385.5000002980232
33
1660.0000095367432
0
3DFACE
5
D731
330
CFF3
100
AcDbEntity
100
AcDbFace
8
EKP_POI_TASIYICI_SASE
10
377.4848431007817
20
885.4999997019768
30
1700.0000095367432
11
437.4848431007817
21
885.4999997019768
31
1700.0000095367432
12
437.4848431007817
22
1385.5000002980232
32
1700.0000095367432
13
377.4848431007817
23
1385.5000002980232
33
1700.0000095367432
0
3DFACE
5
D732
330
CFF3
100
AcDbEntity
100
AcDbFace
8
EKP_POI_TASIYICI_SASE
10
377.4848431007817
20
885.4999997019768
30
1660.0000095367432
11
437.4848431007817
21
885.4999997019768
31
1660.0000095367432
12
437.4848431007817
22
885.4999997019768
32
1700.0000095367432
13
377.4848431007817
23
885.4999997019768
33
1700.0000095367432
0
3DFACE
5
D733
330
CFF3
100
AcDbEntity
100
AcDbFace
8
EKP_POI_TASIYICI_SASE
10
377.4848431007817
20
1385.5000002980232
30
1660.0000095367432
11
437.4848431007817
21
1385.5000002980232
31
1660.0000095367432
12
437.4848431007817
22
1385.5000002980232
32
1700.0000095367432
13
377.4848431007817
23
1385.5000002980232
33
1700.0000095367432
0
3DFACE
5
D734
330
CFF3
100
AcDbEntity
100
AcDbFace
8
EKP_POI_TASIYICI_SASE
10
377.4848431007817
20
885.4999997019768
30
1660.0000095367432
11
377.4848431007817
21
1385.5000002980232
31
1660.0000095367432
12
377.4848431007817
22
1385.5000002980232
32
1700.0000095367432
13
377.4848431007817
23
885.4999997019768
33
1700.0000095367432
0
3DFACE
5
D735
330
CFF3
100
AcDbEntity
100
AcDbFace
8
EKP_POI_TASIYICI_SASE
10
437.4848431007817
20
885.4999997019768
30
1660.0000095367432
11
437.4848431007817
21
1385.5000002980232
31
1660.0000095367432
12
437.4848431007817
22
1385.5000002980232
32
1700.0000095367432
13
437.4848431007817
23
885.4999997019768
33
1700.0000095367432
0
LINE
5
D736
330
CFF3
100
AcDbEntity
100
AcDbLine
8
EKP_POI_TASIYICI_SASE
10
377.4848431007817
20
885.4999997019768
30
1660.0000095367432
11
437.4848431007817
21
885.4999997019768
31
1660.0000095367432
0
LINE
5
D737
330
CFF3
100
AcDbEntity
100
AcDbLine
8
EKP_POI_TASIYICI_SASE
10
437.4848431007817
20
885.4999997019768
30
1660.0000095367432
11
437.4848431007817
21
1385.5000002980232
31
1660.0000095367432
0
LINE
5
D738
330
CFF3
100
AcDbEntity
100
AcDbLine
8
EKP_POI_TASIYICI_SASE
10
437.4848431007817
20
1385.5000002980232
30
1660.0000095367432
11
377.4848431007817
21
1385.5000002980232
31
1660.0000095367432
0
LINE
5
D739
330
CFF3
100
AcDbEntity
100
AcDbLine
8
EKP_POI_TASIYICI_SASE
10
377.4848431007817
20
1385.5000002980232
30
1660.0000095367432
11
377.4848431007817
21
885.4999997019768
31
1660.0000095367432
0
LINE
5
D73A
330
CFF3
100
AcDbEntity
100
AcDbLine
8
EKP_POI_TASIYICI_SASE
10
377.4848431007817
20
885.4999997019768
30
1700.0000095367432
11
437.4848431007817
21
885.4999997019768
31
1700.0000095367432
0
LINE
5
D73B
330
CFF3
100
AcDbEntity
100
AcDbLine
8
EKP_POI_TASIYICI_SASE
10
437.4848431007817
20
885.4999997019768
30
1700.0000095367432
11
437.4848431007817
21
1385.5000002980232
31
1700.0000095367432
0
LINE
5
D73C
330
CFF3
100
AcDbEntity
100
AcDbLine
8
EKP_POI_TASIYICI_SASE
10
437.4848431007817
20
1385.5000002980232
30
1700.0000095367432
11
377.4848431007817
21
1385.5000002980232
31
1700.0000095367432
0
LINE
5
D73D
330
CFF3
100
AcDbEntity
100
AcDbLine
8
EKP_POI_TASIYICI_SASE
10
377.4848431007817
20
1385.5000002980232
30
1700.0000095367432
11
377.4848431007817
21
885.4999997019768
31
1700.0000095367432
0
LINE
5
D73E
330
CFF3
100
AcDbEntity
100
AcDbLine
8
EKP_POI_TASIYICI_SASE
10
377.4848431007817
20
885.4999997019768
30
1660.0000095367432
11
377.4848431007817
21
885.4999997019768
31
1700.0000095367432
0
LINE
5
D73F
330
CFF3
100
AcDbEntity
100
AcDbLine
8
EKP_POI_TASIYICI_SASE
10
437.4848431007817
20
885.4999997019768
30
1660.0000095367432
11
437.4848431007817
21
885.4999997019768
31
1700.0000095367432
0
LINE
5
D740
330
CFF3
100
AcDbEntity
100
AcDbLine
8
EKP_POI_TASIYICI_SASE
10
437.4848431007817
20
1385.5000002980232
30
1660.0000095367432
11
437.4848431007817
21
1385.5000002980232
31
1700.0000095367432
0
LINE
5
D741
330
CFF3
100
AcDbEntity
100
AcDbLine
8
EKP_POI_TASIYICI_SASE
10
377.4848431007817
20
1385.5000002980232
30
1660.0000095367432
11
377.4848431007817
21
1385.5000002980232
31
1700.0000095367432
0
3DFACE
5
D742
330
CFF3
100
AcDbEntity
100
AcDbFace
8
EKP_POI_TASIYICI_SASE
10
-178.8151509387539
20
885.4999997019768
30
100.0000001117586
11
-153.8151509387539
21
885.4999997019768
31
100.0000001117586
12
-153.8151509387539
22
910.4999997019768
32
100.0000001117586
13
-178.8151509387539
23
910.4999997019768
33
100.0000001117586
0
3DFACE
5
D743
330
CFF3
100
AcDbEntity
100
AcDbFace
8
EKP_POI_TASIYICI_SASE
10
-178.8151509387539
20
885.4999997019768
30
1720.0000095367432
11
-153.8151509387539
21
885.4999997019768
31
1720.0000095367432
12
-153.8151509387539
22
910.4999997019768
32
1720.0000095367432
13
-178.8151509387539
23
910.4999997019768
33
1720.0000095367432
0
3DFACE
5
D744
330
CFF3
100
AcDbEntity
100
AcDbFace
8
EKP_POI_TASIYICI_SASE
10
-178.8151509387539
20
885.4999997019768
30
100.0000001117586
11
-153.8151509387539
21
885.4999997019768
31
100.0000001117586
12
-153.8151509387539
22
885.4999997019768
32
1720.0000095367432
13
-178.8151509387539
23
885.4999997019768
33
1720.0000095367432
0
3DFACE
5
D745
330
CFF3
100
AcDbEntity
100
AcDbFace
8
EKP_POI_TASIYICI_SASE
10
-178.8151509387539
20
910.4999997019768
30
100.0000001117586
11
-153.8151509387539
21
910.4999997019768
31
100.0000001117586
12
-153.8151509387539
22
910.4999997019768
32
1720.0000095367432
13
-178.8151509387539
23
910.4999997019768
33
1720.0000095367432
0
3DFACE
5
D746
330
CFF3
100
AcDbEntity
100
AcDbFace
8
EKP_POI_TASIYICI_SASE
10
-178.8151509387539
20
885.4999997019768
30
100.0000001117586
11
-178.8151509387539
21
910.4999997019768
31
100.0000001117586
12
-178.8151509387539
22
910.4999997019768
32
1720.0000095367432
13
-178.8151509387539
23
885.4999997019768
33
1720.0000095367432
0
3DFACE
5
D747
330
CFF3
100
AcDbEntity
100
AcDbFace
8
EKP_POI_TASIYICI_SASE
10
-153.8151509387539
20
885.4999997019768
30
100.0000001117586
11
-153.8151509387539
21
910.4999997019768
31
100.0000001117586
12
-153.8151509387539
22
910.4999997019768
32
1720.0000095367432
13
-153.8151509387539
23
885.4999997019768
33
1720.0000095367432
0
LINE
5
D748
330
CFF3
100
AcDbEntity
100
AcDbLine
8
EKP_POI_TASIYICI_SASE
10
-178.8151509387539
20
885.4999997019768
30
100.0000001117586
11
-153.8151509387539
21
885.4999997019768
31
100.0000001117586
0
LINE
5
D749
330
CFF3
100
AcDbEntity
100
AcDbLine
8
EKP_POI_TASIYICI_SASE
10
-153.8151509387539
20
885.4999997019768
30
100.0000001117586
11
-153.8151509387539
21
910.4999997019768
31
100.0000001117586
0
LINE
5
D74A
330
CFF3
100
AcDbEntity
100
AcDbLine
8
EKP_POI_TASIYICI_SASE
10
-153.8151509387539
20
910.4999997019768
30
100.0000001117586
11
-178.8151509387539
21
910.4999997019768
31
100.0000001117586
0
LINE
5
D74B
330
CFF3
100
AcDbEntity
100
AcDbLine
8
EKP_POI_TASIYICI_SASE
10
-178.8151509387539
20
910.4999997019768
30
100.0000001117586
11
-178.8151509387539
21
885.4999997019768
31
100.0000001117586
0
LINE
5
D74C
330
CFF3
100
AcDbEntity
100
AcDbLine
8
EKP_POI_TASIYICI_SASE
10
-178.8151509387539
20
885.4999997019768
30
1720.0000095367432
11
-153.8151509387539
21
885.4999997019768
31
1720.0000095367432
0
LINE
5
D74D
330
CFF3
100
AcDbEntity
100
AcDbLine
8
EKP_POI_TASIYICI_SASE
10
-153.8151509387539
20
885.4999997019768
30
1720.0000095367432
11
-153.8151509387539
21
910.4999997019768
31
1720.0000095367432
0
LINE
5
D74E
330
CFF3
100
AcDbEntity
100
AcDbLine
8
EKP_POI_TASIYICI_SASE
10
-153.8151509387539
20
910.4999997019768
30
1720.0000095367432
11
-178.8151509387539
21
910.4999997019768
31
1720.0000095367432
0
LINE
5
D74F
330
CFF3
100
AcDbEntity
100
AcDbLine
8
EKP_POI_TASIYICI_SASE
10
-178.8151509387539
20
910.4999997019768
30
1720.0000095367432
11
-178.8151509387539
21
885.4999997019768
31
1720.0000095367432
0
LINE
5
D750
330
CFF3
100
AcDbEntity
100
AcDbLine
8
EKP_POI_TASIYICI_SASE
10
-178.8151509387539
20
885.4999997019768
30
100.0000001117586
11
-178.8151509387539
21
885.4999997019768
31
1720.0000095367432
0
LINE
5
D751
330
CFF3
100
AcDbEntity
100
AcDbLine
8
EKP_POI_TASIYICI_SASE
10
-153.8151509387539
20
885.4999997019768
30
100.0000001117586
11
-153.8151509387539
21
885.4999997019768
31
1720.0000095367432
0
LINE
5
D752
330
CFF3
100
AcDbEntity
100
AcDbLine
8
EKP_POI_TASIYICI_SASE
10
-153.8151509387539
20
910.4999997019768
30
100.0000001117586
11
-153.8151509387539
21
910.4999997019768
31
1720.0000095367432
0
LINE
5
D753
330
CFF3
100
AcDbEntity
100
AcDbLine
8
EKP_POI_TASIYICI_SASE
10
-178.8151509387539
20
910.4999997019768
30
100.0000001117586
11
-178.8151509387539
21
910.4999997019768
31
1720.0000095367432
0
3DFACE
5
D754
330
CFF3
100
AcDbEntity
100
AcDbFace
8
EKP_POI_TASIYICI_SASE
10
328.7848490612461
20
885.4999997019768
30
100.0000001117586
11
353.7848490612461
21
885.4999997019768
31
100.0000001117586
12
353.7848490612461
22
910.4999997019768
32
100.0000001117586
13
328.7848490612461
23
910.4999997019768
33
100.0000001117586
0
3DFACE
5
D755
330
CFF3
100
AcDbEntity
100
AcDbFace
8
EKP_POI_TASIYICI_SASE
10
328.7848490612461
20
885.4999997019768
30
1720.0000095367432
11
353.7848490612461
21
885.4999997019768
31
1720.0000095367432
12
353.7848490612461
22
910.4999997019768
32
1720.0000095367432
13
328.7848490612461
23
910.4999997019768
33
1720.0000095367432
0
3DFACE
5
D756
330
CFF3
100
AcDbEntity
100
AcDbFace
8
EKP_POI_TASIYICI_SASE
10
328.7848490612461
20
885.4999997019768
30
100.0000001117586
11
353.7848490612461
21
885.4999997019768
31
100.0000001117586
12
353.7848490612461
22
885.4999997019768
32
1720.0000095367432
13
328.7848490612461
23
885.4999997019768
33
1720.0000095367432
0
3DFACE
5
D757
330
CFF3
100
AcDbEntity
100
AcDbFace
8
EKP_POI_TASIYICI_SASE
10
328.7848490612461
20
910.4999997019768
30
100.0000001117586
11
353.7848490612461
21
910.4999997019768
31
100.0000001117586
12
353.7848490612461
22
910.4999997019768
32
1720.0000095367432
13
328.7848490612461
23
910.4999997019768
33
1720.0000095367432
0
3DFACE
5
D758
330
CFF3
100
AcDbEntity
100
AcDbFace
8
EKP_POI_TASIYICI_SASE
10
328.7848490612461
20
885.4999997019768
30
100.0000001117586
11
328.7848490612461
21
910.4999997019768
31
100.0000001117586
12
328.7848490612461
22
910.4999997019768
32
1720.0000095367432
13
328.7848490612461
23
885.4999997019768
33
1720.0000095367432
0
3DFACE
5
D759
330
CFF3
100
AcDbEntity
100
AcDbFace
8
EKP_POI_TASIYICI_SASE
10
353.7848490612461
20
885.4999997019768
30
100.0000001117586
11
353.7848490612461
21
910.4999997019768
31
100.0000001117586
12
353.7848490612461
22
910.4999997019768
32
1720.0000095367432
13
353.7848490612461
23
885.4999997019768
33
1720.0000095367432
0
LINE
5
D75A
330
CFF3
100
AcDbEntity
100
AcDbLine
8
EKP_POI_TASIYICI_SASE
10
328.7848490612461
20
885.4999997019768
30
100.0000001117586
11
353.7848490612461
21
885.4999997019768
31
100.0000001117586
0
LINE
5
D75B
330
CFF3
100
AcDbEntity
100
AcDbLine
8
EKP_POI_TASIYICI_SASE
10
353.7848490612461
20
885.4999997019768
30
100.0000001117586
11
353.7848490612461
21
910.4999997019768
31
100.0000001117586
0
LINE
5
D75C
330
CFF3
100
AcDbEntity
100
AcDbLine
8
EKP_POI_TASIYICI_SASE
10
353.7848490612461
20
910.4999997019768
30
100.0000001117586
11
328.7848490612461
21
910.4999997019768
31
100.0000001117586
0
LINE
5
D75D
330
CFF3
100
AcDbEntity
100
AcDbLine
8
EKP_POI_TASIYICI_SASE
10
328.7848490612461
20
910.4999997019768
30
100.0000001117586
11
328.7848490612461
21
885.4999997019768
31
100.0000001117586
0
LINE
5
D75E
330
CFF3
100
AcDbEntity
100
AcDbLine
8
EKP_POI_TASIYICI_SASE
10
328.7848490612461
20
885.4999997019768
30
1720.0000095367432
11
353.7848490612461
21
885.4999997019768
31
1720.0000095367432
0
LINE
5
D75F
330
CFF3
100
AcDbEntity
100
AcDbLine
8
EKP_POI_TASIYICI_SASE
10
353.7848490612461
20
885.4999997019768
30
1720.0000095367432
11
353.7848490612461
21
910.4999997019768
31
1720.0000095367432
0
LINE
5
D760
330
CFF3
100
AcDbEntity
100
AcDbLine
8
EKP_POI_TASIYICI_SASE
10
353.7848490612461
20
910.4999997019768
30
1720.0000095367432
11
328.7848490612461
21
910.4999997019768
31
1720.0000095367432
0
LINE
5
D761
330
CFF3
100
AcDbEntity
100
AcDbLine
8
EKP_POI_TASIYICI_SASE
10
328.7848490612461
20
910.4999997019768
30
1720.0000095367432
11
328.7848490612461
21
885.4999997019768
31
1720.0000095367432
0
LINE
5
D762
330
CFF3
100
AcDbEntity
100
AcDbLine
8
EKP_POI_TASIYICI_SASE
10
328.7848490612461
20
885.4999997019768
30
100.0000001117586
11
328.7848490612461
21
885.4999997019768
31
1720.0000095367432
0
LINE
5
D763
330
CFF3
100
AcDbEntity
100
AcDbLine
8
EKP_POI_TASIYICI_SASE
10
353.7848490612461
20
885.4999997019768
30
100.0000001117586
11
353.7848490612461
21
885.4999997019768
31
1720.0000095367432
0
LINE
5
D764
330
CFF3
100
AcDbEntity
100
AcDbLine
8
EKP_POI_TASIYICI_SASE
10
353.7848490612461
20
910.4999997019768
30
100.0000001117586
11
353.7848490612461
21
910.4999997019768
31
1720.0000095367432
0
LINE
5
D765
330
CFF3
100
AcDbEntity
100
AcDbLine
8
EKP_POI_TASIYICI_SASE
10
328.7848490612461
20
910.4999997019768
30
100.0000001117586
11
328.7848490612461
21
910.4999997019768
31
1720.0000095367432
0
3DFACE
5
D766
330
CFF3
100
AcDbEntity
100
AcDbFace
8
EKP_POI_TASIYICI_SASE
10
-178.8151509387539
20
1360.5000002980232
30
100.0000001117586
11
-153.8151509387539
21
1360.5000002980232
31
100.0000001117586
12
-153.8151509387539
22
1385.5000002980232
32
100.0000001117586
13
-178.8151509387539
23
1385.5000002980232
33
100.0000001117586
0
3DFACE
5
D767
330
CFF3
100
AcDbEntity
100
AcDbFace
8
EKP_POI_TASIYICI_SASE
10
-178.8151509387539
20
1360.5000002980232
30
1720.0000095367432
11
-153.8151509387539
21
1360.5000002980232
31
1720.0000095367432
12
-153.8151509387539
22
1385.5000002980232
32
1720.0000095367432
13
-178.8151509387539
23
1385.5000002980232
33
1720.0000095367432
0
3DFACE
5
D768
330
CFF3
100
AcDbEntity
100
AcDbFace
8
EKP_POI_TASIYICI_SASE
10
-178.8151509387539
20
1360.5000002980232
30
100.0000001117586
11
-153.8151509387539
21
1360.5000002980232
31
100.0000001117586
12
-153.8151509387539
22
1360.5000002980232
32
1720.0000095367432
13
-178.8151509387539
23
1360.5000002980232
33
1720.0000095367432
0
3DFACE
5
D769
330
CFF3
100
AcDbEntity
100
AcDbFace
8
EKP_POI_TASIYICI_SASE
10
-178.8151509387539
20
1385.5000002980232
30
100.0000001117586
11
-153.8151509387539
21
1385.5000002980232
31
100.0000001117586
12
-153.8151509387539
22
1385.5000002980232
32
1720.0000095367432
13
-178.8151509387539
23
1385.5000002980232
33
1720.0000095367432
0
3DFACE
5
D76A
330
CFF3
100
AcDbEntity
100
AcDbFace
8
EKP_POI_TASIYICI_SASE
10
-178.8151509387539
20
1360.5000002980232
30
100.0000001117586
11
-178.8151509387539
21
1385.5000002980232
31
100.0000001117586
12
-178.8151509387539
22
1385.5000002980232
32
1720.0000095367432
13
-178.8151509387539
23
1360.5000002980232
33
1720.0000095367432
0
3DFACE
5
D76B
330
CFF3
100
AcDbEntity
100
AcDbFace
8
EKP_POI_TASIYICI_SASE
10
-153.8151509387539
20
1360.5000002980232
30
100.0000001117586
11
-153.8151509387539
21
1385.5000002980232
31
100.0000001117586
12
-153.8151509387539
22
1385.5000002980232
32
1720.0000095367432
13
-153.8151509387539
23
1360.5000002980232
33
1720.0000095367432
0
LINE
5
D76C
330
CFF3
100
AcDbEntity
100
AcDbLine
8
EKP_POI_TASIYICI_SASE
10
-178.8151509387539
20
1360.5000002980232
30
100.0000001117586
11
-153.8151509387539
21
1360.5000002980232
31
100.0000001117586
0
LINE
5
D76D
330
CFF3
100
AcDbEntity
100
AcDbLine
8
EKP_POI_TASIYICI_SASE
10
-153.8151509387539
20
1360.5000002980232
30
100.0000001117586
11
-153.8151509387539
21
1385.5000002980232
31
100.0000001117586
0
LINE
5
D76E
330
CFF3
100
AcDbEntity
100
AcDbLine
8
EKP_POI_TASIYICI_SASE
10
-153.8151509387539
20
1385.5000002980232
30
100.0000001117586
11
-178.8151509387539
21
1385.5000002980232
31
100.0000001117586
0
LINE
5
D76F
330
CFF3
100
AcDbEntity
100
AcDbLine
8
EKP_POI_TASIYICI_SASE
10
-178.8151509387539
20
1385.5000002980232
30
100.0000001117586
11
-178.8151509387539
21
1360.5000002980232
31
100.0000001117586
0
LINE
5
D770
330
CFF3
100
AcDbEntity
100
AcDbLine
8
EKP_POI_TASIYICI_SASE
10
-178.8151509387539
20
1360.5000002980232
30
1720.0000095367432
11
-153.8151509387539
21
1360.5000002980232
31
1720.0000095367432
0
LINE
5
D771
330
CFF3
100
AcDbEntity
100
AcDbLine
8
EKP_POI_TASIYICI_SASE
10
-153.8151509387539
20
1360.5000002980232
30
1720.0000095367432
11
-153.8151509387539
21
1385.5000002980232
31
1720.0000095367432
0
LINE
5
D772
330
CFF3
100
AcDbEntity
100
AcDbLine
8
EKP_POI_TASIYICI_SASE
10
-153.8151509387539
20
1385.5000002980232
30
1720.0000095367432
11
-178.8151509387539
21
1385.5000002980232
31
1720.0000095367432
0
LINE
5
D773
330
CFF3
100
AcDbEntity
100
AcDbLine
8
EKP_POI_TASIYICI_SASE
10
-178.8151509387539
20
1385.5000002980232
30
1720.0000095367432
11
-178.8151509387539
21
1360.5000002980232
31
1720.0000095367432
0
LINE
5
D774
330
CFF3
100
AcDbEntity
100
AcDbLine
8
EKP_POI_TASIYICI_SASE
10
-178.8151509387539
20
1360.5000002980232
30
100.0000001117586
11
-178.8151509387539
21
1360.5000002980232
31
1720.0000095367432
0
LINE
5
D775
330
CFF3
100
AcDbEntity
100
AcDbLine
8
EKP_POI_TASIYICI_SASE
10
-153.8151509387539
20
1360.5000002980232
30
100.0000001117586
11
-153.8151509387539
21
1360.5000002980232
31
1720.0000095367432
0
LINE
5
D776
330
CFF3
100
AcDbEntity
100
AcDbLine
8
EKP_POI_TASIYICI_SASE
10
-153.8151509387539
20
1385.5000002980232
30
100.0000001117586
11
-153.8151509387539
21
1385.5000002980232
31
1720.0000095367432
0
LINE
5
D777
330
CFF3
100
AcDbEntity
100
AcDbLine
8
EKP_POI_TASIYICI_SASE
10
-178.8151509387539
20
1385.5000002980232
30
100.0000001117586
11
-178.8151509387539
21
1385.5000002980232
31
1720.0000095367432
0
3DFACE
5
D778
330
CFF3
100
AcDbEntity
100
AcDbFace
8
EKP_POI_TASIYICI_SASE
10
328.7848490612461
20
1360.5000002980232
30
100.0000001117586
11
353.7848490612461
21
1360.5000002980232
31
100.0000001117586
12
353.7848490612461
22
1385.5000002980232
32
100.0000001117586
13
328.7848490612461
23
1385.5000002980232
33
100.0000001117586
0
3DFACE
5
D779
330
CFF3
100
AcDbEntity
100
AcDbFace
8
EKP_POI_TASIYICI_SASE
10
328.7848490612461
20
1360.5000002980232
30
1720.0000095367432
11
353.7848490612461
21
1360.5000002980232
31
1720.0000095367432
12
353.7848490612461
22
1385.5000002980232
32
1720.0000095367432
13
328.7848490612461
23
1385.5000002980232
33
1720.0000095367432
0
3DFACE
5
D77A
330
CFF3
100
AcDbEntity
100
AcDbFace
8
EKP_POI_TASIYICI_SASE
10
328.7848490612461
20
1360.5000002980232
30
100.0000001117586
11
353.7848490612461
21
1360.5000002980232
31
100.0000001117586
12
353.7848490612461
22
1360.5000002980232
32
1720.0000095367432
13
328.7848490612461
23
1360.5000002980232
33
1720.0000095367432
0
3DFACE
5
D77B
330
CFF3
100
AcDbEntity
100
AcDbFace
8
EKP_POI_TASIYICI_SASE
10
328.7848490612461
20
1385.5000002980232
30
100.0000001117586
11
353.7848490612461
21
1385.5000002980232
31
100.0000001117586
12
353.7848490612461
22
1385.5000002980232
32
1720.0000095367432
13
328.7848490612461
23
1385.5000002980232
33
1720.0000095367432
0
3DFACE
5
D77C
330
CFF3
100
AcDbEntity
100
AcDbFace
8
EKP_POI_TASIYICI_SASE
10
328.7848490612461
20
1360.5000002980232
30
100.0000001117586
11
328.7848490612461
21
1385.5000002980232
31
100.0000001117586
12
328.7848490612461
22
1385.5000002980232
32
1720.0000095367432
13
328.7848490612461
23
1360.5000002980232
33
1720.0000095367432
0
3DFACE
5
D77D
330
CFF3
100
AcDbEntity
100
AcDbFace
8
EKP_POI_TASIYICI_SASE
10
353.7848490612461
20
1360.5000002980232
30
100.0000001117586
11
353.7848490612461
21
1385.5000002980232
31
100.0000001117586
12
353.7848490612461
22
1385.5000002980232
32
1720.0000095367432
13
353.7848490612461
23
1360.5000002980232
33
1720.0000095367432
0
LINE
5
D77E
330
CFF3
100
AcDbEntity
100
AcDbLine
8
EKP_POI_TASIYICI_SASE
10
328.7848490612461
20
1360.5000002980232
30
100.0000001117586
11
353.7848490612461
21
1360.5000002980232
31
100.0000001117586
0
LINE
5
D77F
330
CFF3
100
AcDbEntity
100
AcDbLine
8
EKP_POI_TASIYICI_SASE
10
353.7848490612461
20
1360.5000002980232
30
100.0000001117586
11
353.7848490612461
21
1385.5000002980232
31
100.0000001117586
0
LINE
5
D780
330
CFF3
100
AcDbEntity
100
AcDbLine
8
EKP_POI_TASIYICI_SASE
10
353.7848490612461
20
1385.5000002980232
30
100.0000001117586
11
328.7848490612461
21
1385.5000002980232
31
100.0000001117586
0
LINE
5
D781
330
CFF3
100
AcDbEntity
100
AcDbLine
8
EKP_POI_TASIYICI_SASE
10
328.7848490612461
20
1385.5000002980232
30
100.0000001117586
11
328.7848490612461
21
1360.5000002980232
31
100.0000001117586
0
LINE
5
D782
330
CFF3
100
AcDbEntity
100
AcDbLine
8
EKP_POI_TASIYICI_SASE
10
328.7848490612461
20
1360.5000002980232
30
1720.0000095367432
11
353.7848490612461
21
1360.5000002980232
31
1720.0000095367432
0
LINE
5
D783
330
CFF3
100
AcDbEntity
100
AcDbLine
8
EKP_POI_TASIYICI_SASE
10
353.7848490612461
20
1360.5000002980232
30
1720.0000095367432
11
353.7848490612461
21
1385.5000002980232
31
1720.0000095367432
0
LINE
5
D784
330
CFF3
100
AcDbEntity
100
AcDbLine
8
EKP_POI_TASIYICI_SASE
10
353.7848490612461
20
1385.5000002980232
30
1720.0000095367432
11
328.7848490612461
21
1385.5000002980232
31
1720.0000095367432
0
LINE
5
D785
330
CFF3
100
AcDbEntity
100
AcDbLine
8
EKP_POI_TASIYICI_SASE
10
328.7848490612461
20
1385.5000002980232
30
1720.0000095367432
11
328.7848490612461
21
1360.5000002980232
31
1720.0000095367432
0
LINE
5
D786
330
CFF3
100
AcDbEntity
100
AcDbLine
8
EKP_POI_TASIYICI_SASE
10
328.7848490612461
20
1360.5000002980232
30
100.0000001117586
11
328.7848490612461
21
1360.5000002980232
31
1720.0000095367432
0
LINE
5
D787
330
CFF3
100
AcDbEntity
100
AcDbLine
8
EKP_POI_TASIYICI_SASE
10
353.7848490612461
20
1360.5000002980232
30
100.0000001117586
11
353.7848490612461
21
1360.5000002980232
31
1720.0000095367432
0
LINE
5
D788
330
CFF3
100
AcDbEntity
100
AcDbLine
8
EKP_POI_TASIYICI_SASE
10
353.7848490612461
20
1385.5000002980232
30
100.0000001117586
11
353.7848490612461
21
1385.5000002980232
31
1720.0000095367432
0
LINE
5
D789
330
CFF3
100
AcDbEntity
100
AcDbLine
8
EKP_POI_TASIYICI_SASE
10
328.7848490612461
20
1385.5000002980232
30
100.0000001117586
11
328.7848490612461
21
1385.5000002980232
31
1720.0000095367432
0
3DFACE
5
D60B
330
CFF3
100
AcDbEntity
100
AcDbFace
8
EKP_POI_MODULLERI
10
-112.51515112501848
20
1495.5000004470348
30
158.49999990500507
11
262.484846081014
21
1495.5000004470348
31
158.49999990500507
12
262.484846081014
22
1975.4999995529652
32
158.49999990500507
13
-112.51515112501848
23
1975.4999995529652
33
158.49999990500507
0
3DFACE
5
D60C
330
CFF3
100
AcDbEntity
100
AcDbFace
8
EKP_POI_MODULLERI
10
-112.51515112501848
20
1495.5000004470348
30
422.4999952316284
11
262.484846081014
21
1495.5000004470348
31
422.4999952316284
12
262.484846081014
22
1975.4999995529652
32
422.4999952316284
13
-112.51515112501848
23
1975.4999995529652
33
422.4999952316284
0
3DFACE
5
D60D
330
CFF3
100
AcDbEntity
100
AcDbFace
8
EKP_POI_MODULLERI
10
-112.51515112501848
20
1495.5000004470348
30
158.49999990500507
11
262.484846081014
21
1495.5000004470348
31
158.49999990500507
12
262.484846081014
22
1495.5000004470348
32
422.4999952316284
13
-112.51515112501848
23
1495.5000004470348
33
422.4999952316284
0
3DFACE
5
D60E
330
CFF3
100
AcDbEntity
100
AcDbFace
8
EKP_POI_MODULLERI
10
-112.51515112501848
20
1975.4999995529652
30
158.49999990500507
11
262.484846081014
21
1975.4999995529652
31
158.49999990500507
12
262.484846081014
22
1975.4999995529652
32
422.4999952316284
13
-112.51515112501848
23
1975.4999995529652
33
422.4999952316284
0
3DFACE
5
D60F
330
CFF3
100
AcDbEntity
100
AcDbFace
8
EKP_POI_MODULLERI
10
-112.51515112501848
20
1495.5000004470348
30
158.49999990500507
11
-112.51515112501848
21
1975.4999995529652
31
158.49999990500507
12
-112.51515112501848
22
1975.4999995529652
32
422.4999952316284
13
-112.51515112501848
23
1495.5000004470348
33
422.4999952316284
0
3DFACE
5
D610
330
CFF3
100
AcDbEntity
100
AcDbFace
8
EKP_POI_MODULLERI
10
262.484846081014
20
1495.5000004470348
30
158.49999990500507
11
262.484846081014
21
1975.4999995529652
31
158.49999990500507
12
262.484846081014
22
1975.4999995529652
32
422.4999952316284
13
262.484846081014
23
1495.5000004470348
33
422.4999952316284
0
LINE
5
D611
330
CFF3
100
AcDbEntity
100
AcDbLine
8
EKP_POI_MODULLERI
10
-112.51515112501848
20
1495.5000004470348
30
158.49999990500507
11
262.484846081014
21
1495.5000004470348
31
158.49999990500507
0
LINE
5
D612
330
CFF3
100
AcDbEntity
100
AcDbLine
8
EKP_POI_MODULLERI
10
262.484846081014
20
1495.5000004470348
30
158.49999990500507
11
262.484846081014
21
1975.4999995529652
31
158.49999990500507
0
LINE
5
D613
330
CFF3
100
AcDbEntity
100
AcDbLine
8
EKP_POI_MODULLERI
10
262.484846081014
20
1975.4999995529652
30
158.49999990500507
11
-112.51515112501848
21
1975.4999995529652
31
158.49999990500507
0
LINE
5
D614
330
CFF3
100
AcDbEntity
100
AcDbLine
8
EKP_POI_MODULLERI
10
-112.51515112501848
20
1975.4999995529652
30
158.49999990500507
11
-112.51515112501848
21
1495.5000004470348
31
158.49999990500507
0
LINE
5
D615
330
CFF3
100
AcDbEntity
100
AcDbLine
8
EKP_POI_MODULLERI
10
-112.51515112501848
20
1495.5000004470348
30
422.4999952316284
11
262.484846081014
21
1495.5000004470348
31
422.4999952316284
0
LINE
5
D616
330
CFF3
100
AcDbEntity
100
AcDbLine
8
EKP_POI_MODULLERI
10
262.484846081014
20
1495.5000004470348
30
422.4999952316284
11
262.484846081014
21
1975.4999995529652
31
422.4999952316284
0
LINE
5
D617
330
CFF3
100
AcDbEntity
100
AcDbLine
8
EKP_POI_MODULLERI
10
262.484846081014
20
1975.4999995529652
30
422.4999952316284
11
-112.51515112501848
21
1975.4999995529652
31
422.4999952316284
0
LINE
5
D618
330
CFF3
100
AcDbEntity
100
AcDbLine
8
EKP_POI_MODULLERI
10
-112.51515112501848
20
1975.4999995529652
30
422.4999952316284
11
-112.51515112501848
21
1495.5000004470348
31
422.4999952316284
0
LINE
5
D619
330
CFF3
100
AcDbEntity
100
AcDbLine
8
EKP_POI_MODULLERI
10
-112.51515112501848
20
1495.5000004470348
30
158.49999990500507
11
-112.51515112501848
21
1495.5000004470348
31
422.4999952316284
0
LINE
5
D61A
330
CFF3
100
AcDbEntity
100
AcDbLine
8
EKP_POI_MODULLERI
10
262.484846081014
20
1495.5000004470348
30
158.49999990500507
11
262.484846081014
21
1495.5000004470348
31
422.4999952316284
0
LINE
5
D61B
330
CFF3
100
AcDbEntity
100
AcDbLine
8
EKP_POI_MODULLERI
10
262.484846081014
20
1975.4999995529652
30
158.49999990500507
11
262.484846081014
21
1975.4999995529652
31
422.4999952316284
0
LINE
5
D61C
330
CFF3
100
AcDbEntity
100
AcDbLine
8
EKP_POI_MODULLERI
10
-112.51515112501848
20
1975.4999995529652
30
158.49999990500507
11
-112.51515112501848
21
1975.4999995529652
31
422.4999952316284
0
TEXT
5
D61D
330
CFF3
100
AcDbEntity
100
AcDbText
8
EKP_POI_MODULLERI
10
74.98484747799776
20
1735.5
30
0
40
45
1
POI Modul 1 (CB-12-POI-64F-A12)
50
0
7
STANDARD
72
1
11
74.98484747799776
21
1735.5
31
0
100
AcDbText
73
2
0
3DFACE
5
D61E
330
CFF3
100
AcDbEntity
100
AcDbFace
8
EKP_POI_MODULLERI
10
-112.51515112501848
20
1495.5000004470348
30
473.499999905005
11
262.484846081014
21
1495.5000004470348
31
473.499999905005
12
262.484846081014
22
1975.4999995529652
32
473.499999905005
13
-112.51515112501848
23
1975.4999995529652
33
473.499999905005
0
3DFACE
5
D61F
330
CFF3
100
AcDbEntity
100
AcDbFace
8
EKP_POI_MODULLERI
10
-112.51515112501848
20
1495.5000004470348
30
737.4999952316283
11
262.484846081014
21
1495.5000004470348
31
737.4999952316283
12
262.484846081014
22
1975.4999995529652
32
737.4999952316283
13
-112.51515112501848
23
1975.4999995529652
33
737.4999952316283
0
3DFACE
5
D620
330
CFF3
100
AcDbEntity
100
AcDbFace
8
EKP_POI_MODULLERI
10
-112.51515112501848
20
1495.5000004470348
30
473.499999905005
11
262.484846081014
21
1495.5000004470348
31
473.499999905005
12
262.484846081014
22
1495.5000004470348
32
737.4999952316283
13
-112.51515112501848
23
1495.5000004470348
33
737.4999952316283
0
3DFACE
5
D621
330
CFF3
100
AcDbEntity
100
AcDbFace
8
EKP_POI_MODULLERI
10
-112.51515112501848
20
1975.4999995529652
30
473.499999905005
11
262.484846081014
21
1975.4999995529652
31
473.499999905005
12
262.484846081014
22
1975.4999995529652
32
737.4999952316283
13
-112.51515112501848
23
1975.4999995529652
33
737.4999952316283
0
3DFACE
5
D622
330
CFF3
100
AcDbEntity
100
AcDbFace
8
EKP_POI_MODULLERI
10
-112.51515112501848
20
1495.5000004470348
30
473.499999905005
11
-112.51515112501848
21
1975.4999995529652
31
473.499999905005
12
-112.51515112501848
22
1975.4999995529652
32
737.4999952316283
13
-112.51515112501848
23
1495.5000004470348
33
737.4999952316283
0
3DFACE
5
D623
330
CFF3
100
AcDbEntity
100
AcDbFace
8
EKP_POI_MODULLERI
10
262.484846081014
20
1495.5000004470348
30
473.499999905005
11
262.484846081014
21
1975.4999995529652
31
473.499999905005
12
262.484846081014
22
1975.4999995529652
32
737.4999952316283
13
262.484846081014
23
1495.5000004470348
33
737.4999952316283
0
LINE
5
D624
330
CFF3
100
AcDbEntity
100
AcDbLine
8
EKP_POI_MODULLERI
10
-112.51515112501848
20
1495.5000004470348
30
473.499999905005
11
262.484846081014
21
1495.5000004470348
31
473.499999905005
0
LINE
5
D625
330
CFF3
100
AcDbEntity
100
AcDbLine
8
EKP_POI_MODULLERI
10
262.484846081014
20
1495.5000004470348
30
473.499999905005
11
262.484846081014
21
1975.4999995529652
31
473.499999905005
0
LINE
5
D626
330
CFF3
100
AcDbEntity
100
AcDbLine
8
EKP_POI_MODULLERI
10
262.484846081014
20
1975.4999995529652
30
473.499999905005
11
-112.51515112501848
21
1975.4999995529652
31
473.499999905005
0
LINE
5
D627
330
CFF3
100
AcDbEntity
100
AcDbLine
8
EKP_POI_MODULLERI
10
-112.51515112501848
20
1975.4999995529652
30
473.499999905005
11
-112.51515112501848
21
1495.5000004470348
31
473.499999905005
0
LINE
5
D628
330
CFF3
100
AcDbEntity
100
AcDbLine
8
EKP_POI_MODULLERI
10
-112.51515112501848
20
1495.5000004470348
30
737.4999952316283
11
262.484846081014
21
1495.5000004470348
31
737.4999952316283
0
LINE
5
D629
330
CFF3
100
AcDbEntity
100
AcDbLine
8
EKP_POI_MODULLERI
10
262.484846081014
20
1495.5000004470348
30
737.4999952316283
11
262.484846081014
21
1975.4999995529652
31
737.4999952316283
0
LINE
5
D62A
330
CFF3
100
AcDbEntity
100
AcDbLine
8
EKP_POI_MODULLERI
10
262.484846081014
20
1975.4999995529652
30
737.4999952316283
11
-112.51515112501848
21
1975.4999995529652
31
737.4999952316283
0
LINE
5
D62B
330
CFF3
100
AcDbEntity
100
AcDbLine
8
EKP_POI_MODULLERI
10
-112.51515112501848
20
1975.4999995529652
30
737.4999952316283
11
-112.51515112501848
21
1495.5000004470348
31
737.4999952316283
0
LINE
5
D62C
330
CFF3
100
AcDbEntity
100
AcDbLine
8
EKP_POI_MODULLERI
10
-112.51515112501848
20
1495.5000004470348
30
473.499999905005
11
-112.51515112501848
21
1495.5000004470348
31
737.4999952316283
0
LINE
5
D62D
330
CFF3
100
AcDbEntity
100
AcDbLine
8
EKP_POI_MODULLERI
10
262.484846081014
20
1495.5000004470348
30
473.499999905005
11
262.484846081014
21
1495.5000004470348
31
737.4999952316283
0
LINE
5
D62E
330
CFF3
100
AcDbEntity
100
AcDbLine
8
EKP_POI_MODULLERI
10
262.484846081014
20
1975.4999995529652
30
473.499999905005
11
262.484846081014
21
1975.4999995529652
31
737.4999952316283
0
LINE
5
D62F
330
CFF3
100
AcDbEntity
100
AcDbLine
8
EKP_POI_MODULLERI
10
-112.51515112501848
20
1975.4999995529652
30
473.499999905005
11
-112.51515112501848
21
1975.4999995529652
31
737.4999952316283
0
TEXT
5
D630
330
CFF3
100
AcDbEntity
100
AcDbText
8
EKP_POI_MODULLERI
10
74.98484747799776
20
1735.5
30
0
40
45
1
POI Modul 2 (CB-12-POI-64F-A12)
50
0
7
STANDARD
72
1
11
74.98484747799776
21
1735.5
31
0
100
AcDbText
73
2
0
3DFACE
5
D631
330
CFF3
100
AcDbEntity
100
AcDbFace
8
EKP_POI_MODULLERI
10
-112.51515112501848
20
1495.5000004470348
30
788.4999999050051
11
262.484846081014
21
1495.5000004470348
31
788.4999999050051
12
262.484846081014
22
1975.4999995529652
32
788.4999999050051
13
-112.51515112501848
23
1975.4999995529652
33
788.4999999050051
0
3DFACE
5
D632
330
CFF3
100
AcDbEntity
100
AcDbFace
8
EKP_POI_MODULLERI
10
-112.51515112501848
20
1495.5000004470348
30
1052.4999952316284
11
262.484846081014
21
1495.5000004470348
31
1052.4999952316284
12
262.484846081014
22
1975.4999995529652
32
1052.4999952316284
13
-112.51515112501848
23
1975.4999995529652
33
1052.4999952316284
0
3DFACE
5
D633
330
CFF3
100
AcDbEntity
100
AcDbFace
8
EKP_POI_MODULLERI
10
-112.51515112501848
20
1495.5000004470348
30
788.4999999050051
11
262.484846081014
21
1495.5000004470348
31
788.4999999050051
12
262.484846081014
22
1495.5000004470348
32
1052.4999952316284
13
-112.51515112501848
23
1495.5000004470348
33
1052.4999952316284
0
3DFACE
5
D634
330
CFF3
100
AcDbEntity
100
AcDbFace
8
EKP_POI_MODULLERI
10
-112.51515112501848
20
1975.4999995529652
30
788.4999999050051
11
262.484846081014
21
1975.4999995529652
31
788.4999999050051
12
262.484846081014
22
1975.4999995529652
32
1052.4999952316284
13
-112.51515112501848
23
1975.4999995529652
33
1052.4999952316284
0
3DFACE
5
D635
330
CFF3
100
AcDbEntity
100
AcDbFace
8
EKP_POI_MODULLERI
10
-112.51515112501848
20
1495.5000004470348
30
788.4999999050051
11
-112.51515112501848
21
1975.4999995529652
31
788.4999999050051
12
-112.51515112501848
22
1975.4999995529652
32
1052.4999952316284
13
-112.51515112501848
23
1495.5000004470348
33
1052.4999952316284
0
3DFACE
5
D636
330
CFF3
100
AcDbEntity
100
AcDbFace
8
EKP_POI_MODULLERI
10
262.484846081014
20
1495.5000004470348
30
788.4999999050051
11
262.484846081014
21
1975.4999995529652
31
788.4999999050051
12
262.484846081014
22
1975.4999995529652
32
1052.4999952316284
13
262.484846081014
23
1495.5000004470348
33
1052.4999952316284
0
LINE
5
D637
330
CFF3
100
AcDbEntity
100
AcDbLine
8
EKP_POI_MODULLERI
10
-112.51515112501848
20
1495.5000004470348
30
788.4999999050051
11
262.484846081014
21
1495.5000004470348
31
788.4999999050051
0
LINE
5
D638
330
CFF3
100
AcDbEntity
100
AcDbLine
8
EKP_POI_MODULLERI
10
262.484846081014
20
1495.5000004470348
30
788.4999999050051
11
262.484846081014
21
1975.4999995529652
31
788.4999999050051
0
LINE
5
D639
330
CFF3
100
AcDbEntity
100
AcDbLine
8
EKP_POI_MODULLERI
10
262.484846081014
20
1975.4999995529652
30
788.4999999050051
11
-112.51515112501848
21
1975.4999995529652
31
788.4999999050051
0
LINE
5
D63A
330
CFF3
100
AcDbEntity
100
AcDbLine
8
EKP_POI_MODULLERI
10
-112.51515112501848
20
1975.4999995529652
30
788.4999999050051
11
-112.51515112501848
21
1495.5000004470348
31
788.4999999050051
0
LINE
5
D63B
330
CFF3
100
AcDbEntity
100
AcDbLine
8
EKP_POI_MODULLERI
10
-112.51515112501848
20
1495.5000004470348
30
1052.4999952316284
11
262.484846081014
21
1495.5000004470348
31
1052.4999952316284
0
LINE
5
D63C
330
CFF3
100
AcDbEntity
100
AcDbLine
8
EKP_POI_MODULLERI
10
262.484846081014
20
1495.5000004470348
30
1052.4999952316284
11
262.484846081014
21
1975.4999995529652
31
1052.4999952316284
0
LINE
5
D63D
330
CFF3
100
AcDbEntity
100
AcDbLine
8
EKP_POI_MODULLERI
10
262.484846081014
20
1975.4999995529652
30
1052.4999952316284
11
-112.51515112501848
21
1975.4999995529652
31
1052.4999952316284
0
LINE
5
D63E
330
CFF3
100
AcDbEntity
100
AcDbLine
8
EKP_POI_MODULLERI
10
-112.51515112501848
20
1975.4999995529652
30
1052.4999952316284
11
-112.51515112501848
21
1495.5000004470348
31
1052.4999952316284
0
LINE
5
D63F
330
CFF3
100
AcDbEntity
100
AcDbLine
8
EKP_POI_MODULLERI
10
-112.51515112501848
20
1495.5000004470348
30
788.4999999050051
11
-112.51515112501848
21
1495.5000004470348
31
1052.4999952316284
0
LINE
5
D640
330
CFF3
100
AcDbEntity
100
AcDbLine
8
EKP_POI_MODULLERI
10
262.484846081014
20
1495.5000004470348
30
788.4999999050051
11
262.484846081014
21
1495.5000004470348
31
1052.4999952316284
0
LINE
5
D641
330
CFF3
100
AcDbEntity
100
AcDbLine
8
EKP_POI_MODULLERI
10
262.484846081014
20
1975.4999995529652
30
788.4999999050051
11
262.484846081014
21
1975.4999995529652
31
1052.4999952316284
0
LINE
5
D642
330
CFF3
100
AcDbEntity
100
AcDbLine
8
EKP_POI_MODULLERI
10
-112.51515112501848
20
1975.4999995529652
30
788.4999999050051
11
-112.51515112501848
21
1975.4999995529652
31
1052.4999952316284
0
TEXT
5
D643
330
CFF3
100
AcDbEntity
100
AcDbText
8
EKP_POI_MODULLERI
10
74.98484747799776
20
1735.5
30
0
40
45
1
POI Modul 3 (CB-12-POI-64F-A12)
50
0
7
STANDARD
72
1
11
74.98484747799776
21
1735.5
31
0
100
AcDbText
73
2
0
3DFACE
5
D644
330
CFF3
100
AcDbEntity
100
AcDbFace
8
EKP_POI_MODULLERI
10
-112.51515112501848
20
1495.5000004470348
30
1103.4999999050053
11
262.484846081014
21
1495.5000004470348
31
1103.4999999050053
12
262.484846081014
22
1975.4999995529652
32
1103.4999999050053
13
-112.51515112501848
23
1975.4999995529652
33
1103.4999999050053
0
3DFACE
5
D645
330
CFF3
100
AcDbEntity
100
AcDbFace
8
EKP_POI_MODULLERI
10
-112.51515112501848
20
1495.5000004470348
30
1367.4999952316282
11
262.484846081014
21
1495.5000004470348
31
1367.4999952316282
12
262.484846081014
22
1975.4999995529652
32
1367.4999952316282
13
-112.51515112501848
23
1975.4999995529652
33
1367.4999952316282
0
3DFACE
5
D646
330
CFF3
100
AcDbEntity
100
AcDbFace
8
EKP_POI_MODULLERI
10
-112.51515112501848
20
1495.5000004470348
30
1103.4999999050053
11
262.484846081014
21
1495.5000004470348
31
1103.4999999050053
12
262.484846081014
22
1495.5000004470348
32
1367.4999952316282
13
-112.51515112501848
23
1495.5000004470348
33
1367.4999952316282
0
3DFACE
5
D647
330
CFF3
100
AcDbEntity
100
AcDbFace
8
EKP_POI_MODULLERI
10
-112.51515112501848
20
1975.4999995529652
30
1103.4999999050053
11
262.484846081014
21
1975.4999995529652
31
1103.4999999050053
12
262.484846081014
22
1975.4999995529652
32
1367.4999952316282
13
-112.51515112501848
23
1975.4999995529652
33
1367.4999952316282
0
3DFACE
5
D648
330
CFF3
100
AcDbEntity
100
AcDbFace
8
EKP_POI_MODULLERI
10
-112.51515112501848
20
1495.5000004470348
30
1103.4999999050053
11
-112.51515112501848
21
1975.4999995529652
31
1103.4999999050053
12
-112.51515112501848
22
1975.4999995529652
32
1367.4999952316282
13
-112.51515112501848
23
1495.5000004470348
33
1367.4999952316282
0
3DFACE
5
D649
330
CFF3
100
AcDbEntity
100
AcDbFace
8
EKP_POI_MODULLERI
10
262.484846081014
20
1495.5000004470348
30
1103.4999999050053
11
262.484846081014
21
1975.4999995529652
31
1103.4999999050053
12
262.484846081014
22
1975.4999995529652
32
1367.4999952316282
13
262.484846081014
23
1495.5000004470348
33
1367.4999952316282
0
LINE
5
D64A
330
CFF3
100
AcDbEntity
100
AcDbLine
8
EKP_POI_MODULLERI
10
-112.51515112501848
20
1495.5000004470348
30
1103.4999999050053
11
262.484846081014
21
1495.5000004470348
31
1103.4999999050053
0
LINE
5
D64B
330
CFF3
100
AcDbEntity
100
AcDbLine
8
EKP_POI_MODULLERI
10
262.484846081014
20
1495.5000004470348
30
1103.4999999050053
11
262.484846081014
21
1975.4999995529652
31
1103.4999999050053
0
LINE
5
D64C
330
CFF3
100
AcDbEntity
100
AcDbLine
8
EKP_POI_MODULLERI
10
262.484846081014
20
1975.4999995529652
30
1103.4999999050053
11
-112.51515112501848
21
1975.4999995529652
31
1103.4999999050053
0
LINE
5
D64D
330
CFF3
100
AcDbEntity
100
AcDbLine
8
EKP_POI_MODULLERI
10
-112.51515112501848
20
1975.4999995529652
30
1103.4999999050053
11
-112.51515112501848
21
1495.5000004470348
31
1103.4999999050053
0
LINE
5
D64E
330
CFF3
100
AcDbEntity
100
AcDbLine
8
EKP_POI_MODULLERI
10
-112.51515112501848
20
1495.5000004470348
30
1367.4999952316282
11
262.484846081014
21
1495.5000004470348
31
1367.4999952316282
0
LINE
5
D64F
330
CFF3
100
AcDbEntity
100
AcDbLine
8
EKP_POI_MODULLERI
10
262.484846081014
20
1495.5000004470348
30
1367.4999952316282
11
262.484846081014
21
1975.4999995529652
31
1367.4999952316282
0
LINE
5
D650
330
CFF3
100
AcDbEntity
100
AcDbLine
8
EKP_POI_MODULLERI
10
262.484846081014
20
1975.4999995529652
30
1367.4999952316282
11
-112.51515112501848
21
1975.4999995529652
31
1367.4999952316282
0
LINE
5
D651
330
CFF3
100
AcDbEntity
100
AcDbLine
8
EKP_POI_MODULLERI
10
-112.51515112501848
20
1975.4999995529652
30
1367.4999952316282
11
-112.51515112501848
21
1495.5000004470348
31
1367.4999952316282
0
LINE
5
D652
330
CFF3
100
AcDbEntity
100
AcDbLine
8
EKP_POI_MODULLERI
10
-112.51515112501848
20
1495.5000004470348
30
1103.4999999050053
11
-112.51515112501848
21
1495.5000004470348
31
1367.4999952316282
0
LINE
5
D653
330
CFF3
100
AcDbEntity
100
AcDbLine
8
EKP_POI_MODULLERI
10
262.484846081014
20
1495.5000004470348
30
1103.4999999050053
11
262.484846081014
21
1495.5000004470348
31
1367.4999952316282
0
LINE
5
D654
330
CFF3
100
AcDbEntity
100
AcDbLine
8
EKP_POI_MODULLERI
10
262.484846081014
20
1975.4999995529652
30
1103.4999999050053
11
262.484846081014
21
1975.4999995529652
31
1367.4999952316282
0
LINE
5
D655
330
CFF3
100
AcDbEntity
100
AcDbLine
8
EKP_POI_MODULLERI
10
-112.51515112501848
20
1975.4999995529652
30
1103.4999999050053
11
-112.51515112501848
21
1975.4999995529652
31
1367.4999952316282
0
TEXT
5
D656
330
CFF3
100
AcDbEntity
100
AcDbText
8
EKP_POI_MODULLERI
10
74.98484747799776
20
1735.5
30
0
40
45
1
POI Modul 4 (CB-12-POI-64F-A12)
50
0
7
STANDARD
72
1
11
74.98484747799776
21
1735.5
31
0
100
AcDbText
73
2
0
3DFACE
5
D657
330
CFF3
100
AcDbEntity
100
AcDbFace
8
EKP_POI_MODULLERI
10
-112.51515112501848
20
1495.5000004470348
30
1418.499999905005
11
262.484846081014
21
1495.5000004470348
31
1418.499999905005
12
262.484846081014
22
1975.4999995529652
32
1418.499999905005
13
-112.51515112501848
23
1975.4999995529652
33
1418.499999905005
0
3DFACE
5
D658
330
CFF3
100
AcDbEntity
100
AcDbFace
8
EKP_POI_MODULLERI
10
-112.51515112501848
20
1495.5000004470348
30
1682.4999952316282
11
262.484846081014
21
1495.5000004470348
31
1682.4999952316282
12
262.484846081014
22
1975.4999995529652
32
1682.4999952316282
13
-112.51515112501848
23
1975.4999995529652
33
1682.4999952316282
0
3DFACE
5
D659
330
CFF3
100
AcDbEntity
100
AcDbFace
8
EKP_POI_MODULLERI
10
-112.51515112501848
20
1495.5000004470348
30
1418.499999905005
11
262.484846081014
21
1495.5000004470348
31
1418.499999905005
12
262.484846081014
22
1495.5000004470348
32
1682.4999952316282
13
-112.51515112501848
23
1495.5000004470348
33
1682.4999952316282
0
3DFACE
5
D65A
330
CFF3
100
AcDbEntity
100
AcDbFace
8
EKP_POI_MODULLERI
10
-112.51515112501848
20
1975.4999995529652
30
1418.499999905005
11
262.484846081014
21
1975.4999995529652
31
1418.499999905005
12
262.484846081014
22
1975.4999995529652
32
1682.4999952316282
13
-112.51515112501848
23
1975.4999995529652
33
1682.4999952316282
0
3DFACE
5
D65B
330
CFF3
100
AcDbEntity
100
AcDbFace
8
EKP_POI_MODULLERI
10
-112.51515112501848
20
1495.5000004470348
30
1418.499999905005
11
-112.51515112501848
21
1975.4999995529652
31
1418.499999905005
12
-112.51515112501848
22
1975.4999995529652
32
1682.4999952316282
13
-112.51515112501848
23
1495.5000004470348
33
1682.4999952316282
0
3DFACE
5
D65C
330
CFF3
100
AcDbEntity
100
AcDbFace
8
EKP_POI_MODULLERI
10
262.484846081014
20
1495.5000004470348
30
1418.499999905005
11
262.484846081014
21
1975.4999995529652
31
1418.499999905005
12
262.484846081014
22
1975.4999995529652
32
1682.4999952316282
13
262.484846081014
23
1495.5000004470348
33
1682.4999952316282
0
LINE
5
D65D
330
CFF3
100
AcDbEntity
100
AcDbLine
8
EKP_POI_MODULLERI
10
-112.51515112501848
20
1495.5000004470348
30
1418.499999905005
11
262.484846081014
21
1495.5000004470348
31
1418.499999905005
0
LINE
5
D65E
330
CFF3
100
AcDbEntity
100
AcDbLine
8
EKP_POI_MODULLERI
10
262.484846081014
20
1495.5000004470348
30
1418.499999905005
11
262.484846081014
21
1975.4999995529652
31
1418.499999905005
0
LINE
5
D65F
330
CFF3
100
AcDbEntity
100
AcDbLine
8
EKP_POI_MODULLERI
10
262.484846081014
20
1975.4999995529652
30
1418.499999905005
11
-112.51515112501848
21
1975.4999995529652
31
1418.499999905005
0
LINE
5
D660
330
CFF3
100
AcDbEntity
100
AcDbLine
8
EKP_POI_MODULLERI
10
-112.51515112501848
20
1975.4999995529652
30
1418.499999905005
11
-112.51515112501848
21
1495.5000004470348
31
1418.499999905005
0
LINE
5
D661
330
CFF3
100
AcDbEntity
100
AcDbLine
8
EKP_POI_MODULLERI
10
-112.51515112501848
20
1495.5000004470348
30
1682.4999952316282
11
262.484846081014
21
1495.5000004470348
31
1682.4999952316282
0
LINE
5
D662
330
CFF3
100
AcDbEntity
100
AcDbLine
8
EKP_POI_MODULLERI
10
262.484846081014
20
1495.5000004470348
30
1682.4999952316282
11
262.484846081014
21
1975.4999995529652
31
1682.4999952316282
0
LINE
5
D663
330
CFF3
100
AcDbEntity
100
AcDbLine
8
EKP_POI_MODULLERI
10
262.484846081014
20
1975.4999995529652
30
1682.4999952316282
11
-112.51515112501848
21
1975.4999995529652
31
1682.4999952316282
0
LINE
5
D664
330
CFF3
100
AcDbEntity
100
AcDbLine
8
EKP_POI_MODULLERI
10
-112.51515112501848
20
1975.4999995529652
30
1682.4999952316282
11
-112.51515112501848
21
1495.5000004470348
31
1682.4999952316282
0
LINE
5
D665
330
CFF3
100
AcDbEntity
100
AcDbLine
8
EKP_POI_MODULLERI
10
-112.51515112501848
20
1495.5000004470348
30
1418.499999905005
11
-112.51515112501848
21
1495.5000004470348
31
1682.4999952316282
0
LINE
5
D666
330
CFF3
100
AcDbEntity
100
AcDbLine
8
EKP_POI_MODULLERI
10
262.484846081014
20
1495.5000004470348
30
1418.499999905005
11
262.484846081014
21
1495.5000004470348
31
1682.4999952316282
0
LINE
5
D667
330
CFF3
100
AcDbEntity
100
AcDbLine
8
EKP_POI_MODULLERI
10
262.484846081014
20
1975.4999995529652
30
1418.499999905005
11
262.484846081014
21
1975.4999995529652
31
1682.4999952316282
0
LINE
5
D668
330
CFF3
100
AcDbEntity
100
AcDbLine
8
EKP_POI_MODULLERI
10
-112.51515112501848
20
1975.4999995529652
30
1418.499999905005
11
-112.51515112501848
21
1975.4999995529652
31
1682.4999952316282
0
TEXT
5
D669
330
CFF3
100
AcDbEntity
100
AcDbText
8
EKP_POI_MODULLERI
10
74.98484747799776
20
1735.5
30
0
40
45
1
POI Modul 5 (CB-12-POI-64F-A12)
50
0
7
STANDARD
72
1
11
74.98484747799776
21
1735.5
31
0
100
AcDbText
73
2
0
3DFACE
5
D78A
330
CFF3
100
AcDbEntity
100
AcDbFace
8
EKP_POI_MODULLERI
10
-112.51515112501848
20
895.5000004470348
30
158.49999990500507
11
262.484846081014
21
895.5000004470348
31
158.49999990500507
12
262.484846081014
22
1375.4999995529652
32
158.49999990500507
13
-112.51515112501848
23
1375.4999995529652
33
158.49999990500507
0
3DFACE
5
D78B
330
CFF3
100
AcDbEntity
100
AcDbFace
8
EKP_POI_MODULLERI
10
-112.51515112501848
20
895.5000004470348
30
422.4999952316284
11
262.484846081014
21
895.5000004470348
31
422.4999952316284
12
262.484846081014
22
1375.4999995529652
32
422.4999952316284
13
-112.51515112501848
23
1375.4999995529652
33
422.4999952316284
0
3DFACE
5
D78C
330
CFF3
100
AcDbEntity
100
AcDbFace
8
EKP_POI_MODULLERI
10
-112.51515112501848
20
895.5000004470348
30
158.49999990500507
11
262.484846081014
21
895.5000004470348
31
158.49999990500507
12
262.484846081014
22
895.5000004470348
32
422.4999952316284
13
-112.51515112501848
23
895.5000004470348
33
422.4999952316284
0
3DFACE
5
D78D
330
CFF3
100
AcDbEntity
100
AcDbFace
8
EKP_POI_MODULLERI
10
-112.51515112501848
20
1375.4999995529652
30
158.49999990500507
11
262.484846081014
21
1375.4999995529652
31
158.49999990500507
12
262.484846081014
22
1375.4999995529652
32
422.4999952316284
13
-112.51515112501848
23
1375.4999995529652
33
422.4999952316284
0
3DFACE
5
D78E
330
CFF3
100
AcDbEntity
100
AcDbFace
8
EKP_POI_MODULLERI
10
-112.51515112501848
20
895.5000004470348
30
158.49999990500507
11
-112.51515112501848
21
1375.4999995529652
31
158.49999990500507
12
-112.51515112501848
22
1375.4999995529652
32
422.4999952316284
13
-112.51515112501848
23
895.5000004470348
33
422.4999952316284
0
3DFACE
5
D78F
330
CFF3
100
AcDbEntity
100
AcDbFace
8
EKP_POI_MODULLERI
10
262.484846081014
20
895.5000004470348
30
158.49999990500507
11
262.484846081014
21
1375.4999995529652
31
158.49999990500507
12
262.484846081014
22
1375.4999995529652
32
422.4999952316284
13
262.484846081014
23
895.5000004470348
33
422.4999952316284
0
LINE
5
D790
330
CFF3
100
AcDbEntity
100
AcDbLine
8
EKP_POI_MODULLERI
10
-112.51515112501848
20
895.5000004470348
30
158.49999990500507
11
262.484846081014
21
895.5000004470348
31
158.49999990500507
0
LINE
5
D791
330
CFF3
100
AcDbEntity
100
AcDbLine
8
EKP_POI_MODULLERI
10
262.484846081014
20
895.5000004470348
30
158.49999990500507
11
262.484846081014
21
1375.4999995529652
31
158.49999990500507
0
LINE
5
D792
330
CFF3
100
AcDbEntity
100
AcDbLine
8
EKP_POI_MODULLERI
10
262.484846081014
20
1375.4999995529652
30
158.49999990500507
11
-112.51515112501848
21
1375.4999995529652
31
158.49999990500507
0
LINE
5
D793
330
CFF3
100
AcDbEntity
100
AcDbLine
8
EKP_POI_MODULLERI
10
-112.51515112501848
20
1375.4999995529652
30
158.49999990500507
11
-112.51515112501848
21
895.5000004470348
31
158.49999990500507
0
LINE
5
D794
330
CFF3
100
AcDbEntity
100
AcDbLine
8
EKP_POI_MODULLERI
10
-112.51515112501848
20
895.5000004470348
30
422.4999952316284
11
262.484846081014
21
895.5000004470348
31
422.4999952316284
0
LINE
5
D795
330
CFF3
100
AcDbEntity
100
AcDbLine
8
EKP_POI_MODULLERI
10
262.484846081014
20
895.5000004470348
30
422.4999952316284
11
262.484846081014
21
1375.4999995529652
31
422.4999952316284
0
LINE
5
D796
330
CFF3
100
AcDbEntity
100
AcDbLine
8
EKP_POI_MODULLERI
10
262.484846081014
20
1375.4999995529652
30
422.4999952316284
11
-112.51515112501848
21
1375.4999995529652
31
422.4999952316284
0
LINE
5
D797
330
CFF3
100
AcDbEntity
100
AcDbLine
8
EKP_POI_MODULLERI
10
-112.51515112501848
20
1375.4999995529652
30
422.4999952316284
11
-112.51515112501848
21
895.5000004470348
31
422.4999952316284
0
LINE
5
D798
330
CFF3
100
AcDbEntity
100
AcDbLine
8
EKP_POI_MODULLERI
10
-112.51515112501848
20
895.5000004470348
30
158.49999990500507
11
-112.51515112501848
21
895.5000004470348
31
422.4999952316284
0
LINE
5
D799
330
CFF3
100
AcDbEntity
100
AcDbLine
8
EKP_POI_MODULLERI
10
262.484846081014
20
895.5000004470348
30
158.49999990500507
11
262.484846081014
21
895.5000004470348
31
422.4999952316284
0
LINE
5
D79A
330
CFF3
100
AcDbEntity
100
AcDbLine
8
EKP_POI_MODULLERI
10
262.484846081014
20
1375.4999995529652
30
158.49999990500507
11
262.484846081014
21
1375.4999995529652
31
422.4999952316284
0
LINE
5
D79B
330
CFF3
100
AcDbEntity
100
AcDbLine
8
EKP_POI_MODULLERI
10
-112.51515112501848
20
1375.4999995529652
30
158.49999990500507
11
-112.51515112501848
21
1375.4999995529652
31
422.4999952316284
0
TEXT
5
D79C
330
CFF3
100
AcDbEntity
100
AcDbText
8
EKP_POI_MODULLERI
10
74.98484747799776
20
1135.5
30
0
40
45
1
POI Modul 1 (CB-12-POI-64F-A12)
50
0
7
STANDARD
72
1
11
74.98484747799776
21
1135.5
31
0
100
AcDbText
73
2
0
3DFACE
5
D79D
330
CFF3
100
AcDbEntity
100
AcDbFace
8
EKP_POI_MODULLERI
10
-112.51515112501848
20
895.5000004470348
30
473.499999905005
11
262.484846081014
21
895.5000004470348
31
473.499999905005
12
262.484846081014
22
1375.4999995529652
32
473.499999905005
13
-112.51515112501848
23
1375.4999995529652
33
473.499999905005
0
3DFACE
5
D79E
330
CFF3
100
AcDbEntity
100
AcDbFace
8
EKP_POI_MODULLERI
10
-112.51515112501848
20
895.5000004470348
30
737.4999952316283
11
262.484846081014
21
895.5000004470348
31
737.4999952316283
12
262.484846081014
22
1375.4999995529652
32
737.4999952316283
13
-112.51515112501848
23
1375.4999995529652
33
737.4999952316283
0
3DFACE
5
D79F
330
CFF3
100
AcDbEntity
100
AcDbFace
8
EKP_POI_MODULLERI
10
-112.51515112501848
20
895.5000004470348
30
473.499999905005
11
262.484846081014
21
895.5000004470348
31
473.499999905005
12
262.484846081014
22
895.5000004470348
32
737.4999952316283
13
-112.51515112501848
23
895.5000004470348
33
737.4999952316283
0
3DFACE
5
D7A0
330
CFF3
100
AcDbEntity
100
AcDbFace
8
EKP_POI_MODULLERI
10
-112.51515112501848
20
1375.4999995529652
30
473.499999905005
11
262.484846081014
21
1375.4999995529652
31
473.499999905005
12
262.484846081014
22
1375.4999995529652
32
737.4999952316283
13
-112.51515112501848
23
1375.4999995529652
33
737.4999952316283
0
3DFACE
5
D7A1
330
CFF3
100
AcDbEntity
100
AcDbFace
8
EKP_POI_MODULLERI
10
-112.51515112501848
20
895.5000004470348
30
473.499999905005
11
-112.51515112501848
21
1375.4999995529652
31
473.499999905005
12
-112.51515112501848
22
1375.4999995529652
32
737.4999952316283
13
-112.51515112501848
23
895.5000004470348
33
737.4999952316283
0
3DFACE
5
D7A2
330
CFF3
100
AcDbEntity
100
AcDbFace
8
EKP_POI_MODULLERI
10
262.484846081014
20
895.5000004470348
30
473.499999905005
11
262.484846081014
21
1375.4999995529652
31
473.499999905005
12
262.484846081014
22
1375.4999995529652
32
737.4999952316283
13
262.484846081014
23
895.5000004470348
33
737.4999952316283
0
LINE
5
D7A3
330
CFF3
100
AcDbEntity
100
AcDbLine
8
EKP_POI_MODULLERI
10
-112.51515112501848
20
895.5000004470348
30
473.499999905005
11
262.484846081014
21
895.5000004470348
31
473.499999905005
0
LINE
5
D7A4
330
CFF3
100
AcDbEntity
100
AcDbLine
8
EKP_POI_MODULLERI
10
262.484846081014
20
895.5000004470348
30
473.499999905005
11
262.484846081014
21
1375.4999995529652
31
473.499999905005
0
LINE
5
D7A5
330
CFF3
100
AcDbEntity
100
AcDbLine
8
EKP_POI_MODULLERI
10
262.484846081014
20
1375.4999995529652
30
473.499999905005
11
-112.51515112501848
21
1375.4999995529652
31
473.499999905005
0
LINE
5
D7A6
330
CFF3
100
AcDbEntity
100
AcDbLine
8
EKP_POI_MODULLERI
10
-112.51515112501848
20
1375.4999995529652
30
473.499999905005
11
-112.51515112501848
21
895.5000004470348
31
473.499999905005
0
LINE
5
D7A7
330
CFF3
100
AcDbEntity
100
AcDbLine
8
EKP_POI_MODULLERI
10
-112.51515112501848
20
895.5000004470348
30
737.4999952316283
11
262.484846081014
21
895.5000004470348
31
737.4999952316283
0
LINE
5
D7A8
330
CFF3
100
AcDbEntity
100
AcDbLine
8
EKP_POI_MODULLERI
10
262.484846081014
20
895.5000004470348
30
737.4999952316283
11
262.484846081014
21
1375.4999995529652
31
737.4999952316283
0
LINE
5
D7A9
330
CFF3
100
AcDbEntity
100
AcDbLine
8
EKP_POI_MODULLERI
10
262.484846081014
20
1375.4999995529652
30
737.4999952316283
11
-112.51515112501848
21
1375.4999995529652
31
737.4999952316283
0
LINE
5
D7AA
330
CFF3
100
AcDbEntity
100
AcDbLine
8
EKP_POI_MODULLERI
10
-112.51515112501848
20
1375.4999995529652
30
737.4999952316283
11
-112.51515112501848
21
895.5000004470348
31
737.4999952316283
0
LINE
5
D7AB
330
CFF3
100
AcDbEntity
100
AcDbLine
8
EKP_POI_MODULLERI
10
-112.51515112501848
20
895.5000004470348
30
473.499999905005
11
-112.51515112501848
21
895.5000004470348
31
737.4999952316283
0
LINE
5
D7AC
330
CFF3
100
AcDbEntity
100
AcDbLine
8
EKP_POI_MODULLERI
10
262.484846081014
20
895.5000004470348
30
473.499999905005
11
262.484846081014
21
895.5000004470348
31
737.4999952316283
0
LINE
5
D7AD
330
CFF3
100
AcDbEntity
100
AcDbLine
8
EKP_POI_MODULLERI
10
262.484846081014
20
1375.4999995529652
30
473.499999905005
11
262.484846081014
21
1375.4999995529652
31
737.4999952316283
0
LINE
5
D7AE
330
CFF3
100
AcDbEntity
100
AcDbLine
8
EKP_POI_MODULLERI
10
-112.51515112501848
20
1375.4999995529652
30
473.499999905005
11
-112.51515112501848
21
1375.4999995529652
31
737.4999952316283
0
TEXT
5
D7AF
330
CFF3
100
AcDbEntity
100
AcDbText
8
EKP_POI_MODULLERI
10
74.98484747799776
20
1135.5
30
0
40
45
1
POI Modul 2 (CB-12-POI-64F-A12)
50
0
7
STANDARD
72
1
11
74.98484747799776
21
1135.5
31
0
100
AcDbText
73
2
0
3DFACE
5
D7B0
330
CFF3
100
AcDbEntity
100
AcDbFace
8
EKP_POI_MODULLERI
10
-112.51515112501848
20
895.5000004470348
30
788.4999999050051
11
262.484846081014
21
895.5000004470348
31
788.4999999050051
12
262.484846081014
22
1375.4999995529652
32
788.4999999050051
13
-112.51515112501848
23
1375.4999995529652
33
788.4999999050051
0
3DFACE
5
D7B1
330
CFF3
100
AcDbEntity
100
AcDbFace
8
EKP_POI_MODULLERI
10
-112.51515112501848
20
895.5000004470348
30
1052.4999952316284
11
262.484846081014
21
895.5000004470348
31
1052.4999952316284
12
262.484846081014
22
1375.4999995529652
32
1052.4999952316284
13
-112.51515112501848
23
1375.4999995529652
33
1052.4999952316284
0
3DFACE
5
D7B2
330
CFF3
100
AcDbEntity
100
AcDbFace
8
EKP_POI_MODULLERI
10
-112.51515112501848
20
895.5000004470348
30
788.4999999050051
11
262.484846081014
21
895.5000004470348
31
788.4999999050051
12
262.484846081014
22
895.5000004470348
32
1052.4999952316284
13
-112.51515112501848
23
895.5000004470348
33
1052.4999952316284
0
3DFACE
5
D7B3
330
CFF3
100
AcDbEntity
100
AcDbFace
8
EKP_POI_MODULLERI
10
-112.51515112501848
20
1375.4999995529652
30
788.4999999050051
11
262.484846081014
21
1375.4999995529652
31
788.4999999050051
12
262.484846081014
22
1375.4999995529652
32
1052.4999952316284
13
-112.51515112501848
23
1375.4999995529652
33
1052.4999952316284
0
3DFACE
5
D7B4
330
CFF3
100
AcDbEntity
100
AcDbFace
8
EKP_POI_MODULLERI
10
-112.51515112501848
20
895.5000004470348
30
788.4999999050051
11
-112.51515112501848
21
1375.4999995529652
31
788.4999999050051
12
-112.51515112501848
22
1375.4999995529652
32
1052.4999952316284
13
-112.51515112501848
23
895.5000004470348
33
1052.4999952316284
0
3DFACE
5
D7B5
330
CFF3
100
AcDbEntity
100
AcDbFace
8
EKP_POI_MODULLERI
10
262.484846081014
20
895.5000004470348
30
788.4999999050051
11
262.484846081014
21
1375.4999995529652
31
788.4999999050051
12
262.484846081014
22
1375.4999995529652
32
1052.4999952316284
13
262.484846081014
23
895.5000004470348
33
1052.4999952316284
0
LINE
5
D7B6
330
CFF3
100
AcDbEntity
100
AcDbLine
8
EKP_POI_MODULLERI
10
-112.51515112501848
20
895.5000004470348
30
788.4999999050051
11
262.484846081014
21
895.5000004470348
31
788.4999999050051
0
LINE
5
D7B7
330
CFF3
100
AcDbEntity
100
AcDbLine
8
EKP_POI_MODULLERI
10
262.484846081014
20
895.5000004470348
30
788.4999999050051
11
262.484846081014
21
1375.4999995529652
31
788.4999999050051
0
LINE
5
D7B8
330
CFF3
100
AcDbEntity
100
AcDbLine
8
EKP_POI_MODULLERI
10
262.484846081014
20
1375.4999995529652
30
788.4999999050051
11
-112.51515112501848
21
1375.4999995529652
31
788.4999999050051
0
LINE
5
D7B9
330
CFF3
100
AcDbEntity
100
AcDbLine
8
EKP_POI_MODULLERI
10
-112.51515112501848
20
1375.4999995529652
30
788.4999999050051
11
-112.51515112501848
21
895.5000004470348
31
788.4999999050051
0
LINE
5
D7BA
330
CFF3
100
AcDbEntity
100
AcDbLine
8
EKP_POI_MODULLERI
10
-112.51515112501848
20
895.5000004470348
30
1052.4999952316284
11
262.484846081014
21
895.5000004470348
31
1052.4999952316284
0
LINE
5
D7BB
330
CFF3
100
AcDbEntity
100
AcDbLine
8
EKP_POI_MODULLERI
10
262.484846081014
20
895.5000004470348
30
1052.4999952316284
11
262.484846081014
21
1375.4999995529652
31
1052.4999952316284
0
LINE
5
D7BC
330
CFF3
100
AcDbEntity
100
AcDbLine
8
EKP_POI_MODULLERI
10
262.484846081014
20
1375.4999995529652
30
1052.4999952316284
11
-112.51515112501848
21
1375.4999995529652
31
1052.4999952316284
0
LINE
5
D7BD
330
CFF3
100
AcDbEntity
100
AcDbLine
8
EKP_POI_MODULLERI
10
-112.51515112501848
20
1375.4999995529652
30
1052.4999952316284
11
-112.51515112501848
21
895.5000004470348
31
1052.4999952316284
0
LINE
5
D7BE
330
CFF3
100
AcDbEntity
100
AcDbLine
8
EKP_POI_MODULLERI
10
-112.51515112501848
20
895.5000004470348
30
788.4999999050051
11
-112.51515112501848
21
895.5000004470348
31
1052.4999952316284
0
LINE
5
D7BF
330
CFF3
100
AcDbEntity
100
AcDbLine
8
EKP_POI_MODULLERI
10
262.484846081014
20
895.5000004470348
30
788.4999999050051
11
262.484846081014
21
895.5000004470348
31
1052.4999952316284
0
LINE
5
D7C0
330
CFF3
100
AcDbEntity
100
AcDbLine
8
EKP_POI_MODULLERI
10
262.484846081014
20
1375.4999995529652
30
788.4999999050051
11
262.484846081014
21
1375.4999995529652
31
1052.4999952316284
0
LINE
5
D7C1
330
CFF3
100
AcDbEntity
100
AcDbLine
8
EKP_POI_MODULLERI
10
-112.51515112501848
20
1375.4999995529652
30
788.4999999050051
11
-112.51515112501848
21
1375.4999995529652
31
1052.4999952316284
0
TEXT
5
D7C2
330
CFF3
100
AcDbEntity
100
AcDbText
8
EKP_POI_MODULLERI
10
74.98484747799776
20
1135.5
30
0
40
45
1
POI Modul 3 (CB-12-POI-64F-A12)
50
0
7
STANDARD
72
1
11
74.98484747799776
21
1135.5
31
0
100
AcDbText
73
2
0
3DFACE
5
D7C3
330
CFF3
100
AcDbEntity
100
AcDbFace
8
EKP_POI_MODULLERI
10
-112.51515112501848
20
895.5000004470348
30
1103.4999999050053
11
262.484846081014
21
895.5000004470348
31
1103.4999999050053
12
262.484846081014
22
1375.4999995529652
32
1103.4999999050053
13
-112.51515112501848
23
1375.4999995529652
33
1103.4999999050053
0
3DFACE
5
D7C4
330
CFF3
100
AcDbEntity
100
AcDbFace
8
EKP_POI_MODULLERI
10
-112.51515112501848
20
895.5000004470348
30
1367.4999952316282
11
262.484846081014
21
895.5000004470348
31
1367.4999952316282
12
262.484846081014
22
1375.4999995529652
32
1367.4999952316282
13
-112.51515112501848
23
1375.4999995529652
33
1367.4999952316282
0
3DFACE
5
D7C5
330
CFF3
100
AcDbEntity
100
AcDbFace
8
EKP_POI_MODULLERI
10
-112.51515112501848
20
895.5000004470348
30
1103.4999999050053
11
262.484846081014
21
895.5000004470348
31
1103.4999999050053
12
262.484846081014
22
895.5000004470348
32
1367.4999952316282
13
-112.51515112501848
23
895.5000004470348
33
1367.4999952316282
0
3DFACE
5
D7C6
330
CFF3
100
AcDbEntity
100
AcDbFace
8
EKP_POI_MODULLERI
10
-112.51515112501848
20
1375.4999995529652
30
1103.4999999050053
11
262.484846081014
21
1375.4999995529652
31
1103.4999999050053
12
262.484846081014
22
1375.4999995529652
32
1367.4999952316282
13
-112.51515112501848
23
1375.4999995529652
33
1367.4999952316282
0
3DFACE
5
D7C7
330
CFF3
100
AcDbEntity
100
AcDbFace
8
EKP_POI_MODULLERI
10
-112.51515112501848
20
895.5000004470348
30
1103.4999999050053
11
-112.51515112501848
21
1375.4999995529652
31
1103.4999999050053
12
-112.51515112501848
22
1375.4999995529652
32
1367.4999952316282
13
-112.51515112501848
23
895.5000004470348
33
1367.4999952316282
0
3DFACE
5
D7C8
330
CFF3
100
AcDbEntity
100
AcDbFace
8
EKP_POI_MODULLERI
10
262.484846081014
20
895.5000004470348
30
1103.4999999050053
11
262.484846081014
21
1375.4999995529652
31
1103.4999999050053
12
262.484846081014
22
1375.4999995529652
32
1367.4999952316282
13
262.484846081014
23
895.5000004470348
33
1367.4999952316282
0
LINE
5
D7C9
330
CFF3
100
AcDbEntity
100
AcDbLine
8
EKP_POI_MODULLERI
10
-112.51515112501848
20
895.5000004470348
30
1103.4999999050053
11
262.484846081014
21
895.5000004470348
31
1103.4999999050053
0
LINE
5
D7CA
330
CFF3
100
AcDbEntity
100
AcDbLine
8
EKP_POI_MODULLERI
10
262.484846081014
20
895.5000004470348
30
1103.4999999050053
11
262.484846081014
21
1375.4999995529652
31
1103.4999999050053
0
LINE
5
D7CB
330
CFF3
100
AcDbEntity
100
AcDbLine
8
EKP_POI_MODULLERI
10
262.484846081014
20
1375.4999995529652
30
1103.4999999050053
11
-112.51515112501848
21
1375.4999995529652
31
1103.4999999050053
0
LINE
5
D7CC
330
CFF3
100
AcDbEntity
100
AcDbLine
8
EKP_POI_MODULLERI
10
-112.51515112501848
20
1375.4999995529652
30
1103.4999999050053
11
-112.51515112501848
21
895.5000004470348
31
1103.4999999050053
0
LINE
5
D7CD
330
CFF3
100
AcDbEntity
100
AcDbLine
8
EKP_POI_MODULLERI
10
-112.51515112501848
20
895.5000004470348
30
1367.4999952316282
11
262.484846081014
21
895.5000004470348
31
1367.4999952316282
0
LINE
5
D7CE
330
CFF3
100
AcDbEntity
100
AcDbLine
8
EKP_POI_MODULLERI
10
262.484846081014
20
895.5000004470348
30
1367.4999952316282
11
262.484846081014
21
1375.4999995529652
31
1367.4999952316282
0
LINE
5
D7CF
330
CFF3
100
AcDbEntity
100
AcDbLine
8
EKP_POI_MODULLERI
10
262.484846081014
20
1375.4999995529652
30
1367.4999952316282
11
-112.51515112501848
21
1375.4999995529652
31
1367.4999952316282
0
LINE
5
D7D0
330
CFF3
100
AcDbEntity
100
AcDbLine
8
EKP_POI_MODULLERI
10
-112.51515112501848
20
1375.4999995529652
30
1367.4999952316282
11
-112.51515112501848
21
895.5000004470348
31
1367.4999952316282
0
LINE
5
D7D1
330
CFF3
100
AcDbEntity
100
AcDbLine
8
EKP_POI_MODULLERI
10
-112.51515112501848
20
895.5000004470348
30
1103.4999999050053
11
-112.51515112501848
21
895.5000004470348
31
1367.4999952316282
0
LINE
5
D7D2
330
CFF3
100
AcDbEntity
100
AcDbLine
8
EKP_POI_MODULLERI
10
262.484846081014
20
895.5000004470348
30
1103.4999999050053
11
262.484846081014
21
895.5000004470348
31
1367.4999952316282
0
LINE
5
D7D3
330
CFF3
100
AcDbEntity
100
AcDbLine
8
EKP_POI_MODULLERI
10
262.484846081014
20
1375.4999995529652
30
1103.4999999050053
11
262.484846081014
21
1375.4999995529652
31
1367.4999952316282
0
LINE
5
D7D4
330
CFF3
100
AcDbEntity
100
AcDbLine
8
EKP_POI_MODULLERI
10
-112.51515112501848
20
1375.4999995529652
30
1103.4999999050053
11
-112.51515112501848
21
1375.4999995529652
31
1367.4999952316282
0
TEXT
5
D7D5
330
CFF3
100
AcDbEntity
100
AcDbText
8
EKP_POI_MODULLERI
10
74.98484747799776
20
1135.5
30
0
40
45
1
POI Modul 4 (CB-12-POI-64F-A12)
50
0
7
STANDARD
72
1
11
74.98484747799776
21
1135.5
31
0
100
AcDbText
73
2
0
3DFACE
5
D7D6
330
CFF3
100
AcDbEntity
100
AcDbFace
8
EKP_POI_MODULLERI
10
-112.51515112501848
20
895.5000004470348
30
1418.499999905005
11
262.484846081014
21
895.5000004470348
31
1418.499999905005
12
262.484846081014
22
1375.4999995529652
32
1418.499999905005
13
-112.51515112501848
23
1375.4999995529652
33
1418.499999905005
0
3DFACE
5
D7D7
330
CFF3
100
AcDbEntity
100
AcDbFace
8
EKP_POI_MODULLERI
10
-112.51515112501848
20
895.5000004470348
30
1682.4999952316282
11
262.484846081014
21
895.5000004470348
31
1682.4999952316282
12
262.484846081014
22
1375.4999995529652
32
1682.4999952316282
13
-112.51515112501848
23
1375.4999995529652
33
1682.4999952316282
0
3DFACE
5
D7D8
330
CFF3
100
AcDbEntity
100
AcDbFace
8
EKP_POI_MODULLERI
10
-112.51515112501848
20
895.5000004470348
30
1418.499999905005
11
262.484846081014
21
895.5000004470348
31
1418.499999905005
12
262.484846081014
22
895.5000004470348
32
1682.4999952316282
13
-112.51515112501848
23
895.5000004470348
33
1682.4999952316282
0
3DFACE
5
D7D9
330
CFF3
100
AcDbEntity
100
AcDbFace
8
EKP_POI_MODULLERI
10
-112.51515112501848
20
1375.4999995529652
30
1418.499999905005
11
262.484846081014
21
1375.4999995529652
31
1418.499999905005
12
262.484846081014
22
1375.4999995529652
32
1682.4999952316282
13
-112.51515112501848
23
1375.4999995529652
33
1682.4999952316282
0
3DFACE
5
D7DA
330
CFF3
100
AcDbEntity
100
AcDbFace
8
EKP_POI_MODULLERI
10
-112.51515112501848
20
895.5000004470348
30
1418.499999905005
11
-112.51515112501848
21
1375.4999995529652
31
1418.499999905005
12
-112.51515112501848
22
1375.4999995529652
32
1682.4999952316282
13
-112.51515112501848
23
895.5000004470348
33
1682.4999952316282
0
3DFACE
5
D7DB
330
CFF3
100
AcDbEntity
100
AcDbFace
8
EKP_POI_MODULLERI
10
262.484846081014
20
895.5000004470348
30
1418.499999905005
11
262.484846081014
21
1375.4999995529652
31
1418.499999905005
12
262.484846081014
22
1375.4999995529652
32
1682.4999952316282
13
262.484846081014
23
895.5000004470348
33
1682.4999952316282
0
LINE
5
D7DC
330
CFF3
100
AcDbEntity
100
AcDbLine
8
EKP_POI_MODULLERI
10
-112.51515112501848
20
895.5000004470348
30
1418.499999905005
11
262.484846081014
21
895.5000004470348
31
1418.499999905005
0
LINE
5
D7DD
330
CFF3
100
AcDbEntity
100
AcDbLine
8
EKP_POI_MODULLERI
10
262.484846081014
20
895.5000004470348
30
1418.499999905005
11
262.484846081014
21
1375.4999995529652
31
1418.499999905005
0
LINE
5
D7DE
330
CFF3
100
AcDbEntity
100
AcDbLine
8
EKP_POI_MODULLERI
10
262.484846081014
20
1375.4999995529652
30
1418.499999905005
11
-112.51515112501848
21
1375.4999995529652
31
1418.499999905005
0
LINE
5
D7DF
330
CFF3
100
AcDbEntity
100
AcDbLine
8
EKP_POI_MODULLERI
10
-112.51515112501848
20
1375.4999995529652
30
1418.499999905005
11
-112.51515112501848
21
895.5000004470348
31
1418.499999905005
0
LINE
5
D7E0
330
CFF3
100
AcDbEntity
100
AcDbLine
8
EKP_POI_MODULLERI
10
-112.51515112501848
20
895.5000004470348
30
1682.4999952316282
11
262.484846081014
21
895.5000004470348
31
1682.4999952316282
0
LINE
5
D7E1
330
CFF3
100
AcDbEntity
100
AcDbLine
8
EKP_POI_MODULLERI
10
262.484846081014
20
895.5000004470348
30
1682.4999952316282
11
262.484846081014
21
1375.4999995529652
31
1682.4999952316282
0
LINE
5
D7E2
330
CFF3
100
AcDbEntity
100
AcDbLine
8
EKP_POI_MODULLERI
10
262.484846081014
20
1375.4999995529652
30
1682.4999952316282
11
-112.51515112501848
21
1375.4999995529652
31
1682.4999952316282
0
LINE
5
D7E3
330
CFF3
100
AcDbEntity
100
AcDbLine
8
EKP_POI_MODULLERI
10
-112.51515112501848
20
1375.4999995529652
30
1682.4999952316282
11
-112.51515112501848
21
895.5000004470348
31
1682.4999952316282
0
LINE
5
D7E4
330
CFF3
100
AcDbEntity
100
AcDbLine
8
EKP_POI_MODULLERI
10
-112.51515112501848
20
895.5000004470348
30
1418.499999905005
11
-112.51515112501848
21
895.5000004470348
31
1682.4999952316282
0
LINE
5
D7E5
330
CFF3
100
AcDbEntity
100
AcDbLine
8
EKP_POI_MODULLERI
10
262.484846081014
20
895.5000004470348
30
1418.499999905005
11
262.484846081014
21
895.5000004470348
31
1682.4999952316282
0
LINE
5
D7E6
330
CFF3
100
AcDbEntity
100
AcDbLine
8
EKP_POI_MODULLERI
10
262.484846081014
20
1375.4999995529652
30
1418.499999905005
11
262.484846081014
21
1375.4999995529652
31
1682.4999952316282
0
LINE
5
D7E7
330
CFF3
100
AcDbEntity
100
AcDbLine
8
EKP_POI_MODULLERI
10
-112.51515112501848
20
1375.4999995529652
30
1418.499999905005
11
-112.51515112501848
21
1375.4999995529652
31
1682.4999952316282
0
TEXT
5
D7E8
330
CFF3
100
AcDbEntity
100
AcDbText
8
EKP_POI_MODULLERI
10
74.98484747799776
20
1135.5
30
0
40
45
1
POI Modul 5 (CB-12-POI-64F-A12)
50
0
7
STANDARD
72
1
11
74.98484747799776
21
1135.5
31
0
100
AcDbText
73
2
0
3DFACE
5
D00C
330
CFF3
100
AcDbEntity
100
AcDbFace
8
BLOK_OZEL_PLATFORM
10
-1300
20
-700
30
-50
11
1300
21
-700
31
-50
12
1300
22
700
32
-50
13
-1300
23
700
33
-50
0
3DFACE
5
D00D
330
CFF3
100
AcDbEntity
100
AcDbFace
8
BLOK_OZEL_PLATFORM
10
-1300
20
-700
30
0
11
1300
21
-700
31
0
12
1300
22
700
32
0
13
-1300
23
700
33
0
0
3DFACE
5
D00E
330
CFF3
100
AcDbEntity
100
AcDbFace
8
BLOK_OZEL_PLATFORM
10
-1300
20
-700
30
-50
11
1300
21
-700
31
-50
12
1300
22
-700
32
0
13
-1300
23
-700
33
0
0
3DFACE
5
D00F
330
CFF3
100
AcDbEntity
100
AcDbFace
8
BLOK_OZEL_PLATFORM
10
-1300
20
700
30
-50
11
1300
21
700
31
-50
12
1300
22
700
32
0
13
-1300
23
700
33
0
0
3DFACE
5
D010
330
CFF3
100
AcDbEntity
100
AcDbFace
8
BLOK_OZEL_PLATFORM
10
-1300
20
-700
30
-50
11
-1300
21
700
31
-50
12
-1300
22
700
32
0
13
-1300
23
-700
33
0
0
3DFACE
5
D011
330
CFF3
100
AcDbEntity
100
AcDbFace
8
BLOK_OZEL_PLATFORM
10
1300
20
-700
30
-50
11
1300
21
700
31
-50
12
1300
22
700
32
0
13
1300
23
-700
33
0
0
LINE
5
D012
330
CFF3
100
AcDbEntity
100
AcDbLine
8
BLOK_OZEL_PLATFORM
10
-1300
20
-700
30
-50
11
1300
21
-700
31
-50
0
LINE
5
D013
330
CFF3
100
AcDbEntity
100
AcDbLine
8
BLOK_OZEL_PLATFORM
10
1300
20
-700
30
-50
11
1300
21
700
31
-50
0
LINE
5
D014
330
CFF3
100
AcDbEntity
100
AcDbLine
8
BLOK_OZEL_PLATFORM
10
1300
20
700
30
-50
11
-1300
21
700
31
-50
0
LINE
5
D015
330
CFF3
100
AcDbEntity
100
AcDbLine
8
BLOK_OZEL_PLATFORM
10
-1300
20
700
30
-50
11
-1300
21
-700
31
-50
0
LINE
5
D016
330
CFF3
100
AcDbEntity
100
AcDbLine
8
BLOK_OZEL_PLATFORM
10
-1300
20
-700
30
0
11
1300
21
-700
31
0
0
LINE
5
D017
330
CFF3
100
AcDbEntity
100
AcDbLine
8
BLOK_OZEL_PLATFORM
10
1300
20
-700
30
0
11
1300
21
700
31
0
0
LINE
5
D018
330
CFF3
100
AcDbEntity
100
AcDbLine
8
BLOK_OZEL_PLATFORM
10
1300
20
700
30
0
11
-1300
21
700
31
0
0
LINE
5
D019
330
CFF3
100
AcDbEntity
100
AcDbLine
8
BLOK_OZEL_PLATFORM
10
-1300
20
700
30
0
11
-1300
21
-700
31
0
0
LINE
5
D01A
330
CFF3
100
AcDbEntity
100
AcDbLine
8
BLOK_OZEL_PLATFORM
10
-1300
20
-700
30
-50
11
-1300
21
-700
31
0
0
LINE
5
D01B
330
CFF3
100
AcDbEntity
100
AcDbLine
8
BLOK_OZEL_PLATFORM
10
1300
20
-700
30
-50
11
1300
21
-700
31
0
0
LINE
5
D01C
330
CFF3
100
AcDbEntity
100
AcDbLine
8
BLOK_OZEL_PLATFORM
10
1300
20
700
30
-50
11
1300
21
700
31
0
0
LINE
5
D01D
330
CFF3
100
AcDbEntity
100
AcDbLine
8
BLOK_OZEL_PLATFORM
10
-1300
20
700
30
-50
11
-1300
21
700
31
0
0
3DFACE
5
D7E9
330
CFF3
100
AcDbEntity
100
AcDbFace
8
BLOK_OZEL_PLATFORM
10
-2012.5151524288701
20
600.0000000000001
30
-688.0000058412552
11
587.4848505513621
21
600.0000000000001
31
-688.0000058412552
12
587.4848505513621
22
2100
32
-688.0000058412552
13
-2012.5151524288701
23
2100
33
-688.0000058412552
0
3DFACE
5
D7EA
330
CFF3
100
AcDbEntity
100
AcDbFace
8
BLOK_OZEL_PLATFORM
10
-2012.5151524288701
20
600.0000000000001
30
1215.9999996647239
11
587.4848505513621
21
600.0000000000001
31
1215.9999996647239
12
587.4848505513621
22
2100
32
1215.9999996647239
13
-2012.5151524288701
23
2100
33
1215.9999996647239
0
3DFACE
5
D7EB
330
CFF3
100
AcDbEntity
100
AcDbFace
8
BLOK_OZEL_PLATFORM
10
-2012.5151524288701
20
600.0000000000001
30
-688.0000058412552
11
587.4848505513621
21
600.0000000000001
31
-688.0000058412552
12
587.4848505513621
22
600.0000000000001
32
1215.9999996647239
13
-2012.5151524288701
23
600.0000000000001
33
1215.9999996647239
0
3DFACE
5
D7EC
330
CFF3
100
AcDbEntity
100
AcDbFace
8
BLOK_OZEL_PLATFORM
10
-2012.5151524288701
20
2100
30
-688.0000058412552
11
587.4848505513621
21
2100
31
-688.0000058412552
12
587.4848505513621
22
2100
32
1215.9999996647239
13
-2012.5151524288701
23
2100
33
1215.9999996647239
0
3DFACE
5
D7ED
330
CFF3
100
AcDbEntity
100
AcDbFace
8
BLOK_OZEL_PLATFORM
10
-2012.5151524288701
20
600.0000000000001
30
-688.0000058412552
11
-2012.5151524288701
21
2100
31
-688.0000058412552
12
-2012.5151524288701
22
2100
32
1215.9999996647239
13
-2012.5151524288701
23
600.0000000000001
33
1215.9999996647239
0
3DFACE
5
D7EE
330
CFF3
100
AcDbEntity
100
AcDbFace
8
BLOK_OZEL_PLATFORM
10
587.4848505513621
20
600.0000000000001
30
-688.0000058412552
11
587.4848505513621
21
2100
31
-688.0000058412552
12
587.4848505513621
22
2100
32
1215.9999996647239
13
587.4848505513621
23
600.0000000000001
33
1215.9999996647239
0
LINE
5
D7EF
330
CFF3
100
AcDbEntity
100
AcDbLine
8
BLOK_OZEL_PLATFORM
10
-2012.5151524288701
20
600.0000000000001
30
-688.0000058412552
11
587.4848505513621
21
600.0000000000001
31
-688.0000058412552
0
LINE
5
D7F0
330
CFF3
100
AcDbEntity
100
AcDbLine
8
BLOK_OZEL_PLATFORM
10
587.4848505513621
20
600.0000000000001
30
-688.0000058412552
11
587.4848505513621
21
2100
31
-688.0000058412552
0
LINE
5
D7F1
330
CFF3
100
AcDbEntity
100
AcDbLine
8
BLOK_OZEL_PLATFORM
10
587.4848505513621
20
2100
30
-688.0000058412552
11
-2012.5151524288701
21
2100
31
-688.0000058412552
0
LINE
5
D7F2
330
CFF3
100
AcDbEntity
100
AcDbLine
8
BLOK_OZEL_PLATFORM
10
-2012.5151524288701
20
2100
30
-688.0000058412552
11
-2012.5151524288701
21
600.0000000000001
31
-688.0000058412552
0
LINE
5
D7F3
330
CFF3
100
AcDbEntity
100
AcDbLine
8
BLOK_OZEL_PLATFORM
10
-2012.5151524288701
20
600.0000000000001
30
1215.9999996647239
11
587.4848505513621
21
600.0000000000001
31
1215.9999996647239
0
LINE
5
D7F4
330
CFF3
100
AcDbEntity
100
AcDbLine
8
BLOK_OZEL_PLATFORM
10
587.4848505513621
20
600.0000000000001
30
1215.9999996647239
11
587.4848505513621
21
2100
31
1215.9999996647239
0
LINE
5
D7F5
330
CFF3
100
AcDbEntity
100
AcDbLine
8
BLOK_OZEL_PLATFORM
10
587.4848505513621
20
2100
30
1215.9999996647239
11
-2012.5151524288701
21
2100
31
1215.9999996647239
0
LINE
5
D7F6
330
CFF3
100
AcDbEntity
100
AcDbLine
8
BLOK_OZEL_PLATFORM
10
-2012.5151524288701
20
2100
30
1215.9999996647239
11
-2012.5151524288701
21
600.0000000000001
31
1215.9999996647239
0
LINE
5
D7F7
330
CFF3
100
AcDbEntity
100
AcDbLine
8
BLOK_OZEL_PLATFORM
10
-2012.5151524288701
20
600.0000000000001
30
-688.0000058412552
11
-2012.5151524288701
21
600.0000000000001
31
1215.9999996647239
0
LINE
5
D7F8
330
CFF3
100
AcDbEntity
100
AcDbLine
8
BLOK_OZEL_PLATFORM
10
587.4848505513621
20
600.0000000000001
30
-688.0000058412552
11
587.4848505513621
21
600.0000000000001
31
1215.9999996647239
0
LINE
5
D7F9
330
CFF3
100
AcDbEntity
100
AcDbLine
8
BLOK_OZEL_PLATFORM
10
587.4848505513621
20
2100
30
-688.0000058412552
11
587.4848505513621
21
2100
31
1215.9999996647239
0
LINE
5
D7FA
330
CFF3
100
AcDbEntity
100
AcDbLine
8
BLOK_OZEL_PLATFORM
10
-2012.5151524288701
20
2100
30
-688.0000058412552
11
-2012.5151524288701
21
2100
31
1215.9999996647239
0
LINE
5
D7FB
330
CFF3
100
AcDbEntity
100
AcDbLine
8
BLOK_OZEL_PLATFORM
10
-1362.515151683812
20
600.0000000000001
30
1215.9999996647239
11
-1362.515151683812
21
2100
31
1215.9999996647239
0
LINE
5
D7FC
330
CFF3
100
AcDbEntity
100
AcDbLine
8
BLOK_OZEL_PLATFORM
10
-712.515150938754
20
600.0000000000001
30
1215.9999996647239
11
-712.515150938754
21
2100
31
1215.9999996647239
0
LINE
5
D7FD
330
CFF3
100
AcDbEntity
100
AcDbLine
8
BLOK_OZEL_PLATFORM
10
-62.515150193695945
20
600.0000000000001
30
1215.9999996647239
11
-62.515150193695945
21
2100
31
1215.9999996647239
0
LINE
5
D7FE
330
CFF3
100
AcDbEntity
100
AcDbLine
8
BLOK_OZEL_PLATFORM
10
-2012.5151524288701
20
1100
30
1215.9999996647239
11
587.4848505513621
21
1100
31
1215.9999996647239
0
LINE
5
D7FF
330
CFF3
100
AcDbEntity
100
AcDbLine
8
BLOK_OZEL_PLATFORM
10
-2012.5151524288701
20
1600
30
1215.9999996647239
11
587.4848505513621
21
1600
31
1215.9999996647239
0
TEXT
5
D800
330
CFF3
100
AcDbEntity
100
AcDbText
8
BLOK_OZEL_PLATFORM
10
-712.515150938754
20
1350
30
0
40
75
1
RRU Saha Blok 140cm (Alan 1)
50
0
7
STANDARD
72
1
11
-712.515150938754
21
1350
31
0
100
AcDbText
73
2
0
ENDSEC
0
SECTION
2
OBJECTS
0
DICTIONARY
5
CFE1
330
0
100
AcDbDictionary
281
1
3
ACAD_GROUP
350
CFF7
0
DICTIONARY
5
CFF7
330
CFE1
100
AcDbDictionary
281
1
0
ENDSEC
0
EOF