0
SECTION
2
HEADER
9
$HANDSEED
5
ECD8
9
$INSUNITS
70
4
9
$ACADVER
1
AC1021
9
$DWGCODEPAGE
3
UTF-8
0
ENDSEC
0
SECTION
2
CLASSES
0
ENDSEC
0
SECTION
2
TABLES
0
TABLE
2
LTYPE
5
ECD6
330
0
100
AcDbSymbolTable
70
5
0
LTYPE
5
E8AE
330
ECD6
100
AcDbSymbolTableRecord
100
AcDbLinetypeTableRecord
2
CONTINUOUS
3
______
70
0
72
65
73
0
40
0
0
LTYPE
5
E8AF
330
ECD6
100
AcDbSymbolTableRecord
100
AcDbLinetypeTableRecord
2
DASHED
3
_ _ _ 
70
0
72
65
73
2
40
10
49
5
74
0
49
-5
74
0
0
LTYPE
5
E8B0
330
ECD6
100
AcDbSymbolTableRecord
100
AcDbLinetypeTableRecord
2
DOTTED
3
. . . 
70
0
72
65
73
2
40
5
49
0
74
0
49
-5
74
0
0
LTYPE
5
E8B2
330
ECD6
100
AcDbSymbolTableRecord
100
AcDbLinetypeTableRecord
2
ByBlock
3

70
0
72
65
73
0
40
0
0
LTYPE
5
E8B3
330
ECD6
100
AcDbSymbolTableRecord
100
AcDbLinetypeTableRecord
2
ByLayer
3

70
0
72
65
73
0
40
0
0
ENDTAB
0
TABLE
2
LAYER
5
ECD7
330
0
100
AcDbSymbolTable
70
21
0
LAYER
5
E8B1
330
ECD7
100
AcDbSymbolTableRecord
100
AcDbLayerTableRecord
2
0
62
7
70
0
6
CONTINUOUS
390
1
0
LAYER
5
E8C4
330
ECD7
100
AcDbSymbolTableRecord
100
AcDbLayerTableRecord
2
ZEMIN_PLATFORM
62
8
70
0
6
CONTINUOUS
390
1
0
LAYER
5
E8C5
330
ECD7
100
AcDbSymbolTableRecord
100
AcDbLayerTableRecord
2
KORKULUK_KAPI
62
4
70
0
6
CONTINUOUS
390
1
0
LAYER
5
E8C6
330
ECD7
100
AcDbSymbolTableRecord
100
AcDbLayerTableRecord
2
CELIK_KIRIS_KOLON
62
9
70
0
6
CONTINUOUS
390
1
0
LAYER
5
E8C7
330
ECD7
100
AcDbSymbolTableRecord
100
AcDbLayerTableRecord
2
MONTAJ_BORULARI
62
2
70
0
6
CONTINUOUS
390
1
0
LAYER
5
E8C8
330
ECD7
100
AcDbSymbolTableRecord
100
AcDbLayerTableRecord
2
KABLO_TAVALARI
62
6
70
0
6
CONTINUOUS
390
1
0
LAYER
5
E8C9
330
ECD7
100
AcDbSymbolTableRecord
100
AcDbLayerTableRecord
2
YURUYUS_KORIDORU
62
3
70
0
6
DASHED
390
1
0
LAYER
5
E8CA
330
ECD7
100
AcDbSymbolTableRecord
100
AcDbLayerTableRecord
2
OLCULER
62
1
70
0
6
CONTINUOUS
390
1
0
LAYER
5
E8CB
330
ECD7
100
AcDbSymbolTableRecord
100
AcDbLayerTableRecord
2
METIN_BILGI
62
7
70
0
6
CONTINUOUS
390
1
0
LAYER
5
E8CC
330
ECD7
100
AcDbSymbolTableRecord
100
AcDbLayerTableRecord
2
EKP_TURKCELL_RRU
62
5
70
0
6
CONTINUOUS
390
1
0
LAYER
5
E8CD
330
ECD7
100
AcDbSymbolTableRecord
100
AcDbLayerTableRecord
2
EKP_VODAFONE_RRU
62
1
70
0
6
CONTINUOUS
390
1
0
LAYER
5
E8CE
330
ECD7
100
AcDbSymbolTableRecord
100
AcDbLayerTableRecord
2
EKP_TURK_TELEKOM_RRU
62
4
70
0
6
CONTINUOUS
390
1
0
LAYER
5
E8CF
330
ECD7
100
AcDbSymbolTableRecord
100
AcDbLayerTableRecord
2
EKP_POI_TASIYICI_SASE
62
30
70
0
6
CONTINUOUS
390
1
0
LAYER
5
E8D0
330
ECD7
100
AcDbSymbolTableRecord
100
AcDbLayerTableRecord
2
EKP_POI_MODULLERI
62
40
70
0
6
CONTINUOUS
390
1
0
LAYER
5
E8D1
330
ECD7
100
AcDbSymbolTableRecord
100
AcDbLayerTableRecord
2
EKP_RECTIFIER_ELTEK_20U
62
3
70
0
6
CONTINUOUS
390
1
0
LAYER
5
E8D2
330
ECD7
100
AcDbSymbolTableRecord
100
AcDbLayerTableRecord
2
EKP_RECTIFIER_MTS9304A
62
94
70
0
6
CONTINUOUS
390
1
0
LAYER
5
E8D3
330
ECD7
100
AcDbSymbolTableRecord
100
AcDbLayerTableRecord
2
BLOK_OZEL_PLATFORM
62
140
70
0
6
CONTINUOUS
390
1
0
LAYER
5
E8D4
330
ECD7
100
AcDbSymbolTableRecord
100
AcDbLayerTableRecord
2
EKP_MATSING_ANTEN
62
2
70
0
6
CONTINUOUS
390
1
0
LAYER
5
E8D5
330
ECD7
100
AcDbSymbolTableRecord
100
AcDbLayerTableRecord
2
EKP_PANEL_ANTEN
62
6
70
0
6
CONTINUOUS
390
1
0
LAYER
5
E8D6
330
ECD7
100
AcDbSymbolTableRecord
100
AcDbLayerTableRecord
2
EKP_ANTEN_TASIYICI_KOL
62
141
70
0
6
CONTINUOUS
390
1
0
LAYER
5
E8D7
330
ECD7
100
AcDbSymbolTableRecord
100
AcDbLayerTableRecord
2
EKP_DIGER_EKIPMANLAR
62
7
70
0
6
CONTINUOUS
390
1
0
ENDTAB
0
TABLE
2
VPORT
5
E8B4
330
0
100
AcDbSymbolTable
70
1
0
VPORT
5
E8BA
330
E8B4
100
AcDbSymbolTableRecord
100
AcDbViewportTableRecord
2
*ACTIVE
40
1000
70
0
0
ENDTAB
0
TABLE
2
STYLE
5
E8B5
330
0
100
AcDbSymbolTable
70
3
0
STYLE
5
E8BB
330
E8B5
100
AcDbSymbolTableRecord
100
AcDbTextStyleTableRecord
2
standard
70
0
40
0
41
1
50
0
71
0
42
1
3
calibrib.ttf
4

1001
ACAD
1000
Calibri
1071
33554466
0
STYLE
5
E8BC
330
E8B5
100
AcDbSymbolTableRecord
100
AcDbTextStyleTableRecord
2
STANDARD
70
0
40
0
41
1
50
0
71
0
42
1
3
calibrib.ttf
4

1001
ACAD
1000
Calibri
1071
33554466
0
STYLE
5
E8BD
330
E8B5
100
AcDbSymbolTableRecord
100
AcDbTextStyleTableRecord
2
CALIBRI_BOLD
70
0
40
0
41
1
50
0
71
0
42
1
3
calibrib.ttf
4

1001
ACAD
1000
Calibri
1071
33554466
0
ENDTAB
0
TABLE
2
VIEW
5
E8B6
330
0
100
AcDbSymbolTable
70
0
0
ENDTAB
0
TABLE
2
UCS
5
E8B7
330
0
100
AcDbSymbolTable
70
0
0
ENDTAB
0
TABLE
2
APPID
5
E8B8
330
0
100
AcDbSymbolTable
70
1
0
APPID
5
E8BE
330
E8B8
100
AcDbSymbolTableRecord
100
AcDbRegAppTableRecord
2
ACAD
70
0
0
ENDTAB
0
TABLE
2
DIMSTYLE
5
E8B9
330
0
100
AcDbSymbolTable
100
AcDbDimStyleTable
70
0
71
1
0
ENDTAB
0
TABLE
2
BLOCK_RECORD
5
ECD3
330
0
100
AcDbSymbolTable
70
2
0
BLOCK_RECORD
5
ECD4
330
ECD3
100
AcDbSymbolTableRecord
100
AcDbBlockTableRecord
2
*Model_Space
70
0
280
0
281
1
0
BLOCK_RECORD
5
ECD5
330
ECD3
100
AcDbSymbolTableRecord
100
AcDbBlockTableRecord
2
*Paper_Space
70
0
280
0
281
1
0
ENDTAB
0
ENDSEC
0
SECTION
2
BLOCKS
0
BLOCK
5
E8BF
330
0
100
AcDbEntity
100
AcDbBlockBegin
2
*Model_Space
70
0
10
0
20
0
30
0
3
*Model_Space
1

0
ENDBLK
5
E8C0
330
0
100
AcDbEntity
100
AcDbBlockEnd
0
BLOCK
5
E8C1
330
0
100
AcDbEntity
100
AcDbBlockBegin
2
*Paper_Space
70
0
10
0
20
0
30
0
3
*Paper_Space
1

0
ENDBLK
5
E8C2
330
0
100
AcDbEntity
100
AcDbBlockEnd
0
ENDSEC
0
SECTION
2
ENTITIES
0
3DFACE
5
E908
330
E8BF
100
AcDbEntity
100
AcDbFace
8
CELIK_KIRIS_KOLON
10
-14138.825
20
832.9717882377529
30
-323.1477990022523
11
-13861.175
21
832.9717882377529
31
-323.1477990022523
12
-13861.175
22
-323.14779900225216
32
832.971788237753
13
-14138.825
23
-323.14779900225216
33
832.971788237753
0
LINE
5
E909
330
E8BF
100
AcDbEntity
100
AcDbLine
8
CELIK_KIRIS_KOLON
10
-14000
20
847.113923861484
30
-309.0056633785214
11
-14000
21
-309.0056633785212
31
847.113923861484
0
3DFACE
5
E912
330
E8BF
100
AcDbEntity
100
AcDbFace
8
CELIK_KIRIS_KOLON
10
-14080
20
485.5171936322132
30
24.306795603287526
11
-13920
21
485.5171936322132
31
24.306795603287526
12
-13920
22
496.9723234874353
32
148.89901044835722
13
-14080
23
496.9723234874353
33
148.89901044835722
0
3DFACE
5
E913
330
E8BF
100
AcDbEntity
100
AcDbFace
8
CELIK_KIRIS_KOLON
10
-14080
20
80.87533809821139
30
428.9486511372894
11
-13920
21
80.87533809821139
31
428.9486511372894
12
-13920
22
92.3304679534335
32
553.540865982359
13
-14080
23
92.3304679534335
33
553.540865982359
0
3DFACE
5
E938
330
E8BF
100
AcDbEntity
100
AcDbFace
8
CELIK_KIRIS_KOLON
10
-14070
20
428.3158263716897
30
33.673970837687875
11
-13930
21
428.3158263716897
31
33.673970837687875
12
-13930
22
568.3158263716897
32
33.673970837687875
13
-14070
23
568.3158263716897
33
33.673970837687875
0
3DFACE
5
E939
330
E8BF
100
AcDbEntity
100
AcDbFace
8
CELIK_KIRIS_KOLON
10
-14070
20
428.3158263716897
30
153.67397083768788
11
-13930
21
428.3158263716897
31
153.67397083768788
12
-13930
22
568.3158263716897
32
153.67397083768788
13
-14070
23
568.3158263716897
33
153.67397083768788
0
3DFACE
5
E93A
330
E8BF
100
AcDbEntity
100
AcDbFace
8
CELIK_KIRIS_KOLON
10
-14070
20
428.3158263716897
30
33.673970837687875
11
-13930
21
428.3158263716897
31
33.673970837687875
12
-13930
22
428.3158263716897
32
153.67397083768788
13
-14070
23
428.3158263716897
33
153.67397083768788
0
3DFACE
5
E93B
330
E8BF
100
AcDbEntity
100
AcDbFace
8
CELIK_KIRIS_KOLON
10
-14070
20
568.3158263716897
30
33.673970837687875
11
-13930
21
568.3158263716897
31
33.673970837687875
12
-13930
22
568.3158263716897
32
153.67397083768788
13
-14070
23
568.3158263716897
33
153.67397083768788
0
3DFACE
5
E93C
330
E8BF
100
AcDbEntity
100
AcDbFace
8
CELIK_KIRIS_KOLON
10
-14070
20
428.3158263716897
30
33.673970837687875
11
-14070
21
568.3158263716897
31
33.673970837687875
12
-14070
22
568.3158263716897
32
153.67397083768788
13
-14070
23
428.3158263716897
33
153.67397083768788
0
3DFACE
5
E93D
330
E8BF
100
AcDbEntity
100
AcDbFace
8
CELIK_KIRIS_KOLON
10
-13930
20
428.3158263716897
30
33.673970837687875
11
-13930
21
568.3158263716897
31
33.673970837687875
12
-13930
22
568.3158263716897
32
153.67397083768788
13
-13930
23
428.3158263716897
33
153.67397083768788
0
LINE
5
E93E
330
E8BF
100
AcDbEntity
100
AcDbLine
8
CELIK_KIRIS_KOLON
10
-14070
20
428.3158263716897
30
33.673970837687875
11
-13930
21
428.3158263716897
31
33.673970837687875
0
LINE
5
E93F
330
E8BF
100
AcDbEntity
100
AcDbLine
8
CELIK_KIRIS_KOLON
10
-13930
20
428.3158263716897
30
33.673970837687875
11
-13930
21
568.3158263716897
31
33.673970837687875
0
LINE
5
E940
330
E8BF
100
AcDbEntity
100
AcDbLine
8
CELIK_KIRIS_KOLON
10
-13930
20
568.3158263716897
30
33.673970837687875
11
-14070
21
568.3158263716897
31
33.673970837687875
0
LINE
5
E941
330
E8BF
100
AcDbEntity
100
AcDbLine
8
CELIK_KIRIS_KOLON
10
-14070
20
568.3158263716897
30
33.673970837687875
11
-14070
21
428.3158263716897
31
33.673970837687875
0
LINE
5
E942
330
E8BF
100
AcDbEntity
100
AcDbLine
8
CELIK_KIRIS_KOLON
10
-14070
20
428.3158263716897
30
153.67397083768788
11
-13930
21
428.3158263716897
31
153.67397083768788
0
LINE
5
E943
330
E8BF
100
AcDbEntity
100
AcDbLine
8
CELIK_KIRIS_KOLON
10
-13930
20
428.3158263716897
30
153.67397083768788
11
-13930
21
568.3158263716897
31
153.67397083768788
0
LINE
5
E944
330
E8BF
100
AcDbEntity
100
AcDbLine
8
CELIK_KIRIS_KOLON
10
-13930
20
568.3158263716897
30
153.67397083768788
11
-14070
21
568.3158263716897
31
153.67397083768788
0
LINE
5
E945
330
E8BF
100
AcDbEntity
100
AcDbLine
8
CELIK_KIRIS_KOLON
10
-14070
20
568.3158263716897
30
153.67397083768788
11
-14070
21
428.3158263716897
31
153.67397083768788
0
LINE
5
E946
330
E8BF
100
AcDbEntity
100
AcDbLine
8
CELIK_KIRIS_KOLON
10
-14070
20
428.3158263716897
30
33.673970837687875
11
-14070
21
428.3158263716897
31
153.67397083768788
0
LINE
5
E947
330
E8BF
100
AcDbEntity
100
AcDbLine
8
CELIK_KIRIS_KOLON
10
-13930
20
428.3158263716897
30
33.673970837687875
11
-13930
21
428.3158263716897
31
153.67397083768788
0
LINE
5
E948
330
E8BF
100
AcDbEntity
100
AcDbLine
8
CELIK_KIRIS_KOLON
10
-13930
20
568.3158263716897
30
33.673970837687875
11
-13930
21
568.3158263716897
31
153.67397083768788
0
LINE
5
E949
330
E8BF
100
AcDbEntity
100
AcDbLine
8
CELIK_KIRIS_KOLON
10
-14070
20
568.3158263716897
30
33.673970837687875
11
-14070
21
568.3158263716897
31
153.67397083768788
0
3DFACE
5
E94A
330
E8BF
100
AcDbEntity
100
AcDbFace
8
CELIK_KIRIS_KOLON
10
-14070
20
23.67397083768796
30
438.3158263716897
11
-13930
21
23.67397083768796
31
438.3158263716897
12
-13930
22
163.67397083768796
32
438.3158263716897
13
-14070
23
163.67397083768796
33
438.3158263716897
0
3DFACE
5
E94B
330
E8BF
100
AcDbEntity
100
AcDbFace
8
CELIK_KIRIS_KOLON
10
-14070
20
23.67397083768796
30
558.3158263716897
11
-13930
21
23.67397083768796
31
558.3158263716897
12
-13930
22
163.67397083768796
32
558.3158263716897
13
-14070
23
163.67397083768796
33
558.3158263716897
0
3DFACE
5
E94C
330
E8BF
100
AcDbEntity
100
AcDbFace
8
CELIK_KIRIS_KOLON
10
-14070
20
23.67397083768796
30
438.3158263716897
11
-13930
21
23.67397083768796
31
438.3158263716897
12
-13930
22
23.67397083768796
32
558.3158263716897
13
-14070
23
23.67397083768796
33
558.3158263716897
0
3DFACE
5
E94D
330
E8BF
100
AcDbEntity
100
AcDbFace
8
CELIK_KIRIS_KOLON
10
-14070
20
163.67397083768796
30
438.3158263716897
11
-13930
21
163.67397083768796
31
438.3158263716897
12
-13930
22
163.67397083768796
32
558.3158263716897
13
-14070
23
163.67397083768796
33
558.3158263716897
0
3DFACE
5
E94E
330
E8BF
100
AcDbEntity
100
AcDbFace
8
CELIK_KIRIS_KOLON
10
-14070
20
23.67397083768796
30
438.3158263716897
11
-14070
21
163.67397083768796
31
438.3158263716897
12
-14070
22
163.67397083768796
32
558.3158263716897
13
-14070
23
23.67397083768796
33
558.3158263716897
0
3DFACE
5
E94F
330
E8BF
100
AcDbEntity
100
AcDbFace
8
CELIK_KIRIS_KOLON
10
-13930
20
23.67397083768796
30
438.3158263716897
11
-13930
21
163.67397083768796
31
438.3158263716897
12
-13930
22
163.67397083768796
32
558.3158263716897
13
-13930
23
23.67397083768796
33
558.3158263716897
0
LINE
5
E950
330
E8BF
100
AcDbEntity
100
AcDbLine
8
CELIK_KIRIS_KOLON
10
-14070
20
23.67397083768796
30
438.3158263716897
11
-13930
21
23.67397083768796
31
438.3158263716897
0
LINE
5
E951
330
E8BF
100
AcDbEntity
100
AcDbLine
8
CELIK_KIRIS_KOLON
10
-13930
20
23.67397083768796
30
438.3158263716897
11
-13930
21
163.67397083768796
31
438.3158263716897
0
LINE
5
E952
330
E8BF
100
AcDbEntity
100
AcDbLine
8
CELIK_KIRIS_KOLON
10
-13930
20
163.67397083768796
30
438.3158263716897
11
-14070
21
163.67397083768796
31
438.3158263716897
0
LINE
5
E953
330
E8BF
100
AcDbEntity
100
AcDbLine
8
CELIK_KIRIS_KOLON
10
-14070
20
163.67397083768796
30
438.3158263716897
11
-14070
21
23.67397083768796
31
438.3158263716897
0
LINE
5
E954
330
E8BF
100
AcDbEntity
100
AcDbLine
8
CELIK_KIRIS_KOLON
10
-14070
20
23.67397083768796
30
558.3158263716897
11
-13930
21
23.67397083768796
31
558.3158263716897
0
LINE
5
E955
330
E8BF
100
AcDbEntity
100
AcDbLine
8
CELIK_KIRIS_KOLON
10
-13930
20
23.67397083768796
30
558.3158263716897
11
-13930
21
163.67397083768796
31
558.3158263716897
0
LINE
5
E956
330
E8BF
100
AcDbEntity
100
AcDbLine
8
CELIK_KIRIS_KOLON
10
-13930
20
163.67397083768796
30
558.3158263716897
11
-14070
21
163.67397083768796
31
558.3158263716897
0
LINE
5
E957
330
E8BF
100
AcDbEntity
100
AcDbLine
8
CELIK_KIRIS_KOLON
10
-14070
20
163.67397083768796
30
558.3158263716897
11
-14070
21
23.67397083768796
31
558.3158263716897
0
LINE
5
E958
330
E8BF
100
AcDbEntity
100
AcDbLine
8
CELIK_KIRIS_KOLON
10
-14070
20
23.67397083768796
30
438.3158263716897
11
-14070
21
23.67397083768796
31
558.3158263716897
0
LINE
5
E959
330
E8BF
100
AcDbEntity
100
AcDbLine
8
CELIK_KIRIS_KOLON
10
-13930
20
23.67397083768796
30
438.3158263716897
11
-13930
21
23.67397083768796
31
558.3158263716897
0
LINE
5
E95A
330
E8BF
100
AcDbEntity
100
AcDbLine
8
CELIK_KIRIS_KOLON
10
-13930
20
163.67397083768796
30
438.3158263716897
11
-13930
21
163.67397083768796
31
558.3158263716897
0
LINE
5
E95B
330
E8BF
100
AcDbEntity
100
AcDbLine
8
CELIK_KIRIS_KOLON
10
-14070
20
163.67397083768796
30
438.3158263716897
11
-14070
21
163.67397083768796
31
558.3158263716897
0
3DFACE
5
E98D
330
E8BF
100
AcDbEntity
100
AcDbFace
8
CELIK_KIRIS_KOLON
10
-4838.825
20
832.9717882377529
30
-323.1477990022523
11
-4561.175
21
832.9717882377529
31
-323.1477990022523
12
-4561.175
22
-323.14779900225216
32
832.971788237753
13
-4838.825
23
-323.14779900225216
33
832.971788237753
0
LINE
5
E98E
330
E8BF
100
AcDbEntity
100
AcDbLine
8
CELIK_KIRIS_KOLON
10
-4700
20
847.113923861484
30
-309.0056633785214
11
-4700
21
-309.0056633785212
31
847.113923861484
0
3DFACE
5
E997
330
E8BF
100
AcDbEntity
100
AcDbFace
8
CELIK_KIRIS_KOLON
10
-4780
20
485.5171936322132
30
24.306795603287526
11
-4620
21
485.5171936322132
31
24.306795603287526
12
-4620
22
496.9723234874353
32
148.89901044835722
13
-4780
23
496.9723234874353
33
148.89901044835722
0
3DFACE
5
E998
330
E8BF
100
AcDbEntity
100
AcDbFace
8
CELIK_KIRIS_KOLON
10
-4780
20
80.87533809821139
30
428.9486511372894
11
-4620
21
80.87533809821139
31
428.9486511372894
12
-4620
22
92.3304679534335
32
553.540865982359
13
-4780
23
92.3304679534335
33
553.540865982359
0
3DFACE
5
E9BD
330
E8BF
100
AcDbEntity
100
AcDbFace
8
CELIK_KIRIS_KOLON
10
-4770
20
428.3158263716897
30
33.673970837687875
11
-4630
21
428.3158263716897
31
33.673970837687875
12
-4630
22
568.3158263716897
32
33.673970837687875
13
-4770
23
568.3158263716897
33
33.673970837687875
0
3DFACE
5
E9BE
330
E8BF
100
AcDbEntity
100
AcDbFace
8
CELIK_KIRIS_KOLON
10
-4770
20
428.3158263716897
30
153.67397083768788
11
-4630
21
428.3158263716897
31
153.67397083768788
12
-4630
22
568.3158263716897
32
153.67397083768788
13
-4770
23
568.3158263716897
33
153.67397083768788
0
3DFACE
5
E9BF
330
E8BF
100
AcDbEntity
100
AcDbFace
8
CELIK_KIRIS_KOLON
10
-4770
20
428.3158263716897
30
33.673970837687875
11
-4630
21
428.3158263716897
31
33.673970837687875
12
-4630
22
428.3158263716897
32
153.67397083768788
13
-4770
23
428.3158263716897
33
153.67397083768788
0
3DFACE
5
E9C0
330
E8BF
100
AcDbEntity
100
AcDbFace
8
CELIK_KIRIS_KOLON
10
-4770
20
568.3158263716897
30
33.673970837687875
11
-4630
21
568.3158263716897
31
33.673970837687875
12
-4630
22
568.3158263716897
32
153.67397083768788
13
-4770
23
568.3158263716897
33
153.67397083768788
0
3DFACE
5
E9C1
330
E8BF
100
AcDbEntity
100
AcDbFace
8
CELIK_KIRIS_KOLON
10
-4770
20
428.3158263716897
30
33.673970837687875
11
-4770
21
568.3158263716897
31
33.673970837687875
12
-4770
22
568.3158263716897
32
153.67397083768788
13
-4770
23
428.3158263716897
33
153.67397083768788
0
3DFACE
5
E9C2
330
E8BF
100
AcDbEntity
100
AcDbFace
8
CELIK_KIRIS_KOLON
10
-4630
20
428.3158263716897
30
33.673970837687875
11
-4630
21
568.3158263716897
31
33.673970837687875
12
-4630
22
568.3158263716897
32
153.67397083768788
13
-4630
23
428.3158263716897
33
153.67397083768788
0
LINE
5
E9C3
330
E8BF
100
AcDbEntity
100
AcDbLine
8
CELIK_KIRIS_KOLON
10
-4770
20
428.3158263716897
30
33.673970837687875
11
-4630
21
428.3158263716897
31
33.673970837687875
0
LINE
5
E9C4
330
E8BF
100
AcDbEntity
100
AcDbLine
8
CELIK_KIRIS_KOLON
10
-4630
20
428.3158263716897
30
33.673970837687875
11
-4630
21
568.3158263716897
31
33.673970837687875
0
LINE
5
E9C5
330
E8BF
100
AcDbEntity
100
AcDbLine
8
CELIK_KIRIS_KOLON
10
-4630
20
568.3158263716897
30
33.673970837687875
11
-4770
21
568.3158263716897
31
33.673970837687875
0
LINE
5
E9C6
330
E8BF
100
AcDbEntity
100
AcDbLine
8
CELIK_KIRIS_KOLON
10
-4770
20
568.3158263716897
30
33.673970837687875
11
-4770
21
428.3158263716897
31
33.673970837687875
0
LINE
5
E9C7
330
E8BF
100
AcDbEntity
100
AcDbLine
8
CELIK_KIRIS_KOLON
10
-4770
20
428.3158263716897
30
153.67397083768788
11
-4630
21
428.3158263716897
31
153.67397083768788
0
LINE
5
E9C8
330
E8BF
100
AcDbEntity
100
AcDbLine
8
CELIK_KIRIS_KOLON
10
-4630
20
428.3158263716897
30
153.67397083768788
11
-4630
21
568.3158263716897
31
153.67397083768788
0
LINE
5
E9C9
330
E8BF
100
AcDbEntity
100
AcDbLine
8
CELIK_KIRIS_KOLON
10
-4630
20
568.3158263716897
30
153.67397083768788
11
-4770
21
568.3158263716897
31
153.67397083768788
0
LINE
5
E9CA
330
E8BF
100
AcDbEntity
100
AcDbLine
8
CELIK_KIRIS_KOLON
10
-4770
20
568.3158263716897
30
153.67397083768788
11
-4770
21
428.3158263716897
31
153.67397083768788
0
LINE
5
E9CB
330
E8BF
100
AcDbEntity
100
AcDbLine
8
CELIK_KIRIS_KOLON
10
-4770
20
428.3158263716897
30
33.673970837687875
11
-4770
21
428.3158263716897
31
153.67397083768788
0
LINE
5
E9CC
330
E8BF
100
AcDbEntity
100
AcDbLine
8
CELIK_KIRIS_KOLON
10
-4630
20
428.3158263716897
30
33.673970837687875
11
-4630
21
428.3158263716897
31
153.67397083768788
0
LINE
5
E9CD
330
E8BF
100
AcDbEntity
100
AcDbLine
8
CELIK_KIRIS_KOLON
10
-4630
20
568.3158263716897
30
33.673970837687875
11
-4630
21
568.3158263716897
31
153.67397083768788
0
LINE
5
E9CE
330
E8BF
100
AcDbEntity
100
AcDbLine
8
CELIK_KIRIS_KOLON
10
-4770
20
568.3158263716897
30
33.673970837687875
11
-4770
21
568.3158263716897
31
153.67397083768788
0
3DFACE
5
E9CF
330
E8BF
100
AcDbEntity
100
AcDbFace
8
CELIK_KIRIS_KOLON
10
-4770
20
23.67397083768796
30
438.3158263716897
11
-4630
21
23.67397083768796
31
438.3158263716897
12
-4630
22
163.67397083768796
32
438.3158263716897
13
-4770
23
163.67397083768796
33
438.3158263716897
0
3DFACE
5
E9D0
330
E8BF
100
AcDbEntity
100
AcDbFace
8
CELIK_KIRIS_KOLON
10
-4770
20
23.67397083768796
30
558.3158263716897
11
-4630
21
23.67397083768796
31
558.3158263716897
12
-4630
22
163.67397083768796
32
558.3158263716897
13
-4770
23
163.67397083768796
33
558.3158263716897
0
3DFACE
5
E9D1
330
E8BF
100
AcDbEntity
100
AcDbFace
8
CELIK_KIRIS_KOLON
10
-4770
20
23.67397083768796
30
438.3158263716897
11
-4630
21
23.67397083768796
31
438.3158263716897
12
-4630
22
23.67397083768796
32
558.3158263716897
13
-4770
23
23.67397083768796
33
558.3158263716897
0
3DFACE
5
E9D2
330
E8BF
100
AcDbEntity
100
AcDbFace
8
CELIK_KIRIS_KOLON
10
-4770
20
163.67397083768796
30
438.3158263716897
11
-4630
21
163.67397083768796
31
438.3158263716897
12
-4630
22
163.67397083768796
32
558.3158263716897
13
-4770
23
163.67397083768796
33
558.3158263716897
0
3DFACE
5
E9D3
330
E8BF
100
AcDbEntity
100
AcDbFace
8
CELIK_KIRIS_KOLON
10
-4770
20
23.67397083768796
30
438.3158263716897
11
-4770
21
163.67397083768796
31
438.3158263716897
12
-4770
22
163.67397083768796
32
558.3158263716897
13
-4770
23
23.67397083768796
33
558.3158263716897
0
3DFACE
5
E9D4
330
E8BF
100
AcDbEntity
100
AcDbFace
8
CELIK_KIRIS_KOLON
10
-4630
20
23.67397083768796
30
438.3158263716897
11
-4630
21
163.67397083768796
31
438.3158263716897
12
-4630
22
163.67397083768796
32
558.3158263716897
13
-4630
23
23.67397083768796
33
558.3158263716897
0
LINE
5
E9D5
330
E8BF
100
AcDbEntity
100
AcDbLine
8
CELIK_KIRIS_KOLON
10
-4770
20
23.67397083768796
30
438.3158263716897
11
-4630
21
23.67397083768796
31
438.3158263716897
0
LINE
5
E9D6
330
E8BF
100
AcDbEntity
100
AcDbLine
8
CELIK_KIRIS_KOLON
10
-4630
20
23.67397083768796
30
438.3158263716897
11
-4630
21
163.67397083768796
31
438.3158263716897
0
LINE
5
E9D7
330
E8BF
100
AcDbEntity
100
AcDbLine
8
CELIK_KIRIS_KOLON
10
-4630
20
163.67397083768796
30
438.3158263716897
11
-4770
21
163.67397083768796
31
438.3158263716897
0
LINE
5
E9D8
330
E8BF
100
AcDbEntity
100
AcDbLine
8
CELIK_KIRIS_KOLON
10
-4770
20
163.67397083768796
30
438.3158263716897
11
-4770
21
23.67397083768796
31
438.3158263716897
0
LINE
5
E9D9
330
E8BF
100
AcDbEntity
100
AcDbLine
8
CELIK_KIRIS_KOLON
10
-4770
20
23.67397083768796
30
558.3158263716897
11
-4630
21
23.67397083768796
31
558.3158263716897
0
LINE
5
E9DA
330
E8BF
100
AcDbEntity
100
AcDbLine
8
CELIK_KIRIS_KOLON
10
-4630
20
23.67397083768796
30
558.3158263716897
11
-4630
21
163.67397083768796
31
558.3158263716897
0
LINE
5
E9DB
330
E8BF
100
AcDbEntity
100
AcDbLine
8
CELIK_KIRIS_KOLON
10
-4630
20
163.67397083768796
30
558.3158263716897
11
-4770
21
163.67397083768796
31
558.3158263716897
0
LINE
5
E9DC
330
E8BF
100
AcDbEntity
100
AcDbLine
8
CELIK_KIRIS_KOLON
10
-4770
20
163.67397083768796
30
558.3158263716897
11
-4770
21
23.67397083768796
31
558.3158263716897
0
LINE
5
E9DD
330
E8BF
100
AcDbEntity
100
AcDbLine
8
CELIK_KIRIS_KOLON
10
-4770
20
23.67397083768796
30
438.3158263716897
11
-4770
21
23.67397083768796
31
558.3158263716897
0
LINE
5
E9DE
330
E8BF
100
AcDbEntity
100
AcDbLine
8
CELIK_KIRIS_KOLON
10
-4630
20
23.67397083768796
30
438.3158263716897
11
-4630
21
23.67397083768796
31
558.3158263716897
0
LINE
5
E9DF
330
E8BF
100
AcDbEntity
100
AcDbLine
8
CELIK_KIRIS_KOLON
10
-4630
20
163.67397083768796
30
438.3158263716897
11
-4630
21
163.67397083768796
31
558.3158263716897
0
LINE
5
E9E0
330
E8BF
100
AcDbEntity
100
AcDbLine
8
CELIK_KIRIS_KOLON
10
-4770
20
163.67397083768796
30
438.3158263716897
11
-4770
21
163.67397083768796
31
558.3158263716897
0
3DFACE
5
EA12
330
E8BF
100
AcDbEntity
100
AcDbFace
8
CELIK_KIRIS_KOLON
10
-3438.825
20
832.9717882377529
30
-323.1477990022523
11
-3161.175
21
832.9717882377529
31
-323.1477990022523
12
-3161.175
22
-323.14779900225216
32
832.971788237753
13
-3438.825
23
-323.14779900225216
33
832.971788237753
0
LINE
5
EA13
330
E8BF
100
AcDbEntity
100
AcDbLine
8
CELIK_KIRIS_KOLON
10
-3300
20
847.113923861484
30
-309.0056633785214
11
-3300
21
-309.0056633785212
31
847.113923861484
0
3DFACE
5
EA1C
330
E8BF
100
AcDbEntity
100
AcDbFace
8
CELIK_KIRIS_KOLON
10
-3380
20
485.5171936322132
30
24.306795603287526
11
-3220
21
485.5171936322132
31
24.306795603287526
12
-3220
22
496.9723234874353
32
148.89901044835722
13
-3380
23
496.9723234874353
33
148.89901044835722
0
3DFACE
5
EA1D
330
E8BF
100
AcDbEntity
100
AcDbFace
8
CELIK_KIRIS_KOLON
10
-3380
20
80.87533809821139
30
428.9486511372894
11
-3220
21
80.87533809821139
31
428.9486511372894
12
-3220
22
92.3304679534335
32
553.540865982359
13
-3380
23
92.3304679534335
33
553.540865982359
0
3DFACE
5
EA42
330
E8BF
100
AcDbEntity
100
AcDbFace
8
CELIK_KIRIS_KOLON
10
-3370
20
428.3158263716897
30
33.673970837687875
11
-3230
21
428.3158263716897
31
33.673970837687875
12
-3230
22
568.3158263716897
32
33.673970837687875
13
-3370
23
568.3158263716897
33
33.673970837687875
0
3DFACE
5
EA43
330
E8BF
100
AcDbEntity
100
AcDbFace
8
CELIK_KIRIS_KOLON
10
-3370
20
428.3158263716897
30
153.67397083768788
11
-3230
21
428.3158263716897
31
153.67397083768788
12
-3230
22
568.3158263716897
32
153.67397083768788
13
-3370
23
568.3158263716897
33
153.67397083768788
0
3DFACE
5
EA44
330
E8BF
100
AcDbEntity
100
AcDbFace
8
CELIK_KIRIS_KOLON
10
-3370
20
428.3158263716897
30
33.673970837687875
11
-3230
21
428.3158263716897
31
33.673970837687875
12
-3230
22
428.3158263716897
32
153.67397083768788
13
-3370
23
428.3158263716897
33
153.67397083768788
0
3DFACE
5
EA45
330
E8BF
100
AcDbEntity
100
AcDbFace
8
CELIK_KIRIS_KOLON
10
-3370
20
568.3158263716897
30
33.673970837687875
11
-3230
21
568.3158263716897
31
33.673970837687875
12
-3230
22
568.3158263716897
32
153.67397083768788
13
-3370
23
568.3158263716897
33
153.67397083768788
0
3DFACE
5
EA46
330
E8BF
100
AcDbEntity
100
AcDbFace
8
CELIK_KIRIS_KOLON
10
-3370
20
428.3158263716897
30
33.673970837687875
11
-3370
21
568.3158263716897
31
33.673970837687875
12
-3370
22
568.3158263716897
32
153.67397083768788
13
-3370
23
428.3158263716897
33
153.67397083768788
0
3DFACE
5
EA47
330
E8BF
100
AcDbEntity
100
AcDbFace
8
CELIK_KIRIS_KOLON
10
-3230
20
428.3158263716897
30
33.673970837687875
11
-3230
21
568.3158263716897
31
33.673970837687875
12
-3230
22
568.3158263716897
32
153.67397083768788
13
-3230
23
428.3158263716897
33
153.67397083768788
0
LINE
5
EA48
330
E8BF
100
AcDbEntity
100
AcDbLine
8
CELIK_KIRIS_KOLON
10
-3370
20
428.3158263716897
30
33.673970837687875
11
-3230
21
428.3158263716897
31
33.673970837687875
0
LINE
5
EA49
330
E8BF
100
AcDbEntity
100
AcDbLine
8
CELIK_KIRIS_KOLON
10
-3230
20
428.3158263716897
30
33.673970837687875
11
-3230
21
568.3158263716897
31
33.673970837687875
0
LINE
5
EA4A
330
E8BF
100
AcDbEntity
100
AcDbLine
8
CELIK_KIRIS_KOLON
10
-3230
20
568.3158263716897
30
33.673970837687875
11
-3370
21
568.3158263716897
31
33.673970837687875
0
LINE
5
EA4B
330
E8BF
100
AcDbEntity
100
AcDbLine
8
CELIK_KIRIS_KOLON
10
-3370
20
568.3158263716897
30
33.673970837687875
11
-3370
21
428.3158263716897
31
33.673970837687875
0
LINE
5
EA4C
330
E8BF
100
AcDbEntity
100
AcDbLine
8
CELIK_KIRIS_KOLON
10
-3370
20
428.3158263716897
30
153.67397083768788
11
-3230
21
428.3158263716897
31
153.67397083768788
0
LINE
5
EA4D
330
E8BF
100
AcDbEntity
100
AcDbLine
8
CELIK_KIRIS_KOLON
10
-3230
20
428.3158263716897
30
153.67397083768788
11
-3230
21
568.3158263716897
31
153.67397083768788
0
LINE
5
EA4E
330
E8BF
100
AcDbEntity
100
AcDbLine
8
CELIK_KIRIS_KOLON
10
-3230
20
568.3158263716897
30
153.67397083768788
11
-3370
21
568.3158263716897
31
153.67397083768788
0
LINE
5
EA4F
330
E8BF
100
AcDbEntity
100
AcDbLine
8
CELIK_KIRIS_KOLON
10
-3370
20
568.3158263716897
30
153.67397083768788
11
-3370
21
428.3158263716897
31
153.67397083768788
0
LINE
5
EA50
330
E8BF
100
AcDbEntity
100
AcDbLine
8
CELIK_KIRIS_KOLON
10
-3370
20
428.3158263716897
30
33.673970837687875
11
-3370
21
428.3158263716897
31
153.67397083768788
0
LINE
5
EA51
330
E8BF
100
AcDbEntity
100
AcDbLine
8
CELIK_KIRIS_KOLON
10
-3230
20
428.3158263716897
30
33.673970837687875
11
-3230
21
428.3158263716897
31
153.67397083768788
0
LINE
5
EA52
330
E8BF
100
AcDbEntity
100
AcDbLine
8
CELIK_KIRIS_KOLON
10
-3230
20
568.3158263716897
30
33.673970837687875
11
-3230
21
568.3158263716897
31
153.67397083768788
0
LINE
5
EA53
330
E8BF
100
AcDbEntity
100
AcDbLine
8
CELIK_KIRIS_KOLON
10
-3370
20
568.3158263716897
30
33.673970837687875
11
-3370
21
568.3158263716897
31
153.67397083768788
0
3DFACE
5
EA54
330
E8BF
100
AcDbEntity
100
AcDbFace
8
CELIK_KIRIS_KOLON
10
-3370
20
23.67397083768796
30
438.3158263716897
11
-3230
21
23.67397083768796
31
438.3158263716897
12
-3230
22
163.67397083768796
32
438.3158263716897
13
-3370
23
163.67397083768796
33
438.3158263716897
0
3DFACE
5
EA55
330
E8BF
100
AcDbEntity
100
AcDbFace
8
CELIK_KIRIS_KOLON
10
-3370
20
23.67397083768796
30
558.3158263716897
11
-3230
21
23.67397083768796
31
558.3158263716897
12
-3230
22
163.67397083768796
32
558.3158263716897
13
-3370
23
163.67397083768796
33
558.3158263716897
0
3DFACE
5
EA56
330
E8BF
100
AcDbEntity
100
AcDbFace
8
CELIK_KIRIS_KOLON
10
-3370
20
23.67397083768796
30
438.3158263716897
11
-3230
21
23.67397083768796
31
438.3158263716897
12
-3230
22
23.67397083768796
32
558.3158263716897
13
-3370
23
23.67397083768796
33
558.3158263716897
0
3DFACE
5
EA57
330
E8BF
100
AcDbEntity
100
AcDbFace
8
CELIK_KIRIS_KOLON
10
-3370
20
163.67397083768796
30
438.3158263716897
11
-3230
21
163.67397083768796
31
438.3158263716897
12
-3230
22
163.67397083768796
32
558.3158263716897
13
-3370
23
163.67397083768796
33
558.3158263716897
0
3DFACE
5
EA58
330
E8BF
100
AcDbEntity
100
AcDbFace
8
CELIK_KIRIS_KOLON
10
-3370
20
23.67397083768796
30
438.3158263716897
11
-3370
21
163.67397083768796
31
438.3158263716897
12
-3370
22
163.67397083768796
32
558.3158263716897
13
-3370
23
23.67397083768796
33
558.3158263716897
0
3DFACE
5
EA59
330
E8BF
100
AcDbEntity
100
AcDbFace
8
CELIK_KIRIS_KOLON
10
-3230
20
23.67397083768796
30
438.3158263716897
11
-3230
21
163.67397083768796
31
438.3158263716897
12
-3230
22
163.67397083768796
32
558.3158263716897
13
-3230
23
23.67397083768796
33
558.3158263716897
0
LINE
5
EA5A
330
E8BF
100
AcDbEntity
100
AcDbLine
8
CELIK_KIRIS_KOLON
10
-3370
20
23.67397083768796
30
438.3158263716897
11
-3230
21
23.67397083768796
31
438.3158263716897
0
LINE
5
EA5B
330
E8BF
100
AcDbEntity
100
AcDbLine
8
CELIK_KIRIS_KOLON
10
-3230
20
23.67397083768796
30
438.3158263716897
11
-3230
21
163.67397083768796
31
438.3158263716897
0
LINE
5
EA5C
330
E8BF
100
AcDbEntity
100
AcDbLine
8
CELIK_KIRIS_KOLON
10
-3230
20
163.67397083768796
30
438.3158263716897
11
-3370
21
163.67397083768796
31
438.3158263716897
0
LINE
5
EA5D
330
E8BF
100
AcDbEntity
100
AcDbLine
8
CELIK_KIRIS_KOLON
10
-3370
20
163.67397083768796
30
438.3158263716897
11
-3370
21
23.67397083768796
31
438.3158263716897
0
LINE
5
EA5E
330
E8BF
100
AcDbEntity
100
AcDbLine
8
CELIK_KIRIS_KOLON
10
-3370
20
23.67397083768796
30
558.3158263716897
11
-3230
21
23.67397083768796
31
558.3158263716897
0
LINE
5
EA5F
330
E8BF
100
AcDbEntity
100
AcDbLine
8
CELIK_KIRIS_KOLON
10
-3230
20
23.67397083768796
30
558.3158263716897
11
-3230
21
163.67397083768796
31
558.3158263716897
0
LINE
5
EA60
330
E8BF
100
AcDbEntity
100
AcDbLine
8
CELIK_KIRIS_KOLON
10
-3230
20
163.67397083768796
30
558.3158263716897
11
-3370
21
163.67397083768796
31
558.3158263716897
0
LINE
5
EA61
330
E8BF
100
AcDbEntity
100
AcDbLine
8
CELIK_KIRIS_KOLON
10
-3370
20
163.67397083768796
30
558.3158263716897
11
-3370
21
23.67397083768796
31
558.3158263716897
0
LINE
5
EA62
330
E8BF
100
AcDbEntity
100
AcDbLine
8
CELIK_KIRIS_KOLON
10
-3370
20
23.67397083768796
30
438.3158263716897
11
-3370
21
23.67397083768796
31
558.3158263716897
0
LINE
5
EA63
330
E8BF
100
AcDbEntity
100
AcDbLine
8
CELIK_KIRIS_KOLON
10
-3230
20
23.67397083768796
30
438.3158263716897
11
-3230
21
23.67397083768796
31
558.3158263716897
0
LINE
5
EA64
330
E8BF
100
AcDbEntity
100
AcDbLine
8
CELIK_KIRIS_KOLON
10
-3230
20
163.67397083768796
30
438.3158263716897
11
-3230
21
163.67397083768796
31
558.3158263716897
0
LINE
5
EA65
330
E8BF
100
AcDbEntity
100
AcDbLine
8
CELIK_KIRIS_KOLON
10
-3370
20
163.67397083768796
30
438.3158263716897
11
-3370
21
163.67397083768796
31
558.3158263716897
0
3DFACE
5
EA67
330
E8BF
100
AcDbEntity
100
AcDbFace
8
CELIK_KIRIS_KOLON
10
-5250
20
-60
30
1050
11
-2750
21
-60
31
1050
12
-2750
22
60
32
1050
13
-5250
23
60
33
1050
0
3DFACE
5
EA68
330
E8BF
100
AcDbEntity
100
AcDbFace
8
CELIK_KIRIS_KOLON
10
-5250
20
-60
30
1170
11
-2750
21
-60
31
1170
12
-2750
22
60
32
1170
13
-5250
23
60
33
1170
0
3DFACE
5
EA69
330
E8BF
100
AcDbEntity
100
AcDbFace
8
CELIK_KIRIS_KOLON
10
-5250
20
-60
30
1050
11
-2750
21
-60
31
1050
12
-2750
22
-60
32
1170
13
-5250
23
-60
33
1170
0
3DFACE
5
EA6A
330
E8BF
100
AcDbEntity
100
AcDbFace
8
CELIK_KIRIS_KOLON
10
-5250
20
60
30
1050
11
-2750
21
60
31
1050
12
-2750
22
60
32
1170
13
-5250
23
60
33
1170
0
3DFACE
5
EA6B
330
E8BF
100
AcDbEntity
100
AcDbFace
8
CELIK_KIRIS_KOLON
10
-5250
20
-60
30
1050
11
-5250
21
60
31
1050
12
-5250
22
60
32
1170
13
-5250
23
-60
33
1170
0
3DFACE
5
EA6C
330
E8BF
100
AcDbEntity
100
AcDbFace
8
CELIK_KIRIS_KOLON
10
-2750
20
-60
30
1050
11
-2750
21
60
31
1050
12
-2750
22
60
32
1170
13
-2750
23
-60
33
1170
0
LINE
5
EA6D
330
E8BF
100
AcDbEntity
100
AcDbLine
8
CELIK_KIRIS_KOLON
10
-5250
20
-60
30
1050
11
-2750
21
-60
31
1050
0
LINE
5
EA6E
330
E8BF
100
AcDbEntity
100
AcDbLine
8
CELIK_KIRIS_KOLON
10
-2750
20
-60
30
1050
11
-2750
21
60
31
1050
0
LINE
5
EA6F
330
E8BF
100
AcDbEntity
100
AcDbLine
8
CELIK_KIRIS_KOLON
10
-2750
20
60
30
1050
11
-5250
21
60
31
1050
0
LINE
5
EA70
330
E8BF
100
AcDbEntity
100
AcDbLine
8
CELIK_KIRIS_KOLON
10
-5250
20
60
30
1050
11
-5250
21
-60
31
1050
0
LINE
5
EA71
330
E8BF
100
AcDbEntity
100
AcDbLine
8
CELIK_KIRIS_KOLON
10
-5250
20
-60
30
1170
11
-2750
21
-60
31
1170
0
LINE
5
EA72
330
E8BF
100
AcDbEntity
100
AcDbLine
8
CELIK_KIRIS_KOLON
10
-2750
20
-60
30
1170
11
-2750
21
60
31
1170
0
LINE
5
EA73
330
E8BF
100
AcDbEntity
100
AcDbLine
8
CELIK_KIRIS_KOLON
10
-2750
20
60
30
1170
11
-5250
21
60
31
1170
0
LINE
5
EA74
330
E8BF
100
AcDbEntity
100
AcDbLine
8
CELIK_KIRIS_KOLON
10
-5250
20
60
30
1170
11
-5250
21
-60
31
1170
0
LINE
5
EA75
330
E8BF
100
AcDbEntity
100
AcDbLine
8
CELIK_KIRIS_KOLON
10
-5250
20
-60
30
1050
11
-5250
21
-60
31
1170
0
LINE
5
EA76
330
E8BF
100
AcDbEntity
100
AcDbLine
8
CELIK_KIRIS_KOLON
10
-2750
20
-60
30
1050
11
-2750
21
-60
31
1170
0
LINE
5
EA77
330
E8BF
100
AcDbEntity
100
AcDbLine
8
CELIK_KIRIS_KOLON
10
-2750
20
60
30
1050
11
-2750
21
60
31
1170
0
LINE
5
EA78
330
E8BF
100
AcDbEntity
100
AcDbLine
8
CELIK_KIRIS_KOLON
10
-5250
20
60
30
1050
11
-5250
21
60
31
1170
0
3DFACE
5
EAA9
330
E8BF
100
AcDbEntity
100
AcDbFace
8
CELIK_KIRIS_KOLON
10
6781.494309994454
20
990.5195167653917
30
-323.1477990022523
11
7049.683615663615
21
918.6584088926768
31
-323.1477990022523
12
6750.457848069836
22
-198.06735870110163
32
832.971788237753
13
6482.268542400676
23
-126.20625082838671
33
832.971788237753
0
LINE
5
EAAA
330
E8BF
100
AcDbEntity
100
AcDbLine
8
CELIK_KIRIS_KOLON
10
6919.249216866879
20
968.2492168668788
30
-309.0056633785214
11
6620.023449273101
21
-148.4765507268998
31
847.113923861484
0
3DFACE
5
EAB3
330
E8BF
100
AcDbEntity
100
AcDbFace
8
CELIK_KIRIS_KOLON
10
6748.38703033362
20
639.6791200449468
30
24.306795603287526
11
6902.93516253987
21
598.2680728285435
31
24.306795603287526
12
6905.899968310525
22
609.3328785991974
32
148.89901044835722
13
6751.351836104273
23
650.7439258156007
33
148.89901044835722
0
3DFACE
5
EAB4
330
E8BF
100
AcDbEntity
100
AcDbFace
8
CELIK_KIRIS_KOLON
10
6643.658011675797
20
248.82510138712428
30
428.9486511372894
11
6798.206143882048
21
207.41405417072093
31
428.9486511372894
12
6801.170949652702
22
218.47885994137494
32
553.540865982359
13
6646.622817446451
23
259.8899071577782
33
553.540865982359
0
3DFACE
5
EAD9
330
E8BF
100
AcDbEntity
100
AcDbFace
8
CELIK_KIRIS_KOLON
10
6758.973626340994
20
561.3361263409943
30
33.673970837687875
11
6898.973626340994
21
561.3361263409943
31
33.673970837687875
12
6898.973626340994
22
701.3361263409943
32
33.673970837687875
13
6758.973626340994
23
701.3361263409943
33
33.673970837687875
0
3DFACE
5
EADA
330
E8BF
100
AcDbEntity
100
AcDbFace
8
CELIK_KIRIS_KOLON
10
6758.973626340994
20
561.3361263409943
30
153.67397083768788
11
6898.973626340994
21
561.3361263409943
31
153.67397083768788
12
6898.973626340994
22
701.3361263409943
32
153.67397083768788
13
6758.973626340994
23
701.3361263409943
33
153.67397083768788
0
3DFACE
5
EADB
330
E8BF
100
AcDbEntity
100
AcDbFace
8
CELIK_KIRIS_KOLON
10
6758.973626340994
20
561.3361263409943
30
33.673970837687875
11
6898.973626340994
21
561.3361263409943
31
33.673970837687875
12
6898.973626340994
22
561.3361263409943
32
153.67397083768788
13
6758.973626340994
23
561.3361263409943
33
153.67397083768788
0
3DFACE
5
EADC
330
E8BF
100
AcDbEntity
100
AcDbFace
8
CELIK_KIRIS_KOLON
10
6758.973626340994
20
701.3361263409943
30
33.673970837687875
11
6898.973626340994
21
701.3361263409943
31
33.673970837687875
12
6898.973626340994
22
701.3361263409943
32
153.67397083768788
13
6758.973626340994
23
701.3361263409943
33
153.67397083768788
0
3DFACE
5
EADD
330
E8BF
100
AcDbEntity
100
AcDbFace
8
CELIK_KIRIS_KOLON
10
6758.973626340994
20
561.3361263409943
30
33.673970837687875
11
6758.973626340994
21
701.3361263409943
31
33.673970837687875
12
6758.973626340994
22
701.3361263409943
32
153.67397083768788
13
6758.973626340994
23
561.3361263409943
33
153.67397083768788
0
3DFACE
5
EADE
330
E8BF
100
AcDbEntity
100
AcDbFace
8
CELIK_KIRIS_KOLON
10
6898.973626340994
20
561.3361263409943
30
33.673970837687875
11
6898.973626340994
21
701.3361263409943
31
33.673970837687875
12
6898.973626340994
22
701.3361263409943
32
153.67397083768788
13
6898.973626340994
23
561.3361263409943
33
153.67397083768788
0
LINE
5
EADF
330
E8BF
100
AcDbEntity
100
AcDbLine
8
CELIK_KIRIS_KOLON
10
6758.973626340994
20
561.3361263409943
30
33.673970837687875
11
6898.973626340994
21
561.3361263409943
31
33.673970837687875
0
LINE
5
EAE0
330
E8BF
100
AcDbEntity
100
AcDbLine
8
CELIK_KIRIS_KOLON
10
6898.973626340994
20
561.3361263409943
30
33.673970837687875
11
6898.973626340994
21
701.3361263409943
31
33.673970837687875
0
LINE
5
EAE1
330
E8BF
100
AcDbEntity
100
AcDbLine
8
CELIK_KIRIS_KOLON
10
6898.973626340994
20
701.3361263409943
30
33.673970837687875
11
6758.973626340994
21
701.3361263409943
31
33.673970837687875
0
LINE
5
EAE2
330
E8BF
100
AcDbEntity
100
AcDbLine
8
CELIK_KIRIS_KOLON
10
6758.973626340994
20
701.3361263409943
30
33.673970837687875
11
6758.973626340994
21
561.3361263409943
31
33.673970837687875
0
LINE
5
EAE3
330
E8BF
100
AcDbEntity
100
AcDbLine
8
CELIK_KIRIS_KOLON
10
6758.973626340994
20
561.3361263409943
30
153.67397083768788
11
6898.973626340994
21
561.3361263409943
31
153.67397083768788
0
LINE
5
EAE4
330
E8BF
100
AcDbEntity
100
AcDbLine
8
CELIK_KIRIS_KOLON
10
6898.973626340994
20
561.3361263409943
30
153.67397083768788
11
6898.973626340994
21
701.3361263409943
31
153.67397083768788
0
LINE
5
EAE5
330
E8BF
100
AcDbEntity
100
AcDbLine
8
CELIK_KIRIS_KOLON
10
6898.973626340994
20
701.3361263409943
30
153.67397083768788
11
6758.973626340994
21
701.3361263409943
31
153.67397083768788
0
LINE
5
EAE6
330
E8BF
100
AcDbEntity
100
AcDbLine
8
CELIK_KIRIS_KOLON
10
6758.973626340994
20
701.3361263409943
30
153.67397083768788
11
6758.973626340994
21
561.3361263409943
31
153.67397083768788
0
LINE
5
EAE7
330
E8BF
100
AcDbEntity
100
AcDbLine
8
CELIK_KIRIS_KOLON
10
6758.973626340994
20
561.3361263409943
30
33.673970837687875
11
6758.973626340994
21
561.3361263409943
31
153.67397083768788
0
LINE
5
EAE8
330
E8BF
100
AcDbEntity
100
AcDbLine
8
CELIK_KIRIS_KOLON
10
6898.973626340994
20
561.3361263409943
30
33.673970837687875
11
6898.973626340994
21
561.3361263409943
31
153.67397083768788
0
LINE
5
EAE9
330
E8BF
100
AcDbEntity
100
AcDbLine
8
CELIK_KIRIS_KOLON
10
6898.973626340994
20
701.3361263409943
30
33.673970837687875
11
6898.973626340994
21
701.3361263409943
31
153.67397083768788
0
LINE
5
EAEA
330
E8BF
100
AcDbEntity
100
AcDbLine
8
CELIK_KIRIS_KOLON
10
6758.973626340994
20
701.3361263409943
30
33.673970837687875
11
6758.973626340994
21
701.3361263409943
31
153.67397083768788
0
3DFACE
5
EAEB
330
E8BF
100
AcDbEntity
100
AcDbFace
8
CELIK_KIRIS_KOLON
10
6654.244607683172
20
170.48210768317182
30
438.3158263716897
11
6794.244607683172
21
170.48210768317182
31
438.3158263716897
12
6794.244607683172
22
310.4821076831718
32
438.3158263716897
13
6654.244607683172
23
310.4821076831718
33
438.3158263716897
0
3DFACE
5
EAEC
330
E8BF
100
AcDbEntity
100
AcDbFace
8
CELIK_KIRIS_KOLON
10
6654.244607683172
20
170.48210768317182
30
558.3158263716897
11
6794.244607683172
21
170.48210768317182
31
558.3158263716897
12
6794.244607683172
22
310.4821076831718
32
558.3158263716897
13
6654.244607683172
23
310.4821076831718
33
558.3158263716897
0
3DFACE
5
EAED
330
E8BF
100
AcDbEntity
100
AcDbFace
8
CELIK_KIRIS_KOLON
10
6654.244607683172
20
170.48210768317182
30
438.3158263716897
11
6794.244607683172
21
170.48210768317182
31
438.3158263716897
12
6794.244607683172
22
170.48210768317182
32
558.3158263716897
13
6654.244607683172
23
170.48210768317182
33
558.3158263716897
0
3DFACE
5
EAEE
330
E8BF
100
AcDbEntity
100
AcDbFace
8
CELIK_KIRIS_KOLON
10
6654.244607683172
20
310.4821076831718
30
438.3158263716897
11
6794.244607683172
21
310.4821076831718
31
438.3158263716897
12
6794.244607683172
22
310.4821076831718
32
558.3158263716897
13
6654.244607683172
23
310.4821076831718
33
558.3158263716897
0
3DFACE
5
EAEF
330
E8BF
100
AcDbEntity
100
AcDbFace
8
CELIK_KIRIS_KOLON
10
6654.244607683172
20
170.48210768317182
30
438.3158263716897
11
6654.244607683172
21
310.4821076831718
31
438.3158263716897
12
6654.244607683172
22
310.4821076831718
32
558.3158263716897
13
6654.244607683172
23
170.48210768317182
33
558.3158263716897
0
3DFACE
5
EAF0
330
E8BF
100
AcDbEntity
100
AcDbFace
8
CELIK_KIRIS_KOLON
10
6794.244607683172
20
170.48210768317182
30
438.3158263716897
11
6794.244607683172
21
310.4821076831718
31
438.3158263716897
12
6794.244607683172
22
310.4821076831718
32
558.3158263716897
13
6794.244607683172
23
170.48210768317182
33
558.3158263716897
0
LINE
5
EAF1
330
E8BF
100
AcDbEntity
100
AcDbLine
8
CELIK_KIRIS_KOLON
10
6654.244607683172
20
170.48210768317182
30
438.3158263716897
11
6794.244607683172
21
170.48210768317182
31
438.3158263716897
0
LINE
5
EAF2
330
E8BF
100
AcDbEntity
100
AcDbLine
8
CELIK_KIRIS_KOLON
10
6794.244607683172
20
170.48210768317182
30
438.3158263716897
11
6794.244607683172
21
310.4821076831718
31
438.3158263716897
0
LINE
5
EAF3
330
E8BF
100
AcDbEntity
100
AcDbLine
8
CELIK_KIRIS_KOLON
10
6794.244607683172
20
310.4821076831718
30
438.3158263716897
11
6654.244607683172
21
310.4821076831718
31
438.3158263716897
0
LINE
5
EAF4
330
E8BF
100
AcDbEntity
100
AcDbLine
8
CELIK_KIRIS_KOLON
10
6654.244607683172
20
310.4821076831718
30
438.3158263716897
11
6654.244607683172
21
170.48210768317182
31
438.3158263716897
0
LINE
5
EAF5
330
E8BF
100
AcDbEntity
100
AcDbLine
8
CELIK_KIRIS_KOLON
10
6654.244607683172
20
170.48210768317182
30
558.3158263716897
11
6794.244607683172
21
170.48210768317182
31
558.3158263716897
0
LINE
5
EAF6
330
E8BF
100
AcDbEntity
100
AcDbLine
8
CELIK_KIRIS_KOLON
10
6794.244607683172
20
170.48210768317182
30
558.3158263716897
11
6794.244607683172
21
310.4821076831718
31
558.3158263716897
0
LINE
5
EAF7
330
E8BF
100
AcDbEntity
100
AcDbLine
8
CELIK_KIRIS_KOLON
10
6794.244607683172
20
310.4821076831718
30
558.3158263716897
11
6654.244607683172
21
310.4821076831718
31
558.3158263716897
0
LINE
5
EAF8
330
E8BF
100
AcDbEntity
100
AcDbLine
8
CELIK_KIRIS_KOLON
10
6654.244607683172
20
310.4821076831718
30
558.3158263716897
11
6654.244607683172
21
170.48210768317182
31
558.3158263716897
0
LINE
5
EAF9
330
E8BF
100
AcDbEntity
100
AcDbLine
8
CELIK_KIRIS_KOLON
10
6654.244607683172
20
170.48210768317182
30
438.3158263716897
11
6654.244607683172
21
170.48210768317182
31
558.3158263716897
0
LINE
5
EAFA
330
E8BF
100
AcDbEntity
100
AcDbLine
8
CELIK_KIRIS_KOLON
10
6794.244607683172
20
170.48210768317182
30
438.3158263716897
11
6794.244607683172
21
170.48210768317182
31
558.3158263716897
0
LINE
5
EAFB
330
E8BF
100
AcDbEntity
100
AcDbLine
8
CELIK_KIRIS_KOLON
10
6794.244607683172
20
310.4821076831718
30
438.3158263716897
11
6794.244607683172
21
310.4821076831718
31
558.3158263716897
0
LINE
5
EAFC
330
E8BF
100
AcDbEntity
100
AcDbLine
8
CELIK_KIRIS_KOLON
10
6654.244607683172
20
310.4821076831718
30
438.3158263716897
11
6654.244607683172
21
310.4821076831718
31
558.3158263716897
0
3DFACE
5
EB2E
330
E8BF
100
AcDbEntity
100
AcDbFace
8
CELIK_KIRIS_KOLON
10
7861.175
20
832.9717882377529
30
-323.1477990022523
11
8138.825
21
832.9717882377529
31
-323.1477990022523
12
8138.825
22
-323.14779900225216
32
832.971788237753
13
7861.175
23
-323.14779900225216
33
832.971788237753
0
LINE
5
EB2F
330
E8BF
100
AcDbEntity
100
AcDbLine
8
CELIK_KIRIS_KOLON
10
8000
20
847.113923861484
30
-309.0056633785214
11
8000
21
-309.0056633785212
31
847.113923861484
0
3DFACE
5
EB38
330
E8BF
100
AcDbEntity
100
AcDbFace
8
CELIK_KIRIS_KOLON
10
7920
20
485.5171936322132
30
24.306795603287526
11
8080
21
485.5171936322132
31
24.306795603287526
12
8080
22
496.9723234874353
32
148.89901044835722
13
7920
23
496.9723234874353
33
148.89901044835722
0
3DFACE
5
EB39
330
E8BF
100
AcDbEntity
100
AcDbFace
8
CELIK_KIRIS_KOLON
10
7920
20
80.87533809821139
30
428.9486511372894
11
8080
21
80.87533809821139
31
428.9486511372894
12
8080
22
92.3304679534335
32
553.540865982359
13
7920
23
92.3304679534335
33
553.540865982359
0
3DFACE
5
EB5E
330
E8BF
100
AcDbEntity
100
AcDbFace
8
CELIK_KIRIS_KOLON
10
7930
20
428.3158263716897
30
33.673970837687875
11
8070
21
428.3158263716897
31
33.673970837687875
12
8070
22
568.3158263716897
32
33.673970837687875
13
7930
23
568.3158263716897
33
33.673970837687875
0
3DFACE
5
EB5F
330
E8BF
100
AcDbEntity
100
AcDbFace
8
CELIK_KIRIS_KOLON
10
7930
20
428.3158263716897
30
153.67397083768788
11
8070
21
428.3158263716897
31
153.67397083768788
12
8070
22
568.3158263716897
32
153.67397083768788
13
7930
23
568.3158263716897
33
153.67397083768788
0
3DFACE
5
EB60
330
E8BF
100
AcDbEntity
100
AcDbFace
8
CELIK_KIRIS_KOLON
10
7930
20
428.3158263716897
30
33.673970837687875
11
8070
21
428.3158263716897
31
33.673970837687875
12
8070
22
428.3158263716897
32
153.67397083768788
13
7930
23
428.3158263716897
33
153.67397083768788
0
3DFACE
5
EB61
330
E8BF
100
AcDbEntity
100
AcDbFace
8
CELIK_KIRIS_KOLON
10
7930
20
568.3158263716897
30
33.673970837687875
11
8070
21
568.3158263716897
31
33.673970837687875
12
8070
22
568.3158263716897
32
153.67397083768788
13
7930
23
568.3158263716897
33
153.67397083768788
0
3DFACE
5
EB62
330
E8BF
100
AcDbEntity
100
AcDbFace
8
CELIK_KIRIS_KOLON
10
7930
20
428.3158263716897
30
33.673970837687875
11
7930
21
568.3158263716897
31
33.673970837687875
12
7930
22
568.3158263716897
32
153.67397083768788
13
7930
23
428.3158263716897
33
153.67397083768788
0
3DFACE
5
EB63
330
E8BF
100
AcDbEntity
100
AcDbFace
8
CELIK_KIRIS_KOLON
10
8070
20
428.3158263716897
30
33.673970837687875
11
8070
21
568.3158263716897
31
33.673970837687875
12
8070
22
568.3158263716897
32
153.67397083768788
13
8070
23
428.3158263716897
33
153.67397083768788
0
LINE
5
EB64
330
E8BF
100
AcDbEntity
100
AcDbLine
8
CELIK_KIRIS_KOLON
10
7930
20
428.3158263716897
30
33.673970837687875
11
8070
21
428.3158263716897
31
33.673970837687875
0
LINE
5
EB65
330
E8BF
100
AcDbEntity
100
AcDbLine
8
CELIK_KIRIS_KOLON
10
8070
20
428.3158263716897
30
33.673970837687875
11
8070
21
568.3158263716897
31
33.673970837687875
0
LINE
5
EB66
330
E8BF
100
AcDbEntity
100
AcDbLine
8
CELIK_KIRIS_KOLON
10
8070
20
568.3158263716897
30
33.673970837687875
11
7930
21
568.3158263716897
31
33.673970837687875
0
LINE
5
EB67
330
E8BF
100
AcDbEntity
100
AcDbLine
8
CELIK_KIRIS_KOLON
10
7930
20
568.3158263716897
30
33.673970837687875
11
7930
21
428.3158263716897
31
33.673970837687875
0
LINE
5
EB68
330
E8BF
100
AcDbEntity
100
AcDbLine
8
CELIK_KIRIS_KOLON
10
7930
20
428.3158263716897
30
153.67397083768788
11
8070
21
428.3158263716897
31
153.67397083768788
0
LINE
5
EB69
330
E8BF
100
AcDbEntity
100
AcDbLine
8
CELIK_KIRIS_KOLON
10
8070
20
428.3158263716897
30
153.67397083768788
11
8070
21
568.3158263716897
31
153.67397083768788
0
LINE
5
EB6A
330
E8BF
100
AcDbEntity
100
AcDbLine
8
CELIK_KIRIS_KOLON
10
8070
20
568.3158263716897
30
153.67397083768788
11
7930
21
568.3158263716897
31
153.67397083768788
0
LINE
5
EB6B
330
E8BF
100
AcDbEntity
100
AcDbLine
8
CELIK_KIRIS_KOLON
10
7930
20
568.3158263716897
30
153.67397083768788
11
7930
21
428.3158263716897
31
153.67397083768788
0
LINE
5
EB6C
330
E8BF
100
AcDbEntity
100
AcDbLine
8
CELIK_KIRIS_KOLON
10
7930
20
428.3158263716897
30
33.673970837687875
11
7930
21
428.3158263716897
31
153.67397083768788
0
LINE
5
EB6D
330
E8BF
100
AcDbEntity
100
AcDbLine
8
CELIK_KIRIS_KOLON
10
8070
20
428.3158263716897
30
33.673970837687875
11
8070
21
428.3158263716897
31
153.67397083768788
0
LINE
5
EB6E
330
E8BF
100
AcDbEntity
100
AcDbLine
8
CELIK_KIRIS_KOLON
10
8070
20
568.3158263716897
30
33.673970837687875
11
8070
21
568.3158263716897
31
153.67397083768788
0
LINE
5
EB6F
330
E8BF
100
AcDbEntity
100
AcDbLine
8
CELIK_KIRIS_KOLON
10
7930
20
568.3158263716897
30
33.673970837687875
11
7930
21
568.3158263716897
31
153.67397083768788
0
3DFACE
5
EB70
330
E8BF
100
AcDbEntity
100
AcDbFace
8
CELIK_KIRIS_KOLON
10
7930
20
23.67397083768796
30
438.3158263716897
11
8070
21
23.67397083768796
31
438.3158263716897
12
8070
22
163.67397083768796
32
438.3158263716897
13
7930
23
163.67397083768796
33
438.3158263716897
0
3DFACE
5
EB71
330
E8BF
100
AcDbEntity
100
AcDbFace
8
CELIK_KIRIS_KOLON
10
7930
20
23.67397083768796
30
558.3158263716897
11
8070
21
23.67397083768796
31
558.3158263716897
12
8070
22
163.67397083768796
32
558.3158263716897
13
7930
23
163.67397083768796
33
558.3158263716897
0
3DFACE
5
EB72
330
E8BF
100
AcDbEntity
100
AcDbFace
8
CELIK_KIRIS_KOLON
10
7930
20
23.67397083768796
30
438.3158263716897
11
8070
21
23.67397083768796
31
438.3158263716897
12
8070
22
23.67397083768796
32
558.3158263716897
13
7930
23
23.67397083768796
33
558.3158263716897
0
3DFACE
5
EB73
330
E8BF
100
AcDbEntity
100
AcDbFace
8
CELIK_KIRIS_KOLON
10
7930
20
163.67397083768796
30
438.3158263716897
11
8070
21
163.67397083768796
31
438.3158263716897
12
8070
22
163.67397083768796
32
558.3158263716897
13
7930
23
163.67397083768796
33
558.3158263716897
0
3DFACE
5
EB74
330
E8BF
100
AcDbEntity
100
AcDbFace
8
CELIK_KIRIS_KOLON
10
7930
20
23.67397083768796
30
438.3158263716897
11
7930
21
163.67397083768796
31
438.3158263716897
12
7930
22
163.67397083768796
32
558.3158263716897
13
7930
23
23.67397083768796
33
558.3158263716897
0
3DFACE
5
EB75
330
E8BF
100
AcDbEntity
100
AcDbFace
8
CELIK_KIRIS_KOLON
10
8070
20
23.67397083768796
30
438.3158263716897
11
8070
21
163.67397083768796
31
438.3158263716897
12
8070
22
163.67397083768796
32
558.3158263716897
13
8070
23
23.67397083768796
33
558.3158263716897
0
LINE
5
EB76
330
E8BF
100
AcDbEntity
100
AcDbLine
8
CELIK_KIRIS_KOLON
10
7930
20
23.67397083768796
30
438.3158263716897
11
8070
21
23.67397083768796
31
438.3158263716897
0
LINE
5
EB77
330
E8BF
100
AcDbEntity
100
AcDbLine
8
CELIK_KIRIS_KOLON
10
8070
20
23.67397083768796
30
438.3158263716897
11
8070
21
163.67397083768796
31
438.3158263716897
0
LINE
5
EB78
330
E8BF
100
AcDbEntity
100
AcDbLine
8
CELIK_KIRIS_KOLON
10
8070
20
163.67397083768796
30
438.3158263716897
11
7930
21
163.67397083768796
31
438.3158263716897
0
LINE
5
EB79
330
E8BF
100
AcDbEntity
100
AcDbLine
8
CELIK_KIRIS_KOLON
10
7930
20
163.67397083768796
30
438.3158263716897
11
7930
21
23.67397083768796
31
438.3158263716897
0
LINE
5
EB7A
330
E8BF
100
AcDbEntity
100
AcDbLine
8
CELIK_KIRIS_KOLON
10
7930
20
23.67397083768796
30
558.3158263716897
11
8070
21
23.67397083768796
31
558.3158263716897
0
LINE
5
EB7B
330
E8BF
100
AcDbEntity
100
AcDbLine
8
CELIK_KIRIS_KOLON
10
8070
20
23.67397083768796
30
558.3158263716897
11
8070
21
163.67397083768796
31
558.3158263716897
0
LINE
5
EB7C
330
E8BF
100
AcDbEntity
100
AcDbLine
8
CELIK_KIRIS_KOLON
10
8070
20
163.67397083768796
30
558.3158263716897
11
7930
21
163.67397083768796
31
558.3158263716897
0
LINE
5
EB7D
330
E8BF
100
AcDbEntity
100
AcDbLine
8
CELIK_KIRIS_KOLON
10
7930
20
163.67397083768796
30
558.3158263716897
11
7930
21
23.67397083768796
31
558.3158263716897
0
LINE
5
EB7E
330
E8BF
100
AcDbEntity
100
AcDbLine
8
CELIK_KIRIS_KOLON
10
7930
20
23.67397083768796
30
438.3158263716897
11
7930
21
23.67397083768796
31
558.3158263716897
0
LINE
5
EB7F
330
E8BF
100
AcDbEntity
100
AcDbLine
8
CELIK_KIRIS_KOLON
10
8070
20
23.67397083768796
30
438.3158263716897
11
8070
21
23.67397083768796
31
558.3158263716897
0
LINE
5
EB80
330
E8BF
100
AcDbEntity
100
AcDbLine
8
CELIK_KIRIS_KOLON
10
8070
20
163.67397083768796
30
438.3158263716897
11
8070
21
163.67397083768796
31
558.3158263716897
0
LINE
5
EB81
330
E8BF
100
AcDbEntity
100
AcDbLine
8
CELIK_KIRIS_KOLON
10
7930
20
163.67397083768796
30
438.3158263716897
11
7930
21
163.67397083768796
31
558.3158263716897
0
3DFACE
5
EBB3
330
E8BF
100
AcDbEntity
100
AcDbFace
8
CELIK_KIRIS_KOLON
10
8950.316384336385
20
918.6584088926768
30
-323.1477990022523
11
9218.505690005546
21
990.5195167653917
31
-323.1477990022523
12
9517.731457599324
22
-126.20625082838671
32
832.971788237753
13
9249.542151930164
23
-198.06735870110163
33
832.971788237753
0
LINE
5
EBB4
330
E8BF
100
AcDbEntity
100
AcDbLine
8
CELIK_KIRIS_KOLON
10
9080.75078313312
20
968.2492168668788
30
-309.0056633785214
11
9379.9765507269
21
-148.4765507268998
31
847.113923861484
0
3DFACE
5
EBBD
330
E8BF
100
AcDbEntity
100
AcDbFace
8
CELIK_KIRIS_KOLON
10
9097.06483746013
20
598.2680728285435
30
24.306795603287526
11
9251.612969666381
21
639.6791200449468
31
24.306795603287526
12
9248.648163895727
22
650.7439258156007
32
148.89901044835722
13
9094.100031689475
23
609.3328785991974
33
148.89901044835722
0
3DFACE
5
EBBE
330
E8BF
100
AcDbEntity
100
AcDbFace
8
CELIK_KIRIS_KOLON
10
9201.793856117953
20
207.41405417072093
30
428.9486511372894
11
9356.341988324202
21
248.82510138712428
31
428.9486511372894
12
9353.37718255355
22
259.8899071577782
32
553.540865982359
13
9198.829050347298
23
218.47885994137494
33
553.540865982359
0
3DFACE
5
EBE3
330
E8BF
100
AcDbEntity
100
AcDbFace
8
CELIK_KIRIS_KOLON
10
9101.026373659006
20
561.3361263409943
30
33.673970837687875
11
9241.026373659006
21
561.3361263409943
31
33.673970837687875
12
9241.026373659006
22
701.3361263409943
32
33.673970837687875
13
9101.026373659006
23
701.3361263409943
33
33.673970837687875
0
3DFACE
5
EBE4
330
E8BF
100
AcDbEntity
100
AcDbFace
8
CELIK_KIRIS_KOLON
10
9101.026373659006
20
561.3361263409943
30
153.67397083768788
11
9241.026373659006
21
561.3361263409943
31
153.67397083768788
12
9241.026373659006
22
701.3361263409943
32
153.67397083768788
13
9101.026373659006
23
701.3361263409943
33
153.67397083768788
0
3DFACE
5
EBE5
330
E8BF
100
AcDbEntity
100
AcDbFace
8
CELIK_KIRIS_KOLON
10
9101.026373659006
20
561.3361263409943
30
33.673970837687875
11
9241.026373659006
21
561.3361263409943
31
33.673970837687875
12
9241.026373659006
22
561.3361263409943
32
153.67397083768788
13
9101.026373659006
23
561.3361263409943
33
153.67397083768788
0
3DFACE
5
EBE6
330
E8BF
100
AcDbEntity
100
AcDbFace
8
CELIK_KIRIS_KOLON
10
9101.026373659006
20
701.3361263409943
30
33.673970837687875
11
9241.026373659006
21
701.3361263409943
31
33.673970837687875
12
9241.026373659006
22
701.3361263409943
32
153.67397083768788
13
9101.026373659006
23
701.3361263409943
33
153.67397083768788
0
3DFACE
5
EBE7
330
E8BF
100
AcDbEntity
100
AcDbFace
8
CELIK_KIRIS_KOLON
10
9101.026373659006
20
561.3361263409943
30
33.673970837687875
11
9101.026373659006
21
701.3361263409943
31
33.673970837687875
12
9101.026373659006
22
701.3361263409943
32
153.67397083768788
13
9101.026373659006
23
561.3361263409943
33
153.67397083768788
0
3DFACE
5
EBE8
330
E8BF
100
AcDbEntity
100
AcDbFace
8
CELIK_KIRIS_KOLON
10
9241.026373659006
20
561.3361263409943
30
33.673970837687875
11
9241.026373659006
21
701.3361263409943
31
33.673970837687875
12
9241.026373659006
22
701.3361263409943
32
153.67397083768788
13
9241.026373659006
23
561.3361263409943
33
153.67397083768788
0
LINE
5
EBE9
330
E8BF
100
AcDbEntity
100
AcDbLine
8
CELIK_KIRIS_KOLON
10
9101.026373659006
20
561.3361263409943
30
33.673970837687875
11
9241.026373659006
21
561.3361263409943
31
33.673970837687875
0
LINE
5
EBEA
330
E8BF
100
AcDbEntity
100
AcDbLine
8
CELIK_KIRIS_KOLON
10
9241.026373659006
20
561.3361263409943
30
33.673970837687875
11
9241.026373659006
21
701.3361263409943
31
33.673970837687875
0
LINE
5
EBEB
330
E8BF
100
AcDbEntity
100
AcDbLine
8
CELIK_KIRIS_KOLON
10
9241.026373659006
20
701.3361263409943
30
33.673970837687875
11
9101.026373659006
21
701.3361263409943
31
33.673970837687875
0
LINE
5
EBEC
330
E8BF
100
AcDbEntity
100
AcDbLine
8
CELIK_KIRIS_KOLON
10
9101.026373659006
20
701.3361263409943
30
33.673970837687875
11
9101.026373659006
21
561.3361263409943
31
33.673970837687875
0
LINE
5
EBED
330
E8BF
100
AcDbEntity
100
AcDbLine
8
CELIK_KIRIS_KOLON
10
9101.026373659006
20
561.3361263409943
30
153.67397083768788
11
9241.026373659006
21
561.3361263409943
31
153.67397083768788
0
LINE
5
EBEE
330
E8BF
100
AcDbEntity
100
AcDbLine
8
CELIK_KIRIS_KOLON
10
9241.026373659006
20
561.3361263409943
30
153.67397083768788
11
9241.026373659006
21
701.3361263409943
31
153.67397083768788
0
LINE
5
EBEF
330
E8BF
100
AcDbEntity
100
AcDbLine
8
CELIK_KIRIS_KOLON
10
9241.026373659006
20
701.3361263409943
30
153.67397083768788
11
9101.026373659006
21
701.3361263409943
31
153.67397083768788
0
LINE
5
EBF0
330
E8BF
100
AcDbEntity
100
AcDbLine
8
CELIK_KIRIS_KOLON
10
9101.026373659006
20
701.3361263409943
30
153.67397083768788
11
9101.026373659006
21
561.3361263409943
31
153.67397083768788
0
LINE
5
EBF1
330
E8BF
100
AcDbEntity
100
AcDbLine
8
CELIK_KIRIS_KOLON
10
9101.026373659006
20
561.3361263409943
30
33.673970837687875
11
9101.026373659006
21
561.3361263409943
31
153.67397083768788
0
LINE
5
EBF2
330
E8BF
100
AcDbEntity
100
AcDbLine
8
CELIK_KIRIS_KOLON
10
9241.026373659006
20
561.3361263409943
30
33.673970837687875
11
9241.026373659006
21
561.3361263409943
31
153.67397083768788
0
LINE
5
EBF3
330
E8BF
100
AcDbEntity
100
AcDbLine
8
CELIK_KIRIS_KOLON
10
9241.026373659006
20
701.3361263409943
30
33.673970837687875
11
9241.026373659006
21
701.3361263409943
31
153.67397083768788
0
LINE
5
EBF4
330
E8BF
100
AcDbEntity
100
AcDbLine
8
CELIK_KIRIS_KOLON
10
9101.026373659006
20
701.3361263409943
30
33.673970837687875
11
9101.026373659006
21
701.3361263409943
31
153.67397083768788
0
3DFACE
5
EBF5
330
E8BF
100
AcDbEntity
100
AcDbFace
8
CELIK_KIRIS_KOLON
10
9205.755392316829
20
170.48210768317182
30
438.3158263716897
11
9345.755392316829
21
170.48210768317182
31
438.3158263716897
12
9345.755392316829
22
310.4821076831718
32
438.3158263716897
13
9205.755392316829
23
310.4821076831718
33
438.3158263716897
0
3DFACE
5
EBF6
330
E8BF
100
AcDbEntity
100
AcDbFace
8
CELIK_KIRIS_KOLON
10
9205.755392316829
20
170.48210768317182
30
558.3158263716897
11
9345.755392316829
21
170.48210768317182
31
558.3158263716897
12
9345.755392316829
22
310.4821076831718
32
558.3158263716897
13
9205.755392316829
23
310.4821076831718
33
558.3158263716897
0
3DFACE
5
EBF7
330
E8BF
100
AcDbEntity
100
AcDbFace
8
CELIK_KIRIS_KOLON
10
9205.755392316829
20
170.48210768317182
30
438.3158263716897
11
9345.755392316829
21
170.48210768317182
31
438.3158263716897
12
9345.755392316829
22
170.48210768317182
32
558.3158263716897
13
9205.755392316829
23
170.48210768317182
33
558.3158263716897
0
3DFACE
5
EBF8
330
E8BF
100
AcDbEntity
100
AcDbFace
8
CELIK_KIRIS_KOLON
10
9205.755392316829
20
310.4821076831718
30
438.3158263716897
11
9345.755392316829
21
310.4821076831718
31
438.3158263716897
12
9345.755392316829
22
310.4821076831718
32
558.3158263716897
13
9205.755392316829
23
310.4821076831718
33
558.3158263716897
0
3DFACE
5
EBF9
330
E8BF
100
AcDbEntity
100
AcDbFace
8
CELIK_KIRIS_KOLON
10
9205.755392316829
20
170.48210768317182
30
438.3158263716897
11
9205.755392316829
21
310.4821076831718
31
438.3158263716897
12
9205.755392316829
22
310.4821076831718
32
558.3158263716897
13
9205.755392316829
23
170.48210768317182
33
558.3158263716897
0
3DFACE
5
EBFA
330
E8BF
100
AcDbEntity
100
AcDbFace
8
CELIK_KIRIS_KOLON
10
9345.755392316829
20
170.48210768317182
30
438.3158263716897
11
9345.755392316829
21
310.4821076831718
31
438.3158263716897
12
9345.755392316829
22
310.4821076831718
32
558.3158263716897
13
9345.755392316829
23
170.48210768317182
33
558.3158263716897
0
LINE
5
EBFB
330
E8BF
100
AcDbEntity
100
AcDbLine
8
CELIK_KIRIS_KOLON
10
9205.755392316829
20
170.48210768317182
30
438.3158263716897
11
9345.755392316829
21
170.48210768317182
31
438.3158263716897
0
LINE
5
EBFC
330
E8BF
100
AcDbEntity
100
AcDbLine
8
CELIK_KIRIS_KOLON
10
9345.755392316829
20
170.48210768317182
30
438.3158263716897
11
9345.755392316829
21
310.4821076831718
31
438.3158263716897
0
LINE
5
EBFD
330
E8BF
100
AcDbEntity
100
AcDbLine
8
CELIK_KIRIS_KOLON
10
9345.755392316829
20
310.4821076831718
30
438.3158263716897
11
9205.755392316829
21
310.4821076831718
31
438.3158263716897
0
LINE
5
EBFE
330
E8BF
100
AcDbEntity
100
AcDbLine
8
CELIK_KIRIS_KOLON
10
9205.755392316829
20
310.4821076831718
30
438.3158263716897
11
9205.755392316829
21
170.48210768317182
31
438.3158263716897
0
LINE
5
EBFF
330
E8BF
100
AcDbEntity
100
AcDbLine
8
CELIK_KIRIS_KOLON
10
9205.755392316829
20
170.48210768317182
30
558.3158263716897
11
9345.755392316829
21
170.48210768317182
31
558.3158263716897
0
LINE
5
EC00
330
E8BF
100
AcDbEntity
100
AcDbLine
8
CELIK_KIRIS_KOLON
10
9345.755392316829
20
170.48210768317182
30
558.3158263716897
11
9345.755392316829
21
310.4821076831718
31
558.3158263716897
0
LINE
5
EC01
330
E8BF
100
AcDbEntity
100
AcDbLine
8
CELIK_KIRIS_KOLON
10
9345.755392316829
20
310.4821076831718
30
558.3158263716897
11
9205.755392316829
21
310.4821076831718
31
558.3158263716897
0
LINE
5
EC02
330
E8BF
100
AcDbEntity
100
AcDbLine
8
CELIK_KIRIS_KOLON
10
9205.755392316829
20
310.4821076831718
30
558.3158263716897
11
9205.755392316829
21
170.48210768317182
31
558.3158263716897
0
LINE
5
EC03
330
E8BF
100
AcDbEntity
100
AcDbLine
8
CELIK_KIRIS_KOLON
10
9205.755392316829
20
170.48210768317182
30
438.3158263716897
11
9205.755392316829
21
170.48210768317182
31
558.3158263716897
0
LINE
5
EC04
330
E8BF
100
AcDbEntity
100
AcDbLine
8
CELIK_KIRIS_KOLON
10
9345.755392316829
20
170.48210768317182
30
438.3158263716897
11
9345.755392316829
21
170.48210768317182
31
558.3158263716897
0
LINE
5
EC05
330
E8BF
100
AcDbEntity
100
AcDbLine
8
CELIK_KIRIS_KOLON
10
9345.755392316829
20
310.4821076831718
30
438.3158263716897
11
9345.755392316829
21
310.4821076831718
31
558.3158263716897
0
LINE
5
EC06
330
E8BF
100
AcDbEntity
100
AcDbLine
8
CELIK_KIRIS_KOLON
10
9205.755392316829
20
310.4821076831718
30
438.3158263716897
11
9205.755392316829
21
310.4821076831718
31
558.3158263716897
0
3DFACE
5
EC08
330
E8BF
100
AcDbEntity
100
AcDbFace
8
CELIK_KIRIS_KOLON
10
6100
20
-70
30
1050
11
9900
21
-70
31
1050
12
9900
22
70
32
1050
13
6100
23
70
33
1050
0
3DFACE
5
EC09
330
E8BF
100
AcDbEntity
100
AcDbFace
8
CELIK_KIRIS_KOLON
10
6100
20
-70
30
1190
11
9900
21
-70
31
1190
12
9900
22
70
32
1190
13
6100
23
70
33
1190
0
3DFACE
5
EC0A
330
E8BF
100
AcDbEntity
100
AcDbFace
8
CELIK_KIRIS_KOLON
10
6100
20
-70
30
1050
11
9900
21
-70
31
1050
12
9900
22
-70
32
1190
13
6100
23
-70
33
1190
0
3DFACE
5
EC0B
330
E8BF
100
AcDbEntity
100
AcDbFace
8
CELIK_KIRIS_KOLON
10
6100
20
70
30
1050
11
9900
21
70
31
1050
12
9900
22
70
32
1190
13
6100
23
70
33
1190
0
3DFACE
5
EC0C
330
E8BF
100
AcDbEntity
100
AcDbFace
8
CELIK_KIRIS_KOLON
10
6100
20
-70
30
1050
11
6100
21
70
31
1050
12
6100
22
70
32
1190
13
6100
23
-70
33
1190
0
3DFACE
5
EC0D
330
E8BF
100
AcDbEntity
100
AcDbFace
8
CELIK_KIRIS_KOLON
10
9900
20
-70
30
1050
11
9900
21
70
31
1050
12
9900
22
70
32
1190
13
9900
23
-70
33
1190
0
LINE
5
EC0E
330
E8BF
100
AcDbEntity
100
AcDbLine
8
CELIK_KIRIS_KOLON
10
6100
20
-70
30
1050
11
9900
21
-70
31
1050
0
LINE
5
EC0F
330
E8BF
100
AcDbEntity
100
AcDbLine
8
CELIK_KIRIS_KOLON
10
9900
20
-70
30
1050
11
9900
21
70
31
1050
0
LINE
5
EC10
330
E8BF
100
AcDbEntity
100
AcDbLine
8
CELIK_KIRIS_KOLON
10
9900
20
70
30
1050
11
6100
21
70
31
1050
0
LINE
5
EC11
330
E8BF
100
AcDbEntity
100
AcDbLine
8
CELIK_KIRIS_KOLON
10
6100
20
70
30
1050
11
6100
21
-70
31
1050
0
LINE
5
EC12
330
E8BF
100
AcDbEntity
100
AcDbLine
8
CELIK_KIRIS_KOLON
10
6100
20
-70
30
1190
11
9900
21
-70
31
1190
0
LINE
5
EC13
330
E8BF
100
AcDbEntity
100
AcDbLine
8
CELIK_KIRIS_KOLON
10
9900
20
-70
30
1190
11
9900
21
70
31
1190
0
LINE
5
EC14
330
E8BF
100
AcDbEntity
100
AcDbLine
8
CELIK_KIRIS_KOLON
10
9900
20
70
30
1190
11
6100
21
70
31
1190
0
LINE
5
EC15
330
E8BF
100
AcDbEntity
100
AcDbLine
8
CELIK_KIRIS_KOLON
10
6100
20
70
30
1190
11
6100
21
-70
31
1190
0
LINE
5
EC16
330
E8BF
100
AcDbEntity
100
AcDbLine
8
CELIK_KIRIS_KOLON
10
6100
20
-70
30
1050
11
6100
21
-70
31
1190
0
LINE
5
EC17
330
E8BF
100
AcDbEntity
100
AcDbLine
8
CELIK_KIRIS_KOLON
10
9900
20
-70
30
1050
11
9900
21
-70
31
1190
0
LINE
5
EC18
330
E8BF
100
AcDbEntity
100
AcDbLine
8
CELIK_KIRIS_KOLON
10
9900
20
70
30
1050
11
9900
21
70
31
1190
0
LINE
5
EC19
330
E8BF
100
AcDbEntity
100
AcDbLine
8
CELIK_KIRIS_KOLON
10
6100
20
70
30
1050
11
6100
21
70
31
1190
0
3DFACE
5
EC2A
330
E8BF
100
AcDbEntity
100
AcDbFace
8
CELIK_KIRIS_KOLON
10
17850
20
-795
30
2755
11
18150
21
-795
31
2755
12
18150
22
795
32
2755
13
17850
23
795
33
2755
0
3DFACE
5
EC2B
330
E8BF
100
AcDbEntity
100
AcDbFace
8
CELIK_KIRIS_KOLON
10
17850
20
-795
30
2845
11
18150
21
-795
31
2845
12
18150
22
795
32
2845
13
17850
23
795
33
2845
0
3DFACE
5
EC2C
330
E8BF
100
AcDbEntity
100
AcDbFace
8
CELIK_KIRIS_KOLON
10
17850
20
-795
30
2755
11
18150
21
-795
31
2755
12
18150
22
-795
32
2845
13
17850
23
-795
33
2845
0
3DFACE
5
EC2D
330
E8BF
100
AcDbEntity
100
AcDbFace
8
CELIK_KIRIS_KOLON
10
17850
20
795
30
2755
11
18150
21
795
31
2755
12
18150
22
795
32
2845
13
17850
23
795
33
2845
0
3DFACE
5
EC2E
330
E8BF
100
AcDbEntity
100
AcDbFace
8
CELIK_KIRIS_KOLON
10
17850
20
-795
30
2755
11
17850
21
795
31
2755
12
17850
22
795
32
2845
13
17850
23
-795
33
2845
0
3DFACE
5
EC2F
330
E8BF
100
AcDbEntity
100
AcDbFace
8
CELIK_KIRIS_KOLON
10
18150
20
-795
30
2755
11
18150
21
795
31
2755
12
18150
22
795
32
2845
13
18150
23
-795
33
2845
0
LINE
5
EC30
330
E8BF
100
AcDbEntity
100
AcDbLine
8
CELIK_KIRIS_KOLON
10
17850
20
-795
30
2755
11
18150
21
-795
31
2755
0
LINE
5
EC31
330
E8BF
100
AcDbEntity
100
AcDbLine
8
CELIK_KIRIS_KOLON
10
18150
20
-795
30
2755
11
18150
21
795
31
2755
0
LINE
5
EC32
330
E8BF
100
AcDbEntity
100
AcDbLine
8
CELIK_KIRIS_KOLON
10
18150
20
795
30
2755
11
17850
21
795
31
2755
0
LINE
5
EC33
330
E8BF
100
AcDbEntity
100
AcDbLine
8
CELIK_KIRIS_KOLON
10
17850
20
795
30
2755
11
17850
21
-795
31
2755
0
LINE
5
EC34
330
E8BF
100
AcDbEntity
100
AcDbLine
8
CELIK_KIRIS_KOLON
10
17850
20
-795
30
2845
11
18150
21
-795
31
2845
0
LINE
5
EC35
330
E8BF
100
AcDbEntity
100
AcDbLine
8
CELIK_KIRIS_KOLON
10
18150
20
-795
30
2845
11
18150
21
795
31
2845
0
LINE
5
EC36
330
E8BF
100
AcDbEntity
100
AcDbLine
8
CELIK_KIRIS_KOLON
10
18150
20
795
30
2845
11
17850
21
795
31
2845
0
LINE
5
EC37
330
E8BF
100
AcDbEntity
100
AcDbLine
8
CELIK_KIRIS_KOLON
10
17850
20
795
30
2845
11
17850
21
-795
31
2845
0
LINE
5
EC38
330
E8BF
100
AcDbEntity
100
AcDbLine
8
CELIK_KIRIS_KOLON
10
17850
20
-795
30
2755
11
17850
21
-795
31
2845
0
LINE
5
EC39
330
E8BF
100
AcDbEntity
100
AcDbLine
8
CELIK_KIRIS_KOLON
10
18150
20
-795
30
2755
11
18150
21
-795
31
2845
0
LINE
5
EC3A
330
E8BF
100
AcDbEntity
100
AcDbLine
8
CELIK_KIRIS_KOLON
10
18150
20
795
30
2755
11
18150
21
795
31
2845
0
LINE
5
EC3B
330
E8BF
100
AcDbEntity
100
AcDbLine
8
CELIK_KIRIS_KOLON
10
17850
20
795
30
2755
11
17850
21
795
31
2845
0
3DFACE
5
EC7E
330
E8BF
100
AcDbEntity
100
AcDbFace
8
CELIK_KIRIS_KOLON
10
17861.175
20
832.9717882377529
30
526.8522009977477
11
18138.825
21
832.9717882377529
31
526.8522009977477
12
18138.825
22
-323.14779900225216
32
1682.9717882377531
13
17861.175
23
-323.14779900225216
33
1682.9717882377531
0
LINE
5
EC7F
330
E8BF
100
AcDbEntity
100
AcDbLine
8
CELIK_KIRIS_KOLON
10
18000
20
847.113923861484
30
540.9943366214786
11
18000
21
-309.0056633785212
31
1697.113923861484
0
3DFACE
5
EC88
330
E8BF
100
AcDbEntity
100
AcDbFace
8
CELIK_KIRIS_KOLON
10
17920
20
485.5171936322132
30
874.3067956032876
11
18080
21
485.5171936322132
31
874.3067956032876
12
18080
22
496.9723234874353
32
998.8990104483572
13
17920
23
496.9723234874353
33
998.8990104483572
0
3DFACE
5
EC89
330
E8BF
100
AcDbEntity
100
AcDbFace
8
CELIK_KIRIS_KOLON
10
17920
20
80.87533809821139
30
1278.9486511372893
11
18080
21
80.87533809821139
31
1278.9486511372893
12
18080
22
92.3304679534335
32
1403.540865982359
13
17920
23
92.3304679534335
33
1403.540865982359
0
3DFACE
5
ECAE
330
E8BF
100
AcDbEntity
100
AcDbFace
8
CELIK_KIRIS_KOLON
10
17930
20
428.3158263716897
30
883.6739708376879
11
18070
21
428.3158263716897
31
883.6739708376879
12
18070
22
568.3158263716897
32
883.6739708376879
13
17930
23
568.3158263716897
33
883.6739708376879
0
3DFACE
5
ECAF
330
E8BF
100
AcDbEntity
100
AcDbFace
8
CELIK_KIRIS_KOLON
10
17930
20
428.3158263716897
30
1003.6739708376879
11
18070
21
428.3158263716897
31
1003.6739708376879
12
18070
22
568.3158263716897
32
1003.6739708376879
13
17930
23
568.3158263716897
33
1003.6739708376879
0
3DFACE
5
ECB0
330
E8BF
100
AcDbEntity
100
AcDbFace
8
CELIK_KIRIS_KOLON
10
17930
20
428.3158263716897
30
883.6739708376879
11
18070
21
428.3158263716897
31
883.6739708376879
12
18070
22
428.3158263716897
32
1003.6739708376879
13
17930
23
428.3158263716897
33
1003.6739708376879
0
3DFACE
5
ECB1
330
E8BF
100
AcDbEntity
100
AcDbFace
8
CELIK_KIRIS_KOLON
10
17930
20
568.3158263716897
30
883.6739708376879
11
18070
21
568.3158263716897
31
883.6739708376879
12
18070
22
568.3158263716897
32
1003.6739708376879
13
17930
23
568.3158263716897
33
1003.6739708376879
0
3DFACE
5
ECB2
330
E8BF
100
AcDbEntity
100
AcDbFace
8
CELIK_KIRIS_KOLON
10
17930
20
428.3158263716897
30
883.6739708376879
11
17930
21
568.3158263716897
31
883.6739708376879
12
17930
22
568.3158263716897
32
1003.6739708376879
13
17930
23
428.3158263716897
33
1003.6739708376879
0
3DFACE
5
ECB3
330
E8BF
100
AcDbEntity
100
AcDbFace
8
CELIK_KIRIS_KOLON
10
18070
20
428.3158263716897
30
883.6739708376879
11
18070
21
568.3158263716897
31
883.6739708376879
12
18070
22
568.3158263716897
32
1003.6739708376879
13
18070
23
428.3158263716897
33
1003.6739708376879
0
LINE
5
ECB4
330
E8BF
100
AcDbEntity
100
AcDbLine
8
CELIK_KIRIS_KOLON
10
17930
20
428.3158263716897
30
883.6739708376879
11
18070
21
428.3158263716897
31
883.6739708376879
0
LINE
5
ECB5
330
E8BF
100
AcDbEntity
100
AcDbLine
8
CELIK_KIRIS_KOLON
10
18070
20
428.3158263716897
30
883.6739708376879
11
18070
21
568.3158263716897
31
883.6739708376879
0
LINE
5
ECB6
330
E8BF
100
AcDbEntity
100
AcDbLine
8
CELIK_KIRIS_KOLON
10
18070
20
568.3158263716897
30
883.6739708376879
11
17930
21
568.3158263716897
31
883.6739708376879
0
LINE
5
ECB7
330
E8BF
100
AcDbEntity
100
AcDbLine
8
CELIK_KIRIS_KOLON
10
17930
20
568.3158263716897
30
883.6739708376879
11
17930
21
428.3158263716897
31
883.6739708376879
0
LINE
5
ECB8
330
E8BF
100
AcDbEntity
100
AcDbLine
8
CELIK_KIRIS_KOLON
10
17930
20
428.3158263716897
30
1003.6739708376879
11
18070
21
428.3158263716897
31
1003.6739708376879
0
LINE
5
ECB9
330
E8BF
100
AcDbEntity
100
AcDbLine
8
CELIK_KIRIS_KOLON
10
18070
20
428.3158263716897
30
1003.6739708376879
11
18070
21
568.3158263716897
31
1003.6739708376879
0
LINE
5
ECBA
330
E8BF
100
AcDbEntity
100
AcDbLine
8
CELIK_KIRIS_KOLON
10
18070
20
568.3158263716897
30
1003.6739708376879
11
17930
21
568.3158263716897
31
1003.6739708376879
0
LINE
5
ECBB
330
E8BF
100
AcDbEntity
100
AcDbLine
8
CELIK_KIRIS_KOLON
10
17930
20
568.3158263716897
30
1003.6739708376879
11
17930
21
428.3158263716897
31
1003.6739708376879
0
LINE
5
ECBC
330
E8BF
100
AcDbEntity
100
AcDbLine
8
CELIK_KIRIS_KOLON
10
17930
20
428.3158263716897
30
883.6739708376879
11
17930
21
428.3158263716897
31
1003.6739708376879
0
LINE
5
ECBD
330
E8BF
100
AcDbEntity
100
AcDbLine
8
CELIK_KIRIS_KOLON
10
18070
20
428.3158263716897
30
883.6739708376879
11
18070
21
428.3158263716897
31
1003.6739708376879
0
LINE
5
ECBE
330
E8BF
100
AcDbEntity
100
AcDbLine
8
CELIK_KIRIS_KOLON
10
18070
20
568.3158263716897
30
883.6739708376879
11
18070
21
568.3158263716897
31
1003.6739708376879
0
LINE
5
ECBF
330
E8BF
100
AcDbEntity
100
AcDbLine
8
CELIK_KIRIS_KOLON
10
17930
20
568.3158263716897
30
883.6739708376879
11
17930
21
568.3158263716897
31
1003.6739708376879
0
3DFACE
5
ECC0
330
E8BF
100
AcDbEntity
100
AcDbFace
8
CELIK_KIRIS_KOLON
10
17930
20
23.67397083768796
30
1288.3158263716896
11
18070
21
23.67397083768796
31
1288.3158263716896
12
18070
22
163.67397083768796
32
1288.3158263716896
13
17930
23
163.67397083768796
33
1288.3158263716896
0
3DFACE
5
ECC1
330
E8BF
100
AcDbEntity
100
AcDbFace
8
CELIK_KIRIS_KOLON
10
17930
20
23.67397083768796
30
1408.3158263716896
11
18070
21
23.67397083768796
31
1408.3158263716896
12
18070
22
163.67397083768796
32
1408.3158263716896
13
17930
23
163.67397083768796
33
1408.3158263716896
0
3DFACE
5
ECC2
330
E8BF
100
AcDbEntity
100
AcDbFace
8
CELIK_KIRIS_KOLON
10
17930
20
23.67397083768796
30
1288.3158263716896
11
18070
21
23.67397083768796
31
1288.3158263716896
12
18070
22
23.67397083768796
32
1408.3158263716896
13
17930
23
23.67397083768796
33
1408.3158263716896
0
3DFACE
5
ECC3
330
E8BF
100
AcDbEntity
100
AcDbFace
8
CELIK_KIRIS_KOLON
10
17930
20
163.67397083768796
30
1288.3158263716896
11
18070
21
163.67397083768796
31
1288.3158263716896
12
18070
22
163.67397083768796
32
1408.3158263716896
13
17930
23
163.67397083768796
33
1408.3158263716896
0
3DFACE
5
ECC4
330
E8BF
100
AcDbEntity
100
AcDbFace
8
CELIK_KIRIS_KOLON
10
17930
20
23.67397083768796
30
1288.3158263716896
11
17930
21
163.67397083768796
31
1288.3158263716896
12
17930
22
163.67397083768796
32
1408.3158263716896
13
17930
23
23.67397083768796
33
1408.3158263716896
0
3DFACE
5
ECC5
330
E8BF
100
AcDbEntity
100
AcDbFace
8
CELIK_KIRIS_KOLON
10
18070
20
23.67397083768796
30
1288.3158263716896
11
18070
21
163.67397083768796
31
1288.3158263716896
12
18070
22
163.67397083768796
32
1408.3158263716896
13
18070
23
23.67397083768796
33
1408.3158263716896
0
LINE
5
ECC6
330
E8BF
100
AcDbEntity
100
AcDbLine
8
CELIK_KIRIS_KOLON
10
17930
20
23.67397083768796
30
1288.3158263716896
11
18070
21
23.67397083768796
31
1288.3158263716896
0
LINE
5
ECC7
330
E8BF
100
AcDbEntity
100
AcDbLine
8
CELIK_KIRIS_KOLON
10
18070
20
23.67397083768796
30
1288.3158263716896
11
18070
21
163.67397083768796
31
1288.3158263716896
0
LINE
5
ECC8
330
E8BF
100
AcDbEntity
100
AcDbLine
8
CELIK_KIRIS_KOLON
10
18070
20
163.67397083768796
30
1288.3158263716896
11
17930
21
163.67397083768796
31
1288.3158263716896
0
LINE
5
ECC9
330
E8BF
100
AcDbEntity
100
AcDbLine
8
CELIK_KIRIS_KOLON
10
17930
20
163.67397083768796
30
1288.3158263716896
11
17930
21
23.67397083768796
31
1288.3158263716896
0
LINE
5
ECCA
330
E8BF
100
AcDbEntity
100
AcDbLine
8
CELIK_KIRIS_KOLON
10
17930
20
23.67397083768796
30
1408.3158263716896
11
18070
21
23.67397083768796
31
1408.3158263716896
0
LINE
5
ECCB
330
E8BF
100
AcDbEntity
100
AcDbLine
8
CELIK_KIRIS_KOLON
10
18070
20
23.67397083768796
30
1408.3158263716896
11
18070
21
163.67397083768796
31
1408.3158263716896
0
LINE
5
ECCC
330
E8BF
100
AcDbEntity
100
AcDbLine
8
CELIK_KIRIS_KOLON
10
18070
20
163.67397083768796
30
1408.3158263716896
11
17930
21
163.67397083768796
31
1408.3158263716896
0
LINE
5
ECCD
330
E8BF
100
AcDbEntity
100
AcDbLine
8
CELIK_KIRIS_KOLON
10
17930
20
163.67397083768796
30
1408.3158263716896
11
17930
21
23.67397083768796
31
1408.3158263716896
0
LINE
5
ECCE
330
E8BF
100
AcDbEntity
100
AcDbLine
8
CELIK_KIRIS_KOLON
10
17930
20
23.67397083768796
30
1288.3158263716896
11
17930
21
23.67397083768796
31
1408.3158263716896
0
LINE
5
ECCF
330
E8BF
100
AcDbEntity
100
AcDbLine
8
CELIK_KIRIS_KOLON
10
18070
20
23.67397083768796
30
1288.3158263716896
11
18070
21
23.67397083768796
31
1408.3158263716896
0
LINE
5
ECD0
330
E8BF
100
AcDbEntity
100
AcDbLine
8
CELIK_KIRIS_KOLON
10
18070
20
163.67397083768796
30
1288.3158263716896
11
18070
21
163.67397083768796
31
1408.3158263716896
0
LINE
5
ECD1
330
E8BF
100
AcDbEntity
100
AcDbLine
8
CELIK_KIRIS_KOLON
10
17930
20
163.67397083768796
30
1288.3158263716896
11
17930
21
163.67397083768796
31
1408.3158263716896
0
3DFACE
5
E90A
330
E8BF
100
AcDbEntity
100
AcDbFace
8
MONTAJ_BORULARI
10
-14000
20
905.450233309374
30
-367.3419728264115
11
-13973.059231636793
21
913.3410016725816
31
-359.451204463204
12
-13973.059231636793
22
-359.45120446320385
32
913.3410016725816
13
-14000
23
-367.34197282641134
33
905.4502333093741
0
3DFACE
5
E90B
330
E8BF
100
AcDbEntity
100
AcDbFace
8
MONTAJ_BORULARI
10
-13973.059231636793
20
913.3410016725816
30
-359.451204463204
11
-13961.9
21
932.3910016725815
31
-340.401204463204
12
-13961.9
22
-340.40120446320384
32
932.3910016725815
13
-13973.059231636793
23
-359.45120446320385
33
913.3410016725816
0
3DFACE
5
E90C
330
E8BF
100
AcDbEntity
100
AcDbFace
8
MONTAJ_BORULARI
10
-13961.9
20
932.3910016725815
30
-340.401204463204
11
-13973.059231636793
21
951.4410016725815
31
-321.35120446320406
12
-13973.059231636793
22
-321.3512044632039
32
951.4410016725815
13
-13961.9
23
-340.40120446320384
33
932.3910016725815
0
3DFACE
5
E90D
330
E8BF
100
AcDbEntity
100
AcDbFace
8
MONTAJ_BORULARI
10
-13973.059231636793
20
951.4410016725815
30
-321.35120446320406
11
-14000
21
959.331770035789
31
-313.4604360999965
12
-14000
22
-313.4604360999964
32
959.3317700357891
13
-13973.059231636793
23
-321.3512044632039
33
951.4410016725815
0
3DFACE
5
E90E
330
E8BF
100
AcDbEntity
100
AcDbFace
8
MONTAJ_BORULARI
10
-14000
20
959.331770035789
30
-313.4604360999965
11
-14026.940768363207
21
951.4410016725815
31
-321.35120446320406
12
-14026.940768363207
22
-321.3512044632039
32
951.4410016725815
13
-14000
23
-313.4604360999964
33
959.3317700357891
0
3DFACE
5
E90F
330
E8BF
100
AcDbEntity
100
AcDbFace
8
MONTAJ_BORULARI
10
-14026.940768363207
20
951.4410016725815
30
-321.35120446320406
11
-14038.1
21
932.3910016725815
31
-340.401204463204
12
-14038.1
22
-340.40120446320384
32
932.3910016725815
13
-14026.940768363207
23
-321.3512044632039
33
951.4410016725815
0
3DFACE
5
E910
330
E8BF
100
AcDbEntity
100
AcDbFace
8
MONTAJ_BORULARI
10
-14038.1
20
932.3910016725815
30
-340.401204463204
11
-14026.940768363207
21
913.3410016725816
31
-359.451204463204
12
-14026.940768363207
22
-359.45120446320385
32
913.3410016725816
13
-14038.1
23
-340.40120446320384
33
932.3910016725815
0
3DFACE
5
E911
330
E8BF
100
AcDbEntity
100
AcDbFace
8
MONTAJ_BORULARI
10
-14026.940768363207
20
913.3410016725816
30
-359.451204463204
11
-14000
21
905.450233309374
31
-367.3419728264115
12
-14000
22
-367.34197282641134
32
905.4502333093741
13
-14026.940768363207
23
-359.45120446320385
33
913.3410016725816
0
3DFACE
5
E914
330
E8BF
100
AcDbEntity
100
AcDbFace
8
MONTAJ_BORULARI
10
-14035
20
463.3158263716897
30
93.67397083768788
11
-13965
21
463.3158263716897
31
93.67397083768788
12
-13965
22
533.3158263716897
32
93.67397083768788
13
-14035
23
533.3158263716897
33
93.67397083768788
0
3DFACE
5
E915
330
E8BF
100
AcDbEntity
100
AcDbFace
8
MONTAJ_BORULARI
10
-14035
20
463.3158263716897
30
2400
11
-13965
21
463.3158263716897
31
2400
12
-13965
22
533.3158263716897
32
2400
13
-14035
23
533.3158263716897
33
2400
0
3DFACE
5
E916
330
E8BF
100
AcDbEntity
100
AcDbFace
8
MONTAJ_BORULARI
10
-14035
20
463.3158263716897
30
93.67397083768788
11
-13965
21
463.3158263716897
31
93.67397083768788
12
-13965
22
463.3158263716897
32
2400
13
-14035
23
463.3158263716897
33
2400
0
3DFACE
5
E917
330
E8BF
100
AcDbEntity
100
AcDbFace
8
MONTAJ_BORULARI
10
-14035
20
533.3158263716897
30
93.67397083768788
11
-13965
21
533.3158263716897
31
93.67397083768788
12
-13965
22
533.3158263716897
32
2400
13
-14035
23
533.3158263716897
33
2400
0
3DFACE
5
E918
330
E8BF
100
AcDbEntity
100
AcDbFace
8
MONTAJ_BORULARI
10
-14035
20
463.3158263716897
30
93.67397083768788
11
-14035
21
533.3158263716897
31
93.67397083768788
12
-14035
22
533.3158263716897
32
2400
13
-14035
23
463.3158263716897
33
2400
0
3DFACE
5
E919
330
E8BF
100
AcDbEntity
100
AcDbFace
8
MONTAJ_BORULARI
10
-13965
20
463.3158263716897
30
93.67397083768788
11
-13965
21
533.3158263716897
31
93.67397083768788
12
-13965
22
533.3158263716897
32
2400
13
-13965
23
463.3158263716897
33
2400
0
LINE
5
E91A
330
E8BF
100
AcDbEntity
100
AcDbLine
8
MONTAJ_BORULARI
10
-14035
20
463.3158263716897
30
93.67397083768788
11
-13965
21
463.3158263716897
31
93.67397083768788
0
LINE
5
E91B
330
E8BF
100
AcDbEntity
100
AcDbLine
8
MONTAJ_BORULARI
10
-13965
20
463.3158263716897
30
93.67397083768788
11
-13965
21
533.3158263716897
31
93.67397083768788
0
LINE
5
E91C
330
E8BF
100
AcDbEntity
100
AcDbLine
8
MONTAJ_BORULARI
10
-13965
20
533.3158263716897
30
93.67397083768788
11
-14035
21
533.3158263716897
31
93.67397083768788
0
LINE
5
E91D
330
E8BF
100
AcDbEntity
100
AcDbLine
8
MONTAJ_BORULARI
10
-14035
20
533.3158263716897
30
93.67397083768788
11
-14035
21
463.3158263716897
31
93.67397083768788
0
LINE
5
E91E
330
E8BF
100
AcDbEntity
100
AcDbLine
8
MONTAJ_BORULARI
10
-14035
20
463.3158263716897
30
2400
11
-13965
21
463.3158263716897
31
2400
0
LINE
5
E91F
330
E8BF
100
AcDbEntity
100
AcDbLine
8
MONTAJ_BORULARI
10
-13965
20
463.3158263716897
30
2400
11
-13965
21
533.3158263716897
31
2400
0
LINE
5
E920
330
E8BF
100
AcDbEntity
100
AcDbLine
8
MONTAJ_BORULARI
10
-13965
20
533.3158263716897
30
2400
11
-14035
21
533.3158263716897
31
2400
0
LINE
5
E921
330
E8BF
100
AcDbEntity
100
AcDbLine
8
MONTAJ_BORULARI
10
-14035
20
533.3158263716897
30
2400
11
-14035
21
463.3158263716897
31
2400
0
LINE
5
E922
330
E8BF
100
AcDbEntity
100
AcDbLine
8
MONTAJ_BORULARI
10
-14035
20
463.3158263716897
30
93.67397083768788
11
-14035
21
463.3158263716897
31
2400
0
LINE
5
E923
330
E8BF
100
AcDbEntity
100
AcDbLine
8
MONTAJ_BORULARI
10
-13965
20
463.3158263716897
30
93.67397083768788
11
-13965
21
463.3158263716897
31
2400
0
LINE
5
E924
330
E8BF
100
AcDbEntity
100
AcDbLine
8
MONTAJ_BORULARI
10
-13965
20
533.3158263716897
30
93.67397083768788
11
-13965
21
533.3158263716897
31
2400
0
LINE
5
E925
330
E8BF
100
AcDbEntity
100
AcDbLine
8
MONTAJ_BORULARI
10
-14035
20
533.3158263716897
30
93.67397083768788
11
-14035
21
533.3158263716897
31
2400
0
3DFACE
5
E926
330
E8BF
100
AcDbEntity
100
AcDbFace
8
MONTAJ_BORULARI
10
-14035
20
58.67397083768796
30
498.3158263716897
11
-13965
21
58.67397083768796
31
498.3158263716897
12
-13965
22
128.67397083768796
32
498.3158263716897
13
-14035
23
128.67397083768796
33
498.3158263716897
0
3DFACE
5
E927
330
E8BF
100
AcDbEntity
100
AcDbFace
8
MONTAJ_BORULARI
10
-14035
20
58.67397083768796
30
2400
11
-13965
21
58.67397083768796
31
2400
12
-13965
22
128.67397083768796
32
2400
13
-14035
23
128.67397083768796
33
2400
0
3DFACE
5
E928
330
E8BF
100
AcDbEntity
100
AcDbFace
8
MONTAJ_BORULARI
10
-14035
20
58.67397083768796
30
498.3158263716897
11
-13965
21
58.67397083768796
31
498.3158263716897
12
-13965
22
58.67397083768796
32
2400
13
-14035
23
58.67397083768796
33
2400
0
3DFACE
5
E929
330
E8BF
100
AcDbEntity
100
AcDbFace
8
MONTAJ_BORULARI
10
-14035
20
128.67397083768796
30
498.3158263716897
11
-13965
21
128.67397083768796
31
498.3158263716897
12
-13965
22
128.67397083768796
32
2400
13
-14035
23
128.67397083768796
33
2400
0
3DFACE
5
E92A
330
E8BF
100
AcDbEntity
100
AcDbFace
8
MONTAJ_BORULARI
10
-14035
20
58.67397083768796
30
498.3158263716897
11
-14035
21
128.67397083768796
31
498.3158263716897
12
-14035
22
128.67397083768796
32
2400
13
-14035
23
58.67397083768796
33
2400
0
3DFACE
5
E92B
330
E8BF
100
AcDbEntity
100
AcDbFace
8
MONTAJ_BORULARI
10
-13965
20
58.67397083768796
30
498.3158263716897
11
-13965
21
128.67397083768796
31
498.3158263716897
12
-13965
22
128.67397083768796
32
2400
13
-13965
23
58.67397083768796
33
2400
0
LINE
5
E92C
330
E8BF
100
AcDbEntity
100
AcDbLine
8
MONTAJ_BORULARI
10
-14035
20
58.67397083768796
30
498.3158263716897
11
-13965
21
58.67397083768796
31
498.3158263716897
0
LINE
5
E92D
330
E8BF
100
AcDbEntity
100
AcDbLine
8
MONTAJ_BORULARI
10
-13965
20
58.67397083768796
30
498.3158263716897
11
-13965
21
128.67397083768796
31
498.3158263716897
0
LINE
5
E92E
330
E8BF
100
AcDbEntity
100
AcDbLine
8
MONTAJ_BORULARI
10
-13965
20
128.67397083768796
30
498.3158263716897
11
-14035
21
128.67397083768796
31
498.3158263716897
0
LINE
5
E92F
330
E8BF
100
AcDbEntity
100
AcDbLine
8
MONTAJ_BORULARI
10
-14035
20
128.67397083768796
30
498.3158263716897
11
-14035
21
58.67397083768796
31
498.3158263716897
0
LINE
5
E930
330
E8BF
100
AcDbEntity
100
AcDbLine
8
MONTAJ_BORULARI
10
-14035
20
58.67397083768796
30
2400
11
-13965
21
58.67397083768796
31
2400
0
LINE
5
E931
330
E8BF
100
AcDbEntity
100
AcDbLine
8
MONTAJ_BORULARI
10
-13965
20
58.67397083768796
30
2400
11
-13965
21
128.67397083768796
31
2400
0
LINE
5
E932
330
E8BF
100
AcDbEntity
100
AcDbLine
8
MONTAJ_BORULARI
10
-13965
20
128.67397083768796
30
2400
11
-14035
21
128.67397083768796
31
2400
0
LINE
5
E933
330
E8BF
100
AcDbEntity
100
AcDbLine
8
MONTAJ_BORULARI
10
-14035
20
128.67397083768796
30
2400
11
-14035
21
58.67397083768796
31
2400
0
LINE
5
E934
330
E8BF
100
AcDbEntity
100
AcDbLine
8
MONTAJ_BORULARI
10
-14035
20
58.67397083768796
30
498.3158263716897
11
-14035
21
58.67397083768796
31
2400
0
LINE
5
E935
330
E8BF
100
AcDbEntity
100
AcDbLine
8
MONTAJ_BORULARI
10
-13965
20
58.67397083768796
30
498.3158263716897
11
-13965
21
58.67397083768796
31
2400
0
LINE
5
E936
330
E8BF
100
AcDbEntity
100
AcDbLine
8
MONTAJ_BORULARI
10
-13965
20
128.67397083768796
30
498.3158263716897
11
-13965
21
128.67397083768796
31
2400
0
LINE
5
E937
330
E8BF
100
AcDbEntity
100
AcDbLine
8
MONTAJ_BORULARI
10
-14035
20
128.67397083768796
30
498.3158263716897
11
-14035
21
128.67397083768796
31
2400
0
3DFACE
5
E98F
330
E8BF
100
AcDbEntity
100
AcDbFace
8
MONTAJ_BORULARI
10
-4700
20
905.450233309374
30
-367.3419728264115
11
-4673.059231636793
21
913.3410016725816
31
-359.451204463204
12
-4673.059231636793
22
-359.45120446320385
32
913.3410016725816
13
-4700
23
-367.34197282641134
33
905.4502333093741
0
3DFACE
5
E990
330
E8BF
100
AcDbEntity
100
AcDbFace
8
MONTAJ_BORULARI
10
-4673.059231636793
20
913.3410016725816
30
-359.451204463204
11
-4661.9
21
932.3910016725815
31
-340.401204463204
12
-4661.9
22
-340.40120446320384
32
932.3910016725815
13
-4673.059231636793
23
-359.45120446320385
33
913.3410016725816
0
3DFACE
5
E991
330
E8BF
100
AcDbEntity
100
AcDbFace
8
MONTAJ_BORULARI
10
-4661.9
20
932.3910016725815
30
-340.401204463204
11
-4673.059231636793
21
951.4410016725815
31
-321.35120446320406
12
-4673.059231636793
22
-321.3512044632039
32
951.4410016725815
13
-4661.9
23
-340.40120446320384
33
932.3910016725815
0
3DFACE
5
E992
330
E8BF
100
AcDbEntity
100
AcDbFace
8
MONTAJ_BORULARI
10
-4673.059231636793
20
951.4410016725815
30
-321.35120446320406
11
-4700
21
959.331770035789
31
-313.4604360999965
12
-4700
22
-313.4604360999964
32
959.3317700357891
13
-4673.059231636793
23
-321.3512044632039
33
951.4410016725815
0
3DFACE
5
E993
330
E8BF
100
AcDbEntity
100
AcDbFace
8
MONTAJ_BORULARI
10
-4700
20
959.331770035789
30
-313.4604360999965
11
-4726.940768363207
21
951.4410016725815
31
-321.35120446320406
12
-4726.940768363207
22
-321.3512044632039
32
951.4410016725815
13
-4700
23
-313.4604360999964
33
959.3317700357891
0
3DFACE
5
E994
330
E8BF
100
AcDbEntity
100
AcDbFace
8
MONTAJ_BORULARI
10
-4726.940768363207
20
951.4410016725815
30
-321.35120446320406
11
-4738.1
21
932.3910016725815
31
-340.401204463204
12
-4738.1
22
-340.40120446320384
32
932.3910016725815
13
-4726.940768363207
23
-321.3512044632039
33
951.4410016725815
0
3DFACE
5
E995
330
E8BF
100
AcDbEntity
100
AcDbFace
8
MONTAJ_BORULARI
10
-4738.1
20
932.3910016725815
30
-340.401204463204
11
-4726.940768363207
21
913.3410016725816
31
-359.451204463204
12
-4726.940768363207
22
-359.45120446320385
32
913.3410016725816
13
-4738.1
23
-340.40120446320384
33
932.3910016725815
0
3DFACE
5
E996
330
E8BF
100
AcDbEntity
100
AcDbFace
8
MONTAJ_BORULARI
10
-4726.940768363207
20
913.3410016725816
30
-359.451204463204
11
-4700
21
905.450233309374
31
-367.3419728264115
12
-4700
22
-367.34197282641134
32
905.4502333093741
13
-4726.940768363207
23
-359.45120446320385
33
913.3410016725816
0
3DFACE
5
E999
330
E8BF
100
AcDbEntity
100
AcDbFace
8
MONTAJ_BORULARI
10
-4735
20
463.3158263716897
30
93.67397083768788
11
-4665
21
463.3158263716897
31
93.67397083768788
12
-4665
22
533.3158263716897
32
93.67397083768788
13
-4735
23
533.3158263716897
33
93.67397083768788
0
3DFACE
5
E99A
330
E8BF
100
AcDbEntity
100
AcDbFace
8
MONTAJ_BORULARI
10
-4735
20
463.3158263716897
30
2400
11
-4665
21
463.3158263716897
31
2400
12
-4665
22
533.3158263716897
32
2400
13
-4735
23
533.3158263716897
33
2400
0
3DFACE
5
E99B
330
E8BF
100
AcDbEntity
100
AcDbFace
8
MONTAJ_BORULARI
10
-4735
20
463.3158263716897
30
93.67397083768788
11
-4665
21
463.3158263716897
31
93.67397083768788
12
-4665
22
463.3158263716897
32
2400
13
-4735
23
463.3158263716897
33
2400
0
3DFACE
5
E99C
330
E8BF
100
AcDbEntity
100
AcDbFace
8
MONTAJ_BORULARI
10
-4735
20
533.3158263716897
30
93.67397083768788
11
-4665
21
533.3158263716897
31
93.67397083768788
12
-4665
22
533.3158263716897
32
2400
13
-4735
23
533.3158263716897
33
2400
0
3DFACE
5
E99D
330
E8BF
100
AcDbEntity
100
AcDbFace
8
MONTAJ_BORULARI
10
-4735
20
463.3158263716897
30
93.67397083768788
11
-4735
21
533.3158263716897
31
93.67397083768788
12
-4735
22
533.3158263716897
32
2400
13
-4735
23
463.3158263716897
33
2400
0
3DFACE
5
E99E
330
E8BF
100
AcDbEntity
100
AcDbFace
8
MONTAJ_BORULARI
10
-4665
20
463.3158263716897
30
93.67397083768788
11
-4665
21
533.3158263716897
31
93.67397083768788
12
-4665
22
533.3158263716897
32
2400
13
-4665
23
463.3158263716897
33
2400
0
LINE
5
E99F
330
E8BF
100
AcDbEntity
100
AcDbLine
8
MONTAJ_BORULARI
10
-4735
20
463.3158263716897
30
93.67397083768788
11
-4665
21
463.3158263716897
31
93.67397083768788
0
LINE
5
E9A0
330
E8BF
100
AcDbEntity
100
AcDbLine
8
MONTAJ_BORULARI
10
-4665
20
463.3158263716897
30
93.67397083768788
11
-4665
21
533.3158263716897
31
93.67397083768788
0
LINE
5
E9A1
330
E8BF
100
AcDbEntity
100
AcDbLine
8
MONTAJ_BORULARI
10
-4665
20
533.3158263716897
30
93.67397083768788
11
-4735
21
533.3158263716897
31
93.67397083768788
0
LINE
5
E9A2
330
E8BF
100
AcDbEntity
100
AcDbLine
8
MONTAJ_BORULARI
10
-4735
20
533.3158263716897
30
93.67397083768788
11
-4735
21
463.3158263716897
31
93.67397083768788
0
LINE
5
E9A3
330
E8BF
100
AcDbEntity
100
AcDbLine
8
MONTAJ_BORULARI
10
-4735
20
463.3158263716897
30
2400
11
-4665
21
463.3158263716897
31
2400
0
LINE
5
E9A4
330
E8BF
100
AcDbEntity
100
AcDbLine
8
MONTAJ_BORULARI
10
-4665
20
463.3158263716897
30
2400
11
-4665
21
533.3158263716897
31
2400
0
LINE
5
E9A5
330
E8BF
100
AcDbEntity
100
AcDbLine
8
MONTAJ_BORULARI
10
-4665
20
533.3158263716897
30
2400
11
-4735
21
533.3158263716897
31
2400
0
LINE
5
E9A6
330
E8BF
100
AcDbEntity
100
AcDbLine
8
MONTAJ_BORULARI
10
-4735
20
533.3158263716897
30
2400
11
-4735
21
463.3158263716897
31
2400
0
LINE
5
E9A7
330
E8BF
100
AcDbEntity
100
AcDbLine
8
MONTAJ_BORULARI
10
-4735
20
463.3158263716897
30
93.67397083768788
11
-4735
21
463.3158263716897
31
2400
0
LINE
5
E9A8
330
E8BF
100
AcDbEntity
100
AcDbLine
8
MONTAJ_BORULARI
10
-4665
20
463.3158263716897
30
93.67397083768788
11
-4665
21
463.3158263716897
31
2400
0
LINE
5
E9A9
330
E8BF
100
AcDbEntity
100
AcDbLine
8
MONTAJ_BORULARI
10
-4665
20
533.3158263716897
30
93.67397083768788
11
-4665
21
533.3158263716897
31
2400
0
LINE
5
E9AA
330
E8BF
100
AcDbEntity
100
AcDbLine
8
MONTAJ_BORULARI
10
-4735
20
533.3158263716897
30
93.67397083768788
11
-4735
21
533.3158263716897
31
2400
0
3DFACE
5
E9AB
330
E8BF
100
AcDbEntity
100
AcDbFace
8
MONTAJ_BORULARI
10
-4735
20
58.67397083768796
30
498.3158263716897
11
-4665
21
58.67397083768796
31
498.3158263716897
12
-4665
22
128.67397083768796
32
498.3158263716897
13
-4735
23
128.67397083768796
33
498.3158263716897
0
3DFACE
5
E9AC
330
E8BF
100
AcDbEntity
100
AcDbFace
8
MONTAJ_BORULARI
10
-4735
20
58.67397083768796
30
2400
11
-4665
21
58.67397083768796
31
2400
12
-4665
22
128.67397083768796
32
2400
13
-4735
23
128.67397083768796
33
2400
0
3DFACE
5
E9AD
330
E8BF
100
AcDbEntity
100
AcDbFace
8
MONTAJ_BORULARI
10
-4735
20
58.67397083768796
30
498.3158263716897
11
-4665
21
58.67397083768796
31
498.3158263716897
12
-4665
22
58.67397083768796
32
2400
13
-4735
23
58.67397083768796
33
2400
0
3DFACE
5
E9AE
330
E8BF
100
AcDbEntity
100
AcDbFace
8
MONTAJ_BORULARI
10
-4735
20
128.67397083768796
30
498.3158263716897
11
-4665
21
128.67397083768796
31
498.3158263716897
12
-4665
22
128.67397083768796
32
2400
13
-4735
23
128.67397083768796
33
2400
0
3DFACE
5
E9AF
330
E8BF
100
AcDbEntity
100
AcDbFace
8
MONTAJ_BORULARI
10
-4735
20
58.67397083768796
30
498.3158263716897
11
-4735
21
128.67397083768796
31
498.3158263716897
12
-4735
22
128.67397083768796
32
2400
13
-4735
23
58.67397083768796
33
2400
0
3DFACE
5
E9B0
330
E8BF
100
AcDbEntity
100
AcDbFace
8
MONTAJ_BORULARI
10
-4665
20
58.67397083768796
30
498.3158263716897
11
-4665
21
128.67397083768796
31
498.3158263716897
12
-4665
22
128.67397083768796
32
2400
13
-4665
23
58.67397083768796
33
2400
0
LINE
5
E9B1
330
E8BF
100
AcDbEntity
100
AcDbLine
8
MONTAJ_BORULARI
10
-4735
20
58.67397083768796
30
498.3158263716897
11
-4665
21
58.67397083768796
31
498.3158263716897
0
LINE
5
E9B2
330
E8BF
100
AcDbEntity
100
AcDbLine
8
MONTAJ_BORULARI
10
-4665
20
58.67397083768796
30
498.3158263716897
11
-4665
21
128.67397083768796
31
498.3158263716897
0
LINE
5
E9B3
330
E8BF
100
AcDbEntity
100
AcDbLine
8
MONTAJ_BORULARI
10
-4665
20
128.67397083768796
30
498.3158263716897
11
-4735
21
128.67397083768796
31
498.3158263716897
0
LINE
5
E9B4
330
E8BF
100
AcDbEntity
100
AcDbLine
8
MONTAJ_BORULARI
10
-4735
20
128.67397083768796
30
498.3158263716897
11
-4735
21
58.67397083768796
31
498.3158263716897
0
LINE
5
E9B5
330
E8BF
100
AcDbEntity
100
AcDbLine
8
MONTAJ_BORULARI
10
-4735
20
58.67397083768796
30
2400
11
-4665
21
58.67397083768796
31
2400
0
LINE
5
E9B6
330
E8BF
100
AcDbEntity
100
AcDbLine
8
MONTAJ_BORULARI
10
-4665
20
58.67397083768796
30
2400
11
-4665
21
128.67397083768796
31
2400
0
LINE
5
E9B7
330
E8BF
100
AcDbEntity
100
AcDbLine
8
MONTAJ_BORULARI
10
-4665
20
128.67397083768796
30
2400
11
-4735
21
128.67397083768796
31
2400
0
LINE
5
E9B8
330
E8BF
100
AcDbEntity
100
AcDbLine
8
MONTAJ_BORULARI
10
-4735
20
128.67397083768796
30
2400
11
-4735
21
58.67397083768796
31
2400
0
LINE
5
E9B9
330
E8BF
100
AcDbEntity
100
AcDbLine
8
MONTAJ_BORULARI
10
-4735
20
58.67397083768796
30
498.3158263716897
11
-4735
21
58.67397083768796
31
2400
0
LINE
5
E9BA
330
E8BF
100
AcDbEntity
100
AcDbLine
8
MONTAJ_BORULARI
10
-4665
20
58.67397083768796
30
498.3158263716897
11
-4665
21
58.67397083768796
31
2400
0
LINE
5
E9BB
330
E8BF
100
AcDbEntity
100
AcDbLine
8
MONTAJ_BORULARI
10
-4665
20
128.67397083768796
30
498.3158263716897
11
-4665
21
128.67397083768796
31
2400
0
LINE
5
E9BC
330
E8BF
100
AcDbEntity
100
AcDbLine
8
MONTAJ_BORULARI
10
-4735
20
128.67397083768796
30
498.3158263716897
11
-4735
21
128.67397083768796
31
2400
0
3DFACE
5
EA14
330
E8BF
100
AcDbEntity
100
AcDbFace
8
MONTAJ_BORULARI
10
-3300
20
905.450233309374
30
-367.3419728264115
11
-3273.0592316367924
21
913.3410016725816
31
-359.451204463204
12
-3273.0592316367924
22
-359.45120446320385
32
913.3410016725816
13
-3300
23
-367.34197282641134
33
905.4502333093741
0
3DFACE
5
EA15
330
E8BF
100
AcDbEntity
100
AcDbFace
8
MONTAJ_BORULARI
10
-3273.0592316367924
20
913.3410016725816
30
-359.451204463204
11
-3261.9
21
932.3910016725815
31
-340.401204463204
12
-3261.9
22
-340.40120446320384
32
932.3910016725815
13
-3273.0592316367924
23
-359.45120446320385
33
913.3410016725816
0
3DFACE
5
EA16
330
E8BF
100
AcDbEntity
100
AcDbFace
8
MONTAJ_BORULARI
10
-3261.9
20
932.3910016725815
30
-340.401204463204
11
-3273.0592316367924
21
951.4410016725815
31
-321.35120446320406
12
-3273.0592316367924
22
-321.3512044632039
32
951.4410016725815
13
-3261.9
23
-340.40120446320384
33
932.3910016725815
0
3DFACE
5
EA17
330
E8BF
100
AcDbEntity
100
AcDbFace
8
MONTAJ_BORULARI
10
-3273.0592316367924
20
951.4410016725815
30
-321.35120446320406
11
-3300
21
959.331770035789
31
-313.4604360999965
12
-3300
22
-313.4604360999964
32
959.3317700357891
13
-3273.0592316367924
23
-321.3512044632039
33
951.4410016725815
0
3DFACE
5
EA18
330
E8BF
100
AcDbEntity
100
AcDbFace
8
MONTAJ_BORULARI
10
-3300
20
959.331770035789
30
-313.4604360999965
11
-3326.9407683632076
21
951.4410016725815
31
-321.35120446320406
12
-3326.9407683632076
22
-321.3512044632039
32
951.4410016725815
13
-3300
23
-313.4604360999964
33
959.3317700357891
0
3DFACE
5
EA19
330
E8BF
100
AcDbEntity
100
AcDbFace
8
MONTAJ_BORULARI
10
-3326.9407683632076
20
951.4410016725815
30
-321.35120446320406
11
-3338.1
21
932.3910016725815
31
-340.401204463204
12
-3338.1
22
-340.40120446320384
32
932.3910016725815
13
-3326.9407683632076
23
-321.3512044632039
33
951.4410016725815
0
3DFACE
5
EA1A
330
E8BF
100
AcDbEntity
100
AcDbFace
8
MONTAJ_BORULARI
10
-3338.1
20
932.3910016725815
30
-340.401204463204
11
-3326.9407683632076
21
913.3410016725816
31
-359.451204463204
12
-3326.9407683632076
22
-359.45120446320385
32
913.3410016725816
13
-3338.1
23
-340.40120446320384
33
932.3910016725815
0
3DFACE
5
EA1B
330
E8BF
100
AcDbEntity
100
AcDbFace
8
MONTAJ_BORULARI
10
-3326.9407683632076
20
913.3410016725816
30
-359.451204463204
11
-3300
21
905.450233309374
31
-367.3419728264115
12
-3300
22
-367.34197282641134
32
905.4502333093741
13
-3326.9407683632076
23
-359.45120446320385
33
913.3410016725816
0
3DFACE
5
EA1E
330
E8BF
100
AcDbEntity
100
AcDbFace
8
MONTAJ_BORULARI
10
-3335
20
463.3158263716897
30
93.67397083768788
11
-3265
21
463.3158263716897
31
93.67397083768788
12
-3265
22
533.3158263716897
32
93.67397083768788
13
-3335
23
533.3158263716897
33
93.67397083768788
0
3DFACE
5
EA1F
330
E8BF
100
AcDbEntity
100
AcDbFace
8
MONTAJ_BORULARI
10
-3335
20
463.3158263716897
30
2400
11
-3265
21
463.3158263716897
31
2400
12
-3265
22
533.3158263716897
32
2400
13
-3335
23
533.3158263716897
33
2400
0
3DFACE
5
EA20
330
E8BF
100
AcDbEntity
100
AcDbFace
8
MONTAJ_BORULARI
10
-3335
20
463.3158263716897
30
93.67397083768788
11
-3265
21
463.3158263716897
31
93.67397083768788
12
-3265
22
463.3158263716897
32
2400
13
-3335
23
463.3158263716897
33
2400
0
3DFACE
5
EA21
330
E8BF
100
AcDbEntity
100
AcDbFace
8
MONTAJ_BORULARI
10
-3335
20
533.3158263716897
30
93.67397083768788
11
-3265
21
533.3158263716897
31
93.67397083768788
12
-3265
22
533.3158263716897
32
2400
13
-3335
23
533.3158263716897
33
2400
0
3DFACE
5
EA22
330
E8BF
100
AcDbEntity
100
AcDbFace
8
MONTAJ_BORULARI
10
-3335
20
463.3158263716897
30
93.67397083768788
11
-3335
21
533.3158263716897
31
93.67397083768788
12
-3335
22
533.3158263716897
32
2400
13
-3335
23
463.3158263716897
33
2400
0
3DFACE
5
EA23
330
E8BF
100
AcDbEntity
100
AcDbFace
8
MONTAJ_BORULARI
10
-3265
20
463.3158263716897
30
93.67397083768788
11
-3265
21
533.3158263716897
31
93.67397083768788
12
-3265
22
533.3158263716897
32
2400
13
-3265
23
463.3158263716897
33
2400
0
LINE
5
EA24
330
E8BF
100
AcDbEntity
100
AcDbLine
8
MONTAJ_BORULARI
10
-3335
20
463.3158263716897
30
93.67397083768788
11
-3265
21
463.3158263716897
31
93.67397083768788
0
LINE
5
EA25
330
E8BF
100
AcDbEntity
100
AcDbLine
8
MONTAJ_BORULARI
10
-3265
20
463.3158263716897
30
93.67397083768788
11
-3265
21
533.3158263716897
31
93.67397083768788
0
LINE
5
EA26
330
E8BF
100
AcDbEntity
100
AcDbLine
8
MONTAJ_BORULARI
10
-3265
20
533.3158263716897
30
93.67397083768788
11
-3335
21
533.3158263716897
31
93.67397083768788
0
LINE
5
EA27
330
E8BF
100
AcDbEntity
100
AcDbLine
8
MONTAJ_BORULARI
10
-3335
20
533.3158263716897
30
93.67397083768788
11
-3335
21
463.3158263716897
31
93.67397083768788
0
LINE
5
EA28
330
E8BF
100
AcDbEntity
100
AcDbLine
8
MONTAJ_BORULARI
10
-3335
20
463.3158263716897
30
2400
11
-3265
21
463.3158263716897
31
2400
0
LINE
5
EA29
330
E8BF
100
AcDbEntity
100
AcDbLine
8
MONTAJ_BORULARI
10
-3265
20
463.3158263716897
30
2400
11
-3265
21
533.3158263716897
31
2400
0
LINE
5
EA2A
330
E8BF
100
AcDbEntity
100
AcDbLine
8
MONTAJ_BORULARI
10
-3265
20
533.3158263716897
30
2400
11
-3335
21
533.3158263716897
31
2400
0
LINE
5
EA2B
330
E8BF
100
AcDbEntity
100
AcDbLine
8
MONTAJ_BORULARI
10
-3335
20
533.3158263716897
30
2400
11
-3335
21
463.3158263716897
31
2400
0
LINE
5
EA2C
330
E8BF
100
AcDbEntity
100
AcDbLine
8
MONTAJ_BORULARI
10
-3335
20
463.3158263716897
30
93.67397083768788
11
-3335
21
463.3158263716897
31
2400
0
LINE
5
EA2D
330
E8BF
100
AcDbEntity
100
AcDbLine
8
MONTAJ_BORULARI
10
-3265
20
463.3158263716897
30
93.67397083768788
11
-3265
21
463.3158263716897
31
2400
0
LINE
5
EA2E
330
E8BF
100
AcDbEntity
100
AcDbLine
8
MONTAJ_BORULARI
10
-3265
20
533.3158263716897
30
93.67397083768788
11
-3265
21
533.3158263716897
31
2400
0
LINE
5
EA2F
330
E8BF
100
AcDbEntity
100
AcDbLine
8
MONTAJ_BORULARI
10
-3335
20
533.3158263716897
30
93.67397083768788
11
-3335
21
533.3158263716897
31
2400
0
3DFACE
5
EA30
330
E8BF
100
AcDbEntity
100
AcDbFace
8
MONTAJ_BORULARI
10
-3335
20
58.67397083768796
30
498.3158263716897
11
-3265
21
58.67397083768796
31
498.3158263716897
12
-3265
22
128.67397083768796
32
498.3158263716897
13
-3335
23
128.67397083768796
33
498.3158263716897
0
3DFACE
5
EA31
330
E8BF
100
AcDbEntity
100
AcDbFace
8
MONTAJ_BORULARI
10
-3335
20
58.67397083768796
30
2400
11
-3265
21
58.67397083768796
31
2400
12
-3265
22
128.67397083768796
32
2400
13
-3335
23
128.67397083768796
33
2400
0
3DFACE
5
EA32
330
E8BF
100
AcDbEntity
100
AcDbFace
8
MONTAJ_BORULARI
10
-3335
20
58.67397083768796
30
498.3158263716897
11
-3265
21
58.67397083768796
31
498.3158263716897
12
-3265
22
58.67397083768796
32
2400
13
-3335
23
58.67397083768796
33
2400
0
3DFACE
5
EA33
330
E8BF
100
AcDbEntity
100
AcDbFace
8
MONTAJ_BORULARI
10
-3335
20
128.67397083768796
30
498.3158263716897
11
-3265
21
128.67397083768796
31
498.3158263716897
12
-3265
22
128.67397083768796
32
2400
13
-3335
23
128.67397083768796
33
2400
0
3DFACE
5
EA34
330
E8BF
100
AcDbEntity
100
AcDbFace
8
MONTAJ_BORULARI
10
-3335
20
58.67397083768796
30
498.3158263716897
11
-3335
21
128.67397083768796
31
498.3158263716897
12
-3335
22
128.67397083768796
32
2400
13
-3335
23
58.67397083768796
33
2400
0
3DFACE
5
EA35
330
E8BF
100
AcDbEntity
100
AcDbFace
8
MONTAJ_BORULARI
10
-3265
20
58.67397083768796
30
498.3158263716897
11
-3265
21
128.67397083768796
31
498.3158263716897
12
-3265
22
128.67397083768796
32
2400
13
-3265
23
58.67397083768796
33
2400
0
LINE
5
EA36
330
E8BF
100
AcDbEntity
100
AcDbLine
8
MONTAJ_BORULARI
10
-3335
20
58.67397083768796
30
498.3158263716897
11
-3265
21
58.67397083768796
31
498.3158263716897
0
LINE
5
EA37
330
E8BF
100
AcDbEntity
100
AcDbLine
8
MONTAJ_BORULARI
10
-3265
20
58.67397083768796
30
498.3158263716897
11
-3265
21
128.67397083768796
31
498.3158263716897
0
LINE
5
EA38
330
E8BF
100
AcDbEntity
100
AcDbLine
8
MONTAJ_BORULARI
10
-3265
20
128.67397083768796
30
498.3158263716897
11
-3335
21
128.67397083768796
31
498.3158263716897
0
LINE
5
EA39
330
E8BF
100
AcDbEntity
100
AcDbLine
8
MONTAJ_BORULARI
10
-3335
20
128.67397083768796
30
498.3158263716897
11
-3335
21
58.67397083768796
31
498.3158263716897
0
LINE
5
EA3A
330
E8BF
100
AcDbEntity
100
AcDbLine
8
MONTAJ_BORULARI
10
-3335
20
58.67397083768796
30
2400
11
-3265
21
58.67397083768796
31
2400
0
LINE
5
EA3B
330
E8BF
100
AcDbEntity
100
AcDbLine
8
MONTAJ_BORULARI
10
-3265
20
58.67397083768796
30
2400
11
-3265
21
128.67397083768796
31
2400
0
LINE
5
EA3C
330
E8BF
100
AcDbEntity
100
AcDbLine
8
MONTAJ_BORULARI
10
-3265
20
128.67397083768796
30
2400
11
-3335
21
128.67397083768796
31
2400
0
LINE
5
EA3D
330
E8BF
100
AcDbEntity
100
AcDbLine
8
MONTAJ_BORULARI
10
-3335
20
128.67397083768796
30
2400
11
-3335
21
58.67397083768796
31
2400
0
LINE
5
EA3E
330
E8BF
100
AcDbEntity
100
AcDbLine
8
MONTAJ_BORULARI
10
-3335
20
58.67397083768796
30
498.3158263716897
11
-3335
21
58.67397083768796
31
2400
0
LINE
5
EA3F
330
E8BF
100
AcDbEntity
100
AcDbLine
8
MONTAJ_BORULARI
10
-3265
20
58.67397083768796
30
498.3158263716897
11
-3265
21
58.67397083768796
31
2400
0
LINE
5
EA40
330
E8BF
100
AcDbEntity
100
AcDbLine
8
MONTAJ_BORULARI
10
-3265
20
128.67397083768796
30
498.3158263716897
11
-3265
21
128.67397083768796
31
2400
0
LINE
5
EA41
330
E8BF
100
AcDbEntity
100
AcDbLine
8
MONTAJ_BORULARI
10
-3335
20
128.67397083768796
30
498.3158263716897
11
-3335
21
128.67397083768796
31
2400
0
3DFACE
5
EAAB
330
E8BF
100
AcDbEntity
100
AcDbFace
8
MONTAJ_BORULARI
10
6934.347764772987
20
1024.5977647729867
30
-367.3419728264115
11
6962.412829847971
21
1025.24687778218
31
-359.451204463204
12
6632.989966441976
22
-204.17598562381454
32
913.3410016725816
13
6604.924901366992
23
-204.82509863300783
33
905.4502333093741
0
3DFACE
5
EAAC
330
E8BF
100
AcDbEntity
100
AcDbFace
8
MONTAJ_BORULARI
10
6962.412829847971
20
1025.24687778218
30
-359.451204463204
11
6978.122322696694
21
1040.7595430966744
31
-340.401204463204
12
6648.699459290699
22
-188.66332030932028
32
932.3910016725815
13
6632.989966441976
23
-204.17598562381454
33
913.3410016725816
0
3DFACE
5
EAAD
330
E8BF
100
AcDbEntity
100
AcDbFace
8
MONTAJ_BORULARI
10
6978.122322696694
20
1040.7595430966744
30
-340.401204463204
11
6972.273835466377
21
1062.0486517637937
31
-321.35120446320406
12
6642.850972060382
22
-167.3742116422011
32
951.4410016725815
13
6648.699459290699
23
-188.66332030932028
33
932.3910016725815
0
3DFACE
5
EAAE
330
E8BF
100
AcDbEntity
100
AcDbFace
8
MONTAJ_BORULARI
10
6972.273835466377
20
1062.0486517637937
30
-321.35120446320406
11
6948.293332657174
21
1076.643332657174
31
-313.4604360999965
12
6618.870469251179
22
-152.77953074882072
32
959.3317700357891
13
6642.850972060382
23
-167.3742116422011
33
951.4410016725815
0
3DFACE
5
EAAF
330
E8BF
100
AcDbEntity
100
AcDbFace
8
MONTAJ_BORULARI
10
6948.293332657174
20
1076.643332657174
30
-313.4604360999965
11
6920.22826758219
21
1075.9942196479806
31
-321.35120446320406
12
6590.805404176195
22
-153.428643758014
32
951.4410016725815
13
6618.870469251179
23
-152.77953074882072
33
959.3317700357891
0
3DFACE
5
EAB0
330
E8BF
100
AcDbEntity
100
AcDbFace
8
MONTAJ_BORULARI
10
6920.22826758219
20
1075.9942196479806
30
-321.35120446320406
11
6904.518774733467
21
1060.4815543334864
31
-340.401204463204
12
6575.095911327472
22
-168.94130907250826
32
932.3910016725815
13
6590.805404176195
23
-153.428643758014
33
951.4410016725815
0
3DFACE
5
EAB1
330
E8BF
100
AcDbEntity
100
AcDbFace
8
MONTAJ_BORULARI
10
6904.518774733467
20
1060.4815543334864
30
-340.401204463204
11
6910.367261963784
21
1039.1924456663673
31
-359.451204463204
12
6580.944398557789
22
-190.23041773962746
32
913.3410016725816
13
6575.095911327472
23
-168.94130907250826
33
932.3910016725815
0
3DFACE
5
EAB2
330
E8BF
100
AcDbEntity
100
AcDbFace
8
MONTAJ_BORULARI
10
6910.367261963784
20
1039.1924456663673
30
-359.451204463204
11
6934.347764772987
21
1024.5977647729867
31
-367.3419728264115
12
6604.924901366992
22
-204.82509863300783
32
905.4502333093741
13
6580.944398557789
23
-190.23041773962746
33
913.3410016725816
0
3DFACE
5
EAB5
330
E8BF
100
AcDbEntity
100
AcDbFace
8
MONTAJ_BORULARI
10
6793.973626340994
20
596.3361263409943
30
93.67397083768788
11
6863.973626340994
21
596.3361263409943
31
93.67397083768788
12
6863.973626340994
22
666.3361263409943
32
93.67397083768788
13
6793.973626340994
23
666.3361263409943
33
93.67397083768788
0
3DFACE
5
EAB6
330
E8BF
100
AcDbEntity
100
AcDbFace
8
MONTAJ_BORULARI
10
6793.973626340994
20
596.3361263409943
30
2400
11
6863.973626340994
21
596.3361263409943
31
2400
12
6863.973626340994
22
666.3361263409943
32
2400
13
6793.973626340994
23
666.3361263409943
33
2400
0
3DFACE
5
EAB7
330
E8BF
100
AcDbEntity
100
AcDbFace
8
MONTAJ_BORULARI
10
6793.973626340994
20
596.3361263409943
30
93.67397083768788
11
6863.973626340994
21
596.3361263409943
31
93.67397083768788
12
6863.973626340994
22
596.3361263409943
32
2400
13
6793.973626340994
23
596.3361263409943
33
2400
0
3DFACE
5
EAB8
330
E8BF
100
AcDbEntity
100
AcDbFace
8
MONTAJ_BORULARI
10
6793.973626340994
20
666.3361263409943
30
93.67397083768788
11
6863.973626340994
21
666.3361263409943
31
93.67397083768788
12
6863.973626340994
22
666.3361263409943
32
2400
13
6793.973626340994
23
666.3361263409943
33
2400
0
3DFACE
5
EAB9
330
E8BF
100
AcDbEntity
100
AcDbFace
8
MONTAJ_BORULARI
10
6793.973626340994
20
596.3361263409943
30
93.67397083768788
11
6793.973626340994
21
666.3361263409943
31
93.67397083768788
12
6793.973626340994
22
666.3361263409943
32
2400
13
6793.973626340994
23
596.3361263409943
33
2400
0
3DFACE
5
EABA
330
E8BF
100
AcDbEntity
100
AcDbFace
8
MONTAJ_BORULARI
10
6863.973626340994
20
596.3361263409943
30
93.67397083768788
11
6863.973626340994
21
666.3361263409943
31
93.67397083768788
12
6863.973626340994
22
666.3361263409943
32
2400
13
6863.973626340994
23
596.3361263409943
33
2400
0
LINE
5
EABB
330
E8BF
100
AcDbEntity
100
AcDbLine
8
MONTAJ_BORULARI
10
6793.973626340994
20
596.3361263409943
30
93.67397083768788
11
6863.973626340994
21
596.3361263409943
31
93.67397083768788
0
LINE
5
EABC
330
E8BF
100
AcDbEntity
100
AcDbLine
8
MONTAJ_BORULARI
10
6863.973626340994
20
596.3361263409943
30
93.67397083768788
11
6863.973626340994
21
666.3361263409943
31
93.67397083768788
0
LINE
5
EABD
330
E8BF
100
AcDbEntity
100
AcDbLine
8
MONTAJ_BORULARI
10
6863.973626340994
20
666.3361263409943
30
93.67397083768788
11
6793.973626340994
21
666.3361263409943
31
93.67397083768788
0
LINE
5
EABE
330
E8BF
100
AcDbEntity
100
AcDbLine
8
MONTAJ_BORULARI
10
6793.973626340994
20
666.3361263409943
30
93.67397083768788
11
6793.973626340994
21
596.3361263409943
31
93.67397083768788
0
LINE
5
EABF
330
E8BF
100
AcDbEntity
100
AcDbLine
8
MONTAJ_BORULARI
10
6793.973626340994
20
596.3361263409943
30
2400
11
6863.973626340994
21
596.3361263409943
31
2400
0
LINE
5
EAC0
330
E8BF
100
AcDbEntity
100
AcDbLine
8
MONTAJ_BORULARI
10
6863.973626340994
20
596.3361263409943
30
2400
11
6863.973626340994
21
666.3361263409943
31
2400
0
LINE
5
EAC1
330
E8BF
100
AcDbEntity
100
AcDbLine
8
MONTAJ_BORULARI
10
6863.973626340994
20
666.3361263409943
30
2400
11
6793.973626340994
21
666.3361263409943
31
2400
0
LINE
5
EAC2
330
E8BF
100
AcDbEntity
100
AcDbLine
8
MONTAJ_BORULARI
10
6793.973626340994
20
666.3361263409943
30
2400
11
6793.973626340994
21
596.3361263409943
31
2400
0
LINE
5
EAC3
330
E8BF
100
AcDbEntity
100
AcDbLine
8
MONTAJ_BORULARI
10
6793.973626340994
20
596.3361263409943
30
93.67397083768788
11
6793.973626340994
21
596.3361263409943
31
2400
0
LINE
5
EAC4
330
E8BF
100
AcDbEntity
100
AcDbLine
8
MONTAJ_BORULARI
10
6863.973626340994
20
596.3361263409943
30
93.67397083768788
11
6863.973626340994
21
596.3361263409943
31
2400
0
LINE
5
EAC5
330
E8BF
100
AcDbEntity
100
AcDbLine
8
MONTAJ_BORULARI
10
6863.973626340994
20
666.3361263409943
30
93.67397083768788
11
6863.973626340994
21
666.3361263409943
31
2400
0
LINE
5
EAC6
330
E8BF
100
AcDbEntity
100
AcDbLine
8
MONTAJ_BORULARI
10
6793.973626340994
20
666.3361263409943
30
93.67397083768788
11
6793.973626340994
21
666.3361263409943
31
2400
0
3DFACE
5
EAC7
330
E8BF
100
AcDbEntity
100
AcDbFace
8
MONTAJ_BORULARI
10
6689.244607683172
20
205.48210768317182
30
498.3158263716897
11
6759.244607683172
21
205.48210768317182
31
498.3158263716897
12
6759.244607683172
22
275.4821076831718
32
498.3158263716897
13
6689.244607683172
23
275.4821076831718
33
498.3158263716897
0
3DFACE
5
EAC8
330
E8BF
100
AcDbEntity
100
AcDbFace
8
MONTAJ_BORULARI
10
6689.244607683172
20
205.48210768317182
30
2400
11
6759.244607683172
21
205.48210768317182
31
2400
12
6759.244607683172
22
275.4821076831718
32
2400
13
6689.244607683172
23
275.4821076831718
33
2400
0
3DFACE
5
EAC9
330
E8BF
100
AcDbEntity
100
AcDbFace
8
MONTAJ_BORULARI
10
6689.244607683172
20
205.48210768317182
30
498.3158263716897
11
6759.244607683172
21
205.48210768317182
31
498.3158263716897
12
6759.244607683172
22
205.48210768317182
32
2400
13
6689.244607683172
23
205.48210768317182
33
2400
0
3DFACE
5
EACA
330
E8BF
100
AcDbEntity
100
AcDbFace
8
MONTAJ_BORULARI
10
6689.244607683172
20
275.4821076831718
30
498.3158263716897
11
6759.244607683172
21
275.4821076831718
31
498.3158263716897
12
6759.244607683172
22
275.4821076831718
32
2400
13
6689.244607683172
23
275.4821076831718
33
2400
0
3DFACE
5
EACB
330
E8BF
100
AcDbEntity
100
AcDbFace
8
MONTAJ_BORULARI
10
6689.244607683172
20
205.48210768317182
30
498.3158263716897
11
6689.244607683172
21
275.4821076831718
31
498.3158263716897
12
6689.244607683172
22
275.4821076831718
32
2400
13
6689.244607683172
23
205.48210768317182
33
2400
0
3DFACE
5
EACC
330
E8BF
100
AcDbEntity
100
AcDbFace
8
MONTAJ_BORULARI
10
6759.244607683172
20
205.48210768317182
30
498.3158263716897
11
6759.244607683172
21
275.4821076831718
31
498.3158263716897
12
6759.244607683172
22
275.4821076831718
32
2400
13
6759.244607683172
23
205.48210768317182
33
2400
0
LINE
5
EACD
330
E8BF
100
AcDbEntity
100
AcDbLine
8
MONTAJ_BORULARI
10
6689.244607683172
20
205.48210768317182
30
498.3158263716897
11
6759.244607683172
21
205.48210768317182
31
498.3158263716897
0
LINE
5
EACE
330
E8BF
100
AcDbEntity
100
AcDbLine
8
MONTAJ_BORULARI
10
6759.244607683172
20
205.48210768317182
30
498.3158263716897
11
6759.244607683172
21
275.4821076831718
31
498.3158263716897
0
LINE
5
EACF
330
E8BF
100
AcDbEntity
100
AcDbLine
8
MONTAJ_BORULARI
10
6759.244607683172
20
275.4821076831718
30
498.3158263716897
11
6689.244607683172
21
275.4821076831718
31
498.3158263716897
0
LINE
5
EAD0
330
E8BF
100
AcDbEntity
100
AcDbLine
8
MONTAJ_BORULARI
10
6689.244607683172
20
275.4821076831718
30
498.3158263716897
11
6689.244607683172
21
205.48210768317182
31
498.3158263716897
0
LINE
5
EAD1
330
E8BF
100
AcDbEntity
100
AcDbLine
8
MONTAJ_BORULARI
10
6689.244607683172
20
205.48210768317182
30
2400
11
6759.244607683172
21
205.48210768317182
31
2400
0
LINE
5
EAD2
330
E8BF
100
AcDbEntity
100
AcDbLine
8
MONTAJ_BORULARI
10
6759.244607683172
20
205.48210768317182
30
2400
11
6759.244607683172
21
275.4821076831718
31
2400
0
LINE
5
EAD3
330
E8BF
100
AcDbEntity
100
AcDbLine
8
MONTAJ_BORULARI
10
6759.244607683172
20
275.4821076831718
30
2400
11
6689.244607683172
21
275.4821076831718
31
2400
0
LINE
5
EAD4
330
E8BF
100
AcDbEntity
100
AcDbLine
8
MONTAJ_BORULARI
10
6689.244607683172
20
275.4821076831718
30
2400
11
6689.244607683172
21
205.48210768317182
31
2400
0
LINE
5
EAD5
330
E8BF
100
AcDbEntity
100
AcDbLine
8
MONTAJ_BORULARI
10
6689.244607683172
20
205.48210768317182
30
498.3158263716897
11
6689.244607683172
21
205.48210768317182
31
2400
0
LINE
5
EAD6
330
E8BF
100
AcDbEntity
100
AcDbLine
8
MONTAJ_BORULARI
10
6759.244607683172
20
205.48210768317182
30
498.3158263716897
11
6759.244607683172
21
205.48210768317182
31
2400
0
LINE
5
EAD7
330
E8BF
100
AcDbEntity
100
AcDbLine
8
MONTAJ_BORULARI
10
6759.244607683172
20
275.4821076831718
30
498.3158263716897
11
6759.244607683172
21
275.4821076831718
31
2400
0
LINE
5
EAD8
330
E8BF
100
AcDbEntity
100
AcDbLine
8
MONTAJ_BORULARI
10
6689.244607683172
20
275.4821076831718
30
498.3158263716897
11
6689.244607683172
21
275.4821076831718
31
2400
0
3DFACE
5
EB30
330
E8BF
100
AcDbEntity
100
AcDbFace
8
MONTAJ_BORULARI
10
8000
20
905.450233309374
30
-367.3419728264115
11
8026.940768363207
21
913.3410016725816
31
-359.451204463204
12
8026.940768363207
22
-359.45120446320385
32
913.3410016725816
13
8000
23
-367.34197282641134
33
905.4502333093741
0
3DFACE
5
EB31
330
E8BF
100
AcDbEntity
100
AcDbFace
8
MONTAJ_BORULARI
10
8026.940768363207
20
913.3410016725816
30
-359.451204463204
11
8038.1
21
932.3910016725815
31
-340.401204463204
12
8038.1
22
-340.40120446320384
32
932.3910016725815
13
8026.940768363207
23
-359.45120446320385
33
913.3410016725816
0
3DFACE
5
EB32
330
E8BF
100
AcDbEntity
100
AcDbFace
8
MONTAJ_BORULARI
10
8038.1
20
932.3910016725815
30
-340.401204463204
11
8026.940768363207
21
951.4410016725815
31
-321.35120446320406
12
8026.940768363207
22
-321.3512044632039
32
951.4410016725815
13
8038.1
23
-340.40120446320384
33
932.3910016725815
0
3DFACE
5
EB33
330
E8BF
100
AcDbEntity
100
AcDbFace
8
MONTAJ_BORULARI
10
8026.940768363207
20
951.4410016725815
30
-321.35120446320406
11
8000
21
959.331770035789
31
-313.4604360999965
12
8000
22
-313.4604360999964
32
959.3317700357891
13
8026.940768363207
23
-321.3512044632039
33
951.4410016725815
0
3DFACE
5
EB34
330
E8BF
100
AcDbEntity
100
AcDbFace
8
MONTAJ_BORULARI
10
8000
20
959.331770035789
30
-313.4604360999965
11
7973.059231636793
21
951.4410016725815
31
-321.35120446320406
12
7973.059231636793
22
-321.3512044632039
32
951.4410016725815
13
8000
23
-313.4604360999964
33
959.3317700357891
0
3DFACE
5
EB35
330
E8BF
100
AcDbEntity
100
AcDbFace
8
MONTAJ_BORULARI
10
7973.059231636793
20
951.4410016725815
30
-321.35120446320406
11
7961.9
21
932.3910016725815
31
-340.401204463204
12
7961.9
22
-340.40120446320384
32
932.3910016725815
13
7973.059231636793
23
-321.3512044632039
33
951.4410016725815
0
3DFACE
5
EB36
330
E8BF
100
AcDbEntity
100
AcDbFace
8
MONTAJ_BORULARI
10
7961.9
20
932.3910016725815
30
-340.401204463204
11
7973.059231636793
21
913.3410016725816
31
-359.451204463204
12
7973.059231636793
22
-359.45120446320385
32
913.3410016725816
13
7961.9
23
-340.40120446320384
33
932.3910016725815
0
3DFACE
5
EB37
330
E8BF
100
AcDbEntity
100
AcDbFace
8
MONTAJ_BORULARI
10
7973.059231636793
20
913.3410016725816
30
-359.451204463204
11
8000
21
905.450233309374
31
-367.3419728264115
12
8000
22
-367.34197282641134
32
905.4502333093741
13
7973.059231636793
23
-359.45120446320385
33
913.3410016725816
0
3DFACE
5
EB3A
330
E8BF
100
AcDbEntity
100
AcDbFace
8
MONTAJ_BORULARI
10
7965
20
463.3158263716897
30
93.67397083768788
11
8035
21
463.3158263716897
31
93.67397083768788
12
8035
22
533.3158263716897
32
93.67397083768788
13
7965
23
533.3158263716897
33
93.67397083768788
0
3DFACE
5
EB3B
330
E8BF
100
AcDbEntity
100
AcDbFace
8
MONTAJ_BORULARI
10
7965
20
463.3158263716897
30
2400
11
8035
21
463.3158263716897
31
2400
12
8035
22
533.3158263716897
32
2400
13
7965
23
533.3158263716897
33
2400
0
3DFACE
5
EB3C
330
E8BF
100
AcDbEntity
100
AcDbFace
8
MONTAJ_BORULARI
10
7965
20
463.3158263716897
30
93.67397083768788
11
8035
21
463.3158263716897
31
93.67397083768788
12
8035
22
463.3158263716897
32
2400
13
7965
23
463.3158263716897
33
2400
0
3DFACE
5
EB3D
330
E8BF
100
AcDbEntity
100
AcDbFace
8
MONTAJ_BORULARI
10
7965
20
533.3158263716897
30
93.67397083768788
11
8035
21
533.3158263716897
31
93.67397083768788
12
8035
22
533.3158263716897
32
2400
13
7965
23
533.3158263716897
33
2400
0
3DFACE
5
EB3E
330
E8BF
100
AcDbEntity
100
AcDbFace
8
MONTAJ_BORULARI
10
7965
20
463.3158263716897
30
93.67397083768788
11
7965
21
533.3158263716897
31
93.67397083768788
12
7965
22
533.3158263716897
32
2400
13
7965
23
463.3158263716897
33
2400
0
3DFACE
5
EB3F
330
E8BF
100
AcDbEntity
100
AcDbFace
8
MONTAJ_BORULARI
10
8035
20
463.3158263716897
30
93.67397083768788
11
8035
21
533.3158263716897
31
93.67397083768788
12
8035
22
533.3158263716897
32
2400
13
8035
23
463.3158263716897
33
2400
0
LINE
5
EB40
330
E8BF
100
AcDbEntity
100
AcDbLine
8
MONTAJ_BORULARI
10
7965
20
463.3158263716897
30
93.67397083768788
11
8035
21
463.3158263716897
31
93.67397083768788
0
LINE
5
EB41
330
E8BF
100
AcDbEntity
100
AcDbLine
8
MONTAJ_BORULARI
10
8035
20
463.3158263716897
30
93.67397083768788
11
8035
21
533.3158263716897
31
93.67397083768788
0
LINE
5
EB42
330
E8BF
100
AcDbEntity
100
AcDbLine
8
MONTAJ_BORULARI
10
8035
20
533.3158263716897
30
93.67397083768788
11
7965
21
533.3158263716897
31
93.67397083768788
0
LINE
5
EB43
330
E8BF
100
AcDbEntity
100
AcDbLine
8
MONTAJ_BORULARI
10
7965
20
533.3158263716897
30
93.67397083768788
11
7965
21
463.3158263716897
31
93.67397083768788
0
LINE
5
EB44
330
E8BF
100
AcDbEntity
100
AcDbLine
8
MONTAJ_BORULARI
10
7965
20
463.3158263716897
30
2400
11
8035
21
463.3158263716897
31
2400
0
LINE
5
EB45
330
E8BF
100
AcDbEntity
100
AcDbLine
8
MONTAJ_BORULARI
10
8035
20
463.3158263716897
30
2400
11
8035
21
533.3158263716897
31
2400
0
LINE
5
EB46
330
E8BF
100
AcDbEntity
100
AcDbLine
8
MONTAJ_BORULARI
10
8035
20
533.3158263716897
30
2400
11
7965
21
533.3158263716897
31
2400
0
LINE
5
EB47
330
E8BF
100
AcDbEntity
100
AcDbLine
8
MONTAJ_BORULARI
10
7965
20
533.3158263716897
30
2400
11
7965
21
463.3158263716897
31
2400
0
LINE
5
EB48
330
E8BF
100
AcDbEntity
100
AcDbLine
8
MONTAJ_BORULARI
10
7965
20
463.3158263716897
30
93.67397083768788
11
7965
21
463.3158263716897
31
2400
0
LINE
5
EB49
330
E8BF
100
AcDbEntity
100
AcDbLine
8
MONTAJ_BORULARI
10
8035
20
463.3158263716897
30
93.67397083768788
11
8035
21
463.3158263716897
31
2400
0
LINE
5
EB4A
330
E8BF
100
AcDbEntity
100
AcDbLine
8
MONTAJ_BORULARI
10
8035
20
533.3158263716897
30
93.67397083768788
11
8035
21
533.3158263716897
31
2400
0
LINE
5
EB4B
330
E8BF
100
AcDbEntity
100
AcDbLine
8
MONTAJ_BORULARI
10
7965
20
533.3158263716897
30
93.67397083768788
11
7965
21
533.3158263716897
31
2400
0
3DFACE
5
EB4C
330
E8BF
100
AcDbEntity
100
AcDbFace
8
MONTAJ_BORULARI
10
7965
20
58.67397083768796
30
498.3158263716897
11
8035
21
58.67397083768796
31
498.3158263716897
12
8035
22
128.67397083768796
32
498.3158263716897
13
7965
23
128.67397083768796
33
498.3158263716897
0
3DFACE
5
EB4D
330
E8BF
100
AcDbEntity
100
AcDbFace
8
MONTAJ_BORULARI
10
7965
20
58.67397083768796
30
2400
11
8035
21
58.67397083768796
31
2400
12
8035
22
128.67397083768796
32
2400
13
7965
23
128.67397083768796
33
2400
0
3DFACE
5
EB4E
330
E8BF
100
AcDbEntity
100
AcDbFace
8
MONTAJ_BORULARI
10
7965
20
58.67397083768796
30
498.3158263716897
11
8035
21
58.67397083768796
31
498.3158263716897
12
8035
22
58.67397083768796
32
2400
13
7965
23
58.67397083768796
33
2400
0
3DFACE
5
EB4F
330
E8BF
100
AcDbEntity
100
AcDbFace
8
MONTAJ_BORULARI
10
7965
20
128.67397083768796
30
498.3158263716897
11
8035
21
128.67397083768796
31
498.3158263716897
12
8035
22
128.67397083768796
32
2400
13
7965
23
128.67397083768796
33
2400
0
3DFACE
5
EB50
330
E8BF
100
AcDbEntity
100
AcDbFace
8
MONTAJ_BORULARI
10
7965
20
58.67397083768796
30
498.3158263716897
11
7965
21
128.67397083768796
31
498.3158263716897
12
7965
22
128.67397083768796
32
2400
13
7965
23
58.67397083768796
33
2400
0
3DFACE
5
EB51
330
E8BF
100
AcDbEntity
100
AcDbFace
8
MONTAJ_BORULARI
10
8035
20
58.67397083768796
30
498.3158263716897
11
8035
21
128.67397083768796
31
498.3158263716897
12
8035
22
128.67397083768796
32
2400
13
8035
23
58.67397083768796
33
2400
0
LINE
5
EB52
330
E8BF
100
AcDbEntity
100
AcDbLine
8
MONTAJ_BORULARI
10
7965
20
58.67397083768796
30
498.3158263716897
11
8035
21
58.67397083768796
31
498.3158263716897
0
LINE
5
EB53
330
E8BF
100
AcDbEntity
100
AcDbLine
8
MONTAJ_BORULARI
10
8035
20
58.67397083768796
30
498.3158263716897
11
8035
21
128.67397083768796
31
498.3158263716897
0
LINE
5
EB54
330
E8BF
100
AcDbEntity
100
AcDbLine
8
MONTAJ_BORULARI
10
8035
20
128.67397083768796
30
498.3158263716897
11
7965
21
128.67397083768796
31
498.3158263716897
0
LINE
5
EB55
330
E8BF
100
AcDbEntity
100
AcDbLine
8
MONTAJ_BORULARI
10
7965
20
128.67397083768796
30
498.3158263716897
11
7965
21
58.67397083768796
31
498.3158263716897
0
LINE
5
EB56
330
E8BF
100
AcDbEntity
100
AcDbLine
8
MONTAJ_BORULARI
10
7965
20
58.67397083768796
30
2400
11
8035
21
58.67397083768796
31
2400
0
LINE
5
EB57
330
E8BF
100
AcDbEntity
100
AcDbLine
8
MONTAJ_BORULARI
10
8035
20
58.67397083768796
30
2400
11
8035
21
128.67397083768796
31
2400
0
LINE
5
EB58
330
E8BF
100
AcDbEntity
100
AcDbLine
8
MONTAJ_BORULARI
10
8035
20
128.67397083768796
30
2400
11
7965
21
128.67397083768796
31
2400
0
LINE
5
EB59
330
E8BF
100
AcDbEntity
100
AcDbLine
8
MONTAJ_BORULARI
10
7965
20
128.67397083768796
30
2400
11
7965
21
58.67397083768796
31
2400
0
LINE
5
EB5A
330
E8BF
100
AcDbEntity
100
AcDbLine
8
MONTAJ_BORULARI
10
7965
20
58.67397083768796
30
498.3158263716897
11
7965
21
58.67397083768796
31
2400
0
LINE
5
EB5B
330
E8BF
100
AcDbEntity
100
AcDbLine
8
MONTAJ_BORULARI
10
8035
20
58.67397083768796
30
498.3158263716897
11
8035
21
58.67397083768796
31
2400
0
LINE
5
EB5C
330
E8BF
100
AcDbEntity
100
AcDbLine
8
MONTAJ_BORULARI
10
8035
20
128.67397083768796
30
498.3158263716897
11
8035
21
128.67397083768796
31
2400
0
LINE
5
EB5D
330
E8BF
100
AcDbEntity
100
AcDbLine
8
MONTAJ_BORULARI
10
7965
20
128.67397083768796
30
498.3158263716897
11
7965
21
128.67397083768796
31
2400
0
3DFACE
5
EBB5
330
E8BF
100
AcDbEntity
100
AcDbFace
8
MONTAJ_BORULARI
10
9065.652235227013
20
1024.5977647729867
30
-367.3419728264115
11
9089.632738036216
21
1039.1924456663673
31
-359.451204463204
12
9419.05560144221
22
-190.23041773962746
32
913.3410016725816
13
9395.075098633008
23
-204.82509863300783
33
905.4502333093741
0
3DFACE
5
EBB6
330
E8BF
100
AcDbEntity
100
AcDbFace
8
MONTAJ_BORULARI
10
9089.632738036216
20
1039.1924456663673
30
-359.451204463204
11
9095.481225266532
21
1060.4815543334864
31
-340.401204463204
12
9424.904088672527
22
-168.94130907250826
32
932.3910016725815
13
9419.05560144221
23
-190.23041773962746
33
913.3410016725816
0
3DFACE
5
EBB7
330
E8BF
100
AcDbEntity
100
AcDbFace
8
MONTAJ_BORULARI
10
9095.481225266532
20
1060.4815543334864
30
-340.401204463204
11
9079.77173241781
21
1075.9942196479806
31
-321.35120446320406
12
9409.194595823805
22
-153.428643758014
32
951.4410016725815
13
9424.904088672527
23
-168.94130907250826
33
932.3910016725815
0
3DFACE
5
EBB8
330
E8BF
100
AcDbEntity
100
AcDbFace
8
MONTAJ_BORULARI
10
9079.77173241781
20
1075.9942196479806
30
-321.35120446320406
11
9051.706667342825
21
1076.643332657174
31
-313.4604360999965
12
9381.12953074882
22
-152.77953074882072
32
959.3317700357891
13
9409.194595823805
23
-153.428643758014
33
951.4410016725815
0
3DFACE
5
EBB9
330
E8BF
100
AcDbEntity
100
AcDbFace
8
MONTAJ_BORULARI
10
9051.706667342825
20
1076.643332657174
30
-313.4604360999965
11
9027.726164533624
21
1062.0486517637937
31
-321.35120446320406
12
9357.149027939618
22
-167.3742116422011
32
951.4410016725815
13
9381.12953074882
23
-152.77953074882072
33
959.3317700357891
0
3DFACE
5
EBBA
330
E8BF
100
AcDbEntity
100
AcDbFace
8
MONTAJ_BORULARI
10
9027.726164533624
20
1062.0486517637937
30
-321.35120446320406
11
9021.877677303306
21
1040.7595430966744
31
-340.401204463204
12
9351.3005407093
22
-188.66332030932028
32
932.3910016725815
13
9357.149027939618
23
-167.3742116422011
33
951.4410016725815
0
3DFACE
5
EBBB
330
E8BF
100
AcDbEntity
100
AcDbFace
8
MONTAJ_BORULARI
10
9021.877677303306
20
1040.7595430966744
30
-340.401204463204
11
9037.587170152028
21
1025.24687778218
31
-359.451204463204
12
9367.010033558025
22
-204.17598562381454
32
913.3410016725816
13
9351.3005407093
23
-188.66332030932028
33
932.3910016725815
0
3DFACE
5
EBBC
330
E8BF
100
AcDbEntity
100
AcDbFace
8
MONTAJ_BORULARI
10
9037.587170152028
20
1025.24687778218
30
-359.451204463204
11
9065.652235227013
21
1024.5977647729867
31
-367.3419728264115
12
9395.075098633008
22
-204.82509863300783
32
905.4502333093741
13
9367.010033558025
23
-204.17598562381454
33
913.3410016725816
0
3DFACE
5
EBBF
330
E8BF
100
AcDbEntity
100
AcDbFace
8
MONTAJ_BORULARI
10
9136.026373659006
20
596.3361263409943
30
93.67397083768788
11
9206.026373659006
21
596.3361263409943
31
93.67397083768788
12
9206.026373659006
22
666.3361263409943
32
93.67397083768788
13
9136.026373659006
23
666.3361263409943
33
93.67397083768788
0
3DFACE
5
EBC0
330
E8BF
100
AcDbEntity
100
AcDbFace
8
MONTAJ_BORULARI
10
9136.026373659006
20
596.3361263409943
30
2400
11
9206.026373659006
21
596.3361263409943
31
2400
12
9206.026373659006
22
666.3361263409943
32
2400
13
9136.026373659006
23
666.3361263409943
33
2400
0
3DFACE
5
EBC1
330
E8BF
100
AcDbEntity
100
AcDbFace
8
MONTAJ_BORULARI
10
9136.026373659006
20
596.3361263409943
30
93.67397083768788
11
9206.026373659006
21
596.3361263409943
31
93.67397083768788
12
9206.026373659006
22
596.3361263409943
32
2400
13
9136.026373659006
23
596.3361263409943
33
2400
0
3DFACE
5
EBC2
330
E8BF
100
AcDbEntity
100
AcDbFace
8
MONTAJ_BORULARI
10
9136.026373659006
20
666.3361263409943
30
93.67397083768788
11
9206.026373659006
21
666.3361263409943
31
93.67397083768788
12
9206.026373659006
22
666.3361263409943
32
2400
13
9136.026373659006
23
666.3361263409943
33
2400
0
3DFACE
5
EBC3
330
E8BF
100
AcDbEntity
100
AcDbFace
8
MONTAJ_BORULARI
10
9136.026373659006
20
596.3361263409943
30
93.67397083768788
11
9136.026373659006
21
666.3361263409943
31
93.67397083768788
12
9136.026373659006
22
666.3361263409943
32
2400
13
9136.026373659006
23
596.3361263409943
33
2400
0
3DFACE
5
EBC4
330
E8BF
100
AcDbEntity
100
AcDbFace
8
MONTAJ_BORULARI
10
9206.026373659006
20
596.3361263409943
30
93.67397083768788
11
9206.026373659006
21
666.3361263409943
31
93.67397083768788
12
9206.026373659006
22
666.3361263409943
32
2400
13
9206.026373659006
23
596.3361263409943
33
2400
0
LINE
5
EBC5
330
E8BF
100
AcDbEntity
100
AcDbLine
8
MONTAJ_BORULARI
10
9136.026373659006
20
596.3361263409943
30
93.67397083768788
11
9206.026373659006
21
596.3361263409943
31
93.67397083768788
0
LINE
5
EBC6
330
E8BF
100
AcDbEntity
100
AcDbLine
8
MONTAJ_BORULARI
10
9206.026373659006
20
596.3361263409943
30
93.67397083768788
11
9206.026373659006
21
666.3361263409943
31
93.67397083768788
0
LINE
5
EBC7
330
E8BF
100
AcDbEntity
100
AcDbLine
8
MONTAJ_BORULARI
10
9206.026373659006
20
666.3361263409943
30
93.67397083768788
11
9136.026373659006
21
666.3361263409943
31
93.67397083768788
0
LINE
5
EBC8
330
E8BF
100
AcDbEntity
100
AcDbLine
8
MONTAJ_BORULARI
10
9136.026373659006
20
666.3361263409943
30
93.67397083768788
11
9136.026373659006
21
596.3361263409943
31
93.67397083768788
0
LINE
5
EBC9
330
E8BF
100
AcDbEntity
100
AcDbLine
8
MONTAJ_BORULARI
10
9136.026373659006
20
596.3361263409943
30
2400
11
9206.026373659006
21
596.3361263409943
31
2400
0
LINE
5
EBCA
330
E8BF
100
AcDbEntity
100
AcDbLine
8
MONTAJ_BORULARI
10
9206.026373659006
20
596.3361263409943
30
2400
11
9206.026373659006
21
666.3361263409943
31
2400
0
LINE
5
EBCB
330
E8BF
100
AcDbEntity
100
AcDbLine
8
MONTAJ_BORULARI
10
9206.026373659006
20
666.3361263409943
30
2400
11
9136.026373659006
21
666.3361263409943
31
2400
0
LINE
5
EBCC
330
E8BF
100
AcDbEntity
100
AcDbLine
8
MONTAJ_BORULARI
10
9136.026373659006
20
666.3361263409943
30
2400
11
9136.026373659006
21
596.3361263409943
31
2400
0
LINE
5
EBCD
330
E8BF
100
AcDbEntity
100
AcDbLine
8
MONTAJ_BORULARI
10
9136.026373659006
20
596.3361263409943
30
93.67397083768788
11
9136.026373659006
21
596.3361263409943
31
2400
0
LINE
5
EBCE
330
E8BF
100
AcDbEntity
100
AcDbLine
8
MONTAJ_BORULARI
10
9206.026373659006
20
596.3361263409943
30
93.67397083768788
11
9206.026373659006
21
596.3361263409943
31
2400
0
LINE
5
EBCF
330
E8BF
100
AcDbEntity
100
AcDbLine
8
MONTAJ_BORULARI
10
9206.026373659006
20
666.3361263409943
30
93.67397083768788
11
9206.026373659006
21
666.3361263409943
31
2400
0
LINE
5
EBD0
330
E8BF
100
AcDbEntity
100
AcDbLine
8
MONTAJ_BORULARI
10
9136.026373659006
20
666.3361263409943
30
93.67397083768788
11
9136.026373659006
21
666.3361263409943
31
2400
0
3DFACE
5
EBD1
330
E8BF
100
AcDbEntity
100
AcDbFace
8
MONTAJ_BORULARI
10
9240.755392316829
20
205.48210768317182
30
498.3158263716897
11
9310.755392316829
21
205.48210768317182
31
498.3158263716897
12
9310.755392316829
22
275.4821076831718
32
498.3158263716897
13
9240.755392316829
23
275.4821076831718
33
498.3158263716897
0
3DFACE
5
EBD2
330
E8BF
100
AcDbEntity
100
AcDbFace
8
MONTAJ_BORULARI
10
9240.755392316829
20
205.48210768317182
30
2400
11
9310.755392316829
21
205.48210768317182
31
2400
12
9310.755392316829
22
275.4821076831718
32
2400
13
9240.755392316829
23
275.4821076831718
33
2400
0
3DFACE
5
EBD3
330
E8BF
100
AcDbEntity
100
AcDbFace
8
MONTAJ_BORULARI
10
9240.755392316829
20
205.48210768317182
30
498.3158263716897
11
9310.755392316829
21
205.48210768317182
31
498.3158263716897
12
9310.755392316829
22
205.48210768317182
32
2400
13
9240.755392316829
23
205.48210768317182
33
2400
0
3DFACE
5
EBD4
330
E8BF
100
AcDbEntity
100
AcDbFace
8
MONTAJ_BORULARI
10
9240.755392316829
20
275.4821076831718
30
498.3158263716897
11
9310.755392316829
21
275.4821076831718
31
498.3158263716897
12
9310.755392316829
22
275.4821076831718
32
2400
13
9240.755392316829
23
275.4821076831718
33
2400
0
3DFACE
5
EBD5
330
E8BF
100
AcDbEntity
100
AcDbFace
8
MONTAJ_BORULARI
10
9240.755392316829
20
205.48210768317182
30
498.3158263716897
11
9240.755392316829
21
275.4821076831718
31
498.3158263716897
12
9240.755392316829
22
275.4821076831718
32
2400
13
9240.755392316829
23
205.48210768317182
33
2400
0
3DFACE
5
EBD6
330
E8BF
100
AcDbEntity
100
AcDbFace
8
MONTAJ_BORULARI
10
9310.755392316829
20
205.48210768317182
30
498.3158263716897
11
9310.755392316829
21
275.4821076831718
31
498.3158263716897
12
9310.755392316829
22
275.4821076831718
32
2400
13
9310.755392316829
23
205.48210768317182
33
2400
0
LINE
5
EBD7
330
E8BF
100
AcDbEntity
100
AcDbLine
8
MONTAJ_BORULARI
10
9240.755392316829
20
205.48210768317182
30
498.3158263716897
11
9310.755392316829
21
205.48210768317182
31
498.3158263716897
0
LINE
5
EBD8
330
E8BF
100
AcDbEntity
100
AcDbLine
8
MONTAJ_BORULARI
10
9310.755392316829
20
205.48210768317182
30
498.3158263716897
11
9310.755392316829
21
275.4821076831718
31
498.3158263716897
0
LINE
5
EBD9
330
E8BF
100
AcDbEntity
100
AcDbLine
8
MONTAJ_BORULARI
10
9310.755392316829
20
275.4821076831718
30
498.3158263716897
11
9240.755392316829
21
275.4821076831718
31
498.3158263716897
0
LINE
5
EBDA
330
E8BF
100
AcDbEntity
100
AcDbLine
8
MONTAJ_BORULARI
10
9240.755392316829
20
275.4821076831718
30
498.3158263716897
11
9240.755392316829
21
205.48210768317182
31
498.3158263716897
0
LINE
5
EBDB
330
E8BF
100
AcDbEntity
100
AcDbLine
8
MONTAJ_BORULARI
10
9240.755392316829
20
205.48210768317182
30
2400
11
9310.755392316829
21
205.48210768317182
31
2400
0
LINE
5
EBDC
330
E8BF
100
AcDbEntity
100
AcDbLine
8
MONTAJ_BORULARI
10
9310.755392316829
20
205.48210768317182
30
2400
11
9310.755392316829
21
275.4821076831718
31
2400
0
LINE
5
EBDD
330
E8BF
100
AcDbEntity
100
AcDbLine
8
MONTAJ_BORULARI
10
9310.755392316829
20
275.4821076831718
30
2400
11
9240.755392316829
21
275.4821076831718
31
2400
0
LINE
5
EBDE
330
E8BF
100
AcDbEntity
100
AcDbLine
8
MONTAJ_BORULARI
10
9240.755392316829
20
275.4821076831718
30
2400
11
9240.755392316829
21
205.48210768317182
31
2400
0
LINE
5
EBDF
330
E8BF
100
AcDbEntity
100
AcDbLine
8
MONTAJ_BORULARI
10
9240.755392316829
20
205.48210768317182
30
498.3158263716897
11
9240.755392316829
21
205.48210768317182
31
2400
0
LINE
5
EBE0
330
E8BF
100
AcDbEntity
100
AcDbLine
8
MONTAJ_BORULARI
10
9310.755392316829
20
205.48210768317182
30
498.3158263716897
11
9310.755392316829
21
205.48210768317182
31
2400
0
LINE
5
EBE1
330
E8BF
100
AcDbEntity
100
AcDbLine
8
MONTAJ_BORULARI
10
9310.755392316829
20
275.4821076831718
30
498.3158263716897
11
9310.755392316829
21
275.4821076831718
31
2400
0
LINE
5
EBE2
330
E8BF
100
AcDbEntity
100
AcDbLine
8
MONTAJ_BORULARI
10
9240.755392316829
20
275.4821076831718
30
498.3158263716897
11
9240.755392316829
21
275.4821076831718
31
2400
0
3DFACE
5
EC1A
330
E8BF
100
AcDbEntity
100
AcDbFace
8
MONTAJ_BORULARI
10
16000
20
0
30
3550
11
20000
21
0
31
3550
12
20000
22
-1.8369701987210297e-13
32
3550
13
16000
23
-1.8369701987210297e-13
33
3550
0
3DFACE
5
EC1B
330
E8BF
100
AcDbEntity
100
AcDbFace
8
MONTAJ_BORULARI
10
16000
20
287.01257427381734
30
3492.909649383465
11
20000
21
287.01257427381734
31
3492.909649383465
12
20000
22
-3.6739403974420595e-13
32
3550
13
16000
23
-3.6739403974420595e-13
33
3550
0
3DFACE
5
EC1C
330
E8BF
100
AcDbEntity
100
AcDbFace
8
MONTAJ_BORULARI
10
16000
20
530.3300858899106
30
3330.3300858899106
11
20000
21
530.3300858899106
31
3330.3300858899106
12
20000
22
-5.510910596163089e-13
32
3550
13
16000
23
-5.510910596163089e-13
33
3550
0
3DFACE
5
EC1D
330
E8BF
100
AcDbEntity
100
AcDbFace
8
MONTAJ_BORULARI
10
16000
20
692.9096493834651
30
3087.0125742738173
11
20000
21
692.9096493834651
31
3087.0125742738173
12
20000
22
-7.347880794884119e-13
32
3550
13
16000
23
-7.347880794884119e-13
33
3550
0
3DFACE
5
EC1E
330
E8BF
100
AcDbEntity
100
AcDbFace
8
MONTAJ_BORULARI
10
16000
20
750
30
2800
11
20000
21
750
31
2800
12
20000
22
-9.18485099360515e-13
32
3550
13
16000
23
-9.18485099360515e-13
33
3550
0
3DFACE
5
EC1F
330
E8BF
100
AcDbEntity
100
AcDbFace
8
MONTAJ_BORULARI
10
16000
20
692.9096493834651
30
2512.9874257261827
11
20000
21
692.9096493834651
31
2512.9874257261827
12
20000
22
-1.1021821192326177e-12
32
3550
13
16000
23
-1.1021821192326177e-12
33
3550
0
3DFACE
5
EC20
330
E8BF
100
AcDbEntity
100
AcDbFace
8
MONTAJ_BORULARI
10
16000
20
530.3300858899107
30
2269.6699141100894
11
20000
21
530.3300858899107
31
2269.6699141100894
12
20000
22
-1.2858791391047208e-12
32
3550
13
16000
23
-1.2858791391047208e-12
33
3550
0
3DFACE
5
EC21
330
E8BF
100
AcDbEntity
100
AcDbFace
8
MONTAJ_BORULARI
10
16000
20
287.0125742738174
30
2107.090350616535
11
20000
21
287.0125742738174
31
2107.090350616535
12
20000
22
-1.4695761589768238e-12
32
3550
13
16000
23
-1.4695761589768238e-12
33
3550
0
3DFACE
5
EC22
330
E8BF
100
AcDbEntity
100
AcDbFace
8
MONTAJ_BORULARI
10
16000
20
9.184850993605149e-14
30
2050
11
20000
21
9.184850993605149e-14
31
2050
12
20000
22
-1.6532731788489268e-12
32
3550
13
16000
23
-1.6532731788489268e-12
33
3550
0
3DFACE
5
EC23
330
E8BF
100
AcDbEntity
100
AcDbFace
8
MONTAJ_BORULARI
10
16000
20
-287.0125742738173
30
2107.090350616535
11
20000
21
-287.0125742738173
31
2107.090350616535
12
20000
22
-1.83697019872103e-12
32
3550
13
16000
23
-1.83697019872103e-12
33
3550
0
3DFACE
5
EC24
330
E8BF
100
AcDbEntity
100
AcDbFace
8
MONTAJ_BORULARI
10
16000
20
-530.3300858899106
30
2269.6699141100894
11
20000
21
-530.3300858899106
31
2269.6699141100894
12
20000
22
-7.349737736793883e-12
32
3550
13
16000
23
-7.349737736793883e-12
33
3550
0
3DFACE
5
EC25
330
E8BF
100
AcDbEntity
100
AcDbFace
8
MONTAJ_BORULARI
10
16000
20
-692.9096493834649
30
2512.987425726182
11
20000
21
-692.9096493834649
31
2512.987425726182
12
20000
22
-2.2043642384652355e-12
32
3550
13
16000
23
-2.2043642384652355e-12
33
3550
0
3DFACE
5
EC26
330
E8BF
100
AcDbEntity
100
AcDbFace
8
MONTAJ_BORULARI
10
16000
20
-750
30
2800
11
20000
21
-750
31
2800
12
20000
22
2.9410092598634125e-12
32
3550
13
16000
23
2.9410092598634125e-12
33
3550
0
3DFACE
5
EC27
330
E8BF
100
AcDbEntity
100
AcDbFace
8
MONTAJ_BORULARI
10
16000
20
-692.909649383465
30
3087.0125742738173
11
20000
21
-692.909649383465
31
3087.0125742738173
12
20000
22
-2.5717582782094415e-12
32
3550
13
16000
23
-2.5717582782094415e-12
33
3550
0
3DFACE
5
EC28
330
E8BF
100
AcDbEntity
100
AcDbFace
8
MONTAJ_BORULARI
10
16000
20
-530.3300858899107
30
3330.3300858899106
11
20000
21
-530.3300858899107
31
3330.3300858899106
12
20000
22
-8.084525816282296e-12
32
3550
13
16000
23
-8.084525816282296e-12
33
3550
0
3DFACE
5
EC29
330
E8BF
100
AcDbEntity
100
AcDbFace
8
MONTAJ_BORULARI
10
16000
20
-287.0125742738178
30
3492.909649383465
11
20000
21
-287.0125742738178
31
3492.909649383465
12
20000
22
0
32
3550
13
16000
23
0
33
3550
0
3DFACE
5
EC3C
330
E8BF
100
AcDbEntity
100
AcDbFace
8
MONTAJ_BORULARI
10
17943
20
-57
30
-40
11
18057
21
-57
31
-40
12
18057
22
57
32
-40
13
17943
23
57
33
-40
0
3DFACE
5
EC3D
330
E8BF
100
AcDbEntity
100
AcDbFace
8
MONTAJ_BORULARI
10
17943
20
-57
30
2050
11
18057
21
-57
31
2050
12
18057
22
57
32
2050
13
17943
23
57
33
2050
0
3DFACE
5
EC3E
330
E8BF
100
AcDbEntity
100
AcDbFace
8
MONTAJ_BORULARI
10
17943
20
-57
30
-40
11
18057
21
-57
31
-40
12
18057
22
-57
32
2050
13
17943
23
-57
33
2050
0
3DFACE
5
EC3F
330
E8BF
100
AcDbEntity
100
AcDbFace
8
MONTAJ_BORULARI
10
17943
20
57
30
-40
11
18057
21
57
31
-40
12
18057
22
57
32
2050
13
17943
23
57
33
2050
0
3DFACE
5
EC40
330
E8BF
100
AcDbEntity
100
AcDbFace
8
MONTAJ_BORULARI
10
17943
20
-57
30
-40
11
17943
21
57
31
-40
12
17943
22
57
32
2050
13
17943
23
-57
33
2050
0
3DFACE
5
EC41
330
E8BF
100
AcDbEntity
100
AcDbFace
8
MONTAJ_BORULARI
10
18057
20
-57
30
-40
11
18057
21
57
31
-40
12
18057
22
57
32
2050
13
18057
23
-57
33
2050
0
LINE
5
EC42
330
E8BF
100
AcDbEntity
100
AcDbLine
8
MONTAJ_BORULARI
10
17943
20
-57
30
-40
11
18057
21
-57
31
-40
0
LINE
5
EC43
330
E8BF
100
AcDbEntity
100
AcDbLine
8
MONTAJ_BORULARI
10
18057
20
-57
30
-40
11
18057
21
57
31
-40
0
LINE
5
EC44
330
E8BF
100
AcDbEntity
100
AcDbLine
8
MONTAJ_BORULARI
10
18057
20
57
30
-40
11
17943
21
57
31
-40
0
LINE
5
EC45
330
E8BF
100
AcDbEntity
100
AcDbLine
8
MONTAJ_BORULARI
10
17943
20
57
30
-40
11
17943
21
-57
31
-40
0
LINE
5
EC46
330
E8BF
100
AcDbEntity
100
AcDbLine
8
MONTAJ_BORULARI
10
17943
20
-57
30
2050
11
18057
21
-57
31
2050
0
LINE
5
EC47
330
E8BF
100
AcDbEntity
100
AcDbLine
8
MONTAJ_BORULARI
10
18057
20
-57
30
2050
11
18057
21
57
31
2050
0
LINE
5
EC48
330
E8BF
100
AcDbEntity
100
AcDbLine
8
MONTAJ_BORULARI
10
18057
20
57
30
2050
11
17943
21
57
31
2050
0
LINE
5
EC49
330
E8BF
100
AcDbEntity
100
AcDbLine
8
MONTAJ_BORULARI
10
17943
20
57
30
2050
11
17943
21
-57
31
2050
0
LINE
5
EC4A
330
E8BF
100
AcDbEntity
100
AcDbLine
8
MONTAJ_BORULARI
10
17943
20
-57
30
-40
11
17943
21
-57
31
2050
0
LINE
5
EC4B
330
E8BF
100
AcDbEntity
100
AcDbLine
8
MONTAJ_BORULARI
10
18057
20
-57
30
-40
11
18057
21
-57
31
2050
0
LINE
5
EC4C
330
E8BF
100
AcDbEntity
100
AcDbLine
8
MONTAJ_BORULARI
10
18057
20
57
30
-40
11
18057
21
57
31
2050
0
LINE
5
EC4D
330
E8BF
100
AcDbEntity
100
AcDbLine
8
MONTAJ_BORULARI
10
17943
20
57
30
-40
11
17943
21
57
31
2050
0
3DFACE
5
EC80
330
E8BF
100
AcDbEntity
100
AcDbFace
8
MONTAJ_BORULARI
10
18000
20
905.450233309374
30
482.6580271735885
11
18026.94076836321
21
913.3410016725816
31
490.548795536796
12
18026.94076836321
22
-359.45120446320385
32
1763.3410016725816
13
18000
23
-367.34197282641134
33
1755.4502333093742
0
3DFACE
5
EC81
330
E8BF
100
AcDbEntity
100
AcDbFace
8
MONTAJ_BORULARI
10
18026.94076836321
20
913.3410016725816
30
490.548795536796
11
18038.1
21
932.3910016725815
31
509.598795536796
12
18038.1
22
-340.40120446320384
32
1782.3910016725815
13
18026.94076836321
23
-359.45120446320385
33
1763.3410016725816
0
3DFACE
5
EC82
330
E8BF
100
AcDbEntity
100
AcDbFace
8
MONTAJ_BORULARI
10
18038.1
20
932.3910016725815
30
509.598795536796
11
18026.94076836321
21
951.4410016725815
31
528.6487955367959
12
18026.94076836321
22
-321.3512044632039
32
1801.4410016725815
13
18038.1
23
-340.40120446320384
33
1782.3910016725815
0
3DFACE
5
EC83
330
E8BF
100
AcDbEntity
100
AcDbFace
8
MONTAJ_BORULARI
10
18026.94076836321
20
951.4410016725815
30
528.6487955367959
11
18000
21
959.331770035789
31
536.5395639000035
12
18000
22
-313.4604360999964
32
1809.331770035789
13
18026.94076836321
23
-321.3512044632039
33
1801.4410016725815
0
3DFACE
5
EC84
330
E8BF
100
AcDbEntity
100
AcDbFace
8
MONTAJ_BORULARI
10
18000
20
959.331770035789
30
536.5395639000035
11
17973.05923163679
21
951.4410016725815
31
528.6487955367959
12
17973.05923163679
22
-321.3512044632039
32
1801.4410016725815
13
18000
23
-313.4604360999964
33
1809.331770035789
0
3DFACE
5
EC85
330
E8BF
100
AcDbEntity
100
AcDbFace
8
MONTAJ_BORULARI
10
17973.05923163679
20
951.4410016725815
30
528.6487955367959
11
17961.9
21
932.3910016725815
31
509.598795536796
12
17961.9
22
-340.40120446320384
32
1782.3910016725815
13
17973.05923163679
23
-321.3512044632039
33
1801.4410016725815
0
3DFACE
5
EC86
330
E8BF
100
AcDbEntity
100
AcDbFace
8
MONTAJ_BORULARI
10
17961.9
20
932.3910016725815
30
509.598795536796
11
17973.05923163679
21
913.3410016725816
31
490.548795536796
12
17973.05923163679
22
-359.45120446320385
32
1763.3410016725816
13
17961.9
23
-340.40120446320384
33
1782.3910016725815
0
3DFACE
5
EC87
330
E8BF
100
AcDbEntity
100
AcDbFace
8
MONTAJ_BORULARI
10
17973.05923163679
20
913.3410016725816
30
490.548795536796
11
18000
21
905.450233309374
31
482.6580271735885
12
18000
22
-367.34197282641134
32
1755.4502333093742
13
17973.05923163679
23
-359.45120446320385
33
1763.3410016725816
0
3DFACE
5
EC8A
330
E8BF
100
AcDbEntity
100
AcDbFace
8
MONTAJ_BORULARI
10
17965
20
463.3158263716897
30
943.6739708376879
11
18035
21
463.3158263716897
31
943.6739708376879
12
18035
22
533.3158263716897
32
943.6739708376879
13
17965
23
533.3158263716897
33
943.6739708376879
0
3DFACE
5
EC8B
330
E8BF
100
AcDbEntity
100
AcDbFace
8
MONTAJ_BORULARI
10
17965
20
463.3158263716897
30
3250
11
18035
21
463.3158263716897
31
3250
12
18035
22
533.3158263716897
32
3250
13
17965
23
533.3158263716897
33
3250
0
3DFACE
5
EC8C
330
E8BF
100
AcDbEntity
100
AcDbFace
8
MONTAJ_BORULARI
10
17965
20
463.3158263716897
30
943.6739708376879
11
18035
21
463.3158263716897
31
943.6739708376879
12
18035
22
463.3158263716897
32
3250
13
17965
23
463.3158263716897
33
3250
0
3DFACE
5
EC8D
330
E8BF
100
AcDbEntity
100
AcDbFace
8
MONTAJ_BORULARI
10
17965
20
533.3158263716897
30
943.6739708376879
11
18035
21
533.3158263716897
31
943.6739708376879
12
18035
22
533.3158263716897
32
3250
13
17965
23
533.3158263716897
33
3250
0
3DFACE
5
EC8E
330
E8BF
100
AcDbEntity
100
AcDbFace
8
MONTAJ_BORULARI
10
17965
20
463.3158263716897
30
943.6739708376879
11
17965
21
533.3158263716897
31
943.6739708376879
12
17965
22
533.3158263716897
32
3250
13
17965
23
463.3158263716897
33
3250
0
3DFACE
5
EC8F
330
E8BF
100
AcDbEntity
100
AcDbFace
8
MONTAJ_BORULARI
10
18035
20
463.3158263716897
30
943.6739708376879
11
18035
21
533.3158263716897
31
943.6739708376879
12
18035
22
533.3158263716897
32
3250
13
18035
23
463.3158263716897
33
3250
0
LINE
5
EC90
330
E8BF
100
AcDbEntity
100
AcDbLine
8
MONTAJ_BORULARI
10
17965
20
463.3158263716897
30
943.6739708376879
11
18035
21
463.3158263716897
31
943.6739708376879
0
LINE
5
EC91
330
E8BF
100
AcDbEntity
100
AcDbLine
8
MONTAJ_BORULARI
10
18035
20
463.3158263716897
30
943.6739708376879
11
18035
21
533.3158263716897
31
943.6739708376879
0
LINE
5
EC92
330
E8BF
100
AcDbEntity
100
AcDbLine
8
MONTAJ_BORULARI
10
18035
20
533.3158263716897
30
943.6739708376879
11
17965
21
533.3158263716897
31
943.6739708376879
0
LINE
5
EC93
330
E8BF
100
AcDbEntity
100
AcDbLine
8
MONTAJ_BORULARI
10
17965
20
533.3158263716897
30
943.6739708376879
11
17965
21
463.3158263716897
31
943.6739708376879
0
LINE
5
EC94
330
E8BF
100
AcDbEntity
100
AcDbLine
8
MONTAJ_BORULARI
10
17965
20
463.3158263716897
30
3250
11
18035
21
463.3158263716897
31
3250
0
LINE
5
EC95
330
E8BF
100
AcDbEntity
100
AcDbLine
8
MONTAJ_BORULARI
10
18035
20
463.3158263716897
30
3250
11
18035
21
533.3158263716897
31
3250
0
LINE
5
EC96
330
E8BF
100
AcDbEntity
100
AcDbLine
8
MONTAJ_BORULARI
10
18035
20
533.3158263716897
30
3250
11
17965
21
533.3158263716897
31
3250
0
LINE
5
EC97
330
E8BF
100
AcDbEntity
100
AcDbLine
8
MONTAJ_BORULARI
10
17965
20
533.3158263716897
30
3250
11
17965
21
463.3158263716897
31
3250
0
LINE
5
EC98
330
E8BF
100
AcDbEntity
100
AcDbLine
8
MONTAJ_BORULARI
10
17965
20
463.3158263716897
30
943.6739708376879
11
17965
21
463.3158263716897
31
3250
0
LINE
5
EC99
330
E8BF
100
AcDbEntity
100
AcDbLine
8
MONTAJ_BORULARI
10
18035
20
463.3158263716897
30
943.6739708376879
11
18035
21
463.3158263716897
31
3250
0
LINE
5
EC9A
330
E8BF
100
AcDbEntity
100
AcDbLine
8
MONTAJ_BORULARI
10
18035
20
533.3158263716897
30
943.6739708376879
11
18035
21
533.3158263716897
31
3250
0
LINE
5
EC9B
330
E8BF
100
AcDbEntity
100
AcDbLine
8
MONTAJ_BORULARI
10
17965
20
533.3158263716897
30
943.6739708376879
11
17965
21
533.3158263716897
31
3250
0
3DFACE
5
EC9C
330
E8BF
100
AcDbEntity
100
AcDbFace
8
MONTAJ_BORULARI
10
17965
20
58.67397083768796
30
1348.3158263716896
11
18035
21
58.67397083768796
31
1348.3158263716896
12
18035
22
128.67397083768796
32
1348.3158263716896
13
17965
23
128.67397083768796
33
1348.3158263716896
0
3DFACE
5
EC9D
330
E8BF
100
AcDbEntity
100
AcDbFace
8
MONTAJ_BORULARI
10
17965
20
58.67397083768796
30
3250
11
18035
21
58.67397083768796
31
3250
12
18035
22
128.67397083768796
32
3250
13
17965
23
128.67397083768796
33
3250
0
3DFACE
5
EC9E
330
E8BF
100
AcDbEntity
100
AcDbFace
8
MONTAJ_BORULARI
10
17965
20
58.67397083768796
30
1348.3158263716896
11
18035
21
58.67397083768796
31
1348.3158263716896
12
18035
22
58.67397083768796
32
3250
13
17965
23
58.67397083768796
33
3250
0
3DFACE
5
EC9F
330
E8BF
100
AcDbEntity
100
AcDbFace
8
MONTAJ_BORULARI
10
17965
20
128.67397083768796
30
1348.3158263716896
11
18035
21
128.67397083768796
31
1348.3158263716896
12
18035
22
128.67397083768796
32
3250
13
17965
23
128.67397083768796
33
3250
0
3DFACE
5
ECA0
330
E8BF
100
AcDbEntity
100
AcDbFace
8
MONTAJ_BORULARI
10
17965
20
58.67397083768796
30
1348.3158263716896
11
17965
21
128.67397083768796
31
1348.3158263716896
12
17965
22
128.67397083768796
32
3250
13
17965
23
58.67397083768796
33
3250
0
3DFACE
5
ECA1
330
E8BF
100
AcDbEntity
100
AcDbFace
8
MONTAJ_BORULARI
10
18035
20
58.67397083768796
30
1348.3158263716896
11
18035
21
128.67397083768796
31
1348.3158263716896
12
18035
22
128.67397083768796
32
3250
13
18035
23
58.67397083768796
33
3250
0
LINE
5
ECA2
330
E8BF
100
AcDbEntity
100
AcDbLine
8
MONTAJ_BORULARI
10
17965
20
58.67397083768796
30
1348.3158263716896
11
18035
21
58.67397083768796
31
1348.3158263716896
0
LINE
5
ECA3
330
E8BF
100
AcDbEntity
100
AcDbLine
8
MONTAJ_BORULARI
10
18035
20
58.67397083768796
30
1348.3158263716896
11
18035
21
128.67397083768796
31
1348.3158263716896
0
LINE
5
ECA4
330
E8BF
100
AcDbEntity
100
AcDbLine
8
MONTAJ_BORULARI
10
18035
20
128.67397083768796
30
1348.3158263716896
11
17965
21
128.67397083768796
31
1348.3158263716896
0
LINE
5
ECA5
330
E8BF
100
AcDbEntity
100
AcDbLine
8
MONTAJ_BORULARI
10
17965
20
128.67397083768796
30
1348.3158263716896
11
17965
21
58.67397083768796
31
1348.3158263716896
0
LINE
5
ECA6
330
E8BF
100
AcDbEntity
100
AcDbLine
8
MONTAJ_BORULARI
10
17965
20
58.67397083768796
30
3250
11
18035
21
58.67397083768796
31
3250
0
LINE
5
ECA7
330
E8BF
100
AcDbEntity
100
AcDbLine
8
MONTAJ_BORULARI
10
18035
20
58.67397083768796
30
3250
11
18035
21
128.67397083768796
31
3250
0
LINE
5
ECA8
330
E8BF
100
AcDbEntity
100
AcDbLine
8
MONTAJ_BORULARI
10
18035
20
128.67397083768796
30
3250
11
17965
21
128.67397083768796
31
3250
0
LINE
5
ECA9
330
E8BF
100
AcDbEntity
100
AcDbLine
8
MONTAJ_BORULARI
10
17965
20
128.67397083768796
30
3250
11
17965
21
58.67397083768796
31
3250
0
LINE
5
ECAA
330
E8BF
100
AcDbEntity
100
AcDbLine
8
MONTAJ_BORULARI
10
17965
20
58.67397083768796
30
1348.3158263716896
11
17965
21
58.67397083768796
31
3250
0
LINE
5
ECAB
330
E8BF
100
AcDbEntity
100
AcDbLine
8
MONTAJ_BORULARI
10
18035
20
58.67397083768796
30
1348.3158263716896
11
18035
21
58.67397083768796
31
3250
0
LINE
5
ECAC
330
E8BF
100
AcDbEntity
100
AcDbLine
8
MONTAJ_BORULARI
10
18035
20
128.67397083768796
30
1348.3158263716896
11
18035
21
128.67397083768796
31
3250
0
LINE
5
ECAD
330
E8BF
100
AcDbEntity
100
AcDbLine
8
MONTAJ_BORULARI
10
17965
20
128.67397083768796
30
1348.3158263716896
11
17965
21
128.67397083768796
31
3250
0
TEXT
5
E95C
330
E8BF
100
AcDbEntity
100
AcDbText
8
METIN_BILGI
10
-14000
20
0
30
0
40
60
1
1. TEKLI MATSING ANTEN (45° CATI ASKISI)
50
0
7
STANDARD
72
1
11
-14000
21
0
31
0
100
AcDbText
73
2
0
TEXT
5
E9E1
330
E8BF
100
AcDbEntity
100
AcDbText
8
METIN_BILGI
10
-4700
20
0
30
0
40
60
1
ANT-1 (SOL)
50
0
7
STANDARD
72
1
11
-4700
21
0
31
0
100
AcDbText
73
2
0
TEXT
5
EA66
330
E8BF
100
AcDbEntity
100
AcDbText
8
METIN_BILGI
10
-3300
20
0
30
0
40
60
1
ANT-2 (SAG)
50
0
7
STANDARD
72
1
11
-3300
21
0
31
0
100
AcDbText
73
2
0
TEXT
5
EAFD
330
E8BF
100
AcDbEntity
100
AcDbText
8
METIN_BILGI
10
6700
20
150
30
0
40
60
1
ANT-1 (-15°)
50
0
7
STANDARD
72
1
11
6700
21
150
31
0
100
AcDbText
73
2
0
TEXT
5
EB82
330
E8BF
100
AcDbEntity
100
AcDbText
8
METIN_BILGI
10
8000
20
0
30
0
40
60
1
ANT-2 (0°)
50
0
7
STANDARD
72
1
11
8000
21
0
31
0
100
AcDbText
73
2
0
TEXT
5
EC07
330
E8BF
100
AcDbEntity
100
AcDbText
8
METIN_BILGI
10
9300
20
150
30
0
40
60
1
ANT-3 (+15°)
50
0
7
STANDARD
72
1
11
9300
21
150
31
0
100
AcDbText
73
2
0
TEXT
5
ECD2
330
E8BF
100
AcDbEntity
100
AcDbText
8
METIN_BILGI
10
18000
20
0
30
0
40
60
1
SKORBOARD Ø1500mm BORU ASILI MATSING
50
0
7
STANDARD
72
1
11
18000
21
0
31
0
100
AcDbText
73
2
0
3DFACE
5
E8D8
330
E8BF
100
AcDbEntity
100
AcDbFace
8
EKP_MATSING_ANTEN
10
-14308.5
20
578.0597936200026
30
-578.0597936200027
11
-14297.988117410177
21
512.0837145878575
31
-644.0358726521478
12
-14297.988117410177
22
-644.0358726521476
32
512.0837145878576
13
-14308.5
23
-578.0597936200026
33
578.0597936200027
0
LINE
5
E8D9
330
E8BF
100
AcDbEntity
100
AcDbLine
8
EKP_MATSING_ANTEN
10
-14308.5
20
578.0597936200026
30
-578.0597936200027
11
-14297.988117410177
21
512.0837145878575
31
-644.0358726521478
0
LINE
5
E8DA
330
E8BF
100
AcDbEntity
100
AcDbLine
8
EKP_MATSING_ANTEN
10
-14308.5
20
-578.0597936200026
30
578.0597936200027
11
-14297.988117410177
21
-644.0358726521476
31
512.0837145878576
0
LINE
5
E8DB
330
E8BF
100
AcDbEntity
100
AcDbLine
8
EKP_MATSING_ANTEN
10
-14308.5
20
578.0597936200026
30
-578.0597936200027
11
-14308.5
21
-578.0597936200026
31
578.0597936200027
0
3DFACE
5
E8DC
330
E8BF
100
AcDbEntity
100
AcDbFace
8
EKP_MATSING_ANTEN
10
-14297.988117410177
20
512.0837145878575
30
-644.0358726521478
11
-14267.1688370675
21
450.6037963111274
31
-705.5157909288778
12
-14267.1688370675
22
-705.5157909288778
32
450.6037963111275
13
-14297.988117410177
23
-644.0358726521476
33
512.0837145878576
0
LINE
5
E8DD
330
E8BF
100
AcDbEntity
100
AcDbLine
8
EKP_MATSING_ANTEN
10
-14297.988117410177
20
512.0837145878575
30
-644.0358726521478
11
-14267.1688370675
21
450.6037963111274
31
-705.5157909288778
0
LINE
5
E8DE
330
E8BF
100
AcDbEntity
100
AcDbLine
8
EKP_MATSING_ANTEN
10
-14297.988117410177
20
-644.0358726521476
30
512.0837145878576
11
-14267.1688370675
21
-705.5157909288778
31
450.6037963111275
0
LINE
5
E8DF
330
E8BF
100
AcDbEntity
100
AcDbLine
8
EKP_MATSING_ANTEN
10
-14297.988117410177
20
512.0837145878575
30
-644.0358726521478
11
-14297.988117410177
21
-644.0358726521476
31
512.0837145878576
0
3DFACE
5
E8E0
330
E8BF
100
AcDbEntity
100
AcDbFace
8
EKP_MATSING_ANTEN
10
-14267.1688370675
20
450.6037963111274
30
-705.5157909288778
11
-14218.14244199605
21
397.80979362000255
31
-758.3097936200027
12
-14218.14244199605
22
-758.3097936200026
32
397.80979362000267
13
-14267.1688370675
23
-705.5157909288778
33
450.6037963111275
0
LINE
5
E8E1
330
E8BF
100
AcDbEntity
100
AcDbLine
8
EKP_MATSING_ANTEN
10
-14267.1688370675
20
450.6037963111274
30
-705.5157909288778
11
-14218.14244199605
21
397.80979362000255
31
-758.3097936200027
0
LINE
5
E8E2
330
E8BF
100
AcDbEntity
100
AcDbLine
8
EKP_MATSING_ANTEN
10
-14267.1688370675
20
-705.5157909288778
30
450.6037963111275
11
-14218.14244199605
21
-758.3097936200026
31
397.80979362000267
0
LINE
5
E8E3
330
E8BF
100
AcDbEntity
100
AcDbLine
8
EKP_MATSING_ANTEN
10
-14267.1688370675
20
450.6037963111274
30
-705.5157909288778
11
-14267.1688370675
21
-705.5157909288778
31
450.6037963111275
0
3DFACE
5
E8E4
330
E8BF
100
AcDbEntity
100
AcDbFace
8
EKP_MATSING_ANTEN
10
-14218.14244199605
20
397.80979362000255
30
-758.3097936200027
11
-14154.25
21
357.2995305516686
31
-798.8200566883365
12
-14154.25
22
-798.8200566883365
32
357.2995305516688
13
-14218.14244199605
23
-758.3097936200026
33
397.80979362000267
0
LINE
5
E8E5
330
E8BF
100
AcDbEntity
100
AcDbLine
8
EKP_MATSING_ANTEN
10
-14218.14244199605
20
397.80979362000255
30
-758.3097936200027
11
-14154.25
21
357.2995305516686
31
-798.8200566883365
0
LINE
5
E8E6
330
E8BF
100
AcDbEntity
100
AcDbLine
8
EKP_MATSING_ANTEN
10
-14218.14244199605
20
-758.3097936200026
30
397.80979362000267
11
-14154.25
21
-798.8200566883365
31
357.2995305516688
0
LINE
5
E8E7
330
E8BF
100
AcDbEntity
100
AcDbLine
8
EKP_MATSING_ANTEN
10
-14218.14244199605
20
397.80979362000255
30
-758.3097936200027
11
-14218.14244199605
21
-758.3097936200026
31
397.80979362000267
0
3DFACE
5
E8E8
330
E8BF
100
AcDbEntity
100
AcDbFace
8
EKP_MATSING_ANTEN
10
-14154.25
20
357.2995305516686
30
-798.8200566883365
11
-14079.845675414128
21
331.83371458785746
31
-824.2858726521478
12
-14079.845675414128
22
-824.2858726521476
32
331.83371458785757
13
-14154.25
23
-798.8200566883365
33
357.2995305516688
0
LINE
5
E8E9
330
E8BF
100
AcDbEntity
100
AcDbLine
8
EKP_MATSING_ANTEN
10
-14154.25
20
357.2995305516686
30
-798.8200566883365
11
-14079.845675414128
21
331.83371458785746
31
-824.2858726521478
0
LINE
5
E8EA
330
E8BF
100
AcDbEntity
100
AcDbLine
8
EKP_MATSING_ANTEN
10
-14154.25
20
-798.8200566883365
30
357.2995305516688
11
-14079.845675414128
21
-824.2858726521476
31
331.83371458785757
0
LINE
5
E8EB
330
E8BF
100
AcDbEntity
100
AcDbLine
8
EKP_MATSING_ANTEN
10
-14154.25
20
357.2995305516686
30
-798.8200566883365
11
-14154.25
21
-798.8200566883365
31
357.2995305516688
0
3DFACE
5
E8EC
330
E8BF
100
AcDbEntity
100
AcDbFace
8
EKP_MATSING_ANTEN
10
-14079.845675414128
20
331.83371458785746
30
-824.2858726521478
11
-14000
21
323.14779900225216
31
-832.971788237753
12
-14000
22
-832.9717882377529
32
323.1477990022523
13
-14079.845675414128
23
-824.2858726521476
33
331.83371458785757
0
LINE
5
E8ED
330
E8BF
100
AcDbEntity
100
AcDbLine
8
EKP_MATSING_ANTEN
10
-14079.845675414128
20
331.83371458785746
30
-824.2858726521478
11
-14000
21
323.14779900225216
31
-832.971788237753
0
LINE
5
E8EE
330
E8BF
100
AcDbEntity
100
AcDbLine
8
EKP_MATSING_ANTEN
10
-14079.845675414128
20
-824.2858726521476
30
331.83371458785757
11
-14000
21
-832.9717882377529
31
323.1477990022523
0
LINE
5
E8EF
330
E8BF
100
AcDbEntity
100
AcDbLine
8
EKP_MATSING_ANTEN
10
-14079.845675414128
20
331.83371458785746
30
-824.2858726521478
11
-14079.845675414128
21
-824.2858726521476
31
331.83371458785757
0
3DFACE
5
E8F0
330
E8BF
100
AcDbEntity
100
AcDbFace
8
EKP_MATSING_ANTEN
10
-14000
20
323.14779900225216
30
-832.971788237753
11
-13920.154324585872
21
331.83371458785746
31
-824.2858726521476
12
-13920.154324585872
22
-824.2858726521476
32
331.8337145878576
13
-14000
23
-832.9717882377529
33
323.1477990022523
0
LINE
5
E8F1
330
E8BF
100
AcDbEntity
100
AcDbLine
8
EKP_MATSING_ANTEN
10
-14000
20
323.14779900225216
30
-832.971788237753
11
-13920.154324585872
21
331.83371458785746
31
-824.2858726521476
0
LINE
5
E8F2
330
E8BF
100
AcDbEntity
100
AcDbLine
8
EKP_MATSING_ANTEN
10
-14000
20
-832.9717882377529
30
323.1477990022523
11
-13920.154324585872
21
-824.2858726521476
31
331.8337145878576
0
LINE
5
E8F3
330
E8BF
100
AcDbEntity
100
AcDbLine
8
EKP_MATSING_ANTEN
10
-14000
20
323.14779900225216
30
-832.971788237753
11
-14000
21
-832.9717882377529
31
323.1477990022523
0
3DFACE
5
E8F4
330
E8BF
100
AcDbEntity
100
AcDbFace
8
EKP_MATSING_ANTEN
10
-13920.154324585872
20
331.83371458785746
30
-824.2858726521476
11
-13845.75
21
357.2995305516686
31
-798.8200566883365
12
-13845.75
22
-798.8200566883365
32
357.2995305516688
13
-13920.154324585872
23
-824.2858726521476
33
331.8337145878576
0
LINE
5
E8F5
330
E8BF
100
AcDbEntity
100
AcDbLine
8
EKP_MATSING_ANTEN
10
-13920.154324585872
20
331.83371458785746
30
-824.2858726521476
11
-13845.75
21
357.2995305516686
31
-798.8200566883365
0
LINE
5
E8F6
330
E8BF
100
AcDbEntity
100
AcDbLine
8
EKP_MATSING_ANTEN
10
-13920.154324585872
20
-824.2858726521476
30
331.8337145878576
11
-13845.75
21
-798.8200566883365
31
357.2995305516688
0
LINE
5
E8F7
330
E8BF
100
AcDbEntity
100
AcDbLine
8
EKP_MATSING_ANTEN
10
-13920.154324585872
20
331.83371458785746
30
-824.2858726521476
11
-13920.154324585872
21
-824.2858726521476
31
331.8337145878576
0
3DFACE
5
E8F8
330
E8BF
100
AcDbEntity
100
AcDbFace
8
EKP_MATSING_ANTEN
10
-13845.75
20
357.2995305516686
30
-798.8200566883365
11
-13781.85755800395
21
397.80979362000255
31
-758.3097936200027
12
-13781.85755800395
22
-758.3097936200026
32
397.80979362000267
13
-13845.75
23
-798.8200566883365
33
357.2995305516688
0
LINE
5
E8F9
330
E8BF
100
AcDbEntity
100
AcDbLine
8
EKP_MATSING_ANTEN
10
-13845.75
20
357.2995305516686
30
-798.8200566883365
11
-13781.85755800395
21
397.80979362000255
31
-758.3097936200027
0
LINE
5
E8FA
330
E8BF
100
AcDbEntity
100
AcDbLine
8
EKP_MATSING_ANTEN
10
-13845.75
20
-798.8200566883365
30
357.2995305516688
11
-13781.85755800395
21
-758.3097936200026
31
397.80979362000267
0
LINE
5
E8FB
330
E8BF
100
AcDbEntity
100
AcDbLine
8
EKP_MATSING_ANTEN
10
-13845.75
20
357.2995305516686
30
-798.8200566883365
11
-13845.75
21
-798.8200566883365
31
357.2995305516688
0
3DFACE
5
E8FC
330
E8BF
100
AcDbEntity
100
AcDbFace
8
EKP_MATSING_ANTEN
10
-13781.85755800395
20
397.80979362000255
30
-758.3097936200027
11
-13732.8311629325
21
450.6037963111274
31
-705.5157909288778
12
-13732.8311629325
22
-705.5157909288778
32
450.6037963111275
13
-13781.85755800395
23
-758.3097936200026
33
397.80979362000267
0
LINE
5
E8FD
330
E8BF
100
AcDbEntity
100
AcDbLine
8
EKP_MATSING_ANTEN
10
-13781.85755800395
20
397.80979362000255
30
-758.3097936200027
11
-13732.8311629325
21
450.6037963111274
31
-705.5157909288778
0
LINE
5
E8FE
330
E8BF
100
AcDbEntity
100
AcDbLine
8
EKP_MATSING_ANTEN
10
-13781.85755800395
20
-758.3097936200026
30
397.80979362000267
11
-13732.8311629325
21
-705.5157909288778
31
450.6037963111275
0
LINE
5
E8FF
330
E8BF
100
AcDbEntity
100
AcDbLine
8
EKP_MATSING_ANTEN
10
-13781.85755800395
20
397.80979362000255
30
-758.3097936200027
11
-13781.85755800395
21
-758.3097936200026
31
397.80979362000267
0
3DFACE
5
E900
330
E8BF
100
AcDbEntity
100
AcDbFace
8
EKP_MATSING_ANTEN
10
-13732.8311629325
20
450.6037963111274
30
-705.5157909288778
11
-13702.011882589823
21
512.0837145878575
31
-644.0358726521478
12
-13702.011882589823
22
-644.0358726521476
32
512.0837145878576
13
-13732.8311629325
23
-705.5157909288778
33
450.6037963111275
0
LINE
5
E901
330
E8BF
100
AcDbEntity
100
AcDbLine
8
EKP_MATSING_ANTEN
10
-13732.8311629325
20
450.6037963111274
30
-705.5157909288778
11
-13702.011882589823
21
512.0837145878575
31
-644.0358726521478
0
LINE
5
E902
330
E8BF
100
AcDbEntity
100
AcDbLine
8
EKP_MATSING_ANTEN
10
-13732.8311629325
20
-705.5157909288778
30
450.6037963111275
11
-13702.011882589823
21
-644.0358726521476
31
512.0837145878576
0
LINE
5
E903
330
E8BF
100
AcDbEntity
100
AcDbLine
8
EKP_MATSING_ANTEN
10
-13732.8311629325
20
450.6037963111274
30
-705.5157909288778
11
-13732.8311629325
21
-705.5157909288778
31
450.6037963111275
0
3DFACE
5
E904
330
E8BF
100
AcDbEntity
100
AcDbFace
8
EKP_MATSING_ANTEN
10
-13702.011882589823
20
512.0837145878575
30
-644.0358726521478
11
-13691.5
21
578.0597936200026
31
-578.0597936200027
12
-13691.5
22
-578.0597936200026
32
578.0597936200027
13
-13702.011882589823
23
-644.0358726521476
33
512.0837145878576
0
LINE
5
E905
330
E8BF
100
AcDbEntity
100
AcDbLine
8
EKP_MATSING_ANTEN
10
-13702.011882589823
20
512.0837145878575
30
-644.0358726521478
11
-13691.5
21
578.0597936200026
31
-578.0597936200027
0
LINE
5
E906
330
E8BF
100
AcDbEntity
100
AcDbLine
8
EKP_MATSING_ANTEN
10
-13702.011882589823
20
-644.0358726521476
30
512.0837145878576
11
-13691.5
21
-578.0597936200026
31
578.0597936200027
0
LINE
5
E907
330
E8BF
100
AcDbEntity
100
AcDbLine
8
EKP_MATSING_ANTEN
10
-13702.011882589823
20
512.0837145878575
30
-644.0358726521478
11
-13702.011882589823
21
-644.0358726521476
31
512.0837145878576
0
3DFACE
5
E95D
330
E8BF
100
AcDbEntity
100
AcDbFace
8
EKP_MATSING_ANTEN
10
-5008.5
20
578.0597936200026
30
-578.0597936200027
11
-4997.988117410177
21
512.0837145878575
31
-644.0358726521478
12
-4997.988117410177
22
-644.0358726521476
32
512.0837145878576
13
-5008.5
23
-578.0597936200026
33
578.0597936200027
0
LINE
5
E95E
330
E8BF
100
AcDbEntity
100
AcDbLine
8
EKP_MATSING_ANTEN
10
-5008.5
20
578.0597936200026
30
-578.0597936200027
11
-4997.988117410177
21
512.0837145878575
31
-644.0358726521478
0
LINE
5
E95F
330
E8BF
100
AcDbEntity
100
AcDbLine
8
EKP_MATSING_ANTEN
10
-5008.5
20
-578.0597936200026
30
578.0597936200027
11
-4997.988117410177
21
-644.0358726521476
31
512.0837145878576
0
LINE
5
E960
330
E8BF
100
AcDbEntity
100
AcDbLine
8
EKP_MATSING_ANTEN
10
-5008.5
20
578.0597936200026
30
-578.0597936200027
11
-5008.5
21
-578.0597936200026
31
578.0597936200027
0
3DFACE
5
E961
330
E8BF
100
AcDbEntity
100
AcDbFace
8
EKP_MATSING_ANTEN
10
-4997.988117410177
20
512.0837145878575
30
-644.0358726521478
11
-4967.168837067499
21
450.6037963111274
31
-705.5157909288778
12
-4967.168837067499
22
-705.5157909288778
32
450.6037963111275
13
-4997.988117410177
23
-644.0358726521476
33
512.0837145878576
0
LINE
5
E962
330
E8BF
100
AcDbEntity
100
AcDbLine
8
EKP_MATSING_ANTEN
10
-4997.988117410177
20
512.0837145878575
30
-644.0358726521478
11
-4967.168837067499
21
450.6037963111274
31
-705.5157909288778
0
LINE
5
E963
330
E8BF
100
AcDbEntity
100
AcDbLine
8
EKP_MATSING_ANTEN
10
-4997.988117410177
20
-644.0358726521476
30
512.0837145878576
11
-4967.168837067499
21
-705.5157909288778
31
450.6037963111275
0
LINE
5
E964
330
E8BF
100
AcDbEntity
100
AcDbLine
8
EKP_MATSING_ANTEN
10
-4997.988117410177
20
512.0837145878575
30
-644.0358726521478
11
-4997.988117410177
21
-644.0358726521476
31
512.0837145878576
0
3DFACE
5
E965
330
E8BF
100
AcDbEntity
100
AcDbFace
8
EKP_MATSING_ANTEN
10
-4967.168837067499
20
450.6037963111274
30
-705.5157909288778
11
-4918.1424419960495
21
397.80979362000255
31
-758.3097936200027
12
-4918.1424419960495
22
-758.3097936200026
32
397.80979362000267
13
-4967.168837067499
23
-705.5157909288778
33
450.6037963111275
0
LINE
5
E966
330
E8BF
100
AcDbEntity
100
AcDbLine
8
EKP_MATSING_ANTEN
10
-4967.168837067499
20
450.6037963111274
30
-705.5157909288778
11
-4918.1424419960495
21
397.80979362000255
31
-758.3097936200027
0
LINE
5
E967
330
E8BF
100
AcDbEntity
100
AcDbLine
8
EKP_MATSING_ANTEN
10
-4967.168837067499
20
-705.5157909288778
30
450.6037963111275
11
-4918.1424419960495
21
-758.3097936200026
31
397.80979362000267
0
LINE
5
E968
330
E8BF
100
AcDbEntity
100
AcDbLine
8
EKP_MATSING_ANTEN
10
-4967.168837067499
20
450.6037963111274
30
-705.5157909288778
11
-4967.168837067499
21
-705.5157909288778
31
450.6037963111275
0
3DFACE
5
E969
330
E8BF
100
AcDbEntity
100
AcDbFace
8
EKP_MATSING_ANTEN
10
-4918.1424419960495
20
397.80979362000255
30
-758.3097936200027
11
-4854.25
21
357.2995305516686
31
-798.8200566883365
12
-4854.25
22
-798.8200566883365
32
357.2995305516688
13
-4918.1424419960495
23
-758.3097936200026
33
397.80979362000267
0
LINE
5
E96A
330
E8BF
100
AcDbEntity
100
AcDbLine
8
EKP_MATSING_ANTEN
10
-4918.1424419960495
20
397.80979362000255
30
-758.3097936200027
11
-4854.25
21
357.2995305516686
31
-798.8200566883365
0
LINE
5
E96B
330
E8BF
100
AcDbEntity
100
AcDbLine
8
EKP_MATSING_ANTEN
10
-4918.1424419960495
20
-758.3097936200026
30
397.80979362000267
11
-4854.25
21
-798.8200566883365
31
357.2995305516688
0
LINE
5
E96C
330
E8BF
100
AcDbEntity
100
AcDbLine
8
EKP_MATSING_ANTEN
10
-4918.1424419960495
20
397.80979362000255
30
-758.3097936200027
11
-4918.1424419960495
21
-758.3097936200026
31
397.80979362000267
0
3DFACE
5
E96D
330
E8BF
100
AcDbEntity
100
AcDbFace
8
EKP_MATSING_ANTEN
10
-4854.25
20
357.2995305516686
30
-798.8200566883365
11
-4779.845675414128
21
331.83371458785746
31
-824.2858726521478
12
-4779.845675414128
22
-824.2858726521476
32
331.83371458785757
13
-4854.25
23
-798.8200566883365
33
357.2995305516688
0
LINE
5
E96E
330
E8BF
100
AcDbEntity
100
AcDbLine
8
EKP_MATSING_ANTEN
10
-4854.25
20
357.2995305516686
30
-798.8200566883365
11
-4779.845675414128
21
331.83371458785746
31
-824.2858726521478
0
LINE
5
E96F
330
E8BF
100
AcDbEntity
100
AcDbLine
8
EKP_MATSING_ANTEN
10
-4854.25
20
-798.8200566883365
30
357.2995305516688
11
-4779.845675414128
21
-824.2858726521476
31
331.83371458785757
0
LINE
5
E970
330
E8BF
100
AcDbEntity
100
AcDbLine
8
EKP_MATSING_ANTEN
10
-4854.25
20
357.2995305516686
30
-798.8200566883365
11
-4854.25
21
-798.8200566883365
31
357.2995305516688
0
3DFACE
5
E971
330
E8BF
100
AcDbEntity
100
AcDbFace
8
EKP_MATSING_ANTEN
10
-4779.845675414128
20
331.83371458785746
30
-824.2858726521478
11
-4700
21
323.14779900225216
31
-832.971788237753
12
-4700
22
-832.9717882377529
32
323.1477990022523
13
-4779.845675414128
23
-824.2858726521476
33
331.83371458785757
0
LINE
5
E972
330
E8BF
100
AcDbEntity
100
AcDbLine
8
EKP_MATSING_ANTEN
10
-4779.845675414128
20
331.83371458785746
30
-824.2858726521478
11
-4700
21
323.14779900225216
31
-832.971788237753
0
LINE
5
E973
330
E8BF
100
AcDbEntity
100
AcDbLine
8
EKP_MATSING_ANTEN
10
-4779.845675414128
20
-824.2858726521476
30
331.83371458785757
11
-4700
21
-832.9717882377529
31
323.1477990022523
0
LINE
5
E974
330
E8BF
100
AcDbEntity
100
AcDbLine
8
EKP_MATSING_ANTEN
10
-4779.845675414128
20
331.83371458785746
30
-824.2858726521478
11
-4779.845675414128
21
-824.2858726521476
31
331.83371458785757
0
3DFACE
5
E975
330
E8BF
100
AcDbEntity
100
AcDbFace
8
EKP_MATSING_ANTEN
10
-4700
20
323.14779900225216
30
-832.971788237753
11
-4620.154324585872
21
331.83371458785746
31
-824.2858726521476
12
-4620.154324585872
22
-824.2858726521476
32
331.8337145878576
13
-4700
23
-832.9717882377529
33
323.1477990022523
0
LINE
5
E976
330
E8BF
100
AcDbEntity
100
AcDbLine
8
EKP_MATSING_ANTEN
10
-4700
20
323.14779900225216
30
-832.971788237753
11
-4620.154324585872
21
331.83371458785746
31
-824.2858726521476
0
LINE
5
E977
330
E8BF
100
AcDbEntity
100
AcDbLine
8
EKP_MATSING_ANTEN
10
-4700
20
-832.9717882377529
30
323.1477990022523
11
-4620.154324585872
21
-824.2858726521476
31
331.8337145878576
0
LINE
5
E978
330
E8BF
100
AcDbEntity
100
AcDbLine
8
EKP_MATSING_ANTEN
10
-4700
20
323.14779900225216
30
-832.971788237753
11
-4700
21
-832.9717882377529
31
323.1477990022523
0
3DFACE
5
E979
330
E8BF
100
AcDbEntity
100
AcDbFace
8
EKP_MATSING_ANTEN
10
-4620.154324585872
20
331.83371458785746
30
-824.2858726521476
11
-4545.75
21
357.2995305516686
31
-798.8200566883365
12
-4545.75
22
-798.8200566883365
32
357.2995305516688
13
-4620.154324585872
23
-824.2858726521476
33
331.8337145878576
0
LINE
5
E97A
330
E8BF
100
AcDbEntity
100
AcDbLine
8
EKP_MATSING_ANTEN
10
-4620.154324585872
20
331.83371458785746
30
-824.2858726521476
11
-4545.75
21
357.2995305516686
31
-798.8200566883365
0
LINE
5
E97B
330
E8BF
100
AcDbEntity
100
AcDbLine
8
EKP_MATSING_ANTEN
10
-4620.154324585872
20
-824.2858726521476
30
331.8337145878576
11
-4545.75
21
-798.8200566883365
31
357.2995305516688
0
LINE
5
E97C
330
E8BF
100
AcDbEntity
100
AcDbLine
8
EKP_MATSING_ANTEN
10
-4620.154324585872
20
331.83371458785746
30
-824.2858726521476
11
-4620.154324585872
21
-824.2858726521476
31
331.8337145878576
0
3DFACE
5
E97D
330
E8BF
100
AcDbEntity
100
AcDbFace
8
EKP_MATSING_ANTEN
10
-4545.75
20
357.2995305516686
30
-798.8200566883365
11
-4481.8575580039505
21
397.80979362000255
31
-758.3097936200027
12
-4481.8575580039505
22
-758.3097936200026
32
397.80979362000267
13
-4545.75
23
-798.8200566883365
33
357.2995305516688
0
LINE
5
E97E
330
E8BF
100
AcDbEntity
100
AcDbLine
8
EKP_MATSING_ANTEN
10
-4545.75
20
357.2995305516686
30
-798.8200566883365
11
-4481.8575580039505
21
397.80979362000255
31
-758.3097936200027
0
LINE
5
E97F
330
E8BF
100
AcDbEntity
100
AcDbLine
8
EKP_MATSING_ANTEN
10
-4545.75
20
-798.8200566883365
30
357.2995305516688
11
-4481.8575580039505
21
-758.3097936200026
31
397.80979362000267
0
LINE
5
E980
330
E8BF
100
AcDbEntity
100
AcDbLine
8
EKP_MATSING_ANTEN
10
-4545.75
20
357.2995305516686
30
-798.8200566883365
11
-4545.75
21
-798.8200566883365
31
357.2995305516688
0
3DFACE
5
E981
330
E8BF
100
AcDbEntity
100
AcDbFace
8
EKP_MATSING_ANTEN
10
-4481.8575580039505
20
397.80979362000255
30
-758.3097936200027
11
-4432.831162932501
21
450.6037963111274
31
-705.5157909288778
12
-4432.831162932501
22
-705.5157909288778
32
450.6037963111275
13
-4481.8575580039505
23
-758.3097936200026
33
397.80979362000267
0
LINE
5
E982
330
E8BF
100
AcDbEntity
100
AcDbLine
8
EKP_MATSING_ANTEN
10
-4481.8575580039505
20
397.80979362000255
30
-758.3097936200027
11
-4432.831162932501
21
450.6037963111274
31
-705.5157909288778
0
LINE
5
E983
330
E8BF
100
AcDbEntity
100
AcDbLine
8
EKP_MATSING_ANTEN
10
-4481.8575580039505
20
-758.3097936200026
30
397.80979362000267
11
-4432.831162932501
21
-705.5157909288778
31
450.6037963111275
0
LINE
5
E984
330
E8BF
100
AcDbEntity
100
AcDbLine
8
EKP_MATSING_ANTEN
10
-4481.8575580039505
20
397.80979362000255
30
-758.3097936200027
11
-4481.8575580039505
21
-758.3097936200026
31
397.80979362000267
0
3DFACE
5
E985
330
E8BF
100
AcDbEntity
100
AcDbFace
8
EKP_MATSING_ANTEN
10
-4432.831162932501
20
450.6037963111274
30
-705.5157909288778
11
-4402.011882589823
21
512.0837145878575
31
-644.0358726521478
12
-4402.011882589823
22
-644.0358726521476
32
512.0837145878576
13
-4432.831162932501
23
-705.5157909288778
33
450.6037963111275
0
LINE
5
E986
330
E8BF
100
AcDbEntity
100
AcDbLine
8
EKP_MATSING_ANTEN
10
-4432.831162932501
20
450.6037963111274
30
-705.5157909288778
11
-4402.011882589823
21
512.0837145878575
31
-644.0358726521478
0
LINE
5
E987
330
E8BF
100
AcDbEntity
100
AcDbLine
8
EKP_MATSING_ANTEN
10
-4432.831162932501
20
-705.5157909288778
30
450.6037963111275
11
-4402.011882589823
21
-644.0358726521476
31
512.0837145878576
0
LINE
5
E988
330
E8BF
100
AcDbEntity
100
AcDbLine
8
EKP_MATSING_ANTEN
10
-4432.831162932501
20
450.6037963111274
30
-705.5157909288778
11
-4432.831162932501
21
-705.5157909288778
31
450.6037963111275
0
3DFACE
5
E989
330
E8BF
100
AcDbEntity
100
AcDbFace
8
EKP_MATSING_ANTEN
10
-4402.011882589823
20
512.0837145878575
30
-644.0358726521478
11
-4391.5
21
578.0597936200026
31
-578.0597936200027
12
-4391.5
22
-578.0597936200026
32
578.0597936200027
13
-4402.011882589823
23
-644.0358726521476
33
512.0837145878576
0
LINE
5
E98A
330
E8BF
100
AcDbEntity
100
AcDbLine
8
EKP_MATSING_ANTEN
10
-4402.011882589823
20
512.0837145878575
30
-644.0358726521478
11
-4391.5
21
578.0597936200026
31
-578.0597936200027
0
LINE
5
E98B
330
E8BF
100
AcDbEntity
100
AcDbLine
8
EKP_MATSING_ANTEN
10
-4402.011882589823
20
-644.0358726521476
30
512.0837145878576
11
-4391.5
21
-578.0597936200026
31
578.0597936200027
0
LINE
5
E98C
330
E8BF
100
AcDbEntity
100
AcDbLine
8
EKP_MATSING_ANTEN
10
-4402.011882589823
20
512.0837145878575
30
-644.0358726521478
11
-4402.011882589823
21
-644.0358726521476
31
512.0837145878576
0
3DFACE
5
E9E2
330
E8BF
100
AcDbEntity
100
AcDbFace
8
EKP_MATSING_ANTEN
10
-3608.5
20
578.0597936200026
30
-578.0597936200027
11
-3597.9881174101774
21
512.0837145878575
31
-644.0358726521478
12
-3597.9881174101774
22
-644.0358726521476
32
512.0837145878576
13
-3608.5
23
-578.0597936200026
33
578.0597936200027
0
LINE
5
E9E3
330
E8BF
100
AcDbEntity
100
AcDbLine
8
EKP_MATSING_ANTEN
10
-3608.5
20
578.0597936200026
30
-578.0597936200027
11
-3597.9881174101774
21
512.0837145878575
31
-644.0358726521478
0
LINE
5
E9E4
330
E8BF
100
AcDbEntity
100
AcDbLine
8
EKP_MATSING_ANTEN
10
-3608.5
20
-578.0597936200026
30
578.0597936200027
11
-3597.9881174101774
21
-644.0358726521476
31
512.0837145878576
0
LINE
5
E9E5
330
E8BF
100
AcDbEntity
100
AcDbLine
8
EKP_MATSING_ANTEN
10
-3608.5
20
578.0597936200026
30
-578.0597936200027
11
-3608.5
21
-578.0597936200026
31
578.0597936200027
0
3DFACE
5
E9E6
330
E8BF
100
AcDbEntity
100
AcDbFace
8
EKP_MATSING_ANTEN
10
-3597.9881174101774
20
512.0837145878575
30
-644.0358726521478
11
-3567.168837067499
21
450.6037963111274
31
-705.5157909288778
12
-3567.168837067499
22
-705.5157909288778
32
450.6037963111275
13
-3597.9881174101774
23
-644.0358726521476
33
512.0837145878576
0
LINE
5
E9E7
330
E8BF
100
AcDbEntity
100
AcDbLine
8
EKP_MATSING_ANTEN
10
-3597.9881174101774
20
512.0837145878575
30
-644.0358726521478
11
-3567.168837067499
21
450.6037963111274
31
-705.5157909288778
0
LINE
5
E9E8
330
E8BF
100
AcDbEntity
100
AcDbLine
8
EKP_MATSING_ANTEN
10
-3597.9881174101774
20
-644.0358726521476
30
512.0837145878576
11
-3567.168837067499
21
-705.5157909288778
31
450.6037963111275
0
LINE
5
E9E9
330
E8BF
100
AcDbEntity
100
AcDbLine
8
EKP_MATSING_ANTEN
10
-3597.9881174101774
20
512.0837145878575
30
-644.0358726521478
11
-3597.9881174101774
21
-644.0358726521476
31
512.0837145878576
0
3DFACE
5
E9EA
330
E8BF
100
AcDbEntity
100
AcDbFace
8
EKP_MATSING_ANTEN
10
-3567.168837067499
20
450.6037963111274
30
-705.5157909288778
11
-3518.14244199605
21
397.80979362000255
31
-758.3097936200027
12
-3518.14244199605
22
-758.3097936200026
32
397.80979362000267
13
-3567.168837067499
23
-705.5157909288778
33
450.6037963111275
0
LINE
5
E9EB
330
E8BF
100
AcDbEntity
100
AcDbLine
8
EKP_MATSING_ANTEN
10
-3567.168837067499
20
450.6037963111274
30
-705.5157909288778
11
-3518.14244199605
21
397.80979362000255
31
-758.3097936200027
0
LINE
5
E9EC
330
E8BF
100
AcDbEntity
100
AcDbLine
8
EKP_MATSING_ANTEN
10
-3567.168837067499
20
-705.5157909288778
30
450.6037963111275
11
-3518.14244199605
21
-758.3097936200026
31
397.80979362000267
0
LINE
5
E9ED
330
E8BF
100
AcDbEntity
100
AcDbLine
8
EKP_MATSING_ANTEN
10
-3567.168837067499
20
450.6037963111274
30
-705.5157909288778
11
-3567.168837067499
21
-705.5157909288778
31
450.6037963111275
0
3DFACE
5
E9EE
330
E8BF
100
AcDbEntity
100
AcDbFace
8
EKP_MATSING_ANTEN
10
-3518.14244199605
20
397.80979362000255
30
-758.3097936200027
11
-3454.25
21
357.2995305516686
31
-798.8200566883365
12
-3454.25
22
-798.8200566883365
32
357.2995305516688
13
-3518.14244199605
23
-758.3097936200026
33
397.80979362000267
0
LINE
5
E9EF
330
E8BF
100
AcDbEntity
100
AcDbLine
8
EKP_MATSING_ANTEN
10
-3518.14244199605
20
397.80979362000255
30
-758.3097936200027
11
-3454.25
21
357.2995305516686
31
-798.8200566883365
0
LINE
5
E9F0
330
E8BF
100
AcDbEntity
100
AcDbLine
8
EKP_MATSING_ANTEN
10
-3518.14244199605
20
-758.3097936200026
30
397.80979362000267
11
-3454.25
21
-798.8200566883365
31
357.2995305516688
0
LINE
5
E9F1
330
E8BF
100
AcDbEntity
100
AcDbLine
8
EKP_MATSING_ANTEN
10
-3518.14244199605
20
397.80979362000255
30
-758.3097936200027
11
-3518.14244199605
21
-758.3097936200026
31
397.80979362000267
0
3DFACE
5
E9F2
330
E8BF
100
AcDbEntity
100
AcDbFace
8
EKP_MATSING_ANTEN
10
-3454.25
20
357.2995305516686
30
-798.8200566883365
11
-3379.8456754141275
21
331.83371458785746
31
-824.2858726521478
12
-3379.8456754141275
22
-824.2858726521476
32
331.83371458785757
13
-3454.25
23
-798.8200566883365
33
357.2995305516688
0
LINE
5
E9F3
330
E8BF
100
AcDbEntity
100
AcDbLine
8
EKP_MATSING_ANTEN
10
-3454.25
20
357.2995305516686
30
-798.8200566883365
11
-3379.8456754141275
21
331.83371458785746
31
-824.2858726521478
0
LINE
5
E9F4
330
E8BF
100
AcDbEntity
100
AcDbLine
8
EKP_MATSING_ANTEN
10
-3454.25
20
-798.8200566883365
30
357.2995305516688
11
-3379.8456754141275
21
-824.2858726521476
31
331.83371458785757
0
LINE
5
E9F5
330
E8BF
100
AcDbEntity
100
AcDbLine
8
EKP_MATSING_ANTEN
10
-3454.25
20
357.2995305516686
30
-798.8200566883365
11
-3454.25
21
-798.8200566883365
31
357.2995305516688
0
3DFACE
5
E9F6
330
E8BF
100
AcDbEntity
100
AcDbFace
8
EKP_MATSING_ANTEN
10
-3379.8456754141275
20
331.83371458785746
30
-824.2858726521478
11
-3300
21
323.14779900225216
31
-832.971788237753
12
-3300
22
-832.9717882377529
32
323.1477990022523
13
-3379.8456754141275
23
-824.2858726521476
33
331.83371458785757
0
LINE
5
E9F7
330
E8BF
100
AcDbEntity
100
AcDbLine
8
EKP_MATSING_ANTEN
10
-3379.8456754141275
20
331.83371458785746
30
-824.2858726521478
11
-3300
21
323.14779900225216
31
-832.971788237753
0
LINE
5
E9F8
330
E8BF
100
AcDbEntity
100
AcDbLine
8
EKP_MATSING_ANTEN
10
-3379.8456754141275
20
-824.2858726521476
30
331.83371458785757
11
-3300
21
-832.9717882377529
31
323.1477990022523
0
LINE
5
E9F9
330
E8BF
100
AcDbEntity
100
AcDbLine
8
EKP_MATSING_ANTEN
10
-3379.8456754141275
20
331.83371458785746
30
-824.2858726521478
11
-3379.8456754141275
21
-824.2858726521476
31
331.83371458785757
0
3DFACE
5
E9FA
330
E8BF
100
AcDbEntity
100
AcDbFace
8
EKP_MATSING_ANTEN
10
-3300
20
323.14779900225216
30
-832.971788237753
11
-3220.1543245858725
21
331.83371458785746
31
-824.2858726521476
12
-3220.1543245858725
22
-824.2858726521476
32
331.8337145878576
13
-3300
23
-832.9717882377529
33
323.1477990022523
0
LINE
5
E9FB
330
E8BF
100
AcDbEntity
100
AcDbLine
8
EKP_MATSING_ANTEN
10
-3300
20
323.14779900225216
30
-832.971788237753
11
-3220.1543245858725
21
331.83371458785746
31
-824.2858726521476
0
LINE
5
E9FC
330
E8BF
100
AcDbEntity
100
AcDbLine
8
EKP_MATSING_ANTEN
10
-3300
20
-832.9717882377529
30
323.1477990022523
11
-3220.1543245858725
21
-824.2858726521476
31
331.8337145878576
0
LINE
5
E9FD
330
E8BF
100
AcDbEntity
100
AcDbLine
8
EKP_MATSING_ANTEN
10
-3300
20
323.14779900225216
30
-832.971788237753
11
-3300
21
-832.9717882377529
31
323.1477990022523
0
3DFACE
5
E9FE
330
E8BF
100
AcDbEntity
100
AcDbFace
8
EKP_MATSING_ANTEN
10
-3220.1543245858725
20
331.83371458785746
30
-824.2858726521476
11
-3145.75
21
357.2995305516686
31
-798.8200566883365
12
-3145.75
22
-798.8200566883365
32
357.2995305516688
13
-3220.1543245858725
23
-824.2858726521476
33
331.8337145878576
0
LINE
5
E9FF
330
E8BF
100
AcDbEntity
100
AcDbLine
8
EKP_MATSING_ANTEN
10
-3220.1543245858725
20
331.83371458785746
30
-824.2858726521476
11
-3145.75
21
357.2995305516686
31
-798.8200566883365
0
LINE
5
EA00
330
E8BF
100
AcDbEntity
100
AcDbLine
8
EKP_MATSING_ANTEN
10
-3220.1543245858725
20
-824.2858726521476
30
331.8337145878576
11
-3145.75
21
-798.8200566883365
31
357.2995305516688
0
LINE
5
EA01
330
E8BF
100
AcDbEntity
100
AcDbLine
8
EKP_MATSING_ANTEN
10
-3220.1543245858725
20
331.83371458785746
30
-824.2858726521476
11
-3220.1543245858725
21
-824.2858726521476
31
331.8337145878576
0
3DFACE
5
EA02
330
E8BF
100
AcDbEntity
100
AcDbFace
8
EKP_MATSING_ANTEN
10
-3145.75
20
357.2995305516686
30
-798.8200566883365
11
-3081.85755800395
21
397.80979362000255
31
-758.3097936200027
12
-3081.85755800395
22
-758.3097936200026
32
397.80979362000267
13
-3145.75
23
-798.8200566883365
33
357.2995305516688
0
LINE
5
EA03
330
E8BF
100
AcDbEntity
100
AcDbLine
8
EKP_MATSING_ANTEN
10
-3145.75
20
357.2995305516686
30
-798.8200566883365
11
-3081.85755800395
21
397.80979362000255
31
-758.3097936200027
0
LINE
5
EA04
330
E8BF
100
AcDbEntity
100
AcDbLine
8
EKP_MATSING_ANTEN
10
-3145.75
20
-798.8200566883365
30
357.2995305516688
11
-3081.85755800395
21
-758.3097936200026
31
397.80979362000267
0
LINE
5
EA05
330
E8BF
100
AcDbEntity
100
AcDbLine
8
EKP_MATSING_ANTEN
10
-3145.75
20
357.2995305516686
30
-798.8200566883365
11
-3145.75
21
-798.8200566883365
31
357.2995305516688
0
3DFACE
5
EA06
330
E8BF
100
AcDbEntity
100
AcDbFace
8
EKP_MATSING_ANTEN
10
-3081.85755800395
20
397.80979362000255
30
-758.3097936200027
11
-3032.831162932501
21
450.6037963111274
31
-705.5157909288778
12
-3032.831162932501
22
-705.5157909288778
32
450.6037963111275
13
-3081.85755800395
23
-758.3097936200026
33
397.80979362000267
0
LINE
5
EA07
330
E8BF
100
AcDbEntity
100
AcDbLine
8
EKP_MATSING_ANTEN
10
-3081.85755800395
20
397.80979362000255
30
-758.3097936200027
11
-3032.831162932501
21
450.6037963111274
31
-705.5157909288778
0
LINE
5
EA08
330
E8BF
100
AcDbEntity
100
AcDbLine
8
EKP_MATSING_ANTEN
10
-3081.85755800395
20
-758.3097936200026
30
397.80979362000267
11
-3032.831162932501
21
-705.5157909288778
31
450.6037963111275
0
LINE
5
EA09
330
E8BF
100
AcDbEntity
100
AcDbLine
8
EKP_MATSING_ANTEN
10
-3081.85755800395
20
397.80979362000255
30
-758.3097936200027
11
-3081.85755800395
21
-758.3097936200026
31
397.80979362000267
0
3DFACE
5
EA0A
330
E8BF
100
AcDbEntity
100
AcDbFace
8
EKP_MATSING_ANTEN
10
-3032.831162932501
20
450.6037963111274
30
-705.5157909288778
11
-3002.0118825898226
21
512.0837145878575
31
-644.0358726521478
12
-3002.0118825898226
22
-644.0358726521476
32
512.0837145878576
13
-3032.831162932501
23
-705.5157909288778
33
450.6037963111275
0
LINE
5
EA0B
330
E8BF
100
AcDbEntity
100
AcDbLine
8
EKP_MATSING_ANTEN
10
-3032.831162932501
20
450.6037963111274
30
-705.5157909288778
11
-3002.0118825898226
21
512.0837145878575
31
-644.0358726521478
0
LINE
5
EA0C
330
E8BF
100
AcDbEntity
100
AcDbLine
8
EKP_MATSING_ANTEN
10
-3032.831162932501
20
-705.5157909288778
30
450.6037963111275
11
-3002.0118825898226
21
-644.0358726521476
31
512.0837145878576
0
LINE
5
EA0D
330
E8BF
100
AcDbEntity
100
AcDbLine
8
EKP_MATSING_ANTEN
10
-3032.831162932501
20
450.6037963111274
30
-705.5157909288778
11
-3032.831162932501
21
-705.5157909288778
31
450.6037963111275
0
3DFACE
5
EA0E
330
E8BF
100
AcDbEntity
100
AcDbFace
8
EKP_MATSING_ANTEN
10
-3002.0118825898226
20
512.0837145878575
30
-644.0358726521478
11
-2991.5
21
578.0597936200026
31
-578.0597936200027
12
-2991.5
22
-578.0597936200026
32
578.0597936200027
13
-3002.0118825898226
23
-644.0358726521476
33
512.0837145878576
0
LINE
5
EA0F
330
E8BF
100
AcDbEntity
100
AcDbLine
8
EKP_MATSING_ANTEN
10
-3002.0118825898226
20
512.0837145878575
30
-644.0358726521478
11
-2991.5
21
578.0597936200026
31
-578.0597936200027
0
LINE
5
EA10
330
E8BF
100
AcDbEntity
100
AcDbLine
8
EKP_MATSING_ANTEN
10
-3002.0118825898226
20
-644.0358726521476
30
512.0837145878576
11
-2991.5
21
-578.0597936200026
31
578.0597936200027
0
LINE
5
EA11
330
E8BF
100
AcDbEntity
100
AcDbLine
8
EKP_MATSING_ANTEN
10
-3002.0118825898226
20
512.0837145878575
30
-644.0358726521478
11
-3002.0118825898226
21
-644.0358726521476
31
512.0837145878576
0
3DFACE
5
EA79
330
E8BF
100
AcDbEntity
100
AcDbFace
8
EKP_MATSING_ANTEN
10
6551.624766386712
20
788.2085592110169
30
-578.0597936200027
11
6544.702599488432
21
721.7598851424516
31
-644.0358726521478
12
6245.476831894653
22
-394.96588245132693
32
512.0837145878576
13
6252.3989987929335
23
-328.5172083827616
33
578.0597936200027
0
LINE
5
EA7A
330
E8BF
100
AcDbEntity
100
AcDbLine
8
EKP_MATSING_ANTEN
10
6551.624766386712
20
788.2085592110169
30
-578.0597936200027
11
6544.702599488432
21
721.7598851424516
31
-644.0358726521478
0
LINE
5
EA7B
330
E8BF
100
AcDbEntity
100
AcDbLine
8
EKP_MATSING_ANTEN
10
6252.3989987929335
20
-328.5172083827616
30
578.0597936200027
11
6245.476831894653
21
-394.96588245132693
31
512.0837145878576
0
LINE
5
EA7C
330
E8BF
100
AcDbEntity
100
AcDbLine
8
EKP_MATSING_ANTEN
10
6551.624766386712
20
788.2085592110169
30
-578.0597936200027
11
6252.3989987929335
21
-328.5172083827616
31
578.0597936200027
0
3DFACE
5
EA7D
330
E8BF
100
AcDbEntity
100
AcDbFace
8
EKP_MATSING_ANTEN
10
6544.702599488432
20
721.7598851424516
30
-644.0358726521478
11
6558.559564577703
21
654.3982275717779
31
-705.5157909288778
12
6259.333796983924
22
-462.3275400220008
32
450.6037963111275
13
6245.476831894653
23
-394.96588245132693
33
512.0837145878576
0
LINE
5
EA7E
330
E8BF
100
AcDbEntity
100
AcDbLine
8
EKP_MATSING_ANTEN
10
6544.702599488432
20
721.7598851424516
30
-644.0358726521478
11
6558.559564577703
21
654.3982275717779
31
-705.5157909288778
0
LINE
5
EA7F
330
E8BF
100
AcDbEntity
100
AcDbLine
8
EKP_MATSING_ANTEN
10
6245.476831894653
20
-394.96588245132693
30
512.0837145878576
11
6259.333796983924
21
-462.3275400220008
31
450.6037963111275
0
LINE
5
EA80
330
E8BF
100
AcDbEntity
100
AcDbLine
8
EKP_MATSING_ANTEN
10
6544.702599488432
20
721.7598851424516
30
-644.0358726521478
11
6245.476831894653
21
-394.96588245132693
31
512.0837145878576
0
3DFACE
5
EA81
330
E8BF
100
AcDbEntity
100
AcDbFace
8
EKP_MATSING_ANTEN
10
6558.559564577703
20
654.3982275717779
30
-705.5157909288778
11
6592.25133238341
21
590.7141721420344
31
-758.3097936200027
12
6293.025564789632
22
-526.0115954517443
32
397.80979362000267
13
6259.333796983924
23
-462.3275400220008
33
450.6037963111275
0
LINE
5
EA82
330
E8BF
100
AcDbEntity
100
AcDbLine
8
EKP_MATSING_ANTEN
10
6558.559564577703
20
654.3982275717779
30
-705.5157909288778
11
6592.25133238341
21
590.7141721420344
31
-758.3097936200027
0
LINE
5
EA83
330
E8BF
100
AcDbEntity
100
AcDbLine
8
EKP_MATSING_ANTEN
10
6259.333796983924
20
-462.3275400220008
30
450.6037963111275
11
6293.025564789632
21
-526.0115954517443
31
397.80979362000267
0
LINE
5
EA84
330
E8BF
100
AcDbEntity
100
AcDbLine
8
EKP_MATSING_ANTEN
10
6558.559564577703
20
654.3982275717779
30
-705.5157909288778
11
6259.333796983924
21
-462.3275400220008
31
450.6037963111275
0
3DFACE
5
EA85
330
E8BF
100
AcDbEntity
100
AcDbFace
8
EKP_MATSING_ANTEN
10
6592.25133238341
20
590.7141721420344
30
-758.3097936200027
11
6643.481864607873
21
535.0476819878805
31
-798.8200566883365
12
6344.256097014095
22
-581.678085605898
32
357.2995305516688
13
6293.025564789632
23
-526.0115954517443
33
397.80979362000267
0
LINE
5
EA86
330
E8BF
100
AcDbEntity
100
AcDbLine
8
EKP_MATSING_ANTEN
10
6592.25133238341
20
590.7141721420344
30
-758.3097936200027
11
6643.481864607873
21
535.0476819878805
31
-798.8200566883365
0
LINE
5
EA87
330
E8BF
100
AcDbEntity
100
AcDbLine
8
EKP_MATSING_ANTEN
10
6293.025564789632
20
-526.0115954517443
30
397.80979362000267
11
6344.256097014095
21
-581.678085605898
31
357.2995305516688
0
LINE
5
EA88
330
E8BF
100
AcDbEntity
100
AcDbLine
8
EKP_MATSING_ANTEN
10
6592.25133238341
20
590.7141721420344
30
-758.3097936200027
11
6293.025564789632
21
-526.0115954517443
31
397.80979362000267
0
3DFACE
5
EA89
330
E8BF
100
AcDbEntity
100
AcDbFace
8
EKP_MATSING_ANTEN
10
6643.481864607873
20
535.0476819878805
30
-798.8200566883365
11
6708.759885142452
21
491.19233642009743
31
-824.2858726521478
12
6409.534117548673
22
-625.533431173681
32
331.83371458785757
13
6344.256097014095
23
-581.678085605898
33
357.2995305516688
0
LINE
5
EA8A
330
E8BF
100
AcDbEntity
100
AcDbLine
8
EKP_MATSING_ANTEN
10
6643.481864607873
20
535.0476819878805
30
-798.8200566883365
11
6708.759885142452
21
491.19233642009743
31
-824.2858726521478
0
LINE
5
EA8B
330
E8BF
100
AcDbEntity
100
AcDbLine
8
EKP_MATSING_ANTEN
10
6344.256097014095
20
-581.678085605898
30
357.2995305516688
11
6409.534117548673
21
-625.533431173681
31
331.83371458785757
0
LINE
5
EA8C
330
E8BF
100
AcDbEntity
100
AcDbLine
8
EKP_MATSING_ANTEN
10
6643.481864607873
20
535.0476819878805
30
-798.8200566883365
11
6344.256097014095
21
-581.678085605898
31
357.2995305516688
0
3DFACE
5
EA8D
330
E8BF
100
AcDbEntity
100
AcDbFace
8
EKP_MATSING_ANTEN
10
6708.759885142452
20
491.19233642009743
30
-824.2858726521478
11
6783.636804764744
21
462.13680476474417
31
-832.971788237753
12
6484.411037170966
22
-654.5889628290342
32
323.1477990022523
13
6409.534117548673
23
-625.533431173681
33
331.83371458785757
0
LINE
5
EA8E
330
E8BF
100
AcDbEntity
100
AcDbLine
8
EKP_MATSING_ANTEN
10
6708.759885142452
20
491.19233642009743
30
-824.2858726521478
11
6783.636804764744
21
462.13680476474417
31
-832.971788237753
0
LINE
5
EA8F
330
E8BF
100
AcDbEntity
100
AcDbLine
8
EKP_MATSING_ANTEN
10
6409.534117548673
20
-625.533431173681
30
331.83371458785757
11
6484.411037170966
21
-654.5889628290342
31
323.1477990022523
0
LINE
5
EA90
330
E8BF
100
AcDbEntity
100
AcDbLine
8
EKP_MATSING_ANTEN
10
6708.759885142452
20
491.19233642009743
30
-824.2858726521478
11
6409.534117548673
21
-625.533431173681
31
331.83371458785757
0
3DFACE
5
EA91
330
E8BF
100
AcDbEntity
100
AcDbFace
8
EKP_MATSING_ANTEN
10
6783.636804764744
20
462.13680476474417
30
-832.971788237753
11
6863.009885142452
21
449.8611734875968
31
-824.2858726521476
12
6563.784117548673
22
-666.8645941061818
32
331.8337145878576
13
6484.411037170966
23
-654.5889628290342
33
323.1477990022523
0
LINE
5
EA92
330
E8BF
100
AcDbEntity
100
AcDbLine
8
EKP_MATSING_ANTEN
10
6783.636804764744
20
462.13680476474417
30
-832.971788237753
11
6863.009885142452
21
449.8611734875968
31
-824.2858726521476
0
LINE
5
EA93
330
E8BF
100
AcDbEntity
100
AcDbLine
8
EKP_MATSING_ANTEN
10
6484.411037170966
20
-654.5889628290342
30
323.1477990022523
11
6563.784117548673
21
-666.8645941061818
31
331.8337145878576
0
LINE
5
EA94
330
E8BF
100
AcDbEntity
100
AcDbLine
8
EKP_MATSING_ANTEN
10
6783.636804764744
20
462.13680476474417
30
-832.971788237753
11
6484.411037170966
21
-654.5889628290342
31
323.1477990022523
0
3DFACE
5
EA95
330
E8BF
100
AcDbEntity
100
AcDbFace
8
EKP_MATSING_ANTEN
10
6863.009885142452
20
449.8611734875968
30
-824.2858726521476
11
6941.46998201805
21
455.2020065737529
31
-798.8200566883365
12
6642.244214424272
22
-661.5237610200256
32
357.2995305516688
13
6563.784117548673
23
-666.8645941061818
33
331.8337145878576
0
LINE
5
EA96
330
E8BF
100
AcDbEntity
100
AcDbLine
8
EKP_MATSING_ANTEN
10
6863.009885142452
20
449.8611734875968
30
-824.2858726521476
11
6941.46998201805
21
455.2020065737529
31
-798.8200566883365
0
LINE
5
EA97
330
E8BF
100
AcDbEntity
100
AcDbLine
8
EKP_MATSING_ANTEN
10
6563.784117548673
20
-666.8645941061818
30
331.8337145878576
11
6642.244214424272
21
-661.5237610200256
31
357.2995305516688
0
LINE
5
EA98
330
E8BF
100
AcDbEntity
100
AcDbLine
8
EKP_MATSING_ANTEN
10
6863.009885142452
20
449.8611734875968
30
-824.2858726521476
11
6563.784117548673
21
-666.8645941061818
31
331.8337145878576
0
3DFACE
5
EA99
330
E8BF
100
AcDbEntity
100
AcDbFace
8
EKP_MATSING_ANTEN
10
6941.46998201805
20
455.2020065737529
30
-798.8200566883365
11
7013.670169450909
21
477.79533507453505
31
-758.3097936200027
12
6714.444401857131
22
-638.9304325192435
32
397.80979362000267
13
6642.244214424272
23
-661.5237610200256
33
357.2995305516688
0
LINE
5
EA9A
330
E8BF
100
AcDbEntity
100
AcDbLine
8
EKP_MATSING_ANTEN
10
6941.46998201805
20
455.2020065737529
30
-798.8200566883365
11
7013.670169450909
21
477.79533507453505
31
-758.3097936200027
0
LINE
5
EA9B
330
E8BF
100
AcDbEntity
100
AcDbLine
8
EKP_MATSING_ANTEN
10
6642.244214424272
20
-661.5237610200256
30
357.2995305516688
11
6714.444401857131
21
-638.9304325192435
31
397.80979362000267
0
LINE
5
EA9C
330
E8BF
100
AcDbEntity
100
AcDbLine
8
EKP_MATSING_ANTEN
10
6941.46998201805
20
455.2020065737529
30
-798.8200566883365
11
6642.244214424272
21
-661.5237610200256
31
357.2995305516688
0
3DFACE
5
EA9D
330
E8BF
100
AcDbEntity
100
AcDbFace
8
EKP_MATSING_ANTEN
10
7013.670169450909
20
477.79533507453505
30
-758.3097936200027
11
7074.690123983931
21
516.1014609898557
31
-705.5157909288778
12
6775.464356390152
22
-600.624306603923
32
450.6037963111275
13
6714.444401857131
23
-638.9304325192435
33
397.80979362000267
0
LINE
5
EA9E
330
E8BF
100
AcDbEntity
100
AcDbLine
8
EKP_MATSING_ANTEN
10
7013.670169450909
20
477.79533507453505
30
-758.3097936200027
11
7074.690123983931
21
516.1014609898557
31
-705.5157909288778
0
LINE
5
EA9F
330
E8BF
100
AcDbEntity
100
AcDbLine
8
EKP_MATSING_ANTEN
10
6714.444401857131
20
-638.9304325192435
30
397.80979362000267
11
6775.464356390152
21
-600.624306603923
31
450.6037963111275
0
LINE
5
EAA0
330
E8BF
100
AcDbEntity
100
AcDbLine
8
EKP_MATSING_ANTEN
10
7013.670169450909
20
477.79533507453505
30
-758.3097936200027
11
6714.444401857131
21
-638.9304325192435
31
397.80979362000267
0
3DFACE
5
EAA1
330
E8BF
100
AcDbEntity
100
AcDbFace
8
EKP_MATSING_ANTEN
10
7074.690123983931
20
516.1014609898557
30
-705.5157909288778
11
7120.371436555931
21
567.5098851424516
31
-644.0358726521478
12
6821.145668962152
22
-549.2158824513269
32
512.0837145878576
13
6775.464356390152
23
-600.624306603923
33
450.6037963111275
0
LINE
5
EAA2
330
E8BF
100
AcDbEntity
100
AcDbLine
8
EKP_MATSING_ANTEN
10
7074.690123983931
20
516.1014609898557
30
-705.5157909288778
11
7120.371436555931
21
567.5098851424516
31
-644.0358726521478
0
LINE
5
EAA3
330
E8BF
100
AcDbEntity
100
AcDbLine
8
EKP_MATSING_ANTEN
10
6775.464356390152
20
-600.624306603923
30
450.6037963111275
11
6821.145668962152
21
-549.2158824513269
31
512.0837145878576
0
LINE
5
EAA4
330
E8BF
100
AcDbEntity
100
AcDbLine
8
EKP_MATSING_ANTEN
10
7074.690123983931
20
516.1014609898557
30
-705.5157909288778
11
6775.464356390152
21
-600.624306603923
31
450.6037963111275
0
3DFACE
5
EAA5
330
E8BF
100
AcDbEntity
100
AcDbFace
8
EKP_MATSING_ANTEN
10
7120.371436555931
20
567.5098851424516
30
-644.0358726521478
11
7147.6010012070665
21
628.5172083827616
31
-578.0597936200027
12
6848.375233613288
22
-488.2085592110169
32
578.0597936200027
13
6821.145668962152
23
-549.2158824513269
33
512.0837145878576
0
LINE
5
EAA6
330
E8BF
100
AcDbEntity
100
AcDbLine
8
EKP_MATSING_ANTEN
10
7120.371436555931
20
567.5098851424516
30
-644.0358726521478
11
7147.6010012070665
21
628.5172083827616
31
-578.0597936200027
0
LINE
5
EAA7
330
E8BF
100
AcDbEntity
100
AcDbLine
8
EKP_MATSING_ANTEN
10
6821.145668962152
20
-549.2158824513269
30
512.0837145878576
11
6848.375233613288
21
-488.2085592110169
31
578.0597936200027
0
LINE
5
EAA8
330
E8BF
100
AcDbEntity
100
AcDbLine
8
EKP_MATSING_ANTEN
10
7120.371436555931
20
567.5098851424516
30
-644.0358726521478
11
6821.145668962152
21
-549.2158824513269
31
512.0837145878576
0
3DFACE
5
EAFE
330
E8BF
100
AcDbEntity
100
AcDbFace
8
EKP_MATSING_ANTEN
10
7691.5
20
578.0597936200026
30
-578.0597936200027
11
7702.011882589823
21
512.0837145878575
31
-644.0358726521478
12
7702.011882589823
22
-644.0358726521476
32
512.0837145878576
13
7691.5
23
-578.0597936200026
33
578.0597936200027
0
LINE
5
EAFF
330
E8BF
100
AcDbEntity
100
AcDbLine
8
EKP_MATSING_ANTEN
10
7691.5
20
578.0597936200026
30
-578.0597936200027
11
7702.011882589823
21
512.0837145878575
31
-644.0358726521478
0
LINE
5
EB00
330
E8BF
100
AcDbEntity
100
AcDbLine
8
EKP_MATSING_ANTEN
10
7691.5
20
-578.0597936200026
30
578.0597936200027
11
7702.011882589823
21
-644.0358726521476
31
512.0837145878576
0
LINE
5
EB01
330
E8BF
100
AcDbEntity
100
AcDbLine
8
EKP_MATSING_ANTEN
10
7691.5
20
578.0597936200026
30
-578.0597936200027
11
7691.5
21
-578.0597936200026
31
578.0597936200027
0
3DFACE
5
EB02
330
E8BF
100
AcDbEntity
100
AcDbFace
8
EKP_MATSING_ANTEN
10
7702.011882589823
20
512.0837145878575
30
-644.0358726521478
11
7732.831162932501
21
450.6037963111274
31
-705.5157909288778
12
7732.831162932501
22
-705.5157909288778
32
450.6037963111275
13
7702.011882589823
23
-644.0358726521476
33
512.0837145878576
0
LINE
5
EB03
330
E8BF
100
AcDbEntity
100
AcDbLine
8
EKP_MATSING_ANTEN
10
7702.011882589823
20
512.0837145878575
30
-644.0358726521478
11
7732.831162932501
21
450.6037963111274
31
-705.5157909288778
0
LINE
5
EB04
330
E8BF
100
AcDbEntity
100
AcDbLine
8
EKP_MATSING_ANTEN
10
7702.011882589823
20
-644.0358726521476
30
512.0837145878576
11
7732.831162932501
21
-705.5157909288778
31
450.6037963111275
0
LINE
5
EB05
330
E8BF
100
AcDbEntity
100
AcDbLine
8
EKP_MATSING_ANTEN
10
7702.011882589823
20
512.0837145878575
30
-644.0358726521478
11
7702.011882589823
21
-644.0358726521476
31
512.0837145878576
0
3DFACE
5
EB06
330
E8BF
100
AcDbEntity
100
AcDbFace
8
EKP_MATSING_ANTEN
10
7732.831162932501
20
450.6037963111274
30
-705.5157909288778
11
7781.8575580039505
21
397.80979362000255
31
-758.3097936200027
12
7781.8575580039505
22
-758.3097936200026
32
397.80979362000267
13
7732.831162932501
23
-705.5157909288778
33
450.6037963111275
0
LINE
5
EB07
330
E8BF
100
AcDbEntity
100
AcDbLine
8
EKP_MATSING_ANTEN
10
7732.831162932501
20
450.6037963111274
30
-705.5157909288778
11
7781.8575580039505
21
397.80979362000255
31
-758.3097936200027
0
LINE
5
EB08
330
E8BF
100
AcDbEntity
100
AcDbLine
8
EKP_MATSING_ANTEN
10
7732.831162932501
20
-705.5157909288778
30
450.6037963111275
11
7781.8575580039505
21
-758.3097936200026
31
397.80979362000267
0
LINE
5
EB09
330
E8BF
100
AcDbEntity
100
AcDbLine
8
EKP_MATSING_ANTEN
10
7732.831162932501
20
450.6037963111274
30
-705.5157909288778
11
7732.831162932501
21
-705.5157909288778
31
450.6037963111275
0
3DFACE
5
EB0A
330
E8BF
100
AcDbEntity
100
AcDbFace
8
EKP_MATSING_ANTEN
10
7781.8575580039505
20
397.80979362000255
30
-758.3097936200027
11
7845.75
21
357.2995305516686
31
-798.8200566883365
12
7845.75
22
-798.8200566883365
32
357.2995305516688
13
7781.8575580039505
23
-758.3097936200026
33
397.80979362000267
0
LINE
5
EB0B
330
E8BF
100
AcDbEntity
100
AcDbLine
8
EKP_MATSING_ANTEN
10
7781.8575580039505
20
397.80979362000255
30
-758.3097936200027
11
7845.75
21
357.2995305516686
31
-798.8200566883365
0
LINE
5
EB0C
330
E8BF
100
AcDbEntity
100
AcDbLine
8
EKP_MATSING_ANTEN
10
7781.8575580039505
20
-758.3097936200026
30
397.80979362000267
11
7845.75
21
-798.8200566883365
31
357.2995305516688
0
LINE
5
EB0D
330
E8BF
100
AcDbEntity
100
AcDbLine
8
EKP_MATSING_ANTEN
10
7781.8575580039505
20
397.80979362000255
30
-758.3097936200027
11
7781.8575580039505
21
-758.3097936200026
31
397.80979362000267
0
3DFACE
5
EB0E
330
E8BF
100
AcDbEntity
100
AcDbFace
8
EKP_MATSING_ANTEN
10
7845.75
20
357.2995305516686
30
-798.8200566883365
11
7920.154324585872
21
331.83371458785746
31
-824.2858726521478
12
7920.154324585872
22
-824.2858726521476
32
331.83371458785757
13
7845.75
23
-798.8200566883365
33
357.2995305516688
0
LINE
5
EB0F
330
E8BF
100
AcDbEntity
100
AcDbLine
8
EKP_MATSING_ANTEN
10
7845.75
20
357.2995305516686
30
-798.8200566883365
11
7920.154324585872
21
331.83371458785746
31
-824.2858726521478
0
LINE
5
EB10
330
E8BF
100
AcDbEntity
100
AcDbLine
8
EKP_MATSING_ANTEN
10
7845.75
20
-798.8200566883365
30
357.2995305516688
11
7920.154324585872
21
-824.2858726521476
31
331.83371458785757
0
LINE
5
EB11
330
E8BF
100
AcDbEntity
100
AcDbLine
8
EKP_MATSING_ANTEN
10
7845.75
20
357.2995305516686
30
-798.8200566883365
11
7845.75
21
-798.8200566883365
31
357.2995305516688
0
3DFACE
5
EB12
330
E8BF
100
AcDbEntity
100
AcDbFace
8
EKP_MATSING_ANTEN
10
7920.154324585872
20
331.83371458785746
30
-824.2858726521478
11
8000
21
323.14779900225216
31
-832.971788237753
12
8000
22
-832.9717882377529
32
323.1477990022523
13
7920.154324585872
23
-824.2858726521476
33
331.83371458785757
0
LINE
5
EB13
330
E8BF
100
AcDbEntity
100
AcDbLine
8
EKP_MATSING_ANTEN
10
7920.154324585872
20
331.83371458785746
30
-824.2858726521478
11
8000
21
323.14779900225216
31
-832.971788237753
0
LINE
5
EB14
330
E8BF
100
AcDbEntity
100
AcDbLine
8
EKP_MATSING_ANTEN
10
7920.154324585872
20
-824.2858726521476
30
331.83371458785757
11
8000
21
-832.9717882377529
31
323.1477990022523
0
LINE
5
EB15
330
E8BF
100
AcDbEntity
100
AcDbLine
8
EKP_MATSING_ANTEN
10
7920.154324585872
20
331.83371458785746
30
-824.2858726521478
11
7920.154324585872
21
-824.2858726521476
31
331.83371458785757
0
3DFACE
5
EB16
330
E8BF
100
AcDbEntity
100
AcDbFace
8
EKP_MATSING_ANTEN
10
8000
20
323.14779900225216
30
-832.971788237753
11
8079.845675414128
21
331.83371458785746
31
-824.2858726521476
12
8079.845675414128
22
-824.2858726521476
32
331.8337145878576
13
8000
23
-832.9717882377529
33
323.1477990022523
0
LINE
5
EB17
330
E8BF
100
AcDbEntity
100
AcDbLine
8
EKP_MATSING_ANTEN
10
8000
20
323.14779900225216
30
-832.971788237753
11
8079.845675414128
21
331.83371458785746
31
-824.2858726521476
0
LINE
5
EB18
330
E8BF
100
AcDbEntity
100
AcDbLine
8
EKP_MATSING_ANTEN
10
8000
20
-832.9717882377529
30
323.1477990022523
11
8079.845675414128
21
-824.2858726521476
31
331.8337145878576
0
LINE
5
EB19
330
E8BF
100
AcDbEntity
100
AcDbLine
8
EKP_MATSING_ANTEN
10
8000
20
323.14779900225216
30
-832.971788237753
11
8000
21
-832.9717882377529
31
323.1477990022523
0
3DFACE
5
EB1A
330
E8BF
100
AcDbEntity
100
AcDbFace
8
EKP_MATSING_ANTEN
10
8079.845675414128
20
331.83371458785746
30
-824.2858726521476
11
8154.25
21
357.2995305516686
31
-798.8200566883365
12
8154.25
22
-798.8200566883365
32
357.2995305516688
13
8079.845675414128
23
-824.2858726521476
33
331.8337145878576
0
LINE
5
EB1B
330
E8BF
100
AcDbEntity
100
AcDbLine
8
EKP_MATSING_ANTEN
10
8079.845675414128
20
331.83371458785746
30
-824.2858726521476
11
8154.25
21
357.2995305516686
31
-798.8200566883365
0
LINE
5
EB1C
330
E8BF
100
AcDbEntity
100
AcDbLine
8
EKP_MATSING_ANTEN
10
8079.845675414128
20
-824.2858726521476
30
331.8337145878576
11
8154.25
21
-798.8200566883365
31
357.2995305516688
0
LINE
5
EB1D
330
E8BF
100
AcDbEntity
100
AcDbLine
8
EKP_MATSING_ANTEN
10
8079.845675414128
20
331.83371458785746
30
-824.2858726521476
11
8079.845675414128
21
-824.2858726521476
31
331.8337145878576
0
3DFACE
5
EB1E
330
E8BF
100
AcDbEntity
100
AcDbFace
8
EKP_MATSING_ANTEN
10
8154.25
20
357.2995305516686
30
-798.8200566883365
11
8218.14244199605
21
397.80979362000255
31
-758.3097936200027
12
8218.14244199605
22
-758.3097936200026
32
397.80979362000267
13
8154.25
23
-798.8200566883365
33
357.2995305516688
0
LINE
5
EB1F
330
E8BF
100
AcDbEntity
100
AcDbLine
8
EKP_MATSING_ANTEN
10
8154.25
20
357.2995305516686
30
-798.8200566883365
11
8218.14244199605
21
397.80979362000255
31
-758.3097936200027
0
LINE
5
EB20
330
E8BF
100
AcDbEntity
100
AcDbLine
8
EKP_MATSING_ANTEN
10
8154.25
20
-798.8200566883365
30
357.2995305516688
11
8218.14244199605
21
-758.3097936200026
31
397.80979362000267
0
LINE
5
EB21
330
E8BF
100
AcDbEntity
100
AcDbLine
8
EKP_MATSING_ANTEN
10
8154.25
20
357.2995305516686
30
-798.8200566883365
11
8154.25
21
-798.8200566883365
31
357.2995305516688
0
3DFACE
5
EB22
330
E8BF
100
AcDbEntity
100
AcDbFace
8
EKP_MATSING_ANTEN
10
8218.14244199605
20
397.80979362000255
30
-758.3097936200027
11
8267.1688370675
21
450.6037963111274
31
-705.5157909288778
12
8267.1688370675
22
-705.5157909288778
32
450.6037963111275
13
8218.14244199605
23
-758.3097936200026
33
397.80979362000267
0
LINE
5
EB23
330
E8BF
100
AcDbEntity
100
AcDbLine
8
EKP_MATSING_ANTEN
10
8218.14244199605
20
397.80979362000255
30
-758.3097936200027
11
8267.1688370675
21
450.6037963111274
31
-705.5157909288778
0
LINE
5
EB24
330
E8BF
100
AcDbEntity
100
AcDbLine
8
EKP_MATSING_ANTEN
10
8218.14244199605
20
-758.3097936200026
30
397.80979362000267
11
8267.1688370675
21
-705.5157909288778
31
450.6037963111275
0
LINE
5
EB25
330
E8BF
100
AcDbEntity
100
AcDbLine
8
EKP_MATSING_ANTEN
10
8218.14244199605
20
397.80979362000255
30
-758.3097936200027
11
8218.14244199605
21
-758.3097936200026
31
397.80979362000267
0
3DFACE
5
EB26
330
E8BF
100
AcDbEntity
100
AcDbFace
8
EKP_MATSING_ANTEN
10
8267.1688370675
20
450.6037963111274
30
-705.5157909288778
11
8297.988117410177
21
512.0837145878575
31
-644.0358726521478
12
8297.988117410177
22
-644.0358726521476
32
512.0837145878576
13
8267.1688370675
23
-705.5157909288778
33
450.6037963111275
0
LINE
5
EB27
330
E8BF
100
AcDbEntity
100
AcDbLine
8
EKP_MATSING_ANTEN
10
8267.1688370675
20
450.6037963111274
30
-705.5157909288778
11
8297.988117410177
21
512.0837145878575
31
-644.0358726521478
0
LINE
5
EB28
330
E8BF
100
AcDbEntity
100
AcDbLine
8
EKP_MATSING_ANTEN
10
8267.1688370675
20
-705.5157909288778
30
450.6037963111275
11
8297.988117410177
21
-644.0358726521476
31
512.0837145878576
0
LINE
5
EB29
330
E8BF
100
AcDbEntity
100
AcDbLine
8
EKP_MATSING_ANTEN
10
8267.1688370675
20
450.6037963111274
30
-705.5157909288778
11
8267.1688370675
21
-705.5157909288778
31
450.6037963111275
0
3DFACE
5
EB2A
330
E8BF
100
AcDbEntity
100
AcDbFace
8
EKP_MATSING_ANTEN
10
8297.988117410177
20
512.0837145878575
30
-644.0358726521478
11
8308.5
21
578.0597936200026
31
-578.0597936200027
12
8308.5
22
-578.0597936200026
32
578.0597936200027
13
8297.988117410177
23
-644.0358726521476
33
512.0837145878576
0
LINE
5
EB2B
330
E8BF
100
AcDbEntity
100
AcDbLine
8
EKP_MATSING_ANTEN
10
8297.988117410177
20
512.0837145878575
30
-644.0358726521478
11
8308.5
21
578.0597936200026
31
-578.0597936200027
0
LINE
5
EB2C
330
E8BF
100
AcDbEntity
100
AcDbLine
8
EKP_MATSING_ANTEN
10
8297.988117410177
20
-644.0358726521476
30
512.0837145878576
11
8308.5
21
-578.0597936200026
31
578.0597936200027
0
LINE
5
EB2D
330
E8BF
100
AcDbEntity
100
AcDbLine
8
EKP_MATSING_ANTEN
10
8297.988117410177
20
512.0837145878575
30
-644.0358726521478
11
8297.988117410177
21
-644.0358726521476
31
512.0837145878576
0
3DFACE
5
EB83
330
E8BF
100
AcDbEntity
100
AcDbFace
8
EKP_MATSING_ANTEN
10
8852.398998792933
20
628.5172083827616
30
-578.0597936200027
11
8879.62856344407
21
567.5098851424516
31
-644.0358726521478
12
9178.854331037848
22
-549.2158824513269
32
512.0837145878576
13
9151.624766386713
23
-488.2085592110169
33
578.0597936200027
0
LINE
5
EB84
330
E8BF
100
AcDbEntity
100
AcDbLine
8
EKP_MATSING_ANTEN
10
8852.398998792933
20
628.5172083827616
30
-578.0597936200027
11
8879.62856344407
21
567.5098851424516
31
-644.0358726521478
0
LINE
5
EB85
330
E8BF
100
AcDbEntity
100
AcDbLine
8
EKP_MATSING_ANTEN
10
9151.624766386713
20
-488.2085592110169
30
578.0597936200027
11
9178.854331037848
21
-549.2158824513269
31
512.0837145878576
0
LINE
5
EB86
330
E8BF
100
AcDbEntity
100
AcDbLine
8
EKP_MATSING_ANTEN
10
8852.398998792933
20
628.5172083827616
30
-578.0597936200027
11
9151.624766386713
21
-488.2085592110169
31
578.0597936200027
0
3DFACE
5
EB87
330
E8BF
100
AcDbEntity
100
AcDbFace
8
EKP_MATSING_ANTEN
10
8879.62856344407
20
567.5098851424516
30
-644.0358726521478
11
8925.30987601607
21
516.1014609898557
31
-705.5157909288778
12
9224.535643609848
22
-600.624306603923
32
450.6037963111275
13
9178.854331037848
23
-549.2158824513269
33
512.0837145878576
0
LINE
5
EB88
330
E8BF
100
AcDbEntity
100
AcDbLine
8
EKP_MATSING_ANTEN
10
8879.62856344407
20
567.5098851424516
30
-644.0358726521478
11
8925.30987601607
21
516.1014609898557
31
-705.5157909288778
0
LINE
5
EB89
330
E8BF
100
AcDbEntity
100
AcDbLine
8
EKP_MATSING_ANTEN
10
9178.854331037848
20
-549.2158824513269
30
512.0837145878576
11
9224.535643609848
21
-600.624306603923
31
450.6037963111275
0
LINE
5
EB8A
330
E8BF
100
AcDbEntity
100
AcDbLine
8
EKP_MATSING_ANTEN
10
8879.62856344407
20
567.5098851424516
30
-644.0358726521478
11
9178.854331037848
21
-549.2158824513269
31
512.0837145878576
0
3DFACE
5
EB8B
330
E8BF
100
AcDbEntity
100
AcDbFace
8
EKP_MATSING_ANTEN
10
8925.30987601607
20
516.1014609898557
30
-705.5157909288778
11
8986.32983054909
21
477.79533507453505
31
-758.3097936200027
12
9285.55559814287
22
-638.9304325192435
32
397.80979362000267
13
9224.535643609848
23
-600.624306603923
33
450.6037963111275
0
LINE
5
EB8C
330
E8BF
100
AcDbEntity
100
AcDbLine
8
EKP_MATSING_ANTEN
10
8925.30987601607
20
516.1014609898557
30
-705.5157909288778
11
8986.32983054909
21
477.79533507453505
31
-758.3097936200027
0
LINE
5
EB8D
330
E8BF
100
AcDbEntity
100
AcDbLine
8
EKP_MATSING_ANTEN
10
9224.535643609848
20
-600.624306603923
30
450.6037963111275
11
9285.55559814287
21
-638.9304325192435
31
397.80979362000267
0
LINE
5
EB8E
330
E8BF
100
AcDbEntity
100
AcDbLine
8
EKP_MATSING_ANTEN
10
8925.30987601607
20
516.1014609898557
30
-705.5157909288778
11
9224.535643609848
21
-600.624306603923
31
450.6037963111275
0
3DFACE
5
EB8F
330
E8BF
100
AcDbEntity
100
AcDbFace
8
EKP_MATSING_ANTEN
10
8986.32983054909
20
477.79533507453505
30
-758.3097936200027
11
9058.53001798195
21
455.2020065737529
31
-798.8200566883365
12
9357.755785575728
22
-661.5237610200257
32
357.2995305516688
13
9285.55559814287
23
-638.9304325192435
33
397.80979362000267
0
LINE
5
EB90
330
E8BF
100
AcDbEntity
100
AcDbLine
8
EKP_MATSING_ANTEN
10
8986.32983054909
20
477.79533507453505
30
-758.3097936200027
11
9058.53001798195
21
455.2020065737529
31
-798.8200566883365
0
LINE
5
EB91
330
E8BF
100
AcDbEntity
100
AcDbLine
8
EKP_MATSING_ANTEN
10
9285.55559814287
20
-638.9304325192435
30
397.80979362000267
11
9357.755785575728
21
-661.5237610200257
31
357.2995305516688
0
LINE
5
EB92
330
E8BF
100
AcDbEntity
100
AcDbLine
8
EKP_MATSING_ANTEN
10
8986.32983054909
20
477.79533507453505
30
-758.3097936200027
11
9285.55559814287
21
-638.9304325192435
31
397.80979362000267
0
3DFACE
5
EB93
330
E8BF
100
AcDbEntity
100
AcDbFace
8
EKP_MATSING_ANTEN
10
9058.53001798195
20
455.2020065737529
30
-798.8200566883365
11
9136.990114857548
21
449.8611734875968
31
-824.2858726521478
12
9436.215882451326
22
-666.8645941061818
32
331.83371458785757
13
9357.755785575728
23
-661.5237610200257
33
357.2995305516688
0
LINE
5
EB94
330
E8BF
100
AcDbEntity
100
AcDbLine
8
EKP_MATSING_ANTEN
10
9058.53001798195
20
455.2020065737529
30
-798.8200566883365
11
9136.990114857548
21
449.8611734875968
31
-824.2858726521478
0
LINE
5
EB95
330
E8BF
100
AcDbEntity
100
AcDbLine
8
EKP_MATSING_ANTEN
10
9357.755785575728
20
-661.5237610200257
30
357.2995305516688
11
9436.215882451326
21
-666.8645941061818
31
331.83371458785757
0
LINE
5
EB96
330
E8BF
100
AcDbEntity
100
AcDbLine
8
EKP_MATSING_ANTEN
10
9058.53001798195
20
455.2020065737529
30
-798.8200566883365
11
9357.755785575728
21
-661.5237610200257
31
357.2995305516688
0
3DFACE
5
EB97
330
E8BF
100
AcDbEntity
100
AcDbFace
8
EKP_MATSING_ANTEN
10
9136.990114857548
20
449.8611734875968
30
-824.2858726521478
11
9216.363195235255
21
462.13680476474417
31
-832.971788237753
12
9515.588962829035
22
-654.5889628290342
32
323.1477990022523
13
9436.215882451326
23
-666.8645941061818
33
331.83371458785757
0
LINE
5
EB98
330
E8BF
100
AcDbEntity
100
AcDbLine
8
EKP_MATSING_ANTEN
10
9136.990114857548
20
449.8611734875968
30
-824.2858726521478
11
9216.363195235255
21
462.13680476474417
31
-832.971788237753
0
LINE
5
EB99
330
E8BF
100
AcDbEntity
100
AcDbLine
8
EKP_MATSING_ANTEN
10
9436.215882451326
20
-666.8645941061818
30
331.83371458785757
11
9515.588962829035
21
-654.5889628290342
31
323.1477990022523
0
LINE
5
EB9A
330
E8BF
100
AcDbEntity
100
AcDbLine
8
EKP_MATSING_ANTEN
10
9136.990114857548
20
449.8611734875968
30
-824.2858726521478
11
9436.215882451326
21
-666.8645941061818
31
331.83371458785757
0
3DFACE
5
EB9B
330
E8BF
100
AcDbEntity
100
AcDbFace
8
EKP_MATSING_ANTEN
10
9216.363195235255
20
462.13680476474417
30
-832.971788237753
11
9291.240114857548
21
491.19233642009743
31
-824.2858726521476
12
9590.465882451326
22
-625.533431173681
32
331.8337145878576
13
9515.588962829035
23
-654.5889628290342
33
323.1477990022523
0
LINE
5
EB9C
330
E8BF
100
AcDbEntity
100
AcDbLine
8
EKP_MATSING_ANTEN
10
9216.363195235255
20
462.13680476474417
30
-832.971788237753
11
9291.240114857548
21
491.19233642009743
31
-824.2858726521476
0
LINE
5
EB9D
330
E8BF
100
AcDbEntity
100
AcDbLine
8
EKP_MATSING_ANTEN
10
9515.588962829035
20
-654.5889628290342
30
323.1477990022523
11
9590.465882451326
21
-625.533431173681
31
331.8337145878576
0
LINE
5
EB9E
330
E8BF
100
AcDbEntity
100
AcDbLine
8
EKP_MATSING_ANTEN
10
9216.363195235255
20
462.13680476474417
30
-832.971788237753
11
9515.588962829035
21
-654.5889628290342
31
323.1477990022523
0
3DFACE
5
EB9F
330
E8BF
100
AcDbEntity
100
AcDbFace
8
EKP_MATSING_ANTEN
10
9291.240114857548
20
491.19233642009743
30
-824.2858726521476
11
9356.518135392127
21
535.0476819878805
31
-798.8200566883365
12
9655.743902985905
22
-581.6780856058981
32
357.2995305516688
13
9590.465882451326
23
-625.533431173681
33
331.8337145878576
0
LINE
5
EBA0
330
E8BF
100
AcDbEntity
100
AcDbLine
8
EKP_MATSING_ANTEN
10
9291.240114857548
20
491.19233642009743
30
-824.2858726521476
11
9356.518135392127
21
535.0476819878805
31
-798.8200566883365
0
LINE
5
EBA1
330
E8BF
100
AcDbEntity
100
AcDbLine
8
EKP_MATSING_ANTEN
10
9590.465882451326
20
-625.533431173681
30
331.8337145878576
11
9655.743902985905
21
-581.6780856058981
31
357.2995305516688
0
LINE
5
EBA2
330
E8BF
100
AcDbEntity
100
AcDbLine
8
EKP_MATSING_ANTEN
10
9291.240114857548
20
491.19233642009743
30
-824.2858726521476
11
9590.465882451326
21
-625.533431173681
31
331.8337145878576
0
3DFACE
5
EBA3
330
E8BF
100
AcDbEntity
100
AcDbFace
8
EKP_MATSING_ANTEN
10
9356.518135392127
20
535.0476819878805
30
-798.8200566883365
11
9407.74866761659
21
590.7141721420344
31
-758.3097936200027
12
9706.974435210368
22
-526.0115954517443
32
397.80979362000267
13
9655.743902985905
23
-581.6780856058981
33
357.2995305516688
0
LINE
5
EBA4
330
E8BF
100
AcDbEntity
100
AcDbLine
8
EKP_MATSING_ANTEN
10
9356.518135392127
20
535.0476819878805
30
-798.8200566883365
11
9407.74866761659
21
590.7141721420344
31
-758.3097936200027
0
LINE
5
EBA5
330
E8BF
100
AcDbEntity
100
AcDbLine
8
EKP_MATSING_ANTEN
10
9655.743902985905
20
-581.6780856058981
30
357.2995305516688
11
9706.974435210368
21
-526.0115954517443
31
397.80979362000267
0
LINE
5
EBA6
330
E8BF
100
AcDbEntity
100
AcDbLine
8
EKP_MATSING_ANTEN
10
9356.518135392127
20
535.0476819878805
30
-798.8200566883365
11
9655.743902985905
21
-581.6780856058981
31
357.2995305516688
0
3DFACE
5
EBA7
330
E8BF
100
AcDbEntity
100
AcDbFace
8
EKP_MATSING_ANTEN
10
9407.74866761659
20
590.7141721420344
30
-758.3097936200027
11
9441.440435422297
21
654.3982275717779
31
-705.5157909288778
12
9740.666203016075
22
-462.3275400220008
32
450.6037963111275
13
9706.974435210368
23
-526.0115954517443
33
397.80979362000267
0
LINE
5
EBA8
330
E8BF
100
AcDbEntity
100
AcDbLine
8
EKP_MATSING_ANTEN
10
9407.74866761659
20
590.7141721420344
30
-758.3097936200027
11
9441.440435422297
21
654.3982275717779
31
-705.5157909288778
0
LINE
5
EBA9
330
E8BF
100
AcDbEntity
100
AcDbLine
8
EKP_MATSING_ANTEN
10
9706.974435210368
20
-526.0115954517443
30
397.80979362000267
11
9740.666203016075
21
-462.3275400220008
31
450.6037963111275
0
LINE
5
EBAA
330
E8BF
100
AcDbEntity
100
AcDbLine
8
EKP_MATSING_ANTEN
10
9407.74866761659
20
590.7141721420344
30
-758.3097936200027
11
9706.974435210368
21
-526.0115954517443
31
397.80979362000267
0
3DFACE
5
EBAB
330
E8BF
100
AcDbEntity
100
AcDbFace
8
EKP_MATSING_ANTEN
10
9441.440435422297
20
654.3982275717779
30
-705.5157909288778
11
9455.297400511568
21
721.7598851424516
31
-644.0358726521478
12
9754.523168105346
22
-394.96588245132693
32
512.0837145878576
13
9740.666203016075
23
-462.3275400220008
33
450.6037963111275
0
LINE
5
EBAC
330
E8BF
100
AcDbEntity
100
AcDbLine
8
EKP_MATSING_ANTEN
10
9441.440435422297
20
654.3982275717779
30
-705.5157909288778
11
9455.297400511568
21
721.7598851424516
31
-644.0358726521478
0
LINE
5
EBAD
330
E8BF
100
AcDbEntity
100
AcDbLine
8
EKP_MATSING_ANTEN
10
9740.666203016075
20
-462.3275400220008
30
450.6037963111275
11
9754.523168105346
21
-394.96588245132693
31
512.0837145878576
0
LINE
5
EBAE
330
E8BF
100
AcDbEntity
100
AcDbLine
8
EKP_MATSING_ANTEN
10
9441.440435422297
20
654.3982275717779
30
-705.5157909288778
11
9740.666203016075
21
-462.3275400220008
31
450.6037963111275
0
3DFACE
5
EBAF
330
E8BF
100
AcDbEntity
100
AcDbFace
8
EKP_MATSING_ANTEN
10
9455.297400511568
20
721.7598851424516
30
-644.0358726521478
11
9448.375233613287
21
788.2085592110169
31
-578.0597936200027
12
9747.601001207067
22
-328.5172083827616
32
578.0597936200027
13
9754.523168105346
23
-394.96588245132693
33
512.0837145878576
0
LINE
5
EBB0
330
E8BF
100
AcDbEntity
100
AcDbLine
8
EKP_MATSING_ANTEN
10
9455.297400511568
20
721.7598851424516
30
-644.0358726521478
11
9448.375233613287
21
788.2085592110169
31
-578.0597936200027
0
LINE
5
EBB1
330
E8BF
100
AcDbEntity
100
AcDbLine
8
EKP_MATSING_ANTEN
10
9754.523168105346
20
-394.96588245132693
30
512.0837145878576
11
9747.601001207067
21
-328.5172083827616
31
578.0597936200027
0
LINE
5
EBB2
330
E8BF
100
AcDbEntity
100
AcDbLine
8
EKP_MATSING_ANTEN
10
9455.297400511568
20
721.7598851424516
30
-644.0358726521478
11
9754.523168105346
21
-394.96588245132693
31
512.0837145878576
0
3DFACE
5
EC4E
330
E8BF
100
AcDbEntity
100
AcDbFace
8
EKP_MATSING_ANTEN
10
17691.5
20
578.0597936200026
30
271.94020637999733
11
17702.01188258982
21
512.0837145878575
31
205.96412734785224
12
17702.01188258982
22
-644.0358726521476
32
1362.0837145878577
13
17691.5
23
-578.0597936200026
33
1428.0597936200027
0
LINE
5
EC4F
330
E8BF
100
AcDbEntity
100
AcDbLine
8
EKP_MATSING_ANTEN
10
17691.5
20
578.0597936200026
30
271.94020637999733
11
17702.01188258982
21
512.0837145878575
31
205.96412734785224
0
LINE
5
EC50
330
E8BF
100
AcDbEntity
100
AcDbLine
8
EKP_MATSING_ANTEN
10
17691.5
20
-578.0597936200026
30
1428.0597936200027
11
17702.01188258982
21
-644.0358726521476
31
1362.0837145878577
0
LINE
5
EC51
330
E8BF
100
AcDbEntity
100
AcDbLine
8
EKP_MATSING_ANTEN
10
17691.5
20
578.0597936200026
30
271.94020637999733
11
17691.5
21
-578.0597936200026
31
1428.0597936200027
0
3DFACE
5
EC52
330
E8BF
100
AcDbEntity
100
AcDbFace
8
EKP_MATSING_ANTEN
10
17702.01188258982
20
512.0837145878575
30
205.96412734785224
11
17732.8311629325
21
450.6037963111274
31
144.48420907112222
12
17732.8311629325
22
-705.5157909288778
32
1300.6037963111276
13
17702.01188258982
23
-644.0358726521476
33
1362.0837145878577
0
LINE
5
EC53
330
E8BF
100
AcDbEntity
100
AcDbLine
8
EKP_MATSING_ANTEN
10
17702.01188258982
20
512.0837145878575
30
205.96412734785224
11
17732.8311629325
21
450.6037963111274
31
144.48420907112222
0
LINE
5
EC54
330
E8BF
100
AcDbEntity
100
AcDbLine
8
EKP_MATSING_ANTEN
10
17702.01188258982
20
-644.0358726521476
30
1362.0837145878577
11
17732.8311629325
21
-705.5157909288778
31
1300.6037963111276
0
LINE
5
EC55
330
E8BF
100
AcDbEntity
100
AcDbLine
8
EKP_MATSING_ANTEN
10
17702.01188258982
20
512.0837145878575
30
205.96412734785224
11
17702.01188258982
21
-644.0358726521476
31
1362.0837145878577
0
3DFACE
5
EC56
330
E8BF
100
AcDbEntity
100
AcDbFace
8
EKP_MATSING_ANTEN
10
17732.8311629325
20
450.6037963111274
30
144.48420907112222
11
17781.85755800395
21
397.80979362000255
31
91.69020637999733
12
17781.85755800395
22
-758.3097936200026
32
1247.8097936200027
13
17732.8311629325
23
-705.5157909288778
33
1300.6037963111276
0
LINE
5
EC57
330
E8BF
100
AcDbEntity
100
AcDbLine
8
EKP_MATSING_ANTEN
10
17732.8311629325
20
450.6037963111274
30
144.48420907112222
11
17781.85755800395
21
397.80979362000255
31
91.69020637999733
0
LINE
5
EC58
330
E8BF
100
AcDbEntity
100
AcDbLine
8
EKP_MATSING_ANTEN
10
17732.8311629325
20
-705.5157909288778
30
1300.6037963111276
11
17781.85755800395
21
-758.3097936200026
31
1247.8097936200027
0
LINE
5
EC59
330
E8BF
100
AcDbEntity
100
AcDbLine
8
EKP_MATSING_ANTEN
10
17732.8311629325
20
450.6037963111274
30
144.48420907112222
11
17732.8311629325
21
-705.5157909288778
31
1300.6037963111276
0
3DFACE
5
EC5A
330
E8BF
100
AcDbEntity
100
AcDbFace
8
EKP_MATSING_ANTEN
10
17781.85755800395
20
397.80979362000255
30
91.69020637999733
11
17845.75
21
357.2995305516686
31
51.179943311663465
12
17845.75
22
-798.8200566883365
32
1207.2995305516688
13
17781.85755800395
23
-758.3097936200026
33
1247.8097936200027
0
LINE
5
EC5B
330
E8BF
100
AcDbEntity
100
AcDbLine
8
EKP_MATSING_ANTEN
10
17781.85755800395
20
397.80979362000255
30
91.69020637999733
11
17845.75
21
357.2995305516686
31
51.179943311663465
0
LINE
5
EC5C
330
E8BF
100
AcDbEntity
100
AcDbLine
8
EKP_MATSING_ANTEN
10
17781.85755800395
20
-758.3097936200026
30
1247.8097936200027
11
17845.75
21
-798.8200566883365
31
1207.2995305516688
0
LINE
5
EC5D
330
E8BF
100
AcDbEntity
100
AcDbLine
8
EKP_MATSING_ANTEN
10
17781.85755800395
20
397.80979362000255
30
91.69020637999733
11
17781.85755800395
21
-758.3097936200026
31
1247.8097936200027
0
3DFACE
5
EC5E
330
E8BF
100
AcDbEntity
100
AcDbFace
8
EKP_MATSING_ANTEN
10
17845.75
20
357.2995305516686
30
51.179943311663465
11
17920.154324585874
21
331.83371458785746
31
25.71412734785224
12
17920.154324585874
22
-824.2858726521476
32
1181.8337145878577
13
17845.75
23
-798.8200566883365
33
1207.2995305516688
0
LINE
5
EC5F
330
E8BF
100
AcDbEntity
100
AcDbLine
8
EKP_MATSING_ANTEN
10
17845.75
20
357.2995305516686
30
51.179943311663465
11
17920.154324585874
21
331.83371458785746
31
25.71412734785224
0
LINE
5
EC60
330
E8BF
100
AcDbEntity
100
AcDbLine
8
EKP_MATSING_ANTEN
10
17845.75
20
-798.8200566883365
30
1207.2995305516688
11
17920.154324585874
21
-824.2858726521476
31
1181.8337145878577
0
LINE
5
EC61
330
E8BF
100
AcDbEntity
100
AcDbLine
8
EKP_MATSING_ANTEN
10
17845.75
20
357.2995305516686
30
51.179943311663465
11
17845.75
21
-798.8200566883365
31
1207.2995305516688
0
3DFACE
5
EC62
330
E8BF
100
AcDbEntity
100
AcDbFace
8
EKP_MATSING_ANTEN
10
17920.154324585874
20
331.83371458785746
30
25.71412734785224
11
18000
21
323.14779900225216
31
17.028211762246997
12
18000
22
-832.9717882377529
32
1173.1477990022522
13
17920.154324585874
23
-824.2858726521476
33
1181.8337145878577
0
LINE
5
EC63
330
E8BF
100
AcDbEntity
100
AcDbLine
8
EKP_MATSING_ANTEN
10
17920.154324585874
20
331.83371458785746
30
25.71412734785224
11
18000
21
323.14779900225216
31
17.028211762246997
0
LINE
5
EC64
330
E8BF
100
AcDbEntity
100
AcDbLine
8
EKP_MATSING_ANTEN
10
17920.154324585874
20
-824.2858726521476
30
1181.8337145878577
11
18000
21
-832.9717882377529
31
1173.1477990022522
0
LINE
5
EC65
330
E8BF
100
AcDbEntity
100
AcDbLine
8
EKP_MATSING_ANTEN
10
17920.154324585874
20
331.83371458785746
30
25.71412734785224
11
17920.154324585874
21
-824.2858726521476
31
1181.8337145878577
0
3DFACE
5
EC66
330
E8BF
100
AcDbEntity
100
AcDbFace
8
EKP_MATSING_ANTEN
10
18000
20
323.14779900225216
30
17.028211762246997
11
18079.845675414126
21
331.83371458785746
31
25.714127347852354
12
18079.845675414126
22
-824.2858726521476
32
1181.8337145878577
13
18000
23
-832.9717882377529
33
1173.1477990022522
0
LINE
5
EC67
330
E8BF
100
AcDbEntity
100
AcDbLine
8
EKP_MATSING_ANTEN
10
18000
20
323.14779900225216
30
17.028211762246997
11
18079.845675414126
21
331.83371458785746
31
25.714127347852354
0
LINE
5
EC68
330
E8BF
100
AcDbEntity
100
AcDbLine
8
EKP_MATSING_ANTEN
10
18000
20
-832.9717882377529
30
1173.1477990022522
11
18079.845675414126
21
-824.2858726521476
31
1181.8337145878577
0
LINE
5
EC69
330
E8BF
100
AcDbEntity
100
AcDbLine
8
EKP_MATSING_ANTEN
10
18000
20
323.14779900225216
30
17.028211762246997
11
18000
21
-832.9717882377529
31
1173.1477990022522
0
3DFACE
5
EC6A
330
E8BF
100
AcDbEntity
100
AcDbFace
8
EKP_MATSING_ANTEN
10
18079.845675414126
20
331.83371458785746
30
25.714127347852354
11
18154.25
21
357.2995305516686
31
51.179943311663465
12
18154.25
22
-798.8200566883365
32
1207.2995305516688
13
18079.845675414126
23
-824.2858726521476
33
1181.8337145878577
0
LINE
5
EC6B
330
E8BF
100
AcDbEntity
100
AcDbLine
8
EKP_MATSING_ANTEN
10
18079.845675414126
20
331.83371458785746
30
25.714127347852354
11
18154.25
21
357.2995305516686
31
51.179943311663465
0
LINE
5
EC6C
330
E8BF
100
AcDbEntity
100
AcDbLine
8
EKP_MATSING_ANTEN
10
18079.845675414126
20
-824.2858726521476
30
1181.8337145878577
11
18154.25
21
-798.8200566883365
31
1207.2995305516688
0
LINE
5
EC6D
330
E8BF
100
AcDbEntity
100
AcDbLine
8
EKP_MATSING_ANTEN
10
18079.845675414126
20
331.83371458785746
30
25.714127347852354
11
18079.845675414126
21
-824.2858726521476
31
1181.8337145878577
0
3DFACE
5
EC6E
330
E8BF
100
AcDbEntity
100
AcDbFace
8
EKP_MATSING_ANTEN
10
18154.25
20
357.2995305516686
30
51.179943311663465
11
18218.14244199605
21
397.80979362000255
31
91.69020637999733
12
18218.14244199605
22
-758.3097936200026
32
1247.8097936200027
13
18154.25
23
-798.8200566883365
33
1207.2995305516688
0
LINE
5
EC6F
330
E8BF
100
AcDbEntity
100
AcDbLine
8
EKP_MATSING_ANTEN
10
18154.25
20
357.2995305516686
30
51.179943311663465
11
18218.14244199605
21
397.80979362000255
31
91.69020637999733
0
LINE
5
EC70
330
E8BF
100
AcDbEntity
100
AcDbLine
8
EKP_MATSING_ANTEN
10
18154.25
20
-798.8200566883365
30
1207.2995305516688
11
18218.14244199605
21
-758.3097936200026
31
1247.8097936200027
0
LINE
5
EC71
330
E8BF
100
AcDbEntity
100
AcDbLine
8
EKP_MATSING_ANTEN
10
18154.25
20
357.2995305516686
30
51.179943311663465
11
18154.25
21
-798.8200566883365
31
1207.2995305516688
0
3DFACE
5
EC72
330
E8BF
100
AcDbEntity
100
AcDbFace
8
EKP_MATSING_ANTEN
10
18218.14244199605
20
397.80979362000255
30
91.69020637999733
11
18267.1688370675
21
450.6037963111274
31
144.48420907112222
12
18267.1688370675
22
-705.5157909288778
32
1300.6037963111276
13
18218.14244199605
23
-758.3097936200026
33
1247.8097936200027
0
LINE
5
EC73
330
E8BF
100
AcDbEntity
100
AcDbLine
8
EKP_MATSING_ANTEN
10
18218.14244199605
20
397.80979362000255
30
91.69020637999733
11
18267.1688370675
21
450.6037963111274
31
144.48420907112222
0
LINE
5
EC74
330
E8BF
100
AcDbEntity
100
AcDbLine
8
EKP_MATSING_ANTEN
10
18218.14244199605
20
-758.3097936200026
30
1247.8097936200027
11
18267.1688370675
21
-705.5157909288778
31
1300.6037963111276
0
LINE
5
EC75
330
E8BF
100
AcDbEntity
100
AcDbLine
8
EKP_MATSING_ANTEN
10
18218.14244199605
20
397.80979362000255
30
91.69020637999733
11
18218.14244199605
21
-758.3097936200026
31
1247.8097936200027
0
3DFACE
5
EC76
330
E8BF
100
AcDbEntity
100
AcDbFace
8
EKP_MATSING_ANTEN
10
18267.1688370675
20
450.6037963111274
30
144.48420907112222
11
18297.98811741018
21
512.0837145878575
31
205.96412734785224
12
18297.98811741018
22
-644.0358726521476
32
1362.0837145878577
13
18267.1688370675
23
-705.5157909288778
33
1300.6037963111276
0
LINE
5
EC77
330
E8BF
100
AcDbEntity
100
AcDbLine
8
EKP_MATSING_ANTEN
10
18267.1688370675
20
450.6037963111274
30
144.48420907112222
11
18297.98811741018
21
512.0837145878575
31
205.96412734785224
0
LINE
5
EC78
330
E8BF
100
AcDbEntity
100
AcDbLine
8
EKP_MATSING_ANTEN
10
18267.1688370675
20
-705.5157909288778
30
1300.6037963111276
11
18297.98811741018
21
-644.0358726521476
31
1362.0837145878577
0
LINE
5
EC79
330
E8BF
100
AcDbEntity
100
AcDbLine
8
EKP_MATSING_ANTEN
10
18267.1688370675
20
450.6037963111274
30
144.48420907112222
11
18267.1688370675
21
-705.5157909288778
31
1300.6037963111276
0
3DFACE
5
EC7A
330
E8BF
100
AcDbEntity
100
AcDbFace
8
EKP_MATSING_ANTEN
10
18297.98811741018
20
512.0837145878575
30
205.96412734785224
11
18308.5
21
578.0597936200026
31
271.94020637999733
12
18308.5
22
-578.0597936200026
32
1428.0597936200027
13
18297.98811741018
23
-644.0358726521476
33
1362.0837145878577
0
LINE
5
EC7B
330
E8BF
100
AcDbEntity
100
AcDbLine
8
EKP_MATSING_ANTEN
10
18297.98811741018
20
512.0837145878575
30
205.96412734785224
11
18308.5
21
578.0597936200026
31
271.94020637999733
0
LINE
5
EC7C
330
E8BF
100
AcDbEntity
100
AcDbLine
8
EKP_MATSING_ANTEN
10
18297.98811741018
20
-644.0358726521476
30
1362.0837145878577
11
18308.5
21
-578.0597936200026
31
1428.0597936200027
0
LINE
5
EC7D
330
E8BF
100
AcDbEntity
100
AcDbLine
8
EKP_MATSING_ANTEN
10
18297.98811741018
20
512.0837145878575
30
205.96412734785224
11
18297.98811741018
21
-644.0358726521476
31
1362.0837145878577
0
ENDSEC
0
SECTION
2
OBJECTS
0
DICTIONARY
5
E8AD
330
0
100
AcDbDictionary
281
1
3
ACAD_GROUP
350
E8C3
0
DICTIONARY
5
E8C3
330
E8AD
100
AcDbDictionary
281
1
0
ENDSEC
0
EOF