0
SECTION
2
HEADER
9
$HANDSEED
5
10AC1
9
$INSUNITS
70
4
9
$ACADVER
1
AC1021
9
$DWGCODEPAGE
3
UTF-8
0
ENDSEC
0
SECTION
2
CLASSES
0
ENDSEC
0
SECTION
2
TABLES
0
TABLE
2
LTYPE
5
10ABF
330
0
100
AcDbSymbolTable
70
5
0
LTYPE
5
FEB4
330
10ABF
100
AcDbSymbolTableRecord
100
AcDbLinetypeTableRecord
2
CONTINUOUS
3
______
70
0
72
65
73
0
40
0
0
LTYPE
5
FEB5
330
10ABF
100
AcDbSymbolTableRecord
100
AcDbLinetypeTableRecord
2
DASHED
3
_ _ _ 
70
0
72
65
73
2
40
10
49
5
74
0
49
-5
74
0
0
LTYPE
5
FEB6
330
10ABF
100
AcDbSymbolTableRecord
100
AcDbLinetypeTableRecord
2
DOTTED
3
. . . 
70
0
72
65
73
2
40
5
49
0
74
0
49
-5
74
0
0
LTYPE
5
FEB8
330
10ABF
100
AcDbSymbolTableRecord
100
AcDbLinetypeTableRecord
2
ByBlock
3

70
0
72
65
73
0
40
0
0
LTYPE
5
FEB9
330
10ABF
100
AcDbSymbolTableRecord
100
AcDbLinetypeTableRecord
2
ByLayer
3

70
0
72
65
73
0
40
0
0
ENDTAB
0
TABLE
2
LAYER
5
10AC0
330
0
100
AcDbSymbolTable
70
31
0
LAYER
5
FEB7
330
10AC0
100
AcDbSymbolTableRecord
100
AcDbLayerTableRecord
2
0
62
7
70
0
6
CONTINUOUS
390
1
0
LAYER
5
FECA
330
10AC0
100
AcDbSymbolTableRecord
100
AcDbLayerTableRecord
2
ZEMIN_PLATFORM
62
8
70
0
6
CONTINUOUS
390
1
0
LAYER
5
FECB
330
10AC0
100
AcDbSymbolTableRecord
100
AcDbLayerTableRecord
2
KORKULUK_KAPI
62
4
70
0
6
CONTINUOUS
390
1
0
LAYER
5
FECC
330
10AC0
100
AcDbSymbolTableRecord
100
AcDbLayerTableRecord
2
CELIK_KIRIS_KOLON
62
9
70
0
6
CONTINUOUS
390
1
0
LAYER
5
FECD
330
10AC0
100
AcDbSymbolTableRecord
100
AcDbLayerTableRecord
2
MONTAJ_BORULARI
62
2
70
0
6
CONTINUOUS
390
1
0
LAYER
5
FECE
330
10AC0
100
AcDbSymbolTableRecord
100
AcDbLayerTableRecord
2
KABLO_TAVALARI
62
6
70
0
6
CONTINUOUS
390
1
0
LAYER
5
FECF
330
10AC0
100
AcDbSymbolTableRecord
100
AcDbLayerTableRecord
2
YURUYUS_KORIDORU
62
3
70
0
6
DASHED
390
1
0
LAYER
5
FED0
330
10AC0
100
AcDbSymbolTableRecord
100
AcDbLayerTableRecord
2
OLCULER
62
1
70
0
6
CONTINUOUS
390
1
0
LAYER
5
FED1
330
10AC0
100
AcDbSymbolTableRecord
100
AcDbLayerTableRecord
2
METIN_BILGI
62
7
70
0
6
CONTINUOUS
390
1
0
LAYER
5
FED2
330
10AC0
100
AcDbSymbolTableRecord
100
AcDbLayerTableRecord
2
EKP_TURKCELL_RRU
62
5
70
0
6
CONTINUOUS
390
1
0
LAYER
5
FED3
330
10AC0
100
AcDbSymbolTableRecord
100
AcDbLayerTableRecord
2
EKP_VODAFONE_RRU
62
1
70
0
6
CONTINUOUS
390
1
0
LAYER
5
FED4
330
10AC0
100
AcDbSymbolTableRecord
100
AcDbLayerTableRecord
2
EKP_TURK_TELEKOM_RRU
62
4
70
0
6
CONTINUOUS
390
1
0
LAYER
5
FED5
330
10AC0
100
AcDbSymbolTableRecord
100
AcDbLayerTableRecord
2
EKP_POI_TASIYICI_SASE
62
30
70
0
6
CONTINUOUS
390
1
0
LAYER
5
FED6
330
10AC0
100
AcDbSymbolTableRecord
100
AcDbLayerTableRecord
2
EKP_POI_MODULLERI
62
40
70
0
6
CONTINUOUS
390
1
0
LAYER
5
FED7
330
10AC0
100
AcDbSymbolTableRecord
100
AcDbLayerTableRecord
2
EKP_RECTIFIER_ELTEK_20U
62
3
70
0
6
CONTINUOUS
390
1
0
LAYER
5
FED8
330
10AC0
100
AcDbSymbolTableRecord
100
AcDbLayerTableRecord
2
EKP_RECTIFIER_MTS9304A
62
94
70
0
6
CONTINUOUS
390
1
0
LAYER
5
FED9
330
10AC0
100
AcDbSymbolTableRecord
100
AcDbLayerTableRecord
2
BLOK_OZEL_PLATFORM
62
140
70
0
6
CONTINUOUS
390
1
0
LAYER
5
FEDA
330
10AC0
100
AcDbSymbolTableRecord
100
AcDbLayerTableRecord
2
EKP_MATSING_ANTEN
62
2
70
0
6
CONTINUOUS
390
1
0
LAYER
5
FEDB
330
10AC0
100
AcDbSymbolTableRecord
100
AcDbLayerTableRecord
2
EKP_PANEL_ANTEN
62
6
70
0
6
CONTINUOUS
390
1
0
LAYER
5
FEDC
330
10AC0
100
AcDbSymbolTableRecord
100
AcDbLayerTableRecord
2
EKP_ANTEN_TASIYICI_KOL
62
141
70
0
6
CONTINUOUS
390
1
0
LAYER
5
FEDD
330
10AC0
100
AcDbSymbolTableRecord
100
AcDbLayerTableRecord
2
EKP_DIGER_EKIPMANLAR
62
7
70
0
6
CONTINUOUS
390
1
0
LAYER
5
FEE0
330
10AC0
100
AcDbSymbolTableRecord
100
AcDbLayerTableRecord
2
TAVA_PROFILI
62
7
70
0
6
CONTINUOUS
390
1
0
LAYER
5
FEE9
330
10AC0
100
AcDbSymbolTableRecord
100
AcDbLayerTableRecord
2
TAVA_DETAY_DELIK
62
7
70
0
6
CONTINUOUS
390
1
0
LAYER
5
10075
330
10AC0
100
AcDbSymbolTableRecord
100
AcDbLayerTableRecord
2
TAVA_KONSOL
62
7
70
0
6
CONTINUOUS
390
1
0
LAYER
5
10097
330
10AC0
100
AcDbSymbolTableRecord
100
AcDbLayerTableRecord
2
KBL_ETIKET_BAG
62
7
70
0
6
CONTINUOUS
390
1
0
LAYER
5
10118
330
10AC0
100
AcDbSymbolTableRecord
100
AcDbLayerTableRecord
2
TAVA_ASKI_KONSOL
62
7
70
0
6
CONTINUOUS
390
1
0
LAYER
5
101C0
330
10AC0
100
AcDbSymbolTableRecord
100
AcDbLayerTableRecord
2
TAVA_SEPERATOR
62
7
70
0
6
CONTINUOUS
390
1
0
LAYER
5
101DB
330
10AC0
100
AcDbSymbolTableRecord
100
AcDbLayerTableRecord
2
KBL_FEEDER_7_8
62
7
70
0
6
CONTINUOUS
390
1
0
LAYER
5
102F4
330
10AC0
100
AcDbSymbolTableRecord
100
AcDbLayerTableRecord
2
KBL_ENERJI_2X25
62
7
70
0
6
CONTINUOUS
390
1
0
LAYER
5
10343
330
10AC0
100
AcDbSymbolTableRecord
100
AcDbLayerTableRecord
2
KBL_FIBER_OPTIK
62
7
70
0
6
CONTINUOUS
390
1
0
LAYER
5
104A4
330
10AC0
100
AcDbSymbolTableRecord
100
AcDbLayerTableRecord
2
KBL_FEEDER_1_2
62
7
70
0
6
CONTINUOUS
390
1
0
ENDTAB
0
TABLE
2
VPORT
5
FEBA
330
0
100
AcDbSymbolTable
70
1
0
VPORT
5
FEC0
330
FEBA
100
AcDbSymbolTableRecord
100
AcDbViewportTableRecord
2
*ACTIVE
40
1000
70
0
0
ENDTAB
0
TABLE
2
STYLE
5
FEBB
330
0
100
AcDbSymbolTable
70
3
0
STYLE
5
FEC1
330
FEBB
100
AcDbSymbolTableRecord
100
AcDbTextStyleTableRecord
2
standard
70
0
40
0
41
1
50
0
71
0
42
1
3
calibrib.ttf
4

1001
ACAD
1000
Calibri
1071
33554466
0
STYLE
5
FEC2
330
FEBB
100
AcDbSymbolTableRecord
100
AcDbTextStyleTableRecord
2
STANDARD
70
0
40
0
41
1
50
0
71
0
42
1
3
calibrib.ttf
4

1001
ACAD
1000
Calibri
1071
33554466
0
STYLE
5
FEC3
330
FEBB
100
AcDbSymbolTableRecord
100
AcDbTextStyleTableRecord
2
CALIBRI_BOLD
70
0
40
0
41
1
50
0
71
0
42
1
3
calibrib.ttf
4

1001
ACAD
1000
Calibri
1071
33554466
0
ENDTAB
0
TABLE
2
VIEW
5
FEBC
330
0
100
AcDbSymbolTable
70
0
0
ENDTAB
0
TABLE
2
UCS
5
FEBD
330
0
100
AcDbSymbolTable
70
0
0
ENDTAB
0
TABLE
2
APPID
5
FEBE
330
0
100
AcDbSymbolTable
70
1
0
APPID
5
FEC4
330
FEBE
100
AcDbSymbolTableRecord
100
AcDbRegAppTableRecord
2
ACAD
70
0
0
ENDTAB
0
TABLE
2
DIMSTYLE
5
FEBF
330
0
100
AcDbSymbolTable
100
AcDbDimStyleTable
70
0
71
1
0
ENDTAB
0
TABLE
2
BLOCK_RECORD
5
10ABC
330
0
100
AcDbSymbolTable
70
2
0
BLOCK_RECORD
5
10ABD
330
10ABC
100
AcDbSymbolTableRecord
100
AcDbBlockTableRecord
2
*Model_Space
70
0
280
0
281
1
0
BLOCK_RECORD
5
10ABE
330
10ABC
100
AcDbSymbolTableRecord
100
AcDbBlockTableRecord
2
*Paper_Space
70
0
280
0
281
1
0
ENDTAB
0
ENDSEC
0
SECTION
2
BLOCKS
0
BLOCK
5
FEC5
330
0
100
AcDbEntity
100
AcDbBlockBegin
2
*Model_Space
70
0
10
0
20
0
30
0
3
*Model_Space
1

0
ENDBLK
5
FEC6
330
0
100
AcDbEntity
100
AcDbBlockEnd
0
BLOCK
5
FEC7
330
0
100
AcDbEntity
100
AcDbBlockBegin
2
*Paper_Space
70
0
10
0
20
0
30
0
3
*Paper_Space
1

0
ENDBLK
5
FEC8
330
0
100
AcDbEntity
100
AcDbBlockEnd
0
ENDSEC
0
SECTION
2
ENTITIES
0
LINE
5
1009C
330
FEC5
100
AcDbEntity
100
AcDbLine
8
OLCULER
10
-1000
20
4460
30
0
11
-1000
21
4535
31
0
0
LINE
5
1009D
330
FEC5
100
AcDbEntity
100
AcDbLine
8
OLCULER
10
1000
20
4460
30
0
11
1000
21
4535
31
0
0
LINE
5
1009E
330
FEC5
100
AcDbEntity
100
AcDbLine
8
OLCULER
10
-1000
20
4495
30
0
11
1000
21
4495
31
0
0
LINE
5
1009F
330
FEC5
100
AcDbEntity
100
AcDbLine
8
OLCULER
10
-1028
20
4467
30
0
11
-972
21
4523
31
0
0
LINE
5
100A0
330
FEC5
100
AcDbEntity
100
AcDbLine
8
OLCULER
10
972
20
4467
30
0
11
1028
21
4523
31
0
0
TEXT
5
100A1
330
FEC5
100
AcDbEntity
100
AcDbText
8
OLCULER
10
0
20
4519
30
0
40
60
1
2000 mm (STANDART TAVA BOYU)
50
0
7
STANDARD
72
1
11
0
21
4519
31
0
100
AcDbText
73
2
0
LINE
5
100A2
330
FEC5
100
AcDbEntity
100
AcDbLine
8
OLCULER
10
-1040
20
3900
30
0
11
-1115
21
3900
31
0
0
LINE
5
100A3
330
FEC5
100
AcDbEntity
100
AcDbLine
8
OLCULER
10
-1040
20
4400
30
0
11
-1115
21
4400
31
0
0
LINE
5
100A4
330
FEC5
100
AcDbEntity
100
AcDbLine
8
OLCULER
10
-1075
20
3900
30
0
11
-1075
21
4400
31
0
0
LINE
5
100A5
330
FEC5
100
AcDbEntity
100
AcDbLine
8
OLCULER
10
-1103
20
3872
30
0
11
-1047
21
3928
31
0
0
LINE
5
100A6
330
FEC5
100
AcDbEntity
100
AcDbLine
8
OLCULER
10
-1103
20
4372
30
0
11
-1047
21
4428
31
0
0
TEXT
5
100A7
330
FEC5
100
AcDbEntity
100
AcDbText
8
OLCULER
10
-1117
20
4150
30
0
40
60
1
500 mm (IC GENISLIK)
50
90
7
STANDARD
72
1
11
-1117
21
4150
31
0
100
AcDbText
73
2
0
LINE
5
100A8
330
FEC5
100
AcDbEntity
100
AcDbLine
8
OLCULER
10
-1090
20
3885
30
0
11
-1165
21
3885
31
0
0
LINE
5
100A9
330
FEC5
100
AcDbEntity
100
AcDbLine
8
OLCULER
10
-1090
20
4415
30
0
11
-1165
21
4415
31
0
0
LINE
5
100AA
330
FEC5
100
AcDbEntity
100
AcDbLine
8
OLCULER
10
-1125
20
3885
30
0
11
-1125
21
4415
31
0
0
LINE
5
100AB
330
FEC5
100
AcDbEntity
100
AcDbLine
8
OLCULER
10
-1153
20
3857
30
0
11
-1097
21
3913
31
0
0
LINE
5
100AC
330
FEC5
100
AcDbEntity
100
AcDbLine
8
OLCULER
10
-1153
20
4387
30
0
11
-1097
21
4443
31
0
0
TEXT
5
100AD
330
FEC5
100
AcDbEntity
100
AcDbText
8
OLCULER
10
-1167
20
4150
30
0
40
60
1
530 mm (DIS GENISLIK)
50
90
7
STANDARD
72
1
11
-1167
21
4150
31
0
100
AcDbText
73
2
0
LINE
5
100AE
330
FEC5
100
AcDbEntity
100
AcDbLine
8
OLCULER
10
-1000
20
3840
30
0
11
-1000
21
3770
31
0
0
LINE
5
100AF
330
FEC5
100
AcDbEntity
100
AcDbLine
8
OLCULER
10
350
20
3840
30
0
11
350
21
3770
31
0
0
LINE
5
100B0
330
FEC5
100
AcDbEntity
100
AcDbLine
8
OLCULER
10
-1000
20
3810
30
0
11
350
21
3810
31
0
0
LINE
5
100B1
330
FEC5
100
AcDbEntity
100
AcDbLine
8
OLCULER
10
-1028
20
3782
30
0
11
-972
21
3838
31
0
0
LINE
5
100B2
330
FEC5
100
AcDbEntity
100
AcDbLine
8
OLCULER
10
322
20
3782
30
0
11
378
21
3838
31
0
0
TEXT
5
100B3
330
FEC5
100
AcDbEntity
100
AcDbText
8
OLCULER
10
-325
20
3726
30
0
40
60
1
1350 mm
50
0
7
STANDARD
72
1
11
-325
21
3726
31
0
100
AcDbText
73
2
0
LINE
5
100B4
330
FEC5
100
AcDbEntity
100
AcDbLine
8
OLCULER
10
350
20
3840
30
0
11
350
21
3770
31
0
0
LINE
5
100B5
330
FEC5
100
AcDbEntity
100
AcDbLine
8
OLCULER
10
1000
20
3840
30
0
11
1000
21
3770
31
0
0
LINE
5
100B6
330
FEC5
100
AcDbEntity
100
AcDbLine
8
OLCULER
10
350
20
3810
30
0
11
1000
21
3810
31
0
0
LINE
5
100B7
330
FEC5
100
AcDbEntity
100
AcDbLine
8
OLCULER
10
322
20
3782
30
0
11
378
21
3838
31
0
0
LINE
5
100B8
330
FEC5
100
AcDbEntity
100
AcDbLine
8
OLCULER
10
972
20
3782
30
0
11
1028
21
3838
31
0
0
TEXT
5
100B9
330
FEC5
100
AcDbEntity
100
AcDbText
8
OLCULER
10
675
20
3726
30
0
40
60
1
650 mm
50
0
7
STANDARD
72
1
11
675
21
3726
31
0
100
AcDbText
73
2
0
LINE
5
10123
330
FEC5
100
AcDbEntity
100
AcDbLine
8
OLCULER
10
-1040
20
3350
30
0
11
-1110
21
3350
31
0
0
LINE
5
10124
330
FEC5
100
AcDbEntity
100
AcDbLine
8
OLCULER
10
-1040
20
3450
30
0
11
-1110
21
3450
31
0
0
LINE
5
10125
330
FEC5
100
AcDbEntity
100
AcDbLine
8
OLCULER
10
-1070
20
3350
30
0
11
-1070
21
3450
31
0
0
LINE
5
10126
330
FEC5
100
AcDbEntity
100
AcDbLine
8
OLCULER
10
-1098
20
3322
30
0
11
-1042
21
3378
31
0
0
LINE
5
10127
330
FEC5
100
AcDbEntity
100
AcDbLine
8
OLCULER
10
-1098
20
3422
30
0
11
-1042
21
3478
31
0
0
TEXT
5
10128
330
FEC5
100
AcDbEntity
100
AcDbText
8
OLCULER
10
-1112
20
3400
30
0
40
60
1
100 mm (YAN YUKSEKLIK)
50
90
7
STANDARD
72
1
11
-1112
21
3400
31
0
100
AcDbText
73
2
0
LINE
5
10129
330
FEC5
100
AcDbEntity
100
AcDbLine
8
OLCULER
10
-1000
20
3485
30
0
11
-1000
21
3550
31
0
0
LINE
5
1012A
330
FEC5
100
AcDbEntity
100
AcDbLine
8
OLCULER
10
1000
20
3485
30
0
11
1000
21
3550
31
0
0
LINE
5
1012B
330
FEC5
100
AcDbEntity
100
AcDbLine
8
OLCULER
10
-1000
20
3510
30
0
11
1000
21
3510
31
0
0
LINE
5
1012C
330
FEC5
100
AcDbEntity
100
AcDbLine
8
OLCULER
10
-1028
20
3482
30
0
11
-972
21
3538
31
0
0
LINE
5
1012D
330
FEC5
100
AcDbEntity
100
AcDbLine
8
OLCULER
10
972
20
3482
30
0
11
1028
21
3538
31
0
0
TEXT
5
1012E
330
FEC5
100
AcDbEntity
100
AcDbText
8
OLCULER
10
0
20
3534
30
0
40
60
1
2000 mm (BOYUNA ACIKLIK)
50
0
7
STANDARD
72
1
11
0
21
3534
31
0
100
AcDbText
73
2
0
LINE
5
1012F
330
FEC5
100
AcDbEntity
100
AcDbLine
8
OLCULER
10
-600
20
3270
30
0
11
-600
21
3205
31
0
0
LINE
5
10130
330
FEC5
100
AcDbEntity
100
AcDbLine
8
OLCULER
10
600
20
3270
30
0
11
600
21
3205
31
0
0
LINE
5
10131
330
FEC5
100
AcDbEntity
100
AcDbLine
8
OLCULER
10
-600
20
3245
30
0
11
600
21
3245
31
0
0
LINE
5
10132
330
FEC5
100
AcDbEntity
100
AcDbLine
8
OLCULER
10
-628
20
3217
30
0
11
-572
21
3273
31
0
0
LINE
5
10133
330
FEC5
100
AcDbEntity
100
AcDbLine
8
OLCULER
10
572
20
3217
30
0
11
628
21
3273
31
0
0
TEXT
5
10134
330
FEC5
100
AcDbEntity
100
AcDbText
8
OLCULER
10
0
20
3161
30
0
40
60
1
1200 mm (MAKSIMUM KONSOL MESAFESI)
50
0
7
STANDARD
72
1
11
0
21
3161
31
0
100
AcDbText
73
2
0
LINE
5
101CF
330
FEC5
100
AcDbEntity
100
AcDbLine
8
OLCULER
10
-800
20
1895
30
0
11
-800
21
1960
31
0
0
LINE
5
101D0
330
FEC5
100
AcDbEntity
100
AcDbLine
8
OLCULER
10
-300
20
1895
30
0
11
-300
21
1960
31
0
0
LINE
5
101D1
330
FEC5
100
AcDbEntity
100
AcDbLine
8
OLCULER
10
-800
20
1920
30
0
11
-300
21
1920
31
0
0
LINE
5
101D2
330
FEC5
100
AcDbEntity
100
AcDbLine
8
OLCULER
10
-828
20
1892
30
0
11
-772
21
1948
31
0
0
LINE
5
101D3
330
FEC5
100
AcDbEntity
100
AcDbLine
8
OLCULER
10
-328
20
1892
30
0
11
-272
21
1948
31
0
0
TEXT
5
101D4
330
FEC5
100
AcDbEntity
100
AcDbText
8
OLCULER
10
-550
20
1944
30
0
40
60
1
500 mm (IC GENISLIK)
50
0
7
STANDARD
72
1
11
-550
21
1944
31
0
100
AcDbText
73
2
0
LINE
5
101D5
330
FEC5
100
AcDbEntity
100
AcDbLine
8
OLCULER
10
-830
20
1750
30
0
11
-895
21
1750
31
0
0
LINE
5
101D6
330
FEC5
100
AcDbEntity
100
AcDbLine
8
OLCULER
10
-830
20
1870
30
0
11
-895
21
1870
31
0
0
LINE
5
101D7
330
FEC5
100
AcDbEntity
100
AcDbLine
8
OLCULER
10
-855
20
1750
30
0
11
-855
21
1870
31
0
0
LINE
5
101D8
330
FEC5
100
AcDbEntity
100
AcDbLine
8
OLCULER
10
-883
20
1722
30
0
11
-827
21
1778
31
0
0
LINE
5
101D9
330
FEC5
100
AcDbEntity
100
AcDbLine
8
OLCULER
10
-883
20
1842
30
0
11
-827
21
1898
31
0
0
TEXT
5
101DA
330
FEC5
100
AcDbEntity
100
AcDbText
8
OLCULER
10
-897
20
1810
30
0
40
60
1
120 mm
50
90
7
STANDARD
72
1
11
-897
21
1810
31
0
100
AcDbText
73
2
0
LINE
5
10380
330
FEC5
100
AcDbEntity
100
AcDbLine
8
OLCULER
10
-800
20
1395
30
0
11
-800
21
1460
31
0
0
LINE
5
10381
330
FEC5
100
AcDbEntity
100
AcDbLine
8
OLCULER
10
-300
20
1395
30
0
11
-300
21
1460
31
0
0
LINE
5
10382
330
FEC5
100
AcDbEntity
100
AcDbLine
8
OLCULER
10
-800
20
1420
30
0
11
-300
21
1420
31
0
0
LINE
5
10383
330
FEC5
100
AcDbEntity
100
AcDbLine
8
OLCULER
10
-828
20
1392
30
0
11
-772
21
1448
31
0
0
LINE
5
10384
330
FEC5
100
AcDbEntity
100
AcDbLine
8
OLCULER
10
-328
20
1392
30
0
11
-272
21
1448
31
0
0
TEXT
5
10385
330
FEC5
100
AcDbEntity
100
AcDbText
8
OLCULER
10
-550
20
1444
30
0
40
60
1
500 mm (IC GENISLIK)
50
0
7
STANDARD
72
1
11
-550
21
1444
31
0
100
AcDbText
73
2
0
LINE
5
10386
330
FEC5
100
AcDbEntity
100
AcDbLine
8
OLCULER
10
-830
20
1250
30
0
11
-895
21
1250
31
0
0
LINE
5
10387
330
FEC5
100
AcDbEntity
100
AcDbLine
8
OLCULER
10
-830
20
1370
30
0
11
-895
21
1370
31
0
0
LINE
5
10388
330
FEC5
100
AcDbEntity
100
AcDbLine
8
OLCULER
10
-855
20
1250
30
0
11
-855
21
1370
31
0
0
LINE
5
10389
330
FEC5
100
AcDbEntity
100
AcDbLine
8
OLCULER
10
-883
20
1222
30
0
11
-827
21
1278
31
0
0
LINE
5
1038A
330
FEC5
100
AcDbEntity
100
AcDbLine
8
OLCULER
10
-883
20
1342
30
0
11
-827
21
1398
31
0
0
TEXT
5
1038B
330
FEC5
100
AcDbEntity
100
AcDbText
8
OLCULER
10
-897
20
1310
30
0
40
60
1
120 mm
50
90
7
STANDARD
72
1
11
-897
21
1310
31
0
100
AcDbText
73
2
0
LINE
5
10512
330
FEC5
100
AcDbEntity
100
AcDbLine
8
OLCULER
10
-800
20
875
30
0
11
-800
21
940
31
0
0
LINE
5
10513
330
FEC5
100
AcDbEntity
100
AcDbLine
8
OLCULER
10
-300
20
875
30
0
11
-300
21
940
31
0
0
LINE
5
10514
330
FEC5
100
AcDbEntity
100
AcDbLine
8
OLCULER
10
-800
20
900
30
0
11
-300
21
900
31
0
0
LINE
5
10515
330
FEC5
100
AcDbEntity
100
AcDbLine
8
OLCULER
10
-828
20
872
30
0
11
-772
21
928
31
0
0
LINE
5
10516
330
FEC5
100
AcDbEntity
100
AcDbLine
8
OLCULER
10
-328
20
872
30
0
11
-272
21
928
31
0
0
TEXT
5
10517
330
FEC5
100
AcDbEntity
100
AcDbText
8
OLCULER
10
-550
20
924
30
0
40
60
1
500 mm (IC GENISLIK)
50
0
7
STANDARD
72
1
11
-550
21
924
31
0
100
AcDbText
73
2
0
LINE
5
10518
330
FEC5
100
AcDbEntity
100
AcDbLine
8
OLCULER
10
-830
20
750
30
0
11
-895
21
750
31
0
0
LINE
5
10519
330
FEC5
100
AcDbEntity
100
AcDbLine
8
OLCULER
10
-830
20
850
30
0
11
-895
21
850
31
0
0
LINE
5
1051A
330
FEC5
100
AcDbEntity
100
AcDbLine
8
OLCULER
10
-855
20
750
30
0
11
-855
21
850
31
0
0
LINE
5
1051B
330
FEC5
100
AcDbEntity
100
AcDbLine
8
OLCULER
10
-883
20
722
30
0
11
-827
21
778
31
0
0
LINE
5
1051C
330
FEC5
100
AcDbEntity
100
AcDbLine
8
OLCULER
10
-883
20
822
30
0
11
-827
21
878
31
0
0
TEXT
5
1051D
330
FEC5
100
AcDbEntity
100
AcDbText
8
OLCULER
10
-897
20
800
30
0
40
60
1
100 mm
50
90
7
STANDARD
72
1
11
-897
21
800
31
0
100
AcDbText
73
2
0
LINE
5
10763
330
FEC5
100
AcDbEntity
100
AcDbLine
8
OLCULER
10
-800
20
395
30
0
11
-800
21
460
31
0
0
LINE
5
10764
330
FEC5
100
AcDbEntity
100
AcDbLine
8
OLCULER
10
-300
20
395
30
0
11
-300
21
460
31
0
0
LINE
5
10765
330
FEC5
100
AcDbEntity
100
AcDbLine
8
OLCULER
10
-800
20
420
30
0
11
-300
21
420
31
0
0
LINE
5
10766
330
FEC5
100
AcDbEntity
100
AcDbLine
8
OLCULER
10
-828
20
392
30
0
11
-772
21
448
31
0
0
LINE
5
10767
330
FEC5
100
AcDbEntity
100
AcDbLine
8
OLCULER
10
-328
20
392
30
0
11
-272
21
448
31
0
0
TEXT
5
10768
330
FEC5
100
AcDbEntity
100
AcDbText
8
OLCULER
10
-550
20
444
30
0
40
60
1
500 mm (IC GENISLIK)
50
0
7
STANDARD
72
1
11
-550
21
444
31
0
100
AcDbText
73
2
0
LINE
5
10769
330
FEC5
100
AcDbEntity
100
AcDbLine
8
OLCULER
10
-830
20
250
30
0
11
-895
21
250
31
0
0
LINE
5
1076A
330
FEC5
100
AcDbEntity
100
AcDbLine
8
OLCULER
10
-830
20
370
30
0
11
-895
21
370
31
0
0
LINE
5
1076B
330
FEC5
100
AcDbEntity
100
AcDbLine
8
OLCULER
10
-855
20
250
30
0
11
-855
21
370
31
0
0
LINE
5
1076C
330
FEC5
100
AcDbEntity
100
AcDbLine
8
OLCULER
10
-883
20
222
30
0
11
-827
21
278
31
0
0
LINE
5
1076D
330
FEC5
100
AcDbEntity
100
AcDbLine
8
OLCULER
10
-883
20
342
30
0
11
-827
21
398
31
0
0
TEXT
5
1076E
330
FEC5
100
AcDbEntity
100
AcDbText
8
OLCULER
10
-897
20
310
30
0
40
60
1
120 mm
50
90
7
STANDARD
72
1
11
-897
21
310
31
0
100
AcDbText
73
2
0
LINE
5
108A9
330
FEC5
100
AcDbEntity
100
AcDbLine
8
OLCULER
10
300
20
1875
30
0
11
300
21
1940
31
0
0
LINE
5
108AA
330
FEC5
100
AcDbEntity
100
AcDbLine
8
OLCULER
10
800
20
1875
30
0
11
800
21
1940
31
0
0
LINE
5
108AB
330
FEC5
100
AcDbEntity
100
AcDbLine
8
OLCULER
10
300
20
1900
30
0
11
800
21
1900
31
0
0
LINE
5
108AC
330
FEC5
100
AcDbEntity
100
AcDbLine
8
OLCULER
10
272
20
1872
30
0
11
328
21
1928
31
0
0
LINE
5
108AD
330
FEC5
100
AcDbEntity
100
AcDbLine
8
OLCULER
10
772
20
1872
30
0
11
828
21
1928
31
0
0
TEXT
5
108AE
330
FEC5
100
AcDbEntity
100
AcDbText
8
OLCULER
10
550
20
1924
30
0
40
60
1
500 mm (IC GENISLIK)
50
0
7
STANDARD
72
1
11
550
21
1924
31
0
100
AcDbText
73
2
0
LINE
5
108AF
330
FEC5
100
AcDbEntity
100
AcDbLine
8
OLCULER
10
270
20
1750
30
0
11
205
21
1750
31
0
0
LINE
5
108B0
330
FEC5
100
AcDbEntity
100
AcDbLine
8
OLCULER
10
270
20
1850
30
0
11
205
21
1850
31
0
0
LINE
5
108B1
330
FEC5
100
AcDbEntity
100
AcDbLine
8
OLCULER
10
245
20
1750
30
0
11
245
21
1850
31
0
0
LINE
5
108B2
330
FEC5
100
AcDbEntity
100
AcDbLine
8
OLCULER
10
217
20
1722
30
0
11
273
21
1778
31
0
0
LINE
5
108B3
330
FEC5
100
AcDbEntity
100
AcDbLine
8
OLCULER
10
217
20
1822
30
0
11
273
21
1878
31
0
0
TEXT
5
108B4
330
FEC5
100
AcDbEntity
100
AcDbText
8
OLCULER
10
203
20
1800
30
0
40
60
1
100 mm
50
90
7
STANDARD
72
1
11
203
21
1800
31
0
100
AcDbText
73
2
0
LINE
5
10967
330
FEC5
100
AcDbEntity
100
AcDbLine
8
OLCULER
10
300
20
1375
30
0
11
300
21
1440
31
0
0
LINE
5
10968
330
FEC5
100
AcDbEntity
100
AcDbLine
8
OLCULER
10
800
20
1375
30
0
11
800
21
1440
31
0
0
LINE
5
10969
330
FEC5
100
AcDbEntity
100
AcDbLine
8
OLCULER
10
300
20
1400
30
0
11
800
21
1400
31
0
0
LINE
5
1096A
330
FEC5
100
AcDbEntity
100
AcDbLine
8
OLCULER
10
272
20
1372
30
0
11
328
21
1428
31
0
0
LINE
5
1096B
330
FEC5
100
AcDbEntity
100
AcDbLine
8
OLCULER
10
772
20
1372
30
0
11
828
21
1428
31
0
0
TEXT
5
1096C
330
FEC5
100
AcDbEntity
100
AcDbText
8
OLCULER
10
550
20
1424
30
0
40
60
1
500 mm (IC GENISLIK)
50
0
7
STANDARD
72
1
11
550
21
1424
31
0
100
AcDbText
73
2
0
LINE
5
1096D
330
FEC5
100
AcDbEntity
100
AcDbLine
8
OLCULER
10
270
20
1250
30
0
11
205
21
1250
31
0
0
LINE
5
1096E
330
FEC5
100
AcDbEntity
100
AcDbLine
8
OLCULER
10
270
20
1350
30
0
11
205
21
1350
31
0
0
LINE
5
1096F
330
FEC5
100
AcDbEntity
100
AcDbLine
8
OLCULER
10
245
20
1250
30
0
11
245
21
1350
31
0
0
LINE
5
10970
330
FEC5
100
AcDbEntity
100
AcDbLine
8
OLCULER
10
217
20
1222
30
0
11
273
21
1278
31
0
0
LINE
5
10971
330
FEC5
100
AcDbEntity
100
AcDbLine
8
OLCULER
10
217
20
1322
30
0
11
273
21
1378
31
0
0
TEXT
5
10972
330
FEC5
100
AcDbEntity
100
AcDbText
8
OLCULER
10
203
20
1300
30
0
40
60
1
100 mm
50
90
7
STANDARD
72
1
11
203
21
1300
31
0
100
AcDbText
73
2
0
LINE
5
109FC
330
FEC5
100
AcDbEntity
100
AcDbLine
8
OLCULER
10
300
20
875
30
0
11
300
21
940
31
0
0
LINE
5
109FD
330
FEC5
100
AcDbEntity
100
AcDbLine
8
OLCULER
10
800
20
875
30
0
11
800
21
940
31
0
0
LINE
5
109FE
330
FEC5
100
AcDbEntity
100
AcDbLine
8
OLCULER
10
300
20
900
30
0
11
800
21
900
31
0
0
LINE
5
109FF
330
FEC5
100
AcDbEntity
100
AcDbLine
8
OLCULER
10
272
20
872
30
0
11
328
21
928
31
0
0
LINE
5
10A00
330
FEC5
100
AcDbEntity
100
AcDbLine
8
OLCULER
10
772
20
872
30
0
11
828
21
928
31
0
0
TEXT
5
10A01
330
FEC5
100
AcDbEntity
100
AcDbText
8
OLCULER
10
550
20
924
30
0
40
60
1
500 mm (IC GENISLIK)
50
0
7
STANDARD
72
1
11
550
21
924
31
0
100
AcDbText
73
2
0
LINE
5
10A02
330
FEC5
100
AcDbEntity
100
AcDbLine
8
OLCULER
10
270
20
750
30
0
11
205
21
750
31
0
0
LINE
5
10A03
330
FEC5
100
AcDbEntity
100
AcDbLine
8
OLCULER
10
270
20
850
30
0
11
205
21
850
31
0
0
LINE
5
10A04
330
FEC5
100
AcDbEntity
100
AcDbLine
8
OLCULER
10
245
20
750
30
0
11
245
21
850
31
0
0
LINE
5
10A05
330
FEC5
100
AcDbEntity
100
AcDbLine
8
OLCULER
10
217
20
722
30
0
11
273
21
778
31
0
0
LINE
5
10A06
330
FEC5
100
AcDbEntity
100
AcDbLine
8
OLCULER
10
217
20
822
30
0
11
273
21
878
31
0
0
TEXT
5
10A07
330
FEC5
100
AcDbEntity
100
AcDbText
8
OLCULER
10
203
20
800
30
0
40
60
1
100 mm
50
90
7
STANDARD
72
1
11
203
21
800
31
0
100
AcDbText
73
2
0
LWPOLYLINE
5
FEDE
330
FEC5
100
AcDbEntity
100
AcDbPolyline
8
METIN_BILGI
6
ByLayer
62
256
370
-1
90
4
70
1
10
-1150
20
4700
10
-1150
20
4800
10
1150
20
4800
10
1150
20
4700
0
TEXT
5
FEDF
330
FEC5
100
AcDbEntity
100
AcDbText
8
METIN_BILGI
10
0
20
4745
30
0
40
34
1
BOLUM 1: 500 MM AGIR HIZMET DELIKLI KABLO TAVASI IMALAT VE MONTAJ DETAY CIZIMLERI
50
0
7
STANDARD
72
1
11
0
21
4745
31
0
100
AcDbText
73
0
0
TEXT
5
1009B
330
FEC5
100
AcDbEntity
100
AcDbText
8
METIN_BILGI
10
350
20
4392
30
0
40
14
1
TOPRAKLAMA KOPRUSU (16 mm2 BAKIR FLEX ILETKEN)
50
0
7
STANDARD
72
1
11
350
21
4392
31
0
100
AcDbText
73
0
0
TEXT
5
100BA
330
FEC5
100
AcDbEntity
100
AcDbText
8
METIN_BILGI
10
0
20
4530
30
0
40
24
1
GORUNUS 1: 500 MM AGIR HIZMET DELIKLI KABLO TAVASI (USTTEN PLAN GORUNUSU)
50
0
7
STANDARD
72
1
11
0
21
4530
31
0
100
AcDbText
73
0
0
TEXT
5
100BB
330
FEC5
100
AcDbEntity
100
AcDbText
8
METIN_BILGI
10
0
20
3790
30
0
40
16
1
TS EN 61537 Standardinda 2.0 mm Sicak Daldirma Galvaniz Sac - Drenaj/Havalandirma Perfore Delikli
50
0
7
STANDARD
72
1
11
0
21
3790
31
0
100
AcDbText
73
0
0
TEXT
5
10135
330
FEC5
100
AcDbEntity
100
AcDbText
8
METIN_BILGI
10
0
20
3535
30
0
40
24
1
GORUNUS 2: 500 MM KABLO TAVASI BOYUNA YAN GORUNUSU (ELEVATION)
50
0
7
STANDARD
72
1
11
0
21
3535
31
0
100
AcDbText
73
0
0
TEXT
5
10136
330
FEC5
100
AcDbEntity
100
AcDbText
8
METIN_BILGI
10
0
20
3200
30
0
40
16
1
H=100mm Kenar Yuksekligi, Yan Havalandirma Slotlari ve C-Profil Tasiyici Konsol Araliklari
50
0
7
STANDARD
72
1
11
0
21
3200
31
0
100
AcDbText
73
0
0
TEXT
5
1017D
330
FEC5
100
AcDbEntity
100
AcDbText
8
METIN_BILGI
10
-600
20
2880
30
0
40
20
1
GORUNUS 3: 500 MM KABLO TAVASI 3D IZOMETRIK MONTAJ GORUNUMU
50
0
7
STANDARD
72
1
11
-600
21
2880
31
0
100
AcDbText
73
0
0
TEXT
5
1017E
330
FEC5
100
AcDbEntity
100
AcDbText
8
METIN_BILGI
10
-600
20
2280
30
0
40
14
1
U-Sac Govde, 15mm Emniyet Flans Dudaklari ve Alttan C-Profil Konsol Oturusu
50
0
7
STANDARD
72
1
11
-600
21
2280
31
0
100
AcDbText
73
0
0
LWPOLYLINE
5
1017F
330
FEC5
100
AcDbEntity
100
AcDbPolyline
8
METIN_BILGI
6
ByLayer
62
256
370
-1
90
4
70
1
10
-170
20
2400
10
-170
20
2800
10
270
20
2800
10
270
20
2400
0
TEXT
5
10180
330
FEC5
100
AcDbEntity
100
AcDbText
8
METIN_BILGI
10
50
20
2770
30
0
40
18
1
DETAY A: C-PROFIL ASKI KONSOLU VE TIJ BAGLANTISI
50
0
7
STANDARD
72
1
11
50
21
2770
31
0
100
AcDbText
73
0
0
TEXT
5
1018B
330
FEC5
100
AcDbEntity
100
AcDbText
8
METIN_BILGI
10
50
20
2500
30
0
40
13
1
41x41x2.5mm TS EN 10346 C-Profil
50
0
7
STANDARD
72
1
11
50
21
2500
31
0
100
AcDbText
73
0
0
TEXT
5
1018C
330
FEC5
100
AcDbEntity
100
AcDbText
8
METIN_BILGI
10
50
20
2470
30
0
40
13
1
M10 8.8 Galvaniz Tij Askisi + Cift Somun
50
0
7
STANDARD
72
1
11
50
21
2470
31
0
100
AcDbText
73
0
0
TEXT
5
1018D
330
FEC5
100
AcDbEntity
100
AcDbText
8
METIN_BILGI
10
50
20
2440
30
0
40
13
1
Tava Kilitleme Z-Cenesi (Hold-Down Clamp)
50
0
7
STANDARD
72
1
11
50
21
2440
31
0
100
AcDbText
73
0
0
LWPOLYLINE
5
1018E
330
FEC5
100
AcDbEntity
100
AcDbPolyline
8
METIN_BILGI
6
ByLayer
62
256
370
-1
90
4
70
1
10
380
20
2400
10
380
20
2800
10
820
20
2800
10
820
20
2400
0
TEXT
5
1018F
330
FEC5
100
AcDbEntity
100
AcDbText
8
METIN_BILGI
10
600
20
2770
30
0
40
18
1
DETAY B: TAVA EKLEME VE TOPRAKLAMA KOPRUSU
50
0
7
STANDARD
72
1
11
600
21
2770
31
0
100
AcDbText
73
0
0
TEXT
5
101A6
330
FEC5
100
AcDbEntity
100
AcDbText
8
METIN_BILGI
10
600
20
2520
30
0
40
13
1
200x80x2.0mm Galvaniz Ek Sac Plakasi
50
0
7
STANDARD
72
1
11
600
21
2520
31
0
100
AcDbText
73
0
0
TEXT
5
101A7
330
FEC5
100
AcDbEntity
100
AcDbText
8
METIN_BILGI
10
600
20
2490
30
0
40
13
1
M6x16 DIN 603 Mantar Basli Civata + Flansli Somun
50
0
7
STANDARD
72
1
11
600
21
2490
31
0
100
AcDbText
73
0
0
TEXT
5
101A8
330
FEC5
100
AcDbEntity
100
AcDbText
8
METIN_BILGI
10
600
20
2460
30
0
40
13
1
16 mm2 Bakir Orgulu Esnek Topraklama Seridi
50
0
7
STANDARD
72
1
11
600
21
2460
31
0
100
AcDbText
73
0
0
LWPOLYLINE
5
101A9
330
FEC5
100
AcDbEntity
100
AcDbPolyline
8
METIN_BILGI
6
ByLayer
62
256
370
-1
90
4
70
1
10
-1150
20
2080
10
-1150
20
2170
10
1150
20
2170
10
1150
20
2080
0
TEXT
5
101AA
330
FEC5
100
AcDbEntity
100
AcDbText
8
METIN_BILGI
10
0
20
2120
30
0
40
32
1
BOLUM 2: 500 MM KABLO TAVASI LOKASYON BAZLI KABLO DOLULUK KESITLERI (7 FARKLI KESIT)
50
0
7
STANDARD
72
1
11
0
21
2120
31
0
100
AcDbText
73
0
0
TEXT
5
1035C
330
FEC5
100
AcDbEntity
100
AcDbText
8
METIN_BILGI
10
-640
20
1875
30
0
40
18
1
40 ADET 7/8" FEEDER (10x4 KATMAN)
50
0
7
STANDARD
72
1
11
-640
21
1875
31
0
100
AcDbText
73
0
0
TEXT
5
1035D
330
FEC5
100
AcDbEntity
100
AcDbText
8
METIN_BILGI
10
-410
20
1845
30
0
40
16
1
13x 2x25 mm2
50
0
7
STANDARD
72
1
11
-410
21
1845
31
0
100
AcDbText
73
0
0
TEXT
5
1035E
330
FEC5
100
AcDbEntity
100
AcDbText
8
METIN_BILGI
10
-330
20
1780
30
0
40
14
1
3x FIBER
50
0
7
STANDARD
72
1
11
-330
21
1780
31
0
100
AcDbText
73
0
0
TEXT
5
1035F
330
FEC5
100
AcDbEntity
100
AcDbText
8
METIN_BILGI
10
-550
20
1680
30
0
40
26
1
KESIT 1: ALAN 1 & 3 - ANA BESLEME VE OMURGA HATTI
50
0
7
STANDARD
72
1
11
-550
21
1680
31
0
100
AcDbText
73
0
0
TEXT
5
10360
330
FEC5
100
AcDbEntity
100
AcDbText
8
METIN_BILGI
10
-550
20
1650
30
0
40
18
1
40x 7/8" Feeder + 13x 2x25 mm2 Enerji + 3x Fiberoptik (Doluluk: %58.2)
50
0
7
STANDARD
72
1
11
-550
21
1650
31
0
100
AcDbText
73
0
0
TEXT
5
104EB
330
FEC5
100
AcDbEntity
100
AcDbText
8
METIN_BILGI
10
-640
20
1375
30
0
40
18
1
40 ADET 7/8" FEEDER (10x4 KATMAN)
50
0
7
STANDARD
72
1
11
-640
21
1375
31
0
100
AcDbText
73
0
0
TEXT
5
104EC
330
FEC5
100
AcDbEntity
100
AcDbText
8
METIN_BILGI
10
-395
20
1300
30
0
40
16
1
10 ADET 1/2" FEEDER (5x2)
50
0
7
STANDARD
72
1
11
-395
21
1300
31
0
100
AcDbText
73
0
0
TEXT
5
104ED
330
FEC5
100
AcDbEntity
100
AcDbText
8
METIN_BILGI
10
-550
20
1180
30
0
40
26
1
KESIT 2: ALAN 1 & 3 - FEEDER DAGITIM HATTI
50
0
7
STANDARD
72
1
11
-550
21
1180
31
0
100
AcDbText
73
0
0
TEXT
5
104EE
330
FEC5
100
AcDbEntity
100
AcDbText
8
METIN_BILGI
10
-550
20
1150
30
0
40
18
1
40x 7/8" Feeder + 10x 1/2" Feeder Kablo Kesiti (Doluluk: %44.4)
50
0
7
STANDARD
72
1
11
-550
21
1150
31
0
100
AcDbText
73
0
0
TEXT
5
10740
330
FEC5
100
AcDbEntity
100
AcDbText
8
METIN_BILGI
10
-730
20
835
30
0
40
17
1
20x 1/2" (GRUP A)
50
0
7
STANDARD
72
1
11
-730
21
835
31
0
100
AcDbText
73
0
0
TEXT
5
10741
330
FEC5
100
AcDbEntity
100
AcDbText
8
METIN_BILGI
10
-480
20
835
30
0
40
17
1
58x 1/2" (GRUP B)
50
0
7
STANDARD
72
1
11
-480
21
835
31
0
100
AcDbText
73
0
0
TEXT
5
10742
330
FEC5
100
AcDbEntity
100
AcDbText
8
METIN_BILGI
10
-550
20
680
30
0
40
26
1
KESIT 3: ALAN 1 & 3 - COKLU 1/2" FEEDER HATTI
50
0
7
STANDARD
72
1
11
-550
21
680
31
0
100
AcDbText
73
0
0
TEXT
5
10743
330
FEC5
100
AcDbEntity
100
AcDbText
8
METIN_BILGI
10
-550
20
650
30
0
40
18
1
Toplam 78 Adet 1/2" Feeder (20 Adet + 58 Adet Ayrik Deste, Doluluk: %31.4)
50
0
7
STANDARD
72
1
11
-550
21
650
31
0
100
AcDbText
73
0
0
TEXT
5
10887
330
FEC5
100
AcDbEntity
100
AcDbText
8
METIN_BILGI
10
-550
20
375
30
0
40
20
1
40 ADET 7/8" FEEDER KABLO (10 SUTUN x 4 KATMAN DUZENI)
50
0
7
STANDARD
72
1
11
-550
21
375
31
0
100
AcDbText
73
0
0
TEXT
5
10888
330
FEC5
100
AcDbEntity
100
AcDbText
8
METIN_BILGI
10
-550
20
180
30
0
40
26
1
KESIT 4: ALAN 1 & 3 - MARATON TRIBUNU ANA FEEDER HATTI
50
0
7
STANDARD
72
1
11
-550
21
180
31
0
100
AcDbText
73
0
0
TEXT
5
10889
330
FEC5
100
AcDbEntity
100
AcDbText
8
METIN_BILGI
10
-550
20
150
30
0
40
18
1
40 Adet 7/8" Feeder Kablo Kesiti (Doluluk: %41.0 - %59.0 Rezerv Alan)
50
0
7
STANDARD
72
1
11
-550
21
150
31
0
100
AcDbText
73
0
0
TEXT
5
10941
330
FEC5
100
AcDbEntity
100
AcDbText
8
METIN_BILGI
10
550
20
1815
30
0
40
18
1
20 ADET 1/2" FEEDER (10x2 DUZENI - GENIS REZERV ALANLI)
50
0
7
STANDARD
72
1
11
550
21
1815
31
0
100
AcDbText
73
0
0
TEXT
5
10942
330
FEC5
100
AcDbEntity
100
AcDbText
8
METIN_BILGI
10
550
20
1680
30
0
40
26
1
KESIT 5: ALAN 2 (SCOREBOARD) - POI BESLEME FEEDER HATTI
50
0
7
STANDARD
72
1
11
550
21
1680
31
0
100
AcDbText
73
0
0
TEXT
5
10943
330
FEC5
100
AcDbEntity
100
AcDbText
8
METIN_BILGI
10
550
20
1650
30
0
40
18
1
20 Adet 1/2" Feeder Kablo Kesiti (Doluluk: %8.0 - %92.0 Genisleme Rezervi)
50
0
7
STANDARD
72
1
11
550
21
1650
31
0
100
AcDbText
73
0
0
TEXT
5
109D9
330
FEC5
100
AcDbEntity
100
AcDbText
8
METIN_BILGI
10
450
20
1315
30
0
40
18
1
13 ADET 2x25 mm2 DC ENERJI
50
0
7
STANDARD
72
1
11
450
21
1315
31
0
100
AcDbText
73
0
0
TEXT
5
109DA
330
FEC5
100
AcDbEntity
100
AcDbText
8
METIN_BILGI
10
700
20
1280
30
0
40
16
1
3x FIBER
50
0
7
STANDARD
72
1
11
700
21
1280
31
0
100
AcDbText
73
0
0
TEXT
5
109DB
330
FEC5
100
AcDbEntity
100
AcDbText
8
METIN_BILGI
10
550
20
1180
30
0
40
26
1
KESIT 6: ALAN 2 (SCOREBOARD) - DC ENERJI VE FIBER HATTI
50
0
7
STANDARD
72
1
11
550
21
1180
31
0
100
AcDbText
73
0
0
TEXT
5
109DC
330
FEC5
100
AcDbEntity
100
AcDbText
8
METIN_BILGI
10
550
20
1150
30
0
40
18
1
13x 2x25 mm2 DC Enerji + 3x Fiberoptik Kablo Kesiti (Doluluk: %9.7)
50
0
7
STANDARD
72
1
11
550
21
1150
31
0
100
AcDbText
73
0
0
TEXT
5
10A48
330
FEC5
100
AcDbEntity
100
AcDbText
8
METIN_BILGI
10
550
20
795
30
0
40
18
1
8 ADET 7/8" FEEDER (TEK SIRA YAN YANA KLIPSLI DIZILIM)
50
0
7
STANDARD
72
1
11
550
21
795
31
0
100
AcDbText
73
0
0
TEXT
5
10A49
330
FEC5
100
AcDbEntity
100
AcDbText
8
METIN_BILGI
10
550
20
680
30
0
40
26
1
KESIT 7: ALAN 4 (KOSE TRIBUN) - CATI BESLEME HATTI
50
0
7
STANDARD
72
1
11
550
21
680
31
0
100
AcDbText
73
0
0
TEXT
5
10A4A
330
FEC5
100
AcDbEntity
100
AcDbText
8
METIN_BILGI
10
550
20
650
30
0
40
18
1
8 Adet 7/8" Feeder Kablo Kesiti (Doluluk: %9.8 - %90.2 Rezerv Alan)
50
0
7
STANDARD
72
1
11
550
21
650
31
0
100
AcDbText
73
0
0
LWPOLYLINE
5
10A4B
330
FEC5
100
AcDbEntity
100
AcDbPolyline
8
METIN_BILGI
6
ByLayer
62
256
370
-1
90
4
70
1
10
270
20
210
10
270
20
400
10
830
20
400
10
830
20
210
0
TEXT
5
10A4C
330
FEC5
100
AcDbEntity
100
AcDbText
8
METIN_BILGI
10
550
20
370
30
0
40
22
1
KABLO TIPLERI, CAPLARI VE LEJANT BILGILERI
50
0
7
STANDARD
72
1
11
550
21
370
31
0
100
AcDbText
73
0
0
TEXT
5
10A54
330
FEC5
100
AcDbEntity
100
AcDbText
8
METIN_BILGI
10
370
20
255
30
0
40
14
1
7/8" Feeder (OD 28mm)
50
0
7
STANDARD
72
1
11
370
21
255
31
0
100
AcDbText
73
0
0
TEXT
5
10A5C
330
FEC5
100
AcDbEntity
100
AcDbText
8
METIN_BILGI
10
490
20
255
30
0
40
14
1
1/2" Feeder (OD 16mm)
50
0
7
STANDARD
72
1
11
490
21
255
31
0
100
AcDbText
73
0
0
TEXT
5
10A63
330
FEC5
100
AcDbEntity
100
AcDbText
8
METIN_BILGI
10
610
20
255
30
0
40
14
1
2x25mm2 DC (OD 21mm)
50
0
7
STANDARD
72
1
11
610
21
255
31
0
100
AcDbText
73
0
0
TEXT
5
10A6C
330
FEC5
100
AcDbEntity
100
AcDbText
8
METIN_BILGI
10
730
20
255
30
0
40
14
1
Fiber Optik (OD 12mm)
50
0
7
STANDARD
72
1
11
730
21
255
31
0
100
AcDbText
73
0
0
TEXT
5
10A6D
330
FEC5
100
AcDbEntity
100
AcDbText
8
METIN_BILGI
10
550
20
225
30
0
40
15
1
Agir Hizmet Sicak Daldirma Galvaniz (TS EN 61537) - 2.0mm Sac Kalinligi
50
0
7
STANDARD
72
1
11
550
21
225
31
0
100
AcDbText
73
0
0
LWPOLYLINE
5
10A6E
330
FEC5
100
AcDbEntity
100
AcDbPolyline
8
METIN_BILGI
6
ByLayer
62
256
370
-1
90
4
70
1
10
-750
20
-350
10
-750
20
-150
10
750
20
-150
10
750
20
-350
0
LINE
5
10A6F
330
FEC5
100
AcDbEntity
100
AcDbLine
8
METIN_BILGI
10
-750
20
-190
30
0
11
750
21
-190
31
0
0
LINE
5
10A70
330
FEC5
100
AcDbEntity
100
AcDbLine
8
METIN_BILGI
10
-750
20
-230
30
0
11
750
21
-230
31
0
0
TEXT
5
10A71
330
FEC5
100
AcDbEntity
100
AcDbText
8
METIN_BILGI
10
-730
20
-178
30
0
40
22
1
500 MM KABLO TAVASI DOLULUK ORANI VE TEKNIK UYGUNLUK CETVELI
50
0
7
STANDARD
100
AcDbText
0
TEXT
5
10A72
330
FEC5
100
AcDbEntity
100
AcDbText
8
METIN_BILGI
10
-740
20
-217
30
0
40
15
1
KESIT NO
50
0
7
STANDARD
100
AcDbText
0
LINE
5
10A73
330
FEC5
100
AcDbEntity
100
AcDbLine
8
METIN_BILGI
10
-660
20
-350
30
0
11
-660
21
-190
31
0
0
TEXT
5
10A74
330
FEC5
100
AcDbEntity
100
AcDbText
8
METIN_BILGI
10
-650
20
-217
30
0
40
15
1
LOKASYON / ALAN
50
0
7
STANDARD
100
AcDbText
0
LINE
5
10A75
330
FEC5
100
AcDbEntity
100
AcDbLine
8
METIN_BILGI
10
-440
20
-350
30
0
11
-440
21
-190
31
0
0
TEXT
5
10A76
330
FEC5
100
AcDbEntity
100
AcDbText
8
METIN_BILGI
10
-430
20
-217
30
0
40
15
1
KABLO KOMBINASYONU VE SAYISI
50
0
7
STANDARD
100
AcDbText
0
LINE
5
10A77
330
FEC5
100
AcDbEntity
100
AcDbLine
8
METIN_BILGI
10
20
20
-350
30
0
11
20
21
-190
31
0
0
TEXT
5
10A78
330
FEC5
100
AcDbEntity
100
AcDbText
8
METIN_BILGI
10
30
20
-217
30
0
40
15
1
TOPLAM KABLO ALANI
50
0
7
STANDARD
100
AcDbText
0
LINE
5
10A79
330
FEC5
100
AcDbEntity
100
AcDbLine
8
METIN_BILGI
10
240
20
-350
30
0
11
240
21
-190
31
0
0
TEXT
5
10A7A
330
FEC5
100
AcDbEntity
100
AcDbText
8
METIN_BILGI
10
250
20
-217
30
0
40
15
1
TAVA DOLULUK ORANI (%)
50
0
7
STANDARD
100
AcDbText
0
LINE
5
10A7B
330
FEC5
100
AcDbEntity
100
AcDbLine
8
METIN_BILGI
10
480
20
-350
30
0
11
480
21
-190
31
0
0
TEXT
5
10A7C
330
FEC5
100
AcDbEntity
100
AcDbText
8
METIN_BILGI
10
490
20
-217
30
0
40
15
1
STANDART UYGUNLUGU
50
0
7
STANDARD
100
AcDbText
0
LINE
5
10A7D
330
FEC5
100
AcDbEntity
100
AcDbLine
8
METIN_BILGI
10
-750
20
-246
30
0
11
750
21
-246
31
0
0
TEXT
5
10A7E
330
FEC5
100
AcDbEntity
100
AcDbText
8
METIN_BILGI
10
-740
20
-243
30
0
40
12
1
KESIT 1
50
0
7
STANDARD
100
AcDbText
0
TEXT
5
10A7F
330
FEC5
100
AcDbEntity
100
AcDbText
8
METIN_BILGI
10
-650
20
-243
30
0
40
12
1
Alan 1 & 3 (Maraton)
50
0
7
STANDARD
100
AcDbText
0
TEXT
5
10A80
330
FEC5
100
AcDbEntity
100
AcDbText
8
METIN_BILGI
10
-430
20
-243
30
0
40
12
1
40x 7/8" Feeder + 13x 2x25 mm2 Enerji + 3x Fiber
50
0
7
STANDARD
100
AcDbText
0
TEXT
5
10A81
330
FEC5
100
AcDbEntity
100
AcDbText
8
METIN_BILGI
10
30
20
-243
30
0
40
12
1
29,468 mm2
50
0
7
STANDARD
100
AcDbText
0
TEXT
5
10A82
330
FEC5
100
AcDbEntity
100
AcDbText
8
METIN_BILGI
10
250
20
-243
30
0
40
12
1
%58.9 (Limit: %60)
50
0
7
STANDARD
100
AcDbText
0
TEXT
5
10A83
330
FEC5
100
AcDbEntity
100
AcDbText
8
METIN_BILGI
10
490
20
-243
30
0
40
12
1
UYGUN (Maksimum Verim)
50
0
7
STANDARD
100
AcDbText
0
LINE
5
10A84
330
FEC5
100
AcDbEntity
100
AcDbLine
8
METIN_BILGI
10
-750
20
-262
30
0
11
750
21
-262
31
0
0
TEXT
5
10A85
330
FEC5
100
AcDbEntity
100
AcDbText
8
METIN_BILGI
10
-740
20
-259
30
0
40
12
1
KESIT 2
50
0
7
STANDARD
100
AcDbText
0
TEXT
5
10A86
330
FEC5
100
AcDbEntity
100
AcDbText
8
METIN_BILGI
10
-650
20
-259
30
0
40
12
1
Alan 1 & 3 (Maraton)
50
0
7
STANDARD
100
AcDbText
0
TEXT
5
10A87
330
FEC5
100
AcDbEntity
100
AcDbText
8
METIN_BILGI
10
-430
20
-259
30
0
40
12
1
40x 7/8" Feeder + 10x 1/2" Feeder
50
0
7
STANDARD
100
AcDbText
0
TEXT
5
10A88
330
FEC5
100
AcDbEntity
100
AcDbText
8
METIN_BILGI
10
30
20
-259
30
0
40
12
1
26,644 mm2
50
0
7
STANDARD
100
AcDbText
0
TEXT
5
10A89
330
FEC5
100
AcDbEntity
100
AcDbText
8
METIN_BILGI
10
250
20
-259
30
0
40
12
1
%44.4 (Limit: %60)
50
0
7
STANDARD
100
AcDbText
0
TEXT
5
10A8A
330
FEC5
100
AcDbEntity
100
AcDbText
8
METIN_BILGI
10
490
20
-259
30
0
40
12
1
UYGUN (Genisleme Payi Var)
50
0
7
STANDARD
100
AcDbText
0
LINE
5
10A8B
330
FEC5
100
AcDbEntity
100
AcDbLine
8
METIN_BILGI
10
-750
20
-278
30
0
11
750
21
-278
31
0
0
TEXT
5
10A8C
330
FEC5
100
AcDbEntity
100
AcDbText
8
METIN_BILGI
10
-740
20
-275
30
0
40
12
1
KESIT 3
50
0
7
STANDARD
100
AcDbText
0
TEXT
5
10A8D
330
FEC5
100
AcDbEntity
100
AcDbText
8
METIN_BILGI
10
-650
20
-275
30
0
40
12
1
Alan 1 & 3 (Maraton)
50
0
7
STANDARD
100
AcDbText
0
TEXT
5
10A8E
330
FEC5
100
AcDbEntity
100
AcDbText
8
METIN_BILGI
10
-430
20
-275
30
0
40
12
1
20x 1/2" Feeder + 58x 1/2" Feeder (Toplam: 78)
50
0
7
STANDARD
100
AcDbText
0
TEXT
5
10A8F
330
FEC5
100
AcDbEntity
100
AcDbText
8
METIN_BILGI
10
30
20
-275
30
0
40
12
1
15,683 mm2
50
0
7
STANDARD
100
AcDbText
0
TEXT
5
10A90
330
FEC5
100
AcDbEntity
100
AcDbText
8
METIN_BILGI
10
250
20
-275
30
0
40
12
1
%31.4 (Limit: %50)
50
0
7
STANDARD
100
AcDbText
0
TEXT
5
10A91
330
FEC5
100
AcDbEntity
100
AcDbText
8
METIN_BILGI
10
490
20
-275
30
0
40
12
1
UYGUN (Homojen Dagilim)
50
0
7
STANDARD
100
AcDbText
0
LINE
5
10A92
330
FEC5
100
AcDbEntity
100
AcDbLine
8
METIN_BILGI
10
-750
20
-294
30
0
11
750
21
-294
31
0
0
TEXT
5
10A93
330
FEC5
100
AcDbEntity
100
AcDbText
8
METIN_BILGI
10
-740
20
-291
30
0
40
12
1
KESIT 4
50
0
7
STANDARD
100
AcDbText
0
TEXT
5
10A94
330
FEC5
100
AcDbEntity
100
AcDbText
8
METIN_BILGI
10
-650
20
-291
30
0
40
12
1
Alan 1 & 3 (Maraton)
50
0
7
STANDARD
100
AcDbText
0
TEXT
5
10A95
330
FEC5
100
AcDbEntity
100
AcDbText
8
METIN_BILGI
10
-430
20
-291
30
0
40
12
1
40 Adet 7/8" Feeder Kablo
50
0
7
STANDARD
100
AcDbText
0
TEXT
5
10A96
330
FEC5
100
AcDbEntity
100
AcDbText
8
METIN_BILGI
10
30
20
-291
30
0
40
12
1
24,630 mm2
50
0
7
STANDARD
100
AcDbText
0
TEXT
5
10A97
330
FEC5
100
AcDbEntity
100
AcDbText
8
METIN_BILGI
10
250
20
-291
30
0
40
12
1
%41.0 (Limit: %60)
50
0
7
STANDARD
100
AcDbText
0
TEXT
5
10A98
330
FEC5
100
AcDbEntity
100
AcDbText
8
METIN_BILGI
10
490
20
-291
30
0
40
12
1
UYGUN (Standart 4 Katman)
50
0
7
STANDARD
100
AcDbText
0
LINE
5
10A99
330
FEC5
100
AcDbEntity
100
AcDbLine
8
METIN_BILGI
10
-750
20
-310
30
0
11
750
21
-310
31
0
0
TEXT
5
10A9A
330
FEC5
100
AcDbEntity
100
AcDbText
8
METIN_BILGI
10
-740
20
-307
30
0
40
12
1
KESIT 5
50
0
7
STANDARD
100
AcDbText
0
TEXT
5
10A9B
330
FEC5
100
AcDbEntity
100
AcDbText
8
METIN_BILGI
10
-650
20
-307
30
0
40
12
1
Alan 2 (Skorboard)
50
0
7
STANDARD
100
AcDbText
0
TEXT
5
10A9C
330
FEC5
100
AcDbEntity
100
AcDbText
8
METIN_BILGI
10
-430
20
-307
30
0
40
12
1
20 Adet 1/2" Feeder Kablo
50
0
7
STANDARD
100
AcDbText
0
TEXT
5
10A9D
330
FEC5
100
AcDbEntity
100
AcDbText
8
METIN_BILGI
10
30
20
-307
30
0
40
12
1
4,021 mm2
50
0
7
STANDARD
100
AcDbText
0
TEXT
5
10A9E
330
FEC5
100
AcDbEntity
100
AcDbText
8
METIN_BILGI
10
250
20
-307
30
0
40
12
1
%8.0 (Limit: %50)
50
0
7
STANDARD
100
AcDbText
0
TEXT
5
10A9F
330
FEC5
100
AcDbEntity
100
AcDbText
8
METIN_BILGI
10
490
20
-307
30
0
40
12
1
UYGUN (%92 Rezerv Alan)
50
0
7
STANDARD
100
AcDbText
0
LINE
5
10AA0
330
FEC5
100
AcDbEntity
100
AcDbLine
8
METIN_BILGI
10
-750
20
-326
30
0
11
750
21
-326
31
0
0
TEXT
5
10AA1
330
FEC5
100
AcDbEntity
100
AcDbText
8
METIN_BILGI
10
-740
20
-323
30
0
40
12
1
KESIT 6
50
0
7
STANDARD
100
AcDbText
0
TEXT
5
10AA2
330
FEC5
100
AcDbEntity
100
AcDbText
8
METIN_BILGI
10
-650
20
-323
30
0
40
12
1
Alan 2 (Skorboard)
50
0
7
STANDARD
100
AcDbText
0
TEXT
5
10AA3
330
FEC5
100
AcDbEntity
100
AcDbText
8
METIN_BILGI
10
-430
20
-323
30
0
40
12
1
13x 2x25 mm2 Enerji + 3x Fiberoptik
50
0
7
STANDARD
100
AcDbText
0
TEXT
5
10AA4
330
FEC5
100
AcDbEntity
100
AcDbText
8
METIN_BILGI
10
30
20
-323
30
0
40
12
1
4,845 mm2
50
0
7
STANDARD
100
AcDbText
0
TEXT
5
10AA5
330
FEC5
100
AcDbEntity
100
AcDbText
8
METIN_BILGI
10
250
20
-323
30
0
40
12
1
%9.7 (Limit: %50)
50
0
7
STANDARD
100
AcDbText
0
TEXT
5
10AA6
330
FEC5
100
AcDbEntity
100
AcDbText
8
METIN_BILGI
10
490
20
-323
30
0
40
12
1
UYGUN (Seperatorlu Ayrim)
50
0
7
STANDARD
100
AcDbText
0
LINE
5
10AA7
330
FEC5
100
AcDbEntity
100
AcDbLine
8
METIN_BILGI
10
-750
20
-342
30
0
11
750
21
-342
31
0
0
TEXT
5
10AA8
330
FEC5
100
AcDbEntity
100
AcDbText
8
METIN_BILGI
10
-740
20
-339
30
0
40
12
1
KESIT 7
50
0
7
STANDARD
100
AcDbText
0
TEXT
5
10AA9
330
FEC5
100
AcDbEntity
100
AcDbText
8
METIN_BILGI
10
-650
20
-339
30
0
40
12
1
Alan 4 (Kose Tribun)
50
0
7
STANDARD
100
AcDbText
0
TEXT
5
10AAA
330
FEC5
100
AcDbEntity
100
AcDbText
8
METIN_BILGI
10
-430
20
-339
30
0
40
12
1
8 Adet 7/8" Feeder Kablo
50
0
7
STANDARD
100
AcDbText
0
TEXT
5
10AAB
330
FEC5
100
AcDbEntity
100
AcDbText
8
METIN_BILGI
10
30
20
-339
30
0
40
12
1
4,926 mm2
50
0
7
STANDARD
100
AcDbText
0
TEXT
5
10AAC
330
FEC5
100
AcDbEntity
100
AcDbText
8
METIN_BILGI
10
250
20
-339
30
0
40
12
1
%9.8 (Limit: %50)
50
0
7
STANDARD
100
AcDbText
0
TEXT
5
10AAD
330
FEC5
100
AcDbEntity
100
AcDbText
8
METIN_BILGI
10
490
20
-339
30
0
40
12
1
UYGUN (Tek Sira Klipsli)
50
0
7
STANDARD
100
AcDbText
0
LWPOLYLINE
5
10AAE
330
FEC5
100
AcDbEntity
100
AcDbPolyline
8
METIN_BILGI
6
ByLayer
62
256
370
-1
90
4
70
1
10
-425
20
-600
10
-425
20
-380
10
425
20
-380
10
425
20
-600
0
LINE
5
10AAF
330
FEC5
100
AcDbEntity
100
AcDbLine
8
METIN_BILGI
10
-425
20
-460
30
0
11
425
21
-460
31
0
0
LINE
5
10AB0
330
FEC5
100
AcDbEntity
100
AcDbLine
8
METIN_BILGI
10
-425
20
-530
30
0
11
425
21
-530
31
0
0
LINE
5
10AB1
330
FEC5
100
AcDbEntity
100
AcDbLine
8
METIN_BILGI
10
55
20
-600
30
0
11
55
21
-460
31
0
0
TEXT
5
10AB2
330
FEC5
100
AcDbEntity
100
AcDbText
8
METIN_BILGI
10
-405
20
-435
30
0
40
30
1
GALATASARAY STADYUMU GSM ALTYAPI PROJESI
50
0
7
STANDARD
100
AcDbText
0
TEXT
5
10AB3
330
FEC5
100
AcDbEntity
100
AcDbText
8
METIN_BILGI
10
-405
20
-505
30
0
40
24
1
PAFTA: 500MM KABLO TAVASI IMALAT VE KABLO DOLULUK KESITLERI (TAVA IMALAT VE UYGULAMA DETAYI)
50
0
7
STANDARD
100
AcDbText
0
TEXT
5
10AB4
330
FEC5
100
AcDbEntity
100
AcDbText
8
METIN_BILGI
10
-405
20
-572
30
0
40
20
1
OLCEK: 1:1 mm (1:1 mm)
50
0
7
STANDARD
100
AcDbText
0
TEXT
5
10AB5
330
FEC5
100
AcDbEntity
100
AcDbText
8
METIN_BILGI
10
75
20
-505
30
0
40
18
1
CIZIM: ANTIGRAVITY CAD / BIM
50
0
7
STANDARD
100
AcDbText
0
TEXT
5
10AB6
330
FEC5
100
AcDbEntity
100
AcDbText
8
METIN_BILGI
10
75
20
-572
30
0
40
18
1
TARIH: 2026-10-04
50
0
7
STANDARD
100
AcDbText
0
CIRCLE
5
10AB7
330
FEC5
100
AcDbEntity
100
AcDbCircle
8
METIN_BILGI
10
-575
20
-490
30
0
40
80
0
LINE
5
10AB8
330
FEC5
100
AcDbEntity
100
AcDbLine
8
METIN_BILGI
10
-575
20
-562
30
0
11
-575
21
-418
31
0
0
LINE
5
10AB9
330
FEC5
100
AcDbEntity
100
AcDbLine
8
METIN_BILGI
10
-575
20
-418
30
0
11
-600
21
-460
31
0
0
LINE
5
10ABA
330
FEC5
100
AcDbEntity
100
AcDbLine
8
METIN_BILGI
10
-575
20
-418
30
0
11
-550
21
-460
31
0
0
TEXT
5
10ABB
330
FEC5
100
AcDbEntity
100
AcDbText
8
METIN_BILGI
10
-575
20
-390
30
0
40
30
1
K
50
0
7
STANDARD
72
1
11
-575
21
-390
31
0
100
AcDbText
73
2
0
LINE
5
FEE1
330
FEC5
100
AcDbEntity
100
AcDbLine
8
TAVA_PROFILI
10
-1000
20
3885
30
0
11
1000
21
3885
31
0
0
LINE
5
FEE2
330
FEC5
100
AcDbEntity
100
AcDbLine
8
TAVA_PROFILI
10
-1000
20
4415
30
0
11
1000
21
4415
31
0
0
LINE
5
FEE3
330
FEC5
100
AcDbEntity
100
AcDbLine
8
TAVA_PROFILI
10
-1000
20
3885
30
0
11
-1000
21
4415
31
0
0
LINE
5
FEE4
330
FEC5
100
AcDbEntity
100
AcDbLine
8
TAVA_PROFILI
10
1000
20
3885
30
0
11
1000
21
4415
31
0
0
LINE
5
FEE5
330
FEC5
100
AcDbEntity
100
AcDbLine
8
TAVA_PROFILI
10
-1000
20
3900
30
0
11
1000
21
3900
31
0
0
LINE
5
FEE6
330
FEC5
100
AcDbEntity
100
AcDbLine
8
TAVA_PROFILI
10
-1000
20
4400
30
0
11
1000
21
4400
31
0
0
LINE
5
FEE7
330
FEC5
100
AcDbEntity
100
AcDbLine
8
TAVA_PROFILI
10
-1000
20
3902
30
0
11
1000
21
3902
31
0
0
LINE
5
FEE8
330
FEC5
100
AcDbEntity
100
AcDbLine
8
TAVA_PROFILI
10
-1000
20
4398
30
0
11
1000
21
4398
31
0
0
LINE
5
10074
330
FEC5
100
AcDbEntity
100
AcDbLine
8
TAVA_PROFILI
10
350
20
3885
30
0
11
350
21
4415
31
0
0
LINE
5
100BC
330
FEC5
100
AcDbEntity
100
AcDbLine
8
TAVA_PROFILI
10
-1000
20
3350
30
0
11
1000
21
3350
31
0
0
LINE
5
100BD
330
FEC5
100
AcDbEntity
100
AcDbLine
8
TAVA_PROFILI
10
-1000
20
3352
30
0
11
1000
21
3352
31
0
0
LINE
5
100BE
330
FEC5
100
AcDbEntity
100
AcDbLine
8
TAVA_PROFILI
10
-1000
20
3450
30
0
11
1000
21
3450
31
0
0
LINE
5
100BF
330
FEC5
100
AcDbEntity
100
AcDbLine
8
TAVA_PROFILI
10
-1000
20
3442
30
0
11
1000
21
3442
31
0
0
LINE
5
100C0
330
FEC5
100
AcDbEntity
100
AcDbLine
8
TAVA_PROFILI
10
-1000
20
3350
30
0
11
-1000
21
3450
31
0
0
LINE
5
100C1
330
FEC5
100
AcDbEntity
100
AcDbLine
8
TAVA_PROFILI
10
1000
20
3350
30
0
11
1000
21
3450
31
0
0
LINE
5
1010E
330
FEC5
100
AcDbEntity
100
AcDbLine
8
TAVA_PROFILI
10
350
20
3350
30
0
11
350
21
3450
31
0
0
LINE
5
10137
330
FEC5
100
AcDbEntity
100
AcDbLine
8
TAVA_PROFILI
10
-600
20
2600
30
0
11
-989.7114317029974
21
2375
31
0
0
LINE
5
10138
330
FEC5
100
AcDbEntity
100
AcDbLine
8
TAVA_PROFILI
10
-989.7114317029974
20
2375
30
0
11
-340.1923788646684
21
2000
31
0
0
LINE
5
10139
330
FEC5
100
AcDbEntity
100
AcDbLine
8
TAVA_PROFILI
10
-340.1923788646684
20
2000
30
0
11
49.519052838329
21
2225
31
0
0
LINE
5
1013A
330
FEC5
100
AcDbEntity
100
AcDbLine
8
TAVA_PROFILI
10
49.519052838329
20
2225
30
0
11
-600
21
2600
31
0
0
LINE
5
1013B
330
FEC5
100
AcDbEntity
100
AcDbLine
8
TAVA_PROFILI
10
-600
20
2600
30
0
11
-600
21
2690
31
0
0
LINE
5
1013C
330
FEC5
100
AcDbEntity
100
AcDbLine
8
TAVA_PROFILI
10
49.519052838329
20
2225
30
0
11
49.519052838329
21
2315
31
0
0
LINE
5
1013D
330
FEC5
100
AcDbEntity
100
AcDbLine
8
TAVA_PROFILI
10
-600
20
2690
30
0
11
49.519052838329
21
2315
31
0
0
LINE
5
1013E
330
FEC5
100
AcDbEntity
100
AcDbLine
8
TAVA_PROFILI
10
-989.7114317029974
20
2375
30
0
11
-989.7114317029974
21
2465
31
0
0
LINE
5
1013F
330
FEC5
100
AcDbEntity
100
AcDbLine
8
TAVA_PROFILI
10
-340.1923788646684
20
2000
30
0
11
-340.1923788646684
21
2090
31
0
0
LINE
5
10140
330
FEC5
100
AcDbEntity
100
AcDbLine
8
TAVA_PROFILI
10
-989.7114317029974
20
2465
30
0
11
-340.1923788646684
21
2090
31
0
0
LINE
5
10141
330
FEC5
100
AcDbEntity
100
AcDbLine
8
TAVA_PROFILI
10
-600
20
2690
30
0
11
-582.6794919243113
21
2700
31
0
0
LINE
5
10142
330
FEC5
100
AcDbEntity
100
AcDbLine
8
TAVA_PROFILI
10
49.519052838329
20
2315
30
0
11
66.83956091401774
21
2325
31
0
0
LINE
5
10143
330
FEC5
100
AcDbEntity
100
AcDbLine
8
TAVA_PROFILI
10
-582.6794919243113
20
2700
30
0
11
66.83956091401774
21
2325
31
0
0
LINE
5
10144
330
FEC5
100
AcDbEntity
100
AcDbLine
8
TAVA_PROFILI
10
-989.7114317029974
20
2465
30
0
11
-1007.0319397786861
21
2455
31
0
0
LINE
5
10145
330
FEC5
100
AcDbEntity
100
AcDbLine
8
TAVA_PROFILI
10
-340.1923788646684
20
2090
30
0
11
-357.51288694035713
21
2080
31
0
0
LINE
5
10146
330
FEC5
100
AcDbEntity
100
AcDbLine
8
TAVA_PROFILI
10
-1007.0319397786861
20
2455
30
0
11
-357.51288694035713
21
2080
31
0
0
LWPOLYLINE
5
10189
330
FEC5
100
AcDbEntity
100
AcDbPolyline
8
TAVA_PROFILI
6
ByLayer
62
256
370
-1
90
4
70
1
10
-50
20
2700
10
-50
20
2735
10
10
20
2735
10
10
20
2700
0
LINE
5
1018A
330
FEC5
100
AcDbEntity
100
AcDbLine
8
TAVA_PROFILI
10
-50
20
2735
30
0
11
-5
21
2735
31
0
0
LWPOLYLINE
5
10190
330
FEC5
100
AcDbEntity
100
AcDbPolyline
8
TAVA_PROFILI
6
ByLayer
62
256
370
-1
90
4
70
1
10
420
20
2590
10
420
20
2630
10
595
20
2630
10
595
20
2590
0
LWPOLYLINE
5
10191
330
FEC5
100
AcDbEntity
100
AcDbPolyline
8
TAVA_PROFILI
6
ByLayer
62
256
370
-1
90
4
70
1
10
605
20
2590
10
605
20
2630
10
780
20
2630
10
780
20
2590
0
LINE
5
101AB
330
FEC5
100
AcDbEntity
100
AcDbLine
8
TAVA_PROFILI
10
-800
20
1750
30
0
11
-300
21
1750
31
0
0
LINE
5
101AC
330
FEC5
100
AcDbEntity
100
AcDbLine
8
TAVA_PROFILI
10
-802
20
1748
30
0
11
-298
21
1748
31
0
0
LINE
5
101AD
330
FEC5
100
AcDbEntity
100
AcDbLine
8
TAVA_PROFILI
10
-800
20
1750
30
0
11
-800
21
1870
31
0
0
LINE
5
101AE
330
FEC5
100
AcDbEntity
100
AcDbLine
8
TAVA_PROFILI
10
-802
20
1748
30
0
11
-802
21
1870
31
0
0
LINE
5
101AF
330
FEC5
100
AcDbEntity
100
AcDbLine
8
TAVA_PROFILI
10
-300
20
1750
30
0
11
-300
21
1870
31
0
0
LINE
5
101B0
330
FEC5
100
AcDbEntity
100
AcDbLine
8
TAVA_PROFILI
10
-298
20
1748
30
0
11
-298
21
1870
31
0
0
LINE
5
101B1
330
FEC5
100
AcDbEntity
100
AcDbLine
8
TAVA_PROFILI
10
-800
20
1870
30
0
11
-815
21
1870
31
0
0
LINE
5
101B2
330
FEC5
100
AcDbEntity
100
AcDbLine
8
TAVA_PROFILI
10
-815
20
1870
30
0
11
-815
21
1862
31
0
0
LINE
5
101B3
330
FEC5
100
AcDbEntity
100
AcDbLine
8
TAVA_PROFILI
10
-815
20
1862
30
0
11
-802
21
1862
31
0
0
LINE
5
101B4
330
FEC5
100
AcDbEntity
100
AcDbLine
8
TAVA_PROFILI
10
-300
20
1870
30
0
11
-285
21
1870
31
0
0
LINE
5
101B5
330
FEC5
100
AcDbEntity
100
AcDbLine
8
TAVA_PROFILI
10
-285
20
1870
30
0
11
-285
21
1862
31
0
0
LINE
5
101B6
330
FEC5
100
AcDbEntity
100
AcDbLine
8
TAVA_PROFILI
10
-285
20
1862
30
0
11
-298
21
1862
31
0
0
LINE
5
10361
330
FEC5
100
AcDbEntity
100
AcDbLine
8
TAVA_PROFILI
10
-800
20
1250
30
0
11
-300
21
1250
31
0
0
LINE
5
10362
330
FEC5
100
AcDbEntity
100
AcDbLine
8
TAVA_PROFILI
10
-802
20
1248
30
0
11
-298
21
1248
31
0
0
LINE
5
10363
330
FEC5
100
AcDbEntity
100
AcDbLine
8
TAVA_PROFILI
10
-800
20
1250
30
0
11
-800
21
1370
31
0
0
LINE
5
10364
330
FEC5
100
AcDbEntity
100
AcDbLine
8
TAVA_PROFILI
10
-802
20
1248
30
0
11
-802
21
1370
31
0
0
LINE
5
10365
330
FEC5
100
AcDbEntity
100
AcDbLine
8
TAVA_PROFILI
10
-300
20
1250
30
0
11
-300
21
1370
31
0
0
LINE
5
10366
330
FEC5
100
AcDbEntity
100
AcDbLine
8
TAVA_PROFILI
10
-298
20
1248
30
0
11
-298
21
1370
31
0
0
LINE
5
10367
330
FEC5
100
AcDbEntity
100
AcDbLine
8
TAVA_PROFILI
10
-800
20
1370
30
0
11
-815
21
1370
31
0
0
LINE
5
10368
330
FEC5
100
AcDbEntity
100
AcDbLine
8
TAVA_PROFILI
10
-815
20
1370
30
0
11
-815
21
1362
31
0
0
LINE
5
10369
330
FEC5
100
AcDbEntity
100
AcDbLine
8
TAVA_PROFILI
10
-815
20
1362
30
0
11
-802
21
1362
31
0
0
LINE
5
1036A
330
FEC5
100
AcDbEntity
100
AcDbLine
8
TAVA_PROFILI
10
-300
20
1370
30
0
11
-285
21
1370
31
0
0
LINE
5
1036B
330
FEC5
100
AcDbEntity
100
AcDbLine
8
TAVA_PROFILI
10
-285
20
1370
30
0
11
-285
21
1362
31
0
0
LINE
5
1036C
330
FEC5
100
AcDbEntity
100
AcDbLine
8
TAVA_PROFILI
10
-285
20
1362
30
0
11
-298
21
1362
31
0
0
LINE
5
104EF
330
FEC5
100
AcDbEntity
100
AcDbLine
8
TAVA_PROFILI
10
-800
20
750
30
0
11
-300
21
750
31
0
0
LINE
5
104F0
330
FEC5
100
AcDbEntity
100
AcDbLine
8
TAVA_PROFILI
10
-802
20
748
30
0
11
-298
21
748
31
0
0
LINE
5
104F1
330
FEC5
100
AcDbEntity
100
AcDbLine
8
TAVA_PROFILI
10
-800
20
750
30
0
11
-800
21
850
31
0
0
LINE
5
104F2
330
FEC5
100
AcDbEntity
100
AcDbLine
8
TAVA_PROFILI
10
-802
20
748
30
0
11
-802
21
850
31
0
0
LINE
5
104F3
330
FEC5
100
AcDbEntity
100
AcDbLine
8
TAVA_PROFILI
10
-300
20
750
30
0
11
-300
21
850
31
0
0
LINE
5
104F4
330
FEC5
100
AcDbEntity
100
AcDbLine
8
TAVA_PROFILI
10
-298
20
748
30
0
11
-298
21
850
31
0
0
LINE
5
104F5
330
FEC5
100
AcDbEntity
100
AcDbLine
8
TAVA_PROFILI
10
-800
20
850
30
0
11
-815
21
850
31
0
0
LINE
5
104F6
330
FEC5
100
AcDbEntity
100
AcDbLine
8
TAVA_PROFILI
10
-815
20
850
30
0
11
-815
21
842
31
0
0
LINE
5
104F7
330
FEC5
100
AcDbEntity
100
AcDbLine
8
TAVA_PROFILI
10
-815
20
842
30
0
11
-802
21
842
31
0
0
LINE
5
104F8
330
FEC5
100
AcDbEntity
100
AcDbLine
8
TAVA_PROFILI
10
-300
20
850
30
0
11
-285
21
850
31
0
0
LINE
5
104F9
330
FEC5
100
AcDbEntity
100
AcDbLine
8
TAVA_PROFILI
10
-285
20
850
30
0
11
-285
21
842
31
0
0
LINE
5
104FA
330
FEC5
100
AcDbEntity
100
AcDbLine
8
TAVA_PROFILI
10
-285
20
842
30
0
11
-298
21
842
31
0
0
LINE
5
10744
330
FEC5
100
AcDbEntity
100
AcDbLine
8
TAVA_PROFILI
10
-800
20
250
30
0
11
-300
21
250
31
0
0
LINE
5
10745
330
FEC5
100
AcDbEntity
100
AcDbLine
8
TAVA_PROFILI
10
-802
20
248
30
0
11
-298
21
248
31
0
0
LINE
5
10746
330
FEC5
100
AcDbEntity
100
AcDbLine
8
TAVA_PROFILI
10
-800
20
250
30
0
11
-800
21
370
31
0
0
LINE
5
10747
330
FEC5
100
AcDbEntity
100
AcDbLine
8
TAVA_PROFILI
10
-802
20
248
30
0
11
-802
21
370
31
0
0
LINE
5
10748
330
FEC5
100
AcDbEntity
100
AcDbLine
8
TAVA_PROFILI
10
-300
20
250
30
0
11
-300
21
370
31
0
0
LINE
5
10749
330
FEC5
100
AcDbEntity
100
AcDbLine
8
TAVA_PROFILI
10
-298
20
248
30
0
11
-298
21
370
31
0
0
LINE
5
1074A
330
FEC5
100
AcDbEntity
100
AcDbLine
8
TAVA_PROFILI
10
-800
20
370
30
0
11
-815
21
370
31
0
0
LINE
5
1074B
330
FEC5
100
AcDbEntity
100
AcDbLine
8
TAVA_PROFILI
10
-815
20
370
30
0
11
-815
21
362
31
0
0
LINE
5
1074C
330
FEC5
100
AcDbEntity
100
AcDbLine
8
TAVA_PROFILI
10
-815
20
362
30
0
11
-802
21
362
31
0
0
LINE
5
1074D
330
FEC5
100
AcDbEntity
100
AcDbLine
8
TAVA_PROFILI
10
-300
20
370
30
0
11
-285
21
370
31
0
0
LINE
5
1074E
330
FEC5
100
AcDbEntity
100
AcDbLine
8
TAVA_PROFILI
10
-285
20
370
30
0
11
-285
21
362
31
0
0
LINE
5
1074F
330
FEC5
100
AcDbEntity
100
AcDbLine
8
TAVA_PROFILI
10
-285
20
362
30
0
11
-298
21
362
31
0
0
LINE
5
1088A
330
FEC5
100
AcDbEntity
100
AcDbLine
8
TAVA_PROFILI
10
300
20
1750
30
0
11
800
21
1750
31
0
0
LINE
5
1088B
330
FEC5
100
AcDbEntity
100
AcDbLine
8
TAVA_PROFILI
10
298
20
1748
30
0
11
802
21
1748
31
0
0
LINE
5
1088C
330
FEC5
100
AcDbEntity
100
AcDbLine
8
TAVA_PROFILI
10
300
20
1750
30
0
11
300
21
1850
31
0
0
LINE
5
1088D
330
FEC5
100
AcDbEntity
100
AcDbLine
8
TAVA_PROFILI
10
298
20
1748
30
0
11
298
21
1850
31
0
0
LINE
5
1088E
330
FEC5
100
AcDbEntity
100
AcDbLine
8
TAVA_PROFILI
10
800
20
1750
30
0
11
800
21
1850
31
0
0
LINE
5
1088F
330
FEC5
100
AcDbEntity
100
AcDbLine
8
TAVA_PROFILI
10
802
20
1748
30
0
11
802
21
1850
31
0
0
LINE
5
10890
330
FEC5
100
AcDbEntity
100
AcDbLine
8
TAVA_PROFILI
10
300
20
1850
30
0
11
285
21
1850
31
0
0
LINE
5
10891
330
FEC5
100
AcDbEntity
100
AcDbLine
8
TAVA_PROFILI
10
285
20
1850
30
0
11
285
21
1842
31
0
0
LINE
5
10892
330
FEC5
100
AcDbEntity
100
AcDbLine
8
TAVA_PROFILI
10
285
20
1842
30
0
11
298
21
1842
31
0
0
LINE
5
10893
330
FEC5
100
AcDbEntity
100
AcDbLine
8
TAVA_PROFILI
10
800
20
1850
30
0
11
815
21
1850
31
0
0
LINE
5
10894
330
FEC5
100
AcDbEntity
100
AcDbLine
8
TAVA_PROFILI
10
815
20
1850
30
0
11
815
21
1842
31
0
0
LINE
5
10895
330
FEC5
100
AcDbEntity
100
AcDbLine
8
TAVA_PROFILI
10
815
20
1842
30
0
11
802
21
1842
31
0
0
LINE
5
10944
330
FEC5
100
AcDbEntity
100
AcDbLine
8
TAVA_PROFILI
10
300
20
1250
30
0
11
800
21
1250
31
0
0
LINE
5
10945
330
FEC5
100
AcDbEntity
100
AcDbLine
8
TAVA_PROFILI
10
298
20
1248
30
0
11
802
21
1248
31
0
0
LINE
5
10946
330
FEC5
100
AcDbEntity
100
AcDbLine
8
TAVA_PROFILI
10
300
20
1250
30
0
11
300
21
1350
31
0
0
LINE
5
10947
330
FEC5
100
AcDbEntity
100
AcDbLine
8
TAVA_PROFILI
10
298
20
1248
30
0
11
298
21
1350
31
0
0
LINE
5
10948
330
FEC5
100
AcDbEntity
100
AcDbLine
8
TAVA_PROFILI
10
800
20
1250
30
0
11
800
21
1350
31
0
0
LINE
5
10949
330
FEC5
100
AcDbEntity
100
AcDbLine
8
TAVA_PROFILI
10
802
20
1248
30
0
11
802
21
1350
31
0
0
LINE
5
1094A
330
FEC5
100
AcDbEntity
100
AcDbLine
8
TAVA_PROFILI
10
300
20
1350
30
0
11
285
21
1350
31
0
0
LINE
5
1094B
330
FEC5
100
AcDbEntity
100
AcDbLine
8
TAVA_PROFILI
10
285
20
1350
30
0
11
285
21
1342
31
0
0
LINE
5
1094C
330
FEC5
100
AcDbEntity
100
AcDbLine
8
TAVA_PROFILI
10
285
20
1342
30
0
11
298
21
1342
31
0
0
LINE
5
1094D
330
FEC5
100
AcDbEntity
100
AcDbLine
8
TAVA_PROFILI
10
800
20
1350
30
0
11
815
21
1350
31
0
0
LINE
5
1094E
330
FEC5
100
AcDbEntity
100
AcDbLine
8
TAVA_PROFILI
10
815
20
1350
30
0
11
815
21
1342
31
0
0
LINE
5
1094F
330
FEC5
100
AcDbEntity
100
AcDbLine
8
TAVA_PROFILI
10
815
20
1342
30
0
11
802
21
1342
31
0
0
LINE
5
109DD
330
FEC5
100
AcDbEntity
100
AcDbLine
8
TAVA_PROFILI
10
300
20
750
30
0
11
800
21
750
31
0
0
LINE
5
109DE
330
FEC5
100
AcDbEntity
100
AcDbLine
8
TAVA_PROFILI
10
298
20
748
30
0
11
802
21
748
31
0
0
LINE
5
109DF
330
FEC5
100
AcDbEntity
100
AcDbLine
8
TAVA_PROFILI
10
300
20
750
30
0
11
300
21
850
31
0
0
LINE
5
109E0
330
FEC5
100
AcDbEntity
100
AcDbLine
8
TAVA_PROFILI
10
298
20
748
30
0
11
298
21
850
31
0
0
LINE
5
109E1
330
FEC5
100
AcDbEntity
100
AcDbLine
8
TAVA_PROFILI
10
800
20
750
30
0
11
800
21
850
31
0
0
LINE
5
109E2
330
FEC5
100
AcDbEntity
100
AcDbLine
8
TAVA_PROFILI
10
802
20
748
30
0
11
802
21
850
31
0
0
LINE
5
109E3
330
FEC5
100
AcDbEntity
100
AcDbLine
8
TAVA_PROFILI
10
300
20
850
30
0
11
285
21
850
31
0
0
LINE
5
109E4
330
FEC5
100
AcDbEntity
100
AcDbLine
8
TAVA_PROFILI
10
285
20
850
30
0
11
285
21
842
31
0
0
LINE
5
109E5
330
FEC5
100
AcDbEntity
100
AcDbLine
8
TAVA_PROFILI
10
285
20
842
30
0
11
298
21
842
31
0
0
LINE
5
109E6
330
FEC5
100
AcDbEntity
100
AcDbLine
8
TAVA_PROFILI
10
800
20
850
30
0
11
815
21
850
31
0
0
LINE
5
109E7
330
FEC5
100
AcDbEntity
100
AcDbLine
8
TAVA_PROFILI
10
815
20
850
30
0
11
815
21
842
31
0
0
LINE
5
109E8
330
FEC5
100
AcDbEntity
100
AcDbLine
8
TAVA_PROFILI
10
815
20
842
30
0
11
802
21
842
31
0
0
LINE
5
FEEA
330
FEC5
100
AcDbEntity
100
AcDbLine
8
TAVA_DETAY_DELIK
10
-933.5
20
3966
30
0
11
-906.5
21
3966
31
0
0
LINE
5
FEEB
330
FEC5
100
AcDbEntity
100
AcDbLine
8
TAVA_DETAY_DELIK
10
-933.5
20
3974
30
0
11
-906.5
21
3974
31
0
0
CIRCLE
5
FEEC
330
FEC5
100
AcDbEntity
100
AcDbCircle
8
TAVA_DETAY_DELIK
10
-933.5
20
3970
30
0
40
4
0
CIRCLE
5
FEED
330
FEC5
100
AcDbEntity
100
AcDbCircle
8
TAVA_DETAY_DELIK
10
-906.5
20
3970
30
0
40
4
0
LINE
5
FEEE
330
FEC5
100
AcDbEntity
100
AcDbLine
8
TAVA_DETAY_DELIK
10
-933.5
20
4056
30
0
11
-906.5
21
4056
31
0
0
LINE
5
FEEF
330
FEC5
100
AcDbEntity
100
AcDbLine
8
TAVA_DETAY_DELIK
10
-933.5
20
4064
30
0
11
-906.5
21
4064
31
0
0
CIRCLE
5
FEF0
330
FEC5
100
AcDbEntity
100
AcDbCircle
8
TAVA_DETAY_DELIK
10
-933.5
20
4060
30
0
40
4
0
CIRCLE
5
FEF1
330
FEC5
100
AcDbEntity
100
AcDbCircle
8
TAVA_DETAY_DELIK
10
-906.5
20
4060
30
0
40
4
0
LINE
5
FEF2
330
FEC5
100
AcDbEntity
100
AcDbLine
8
TAVA_DETAY_DELIK
10
-933.5
20
4146
30
0
11
-906.5
21
4146
31
0
0
LINE
5
FEF3
330
FEC5
100
AcDbEntity
100
AcDbLine
8
TAVA_DETAY_DELIK
10
-933.5
20
4154
30
0
11
-906.5
21
4154
31
0
0
CIRCLE
5
FEF4
330
FEC5
100
AcDbEntity
100
AcDbCircle
8
TAVA_DETAY_DELIK
10
-933.5
20
4150
30
0
40
4
0
CIRCLE
5
FEF5
330
FEC5
100
AcDbEntity
100
AcDbCircle
8
TAVA_DETAY_DELIK
10
-906.5
20
4150
30
0
40
4
0
LINE
5
FEF6
330
FEC5
100
AcDbEntity
100
AcDbLine
8
TAVA_DETAY_DELIK
10
-933.5
20
4236
30
0
11
-906.5
21
4236
31
0
0
LINE
5
FEF7
330
FEC5
100
AcDbEntity
100
AcDbLine
8
TAVA_DETAY_DELIK
10
-933.5
20
4244
30
0
11
-906.5
21
4244
31
0
0
CIRCLE
5
FEF8
330
FEC5
100
AcDbEntity
100
AcDbCircle
8
TAVA_DETAY_DELIK
10
-933.5
20
4240
30
0
40
4
0
CIRCLE
5
FEF9
330
FEC5
100
AcDbEntity
100
AcDbCircle
8
TAVA_DETAY_DELIK
10
-906.5
20
4240
30
0
40
4
0
LINE
5
FEFA
330
FEC5
100
AcDbEntity
100
AcDbLine
8
TAVA_DETAY_DELIK
10
-933.5
20
4326
30
0
11
-906.5
21
4326
31
0
0
LINE
5
FEFB
330
FEC5
100
AcDbEntity
100
AcDbLine
8
TAVA_DETAY_DELIK
10
-933.5
20
4334
30
0
11
-906.5
21
4334
31
0
0
CIRCLE
5
FEFC
330
FEC5
100
AcDbEntity
100
AcDbCircle
8
TAVA_DETAY_DELIK
10
-933.5
20
4330
30
0
40
4
0
CIRCLE
5
FEFD
330
FEC5
100
AcDbEntity
100
AcDbCircle
8
TAVA_DETAY_DELIK
10
-906.5
20
4330
30
0
40
4
0
LINE
5
FEFE
330
FEC5
100
AcDbEntity
100
AcDbLine
8
TAVA_DETAY_DELIK
10
-833.5
20
3966
30
0
11
-806.5
21
3966
31
0
0
LINE
5
FEFF
330
FEC5
100
AcDbEntity
100
AcDbLine
8
TAVA_DETAY_DELIK
10
-833.5
20
3974
30
0
11
-806.5
21
3974
31
0
0
CIRCLE
5
FF00
330
FEC5
100
AcDbEntity
100
AcDbCircle
8
TAVA_DETAY_DELIK
10
-833.5
20
3970
30
0
40
4
0
CIRCLE
5
FF01
330
FEC5
100
AcDbEntity
100
AcDbCircle
8
TAVA_DETAY_DELIK
10
-806.5
20
3970
30
0
40
4
0
LINE
5
FF02
330
FEC5
100
AcDbEntity
100
AcDbLine
8
TAVA_DETAY_DELIK
10
-833.5
20
4056
30
0
11
-806.5
21
4056
31
0
0
LINE
5
FF03
330
FEC5
100
AcDbEntity
100
AcDbLine
8
TAVA_DETAY_DELIK
10
-833.5
20
4064
30
0
11
-806.5
21
4064
31
0
0
CIRCLE
5
FF04
330
FEC5
100
AcDbEntity
100
AcDbCircle
8
TAVA_DETAY_DELIK
10
-833.5
20
4060
30
0
40
4
0
CIRCLE
5
FF05
330
FEC5
100
AcDbEntity
100
AcDbCircle
8
TAVA_DETAY_DELIK
10
-806.5
20
4060
30
0
40
4
0
LINE
5
FF06
330
FEC5
100
AcDbEntity
100
AcDbLine
8
TAVA_DETAY_DELIK
10
-833.5
20
4146
30
0
11
-806.5
21
4146
31
0
0
LINE
5
FF07
330
FEC5
100
AcDbEntity
100
AcDbLine
8
TAVA_DETAY_DELIK
10
-833.5
20
4154
30
0
11
-806.5
21
4154
31
0
0
CIRCLE
5
FF08
330
FEC5
100
AcDbEntity
100
AcDbCircle
8
TAVA_DETAY_DELIK
10
-833.5
20
4150
30
0
40
4
0
CIRCLE
5
FF09
330
FEC5
100
AcDbEntity
100
AcDbCircle
8
TAVA_DETAY_DELIK
10
-806.5
20
4150
30
0
40
4
0
LINE
5
FF0A
330
FEC5
100
AcDbEntity
100
AcDbLine
8
TAVA_DETAY_DELIK
10
-833.5
20
4236
30
0
11
-806.5
21
4236
31
0
0
LINE
5
FF0B
330
FEC5
100
AcDbEntity
100
AcDbLine
8
TAVA_DETAY_DELIK
10
-833.5
20
4244
30
0
11
-806.5
21
4244
31
0
0
CIRCLE
5
FF0C
330
FEC5
100
AcDbEntity
100
AcDbCircle
8
TAVA_DETAY_DELIK
10
-833.5
20
4240
30
0
40
4
0
CIRCLE
5
FF0D
330
FEC5
100
AcDbEntity
100
AcDbCircle
8
TAVA_DETAY_DELIK
10
-806.5
20
4240
30
0
40
4
0
LINE
5
FF0E
330
FEC5
100
AcDbEntity
100
AcDbLine
8
TAVA_DETAY_DELIK
10
-833.5
20
4326
30
0
11
-806.5
21
4326
31
0
0
LINE
5
FF0F
330
FEC5
100
AcDbEntity
100
AcDbLine
8
TAVA_DETAY_DELIK
10
-833.5
20
4334
30
0
11
-806.5
21
4334
31
0
0
CIRCLE
5
FF10
330
FEC5
100
AcDbEntity
100
AcDbCircle
8
TAVA_DETAY_DELIK
10
-833.5
20
4330
30
0
40
4
0
CIRCLE
5
FF11
330
FEC5
100
AcDbEntity
100
AcDbCircle
8
TAVA_DETAY_DELIK
10
-806.5
20
4330
30
0
40
4
0
LINE
5
FF12
330
FEC5
100
AcDbEntity
100
AcDbLine
8
TAVA_DETAY_DELIK
10
-733.5
20
3966
30
0
11
-706.5
21
3966
31
0
0
LINE
5
FF13
330
FEC5
100
AcDbEntity
100
AcDbLine
8
TAVA_DETAY_DELIK
10
-733.5
20
3974
30
0
11
-706.5
21
3974
31
0
0
CIRCLE
5
FF14
330
FEC5
100
AcDbEntity
100
AcDbCircle
8
TAVA_DETAY_DELIK
10
-733.5
20
3970
30
0
40
4
0
CIRCLE
5
FF15
330
FEC5
100
AcDbEntity
100
AcDbCircle
8
TAVA_DETAY_DELIK
10
-706.5
20
3970
30
0
40
4
0
LINE
5
FF16
330
FEC5
100
AcDbEntity
100
AcDbLine
8
TAVA_DETAY_DELIK
10
-733.5
20
4056
30
0
11
-706.5
21
4056
31
0
0
LINE
5
FF17
330
FEC5
100
AcDbEntity
100
AcDbLine
8
TAVA_DETAY_DELIK
10
-733.5
20
4064
30
0
11
-706.5
21
4064
31
0
0
CIRCLE
5
FF18
330
FEC5
100
AcDbEntity
100
AcDbCircle
8
TAVA_DETAY_DELIK
10
-733.5
20
4060
30
0
40
4
0
CIRCLE
5
FF19
330
FEC5
100
AcDbEntity
100
AcDbCircle
8
TAVA_DETAY_DELIK
10
-706.5
20
4060
30
0
40
4
0
LINE
5
FF1A
330
FEC5
100
AcDbEntity
100
AcDbLine
8
TAVA_DETAY_DELIK
10
-733.5
20
4146
30
0
11
-706.5
21
4146
31
0
0
LINE
5
FF1B
330
FEC5
100
AcDbEntity
100
AcDbLine
8
TAVA_DETAY_DELIK
10
-733.5
20
4154
30
0
11
-706.5
21
4154
31
0
0
CIRCLE
5
FF1C
330
FEC5
100
AcDbEntity
100
AcDbCircle
8
TAVA_DETAY_DELIK
10
-733.5
20
4150
30
0
40
4
0
CIRCLE
5
FF1D
330
FEC5
100
AcDbEntity
100
AcDbCircle
8
TAVA_DETAY_DELIK
10
-706.5
20
4150
30
0
40
4
0
LINE
5
FF1E
330
FEC5
100
AcDbEntity
100
AcDbLine
8
TAVA_DETAY_DELIK
10
-733.5
20
4236
30
0
11
-706.5
21
4236
31
0
0
LINE
5
FF1F
330
FEC5
100
AcDbEntity
100
AcDbLine
8
TAVA_DETAY_DELIK
10
-733.5
20
4244
30
0
11
-706.5
21
4244
31
0
0
CIRCLE
5
FF20
330
FEC5
100
AcDbEntity
100
AcDbCircle
8
TAVA_DETAY_DELIK
10
-733.5
20
4240
30
0
40
4
0
CIRCLE
5
FF21
330
FEC5
100
AcDbEntity
100
AcDbCircle
8
TAVA_DETAY_DELIK
10
-706.5
20
4240
30
0
40
4
0
LINE
5
FF22
330
FEC5
100
AcDbEntity
100
AcDbLine
8
TAVA_DETAY_DELIK
10
-733.5
20
4326
30
0
11
-706.5
21
4326
31
0
0
LINE
5
FF23
330
FEC5
100
AcDbEntity
100
AcDbLine
8
TAVA_DETAY_DELIK
10
-733.5
20
4334
30
0
11
-706.5
21
4334
31
0
0
CIRCLE
5
FF24
330
FEC5
100
AcDbEntity
100
AcDbCircle
8
TAVA_DETAY_DELIK
10
-733.5
20
4330
30
0
40
4
0
CIRCLE
5
FF25
330
FEC5
100
AcDbEntity
100
AcDbCircle
8
TAVA_DETAY_DELIK
10
-706.5
20
4330
30
0
40
4
0
LINE
5
FF26
330
FEC5
100
AcDbEntity
100
AcDbLine
8
TAVA_DETAY_DELIK
10
-633.5
20
3966
30
0
11
-606.5
21
3966
31
0
0
LINE
5
FF27
330
FEC5
100
AcDbEntity
100
AcDbLine
8
TAVA_DETAY_DELIK
10
-633.5
20
3974
30
0
11
-606.5
21
3974
31
0
0
CIRCLE
5
FF28
330
FEC5
100
AcDbEntity
100
AcDbCircle
8
TAVA_DETAY_DELIK
10
-633.5
20
3970
30
0
40
4
0
CIRCLE
5
FF29
330
FEC5
100
AcDbEntity
100
AcDbCircle
8
TAVA_DETAY_DELIK
10
-606.5
20
3970
30
0
40
4
0
LINE
5
FF2A
330
FEC5
100
AcDbEntity
100
AcDbLine
8
TAVA_DETAY_DELIK
10
-633.5
20
4056
30
0
11
-606.5
21
4056
31
0
0
LINE
5
FF2B
330
FEC5
100
AcDbEntity
100
AcDbLine
8
TAVA_DETAY_DELIK
10
-633.5
20
4064
30
0
11
-606.5
21
4064
31
0
0
CIRCLE
5
FF2C
330
FEC5
100
AcDbEntity
100
AcDbCircle
8
TAVA_DETAY_DELIK
10
-633.5
20
4060
30
0
40
4
0
CIRCLE
5
FF2D
330
FEC5
100
AcDbEntity
100
AcDbCircle
8
TAVA_DETAY_DELIK
10
-606.5
20
4060
30
0
40
4
0
LINE
5
FF2E
330
FEC5
100
AcDbEntity
100
AcDbLine
8
TAVA_DETAY_DELIK
10
-633.5
20
4146
30
0
11
-606.5
21
4146
31
0
0
LINE
5
FF2F
330
FEC5
100
AcDbEntity
100
AcDbLine
8
TAVA_DETAY_DELIK
10
-633.5
20
4154
30
0
11
-606.5
21
4154
31
0
0
CIRCLE
5
FF30
330
FEC5
100
AcDbEntity
100
AcDbCircle
8
TAVA_DETAY_DELIK
10
-633.5
20
4150
30
0
40
4
0
CIRCLE
5
FF31
330
FEC5
100
AcDbEntity
100
AcDbCircle
8
TAVA_DETAY_DELIK
10
-606.5
20
4150
30
0
40
4
0
LINE
5
FF32
330
FEC5
100
AcDbEntity
100
AcDbLine
8
TAVA_DETAY_DELIK
10
-633.5
20
4236
30
0
11
-606.5
21
4236
31
0
0
LINE
5
FF33
330
FEC5
100
AcDbEntity
100
AcDbLine
8
TAVA_DETAY_DELIK
10
-633.5
20
4244
30
0
11
-606.5
21
4244
31
0
0
CIRCLE
5
FF34
330
FEC5
100
AcDbEntity
100
AcDbCircle
8
TAVA_DETAY_DELIK
10
-633.5
20
4240
30
0
40
4
0
CIRCLE
5
FF35
330
FEC5
100
AcDbEntity
100
AcDbCircle
8
TAVA_DETAY_DELIK
10
-606.5
20
4240
30
0
40
4
0
LINE
5
FF36
330
FEC5
100
AcDbEntity
100
AcDbLine
8
TAVA_DETAY_DELIK
10
-633.5
20
4326
30
0
11
-606.5
21
4326
31
0
0
LINE
5
FF37
330
FEC5
100
AcDbEntity
100
AcDbLine
8
TAVA_DETAY_DELIK
10
-633.5
20
4334
30
0
11
-606.5
21
4334
31
0
0
CIRCLE
5
FF38
330
FEC5
100
AcDbEntity
100
AcDbCircle
8
TAVA_DETAY_DELIK
10
-633.5
20
4330
30
0
40
4
0
CIRCLE
5
FF39
330
FEC5
100
AcDbEntity
100
AcDbCircle
8
TAVA_DETAY_DELIK
10
-606.5
20
4330
30
0
40
4
0
LINE
5
FF3A
330
FEC5
100
AcDbEntity
100
AcDbLine
8
TAVA_DETAY_DELIK
10
-533.5
20
3966
30
0
11
-506.5
21
3966
31
0
0
LINE
5
FF3B
330
FEC5
100
AcDbEntity
100
AcDbLine
8
TAVA_DETAY_DELIK
10
-533.5
20
3974
30
0
11
-506.5
21
3974
31
0
0
CIRCLE
5
FF3C
330
FEC5
100
AcDbEntity
100
AcDbCircle
8
TAVA_DETAY_DELIK
10
-533.5
20
3970
30
0
40
4
0
CIRCLE
5
FF3D
330
FEC5
100
AcDbEntity
100
AcDbCircle
8
TAVA_DETAY_DELIK
10
-506.5
20
3970
30
0
40
4
0
LINE
5
FF3E
330
FEC5
100
AcDbEntity
100
AcDbLine
8
TAVA_DETAY_DELIK
10
-533.5
20
4056
30
0
11
-506.5
21
4056
31
0
0
LINE
5
FF3F
330
FEC5
100
AcDbEntity
100
AcDbLine
8
TAVA_DETAY_DELIK
10
-533.5
20
4064
30
0
11
-506.5
21
4064
31
0
0
CIRCLE
5
FF40
330
FEC5
100
AcDbEntity
100
AcDbCircle
8
TAVA_DETAY_DELIK
10
-533.5
20
4060
30
0
40
4
0
CIRCLE
5
FF41
330
FEC5
100
AcDbEntity
100
AcDbCircle
8
TAVA_DETAY_DELIK
10
-506.5
20
4060
30
0
40
4
0
LINE
5
FF42
330
FEC5
100
AcDbEntity
100
AcDbLine
8
TAVA_DETAY_DELIK
10
-533.5
20
4146
30
0
11
-506.5
21
4146
31
0
0
LINE
5
FF43
330
FEC5
100
AcDbEntity
100
AcDbLine
8
TAVA_DETAY_DELIK
10
-533.5
20
4154
30
0
11
-506.5
21
4154
31
0
0
CIRCLE
5
FF44
330
FEC5
100
AcDbEntity
100
AcDbCircle
8
TAVA_DETAY_DELIK
10
-533.5
20
4150
30
0
40
4
0
CIRCLE
5
FF45
330
FEC5
100
AcDbEntity
100
AcDbCircle
8
TAVA_DETAY_DELIK
10
-506.5
20
4150
30
0
40
4
0
LINE
5
FF46
330
FEC5
100
AcDbEntity
100
AcDbLine
8
TAVA_DETAY_DELIK
10
-533.5
20
4236
30
0
11
-506.5
21
4236
31
0
0
LINE
5
FF47
330
FEC5
100
AcDbEntity
100
AcDbLine
8
TAVA_DETAY_DELIK
10
-533.5
20
4244
30
0
11
-506.5
21
4244
31
0
0
CIRCLE
5
FF48
330
FEC5
100
AcDbEntity
100
AcDbCircle
8
TAVA_DETAY_DELIK
10
-533.5
20
4240
30
0
40
4
0
CIRCLE
5
FF49
330
FEC5
100
AcDbEntity
100
AcDbCircle
8
TAVA_DETAY_DELIK
10
-506.5
20
4240
30
0
40
4
0
LINE
5
FF4A
330
FEC5
100
AcDbEntity
100
AcDbLine
8
TAVA_DETAY_DELIK
10
-533.5
20
4326
30
0
11
-506.5
21
4326
31
0
0
LINE
5
FF4B
330
FEC5
100
AcDbEntity
100
AcDbLine
8
TAVA_DETAY_DELIK
10
-533.5
20
4334
30
0
11
-506.5
21
4334
31
0
0
CIRCLE
5
FF4C
330
FEC5
100
AcDbEntity
100
AcDbCircle
8
TAVA_DETAY_DELIK
10
-533.5
20
4330
30
0
40
4
0
CIRCLE
5
FF4D
330
FEC5
100
AcDbEntity
100
AcDbCircle
8
TAVA_DETAY_DELIK
10
-506.5
20
4330
30
0
40
4
0
LINE
5
FF4E
330
FEC5
100
AcDbEntity
100
AcDbLine
8
TAVA_DETAY_DELIK
10
-433.5
20
3966
30
0
11
-406.5
21
3966
31
0
0
LINE
5
FF4F
330
FEC5
100
AcDbEntity
100
AcDbLine
8
TAVA_DETAY_DELIK
10
-433.5
20
3974
30
0
11
-406.5
21
3974
31
0
0
CIRCLE
5
FF50
330
FEC5
100
AcDbEntity
100
AcDbCircle
8
TAVA_DETAY_DELIK
10
-433.5
20
3970
30
0
40
4
0
CIRCLE
5
FF51
330
FEC5
100
AcDbEntity
100
AcDbCircle
8
TAVA_DETAY_DELIK
10
-406.5
20
3970
30
0
40
4
0
LINE
5
FF52
330
FEC5
100
AcDbEntity
100
AcDbLine
8
TAVA_DETAY_DELIK
10
-433.5
20
4056
30
0
11
-406.5
21
4056
31
0
0
LINE
5
FF53
330
FEC5
100
AcDbEntity
100
AcDbLine
8
TAVA_DETAY_DELIK
10
-433.5
20
4064
30
0
11
-406.5
21
4064
31
0
0
CIRCLE
5
FF54
330
FEC5
100
AcDbEntity
100
AcDbCircle
8
TAVA_DETAY_DELIK
10
-433.5
20
4060
30
0
40
4
0
CIRCLE
5
FF55
330
FEC5
100
AcDbEntity
100
AcDbCircle
8
TAVA_DETAY_DELIK
10
-406.5
20
4060
30
0
40
4
0
LINE
5
FF56
330
FEC5
100
AcDbEntity
100
AcDbLine
8
TAVA_DETAY_DELIK
10
-433.5
20
4146
30
0
11
-406.5
21
4146
31
0
0
LINE
5
FF57
330
FEC5
100
AcDbEntity
100
AcDbLine
8
TAVA_DETAY_DELIK
10
-433.5
20
4154
30
0
11
-406.5
21
4154
31
0
0
CIRCLE
5
FF58
330
FEC5
100
AcDbEntity
100
AcDbCircle
8
TAVA_DETAY_DELIK
10
-433.5
20
4150
30
0
40
4
0
CIRCLE
5
FF59
330
FEC5
100
AcDbEntity
100
AcDbCircle
8
TAVA_DETAY_DELIK
10
-406.5
20
4150
30
0
40
4
0
LINE
5
FF5A
330
FEC5
100
AcDbEntity
100
AcDbLine
8
TAVA_DETAY_DELIK
10
-433.5
20
4236
30
0
11
-406.5
21
4236
31
0
0
LINE
5
FF5B
330
FEC5
100
AcDbEntity
100
AcDbLine
8
TAVA_DETAY_DELIK
10
-433.5
20
4244
30
0
11
-406.5
21
4244
31
0
0
CIRCLE
5
FF5C
330
FEC5
100
AcDbEntity
100
AcDbCircle
8
TAVA_DETAY_DELIK
10
-433.5
20
4240
30
0
40
4
0
CIRCLE
5
FF5D
330
FEC5
100
AcDbEntity
100
AcDbCircle
8
TAVA_DETAY_DELIK
10
-406.5
20
4240
30
0
40
4
0
LINE
5
FF5E
330
FEC5
100
AcDbEntity
100
AcDbLine
8
TAVA_DETAY_DELIK
10
-433.5
20
4326
30
0
11
-406.5
21
4326
31
0
0
LINE
5
FF5F
330
FEC5
100
AcDbEntity
100
AcDbLine
8
TAVA_DETAY_DELIK
10
-433.5
20
4334
30
0
11
-406.5
21
4334
31
0
0
CIRCLE
5
FF60
330
FEC5
100
AcDbEntity
100
AcDbCircle
8
TAVA_DETAY_DELIK
10
-433.5
20
4330
30
0
40
4
0
CIRCLE
5
FF61
330
FEC5
100
AcDbEntity
100
AcDbCircle
8
TAVA_DETAY_DELIK
10
-406.5
20
4330
30
0
40
4
0
LINE
5
FF62
330
FEC5
100
AcDbEntity
100
AcDbLine
8
TAVA_DETAY_DELIK
10
-333.5
20
3966
30
0
11
-306.5
21
3966
31
0
0
LINE
5
FF63
330
FEC5
100
AcDbEntity
100
AcDbLine
8
TAVA_DETAY_DELIK
10
-333.5
20
3974
30
0
11
-306.5
21
3974
31
0
0
CIRCLE
5
FF64
330
FEC5
100
AcDbEntity
100
AcDbCircle
8
TAVA_DETAY_DELIK
10
-333.5
20
3970
30
0
40
4
0
CIRCLE
5
FF65
330
FEC5
100
AcDbEntity
100
AcDbCircle
8
TAVA_DETAY_DELIK
10
-306.5
20
3970
30
0
40
4
0
LINE
5
FF66
330
FEC5
100
AcDbEntity
100
AcDbLine
8
TAVA_DETAY_DELIK
10
-333.5
20
4056
30
0
11
-306.5
21
4056
31
0
0
LINE
5
FF67
330
FEC5
100
AcDbEntity
100
AcDbLine
8
TAVA_DETAY_DELIK
10
-333.5
20
4064
30
0
11
-306.5
21
4064
31
0
0
CIRCLE
5
FF68
330
FEC5
100
AcDbEntity
100
AcDbCircle
8
TAVA_DETAY_DELIK
10
-333.5
20
4060
30
0
40
4
0
CIRCLE
5
FF69
330
FEC5
100
AcDbEntity
100
AcDbCircle
8
TAVA_DETAY_DELIK
10
-306.5
20
4060
30
0
40
4
0
LINE
5
FF6A
330
FEC5
100
AcDbEntity
100
AcDbLine
8
TAVA_DETAY_DELIK
10
-333.5
20
4146
30
0
11
-306.5
21
4146
31
0
0
LINE
5
FF6B
330
FEC5
100
AcDbEntity
100
AcDbLine
8
TAVA_DETAY_DELIK
10
-333.5
20
4154
30
0
11
-306.5
21
4154
31
0
0
CIRCLE
5
FF6C
330
FEC5
100
AcDbEntity
100
AcDbCircle
8
TAVA_DETAY_DELIK
10
-333.5
20
4150
30
0
40
4
0
CIRCLE
5
FF6D
330
FEC5
100
AcDbEntity
100
AcDbCircle
8
TAVA_DETAY_DELIK
10
-306.5
20
4150
30
0
40
4
0
LINE
5
FF6E
330
FEC5
100
AcDbEntity
100
AcDbLine
8
TAVA_DETAY_DELIK
10
-333.5
20
4236
30
0
11
-306.5
21
4236
31
0
0
LINE
5
FF6F
330
FEC5
100
AcDbEntity
100
AcDbLine
8
TAVA_DETAY_DELIK
10
-333.5
20
4244
30
0
11
-306.5
21
4244
31
0
0
CIRCLE
5
FF70
330
FEC5
100
AcDbEntity
100
AcDbCircle
8
TAVA_DETAY_DELIK
10
-333.5
20
4240
30
0
40
4
0
CIRCLE
5
FF71
330
FEC5
100
AcDbEntity
100
AcDbCircle
8
TAVA_DETAY_DELIK
10
-306.5
20
4240
30
0
40
4
0
LINE
5
FF72
330
FEC5
100
AcDbEntity
100
AcDbLine
8
TAVA_DETAY_DELIK
10
-333.5
20
4326
30
0
11
-306.5
21
4326
31
0
0
LINE
5
FF73
330
FEC5
100
AcDbEntity
100
AcDbLine
8
TAVA_DETAY_DELIK
10
-333.5
20
4334
30
0
11
-306.5
21
4334
31
0
0
CIRCLE
5
FF74
330
FEC5
100
AcDbEntity
100
AcDbCircle
8
TAVA_DETAY_DELIK
10
-333.5
20
4330
30
0
40
4
0
CIRCLE
5
FF75
330
FEC5
100
AcDbEntity
100
AcDbCircle
8
TAVA_DETAY_DELIK
10
-306.5
20
4330
30
0
40
4
0
LINE
5
FF76
330
FEC5
100
AcDbEntity
100
AcDbLine
8
TAVA_DETAY_DELIK
10
-233.5
20
3966
30
0
11
-206.5
21
3966
31
0
0
LINE
5
FF77
330
FEC5
100
AcDbEntity
100
AcDbLine
8
TAVA_DETAY_DELIK
10
-233.5
20
3974
30
0
11
-206.5
21
3974
31
0
0
CIRCLE
5
FF78
330
FEC5
100
AcDbEntity
100
AcDbCircle
8
TAVA_DETAY_DELIK
10
-233.5
20
3970
30
0
40
4
0
CIRCLE
5
FF79
330
FEC5
100
AcDbEntity
100
AcDbCircle
8
TAVA_DETAY_DELIK
10
-206.5
20
3970
30
0
40
4
0
LINE
5
FF7A
330
FEC5
100
AcDbEntity
100
AcDbLine
8
TAVA_DETAY_DELIK
10
-233.5
20
4056
30
0
11
-206.5
21
4056
31
0
0
LINE
5
FF7B
330
FEC5
100
AcDbEntity
100
AcDbLine
8
TAVA_DETAY_DELIK
10
-233.5
20
4064
30
0
11
-206.5
21
4064
31
0
0
CIRCLE
5
FF7C
330
FEC5
100
AcDbEntity
100
AcDbCircle
8
TAVA_DETAY_DELIK
10
-233.5
20
4060
30
0
40
4
0
CIRCLE
5
FF7D
330
FEC5
100
AcDbEntity
100
AcDbCircle
8
TAVA_DETAY_DELIK
10
-206.5
20
4060
30
0
40
4
0
LINE
5
FF7E
330
FEC5
100
AcDbEntity
100
AcDbLine
8
TAVA_DETAY_DELIK
10
-233.5
20
4146
30
0
11
-206.5
21
4146
31
0
0
LINE
5
FF7F
330
FEC5
100
AcDbEntity
100
AcDbLine
8
TAVA_DETAY_DELIK
10
-233.5
20
4154
30
0
11
-206.5
21
4154
31
0
0
CIRCLE
5
FF80
330
FEC5
100
AcDbEntity
100
AcDbCircle
8
TAVA_DETAY_DELIK
10
-233.5
20
4150
30
0
40
4
0
CIRCLE
5
FF81
330
FEC5
100
AcDbEntity
100
AcDbCircle
8
TAVA_DETAY_DELIK
10
-206.5
20
4150
30
0
40
4
0
LINE
5
FF82
330
FEC5
100
AcDbEntity
100
AcDbLine
8
TAVA_DETAY_DELIK
10
-233.5
20
4236
30
0
11
-206.5
21
4236
31
0
0
LINE
5
FF83
330
FEC5
100
AcDbEntity
100
AcDbLine
8
TAVA_DETAY_DELIK
10
-233.5
20
4244
30
0
11
-206.5
21
4244
31
0
0
CIRCLE
5
FF84
330
FEC5
100
AcDbEntity
100
AcDbCircle
8
TAVA_DETAY_DELIK
10
-233.5
20
4240
30
0
40
4
0
CIRCLE
5
FF85
330
FEC5
100
AcDbEntity
100
AcDbCircle
8
TAVA_DETAY_DELIK
10
-206.5
20
4240
30
0
40
4
0
LINE
5
FF86
330
FEC5
100
AcDbEntity
100
AcDbLine
8
TAVA_DETAY_DELIK
10
-233.5
20
4326
30
0
11
-206.5
21
4326
31
0
0
LINE
5
FF87
330
FEC5
100
AcDbEntity
100
AcDbLine
8
TAVA_DETAY_DELIK
10
-233.5
20
4334
30
0
11
-206.5
21
4334
31
0
0
CIRCLE
5
FF88
330
FEC5
100
AcDbEntity
100
AcDbCircle
8
TAVA_DETAY_DELIK
10
-233.5
20
4330
30
0
40
4
0
CIRCLE
5
FF89
330
FEC5
100
AcDbEntity
100
AcDbCircle
8
TAVA_DETAY_DELIK
10
-206.5
20
4330
30
0
40
4
0
LINE
5
FF8A
330
FEC5
100
AcDbEntity
100
AcDbLine
8
TAVA_DETAY_DELIK
10
-133.5
20
3966
30
0
11
-106.5
21
3966
31
0
0
LINE
5
FF8B
330
FEC5
100
AcDbEntity
100
AcDbLine
8
TAVA_DETAY_DELIK
10
-133.5
20
3974
30
0
11
-106.5
21
3974
31
0
0
CIRCLE
5
FF8C
330
FEC5
100
AcDbEntity
100
AcDbCircle
8
TAVA_DETAY_DELIK
10
-133.5
20
3970
30
0
40
4
0
CIRCLE
5
FF8D
330
FEC5
100
AcDbEntity
100
AcDbCircle
8
TAVA_DETAY_DELIK
10
-106.5
20
3970
30
0
40
4
0
LINE
5
FF8E
330
FEC5
100
AcDbEntity
100
AcDbLine
8
TAVA_DETAY_DELIK
10
-133.5
20
4056
30
0
11
-106.5
21
4056
31
0
0
LINE
5
FF8F
330
FEC5
100
AcDbEntity
100
AcDbLine
8
TAVA_DETAY_DELIK
10
-133.5
20
4064
30
0
11
-106.5
21
4064
31
0
0
CIRCLE
5
FF90
330
FEC5
100
AcDbEntity
100
AcDbCircle
8
TAVA_DETAY_DELIK
10
-133.5
20
4060
30
0
40
4
0
CIRCLE
5
FF91
330
FEC5
100
AcDbEntity
100
AcDbCircle
8
TAVA_DETAY_DELIK
10
-106.5
20
4060
30
0
40
4
0
LINE
5
FF92
330
FEC5
100
AcDbEntity
100
AcDbLine
8
TAVA_DETAY_DELIK
10
-133.5
20
4146
30
0
11
-106.5
21
4146
31
0
0
LINE
5
FF93
330
FEC5
100
AcDbEntity
100
AcDbLine
8
TAVA_DETAY_DELIK
10
-133.5
20
4154
30
0
11
-106.5
21
4154
31
0
0
CIRCLE
5
FF94
330
FEC5
100
AcDbEntity
100
AcDbCircle
8
TAVA_DETAY_DELIK
10
-133.5
20
4150
30
0
40
4
0
CIRCLE
5
FF95
330
FEC5
100
AcDbEntity
100
AcDbCircle
8
TAVA_DETAY_DELIK
10
-106.5
20
4150
30
0
40
4
0
LINE
5
FF96
330
FEC5
100
AcDbEntity
100
AcDbLine
8
TAVA_DETAY_DELIK
10
-133.5
20
4236
30
0
11
-106.5
21
4236
31
0
0
LINE
5
FF97
330
FEC5
100
AcDbEntity
100
AcDbLine
8
TAVA_DETAY_DELIK
10
-133.5
20
4244
30
0
11
-106.5
21
4244
31
0
0
CIRCLE
5
FF98
330
FEC5
100
AcDbEntity
100
AcDbCircle
8
TAVA_DETAY_DELIK
10
-133.5
20
4240
30
0
40
4
0
CIRCLE
5
FF99
330
FEC5
100
AcDbEntity
100
AcDbCircle
8
TAVA_DETAY_DELIK
10
-106.5
20
4240
30
0
40
4
0
LINE
5
FF9A
330
FEC5
100
AcDbEntity
100
AcDbLine
8
TAVA_DETAY_DELIK
10
-133.5
20
4326
30
0
11
-106.5
21
4326
31
0
0
LINE
5
FF9B
330
FEC5
100
AcDbEntity
100
AcDbLine
8
TAVA_DETAY_DELIK
10
-133.5
20
4334
30
0
11
-106.5
21
4334
31
0
0
CIRCLE
5
FF9C
330
FEC5
100
AcDbEntity
100
AcDbCircle
8
TAVA_DETAY_DELIK
10
-133.5
20
4330
30
0
40
4
0
CIRCLE
5
FF9D
330
FEC5
100
AcDbEntity
100
AcDbCircle
8
TAVA_DETAY_DELIK
10
-106.5
20
4330
30
0
40
4
0
LINE
5
FF9E
330
FEC5
100
AcDbEntity
100
AcDbLine
8
TAVA_DETAY_DELIK
10
-33.5
20
3966
30
0
11
-6.5
21
3966
31
0
0
LINE
5
FF9F
330
FEC5
100
AcDbEntity
100
AcDbLine
8
TAVA_DETAY_DELIK
10
-33.5
20
3974
30
0
11
-6.5
21
3974
31
0
0
CIRCLE
5
FFA0
330
FEC5
100
AcDbEntity
100
AcDbCircle
8
TAVA_DETAY_DELIK
10
-33.5
20
3970
30
0
40
4
0
CIRCLE
5
FFA1
330
FEC5
100
AcDbEntity
100
AcDbCircle
8
TAVA_DETAY_DELIK
10
-6.5
20
3970
30
0
40
4
0
LINE
5
FFA2
330
FEC5
100
AcDbEntity
100
AcDbLine
8
TAVA_DETAY_DELIK
10
-33.5
20
4056
30
0
11
-6.5
21
4056
31
0
0
LINE
5
FFA3
330
FEC5
100
AcDbEntity
100
AcDbLine
8
TAVA_DETAY_DELIK
10
-33.5
20
4064
30
0
11
-6.5
21
4064
31
0
0
CIRCLE
5
FFA4
330
FEC5
100
AcDbEntity
100
AcDbCircle
8
TAVA_DETAY_DELIK
10
-33.5
20
4060
30
0
40
4
0
CIRCLE
5
FFA5
330
FEC5
100
AcDbEntity
100
AcDbCircle
8
TAVA_DETAY_DELIK
10
-6.5
20
4060
30
0
40
4
0
LINE
5
FFA6
330
FEC5
100
AcDbEntity
100
AcDbLine
8
TAVA_DETAY_DELIK
10
-33.5
20
4146
30
0
11
-6.5
21
4146
31
0
0
LINE
5
FFA7
330
FEC5
100
AcDbEntity
100
AcDbLine
8
TAVA_DETAY_DELIK
10
-33.5
20
4154
30
0
11
-6.5
21
4154
31
0
0
CIRCLE
5
FFA8
330
FEC5
100
AcDbEntity
100
AcDbCircle
8
TAVA_DETAY_DELIK
10
-33.5
20
4150
30
0
40
4
0
CIRCLE
5
FFA9
330
FEC5
100
AcDbEntity
100
AcDbCircle
8
TAVA_DETAY_DELIK
10
-6.5
20
4150
30
0
40
4
0
LINE
5
FFAA
330
FEC5
100
AcDbEntity
100
AcDbLine
8
TAVA_DETAY_DELIK
10
-33.5
20
4236
30
0
11
-6.5
21
4236
31
0
0
LINE
5
FFAB
330
FEC5
100
AcDbEntity
100
AcDbLine
8
TAVA_DETAY_DELIK
10
-33.5
20
4244
30
0
11
-6.5
21
4244
31
0
0
CIRCLE
5
FFAC
330
FEC5
100
AcDbEntity
100
AcDbCircle
8
TAVA_DETAY_DELIK
10
-33.5
20
4240
30
0
40
4
0
CIRCLE
5
FFAD
330
FEC5
100
AcDbEntity
100
AcDbCircle
8
TAVA_DETAY_DELIK
10
-6.5
20
4240
30
0
40
4
0
LINE
5
FFAE
330
FEC5
100
AcDbEntity
100
AcDbLine
8
TAVA_DETAY_DELIK
10
-33.5
20
4326
30
0
11
-6.5
21
4326
31
0
0
LINE
5
FFAF
330
FEC5
100
AcDbEntity
100
AcDbLine
8
TAVA_DETAY_DELIK
10
-33.5
20
4334
30
0
11
-6.5
21
4334
31
0
0
CIRCLE
5
FFB0
330
FEC5
100
AcDbEntity
100
AcDbCircle
8
TAVA_DETAY_DELIK
10
-33.5
20
4330
30
0
40
4
0
CIRCLE
5
FFB1
330
FEC5
100
AcDbEntity
100
AcDbCircle
8
TAVA_DETAY_DELIK
10
-6.5
20
4330
30
0
40
4
0
LINE
5
FFB2
330
FEC5
100
AcDbEntity
100
AcDbLine
8
TAVA_DETAY_DELIK
10
66.5
20
3966
30
0
11
93.5
21
3966
31
0
0
LINE
5
FFB3
330
FEC5
100
AcDbEntity
100
AcDbLine
8
TAVA_DETAY_DELIK
10
66.5
20
3974
30
0
11
93.5
21
3974
31
0
0
CIRCLE
5
FFB4
330
FEC5
100
AcDbEntity
100
AcDbCircle
8
TAVA_DETAY_DELIK
10
66.5
20
3970
30
0
40
4
0
CIRCLE
5
FFB5
330
FEC5
100
AcDbEntity
100
AcDbCircle
8
TAVA_DETAY_DELIK
10
93.5
20
3970
30
0
40
4
0
LINE
5
FFB6
330
FEC5
100
AcDbEntity
100
AcDbLine
8
TAVA_DETAY_DELIK
10
66.5
20
4056
30
0
11
93.5
21
4056
31
0
0
LINE
5
FFB7
330
FEC5
100
AcDbEntity
100
AcDbLine
8
TAVA_DETAY_DELIK
10
66.5
20
4064
30
0
11
93.5
21
4064
31
0
0
CIRCLE
5
FFB8
330
FEC5
100
AcDbEntity
100
AcDbCircle
8
TAVA_DETAY_DELIK
10
66.5
20
4060
30
0
40
4
0
CIRCLE
5
FFB9
330
FEC5
100
AcDbEntity
100
AcDbCircle
8
TAVA_DETAY_DELIK
10
93.5
20
4060
30
0
40
4
0
LINE
5
FFBA
330
FEC5
100
AcDbEntity
100
AcDbLine
8
TAVA_DETAY_DELIK
10
66.5
20
4146
30
0
11
93.5
21
4146
31
0
0
LINE
5
FFBB
330
FEC5
100
AcDbEntity
100
AcDbLine
8
TAVA_DETAY_DELIK
10
66.5
20
4154
30
0
11
93.5
21
4154
31
0
0
CIRCLE
5
FFBC
330
FEC5
100
AcDbEntity
100
AcDbCircle
8
TAVA_DETAY_DELIK
10
66.5
20
4150
30
0
40
4
0
CIRCLE
5
FFBD
330
FEC5
100
AcDbEntity
100
AcDbCircle
8
TAVA_DETAY_DELIK
10
93.5
20
4150
30
0
40
4
0
LINE
5
FFBE
330
FEC5
100
AcDbEntity
100
AcDbLine
8
TAVA_DETAY_DELIK
10
66.5
20
4236
30
0
11
93.5
21
4236
31
0
0
LINE
5
FFBF
330
FEC5
100
AcDbEntity
100
AcDbLine
8
TAVA_DETAY_DELIK
10
66.5
20
4244
30
0
11
93.5
21
4244
31
0
0
CIRCLE
5
FFC0
330
FEC5
100
AcDbEntity
100
AcDbCircle
8
TAVA_DETAY_DELIK
10
66.5
20
4240
30
0
40
4
0
CIRCLE
5
FFC1
330
FEC5
100
AcDbEntity
100
AcDbCircle
8
TAVA_DETAY_DELIK
10
93.5
20
4240
30
0
40
4
0
LINE
5
FFC2
330
FEC5
100
AcDbEntity
100
AcDbLine
8
TAVA_DETAY_DELIK
10
66.5
20
4326
30
0
11
93.5
21
4326
31
0
0
LINE
5
FFC3
330
FEC5
100
AcDbEntity
100
AcDbLine
8
TAVA_DETAY_DELIK
10
66.5
20
4334
30
0
11
93.5
21
4334
31
0
0
CIRCLE
5
FFC4
330
FEC5
100
AcDbEntity
100
AcDbCircle
8
TAVA_DETAY_DELIK
10
66.5
20
4330
30
0
40
4
0
CIRCLE
5
FFC5
330
FEC5
100
AcDbEntity
100
AcDbCircle
8
TAVA_DETAY_DELIK
10
93.5
20
4330
30
0
40
4
0
LINE
5
FFC6
330
FEC5
100
AcDbEntity
100
AcDbLine
8
TAVA_DETAY_DELIK
10
166.5
20
3966
30
0
11
193.5
21
3966
31
0
0
LINE
5
FFC7
330
FEC5
100
AcDbEntity
100
AcDbLine
8
TAVA_DETAY_DELIK
10
166.5
20
3974
30
0
11
193.5
21
3974
31
0
0
CIRCLE
5
FFC8
330
FEC5
100
AcDbEntity
100
AcDbCircle
8
TAVA_DETAY_DELIK
10
166.5
20
3970
30
0
40
4
0
CIRCLE
5
FFC9
330
FEC5
100
AcDbEntity
100
AcDbCircle
8
TAVA_DETAY_DELIK
10
193.5
20
3970
30
0
40
4
0
LINE
5
FFCA
330
FEC5
100
AcDbEntity
100
AcDbLine
8
TAVA_DETAY_DELIK
10
166.5
20
4056
30
0
11
193.5
21
4056
31
0
0
LINE
5
FFCB
330
FEC5
100
AcDbEntity
100
AcDbLine
8
TAVA_DETAY_DELIK
10
166.5
20
4064
30
0
11
193.5
21
4064
31
0
0
CIRCLE
5
FFCC
330
FEC5
100
AcDbEntity
100
AcDbCircle
8
TAVA_DETAY_DELIK
10
166.5
20
4060
30
0
40
4
0
CIRCLE
5
FFCD
330
FEC5
100
AcDbEntity
100
AcDbCircle
8
TAVA_DETAY_DELIK
10
193.5
20
4060
30
0
40
4
0
LINE
5
FFCE
330
FEC5
100
AcDbEntity
100
AcDbLine
8
TAVA_DETAY_DELIK
10
166.5
20
4146
30
0
11
193.5
21
4146
31
0
0
LINE
5
FFCF
330
FEC5
100
AcDbEntity
100
AcDbLine
8
TAVA_DETAY_DELIK
10
166.5
20
4154
30
0
11
193.5
21
4154
31
0
0
CIRCLE
5
FFD0
330
FEC5
100
AcDbEntity
100
AcDbCircle
8
TAVA_DETAY_DELIK
10
166.5
20
4150
30
0
40
4
0
CIRCLE
5
FFD1
330
FEC5
100
AcDbEntity
100
AcDbCircle
8
TAVA_DETAY_DELIK
10
193.5
20
4150
30
0
40
4
0
LINE
5
FFD2
330
FEC5
100
AcDbEntity
100
AcDbLine
8
TAVA_DETAY_DELIK
10
166.5
20
4236
30
0
11
193.5
21
4236
31
0
0
LINE
5
FFD3
330
FEC5
100
AcDbEntity
100
AcDbLine
8
TAVA_DETAY_DELIK
10
166.5
20
4244
30
0
11
193.5
21
4244
31
0
0
CIRCLE
5
FFD4
330
FEC5
100
AcDbEntity
100
AcDbCircle
8
TAVA_DETAY_DELIK
10
166.5
20
4240
30
0
40
4
0
CIRCLE
5
FFD5
330
FEC5
100
AcDbEntity
100
AcDbCircle
8
TAVA_DETAY_DELIK
10
193.5
20
4240
30
0
40
4
0
LINE
5
FFD6
330
FEC5
100
AcDbEntity
100
AcDbLine
8
TAVA_DETAY_DELIK
10
166.5
20
4326
30
0
11
193.5
21
4326
31
0
0
LINE
5
FFD7
330
FEC5
100
AcDbEntity
100
AcDbLine
8
TAVA_DETAY_DELIK
10
166.5
20
4334
30
0
11
193.5
21
4334
31
0
0
CIRCLE
5
FFD8
330
FEC5
100
AcDbEntity
100
AcDbCircle
8
TAVA_DETAY_DELIK
10
166.5
20
4330
30
0
40
4
0
CIRCLE
5
FFD9
330
FEC5
100
AcDbEntity
100
AcDbCircle
8
TAVA_DETAY_DELIK
10
193.5
20
4330
30
0
40
4
0
LINE
5
FFDA
330
FEC5
100
AcDbEntity
100
AcDbLine
8
TAVA_DETAY_DELIK
10
266.5
20
3966
30
0
11
293.5
21
3966
31
0
0
LINE
5
FFDB
330
FEC5
100
AcDbEntity
100
AcDbLine
8
TAVA_DETAY_DELIK
10
266.5
20
3974
30
0
11
293.5
21
3974
31
0
0
CIRCLE
5
FFDC
330
FEC5
100
AcDbEntity
100
AcDbCircle
8
TAVA_DETAY_DELIK
10
266.5
20
3970
30
0
40
4
0
CIRCLE
5
FFDD
330
FEC5
100
AcDbEntity
100
AcDbCircle
8
TAVA_DETAY_DELIK
10
293.5
20
3970
30
0
40
4
0
LINE
5
FFDE
330
FEC5
100
AcDbEntity
100
AcDbLine
8
TAVA_DETAY_DELIK
10
266.5
20
4056
30
0
11
293.5
21
4056
31
0
0
LINE
5
FFDF
330
FEC5
100
AcDbEntity
100
AcDbLine
8
TAVA_DETAY_DELIK
10
266.5
20
4064
30
0
11
293.5
21
4064
31
0
0
CIRCLE
5
FFE0
330
FEC5
100
AcDbEntity
100
AcDbCircle
8
TAVA_DETAY_DELIK
10
266.5
20
4060
30
0
40
4
0
CIRCLE
5
FFE1
330
FEC5
100
AcDbEntity
100
AcDbCircle
8
TAVA_DETAY_DELIK
10
293.5
20
4060
30
0
40
4
0
LINE
5
FFE2
330
FEC5
100
AcDbEntity
100
AcDbLine
8
TAVA_DETAY_DELIK
10
266.5
20
4146
30
0
11
293.5
21
4146
31
0
0
LINE
5
FFE3
330
FEC5
100
AcDbEntity
100
AcDbLine
8
TAVA_DETAY_DELIK
10
266.5
20
4154
30
0
11
293.5
21
4154
31
0
0
CIRCLE
5
FFE4
330
FEC5
100
AcDbEntity
100
AcDbCircle
8
TAVA_DETAY_DELIK
10
266.5
20
4150
30
0
40
4
0
CIRCLE
5
FFE5
330
FEC5
100
AcDbEntity
100
AcDbCircle
8
TAVA_DETAY_DELIK
10
293.5
20
4150
30
0
40
4
0
LINE
5
FFE6
330
FEC5
100
AcDbEntity
100
AcDbLine
8
TAVA_DETAY_DELIK
10
266.5
20
4236
30
0
11
293.5
21
4236
31
0
0
LINE
5
FFE7
330
FEC5
100
AcDbEntity
100
AcDbLine
8
TAVA_DETAY_DELIK
10
266.5
20
4244
30
0
11
293.5
21
4244
31
0
0
CIRCLE
5
FFE8
330
FEC5
100
AcDbEntity
100
AcDbCircle
8
TAVA_DETAY_DELIK
10
266.5
20
4240
30
0
40
4
0
CIRCLE
5
FFE9
330
FEC5
100
AcDbEntity
100
AcDbCircle
8
TAVA_DETAY_DELIK
10
293.5
20
4240
30
0
40
4
0
LINE
5
FFEA
330
FEC5
100
AcDbEntity
100
AcDbLine
8
TAVA_DETAY_DELIK
10
266.5
20
4326
30
0
11
293.5
21
4326
31
0
0
LINE
5
FFEB
330
FEC5
100
AcDbEntity
100
AcDbLine
8
TAVA_DETAY_DELIK
10
266.5
20
4334
30
0
11
293.5
21
4334
31
0
0
CIRCLE
5
FFEC
330
FEC5
100
AcDbEntity
100
AcDbCircle
8
TAVA_DETAY_DELIK
10
266.5
20
4330
30
0
40
4
0
CIRCLE
5
FFED
330
FEC5
100
AcDbEntity
100
AcDbCircle
8
TAVA_DETAY_DELIK
10
293.5
20
4330
30
0
40
4
0
LINE
5
FFEE
330
FEC5
100
AcDbEntity
100
AcDbLine
8
TAVA_DETAY_DELIK
10
366.5
20
3966
30
0
11
393.5
21
3966
31
0
0
LINE
5
FFEF
330
FEC5
100
AcDbEntity
100
AcDbLine
8
TAVA_DETAY_DELIK
10
366.5
20
3974
30
0
11
393.5
21
3974
31
0
0
CIRCLE
5
FFF0
330
FEC5
100
AcDbEntity
100
AcDbCircle
8
TAVA_DETAY_DELIK
10
366.5
20
3970
30
0
40
4
0
CIRCLE
5
FFF1
330
FEC5
100
AcDbEntity
100
AcDbCircle
8
TAVA_DETAY_DELIK
10
393.5
20
3970
30
0
40
4
0
LINE
5
FFF2
330
FEC5
100
AcDbEntity
100
AcDbLine
8
TAVA_DETAY_DELIK
10
366.5
20
4056
30
0
11
393.5
21
4056
31
0
0
LINE
5
FFF3
330
FEC5
100
AcDbEntity
100
AcDbLine
8
TAVA_DETAY_DELIK
10
366.5
20
4064
30
0
11
393.5
21
4064
31
0
0
CIRCLE
5
FFF4
330
FEC5
100
AcDbEntity
100
AcDbCircle
8
TAVA_DETAY_DELIK
10
366.5
20
4060
30
0
40
4
0
CIRCLE
5
FFF5
330
FEC5
100
AcDbEntity
100
AcDbCircle
8
TAVA_DETAY_DELIK
10
393.5
20
4060
30
0
40
4
0
LINE
5
FFF6
330
FEC5
100
AcDbEntity
100
AcDbLine
8
TAVA_DETAY_DELIK
10
366.5
20
4146
30
0
11
393.5
21
4146
31
0
0
LINE
5
FFF7
330
FEC5
100
AcDbEntity
100
AcDbLine
8
TAVA_DETAY_DELIK
10
366.5
20
4154
30
0
11
393.5
21
4154
31
0
0
CIRCLE
5
FFF8
330
FEC5
100
AcDbEntity
100
AcDbCircle
8
TAVA_DETAY_DELIK
10
366.5
20
4150
30
0
40
4
0
CIRCLE
5
FFF9
330
FEC5
100
AcDbEntity
100
AcDbCircle
8
TAVA_DETAY_DELIK
10
393.5
20
4150
30
0
40
4
0
LINE
5
FFFA
330
FEC5
100
AcDbEntity
100
AcDbLine
8
TAVA_DETAY_DELIK
10
366.5
20
4236
30
0
11
393.5
21
4236
31
0
0
LINE
5
FFFB
330
FEC5
100
AcDbEntity
100
AcDbLine
8
TAVA_DETAY_DELIK
10
366.5
20
4244
30
0
11
393.5
21
4244
31
0
0
CIRCLE
5
FFFC
330
FEC5
100
AcDbEntity
100
AcDbCircle
8
TAVA_DETAY_DELIK
10
366.5
20
4240
30
0
40
4
0
CIRCLE
5
FFFD
330
FEC5
100
AcDbEntity
100
AcDbCircle
8
TAVA_DETAY_DELIK
10
393.5
20
4240
30
0
40
4
0
LINE
5
FFFE
330
FEC5
100
AcDbEntity
100
AcDbLine
8
TAVA_DETAY_DELIK
10
366.5
20
4326
30
0
11
393.5
21
4326
31
0
0
LINE
5
FFFF
330
FEC5
100
AcDbEntity
100
AcDbLine
8
TAVA_DETAY_DELIK
10
366.5
20
4334
30
0
11
393.5
21
4334
31
0
0
CIRCLE
5
10000
330
FEC5
100
AcDbEntity
100
AcDbCircle
8
TAVA_DETAY_DELIK
10
366.5
20
4330
30
0
40
4
0
CIRCLE
5
10001
330
FEC5
100
AcDbEntity
100
AcDbCircle
8
TAVA_DETAY_DELIK
10
393.5
20
4330
30
0
40
4
0
LINE
5
10002
330
FEC5
100
AcDbEntity
100
AcDbLine
8
TAVA_DETAY_DELIK
10
466.5
20
3966
30
0
11
493.5
21
3966
31
0
0
LINE
5
10003
330
FEC5
100
AcDbEntity
100
AcDbLine
8
TAVA_DETAY_DELIK
10
466.5
20
3974
30
0
11
493.5
21
3974
31
0
0
CIRCLE
5
10004
330
FEC5
100
AcDbEntity
100
AcDbCircle
8
TAVA_DETAY_DELIK
10
466.5
20
3970
30
0
40
4
0
CIRCLE
5
10005
330
FEC5
100
AcDbEntity
100
AcDbCircle
8
TAVA_DETAY_DELIK
10
493.5
20
3970
30
0
40
4
0
LINE
5
10006
330
FEC5
100
AcDbEntity
100
AcDbLine
8
TAVA_DETAY_DELIK
10
466.5
20
4056
30
0
11
493.5
21
4056
31
0
0
LINE
5
10007
330
FEC5
100
AcDbEntity
100
AcDbLine
8
TAVA_DETAY_DELIK
10
466.5
20
4064
30
0
11
493.5
21
4064
31
0
0
CIRCLE
5
10008
330
FEC5
100
AcDbEntity
100
AcDbCircle
8
TAVA_DETAY_DELIK
10
466.5
20
4060
30
0
40
4
0
CIRCLE
5
10009
330
FEC5
100
AcDbEntity
100
AcDbCircle
8
TAVA_DETAY_DELIK
10
493.5
20
4060
30
0
40
4
0
LINE
5
1000A
330
FEC5
100
AcDbEntity
100
AcDbLine
8
TAVA_DETAY_DELIK
10
466.5
20
4146
30
0
11
493.5
21
4146
31
0
0
LINE
5
1000B
330
FEC5
100
AcDbEntity
100
AcDbLine
8
TAVA_DETAY_DELIK
10
466.5
20
4154
30
0
11
493.5
21
4154
31
0
0
CIRCLE
5
1000C
330
FEC5
100
AcDbEntity
100
AcDbCircle
8
TAVA_DETAY_DELIK
10
466.5
20
4150
30
0
40
4
0
CIRCLE
5
1000D
330
FEC5
100
AcDbEntity
100
AcDbCircle
8
TAVA_DETAY_DELIK
10
493.5
20
4150
30
0
40
4
0
LINE
5
1000E
330
FEC5
100
AcDbEntity
100
AcDbLine
8
TAVA_DETAY_DELIK
10
466.5
20
4236
30
0
11
493.5
21
4236
31
0
0
LINE
5
1000F
330
FEC5
100
AcDbEntity
100
AcDbLine
8
TAVA_DETAY_DELIK
10
466.5
20
4244
30
0
11
493.5
21
4244
31
0
0
CIRCLE
5
10010
330
FEC5
100
AcDbEntity
100
AcDbCircle
8
TAVA_DETAY_DELIK
10
466.5
20
4240
30
0
40
4
0
CIRCLE
5
10011
330
FEC5
100
AcDbEntity
100
AcDbCircle
8
TAVA_DETAY_DELIK
10
493.5
20
4240
30
0
40
4
0
LINE
5
10012
330
FEC5
100
AcDbEntity
100
AcDbLine
8
TAVA_DETAY_DELIK
10
466.5
20
4326
30
0
11
493.5
21
4326
31
0
0
LINE
5
10013
330
FEC5
100
AcDbEntity
100
AcDbLine
8
TAVA_DETAY_DELIK
10
466.5
20
4334
30
0
11
493.5
21
4334
31
0
0
CIRCLE
5
10014
330
FEC5
100
AcDbEntity
100
AcDbCircle
8
TAVA_DETAY_DELIK
10
466.5
20
4330
30
0
40
4
0
CIRCLE
5
10015
330
FEC5
100
AcDbEntity
100
AcDbCircle
8
TAVA_DETAY_DELIK
10
493.5
20
4330
30
0
40
4
0
LINE
5
10016
330
FEC5
100
AcDbEntity
100
AcDbLine
8
TAVA_DETAY_DELIK
10
566.5
20
3966
30
0
11
593.5
21
3966
31
0
0
LINE
5
10017
330
FEC5
100
AcDbEntity
100
AcDbLine
8
TAVA_DETAY_DELIK
10
566.5
20
3974
30
0
11
593.5
21
3974
31
0
0
CIRCLE
5
10018
330
FEC5
100
AcDbEntity
100
AcDbCircle
8
TAVA_DETAY_DELIK
10
566.5
20
3970
30
0
40
4
0
CIRCLE
5
10019
330
FEC5
100
AcDbEntity
100
AcDbCircle
8
TAVA_DETAY_DELIK
10
593.5
20
3970
30
0
40
4
0
LINE
5
1001A
330
FEC5
100
AcDbEntity
100
AcDbLine
8
TAVA_DETAY_DELIK
10
566.5
20
4056
30
0
11
593.5
21
4056
31
0
0
LINE
5
1001B
330
FEC5
100
AcDbEntity
100
AcDbLine
8
TAVA_DETAY_DELIK
10
566.5
20
4064
30
0
11
593.5
21
4064
31
0
0
CIRCLE
5
1001C
330
FEC5
100
AcDbEntity
100
AcDbCircle
8
TAVA_DETAY_DELIK
10
566.5
20
4060
30
0
40
4
0
CIRCLE
5
1001D
330
FEC5
100
AcDbEntity
100
AcDbCircle
8
TAVA_DETAY_DELIK
10
593.5
20
4060
30
0
40
4
0
LINE
5
1001E
330
FEC5
100
AcDbEntity
100
AcDbLine
8
TAVA_DETAY_DELIK
10
566.5
20
4146
30
0
11
593.5
21
4146
31
0
0
LINE
5
1001F
330
FEC5
100
AcDbEntity
100
AcDbLine
8
TAVA_DETAY_DELIK
10
566.5
20
4154
30
0
11
593.5
21
4154
31
0
0
CIRCLE
5
10020
330
FEC5
100
AcDbEntity
100
AcDbCircle
8
TAVA_DETAY_DELIK
10
566.5
20
4150
30
0
40
4
0
CIRCLE
5
10021
330
FEC5
100
AcDbEntity
100
AcDbCircle
8
TAVA_DETAY_DELIK
10
593.5
20
4150
30
0
40
4
0
LINE
5
10022
330
FEC5
100
AcDbEntity
100
AcDbLine
8
TAVA_DETAY_DELIK
10
566.5
20
4236
30
0
11
593.5
21
4236
31
0
0
LINE
5
10023
330
FEC5
100
AcDbEntity
100
AcDbLine
8
TAVA_DETAY_DELIK
10
566.5
20
4244
30
0
11
593.5
21
4244
31
0
0
CIRCLE
5
10024
330
FEC5
100
AcDbEntity
100
AcDbCircle
8
TAVA_DETAY_DELIK
10
566.5
20
4240
30
0
40
4
0
CIRCLE
5
10025
330
FEC5
100
AcDbEntity
100
AcDbCircle
8
TAVA_DETAY_DELIK
10
593.5
20
4240
30
0
40
4
0
LINE
5
10026
330
FEC5
100
AcDbEntity
100
AcDbLine
8
TAVA_DETAY_DELIK
10
566.5
20
4326
30
0
11
593.5
21
4326
31
0
0
LINE
5
10027
330
FEC5
100
AcDbEntity
100
AcDbLine
8
TAVA_DETAY_DELIK
10
566.5
20
4334
30
0
11
593.5
21
4334
31
0
0
CIRCLE
5
10028
330
FEC5
100
AcDbEntity
100
AcDbCircle
8
TAVA_DETAY_DELIK
10
566.5
20
4330
30
0
40
4
0
CIRCLE
5
10029
330
FEC5
100
AcDbEntity
100
AcDbCircle
8
TAVA_DETAY_DELIK
10
593.5
20
4330
30
0
40
4
0
LINE
5
1002A
330
FEC5
100
AcDbEntity
100
AcDbLine
8
TAVA_DETAY_DELIK
10
666.5
20
3966
30
0
11
693.5
21
3966
31
0
0
LINE
5
1002B
330
FEC5
100
AcDbEntity
100
AcDbLine
8
TAVA_DETAY_DELIK
10
666.5
20
3974
30
0
11
693.5
21
3974
31
0
0
CIRCLE
5
1002C
330
FEC5
100
AcDbEntity
100
AcDbCircle
8
TAVA_DETAY_DELIK
10
666.5
20
3970
30
0
40
4
0
CIRCLE
5
1002D
330
FEC5
100
AcDbEntity
100
AcDbCircle
8
TAVA_DETAY_DELIK
10
693.5
20
3970
30
0
40
4
0
LINE
5
1002E
330
FEC5
100
AcDbEntity
100
AcDbLine
8
TAVA_DETAY_DELIK
10
666.5
20
4056
30
0
11
693.5
21
4056
31
0
0
LINE
5
1002F
330
FEC5
100
AcDbEntity
100
AcDbLine
8
TAVA_DETAY_DELIK
10
666.5
20
4064
30
0
11
693.5
21
4064
31
0
0
CIRCLE
5
10030
330
FEC5
100
AcDbEntity
100
AcDbCircle
8
TAVA_DETAY_DELIK
10
666.5
20
4060
30
0
40
4
0
CIRCLE
5
10031
330
FEC5
100
AcDbEntity
100
AcDbCircle
8
TAVA_DETAY_DELIK
10
693.5
20
4060
30
0
40
4
0
LINE
5
10032
330
FEC5
100
AcDbEntity
100
AcDbLine
8
TAVA_DETAY_DELIK
10
666.5
20
4146
30
0
11
693.5
21
4146
31
0
0
LINE
5
10033
330
FEC5
100
AcDbEntity
100
AcDbLine
8
TAVA_DETAY_DELIK
10
666.5
20
4154
30
0
11
693.5
21
4154
31
0
0
CIRCLE
5
10034
330
FEC5
100
AcDbEntity
100
AcDbCircle
8
TAVA_DETAY_DELIK
10
666.5
20
4150
30
0
40
4
0
CIRCLE
5
10035
330
FEC5
100
AcDbEntity
100
AcDbCircle
8
TAVA_DETAY_DELIK
10
693.5
20
4150
30
0
40
4
0
LINE
5
10036
330
FEC5
100
AcDbEntity
100
AcDbLine
8
TAVA_DETAY_DELIK
10
666.5
20
4236
30
0
11
693.5
21
4236
31
0
0
LINE
5
10037
330
FEC5
100
AcDbEntity
100
AcDbLine
8
TAVA_DETAY_DELIK
10
666.5
20
4244
30
0
11
693.5
21
4244
31
0
0
CIRCLE
5
10038
330
FEC5
100
AcDbEntity
100
AcDbCircle
8
TAVA_DETAY_DELIK
10
666.5
20
4240
30
0
40
4
0
CIRCLE
5
10039
330
FEC5
100
AcDbEntity
100
AcDbCircle
8
TAVA_DETAY_DELIK
10
693.5
20
4240
30
0
40
4
0
LINE
5
1003A
330
FEC5
100
AcDbEntity
100
AcDbLine
8
TAVA_DETAY_DELIK
10
666.5
20
4326
30
0
11
693.5
21
4326
31
0
0
LINE
5
1003B
330
FEC5
100
AcDbEntity
100
AcDbLine
8
TAVA_DETAY_DELIK
10
666.5
20
4334
30
0
11
693.5
21
4334
31
0
0
CIRCLE
5
1003C
330
FEC5
100
AcDbEntity
100
AcDbCircle
8
TAVA_DETAY_DELIK
10
666.5
20
4330
30
0
40
4
0
CIRCLE
5
1003D
330
FEC5
100
AcDbEntity
100
AcDbCircle
8
TAVA_DETAY_DELIK
10
693.5
20
4330
30
0
40
4
0
LINE
5
1003E
330
FEC5
100
AcDbEntity
100
AcDbLine
8
TAVA_DETAY_DELIK
10
766.5
20
3966
30
0
11
793.5
21
3966
31
0
0
LINE
5
1003F
330
FEC5
100
AcDbEntity
100
AcDbLine
8
TAVA_DETAY_DELIK
10
766.5
20
3974
30
0
11
793.5
21
3974
31
0
0
CIRCLE
5
10040
330
FEC5
100
AcDbEntity
100
AcDbCircle
8
TAVA_DETAY_DELIK
10
766.5
20
3970
30
0
40
4
0
CIRCLE
5
10041
330
FEC5
100
AcDbEntity
100
AcDbCircle
8
TAVA_DETAY_DELIK
10
793.5
20
3970
30
0
40
4
0
LINE
5
10042
330
FEC5
100
AcDbEntity
100
AcDbLine
8
TAVA_DETAY_DELIK
10
766.5
20
4056
30
0
11
793.5
21
4056
31
0
0
LINE
5
10043
330
FEC5
100
AcDbEntity
100
AcDbLine
8
TAVA_DETAY_DELIK
10
766.5
20
4064
30
0
11
793.5
21
4064
31
0
0
CIRCLE
5
10044
330
FEC5
100
AcDbEntity
100
AcDbCircle
8
TAVA_DETAY_DELIK
10
766.5
20
4060
30
0
40
4
0
CIRCLE
5
10045
330
FEC5
100
AcDbEntity
100
AcDbCircle
8
TAVA_DETAY_DELIK
10
793.5
20
4060
30
0
40
4
0
LINE
5
10046
330
FEC5
100
AcDbEntity
100
AcDbLine
8
TAVA_DETAY_DELIK
10
766.5
20
4146
30
0
11
793.5
21
4146
31
0
0
LINE
5
10047
330
FEC5
100
AcDbEntity
100
AcDbLine
8
TAVA_DETAY_DELIK
10
766.5
20
4154
30
0
11
793.5
21
4154
31
0
0
CIRCLE
5
10048
330
FEC5
100
AcDbEntity
100
AcDbCircle
8
TAVA_DETAY_DELIK
10
766.5
20
4150
30
0
40
4
0
CIRCLE
5
10049
330
FEC5
100
AcDbEntity
100
AcDbCircle
8
TAVA_DETAY_DELIK
10
793.5
20
4150
30
0
40
4
0
LINE
5
1004A
330
FEC5
100
AcDbEntity
100
AcDbLine
8
TAVA_DETAY_DELIK
10
766.5
20
4236
30
0
11
793.5
21
4236
31
0
0
LINE
5
1004B
330
FEC5
100
AcDbEntity
100
AcDbLine
8
TAVA_DETAY_DELIK
10
766.5
20
4244
30
0
11
793.5
21
4244
31
0
0
CIRCLE
5
1004C
330
FEC5
100
AcDbEntity
100
AcDbCircle
8
TAVA_DETAY_DELIK
10
766.5
20
4240
30
0
40
4
0
CIRCLE
5
1004D
330
FEC5
100
AcDbEntity
100
AcDbCircle
8
TAVA_DETAY_DELIK
10
793.5
20
4240
30
0
40
4
0
LINE
5
1004E
330
FEC5
100
AcDbEntity
100
AcDbLine
8
TAVA_DETAY_DELIK
10
766.5
20
4326
30
0
11
793.5
21
4326
31
0
0
LINE
5
1004F
330
FEC5
100
AcDbEntity
100
AcDbLine
8
TAVA_DETAY_DELIK
10
766.5
20
4334
30
0
11
793.5
21
4334
31
0
0
CIRCLE
5
10050
330
FEC5
100
AcDbEntity
100
AcDbCircle
8
TAVA_DETAY_DELIK
10
766.5
20
4330
30
0
40
4
0
CIRCLE
5
10051
330
FEC5
100
AcDbEntity
100
AcDbCircle
8
TAVA_DETAY_DELIK
10
793.5
20
4330
30
0
40
4
0
LINE
5
10052
330
FEC5
100
AcDbEntity
100
AcDbLine
8
TAVA_DETAY_DELIK
10
866.5
20
3966
30
0
11
893.5
21
3966
31
0
0
LINE
5
10053
330
FEC5
100
AcDbEntity
100
AcDbLine
8
TAVA_DETAY_DELIK
10
866.5
20
3974
30
0
11
893.5
21
3974
31
0
0
CIRCLE
5
10054
330
FEC5
100
AcDbEntity
100
AcDbCircle
8
TAVA_DETAY_DELIK
10
866.5
20
3970
30
0
40
4
0
CIRCLE
5
10055
330
FEC5
100
AcDbEntity
100
AcDbCircle
8
TAVA_DETAY_DELIK
10
893.5
20
3970
30
0
40
4
0
LINE
5
10056
330
FEC5
100
AcDbEntity
100
AcDbLine
8
TAVA_DETAY_DELIK
10
866.5
20
4056
30
0
11
893.5
21
4056
31
0
0
LINE
5
10057
330
FEC5
100
AcDbEntity
100
AcDbLine
8
TAVA_DETAY_DELIK
10
866.5
20
4064
30
0
11
893.5
21
4064
31
0
0
CIRCLE
5
10058
330
FEC5
100
AcDbEntity
100
AcDbCircle
8
TAVA_DETAY_DELIK
10
866.5
20
4060
30
0
40
4
0
CIRCLE
5
10059
330
FEC5
100
AcDbEntity
100
AcDbCircle
8
TAVA_DETAY_DELIK
10
893.5
20
4060
30
0
40
4
0
LINE
5
1005A
330
FEC5
100
AcDbEntity
100
AcDbLine
8
TAVA_DETAY_DELIK
10
866.5
20
4146
30
0
11
893.5
21
4146
31
0
0
LINE
5
1005B
330
FEC5
100
AcDbEntity
100
AcDbLine
8
TAVA_DETAY_DELIK
10
866.5
20
4154
30
0
11
893.5
21
4154
31
0
0
CIRCLE
5
1005C
330
FEC5
100
AcDbEntity
100
AcDbCircle
8
TAVA_DETAY_DELIK
10
866.5
20
4150
30
0
40
4
0
CIRCLE
5
1005D
330
FEC5
100
AcDbEntity
100
AcDbCircle
8
TAVA_DETAY_DELIK
10
893.5
20
4150
30
0
40
4
0
LINE
5
1005E
330
FEC5
100
AcDbEntity
100
AcDbLine
8
TAVA_DETAY_DELIK
10
866.5
20
4236
30
0
11
893.5
21
4236
31
0
0
LINE
5
1005F
330
FEC5
100
AcDbEntity
100
AcDbLine
8
TAVA_DETAY_DELIK
10
866.5
20
4244
30
0
11
893.5
21
4244
31
0
0
CIRCLE
5
10060
330
FEC5
100
AcDbEntity
100
AcDbCircle
8
TAVA_DETAY_DELIK
10
866.5
20
4240
30
0
40
4
0
CIRCLE
5
10061
330
FEC5
100
AcDbEntity
100
AcDbCircle
8
TAVA_DETAY_DELIK
10
893.5
20
4240
30
0
40
4
0
LINE
5
10062
330
FEC5
100
AcDbEntity
100
AcDbLine
8
TAVA_DETAY_DELIK
10
866.5
20
4326
30
0
11
893.5
21
4326
31
0
0
LINE
5
10063
330
FEC5
100
AcDbEntity
100
AcDbLine
8
TAVA_DETAY_DELIK
10
866.5
20
4334
30
0
11
893.5
21
4334
31
0
0
CIRCLE
5
10064
330
FEC5
100
AcDbEntity
100
AcDbCircle
8
TAVA_DETAY_DELIK
10
866.5
20
4330
30
0
40
4
0
CIRCLE
5
10065
330
FEC5
100
AcDbEntity
100
AcDbCircle
8
TAVA_DETAY_DELIK
10
893.5
20
4330
30
0
40
4
0
LWPOLYLINE
5
10066
330
FEC5
100
AcDbEntity
100
AcDbPolyline
8
TAVA_DETAY_DELIK
6
ByLayer
62
256
370
-1
90
4
70
1
10
-804
20
3992.5
10
-804
20
4037.5
10
-796
20
4037.5
10
-796
20
3992.5
0
LWPOLYLINE
5
10067
330
FEC5
100
AcDbEntity
100
AcDbPolyline
8
TAVA_DETAY_DELIK
6
ByLayer
62
256
370
-1
90
4
70
1
10
-804
20
4262.5
10
-804
20
4307.5
10
-796
20
4307.5
10
-796
20
4262.5
0
LWPOLYLINE
5
10068
330
FEC5
100
AcDbEntity
100
AcDbPolyline
8
TAVA_DETAY_DELIK
6
ByLayer
62
256
370
-1
90
4
70
1
10
-554
20
3992.5
10
-554
20
4037.5
10
-546
20
4037.5
10
-546
20
3992.5
0
LWPOLYLINE
5
10069
330
FEC5
100
AcDbEntity
100
AcDbPolyline
8
TAVA_DETAY_DELIK
6
ByLayer
62
256
370
-1
90
4
70
1
10
-554
20
4262.5
10
-554
20
4307.5
10
-546
20
4307.5
10
-546
20
4262.5
0
LWPOLYLINE
5
1006A
330
FEC5
100
AcDbEntity
100
AcDbPolyline
8
TAVA_DETAY_DELIK
6
ByLayer
62
256
370
-1
90
4
70
1
10
-304
20
3992.5
10
-304
20
4037.5
10
-296
20
4037.5
10
-296
20
3992.5
0
LWPOLYLINE
5
1006B
330
FEC5
100
AcDbEntity
100
AcDbPolyline
8
TAVA_DETAY_DELIK
6
ByLayer
62
256
370
-1
90
4
70
1
10
-304
20
4262.5
10
-304
20
4307.5
10
-296
20
4307.5
10
-296
20
4262.5
0
LWPOLYLINE
5
1006C
330
FEC5
100
AcDbEntity
100
AcDbPolyline
8
TAVA_DETAY_DELIK
6
ByLayer
62
256
370
-1
90
4
70
1
10
-54
20
3992.5
10
-54
20
4037.5
10
-46
20
4037.5
10
-46
20
3992.5
0
LWPOLYLINE
5
1006D
330
FEC5
100
AcDbEntity
100
AcDbPolyline
8
TAVA_DETAY_DELIK
6
ByLayer
62
256
370
-1
90
4
70
1
10
-54
20
4262.5
10
-54
20
4307.5
10
-46
20
4307.5
10
-46
20
4262.5
0
LWPOLYLINE
5
1006E
330
FEC5
100
AcDbEntity
100
AcDbPolyline
8
TAVA_DETAY_DELIK
6
ByLayer
62
256
370
-1
90
4
70
1
10
196
20
3992.5
10
196
20
4037.5
10
204
20
4037.5
10
204
20
3992.5
0
LWPOLYLINE
5
1006F
330
FEC5
100
AcDbEntity
100
AcDbPolyline
8
TAVA_DETAY_DELIK
6
ByLayer
62
256
370
-1
90
4
70
1
10
196
20
4262.5
10
196
20
4307.5
10
204
20
4307.5
10
204
20
4262.5
0
LWPOLYLINE
5
10070
330
FEC5
100
AcDbEntity
100
AcDbPolyline
8
TAVA_DETAY_DELIK
6
ByLayer
62
256
370
-1
90
4
70
1
10
446
20
3992.5
10
446
20
4037.5
10
454
20
4037.5
10
454
20
3992.5
0
LWPOLYLINE
5
10071
330
FEC5
100
AcDbEntity
100
AcDbPolyline
8
TAVA_DETAY_DELIK
6
ByLayer
62
256
370
-1
90
4
70
1
10
446
20
4262.5
10
446
20
4307.5
10
454
20
4307.5
10
454
20
4262.5
0
LWPOLYLINE
5
10072
330
FEC5
100
AcDbEntity
100
AcDbPolyline
8
TAVA_DETAY_DELIK
6
ByLayer
62
256
370
-1
90
4
70
1
10
696
20
3992.5
10
696
20
4037.5
10
704
20
4037.5
10
704
20
3992.5
0
LWPOLYLINE
5
10073
330
FEC5
100
AcDbEntity
100
AcDbPolyline
8
TAVA_DETAY_DELIK
6
ByLayer
62
256
370
-1
90
4
70
1
10
696
20
4262.5
10
696
20
4307.5
10
704
20
4307.5
10
704
20
4262.5
0
LINE
5
100C2
330
FEC5
100
AcDbEntity
100
AcDbLine
8
TAVA_DETAY_DELIK
10
-939
20
3389
30
0
11
-911
21
3389
31
0
0
LINE
5
100C3
330
FEC5
100
AcDbEntity
100
AcDbLine
8
TAVA_DETAY_DELIK
10
-939
20
3411
30
0
11
-911
21
3411
31
0
0
CIRCLE
5
100C4
330
FEC5
100
AcDbEntity
100
AcDbCircle
8
TAVA_DETAY_DELIK
10
-939
20
3400
30
0
40
4
0
CIRCLE
5
100C5
330
FEC5
100
AcDbEntity
100
AcDbCircle
8
TAVA_DETAY_DELIK
10
-911
20
3400
30
0
40
4
0
LINE
5
100C6
330
FEC5
100
AcDbEntity
100
AcDbLine
8
TAVA_DETAY_DELIK
10
-839
20
3389
30
0
11
-811
21
3389
31
0
0
LINE
5
100C7
330
FEC5
100
AcDbEntity
100
AcDbLine
8
TAVA_DETAY_DELIK
10
-839
20
3411
30
0
11
-811
21
3411
31
0
0
CIRCLE
5
100C8
330
FEC5
100
AcDbEntity
100
AcDbCircle
8
TAVA_DETAY_DELIK
10
-839
20
3400
30
0
40
4
0
CIRCLE
5
100C9
330
FEC5
100
AcDbEntity
100
AcDbCircle
8
TAVA_DETAY_DELIK
10
-811
20
3400
30
0
40
4
0
LINE
5
100CA
330
FEC5
100
AcDbEntity
100
AcDbLine
8
TAVA_DETAY_DELIK
10
-739
20
3389
30
0
11
-711
21
3389
31
0
0
LINE
5
100CB
330
FEC5
100
AcDbEntity
100
AcDbLine
8
TAVA_DETAY_DELIK
10
-739
20
3411
30
0
11
-711
21
3411
31
0
0
CIRCLE
5
100CC
330
FEC5
100
AcDbEntity
100
AcDbCircle
8
TAVA_DETAY_DELIK
10
-739
20
3400
30
0
40
4
0
CIRCLE
5
100CD
330
FEC5
100
AcDbEntity
100
AcDbCircle
8
TAVA_DETAY_DELIK
10
-711
20
3400
30
0
40
4
0
LINE
5
100CE
330
FEC5
100
AcDbEntity
100
AcDbLine
8
TAVA_DETAY_DELIK
10
-639
20
3389
30
0
11
-611
21
3389
31
0
0
LINE
5
100CF
330
FEC5
100
AcDbEntity
100
AcDbLine
8
TAVA_DETAY_DELIK
10
-639
20
3411
30
0
11
-611
21
3411
31
0
0
CIRCLE
5
100D0
330
FEC5
100
AcDbEntity
100
AcDbCircle
8
TAVA_DETAY_DELIK
10
-639
20
3400
30
0
40
4
0
CIRCLE
5
100D1
330
FEC5
100
AcDbEntity
100
AcDbCircle
8
TAVA_DETAY_DELIK
10
-611
20
3400
30
0
40
4
0
LINE
5
100D2
330
FEC5
100
AcDbEntity
100
AcDbLine
8
TAVA_DETAY_DELIK
10
-539
20
3389
30
0
11
-511
21
3389
31
0
0
LINE
5
100D3
330
FEC5
100
AcDbEntity
100
AcDbLine
8
TAVA_DETAY_DELIK
10
-539
20
3411
30
0
11
-511
21
3411
31
0
0
CIRCLE
5
100D4
330
FEC5
100
AcDbEntity
100
AcDbCircle
8
TAVA_DETAY_DELIK
10
-539
20
3400
30
0
40
4
0
CIRCLE
5
100D5
330
FEC5
100
AcDbEntity
100
AcDbCircle
8
TAVA_DETAY_DELIK
10
-511
20
3400
30
0
40
4
0
LINE
5
100D6
330
FEC5
100
AcDbEntity
100
AcDbLine
8
TAVA_DETAY_DELIK
10
-439
20
3389
30
0
11
-411
21
3389
31
0
0
LINE
5
100D7
330
FEC5
100
AcDbEntity
100
AcDbLine
8
TAVA_DETAY_DELIK
10
-439
20
3411
30
0
11
-411
21
3411
31
0
0
CIRCLE
5
100D8
330
FEC5
100
AcDbEntity
100
AcDbCircle
8
TAVA_DETAY_DELIK
10
-439
20
3400
30
0
40
4
0
CIRCLE
5
100D9
330
FEC5
100
AcDbEntity
100
AcDbCircle
8
TAVA_DETAY_DELIK
10
-411
20
3400
30
0
40
4
0
LINE
5
100DA
330
FEC5
100
AcDbEntity
100
AcDbLine
8
TAVA_DETAY_DELIK
10
-339
20
3389
30
0
11
-311
21
3389
31
0
0
LINE
5
100DB
330
FEC5
100
AcDbEntity
100
AcDbLine
8
TAVA_DETAY_DELIK
10
-339
20
3411
30
0
11
-311
21
3411
31
0
0
CIRCLE
5
100DC
330
FEC5
100
AcDbEntity
100
AcDbCircle
8
TAVA_DETAY_DELIK
10
-339
20
3400
30
0
40
4
0
CIRCLE
5
100DD
330
FEC5
100
AcDbEntity
100
AcDbCircle
8
TAVA_DETAY_DELIK
10
-311
20
3400
30
0
40
4
0
LINE
5
100DE
330
FEC5
100
AcDbEntity
100
AcDbLine
8
TAVA_DETAY_DELIK
10
-239
20
3389
30
0
11
-211
21
3389
31
0
0
LINE
5
100DF
330
FEC5
100
AcDbEntity
100
AcDbLine
8
TAVA_DETAY_DELIK
10
-239
20
3411
30
0
11
-211
21
3411
31
0
0
CIRCLE
5
100E0
330
FEC5
100
AcDbEntity
100
AcDbCircle
8
TAVA_DETAY_DELIK
10
-239
20
3400
30
0
40
4
0
CIRCLE
5
100E1
330
FEC5
100
AcDbEntity
100
AcDbCircle
8
TAVA_DETAY_DELIK
10
-211
20
3400
30
0
40
4
0
LINE
5
100E2
330
FEC5
100
AcDbEntity
100
AcDbLine
8
TAVA_DETAY_DELIK
10
-139
20
3389
30
0
11
-111
21
3389
31
0
0
LINE
5
100E3
330
FEC5
100
AcDbEntity
100
AcDbLine
8
TAVA_DETAY_DELIK
10
-139
20
3411
30
0
11
-111
21
3411
31
0
0
CIRCLE
5
100E4
330
FEC5
100
AcDbEntity
100
AcDbCircle
8
TAVA_DETAY_DELIK
10
-139
20
3400
30
0
40
4
0
CIRCLE
5
100E5
330
FEC5
100
AcDbEntity
100
AcDbCircle
8
TAVA_DETAY_DELIK
10
-111
20
3400
30
0
40
4
0
LINE
5
100E6
330
FEC5
100
AcDbEntity
100
AcDbLine
8
TAVA_DETAY_DELIK
10
-39
20
3389
30
0
11
-11
21
3389
31
0
0
LINE
5
100E7
330
FEC5
100
AcDbEntity
100
AcDbLine
8
TAVA_DETAY_DELIK
10
-39
20
3411
30
0
11
-11
21
3411
31
0
0
CIRCLE
5
100E8
330
FEC5
100
AcDbEntity
100
AcDbCircle
8
TAVA_DETAY_DELIK
10
-39
20
3400
30
0
40
4
0
CIRCLE
5
100E9
330
FEC5
100
AcDbEntity
100
AcDbCircle
8
TAVA_DETAY_DELIK
10
-11
20
3400
30
0
40
4
0
LINE
5
100EA
330
FEC5
100
AcDbEntity
100
AcDbLine
8
TAVA_DETAY_DELIK
10
61
20
3389
30
0
11
89
21
3389
31
0
0
LINE
5
100EB
330
FEC5
100
AcDbEntity
100
AcDbLine
8
TAVA_DETAY_DELIK
10
61
20
3411
30
0
11
89
21
3411
31
0
0
CIRCLE
5
100EC
330
FEC5
100
AcDbEntity
100
AcDbCircle
8
TAVA_DETAY_DELIK
10
61
20
3400
30
0
40
4
0
CIRCLE
5
100ED
330
FEC5
100
AcDbEntity
100
AcDbCircle
8
TAVA_DETAY_DELIK
10
89
20
3400
30
0
40
4
0
LINE
5
100EE
330
FEC5
100
AcDbEntity
100
AcDbLine
8
TAVA_DETAY_DELIK
10
161
20
3389
30
0
11
189
21
3389
31
0
0
LINE
5
100EF
330
FEC5
100
AcDbEntity
100
AcDbLine
8
TAVA_DETAY_DELIK
10
161
20
3411
30
0
11
189
21
3411
31
0
0
CIRCLE
5
100F0
330
FEC5
100
AcDbEntity
100
AcDbCircle
8
TAVA_DETAY_DELIK
10
161
20
3400
30
0
40
4
0
CIRCLE
5
100F1
330
FEC5
100
AcDbEntity
100
AcDbCircle
8
TAVA_DETAY_DELIK
10
189
20
3400
30
0
40
4
0
LINE
5
100F2
330
FEC5
100
AcDbEntity
100
AcDbLine
8
TAVA_DETAY_DELIK
10
261
20
3389
30
0
11
289
21
3389
31
0
0
LINE
5
100F3
330
FEC5
100
AcDbEntity
100
AcDbLine
8
TAVA_DETAY_DELIK
10
261
20
3411
30
0
11
289
21
3411
31
0
0
CIRCLE
5
100F4
330
FEC5
100
AcDbEntity
100
AcDbCircle
8
TAVA_DETAY_DELIK
10
261
20
3400
30
0
40
4
0
CIRCLE
5
100F5
330
FEC5
100
AcDbEntity
100
AcDbCircle
8
TAVA_DETAY_DELIK
10
289
20
3400
30
0
40
4
0
LINE
5
100F6
330
FEC5
100
AcDbEntity
100
AcDbLine
8
TAVA_DETAY_DELIK
10
361
20
3389
30
0
11
389
21
3389
31
0
0
LINE
5
100F7
330
FEC5
100
AcDbEntity
100
AcDbLine
8
TAVA_DETAY_DELIK
10
361
20
3411
30
0
11
389
21
3411
31
0
0
CIRCLE
5
100F8
330
FEC5
100
AcDbEntity
100
AcDbCircle
8
TAVA_DETAY_DELIK
10
361
20
3400
30
0
40
4
0
CIRCLE
5
100F9
330
FEC5
100
AcDbEntity
100
AcDbCircle
8
TAVA_DETAY_DELIK
10
389
20
3400
30
0
40
4
0
LINE
5
100FA
330
FEC5
100
AcDbEntity
100
AcDbLine
8
TAVA_DETAY_DELIK
10
461
20
3389
30
0
11
489
21
3389
31
0
0
LINE
5
100FB
330
FEC5
100
AcDbEntity
100
AcDbLine
8
TAVA_DETAY_DELIK
10
461
20
3411
30
0
11
489
21
3411
31
0
0
CIRCLE
5
100FC
330
FEC5
100
AcDbEntity
100
AcDbCircle
8
TAVA_DETAY_DELIK
10
461
20
3400
30
0
40
4
0
CIRCLE
5
100FD
330
FEC5
100
AcDbEntity
100
AcDbCircle
8
TAVA_DETAY_DELIK
10
489
20
3400
30
0
40
4
0
LINE
5
100FE
330
FEC5
100
AcDbEntity
100
AcDbLine
8
TAVA_DETAY_DELIK
10
561
20
3389
30
0
11
589
21
3389
31
0
0
LINE
5
100FF
330
FEC5
100
AcDbEntity
100
AcDbLine
8
TAVA_DETAY_DELIK
10
561
20
3411
30
0
11
589
21
3411
31
0
0
CIRCLE
5
10100
330
FEC5
100
AcDbEntity
100
AcDbCircle
8
TAVA_DETAY_DELIK
10
561
20
3400
30
0
40
4
0
CIRCLE
5
10101
330
FEC5
100
AcDbEntity
100
AcDbCircle
8
TAVA_DETAY_DELIK
10
589
20
3400
30
0
40
4
0
LINE
5
10102
330
FEC5
100
AcDbEntity
100
AcDbLine
8
TAVA_DETAY_DELIK
10
661
20
3389
30
0
11
689
21
3389
31
0
0
LINE
5
10103
330
FEC5
100
AcDbEntity
100
AcDbLine
8
TAVA_DETAY_DELIK
10
661
20
3411
30
0
11
689
21
3411
31
0
0
CIRCLE
5
10104
330
FEC5
100
AcDbEntity
100
AcDbCircle
8
TAVA_DETAY_DELIK
10
661
20
3400
30
0
40
4
0
CIRCLE
5
10105
330
FEC5
100
AcDbEntity
100
AcDbCircle
8
TAVA_DETAY_DELIK
10
689
20
3400
30
0
40
4
0
LINE
5
10106
330
FEC5
100
AcDbEntity
100
AcDbLine
8
TAVA_DETAY_DELIK
10
761
20
3389
30
0
11
789
21
3389
31
0
0
LINE
5
10107
330
FEC5
100
AcDbEntity
100
AcDbLine
8
TAVA_DETAY_DELIK
10
761
20
3411
30
0
11
789
21
3411
31
0
0
CIRCLE
5
10108
330
FEC5
100
AcDbEntity
100
AcDbCircle
8
TAVA_DETAY_DELIK
10
761
20
3400
30
0
40
4
0
CIRCLE
5
10109
330
FEC5
100
AcDbEntity
100
AcDbCircle
8
TAVA_DETAY_DELIK
10
789
20
3400
30
0
40
4
0
LINE
5
1010A
330
FEC5
100
AcDbEntity
100
AcDbLine
8
TAVA_DETAY_DELIK
10
861
20
3389
30
0
11
889
21
3389
31
0
0
LINE
5
1010B
330
FEC5
100
AcDbEntity
100
AcDbLine
8
TAVA_DETAY_DELIK
10
861
20
3411
30
0
11
889
21
3411
31
0
0
CIRCLE
5
1010C
330
FEC5
100
AcDbEntity
100
AcDbCircle
8
TAVA_DETAY_DELIK
10
861
20
3400
30
0
40
4
0
CIRCLE
5
1010D
330
FEC5
100
AcDbEntity
100
AcDbCircle
8
TAVA_DETAY_DELIK
10
889
20
3400
30
0
40
4
0
LINE
5
10147
330
FEC5
100
AcDbEntity
100
AcDbLine
8
TAVA_DETAY_DELIK
10
-622.0836477965031
20
2512.25
30
0
11
-642.8682574873296
21
2500.25
31
0
0
LINE
5
10148
330
FEC5
100
AcDbEntity
100
AcDbLine
8
TAVA_DETAY_DELIK
10
-642.8682574873296
20
2500.25
30
0
11
-599.5669872981077
21
2475.25
31
0
0
LINE
5
10149
330
FEC5
100
AcDbEntity
100
AcDbLine
8
TAVA_DETAY_DELIK
10
-599.5669872981077
20
2475.25
30
0
11
-578.7823776072812
21
2487.25
31
0
0
LINE
5
1014A
330
FEC5
100
AcDbEntity
100
AcDbLine
8
TAVA_DETAY_DELIK
10
-578.7823776072812
20
2487.25
30
0
11
-622.0836477965031
21
2512.25
31
0
0
LINE
5
1014B
330
FEC5
100
AcDbEntity
100
AcDbLine
8
TAVA_DETAY_DELIK
10
-719.5115057222524
20
2456
30
0
11
-740.296115413079
21
2444
31
0
0
LINE
5
1014C
330
FEC5
100
AcDbEntity
100
AcDbLine
8
TAVA_DETAY_DELIK
10
-740.296115413079
20
2444
30
0
11
-696.994845223857
21
2419
31
0
0
LINE
5
1014D
330
FEC5
100
AcDbEntity
100
AcDbLine
8
TAVA_DETAY_DELIK
10
-696.994845223857
20
2419
30
0
11
-676.2102355330305
21
2431
31
0
0
LINE
5
1014E
330
FEC5
100
AcDbEntity
100
AcDbLine
8
TAVA_DETAY_DELIK
10
-676.2102355330305
20
2431
30
0
11
-719.5115057222524
21
2456
31
0
0
LINE
5
1014F
330
FEC5
100
AcDbEntity
100
AcDbLine
8
TAVA_DETAY_DELIK
10
-816.939363648002
20
2399.75
30
0
11
-837.7239733388285
21
2387.75
31
0
0
LINE
5
10150
330
FEC5
100
AcDbEntity
100
AcDbLine
8
TAVA_DETAY_DELIK
10
-837.7239733388285
20
2387.75
30
0
11
-794.4227031496065
21
2362.75
31
0
0
LINE
5
10151
330
FEC5
100
AcDbEntity
100
AcDbLine
8
TAVA_DETAY_DELIK
10
-794.4227031496065
20
2362.75
30
0
11
-773.63809345878
21
2374.75
31
0
0
LINE
5
10152
330
FEC5
100
AcDbEntity
100
AcDbLine
8
TAVA_DETAY_DELIK
10
-773.63809345878
20
2374.75
30
0
11
-816.939363648002
21
2399.75
31
0
0
LINE
5
10153
330
FEC5
100
AcDbEntity
100
AcDbLine
8
TAVA_DETAY_DELIK
10
-500.8400912666817
20
2442.25
30
0
11
-521.6247009575083
21
2430.25
31
0
0
LINE
5
10154
330
FEC5
100
AcDbEntity
100
AcDbLine
8
TAVA_DETAY_DELIK
10
-521.6247009575083
20
2430.25
30
0
11
-478.32343076828636
21
2405.25
31
0
0
LINE
5
10155
330
FEC5
100
AcDbEntity
100
AcDbLine
8
TAVA_DETAY_DELIK
10
-478.32343076828636
20
2405.25
30
0
11
-457.53882107745983
21
2417.25
31
0
0
LINE
5
10156
330
FEC5
100
AcDbEntity
100
AcDbLine
8
TAVA_DETAY_DELIK
10
-457.53882107745983
20
2417.25
30
0
11
-500.8400912666817
21
2442.25
31
0
0
LINE
5
10157
330
FEC5
100
AcDbEntity
100
AcDbLine
8
TAVA_DETAY_DELIK
10
-598.267949192431
20
2386
30
0
11
-619.0525588832576
21
2374
31
0
0
LINE
5
10158
330
FEC5
100
AcDbEntity
100
AcDbLine
8
TAVA_DETAY_DELIK
10
-619.0525588832576
20
2374
30
0
11
-575.7512886940357
21
2349
31
0
0
LINE
5
10159
330
FEC5
100
AcDbEntity
100
AcDbLine
8
TAVA_DETAY_DELIK
10
-575.7512886940357
20
2349
30
0
11
-554.9666790032092
21
2361
31
0
0
LINE
5
1015A
330
FEC5
100
AcDbEntity
100
AcDbLine
8
TAVA_DETAY_DELIK
10
-554.9666790032092
20
2361
30
0
11
-598.267949192431
21
2386
31
0
0
LINE
5
1015B
330
FEC5
100
AcDbEntity
100
AcDbLine
8
TAVA_DETAY_DELIK
10
-695.6958071181805
20
2329.75
30
0
11
-716.480416809007
21
2317.75
31
0
0
LINE
5
1015C
330
FEC5
100
AcDbEntity
100
AcDbLine
8
TAVA_DETAY_DELIK
10
-716.480416809007
20
2317.75
30
0
11
-673.1791466197851
21
2292.75
31
0
0
LINE
5
1015D
330
FEC5
100
AcDbEntity
100
AcDbLine
8
TAVA_DETAY_DELIK
10
-673.1791466197851
20
2292.75
30
0
11
-652.3945369289586
21
2304.75
31
0
0
LINE
5
1015E
330
FEC5
100
AcDbEntity
100
AcDbLine
8
TAVA_DETAY_DELIK
10
-652.3945369289586
20
2304.75
30
0
11
-695.6958071181805
21
2329.75
31
0
0
LINE
5
1015F
330
FEC5
100
AcDbEntity
100
AcDbLine
8
TAVA_DETAY_DELIK
10
-379.5965347368603
20
2372.25
30
0
11
-400.3811444276868
21
2360.25
31
0
0
LINE
5
10160
330
FEC5
100
AcDbEntity
100
AcDbLine
8
TAVA_DETAY_DELIK
10
-400.3811444276868
20
2360.25
30
0
11
-357.0798742384649
21
2335.25
31
0
0
LINE
5
10161
330
FEC5
100
AcDbEntity
100
AcDbLine
8
TAVA_DETAY_DELIK
10
-357.0798742384649
20
2335.25
30
0
11
-336.2952645476384
21
2347.25
31
0
0
LINE
5
10162
330
FEC5
100
AcDbEntity
100
AcDbLine
8
TAVA_DETAY_DELIK
10
-336.2952645476384
20
2347.25
30
0
11
-379.5965347368603
21
2372.25
31
0
0
LINE
5
10163
330
FEC5
100
AcDbEntity
100
AcDbLine
8
TAVA_DETAY_DELIK
10
-477.0243926626096
20
2316
30
0
11
-497.80900235343614
21
2304
31
0
0
LINE
5
10164
330
FEC5
100
AcDbEntity
100
AcDbLine
8
TAVA_DETAY_DELIK
10
-497.80900235343614
20
2304
30
0
11
-454.50773216421425
21
2279
31
0
0
LINE
5
10165
330
FEC5
100
AcDbEntity
100
AcDbLine
8
TAVA_DETAY_DELIK
10
-454.50773216421425
20
2279
30
0
11
-433.7231224733877
21
2291
31
0
0
LINE
5
10166
330
FEC5
100
AcDbEntity
100
AcDbLine
8
TAVA_DETAY_DELIK
10
-433.7231224733877
20
2291
30
0
11
-477.0243926626096
21
2316
31
0
0
LINE
5
10167
330
FEC5
100
AcDbEntity
100
AcDbLine
8
TAVA_DETAY_DELIK
10
-574.452250588359
20
2259.75
30
0
11
-595.2368602791855
21
2247.75
31
0
0
LINE
5
10168
330
FEC5
100
AcDbEntity
100
AcDbLine
8
TAVA_DETAY_DELIK
10
-595.2368602791855
20
2247.75
30
0
11
-551.9355900899636
21
2222.75
31
0
0
LINE
5
10169
330
FEC5
100
AcDbEntity
100
AcDbLine
8
TAVA_DETAY_DELIK
10
-551.9355900899636
20
2222.75
30
0
11
-531.1509803991371
21
2234.75
31
0
0
LINE
5
1016A
330
FEC5
100
AcDbEntity
100
AcDbLine
8
TAVA_DETAY_DELIK
10
-531.1509803991371
20
2234.75
30
0
11
-574.452250588359
21
2259.75
31
0
0
LINE
5
1016B
330
FEC5
100
AcDbEntity
100
AcDbLine
8
TAVA_DETAY_DELIK
10
-258.3529782070389
20
2302.25
30
0
11
-279.13758789786544
21
2290.25
31
0
0
LINE
5
1016C
330
FEC5
100
AcDbEntity
100
AcDbLine
8
TAVA_DETAY_DELIK
10
-279.13758789786544
20
2290.25
30
0
11
-235.8363177086435
21
2265.25
31
0
0
LINE
5
1016D
330
FEC5
100
AcDbEntity
100
AcDbLine
8
TAVA_DETAY_DELIK
10
-235.8363177086435
20
2265.25
30
0
11
-215.05170801781696
21
2277.25
31
0
0
LINE
5
1016E
330
FEC5
100
AcDbEntity
100
AcDbLine
8
TAVA_DETAY_DELIK
10
-215.05170801781696
20
2277.25
30
0
11
-258.3529782070389
21
2302.25
31
0
0
LINE
5
1016F
330
FEC5
100
AcDbEntity
100
AcDbLine
8
TAVA_DETAY_DELIK
10
-355.78083613278824
20
2246
30
0
11
-376.56544582361477
21
2234
31
0
0
LINE
5
10170
330
FEC5
100
AcDbEntity
100
AcDbLine
8
TAVA_DETAY_DELIK
10
-376.56544582361477
20
2234
30
0
11
-333.2641756343928
21
2209
31
0
0
LINE
5
10171
330
FEC5
100
AcDbEntity
100
AcDbLine
8
TAVA_DETAY_DELIK
10
-333.2641756343928
20
2209
30
0
11
-312.4795659435663
21
2221
31
0
0
LINE
5
10172
330
FEC5
100
AcDbEntity
100
AcDbLine
8
TAVA_DETAY_DELIK
10
-312.4795659435663
20
2221
30
0
11
-355.78083613278824
21
2246
31
0
0
LINE
5
10173
330
FEC5
100
AcDbEntity
100
AcDbLine
8
TAVA_DETAY_DELIK
10
-453.2086940585377
20
2189.75
30
0
11
-473.9933037493642
21
2177.75
31
0
0
LINE
5
10174
330
FEC5
100
AcDbEntity
100
AcDbLine
8
TAVA_DETAY_DELIK
10
-473.9933037493642
20
2177.75
30
0
11
-430.69203356014225
21
2152.75
31
0
0
LINE
5
10175
330
FEC5
100
AcDbEntity
100
AcDbLine
8
TAVA_DETAY_DELIK
10
-430.69203356014225
20
2152.75
30
0
11
-409.9074238693157
21
2164.75
31
0
0
LINE
5
10176
330
FEC5
100
AcDbEntity
100
AcDbLine
8
TAVA_DETAY_DELIK
10
-409.9074238693157
20
2164.75
30
0
11
-453.2086940585377
21
2189.75
31
0
0
LINE
5
101B7
330
FEC5
100
AcDbEntity
100
AcDbLine
8
TAVA_DETAY_DELIK
10
-785
20
1749
30
0
11
-755
21
1749
31
0
0
LINE
5
101B8
330
FEC5
100
AcDbEntity
100
AcDbLine
8
TAVA_DETAY_DELIK
10
-730
20
1749
30
0
11
-700
21
1749
31
0
0
LINE
5
101B9
330
FEC5
100
AcDbEntity
100
AcDbLine
8
TAVA_DETAY_DELIK
10
-675
20
1749
30
0
11
-645
21
1749
31
0
0
LINE
5
101BA
330
FEC5
100
AcDbEntity
100
AcDbLine
8
TAVA_DETAY_DELIK
10
-620
20
1749
30
0
11
-590
21
1749
31
0
0
LINE
5
101BB
330
FEC5
100
AcDbEntity
100
AcDbLine
8
TAVA_DETAY_DELIK
10
-565
20
1749
30
0
11
-535
21
1749
31
0
0
LINE
5
101BC
330
FEC5
100
AcDbEntity
100
AcDbLine
8
TAVA_DETAY_DELIK
10
-510
20
1749
30
0
11
-480
21
1749
31
0
0
LINE
5
101BD
330
FEC5
100
AcDbEntity
100
AcDbLine
8
TAVA_DETAY_DELIK
10
-455
20
1749
30
0
11
-425
21
1749
31
0
0
LINE
5
101BE
330
FEC5
100
AcDbEntity
100
AcDbLine
8
TAVA_DETAY_DELIK
10
-400
20
1749
30
0
11
-370
21
1749
31
0
0
LINE
5
101BF
330
FEC5
100
AcDbEntity
100
AcDbLine
8
TAVA_DETAY_DELIK
10
-345
20
1749
30
0
11
-315
21
1749
31
0
0
LINE
5
1036D
330
FEC5
100
AcDbEntity
100
AcDbLine
8
TAVA_DETAY_DELIK
10
-785
20
1249
30
0
11
-755
21
1249
31
0
0
LINE
5
1036E
330
FEC5
100
AcDbEntity
100
AcDbLine
8
TAVA_DETAY_DELIK
10
-730
20
1249
30
0
11
-700
21
1249
31
0
0
LINE
5
1036F
330
FEC5
100
AcDbEntity
100
AcDbLine
8
TAVA_DETAY_DELIK
10
-675
20
1249
30
0
11
-645
21
1249
31
0
0
LINE
5
10370
330
FEC5
100
AcDbEntity
100
AcDbLine
8
TAVA_DETAY_DELIK
10
-620
20
1249
30
0
11
-590
21
1249
31
0
0
LINE
5
10371
330
FEC5
100
AcDbEntity
100
AcDbLine
8
TAVA_DETAY_DELIK
10
-565
20
1249
30
0
11
-535
21
1249
31
0
0
LINE
5
10372
330
FEC5
100
AcDbEntity
100
AcDbLine
8
TAVA_DETAY_DELIK
10
-510
20
1249
30
0
11
-480
21
1249
31
0
0
LINE
5
10373
330
FEC5
100
AcDbEntity
100
AcDbLine
8
TAVA_DETAY_DELIK
10
-455
20
1249
30
0
11
-425
21
1249
31
0
0
LINE
5
10374
330
FEC5
100
AcDbEntity
100
AcDbLine
8
TAVA_DETAY_DELIK
10
-400
20
1249
30
0
11
-370
21
1249
31
0
0
LINE
5
10375
330
FEC5
100
AcDbEntity
100
AcDbLine
8
TAVA_DETAY_DELIK
10
-345
20
1249
30
0
11
-315
21
1249
31
0
0
LINE
5
104FB
330
FEC5
100
AcDbEntity
100
AcDbLine
8
TAVA_DETAY_DELIK
10
-785
20
749
30
0
11
-755
21
749
31
0
0
LINE
5
104FC
330
FEC5
100
AcDbEntity
100
AcDbLine
8
TAVA_DETAY_DELIK
10
-730
20
749
30
0
11
-700
21
749
31
0
0
LINE
5
104FD
330
FEC5
100
AcDbEntity
100
AcDbLine
8
TAVA_DETAY_DELIK
10
-675
20
749
30
0
11
-645
21
749
31
0
0
LINE
5
104FE
330
FEC5
100
AcDbEntity
100
AcDbLine
8
TAVA_DETAY_DELIK
10
-620
20
749
30
0
11
-590
21
749
31
0
0
LINE
5
104FF
330
FEC5
100
AcDbEntity
100
AcDbLine
8
TAVA_DETAY_DELIK
10
-565
20
749
30
0
11
-535
21
749
31
0
0
LINE
5
10500
330
FEC5
100
AcDbEntity
100
AcDbLine
8
TAVA_DETAY_DELIK
10
-510
20
749
30
0
11
-480
21
749
31
0
0
LINE
5
10501
330
FEC5
100
AcDbEntity
100
AcDbLine
8
TAVA_DETAY_DELIK
10
-455
20
749
30
0
11
-425
21
749
31
0
0
LINE
5
10502
330
FEC5
100
AcDbEntity
100
AcDbLine
8
TAVA_DETAY_DELIK
10
-400
20
749
30
0
11
-370
21
749
31
0
0
LINE
5
10503
330
FEC5
100
AcDbEntity
100
AcDbLine
8
TAVA_DETAY_DELIK
10
-345
20
749
30
0
11
-315
21
749
31
0
0
LINE
5
10750
330
FEC5
100
AcDbEntity
100
AcDbLine
8
TAVA_DETAY_DELIK
10
-785
20
249
30
0
11
-755
21
249
31
0
0
LINE
5
10751
330
FEC5
100
AcDbEntity
100
AcDbLine
8
TAVA_DETAY_DELIK
10
-730
20
249
30
0
11
-700
21
249
31
0
0
LINE
5
10752
330
FEC5
100
AcDbEntity
100
AcDbLine
8
TAVA_DETAY_DELIK
10
-675
20
249
30
0
11
-645
21
249
31
0
0
LINE
5
10753
330
FEC5
100
AcDbEntity
100
AcDbLine
8
TAVA_DETAY_DELIK
10
-620
20
249
30
0
11
-590
21
249
31
0
0
LINE
5
10754
330
FEC5
100
AcDbEntity
100
AcDbLine
8
TAVA_DETAY_DELIK
10
-565
20
249
30
0
11
-535
21
249
31
0
0
LINE
5
10755
330
FEC5
100
AcDbEntity
100
AcDbLine
8
TAVA_DETAY_DELIK
10
-510
20
249
30
0
11
-480
21
249
31
0
0
LINE
5
10756
330
FEC5
100
AcDbEntity
100
AcDbLine
8
TAVA_DETAY_DELIK
10
-455
20
249
30
0
11
-425
21
249
31
0
0
LINE
5
10757
330
FEC5
100
AcDbEntity
100
AcDbLine
8
TAVA_DETAY_DELIK
10
-400
20
249
30
0
11
-370
21
249
31
0
0
LINE
5
10758
330
FEC5
100
AcDbEntity
100
AcDbLine
8
TAVA_DETAY_DELIK
10
-345
20
249
30
0
11
-315
21
249
31
0
0
LINE
5
10896
330
FEC5
100
AcDbEntity
100
AcDbLine
8
TAVA_DETAY_DELIK
10
315
20
1749
30
0
11
345
21
1749
31
0
0
LINE
5
10897
330
FEC5
100
AcDbEntity
100
AcDbLine
8
TAVA_DETAY_DELIK
10
370
20
1749
30
0
11
400
21
1749
31
0
0
LINE
5
10898
330
FEC5
100
AcDbEntity
100
AcDbLine
8
TAVA_DETAY_DELIK
10
425
20
1749
30
0
11
455
21
1749
31
0
0
LINE
5
10899
330
FEC5
100
AcDbEntity
100
AcDbLine
8
TAVA_DETAY_DELIK
10
480
20
1749
30
0
11
510
21
1749
31
0
0
LINE
5
1089A
330
FEC5
100
AcDbEntity
100
AcDbLine
8
TAVA_DETAY_DELIK
10
535
20
1749
30
0
11
565
21
1749
31
0
0
LINE
5
1089B
330
FEC5
100
AcDbEntity
100
AcDbLine
8
TAVA_DETAY_DELIK
10
590
20
1749
30
0
11
620
21
1749
31
0
0
LINE
5
1089C
330
FEC5
100
AcDbEntity
100
AcDbLine
8
TAVA_DETAY_DELIK
10
645
20
1749
30
0
11
675
21
1749
31
0
0
LINE
5
1089D
330
FEC5
100
AcDbEntity
100
AcDbLine
8
TAVA_DETAY_DELIK
10
700
20
1749
30
0
11
730
21
1749
31
0
0
LINE
5
1089E
330
FEC5
100
AcDbEntity
100
AcDbLine
8
TAVA_DETAY_DELIK
10
755
20
1749
30
0
11
785
21
1749
31
0
0
LINE
5
10950
330
FEC5
100
AcDbEntity
100
AcDbLine
8
TAVA_DETAY_DELIK
10
315
20
1249
30
0
11
345
21
1249
31
0
0
LINE
5
10951
330
FEC5
100
AcDbEntity
100
AcDbLine
8
TAVA_DETAY_DELIK
10
370
20
1249
30
0
11
400
21
1249
31
0
0
LINE
5
10952
330
FEC5
100
AcDbEntity
100
AcDbLine
8
TAVA_DETAY_DELIK
10
425
20
1249
30
0
11
455
21
1249
31
0
0
LINE
5
10953
330
FEC5
100
AcDbEntity
100
AcDbLine
8
TAVA_DETAY_DELIK
10
480
20
1249
30
0
11
510
21
1249
31
0
0
LINE
5
10954
330
FEC5
100
AcDbEntity
100
AcDbLine
8
TAVA_DETAY_DELIK
10
535
20
1249
30
0
11
565
21
1249
31
0
0
LINE
5
10955
330
FEC5
100
AcDbEntity
100
AcDbLine
8
TAVA_DETAY_DELIK
10
590
20
1249
30
0
11
620
21
1249
31
0
0
LINE
5
10956
330
FEC5
100
AcDbEntity
100
AcDbLine
8
TAVA_DETAY_DELIK
10
645
20
1249
30
0
11
675
21
1249
31
0
0
LINE
5
10957
330
FEC5
100
AcDbEntity
100
AcDbLine
8
TAVA_DETAY_DELIK
10
700
20
1249
30
0
11
730
21
1249
31
0
0
LINE
5
10958
330
FEC5
100
AcDbEntity
100
AcDbLine
8
TAVA_DETAY_DELIK
10
755
20
1249
30
0
11
785
21
1249
31
0
0
LINE
5
109E9
330
FEC5
100
AcDbEntity
100
AcDbLine
8
TAVA_DETAY_DELIK
10
315
20
749
30
0
11
345
21
749
31
0
0
LINE
5
109EA
330
FEC5
100
AcDbEntity
100
AcDbLine
8
TAVA_DETAY_DELIK
10
370
20
749
30
0
11
400
21
749
31
0
0
LINE
5
109EB
330
FEC5
100
AcDbEntity
100
AcDbLine
8
TAVA_DETAY_DELIK
10
425
20
749
30
0
11
455
21
749
31
0
0
LINE
5
109EC
330
FEC5
100
AcDbEntity
100
AcDbLine
8
TAVA_DETAY_DELIK
10
480
20
749
30
0
11
510
21
749
31
0
0
LINE
5
109ED
330
FEC5
100
AcDbEntity
100
AcDbLine
8
TAVA_DETAY_DELIK
10
535
20
749
30
0
11
565
21
749
31
0
0
LINE
5
109EE
330
FEC5
100
AcDbEntity
100
AcDbLine
8
TAVA_DETAY_DELIK
10
590
20
749
30
0
11
620
21
749
31
0
0
LINE
5
109EF
330
FEC5
100
AcDbEntity
100
AcDbLine
8
TAVA_DETAY_DELIK
10
645
20
749
30
0
11
675
21
749
31
0
0
LINE
5
109F0
330
FEC5
100
AcDbEntity
100
AcDbLine
8
TAVA_DETAY_DELIK
10
700
20
749
30
0
11
730
21
749
31
0
0
LINE
5
109F1
330
FEC5
100
AcDbEntity
100
AcDbLine
8
TAVA_DETAY_DELIK
10
755
20
749
30
0
11
785
21
749
31
0
0
LWPOLYLINE
5
10076
330
FEC5
100
AcDbEntity
100
AcDbPolyline
8
TAVA_KONSOL
6
ByLayer
62
256
370
-1
90
4
70
1
10
250
20
3915
10
250
20
4385
10
450
20
4385
10
450
20
3915
0
CIRCLE
5
10077
330
FEC5
100
AcDbEntity
100
AcDbCircle
8
TAVA_KONSOL
10
300
20
3970
30
0
40
7
0
CIRCLE
5
10078
330
FEC5
100
AcDbEntity
100
AcDbCircle
8
TAVA_KONSOL
10
300
20
3970
30
0
40
4.5
0
LINE
5
10079
330
FEC5
100
AcDbEntity
100
AcDbLine
8
TAVA_KONSOL
10
292
20
3970
30
0
11
308
21
3970
31
0
0
LINE
5
1007A
330
FEC5
100
AcDbEntity
100
AcDbLine
8
TAVA_KONSOL
10
300
20
3962
30
0
11
300
21
3978
31
0
0
CIRCLE
5
1007B
330
FEC5
100
AcDbEntity
100
AcDbCircle
8
TAVA_KONSOL
10
300
20
4090
30
0
40
7
0
CIRCLE
5
1007C
330
FEC5
100
AcDbEntity
100
AcDbCircle
8
TAVA_KONSOL
10
300
20
4090
30
0
40
4.5
0
LINE
5
1007D
330
FEC5
100
AcDbEntity
100
AcDbLine
8
TAVA_KONSOL
10
292
20
4090
30
0
11
308
21
4090
31
0
0
LINE
5
1007E
330
FEC5
100
AcDbEntity
100
AcDbLine
8
TAVA_KONSOL
10
300
20
4082
30
0
11
300
21
4098
31
0
0
CIRCLE
5
1007F
330
FEC5
100
AcDbEntity
100
AcDbCircle
8
TAVA_KONSOL
10
300
20
4210
30
0
40
7
0
CIRCLE
5
10080
330
FEC5
100
AcDbEntity
100
AcDbCircle
8
TAVA_KONSOL
10
300
20
4210
30
0
40
4.5
0
LINE
5
10081
330
FEC5
100
AcDbEntity
100
AcDbLine
8
TAVA_KONSOL
10
292
20
4210
30
0
11
308
21
4210
31
0
0
LINE
5
10082
330
FEC5
100
AcDbEntity
100
AcDbLine
8
TAVA_KONSOL
10
300
20
4202
30
0
11
300
21
4218
31
0
0
CIRCLE
5
10083
330
FEC5
100
AcDbEntity
100
AcDbCircle
8
TAVA_KONSOL
10
300
20
4330
30
0
40
7
0
CIRCLE
5
10084
330
FEC5
100
AcDbEntity
100
AcDbCircle
8
TAVA_KONSOL
10
300
20
4330
30
0
40
4.5
0
LINE
5
10085
330
FEC5
100
AcDbEntity
100
AcDbLine
8
TAVA_KONSOL
10
292
20
4330
30
0
11
308
21
4330
31
0
0
LINE
5
10086
330
FEC5
100
AcDbEntity
100
AcDbLine
8
TAVA_KONSOL
10
300
20
4322
30
0
11
300
21
4338
31
0
0
CIRCLE
5
10087
330
FEC5
100
AcDbEntity
100
AcDbCircle
8
TAVA_KONSOL
10
400
20
3970
30
0
40
7
0
CIRCLE
5
10088
330
FEC5
100
AcDbEntity
100
AcDbCircle
8
TAVA_KONSOL
10
400
20
3970
30
0
40
4.5
0
LINE
5
10089
330
FEC5
100
AcDbEntity
100
AcDbLine
8
TAVA_KONSOL
10
392
20
3970
30
0
11
408
21
3970
31
0
0
LINE
5
1008A
330
FEC5
100
AcDbEntity
100
AcDbLine
8
TAVA_KONSOL
10
400
20
3962
30
0
11
400
21
3978
31
0
0
CIRCLE
5
1008B
330
FEC5
100
AcDbEntity
100
AcDbCircle
8
TAVA_KONSOL
10
400
20
4090
30
0
40
7
0
CIRCLE
5
1008C
330
FEC5
100
AcDbEntity
100
AcDbCircle
8
TAVA_KONSOL
10
400
20
4090
30
0
40
4.5
0
LINE
5
1008D
330
FEC5
100
AcDbEntity
100
AcDbLine
8
TAVA_KONSOL
10
392
20
4090
30
0
11
408
21
4090
31
0
0
LINE
5
1008E
330
FEC5
100
AcDbEntity
100
AcDbLine
8
TAVA_KONSOL
10
400
20
4082
30
0
11
400
21
4098
31
0
0
CIRCLE
5
1008F
330
FEC5
100
AcDbEntity
100
AcDbCircle
8
TAVA_KONSOL
10
400
20
4210
30
0
40
7
0
CIRCLE
5
10090
330
FEC5
100
AcDbEntity
100
AcDbCircle
8
TAVA_KONSOL
10
400
20
4210
30
0
40
4.5
0
LINE
5
10091
330
FEC5
100
AcDbEntity
100
AcDbLine
8
TAVA_KONSOL
10
392
20
4210
30
0
11
408
21
4210
31
0
0
LINE
5
10092
330
FEC5
100
AcDbEntity
100
AcDbLine
8
TAVA_KONSOL
10
400
20
4202
30
0
11
400
21
4218
31
0
0
CIRCLE
5
10093
330
FEC5
100
AcDbEntity
100
AcDbCircle
8
TAVA_KONSOL
10
400
20
4330
30
0
40
7
0
CIRCLE
5
10094
330
FEC5
100
AcDbEntity
100
AcDbCircle
8
TAVA_KONSOL
10
400
20
4330
30
0
40
4.5
0
LINE
5
10095
330
FEC5
100
AcDbEntity
100
AcDbLine
8
TAVA_KONSOL
10
392
20
4330
30
0
11
408
21
4330
31
0
0
LINE
5
10096
330
FEC5
100
AcDbEntity
100
AcDbLine
8
TAVA_KONSOL
10
400
20
4322
30
0
11
400
21
4338
31
0
0
LWPOLYLINE
5
1010F
330
FEC5
100
AcDbEntity
100
AcDbPolyline
8
TAVA_KONSOL
6
ByLayer
62
256
370
-1
90
4
70
1
10
260
20
3362
10
260
20
3438
10
440
20
3438
10
440
20
3362
0
CIRCLE
5
10110
330
FEC5
100
AcDbEntity
100
AcDbCircle
8
TAVA_KONSOL
10
305
20
3375
30
0
40
6
0
CIRCLE
5
10111
330
FEC5
100
AcDbEntity
100
AcDbCircle
8
TAVA_KONSOL
10
305
20
3375
30
0
40
3.5
0
CIRCLE
5
10112
330
FEC5
100
AcDbEntity
100
AcDbCircle
8
TAVA_KONSOL
10
305
20
3425
30
0
40
6
0
CIRCLE
5
10113
330
FEC5
100
AcDbEntity
100
AcDbCircle
8
TAVA_KONSOL
10
305
20
3425
30
0
40
3.5
0
CIRCLE
5
10114
330
FEC5
100
AcDbEntity
100
AcDbCircle
8
TAVA_KONSOL
10
395
20
3375
30
0
40
6
0
CIRCLE
5
10115
330
FEC5
100
AcDbEntity
100
AcDbCircle
8
TAVA_KONSOL
10
395
20
3375
30
0
40
3.5
0
CIRCLE
5
10116
330
FEC5
100
AcDbEntity
100
AcDbCircle
8
TAVA_KONSOL
10
395
20
3425
30
0
40
6
0
CIRCLE
5
10117
330
FEC5
100
AcDbEntity
100
AcDbCircle
8
TAVA_KONSOL
10
395
20
3425
30
0
40
3.5
0
LWPOLYLINE
5
10192
330
FEC5
100
AcDbEntity
100
AcDbPolyline
8
TAVA_KONSOL
6
ByLayer
62
256
370
-1
90
4
70
1
10
460
20
2575
10
460
20
2645
10
740
20
2645
10
740
20
2575
0
CIRCLE
5
10193
330
FEC5
100
AcDbEntity
100
AcDbCircle
8
TAVA_KONSOL
10
510
20
2610
30
0
40
12
0
CIRCLE
5
10194
330
FEC5
100
AcDbEntity
100
AcDbCircle
8
TAVA_KONSOL
10
510
20
2610
30
0
40
6
0
LINE
5
10195
330
FEC5
100
AcDbEntity
100
AcDbLine
8
TAVA_KONSOL
10
498
20
2610
30
0
11
522
21
2610
31
0
0
LINE
5
10196
330
FEC5
100
AcDbEntity
100
AcDbLine
8
TAVA_KONSOL
10
510
20
2598
30
0
11
510
21
2622
31
0
0
CIRCLE
5
10197
330
FEC5
100
AcDbEntity
100
AcDbCircle
8
TAVA_KONSOL
10
570
20
2610
30
0
40
12
0
CIRCLE
5
10198
330
FEC5
100
AcDbEntity
100
AcDbCircle
8
TAVA_KONSOL
10
570
20
2610
30
0
40
6
0
LINE
5
10199
330
FEC5
100
AcDbEntity
100
AcDbLine
8
TAVA_KONSOL
10
558
20
2610
30
0
11
582
21
2610
31
0
0
LINE
5
1019A
330
FEC5
100
AcDbEntity
100
AcDbLine
8
TAVA_KONSOL
10
570
20
2598
30
0
11
570
21
2622
31
0
0
CIRCLE
5
1019B
330
FEC5
100
AcDbEntity
100
AcDbCircle
8
TAVA_KONSOL
10
630
20
2610
30
0
40
12
0
CIRCLE
5
1019C
330
FEC5
100
AcDbEntity
100
AcDbCircle
8
TAVA_KONSOL
10
630
20
2610
30
0
40
6
0
LINE
5
1019D
330
FEC5
100
AcDbEntity
100
AcDbLine
8
TAVA_KONSOL
10
618
20
2610
30
0
11
642
21
2610
31
0
0
LINE
5
1019E
330
FEC5
100
AcDbEntity
100
AcDbLine
8
TAVA_KONSOL
10
630
20
2598
30
0
11
630
21
2622
31
0
0
CIRCLE
5
1019F
330
FEC5
100
AcDbEntity
100
AcDbCircle
8
TAVA_KONSOL
10
690
20
2610
30
0
40
12
0
CIRCLE
5
101A0
330
FEC5
100
AcDbEntity
100
AcDbCircle
8
TAVA_KONSOL
10
690
20
2610
30
0
40
6
0
LINE
5
101A1
330
FEC5
100
AcDbEntity
100
AcDbLine
8
TAVA_KONSOL
10
678
20
2610
30
0
11
702
21
2610
31
0
0
LINE
5
101A2
330
FEC5
100
AcDbEntity
100
AcDbLine
8
TAVA_KONSOL
10
690
20
2598
30
0
11
690
21
2622
31
0
0
LWPOLYLINE
5
10098
330
FEC5
100
AcDbEntity
100
AcDbPolyline
8
KBL_ETIKET_BAG
6
ByLayer
62
256
370
-1
90
4
70
1
10
270
20
4365
10
270
20
4381
10
430
20
4381
10
430
20
4365
0
CIRCLE
5
10099
330
FEC5
100
AcDbEntity
100
AcDbCircle
8
KBL_ETIKET_BAG
10
290
20
4373
30
0
40
5
0
CIRCLE
5
1009A
330
FEC5
100
AcDbEntity
100
AcDbCircle
8
KBL_ETIKET_BAG
10
410
20
4373
30
0
40
5
0
LWPOLYLINE
5
101A3
330
FEC5
100
AcDbEntity
100
AcDbPolyline
8
KBL_ETIKET_BAG
6
ByLayer
62
256
370
-1
90
4
70
1
10
490
20
2665
10
490
20
2685
10
710
20
2685
10
710
20
2665
0
CIRCLE
5
101A4
330
FEC5
100
AcDbEntity
100
AcDbCircle
8
KBL_ETIKET_BAG
10
510
20
2675
30
0
40
7
0
CIRCLE
5
101A5
330
FEC5
100
AcDbEntity
100
AcDbCircle
8
KBL_ETIKET_BAG
10
690
20
2675
30
0
40
7
0
LINE
5
10A0F
330
FEC5
100
AcDbEntity
100
AcDbLine
8
KBL_ETIKET_BAG
10
330
20
781
30
0
11
350
21
781
31
0
0
LINE
5
10A17
330
FEC5
100
AcDbEntity
100
AcDbLine
8
KBL_ETIKET_BAG
10
390
20
781
30
0
11
410
21
781
31
0
0
LINE
5
10A1F
330
FEC5
100
AcDbEntity
100
AcDbLine
8
KBL_ETIKET_BAG
10
450
20
781
30
0
11
470
21
781
31
0
0
LINE
5
10A27
330
FEC5
100
AcDbEntity
100
AcDbLine
8
KBL_ETIKET_BAG
10
510
20
781
30
0
11
530
21
781
31
0
0
LINE
5
10A2F
330
FEC5
100
AcDbEntity
100
AcDbLine
8
KBL_ETIKET_BAG
10
570
20
781
30
0
11
590
21
781
31
0
0
LINE
5
10A37
330
FEC5
100
AcDbEntity
100
AcDbLine
8
KBL_ETIKET_BAG
10
630
20
781
30
0
11
650
21
781
31
0
0
LINE
5
10A3F
330
FEC5
100
AcDbEntity
100
AcDbLine
8
KBL_ETIKET_BAG
10
690
20
781
30
0
11
710
21
781
31
0
0
LINE
5
10A47
330
FEC5
100
AcDbEntity
100
AcDbLine
8
KBL_ETIKET_BAG
10
750
20
781
30
0
11
770
21
781
31
0
0
LWPOLYLINE
5
10119
330
FEC5
100
AcDbEntity
100
AcDbPolyline
8
TAVA_ASKI_KONSOL
6
ByLayer
62
256
370
-1
90
4
70
1
10
-625
20
3310
10
-625
20
3350
10
-575
20
3350
10
-575
20
3310
0
LINE
5
1011A
330
FEC5
100
AcDbEntity
100
AcDbLine
8
TAVA_ASKI_KONSOL
10
-600
20
3230
30
0
11
-600
21
3310
31
0
0
LINE
5
1011B
330
FEC5
100
AcDbEntity
100
AcDbLine
8
TAVA_ASKI_KONSOL
10
-596
20
3230
30
0
11
-596
21
3310
31
0
0
LWPOLYLINE
5
1011C
330
FEC5
100
AcDbEntity
100
AcDbPolyline
8
TAVA_ASKI_KONSOL
6
ByLayer
62
256
370
-1
90
4
70
1
10
-608
20
3295
10
-608
20
3310
10
-588
20
3310
10
-588
20
3295
0
LWPOLYLINE
5
1011D
330
FEC5
100
AcDbEntity
100
AcDbPolyline
8
TAVA_ASKI_KONSOL
6
ByLayer
62
256
370
-1
90
4
70
1
10
-612
20
3350
10
-612
20
3362
10
-588
20
3362
10
-588
20
3350
0
LWPOLYLINE
5
1011E
330
FEC5
100
AcDbEntity
100
AcDbPolyline
8
TAVA_ASKI_KONSOL
6
ByLayer
62
256
370
-1
90
4
70
1
10
575
20
3310
10
575
20
3350
10
625
20
3350
10
625
20
3310
0
LINE
5
1011F
330
FEC5
100
AcDbEntity
100
AcDbLine
8
TAVA_ASKI_KONSOL
10
600
20
3230
30
0
11
600
21
3310
31
0
0
LINE
5
10120
330
FEC5
100
AcDbEntity
100
AcDbLine
8
TAVA_ASKI_KONSOL
10
604
20
3230
30
0
11
604
21
3310
31
0
0
LWPOLYLINE
5
10121
330
FEC5
100
AcDbEntity
100
AcDbPolyline
8
TAVA_ASKI_KONSOL
6
ByLayer
62
256
370
-1
90
4
70
1
10
592
20
3295
10
592
20
3310
10
612
20
3310
10
612
20
3295
0
LWPOLYLINE
5
10122
330
FEC5
100
AcDbEntity
100
AcDbPolyline
8
TAVA_ASKI_KONSOL
6
ByLayer
62
256
370
-1
90
4
70
1
10
588
20
3350
10
588
20
3362
10
612
20
3362
10
612
20
3350
0
LINE
5
10177
330
FEC5
100
AcDbEntity
100
AcDbLine
8
TAVA_ASKI_KONSOL
10
-264.41515603353
20
2421.25
30
0
11
-740.7291281149713
21
2146.25
31
0
0
LINE
5
10178
330
FEC5
100
AcDbEntity
100
AcDbLine
8
TAVA_ASKI_KONSOL
10
-264.41515603353
20
2456.25
30
0
11
-740.7291281149713
21
2181.25
31
0
0
LINE
5
10179
330
FEC5
100
AcDbEntity
100
AcDbLine
8
TAVA_ASKI_KONSOL
10
-264.41515603353
20
2421.25
30
0
11
-264.41515603353
21
2456.25
31
0
0
LINE
5
1017A
330
FEC5
100
AcDbEntity
100
AcDbLine
8
TAVA_ASKI_KONSOL
10
-740.7291281149713
20
2146.25
30
0
11
-740.7291281149713
21
2181.25
31
0
0
LINE
5
1017B
330
FEC5
100
AcDbEntity
100
AcDbLine
8
TAVA_ASKI_KONSOL
10
-264.41515603353
20
2456.25
30
0
11
-264.41515603353
21
2616.25
31
0
0
LINE
5
1017C
330
FEC5
100
AcDbEntity
100
AcDbLine
8
TAVA_ASKI_KONSOL
10
-740.7291281149713
20
2181.25
30
0
11
-740.7291281149713
21
2341.25
31
0
0
LWPOLYLINE
5
10181
330
FEC5
100
AcDbEntity
100
AcDbPolyline
8
TAVA_ASKI_KONSOL
6
ByLayer
62
256
370
-1
90
4
70
1
10
-20
20
2560
10
-20
20
2700
10
120
20
2700
10
120
20
2560
0
LWPOLYLINE
5
10182
330
FEC5
100
AcDbEntity
100
AcDbPolyline
8
TAVA_ASKI_KONSOL
6
ByLayer
62
256
370
-1
90
4
70
1
10
-8
20
2572
10
-8
20
2688
10
108
20
2688
10
108
20
2572
0
LWPOLYLINE
5
10183
330
FEC5
100
AcDbEntity
100
AcDbPolyline
8
TAVA_ASKI_KONSOL
6
ByLayer
62
256
370
-1
90
4
70
1
10
15
20
2686
10
15
20
2702
10
85
20
2702
10
85
20
2686
0
LINE
5
10184
330
FEC5
100
AcDbEntity
100
AcDbLine
8
TAVA_ASKI_KONSOL
10
40
20
2420
30
0
11
40
21
2740
31
0
0
LINE
5
10185
330
FEC5
100
AcDbEntity
100
AcDbLine
8
TAVA_ASKI_KONSOL
10
60
20
2420
30
0
11
60
21
2740
31
0
0
LWPOLYLINE
5
10186
330
FEC5
100
AcDbEntity
100
AcDbPolyline
8
TAVA_ASKI_KONSOL
6
ByLayer
62
256
370
-1
90
4
70
1
10
20
20
2670
10
20
20
2690
10
80
20
2690
10
80
20
2670
0
LWPOLYLINE
5
10187
330
FEC5
100
AcDbEntity
100
AcDbPolyline
8
TAVA_ASKI_KONSOL
6
ByLayer
62
256
370
-1
90
4
70
1
10
25
20
2536
10
25
20
2554
10
75
20
2554
10
75
20
2536
0
LWPOLYLINE
5
10188
330
FEC5
100
AcDbEntity
100
AcDbPolyline
8
TAVA_ASKI_KONSOL
6
ByLayer
62
256
370
-1
90
4
70
1
10
18
20
2554
10
18
20
2560
10
82
20
2560
10
82
20
2554
0
LWPOLYLINE
5
101C5
330
FEC5
100
AcDbEntity
100
AcDbPolyline
8
TAVA_ASKI_KONSOL
6
ByLayer
62
256
370
-1
90
4
70
1
10
-840
20
1713
10
-840
20
1748
10
-260
20
1748
10
-260
20
1713
0
LWPOLYLINE
5
101C6
330
FEC5
100
AcDbEntity
100
AcDbPolyline
8
TAVA_ASKI_KONSOL
6
ByLayer
62
256
370
-1
90
4
70
1
10
-830
20
1721
10
-830
20
1735
10
-270
20
1735
10
-270
20
1721
0
LINE
5
101C7
330
FEC5
100
AcDbEntity
100
AcDbLine
8
TAVA_ASKI_KONSOL
10
-820
20
1693
30
0
11
-820
21
1950
31
0
0
LINE
5
101C8
330
FEC5
100
AcDbEntity
100
AcDbLine
8
TAVA_ASKI_KONSOL
10
-812
20
1693
30
0
11
-812
21
1950
31
0
0
LWPOLYLINE
5
101C9
330
FEC5
100
AcDbEntity
100
AcDbPolyline
8
TAVA_ASKI_KONSOL
6
ByLayer
62
256
370
-1
90
4
70
1
10
-824
20
1699
10
-824
20
1709
10
-808
20
1709
10
-808
20
1699
0
LWPOLYLINE
5
101CA
330
FEC5
100
AcDbEntity
100
AcDbPolyline
8
TAVA_ASKI_KONSOL
6
ByLayer
62
256
370
-1
90
4
70
1
10
-826
20
1709
10
-826
20
1713
10
-806
20
1713
10
-806
20
1709
0
LINE
5
101CB
330
FEC5
100
AcDbEntity
100
AcDbLine
8
TAVA_ASKI_KONSOL
10
-288
20
1693
30
0
11
-288
21
1950
31
0
0
LINE
5
101CC
330
FEC5
100
AcDbEntity
100
AcDbLine
8
TAVA_ASKI_KONSOL
10
-280
20
1693
30
0
11
-280
21
1950
31
0
0
LWPOLYLINE
5
101CD
330
FEC5
100
AcDbEntity
100
AcDbPolyline
8
TAVA_ASKI_KONSOL
6
ByLayer
62
256
370
-1
90
4
70
1
10
-292
20
1699
10
-292
20
1709
10
-276
20
1709
10
-276
20
1699
0
LWPOLYLINE
5
101CE
330
FEC5
100
AcDbEntity
100
AcDbPolyline
8
TAVA_ASKI_KONSOL
6
ByLayer
62
256
370
-1
90
4
70
1
10
-294
20
1709
10
-294
20
1713
10
-274
20
1713
10
-274
20
1709
0
LWPOLYLINE
5
10376
330
FEC5
100
AcDbEntity
100
AcDbPolyline
8
TAVA_ASKI_KONSOL
6
ByLayer
62
256
370
-1
90
4
70
1
10
-840
20
1213
10
-840
20
1248
10
-260
20
1248
10
-260
20
1213
0
LWPOLYLINE
5
10377
330
FEC5
100
AcDbEntity
100
AcDbPolyline
8
TAVA_ASKI_KONSOL
6
ByLayer
62
256
370
-1
90
4
70
1
10
-830
20
1221
10
-830
20
1235
10
-270
20
1235
10
-270
20
1221
0
LINE
5
10378
330
FEC5
100
AcDbEntity
100
AcDbLine
8
TAVA_ASKI_KONSOL
10
-820
20
1193
30
0
11
-820
21
1450
31
0
0
LINE
5
10379
330
FEC5
100
AcDbEntity
100
AcDbLine
8
TAVA_ASKI_KONSOL
10
-812
20
1193
30
0
11
-812
21
1450
31
0
0
LWPOLYLINE
5
1037A
330
FEC5
100
AcDbEntity
100
AcDbPolyline
8
TAVA_ASKI_KONSOL
6
ByLayer
62
256
370
-1
90
4
70
1
10
-824
20
1199
10
-824
20
1209
10
-808
20
1209
10
-808
20
1199
0
LWPOLYLINE
5
1037B
330
FEC5
100
AcDbEntity
100
AcDbPolyline
8
TAVA_ASKI_KONSOL
6
ByLayer
62
256
370
-1
90
4
70
1
10
-826
20
1209
10
-826
20
1213
10
-806
20
1213
10
-806
20
1209
0
LINE
5
1037C
330
FEC5
100
AcDbEntity
100
AcDbLine
8
TAVA_ASKI_KONSOL
10
-288
20
1193
30
0
11
-288
21
1450
31
0
0
LINE
5
1037D
330
FEC5
100
AcDbEntity
100
AcDbLine
8
TAVA_ASKI_KONSOL
10
-280
20
1193
30
0
11
-280
21
1450
31
0
0
LWPOLYLINE
5
1037E
330
FEC5
100
AcDbEntity
100
AcDbPolyline
8
TAVA_ASKI_KONSOL
6
ByLayer
62
256
370
-1
90
4
70
1
10
-292
20
1199
10
-292
20
1209
10
-276
20
1209
10
-276
20
1199
0
LWPOLYLINE
5
1037F
330
FEC5
100
AcDbEntity
100
AcDbPolyline
8
TAVA_ASKI_KONSOL
6
ByLayer
62
256
370
-1
90
4
70
1
10
-294
20
1209
10
-294
20
1213
10
-274
20
1213
10
-274
20
1209
0
LWPOLYLINE
5
10508
330
FEC5
100
AcDbEntity
100
AcDbPolyline
8
TAVA_ASKI_KONSOL
6
ByLayer
62
256
370
-1
90
4
70
1
10
-840
20
713
10
-840
20
748
10
-260
20
748
10
-260
20
713
0
LWPOLYLINE
5
10509
330
FEC5
100
AcDbEntity
100
AcDbPolyline
8
TAVA_ASKI_KONSOL
6
ByLayer
62
256
370
-1
90
4
70
1
10
-830
20
721
10
-830
20
735
10
-270
20
735
10
-270
20
721
0
LINE
5
1050A
330
FEC5
100
AcDbEntity
100
AcDbLine
8
TAVA_ASKI_KONSOL
10
-820
20
693
30
0
11
-820
21
930
31
0
0
LINE
5
1050B
330
FEC5
100
AcDbEntity
100
AcDbLine
8
TAVA_ASKI_KONSOL
10
-812
20
693
30
0
11
-812
21
930
31
0
0
LWPOLYLINE
5
1050C
330
FEC5
100
AcDbEntity
100
AcDbPolyline
8
TAVA_ASKI_KONSOL
6
ByLayer
62
256
370
-1
90
4
70
1
10
-824
20
699
10
-824
20
709
10
-808
20
709
10
-808
20
699
0
LWPOLYLINE
5
1050D
330
FEC5
100
AcDbEntity
100
AcDbPolyline
8
TAVA_ASKI_KONSOL
6
ByLayer
62
256
370
-1
90
4
70
1
10
-826
20
709
10
-826
20
713
10
-806
20
713
10
-806
20
709
0
LINE
5
1050E
330
FEC5
100
AcDbEntity
100
AcDbLine
8
TAVA_ASKI_KONSOL
10
-288
20
693
30
0
11
-288
21
930
31
0
0
LINE
5
1050F
330
FEC5
100
AcDbEntity
100
AcDbLine
8
TAVA_ASKI_KONSOL
10
-280
20
693
30
0
11
-280
21
930
31
0
0
LWPOLYLINE
5
10510
330
FEC5
100
AcDbEntity
100
AcDbPolyline
8
TAVA_ASKI_KONSOL
6
ByLayer
62
256
370
-1
90
4
70
1
10
-292
20
699
10
-292
20
709
10
-276
20
709
10
-276
20
699
0
LWPOLYLINE
5
10511
330
FEC5
100
AcDbEntity
100
AcDbPolyline
8
TAVA_ASKI_KONSOL
6
ByLayer
62
256
370
-1
90
4
70
1
10
-294
20
709
10
-294
20
713
10
-274
20
713
10
-274
20
709
0
LWPOLYLINE
5
10759
330
FEC5
100
AcDbEntity
100
AcDbPolyline
8
TAVA_ASKI_KONSOL
6
ByLayer
62
256
370
-1
90
4
70
1
10
-840
20
213
10
-840
20
248
10
-260
20
248
10
-260
20
213
0
LWPOLYLINE
5
1075A
330
FEC5
100
AcDbEntity
100
AcDbPolyline
8
TAVA_ASKI_KONSOL
6
ByLayer
62
256
370
-1
90
4
70
1
10
-830
20
221
10
-830
20
235
10
-270
20
235
10
-270
20
221
0
LINE
5
1075B
330
FEC5
100
AcDbEntity
100
AcDbLine
8
TAVA_ASKI_KONSOL
10
-820
20
193
30
0
11
-820
21
450
31
0
0
LINE
5
1075C
330
FEC5
100
AcDbEntity
100
AcDbLine
8
TAVA_ASKI_KONSOL
10
-812
20
193
30
0
11
-812
21
450
31
0
0
LWPOLYLINE
5
1075D
330
FEC5
100
AcDbEntity
100
AcDbPolyline
8
TAVA_ASKI_KONSOL
6
ByLayer
62
256
370
-1
90
4
70
1
10
-824
20
199
10
-824
20
209
10
-808
20
209
10
-808
20
199
0
LWPOLYLINE
5
1075E
330
FEC5
100
AcDbEntity
100
AcDbPolyline
8
TAVA_ASKI_KONSOL
6
ByLayer
62
256
370
-1
90
4
70
1
10
-826
20
209
10
-826
20
213
10
-806
20
213
10
-806
20
209
0
LINE
5
1075F
330
FEC5
100
AcDbEntity
100
AcDbLine
8
TAVA_ASKI_KONSOL
10
-288
20
193
30
0
11
-288
21
450
31
0
0
LINE
5
10760
330
FEC5
100
AcDbEntity
100
AcDbLine
8
TAVA_ASKI_KONSOL
10
-280
20
193
30
0
11
-280
21
450
31
0
0
LWPOLYLINE
5
10761
330
FEC5
100
AcDbEntity
100
AcDbPolyline
8
TAVA_ASKI_KONSOL
6
ByLayer
62
256
370
-1
90
4
70
1
10
-292
20
199
10
-292
20
209
10
-276
20
209
10
-276
20
199
0
LWPOLYLINE
5
10762
330
FEC5
100
AcDbEntity
100
AcDbPolyline
8
TAVA_ASKI_KONSOL
6
ByLayer
62
256
370
-1
90
4
70
1
10
-294
20
209
10
-294
20
213
10
-274
20
213
10
-274
20
209
0
LWPOLYLINE
5
1089F
330
FEC5
100
AcDbEntity
100
AcDbPolyline
8
TAVA_ASKI_KONSOL
6
ByLayer
62
256
370
-1
90
4
70
1
10
260
20
1713
10
260
20
1748
10
840
20
1748
10
840
20
1713
0
LWPOLYLINE
5
108A0
330
FEC5
100
AcDbEntity
100
AcDbPolyline
8
TAVA_ASKI_KONSOL
6
ByLayer
62
256
370
-1
90
4
70
1
10
270
20
1721
10
270
20
1735
10
830
20
1735
10
830
20
1721
0
LINE
5
108A1
330
FEC5
100
AcDbEntity
100
AcDbLine
8
TAVA_ASKI_KONSOL
10
280
20
1693
30
0
11
280
21
1930
31
0
0
LINE
5
108A2
330
FEC5
100
AcDbEntity
100
AcDbLine
8
TAVA_ASKI_KONSOL
10
288
20
1693
30
0
11
288
21
1930
31
0
0
LWPOLYLINE
5
108A3
330
FEC5
100
AcDbEntity
100
AcDbPolyline
8
TAVA_ASKI_KONSOL
6
ByLayer
62
256
370
-1
90
4
70
1
10
276
20
1699
10
276
20
1709
10
292
20
1709
10
292
20
1699
0
LWPOLYLINE
5
108A4
330
FEC5
100
AcDbEntity
100
AcDbPolyline
8
TAVA_ASKI_KONSOL
6
ByLayer
62
256
370
-1
90
4
70
1
10
274
20
1709
10
274
20
1713
10
294
20
1713
10
294
20
1709
0
LINE
5
108A5
330
FEC5
100
AcDbEntity
100
AcDbLine
8
TAVA_ASKI_KONSOL
10
812
20
1693
30
0
11
812
21
1930
31
0
0
LINE
5
108A6
330
FEC5
100
AcDbEntity
100
AcDbLine
8
TAVA_ASKI_KONSOL
10
820
20
1693
30
0
11
820
21
1930
31
0
0
LWPOLYLINE
5
108A7
330
FEC5
100
AcDbEntity
100
AcDbPolyline
8
TAVA_ASKI_KONSOL
6
ByLayer
62
256
370
-1
90
4
70
1
10
808
20
1699
10
808
20
1709
10
824
20
1709
10
824
20
1699
0
LWPOLYLINE
5
108A8
330
FEC5
100
AcDbEntity
100
AcDbPolyline
8
TAVA_ASKI_KONSOL
6
ByLayer
62
256
370
-1
90
4
70
1
10
806
20
1709
10
806
20
1713
10
826
20
1713
10
826
20
1709
0
LWPOLYLINE
5
1095D
330
FEC5
100
AcDbEntity
100
AcDbPolyline
8
TAVA_ASKI_KONSOL
6
ByLayer
62
256
370
-1
90
4
70
1
10
260
20
1213
10
260
20
1248
10
840
20
1248
10
840
20
1213
0
LWPOLYLINE
5
1095E
330
FEC5
100
AcDbEntity
100
AcDbPolyline
8
TAVA_ASKI_KONSOL
6
ByLayer
62
256
370
-1
90
4
70
1
10
270
20
1221
10
270
20
1235
10
830
20
1235
10
830
20
1221
0
LINE
5
1095F
330
FEC5
100
AcDbEntity
100
AcDbLine
8
TAVA_ASKI_KONSOL
10
280
20
1193
30
0
11
280
21
1430
31
0
0
LINE
5
10960
330
FEC5
100
AcDbEntity
100
AcDbLine
8
TAVA_ASKI_KONSOL
10
288
20
1193
30
0
11
288
21
1430
31
0
0
LWPOLYLINE
5
10961
330
FEC5
100
AcDbEntity
100
AcDbPolyline
8
TAVA_ASKI_KONSOL
6
ByLayer
62
256
370
-1
90
4
70
1
10
276
20
1199
10
276
20
1209
10
292
20
1209
10
292
20
1199
0
LWPOLYLINE
5
10962
330
FEC5
100
AcDbEntity
100
AcDbPolyline
8
TAVA_ASKI_KONSOL
6
ByLayer
62
256
370
-1
90
4
70
1
10
274
20
1209
10
274
20
1213
10
294
20
1213
10
294
20
1209
0
LINE
5
10963
330
FEC5
100
AcDbEntity
100
AcDbLine
8
TAVA_ASKI_KONSOL
10
812
20
1193
30
0
11
812
21
1430
31
0
0
LINE
5
10964
330
FEC5
100
AcDbEntity
100
AcDbLine
8
TAVA_ASKI_KONSOL
10
820
20
1193
30
0
11
820
21
1430
31
0
0
LWPOLYLINE
5
10965
330
FEC5
100
AcDbEntity
100
AcDbPolyline
8
TAVA_ASKI_KONSOL
6
ByLayer
62
256
370
-1
90
4
70
1
10
808
20
1199
10
808
20
1209
10
824
20
1209
10
824
20
1199
0
LWPOLYLINE
5
10966
330
FEC5
100
AcDbEntity
100
AcDbPolyline
8
TAVA_ASKI_KONSOL
6
ByLayer
62
256
370
-1
90
4
70
1
10
806
20
1209
10
806
20
1213
10
826
20
1213
10
826
20
1209
0
LWPOLYLINE
5
109F2
330
FEC5
100
AcDbEntity
100
AcDbPolyline
8
TAVA_ASKI_KONSOL
6
ByLayer
62
256
370
-1
90
4
70
1
10
260
20
713
10
260
20
748
10
840
20
748
10
840
20
713
0
LWPOLYLINE
5
109F3
330
FEC5
100
AcDbEntity
100
AcDbPolyline
8
TAVA_ASKI_KONSOL
6
ByLayer
62
256
370
-1
90
4
70
1
10
270
20
721
10
270
20
735
10
830
20
735
10
830
20
721
0
LINE
5
109F4
330
FEC5
100
AcDbEntity
100
AcDbLine
8
TAVA_ASKI_KONSOL
10
280
20
693
30
0
11
280
21
930
31
0
0
LINE
5
109F5
330
FEC5
100
AcDbEntity
100
AcDbLine
8
TAVA_ASKI_KONSOL
10
288
20
693
30
0
11
288
21
930
31
0
0
LWPOLYLINE
5
109F6
330
FEC5
100
AcDbEntity
100
AcDbPolyline
8
TAVA_ASKI_KONSOL
6
ByLayer
62
256
370
-1
90
4
70
1
10
276
20
699
10
276
20
709
10
292
20
709
10
292
20
699
0
LWPOLYLINE
5
109F7
330
FEC5
100
AcDbEntity
100
AcDbPolyline
8
TAVA_ASKI_KONSOL
6
ByLayer
62
256
370
-1
90
4
70
1
10
274
20
709
10
274
20
713
10
294
20
713
10
294
20
709
0
LINE
5
109F8
330
FEC5
100
AcDbEntity
100
AcDbLine
8
TAVA_ASKI_KONSOL
10
812
20
693
30
0
11
812
21
930
31
0
0
LINE
5
109F9
330
FEC5
100
AcDbEntity
100
AcDbLine
8
TAVA_ASKI_KONSOL
10
820
20
693
30
0
11
820
21
930
31
0
0
LWPOLYLINE
5
109FA
330
FEC5
100
AcDbEntity
100
AcDbPolyline
8
TAVA_ASKI_KONSOL
6
ByLayer
62
256
370
-1
90
4
70
1
10
808
20
699
10
808
20
709
10
824
20
709
10
824
20
699
0
LWPOLYLINE
5
109FB
330
FEC5
100
AcDbEntity
100
AcDbPolyline
8
TAVA_ASKI_KONSOL
6
ByLayer
62
256
370
-1
90
4
70
1
10
806
20
709
10
806
20
713
10
826
20
713
10
826
20
709
0
LWPOLYLINE
5
101C1
330
FEC5
100
AcDbEntity
100
AcDbPolyline
8
TAVA_SEPERATOR
6
ByLayer
62
256
370
-1
90
4
70
1
10
-471
20
1750
10
-471
20
1850
10
-469
20
1850
10
-469
20
1750
0
LINE
5
101C2
330
FEC5
100
AcDbEntity
100
AcDbLine
8
TAVA_SEPERATOR
10
-485
20
1750
30
0
11
-455
21
1750
31
0
0
CIRCLE
5
101C3
330
FEC5
100
AcDbEntity
100
AcDbCircle
8
TAVA_SEPERATOR
10
-470
20
1760
30
0
40
3
0
TEXT
5
101C4
330
FEC5
100
AcDbEntity
100
AcDbText
8
TAVA_SEPERATOR
10
-470
20
1862
30
0
40
16
1
EMC SEPERATOR SACI
50
0
7
STANDARD
72
1
11
-470
21
1862
31
0
100
AcDbText
73
1
0
LWPOLYLINE
5
10504
330
FEC5
100
AcDbEntity
100
AcDbPolyline
8
TAVA_SEPERATOR
6
ByLayer
62
256
370
-1
90
4
70
1
10
-651
20
750
10
-651
20
830
10
-649
20
830
10
-649
20
750
0
LINE
5
10505
330
FEC5
100
AcDbEntity
100
AcDbLine
8
TAVA_SEPERATOR
10
-665
20
750
30
0
11
-635
21
750
31
0
0
CIRCLE
5
10506
330
FEC5
100
AcDbEntity
100
AcDbCircle
8
TAVA_SEPERATOR
10
-650
20
760
30
0
40
3
0
TEXT
5
10507
330
FEC5
100
AcDbEntity
100
AcDbText
8
TAVA_SEPERATOR
10
-650
20
842
30
0
40
16
1
BOLUM AYIRICI SAC
50
0
7
STANDARD
72
1
11
-650
21
842
31
0
100
AcDbText
73
1
0
LWPOLYLINE
5
10959
330
FEC5
100
AcDbEntity
100
AcDbPolyline
8
TAVA_SEPERATOR
6
ByLayer
62
256
370
-1
90
4
70
1
10
589
20
1250
10
589
20
1330
10
591
20
1330
10
591
20
1250
0
LINE
5
1095A
330
FEC5
100
AcDbEntity
100
AcDbLine
8
TAVA_SEPERATOR
10
575
20
1250
30
0
11
605
21
1250
31
0
0
CIRCLE
5
1095B
330
FEC5
100
AcDbEntity
100
AcDbCircle
8
TAVA_SEPERATOR
10
590
20
1260
30
0
40
3
0
TEXT
5
1095C
330
FEC5
100
AcDbEntity
100
AcDbText
8
TAVA_SEPERATOR
10
590
20
1342
30
0
40
16
1
IZOLASYON SEPERATORU
50
0
7
STANDARD
72
1
11
590
21
1342
31
0
100
AcDbText
73
1
0
CIRCLE
5
101DC
330
FEC5
100
AcDbEntity
100
AcDbCircle
8
KBL_FEEDER_7_8
10
-775
20
1764
30
0
40
14
0
CIRCLE
5
101DD
330
FEC5
100
AcDbEntity
100
AcDbCircle
8
KBL_FEEDER_7_8
10
-775
20
1764
30
0
40
12.32
0
CIRCLE
5
101DE
330
FEC5
100
AcDbEntity
100
AcDbCircle
8
KBL_FEEDER_7_8
10
-775
20
1764
30
0
40
10.08
0
CIRCLE
5
101DF
330
FEC5
100
AcDbEntity
100
AcDbCircle
8
KBL_FEEDER_7_8
10
-775
20
1764
30
0
40
4.8999999999999995
0
CIRCLE
5
101E0
330
FEC5
100
AcDbEntity
100
AcDbCircle
8
KBL_FEEDER_7_8
10
-775
20
1764
30
0
40
3.08
0
LINE
5
101E1
330
FEC5
100
AcDbEntity
100
AcDbLine
8
KBL_FEEDER_7_8
10
-778.5
20
1764
30
0
11
-771.5
21
1764
31
0
0
LINE
5
101E2
330
FEC5
100
AcDbEntity
100
AcDbLine
8
KBL_FEEDER_7_8
10
-775
20
1760.5
30
0
11
-775
21
1767.5
31
0
0
CIRCLE
5
101E3
330
FEC5
100
AcDbEntity
100
AcDbCircle
8
KBL_FEEDER_7_8
10
-775
20
1792
30
0
40
14
0
CIRCLE
5
101E4
330
FEC5
100
AcDbEntity
100
AcDbCircle
8
KBL_FEEDER_7_8
10
-775
20
1792
30
0
40
12.32
0
CIRCLE
5
101E5
330
FEC5
100
AcDbEntity
100
AcDbCircle
8
KBL_FEEDER_7_8
10
-775
20
1792
30
0
40
10.08
0
CIRCLE
5
101E6
330
FEC5
100
AcDbEntity
100
AcDbCircle
8
KBL_FEEDER_7_8
10
-775
20
1792
30
0
40
4.8999999999999995
0
CIRCLE
5
101E7
330
FEC5
100
AcDbEntity
100
AcDbCircle
8
KBL_FEEDER_7_8
10
-775
20
1792
30
0
40
3.08
0
LINE
5
101E8
330
FEC5
100
AcDbEntity
100
AcDbLine
8
KBL_FEEDER_7_8
10
-778.5
20
1792
30
0
11
-771.5
21
1792
31
0
0
LINE
5
101E9
330
FEC5
100
AcDbEntity
100
AcDbLine
8
KBL_FEEDER_7_8
10
-775
20
1788.5
30
0
11
-775
21
1795.5
31
0
0
CIRCLE
5
101EA
330
FEC5
100
AcDbEntity
100
AcDbCircle
8
KBL_FEEDER_7_8
10
-775
20
1820
30
0
40
14
0
CIRCLE
5
101EB
330
FEC5
100
AcDbEntity
100
AcDbCircle
8
KBL_FEEDER_7_8
10
-775
20
1820
30
0
40
12.32
0
CIRCLE
5
101EC
330
FEC5
100
AcDbEntity
100
AcDbCircle
8
KBL_FEEDER_7_8
10
-775
20
1820
30
0
40
10.08
0
CIRCLE
5
101ED
330
FEC5
100
AcDbEntity
100
AcDbCircle
8
KBL_FEEDER_7_8
10
-775
20
1820
30
0
40
4.8999999999999995
0
CIRCLE
5
101EE
330
FEC5
100
AcDbEntity
100
AcDbCircle
8
KBL_FEEDER_7_8
10
-775
20
1820
30
0
40
3.08
0
LINE
5
101EF
330
FEC5
100
AcDbEntity
100
AcDbLine
8
KBL_FEEDER_7_8
10
-778.5
20
1820
30
0
11
-771.5
21
1820
31
0
0
LINE
5
101F0
330
FEC5
100
AcDbEntity
100
AcDbLine
8
KBL_FEEDER_7_8
10
-775
20
1816.5
30
0
11
-775
21
1823.5
31
0
0
CIRCLE
5
101F1
330
FEC5
100
AcDbEntity
100
AcDbCircle
8
KBL_FEEDER_7_8
10
-775
20
1848
30
0
40
14
0
CIRCLE
5
101F2
330
FEC5
100
AcDbEntity
100
AcDbCircle
8
KBL_FEEDER_7_8
10
-775
20
1848
30
0
40
12.32
0
CIRCLE
5
101F3
330
FEC5
100
AcDbEntity
100
AcDbCircle
8
KBL_FEEDER_7_8
10
-775
20
1848
30
0
40
10.08
0
CIRCLE
5
101F4
330
FEC5
100
AcDbEntity
100
AcDbCircle
8
KBL_FEEDER_7_8
10
-775
20
1848
30
0
40
4.8999999999999995
0
CIRCLE
5
101F5
330
FEC5
100
AcDbEntity
100
AcDbCircle
8
KBL_FEEDER_7_8
10
-775
20
1848
30
0
40
3.08
0
LINE
5
101F6
330
FEC5
100
AcDbEntity
100
AcDbLine
8
KBL_FEEDER_7_8
10
-778.5
20
1848
30
0
11
-771.5
21
1848
31
0
0
LINE
5
101F7
330
FEC5
100
AcDbEntity
100
AcDbLine
8
KBL_FEEDER_7_8
10
-775
20
1844.5
30
0
11
-775
21
1851.5
31
0
0
CIRCLE
5
101F8
330
FEC5
100
AcDbEntity
100
AcDbCircle
8
KBL_FEEDER_7_8
10
-745
20
1764
30
0
40
14
0
CIRCLE
5
101F9
330
FEC5
100
AcDbEntity
100
AcDbCircle
8
KBL_FEEDER_7_8
10
-745
20
1764
30
0
40
12.32
0
CIRCLE
5
101FA
330
FEC5
100
AcDbEntity
100
AcDbCircle
8
KBL_FEEDER_7_8
10
-745
20
1764
30
0
40
10.08
0
CIRCLE
5
101FB
330
FEC5
100
AcDbEntity
100
AcDbCircle
8
KBL_FEEDER_7_8
10
-745
20
1764
30
0
40
4.8999999999999995
0
CIRCLE
5
101FC
330
FEC5
100
AcDbEntity
100
AcDbCircle
8
KBL_FEEDER_7_8
10
-745
20
1764
30
0
40
3.08
0
LINE
5
101FD
330
FEC5
100
AcDbEntity
100
AcDbLine
8
KBL_FEEDER_7_8
10
-748.5
20
1764
30
0
11
-741.5
21
1764
31
0
0
LINE
5
101FE
330
FEC5
100
AcDbEntity
100
AcDbLine
8
KBL_FEEDER_7_8
10
-745
20
1760.5
30
0
11
-745
21
1767.5
31
0
0
CIRCLE
5
101FF
330
FEC5
100
AcDbEntity
100
AcDbCircle
8
KBL_FEEDER_7_8
10
-745
20
1792
30
0
40
14
0
CIRCLE
5
10200
330
FEC5
100
AcDbEntity
100
AcDbCircle
8
KBL_FEEDER_7_8
10
-745
20
1792
30
0
40
12.32
0
CIRCLE
5
10201
330
FEC5
100
AcDbEntity
100
AcDbCircle
8
KBL_FEEDER_7_8
10
-745
20
1792
30
0
40
10.08
0
CIRCLE
5
10202
330
FEC5
100
AcDbEntity
100
AcDbCircle
8
KBL_FEEDER_7_8
10
-745
20
1792
30
0
40
4.8999999999999995
0
CIRCLE
5
10203
330
FEC5
100
AcDbEntity
100
AcDbCircle
8
KBL_FEEDER_7_8
10
-745
20
1792
30
0
40
3.08
0
LINE
5
10204
330
FEC5
100
AcDbEntity
100
AcDbLine
8
KBL_FEEDER_7_8
10
-748.5
20
1792
30
0
11
-741.5
21
1792
31
0
0
LINE
5
10205
330
FEC5
100
AcDbEntity
100
AcDbLine
8
KBL_FEEDER_7_8
10
-745
20
1788.5
30
0
11
-745
21
1795.5
31
0
0
CIRCLE
5
10206
330
FEC5
100
AcDbEntity
100
AcDbCircle
8
KBL_FEEDER_7_8
10
-745
20
1820
30
0
40
14
0
CIRCLE
5
10207
330
FEC5
100
AcDbEntity
100
AcDbCircle
8
KBL_FEEDER_7_8
10
-745
20
1820
30
0
40
12.32
0
CIRCLE
5
10208
330
FEC5
100
AcDbEntity
100
AcDbCircle
8
KBL_FEEDER_7_8
10
-745
20
1820
30
0
40
10.08
0
CIRCLE
5
10209
330
FEC5
100
AcDbEntity
100
AcDbCircle
8
KBL_FEEDER_7_8
10
-745
20
1820
30
0
40
4.8999999999999995
0
CIRCLE
5
1020A
330
FEC5
100
AcDbEntity
100
AcDbCircle
8
KBL_FEEDER_7_8
10
-745
20
1820
30
0
40
3.08
0
LINE
5
1020B
330
FEC5
100
AcDbEntity
100
AcDbLine
8
KBL_FEEDER_7_8
10
-748.5
20
1820
30
0
11
-741.5
21
1820
31
0
0
LINE
5
1020C
330
FEC5
100
AcDbEntity
100
AcDbLine
8
KBL_FEEDER_7_8
10
-745
20
1816.5
30
0
11
-745
21
1823.5
31
0
0
CIRCLE
5
1020D
330
FEC5
100
AcDbEntity
100
AcDbCircle
8
KBL_FEEDER_7_8
10
-745
20
1848
30
0
40
14
0
CIRCLE
5
1020E
330
FEC5
100
AcDbEntity
100
AcDbCircle
8
KBL_FEEDER_7_8
10
-745
20
1848
30
0
40
12.32
0
CIRCLE
5
1020F
330
FEC5
100
AcDbEntity
100
AcDbCircle
8
KBL_FEEDER_7_8
10
-745
20
1848
30
0
40
10.08
0
CIRCLE
5
10210
330
FEC5
100
AcDbEntity
100
AcDbCircle
8
KBL_FEEDER_7_8
10
-745
20
1848
30
0
40
4.8999999999999995
0
CIRCLE
5
10211
330
FEC5
100
AcDbEntity
100
AcDbCircle
8
KBL_FEEDER_7_8
10
-745
20
1848
30
0
40
3.08
0
LINE
5
10212
330
FEC5
100
AcDbEntity
100
AcDbLine
8
KBL_FEEDER_7_8
10
-748.5
20
1848
30
0
11
-741.5
21
1848
31
0
0
LINE
5
10213
330
FEC5
100
AcDbEntity
100
AcDbLine
8
KBL_FEEDER_7_8
10
-745
20
1844.5
30
0
11
-745
21
1851.5
31
0
0
CIRCLE
5
10214
330
FEC5
100
AcDbEntity
100
AcDbCircle
8
KBL_FEEDER_7_8
10
-715
20
1764
30
0
40
14
0
CIRCLE
5
10215
330
FEC5
100
AcDbEntity
100
AcDbCircle
8
KBL_FEEDER_7_8
10
-715
20
1764
30
0
40
12.32
0
CIRCLE
5
10216
330
FEC5
100
AcDbEntity
100
AcDbCircle
8
KBL_FEEDER_7_8
10
-715
20
1764
30
0
40
10.08
0
CIRCLE
5
10217
330
FEC5
100
AcDbEntity
100
AcDbCircle
8
KBL_FEEDER_7_8
10
-715
20
1764
30
0
40
4.8999999999999995
0
CIRCLE
5
10218
330
FEC5
100
AcDbEntity
100
AcDbCircle
8
KBL_FEEDER_7_8
10
-715
20
1764
30
0
40
3.08
0
LINE
5
10219
330
FEC5
100
AcDbEntity
100
AcDbLine
8
KBL_FEEDER_7_8
10
-718.5
20
1764
30
0
11
-711.5
21
1764
31
0
0
LINE
5
1021A
330
FEC5
100
AcDbEntity
100
AcDbLine
8
KBL_FEEDER_7_8
10
-715
20
1760.5
30
0
11
-715
21
1767.5
31
0
0
CIRCLE
5
1021B
330
FEC5
100
AcDbEntity
100
AcDbCircle
8
KBL_FEEDER_7_8
10
-715
20
1792
30
0
40
14
0
CIRCLE
5
1021C
330
FEC5
100
AcDbEntity
100
AcDbCircle
8
KBL_FEEDER_7_8
10
-715
20
1792
30
0
40
12.32
0
CIRCLE
5
1021D
330
FEC5
100
AcDbEntity
100
AcDbCircle
8
KBL_FEEDER_7_8
10
-715
20
1792
30
0
40
10.08
0
CIRCLE
5
1021E
330
FEC5
100
AcDbEntity
100
AcDbCircle
8
KBL_FEEDER_7_8
10
-715
20
1792
30
0
40
4.8999999999999995
0
CIRCLE
5
1021F
330
FEC5
100
AcDbEntity
100
AcDbCircle
8
KBL_FEEDER_7_8
10
-715
20
1792
30
0
40
3.08
0
LINE
5
10220
330
FEC5
100
AcDbEntity
100
AcDbLine
8
KBL_FEEDER_7_8
10
-718.5
20
1792
30
0
11
-711.5
21
1792
31
0
0
LINE
5
10221
330
FEC5
100
AcDbEntity
100
AcDbLine
8
KBL_FEEDER_7_8
10
-715
20
1788.5
30
0
11
-715
21
1795.5
31
0
0
CIRCLE
5
10222
330
FEC5
100
AcDbEntity
100
AcDbCircle
8
KBL_FEEDER_7_8
10
-715
20
1820
30
0
40
14
0
CIRCLE
5
10223
330
FEC5
100
AcDbEntity
100
AcDbCircle
8
KBL_FEEDER_7_8
10
-715
20
1820
30
0
40
12.32
0
CIRCLE
5
10224
330
FEC5
100
AcDbEntity
100
AcDbCircle
8
KBL_FEEDER_7_8
10
-715
20
1820
30
0
40
10.08
0
CIRCLE
5
10225
330
FEC5
100
AcDbEntity
100
AcDbCircle
8
KBL_FEEDER_7_8
10
-715
20
1820
30
0
40
4.8999999999999995
0
CIRCLE
5
10226
330
FEC5
100
AcDbEntity
100
AcDbCircle
8
KBL_FEEDER_7_8
10
-715
20
1820
30
0
40
3.08
0
LINE
5
10227
330
FEC5
100
AcDbEntity
100
AcDbLine
8
KBL_FEEDER_7_8
10
-718.5
20
1820
30
0
11
-711.5
21
1820
31
0
0
LINE
5
10228
330
FEC5
100
AcDbEntity
100
AcDbLine
8
KBL_FEEDER_7_8
10
-715
20
1816.5
30
0
11
-715
21
1823.5
31
0
0
CIRCLE
5
10229
330
FEC5
100
AcDbEntity
100
AcDbCircle
8
KBL_FEEDER_7_8
10
-715
20
1848
30
0
40
14
0
CIRCLE
5
1022A
330
FEC5
100
AcDbEntity
100
AcDbCircle
8
KBL_FEEDER_7_8
10
-715
20
1848
30
0
40
12.32
0
CIRCLE
5
1022B
330
FEC5
100
AcDbEntity
100
AcDbCircle
8
KBL_FEEDER_7_8
10
-715
20
1848
30
0
40
10.08
0
CIRCLE
5
1022C
330
FEC5
100
AcDbEntity
100
AcDbCircle
8
KBL_FEEDER_7_8
10
-715
20
1848
30
0
40
4.8999999999999995
0
CIRCLE
5
1022D
330
FEC5
100
AcDbEntity
100
AcDbCircle
8
KBL_FEEDER_7_8
10
-715
20
1848
30
0
40
3.08
0
LINE
5
1022E
330
FEC5
100
AcDbEntity
100
AcDbLine
8
KBL_FEEDER_7_8
10
-718.5
20
1848
30
0
11
-711.5
21
1848
31
0
0
LINE
5
1022F
330
FEC5
100
AcDbEntity
100
AcDbLine
8
KBL_FEEDER_7_8
10
-715
20
1844.5
30
0
11
-715
21
1851.5
31
0
0
CIRCLE
5
10230
330
FEC5
100
AcDbEntity
100
AcDbCircle
8
KBL_FEEDER_7_8
10
-685
20
1764
30
0
40
14
0
CIRCLE
5
10231
330
FEC5
100
AcDbEntity
100
AcDbCircle
8
KBL_FEEDER_7_8
10
-685
20
1764
30
0
40
12.32
0
CIRCLE
5
10232
330
FEC5
100
AcDbEntity
100
AcDbCircle
8
KBL_FEEDER_7_8
10
-685
20
1764
30
0
40
10.08
0
CIRCLE
5
10233
330
FEC5
100
AcDbEntity
100
AcDbCircle
8
KBL_FEEDER_7_8
10
-685
20
1764
30
0
40
4.8999999999999995
0
CIRCLE
5
10234
330
FEC5
100
AcDbEntity
100
AcDbCircle
8
KBL_FEEDER_7_8
10
-685
20
1764
30
0
40
3.08
0
LINE
5
10235
330
FEC5
100
AcDbEntity
100
AcDbLine
8
KBL_FEEDER_7_8
10
-688.5
20
1764
30
0
11
-681.5
21
1764
31
0
0
LINE
5
10236
330
FEC5
100
AcDbEntity
100
AcDbLine
8
KBL_FEEDER_7_8
10
-685
20
1760.5
30
0
11
-685
21
1767.5
31
0
0
CIRCLE
5
10237
330
FEC5
100
AcDbEntity
100
AcDbCircle
8
KBL_FEEDER_7_8
10
-685
20
1792
30
0
40
14
0
CIRCLE
5
10238
330
FEC5
100
AcDbEntity
100
AcDbCircle
8
KBL_FEEDER_7_8
10
-685
20
1792
30
0
40
12.32
0
CIRCLE
5
10239
330
FEC5
100
AcDbEntity
100
AcDbCircle
8
KBL_FEEDER_7_8
10
-685
20
1792
30
0
40
10.08
0
CIRCLE
5
1023A
330
FEC5
100
AcDbEntity
100
AcDbCircle
8
KBL_FEEDER_7_8
10
-685
20
1792
30
0
40
4.8999999999999995
0
CIRCLE
5
1023B
330
FEC5
100
AcDbEntity
100
AcDbCircle
8
KBL_FEEDER_7_8
10
-685
20
1792
30
0
40
3.08
0
LINE
5
1023C
330
FEC5
100
AcDbEntity
100
AcDbLine
8
KBL_FEEDER_7_8
10
-688.5
20
1792
30
0
11
-681.5
21
1792
31
0
0
LINE
5
1023D
330
FEC5
100
AcDbEntity
100
AcDbLine
8
KBL_FEEDER_7_8
10
-685
20
1788.5
30
0
11
-685
21
1795.5
31
0
0
CIRCLE
5
1023E
330
FEC5
100
AcDbEntity
100
AcDbCircle
8
KBL_FEEDER_7_8
10
-685
20
1820
30
0
40
14
0
CIRCLE
5
1023F
330
FEC5
100
AcDbEntity
100
AcDbCircle
8
KBL_FEEDER_7_8
10
-685
20
1820
30
0
40
12.32
0
CIRCLE
5
10240
330
FEC5
100
AcDbEntity
100
AcDbCircle
8
KBL_FEEDER_7_8
10
-685
20
1820
30
0
40
10.08
0
CIRCLE
5
10241
330
FEC5
100
AcDbEntity
100
AcDbCircle
8
KBL_FEEDER_7_8
10
-685
20
1820
30
0
40
4.8999999999999995
0
CIRCLE
5
10242
330
FEC5
100
AcDbEntity
100
AcDbCircle
8
KBL_FEEDER_7_8
10
-685
20
1820
30
0
40
3.08
0
LINE
5
10243
330
FEC5
100
AcDbEntity
100
AcDbLine
8
KBL_FEEDER_7_8
10
-688.5
20
1820
30
0
11
-681.5
21
1820
31
0
0
LINE
5
10244
330
FEC5
100
AcDbEntity
100
AcDbLine
8
KBL_FEEDER_7_8
10
-685
20
1816.5
30
0
11
-685
21
1823.5
31
0
0
CIRCLE
5
10245
330
FEC5
100
AcDbEntity
100
AcDbCircle
8
KBL_FEEDER_7_8
10
-685
20
1848
30
0
40
14
0
CIRCLE
5
10246
330
FEC5
100
AcDbEntity
100
AcDbCircle
8
KBL_FEEDER_7_8
10
-685
20
1848
30
0
40
12.32
0
CIRCLE
5
10247
330
FEC5
100
AcDbEntity
100
AcDbCircle
8
KBL_FEEDER_7_8
10
-685
20
1848
30
0
40
10.08
0
CIRCLE
5
10248
330
FEC5
100
AcDbEntity
100
AcDbCircle
8
KBL_FEEDER_7_8
10
-685
20
1848
30
0
40
4.8999999999999995
0
CIRCLE
5
10249
330
FEC5
100
AcDbEntity
100
AcDbCircle
8
KBL_FEEDER_7_8
10
-685
20
1848
30
0
40
3.08
0
LINE
5
1024A
330
FEC5
100
AcDbEntity
100
AcDbLine
8
KBL_FEEDER_7_8
10
-688.5
20
1848
30
0
11
-681.5
21
1848
31
0
0
LINE
5
1024B
330
FEC5
100
AcDbEntity
100
AcDbLine
8
KBL_FEEDER_7_8
10
-685
20
1844.5
30
0
11
-685
21
1851.5
31
0
0
CIRCLE
5
1024C
330
FEC5
100
AcDbEntity
100
AcDbCircle
8
KBL_FEEDER_7_8
10
-655
20
1764
30
0
40
14
0
CIRCLE
5
1024D
330
FEC5
100
AcDbEntity
100
AcDbCircle
8
KBL_FEEDER_7_8
10
-655
20
1764
30
0
40
12.32
0
CIRCLE
5
1024E
330
FEC5
100
AcDbEntity
100
AcDbCircle
8
KBL_FEEDER_7_8
10
-655
20
1764
30
0
40
10.08
0
CIRCLE
5
1024F
330
FEC5
100
AcDbEntity
100
AcDbCircle
8
KBL_FEEDER_7_8
10
-655
20
1764
30
0
40
4.8999999999999995
0
CIRCLE
5
10250
330
FEC5
100
AcDbEntity
100
AcDbCircle
8
KBL_FEEDER_7_8
10
-655
20
1764
30
0
40
3.08
0
LINE
5
10251
330
FEC5
100
AcDbEntity
100
AcDbLine
8
KBL_FEEDER_7_8
10
-658.5
20
1764
30
0
11
-651.5
21
1764
31
0
0
LINE
5
10252
330
FEC5
100
AcDbEntity
100
AcDbLine
8
KBL_FEEDER_7_8
10
-655
20
1760.5
30
0
11
-655
21
1767.5
31
0
0
CIRCLE
5
10253
330
FEC5
100
AcDbEntity
100
AcDbCircle
8
KBL_FEEDER_7_8
10
-655
20
1792
30
0
40
14
0
CIRCLE
5
10254
330
FEC5
100
AcDbEntity
100
AcDbCircle
8
KBL_FEEDER_7_8
10
-655
20
1792
30
0
40
12.32
0
CIRCLE
5
10255
330
FEC5
100
AcDbEntity
100
AcDbCircle
8
KBL_FEEDER_7_8
10
-655
20
1792
30
0
40
10.08
0
CIRCLE
5
10256
330
FEC5
100
AcDbEntity
100
AcDbCircle
8
KBL_FEEDER_7_8
10
-655
20
1792
30
0
40
4.8999999999999995
0
CIRCLE
5
10257
330
FEC5
100
AcDbEntity
100
AcDbCircle
8
KBL_FEEDER_7_8
10
-655
20
1792
30
0
40
3.08
0
LINE
5
10258
330
FEC5
100
AcDbEntity
100
AcDbLine
8
KBL_FEEDER_7_8
10
-658.5
20
1792
30
0
11
-651.5
21
1792
31
0
0
LINE
5
10259
330
FEC5
100
AcDbEntity
100
AcDbLine
8
KBL_FEEDER_7_8
10
-655
20
1788.5
30
0
11
-655
21
1795.5
31
0
0
CIRCLE
5
1025A
330
FEC5
100
AcDbEntity
100
AcDbCircle
8
KBL_FEEDER_7_8
10
-655
20
1820
30
0
40
14
0
CIRCLE
5
1025B
330
FEC5
100
AcDbEntity
100
AcDbCircle
8
KBL_FEEDER_7_8
10
-655
20
1820
30
0
40
12.32
0
CIRCLE
5
1025C
330
FEC5
100
AcDbEntity
100
AcDbCircle
8
KBL_FEEDER_7_8
10
-655
20
1820
30
0
40
10.08
0
CIRCLE
5
1025D
330
FEC5
100
AcDbEntity
100
AcDbCircle
8
KBL_FEEDER_7_8
10
-655
20
1820
30
0
40
4.8999999999999995
0
CIRCLE
5
1025E
330
FEC5
100
AcDbEntity
100
AcDbCircle
8
KBL_FEEDER_7_8
10
-655
20
1820
30
0
40
3.08
0
LINE
5
1025F
330
FEC5
100
AcDbEntity
100
AcDbLine
8
KBL_FEEDER_7_8
10
-658.5
20
1820
30
0
11
-651.5
21
1820
31
0
0
LINE
5
10260
330
FEC5
100
AcDbEntity
100
AcDbLine
8
KBL_FEEDER_7_8
10
-655
20
1816.5
30
0
11
-655
21
1823.5
31
0
0
CIRCLE
5
10261
330
FEC5
100
AcDbEntity
100
AcDbCircle
8
KBL_FEEDER_7_8
10
-655
20
1848
30
0
40
14
0
CIRCLE
5
10262
330
FEC5
100
AcDbEntity
100
AcDbCircle
8
KBL_FEEDER_7_8
10
-655
20
1848
30
0
40
12.32
0
CIRCLE
5
10263
330
FEC5
100
AcDbEntity
100
AcDbCircle
8
KBL_FEEDER_7_8
10
-655
20
1848
30
0
40
10.08
0
CIRCLE
5
10264
330
FEC5
100
AcDbEntity
100
AcDbCircle
8
KBL_FEEDER_7_8
10
-655
20
1848
30
0
40
4.8999999999999995
0
CIRCLE
5
10265
330
FEC5
100
AcDbEntity
100
AcDbCircle
8
KBL_FEEDER_7_8
10
-655
20
1848
30
0
40
3.08
0
LINE
5
10266
330
FEC5
100
AcDbEntity
100
AcDbLine
8
KBL_FEEDER_7_8
10
-658.5
20
1848
30
0
11
-651.5
21
1848
31
0
0
LINE
5
10267
330
FEC5
100
AcDbEntity
100
AcDbLine
8
KBL_FEEDER_7_8
10
-655
20
1844.5
30
0
11
-655
21
1851.5
31
0
0
CIRCLE
5
10268
330
FEC5
100
AcDbEntity
100
AcDbCircle
8
KBL_FEEDER_7_8
10
-625
20
1764
30
0
40
14
0
CIRCLE
5
10269
330
FEC5
100
AcDbEntity
100
AcDbCircle
8
KBL_FEEDER_7_8
10
-625
20
1764
30
0
40
12.32
0
CIRCLE
5
1026A
330
FEC5
100
AcDbEntity
100
AcDbCircle
8
KBL_FEEDER_7_8
10
-625
20
1764
30
0
40
10.08
0
CIRCLE
5
1026B
330
FEC5
100
AcDbEntity
100
AcDbCircle
8
KBL_FEEDER_7_8
10
-625
20
1764
30
0
40
4.8999999999999995
0
CIRCLE
5
1026C
330
FEC5
100
AcDbEntity
100
AcDbCircle
8
KBL_FEEDER_7_8
10
-625
20
1764
30
0
40
3.08
0
LINE
5
1026D
330
FEC5
100
AcDbEntity
100
AcDbLine
8
KBL_FEEDER_7_8
10
-628.5
20
1764
30
0
11
-621.5
21
1764
31
0
0
LINE
5
1026E
330
FEC5
100
AcDbEntity
100
AcDbLine
8
KBL_FEEDER_7_8
10
-625
20
1760.5
30
0
11
-625
21
1767.5
31
0
0
CIRCLE
5
1026F
330
FEC5
100
AcDbEntity
100
AcDbCircle
8
KBL_FEEDER_7_8
10
-625
20
1792
30
0
40
14
0
CIRCLE
5
10270
330
FEC5
100
AcDbEntity
100
AcDbCircle
8
KBL_FEEDER_7_8
10
-625
20
1792
30
0
40
12.32
0
CIRCLE
5
10271
330
FEC5
100
AcDbEntity
100
AcDbCircle
8
KBL_FEEDER_7_8
10
-625
20
1792
30
0
40
10.08
0
CIRCLE
5
10272
330
FEC5
100
AcDbEntity
100
AcDbCircle
8
KBL_FEEDER_7_8
10
-625
20
1792
30
0
40
4.8999999999999995
0
CIRCLE
5
10273
330
FEC5
100
AcDbEntity
100
AcDbCircle
8
KBL_FEEDER_7_8
10
-625
20
1792
30
0
40
3.08
0
LINE
5
10274
330
FEC5
100
AcDbEntity
100
AcDbLine
8
KBL_FEEDER_7_8
10
-628.5
20
1792
30
0
11
-621.5
21
1792
31
0
0
LINE
5
10275
330
FEC5
100
AcDbEntity
100
AcDbLine
8
KBL_FEEDER_7_8
10
-625
20
1788.5
30
0
11
-625
21
1795.5
31
0
0
CIRCLE
5
10276
330
FEC5
100
AcDbEntity
100
AcDbCircle
8
KBL_FEEDER_7_8
10
-625
20
1820
30
0
40
14
0
CIRCLE
5
10277
330
FEC5
100
AcDbEntity
100
AcDbCircle
8
KBL_FEEDER_7_8
10
-625
20
1820
30
0
40
12.32
0
CIRCLE
5
10278
330
FEC5
100
AcDbEntity
100
AcDbCircle
8
KBL_FEEDER_7_8
10
-625
20
1820
30
0
40
10.08
0
CIRCLE
5
10279
330
FEC5
100
AcDbEntity
100
AcDbCircle
8
KBL_FEEDER_7_8
10
-625
20
1820
30
0
40
4.8999999999999995
0
CIRCLE
5
1027A
330
FEC5
100
AcDbEntity
100
AcDbCircle
8
KBL_FEEDER_7_8
10
-625
20
1820
30
0
40
3.08
0
LINE
5
1027B
330
FEC5
100
AcDbEntity
100
AcDbLine
8
KBL_FEEDER_7_8
10
-628.5
20
1820
30
0
11
-621.5
21
1820
31
0
0
LINE
5
1027C
330
FEC5
100
AcDbEntity
100
AcDbLine
8
KBL_FEEDER_7_8
10
-625
20
1816.5
30
0
11
-625
21
1823.5
31
0
0
CIRCLE
5
1027D
330
FEC5
100
AcDbEntity
100
AcDbCircle
8
KBL_FEEDER_7_8
10
-625
20
1848
30
0
40
14
0
CIRCLE
5
1027E
330
FEC5
100
AcDbEntity
100
AcDbCircle
8
KBL_FEEDER_7_8
10
-625
20
1848
30
0
40
12.32
0
CIRCLE
5
1027F
330
FEC5
100
AcDbEntity
100
AcDbCircle
8
KBL_FEEDER_7_8
10
-625
20
1848
30
0
40
10.08
0
CIRCLE
5
10280
330
FEC5
100
AcDbEntity
100
AcDbCircle
8
KBL_FEEDER_7_8
10
-625
20
1848
30
0
40
4.8999999999999995
0
CIRCLE
5
10281
330
FEC5
100
AcDbEntity
100
AcDbCircle
8
KBL_FEEDER_7_8
10
-625
20
1848
30
0
40
3.08
0
LINE
5
10282
330
FEC5
100
AcDbEntity
100
AcDbLine
8
KBL_FEEDER_7_8
10
-628.5
20
1848
30
0
11
-621.5
21
1848
31
0
0
LINE
5
10283
330
FEC5
100
AcDbEntity
100
AcDbLine
8
KBL_FEEDER_7_8
10
-625
20
1844.5
30
0
11
-625
21
1851.5
31
0
0
CIRCLE
5
10284
330
FEC5
100
AcDbEntity
100
AcDbCircle
8
KBL_FEEDER_7_8
10
-595
20
1764
30
0
40
14
0
CIRCLE
5
10285
330
FEC5
100
AcDbEntity
100
AcDbCircle
8
KBL_FEEDER_7_8
10
-595
20
1764
30
0
40
12.32
0
CIRCLE
5
10286
330
FEC5
100
AcDbEntity
100
AcDbCircle
8
KBL_FEEDER_7_8
10
-595
20
1764
30
0
40
10.08
0
CIRCLE
5
10287
330
FEC5
100
AcDbEntity
100
AcDbCircle
8
KBL_FEEDER_7_8
10
-595
20
1764
30
0
40
4.8999999999999995
0
CIRCLE
5
10288
330
FEC5
100
AcDbEntity
100
AcDbCircle
8
KBL_FEEDER_7_8
10
-595
20
1764
30
0
40
3.08
0
LINE
5
10289
330
FEC5
100
AcDbEntity
100
AcDbLine
8
KBL_FEEDER_7_8
10
-598.5
20
1764
30
0
11
-591.5
21
1764
31
0
0
LINE
5
1028A
330
FEC5
100
AcDbEntity
100
AcDbLine
8
KBL_FEEDER_7_8
10
-595
20
1760.5
30
0
11
-595
21
1767.5
31
0
0
CIRCLE
5
1028B
330
FEC5
100
AcDbEntity
100
AcDbCircle
8
KBL_FEEDER_7_8
10
-595
20
1792
30
0
40
14
0
CIRCLE
5
1028C
330
FEC5
100
AcDbEntity
100
AcDbCircle
8
KBL_FEEDER_7_8
10
-595
20
1792
30
0
40
12.32
0
CIRCLE
5
1028D
330
FEC5
100
AcDbEntity
100
AcDbCircle
8
KBL_FEEDER_7_8
10
-595
20
1792
30
0
40
10.08
0
CIRCLE
5
1028E
330
FEC5
100
AcDbEntity
100
AcDbCircle
8
KBL_FEEDER_7_8
10
-595
20
1792
30
0
40
4.8999999999999995
0
CIRCLE
5
1028F
330
FEC5
100
AcDbEntity
100
AcDbCircle
8
KBL_FEEDER_7_8
10
-595
20
1792
30
0
40
3.08
0
LINE
5
10290
330
FEC5
100
AcDbEntity
100
AcDbLine
8
KBL_FEEDER_7_8
10
-598.5
20
1792
30
0
11
-591.5
21
1792
31
0
0
LINE
5
10291
330
FEC5
100
AcDbEntity
100
AcDbLine
8
KBL_FEEDER_7_8
10
-595
20
1788.5
30
0
11
-595
21
1795.5
31
0
0
CIRCLE
5
10292
330
FEC5
100
AcDbEntity
100
AcDbCircle
8
KBL_FEEDER_7_8
10
-595
20
1820
30
0
40
14
0
CIRCLE
5
10293
330
FEC5
100
AcDbEntity
100
AcDbCircle
8
KBL_FEEDER_7_8
10
-595
20
1820
30
0
40
12.32
0
CIRCLE
5
10294
330
FEC5
100
AcDbEntity
100
AcDbCircle
8
KBL_FEEDER_7_8
10
-595
20
1820
30
0
40
10.08
0
CIRCLE
5
10295
330
FEC5
100
AcDbEntity
100
AcDbCircle
8
KBL_FEEDER_7_8
10
-595
20
1820
30
0
40
4.8999999999999995
0
CIRCLE
5
10296
330
FEC5
100
AcDbEntity
100
AcDbCircle
8
KBL_FEEDER_7_8
10
-595
20
1820
30
0
40
3.08
0
LINE
5
10297
330
FEC5
100
AcDbEntity
100
AcDbLine
8
KBL_FEEDER_7_8
10
-598.5
20
1820
30
0
11
-591.5
21
1820
31
0
0
LINE
5
10298
330
FEC5
100
AcDbEntity
100
AcDbLine
8
KBL_FEEDER_7_8
10
-595
20
1816.5
30
0
11
-595
21
1823.5
31
0
0
CIRCLE
5
10299
330
FEC5
100
AcDbEntity
100
AcDbCircle
8
KBL_FEEDER_7_8
10
-595
20
1848
30
0
40
14
0
CIRCLE
5
1029A
330
FEC5
100
AcDbEntity
100
AcDbCircle
8
KBL_FEEDER_7_8
10
-595
20
1848
30
0
40
12.32
0
CIRCLE
5
1029B
330
FEC5
100
AcDbEntity
100
AcDbCircle
8
KBL_FEEDER_7_8
10
-595
20
1848
30
0
40
10.08
0
CIRCLE
5
1029C
330
FEC5
100
AcDbEntity
100
AcDbCircle
8
KBL_FEEDER_7_8
10
-595
20
1848
30
0
40
4.8999999999999995
0
CIRCLE
5
1029D
330
FEC5
100
AcDbEntity
100
AcDbCircle
8
KBL_FEEDER_7_8
10
-595
20
1848
30
0
40
3.08
0
LINE
5
1029E
330
FEC5
100
AcDbEntity
100
AcDbLine
8
KBL_FEEDER_7_8
10
-598.5
20
1848
30
0
11
-591.5
21
1848
31
0
0
LINE
5
1029F
330
FEC5
100
AcDbEntity
100
AcDbLine
8
KBL_FEEDER_7_8
10
-595
20
1844.5
30
0
11
-595
21
1851.5
31
0
0
CIRCLE
5
102A0
330
FEC5
100
AcDbEntity
100
AcDbCircle
8
KBL_FEEDER_7_8
10
-565
20
1764
30
0
40
14
0
CIRCLE
5
102A1
330
FEC5
100
AcDbEntity
100
AcDbCircle
8
KBL_FEEDER_7_8
10
-565
20
1764
30
0
40
12.32
0
CIRCLE
5
102A2
330
FEC5
100
AcDbEntity
100
AcDbCircle
8
KBL_FEEDER_7_8
10
-565
20
1764
30
0
40
10.08
0
CIRCLE
5
102A3
330
FEC5
100
AcDbEntity
100
AcDbCircle
8
KBL_FEEDER_7_8
10
-565
20
1764
30
0
40
4.8999999999999995
0
CIRCLE
5
102A4
330
FEC5
100
AcDbEntity
100
AcDbCircle
8
KBL_FEEDER_7_8
10
-565
20
1764
30
0
40
3.08
0
LINE
5
102A5
330
FEC5
100
AcDbEntity
100
AcDbLine
8
KBL_FEEDER_7_8
10
-568.5
20
1764
30
0
11
-561.5
21
1764
31
0
0
LINE
5
102A6
330
FEC5
100
AcDbEntity
100
AcDbLine
8
KBL_FEEDER_7_8
10
-565
20
1760.5
30
0
11
-565
21
1767.5
31
0
0
CIRCLE
5
102A7
330
FEC5
100
AcDbEntity
100
AcDbCircle
8
KBL_FEEDER_7_8
10
-565
20
1792
30
0
40
14
0
CIRCLE
5
102A8
330
FEC5
100
AcDbEntity
100
AcDbCircle
8
KBL_FEEDER_7_8
10
-565
20
1792
30
0
40
12.32
0
CIRCLE
5
102A9
330
FEC5
100
AcDbEntity
100
AcDbCircle
8
KBL_FEEDER_7_8
10
-565
20
1792
30
0
40
10.08
0
CIRCLE
5
102AA
330
FEC5
100
AcDbEntity
100
AcDbCircle
8
KBL_FEEDER_7_8
10
-565
20
1792
30
0
40
4.8999999999999995
0
CIRCLE
5
102AB
330
FEC5
100
AcDbEntity
100
AcDbCircle
8
KBL_FEEDER_7_8
10
-565
20
1792
30
0
40
3.08
0
LINE
5
102AC
330
FEC5
100
AcDbEntity
100
AcDbLine
8
KBL_FEEDER_7_8
10
-568.5
20
1792
30
0
11
-561.5
21
1792
31
0
0
LINE
5
102AD
330
FEC5
100
AcDbEntity
100
AcDbLine
8
KBL_FEEDER_7_8
10
-565
20
1788.5
30
0
11
-565
21
1795.5
31
0
0
CIRCLE
5
102AE
330
FEC5
100
AcDbEntity
100
AcDbCircle
8
KBL_FEEDER_7_8
10
-565
20
1820
30
0
40
14
0
CIRCLE
5
102AF
330
FEC5
100
AcDbEntity
100
AcDbCircle
8
KBL_FEEDER_7_8
10
-565
20
1820
30
0
40
12.32
0
CIRCLE
5
102B0
330
FEC5
100
AcDbEntity
100
AcDbCircle
8
KBL_FEEDER_7_8
10
-565
20
1820
30
0
40
10.08
0
CIRCLE
5
102B1
330
FEC5
100
AcDbEntity
100
AcDbCircle
8
KBL_FEEDER_7_8
10
-565
20
1820
30
0
40
4.8999999999999995
0
CIRCLE
5
102B2
330
FEC5
100
AcDbEntity
100
AcDbCircle
8
KBL_FEEDER_7_8
10
-565
20
1820
30
0
40
3.08
0
LINE
5
102B3
330
FEC5
100
AcDbEntity
100
AcDbLine
8
KBL_FEEDER_7_8
10
-568.5
20
1820
30
0
11
-561.5
21
1820
31
0
0
LINE
5
102B4
330
FEC5
100
AcDbEntity
100
AcDbLine
8
KBL_FEEDER_7_8
10
-565
20
1816.5
30
0
11
-565
21
1823.5
31
0
0
CIRCLE
5
102B5
330
FEC5
100
AcDbEntity
100
AcDbCircle
8
KBL_FEEDER_7_8
10
-565
20
1848
30
0
40
14
0
CIRCLE
5
102B6
330
FEC5
100
AcDbEntity
100
AcDbCircle
8
KBL_FEEDER_7_8
10
-565
20
1848
30
0
40
12.32
0
CIRCLE
5
102B7
330
FEC5
100
AcDbEntity
100
AcDbCircle
8
KBL_FEEDER_7_8
10
-565
20
1848
30
0
40
10.08
0
CIRCLE
5
102B8
330
FEC5
100
AcDbEntity
100
AcDbCircle
8
KBL_FEEDER_7_8
10
-565
20
1848
30
0
40
4.8999999999999995
0
CIRCLE
5
102B9
330
FEC5
100
AcDbEntity
100
AcDbCircle
8
KBL_FEEDER_7_8
10
-565
20
1848
30
0
40
3.08
0
LINE
5
102BA
330
FEC5
100
AcDbEntity
100
AcDbLine
8
KBL_FEEDER_7_8
10
-568.5
20
1848
30
0
11
-561.5
21
1848
31
0
0
LINE
5
102BB
330
FEC5
100
AcDbEntity
100
AcDbLine
8
KBL_FEEDER_7_8
10
-565
20
1844.5
30
0
11
-565
21
1851.5
31
0
0
CIRCLE
5
102BC
330
FEC5
100
AcDbEntity
100
AcDbCircle
8
KBL_FEEDER_7_8
10
-535
20
1764
30
0
40
14
0
CIRCLE
5
102BD
330
FEC5
100
AcDbEntity
100
AcDbCircle
8
KBL_FEEDER_7_8
10
-535
20
1764
30
0
40
12.32
0
CIRCLE
5
102BE
330
FEC5
100
AcDbEntity
100
AcDbCircle
8
KBL_FEEDER_7_8
10
-535
20
1764
30
0
40
10.08
0
CIRCLE
5
102BF
330
FEC5
100
AcDbEntity
100
AcDbCircle
8
KBL_FEEDER_7_8
10
-535
20
1764
30
0
40
4.8999999999999995
0
CIRCLE
5
102C0
330
FEC5
100
AcDbEntity
100
AcDbCircle
8
KBL_FEEDER_7_8
10
-535
20
1764
30
0
40
3.08
0
LINE
5
102C1
330
FEC5
100
AcDbEntity
100
AcDbLine
8
KBL_FEEDER_7_8
10
-538.5
20
1764
30
0
11
-531.5
21
1764
31
0
0
LINE
5
102C2
330
FEC5
100
AcDbEntity
100
AcDbLine
8
KBL_FEEDER_7_8
10
-535
20
1760.5
30
0
11
-535
21
1767.5
31
0
0
CIRCLE
5
102C3
330
FEC5
100
AcDbEntity
100
AcDbCircle
8
KBL_FEEDER_7_8
10
-535
20
1792
30
0
40
14
0
CIRCLE
5
102C4
330
FEC5
100
AcDbEntity
100
AcDbCircle
8
KBL_FEEDER_7_8
10
-535
20
1792
30
0
40
12.32
0
CIRCLE
5
102C5
330
FEC5
100
AcDbEntity
100
AcDbCircle
8
KBL_FEEDER_7_8
10
-535
20
1792
30
0
40
10.08
0
CIRCLE
5
102C6
330
FEC5
100
AcDbEntity
100
AcDbCircle
8
KBL_FEEDER_7_8
10
-535
20
1792
30
0
40
4.8999999999999995
0
CIRCLE
5
102C7
330
FEC5
100
AcDbEntity
100
AcDbCircle
8
KBL_FEEDER_7_8
10
-535
20
1792
30
0
40
3.08
0
LINE
5
102C8
330
FEC5
100
AcDbEntity
100
AcDbLine
8
KBL_FEEDER_7_8
10
-538.5
20
1792
30
0
11
-531.5
21
1792
31
0
0
LINE
5
102C9
330
FEC5
100
AcDbEntity
100
AcDbLine
8
KBL_FEEDER_7_8
10
-535
20
1788.5
30
0
11
-535
21
1795.5
31
0
0
CIRCLE
5
102CA
330
FEC5
100
AcDbEntity
100
AcDbCircle
8
KBL_FEEDER_7_8
10
-535
20
1820
30
0
40
14
0
CIRCLE
5
102CB
330
FEC5
100
AcDbEntity
100
AcDbCircle
8
KBL_FEEDER_7_8
10
-535
20
1820
30
0
40
12.32
0
CIRCLE
5
102CC
330
FEC5
100
AcDbEntity
100
AcDbCircle
8
KBL_FEEDER_7_8
10
-535
20
1820
30
0
40
10.08
0
CIRCLE
5
102CD
330
FEC5
100
AcDbEntity
100
AcDbCircle
8
KBL_FEEDER_7_8
10
-535
20
1820
30
0
40
4.8999999999999995
0
CIRCLE
5
102CE
330
FEC5
100
AcDbEntity
100
AcDbCircle
8
KBL_FEEDER_7_8
10
-535
20
1820
30
0
40
3.08
0
LINE
5
102CF
330
FEC5
100
AcDbEntity
100
AcDbLine
8
KBL_FEEDER_7_8
10
-538.5
20
1820
30
0
11
-531.5
21
1820
31
0
0
LINE
5
102D0
330
FEC5
100
AcDbEntity
100
AcDbLine
8
KBL_FEEDER_7_8
10
-535
20
1816.5
30
0
11
-535
21
1823.5
31
0
0
CIRCLE
5
102D1
330
FEC5
100
AcDbEntity
100
AcDbCircle
8
KBL_FEEDER_7_8
10
-535
20
1848
30
0
40
14
0
CIRCLE
5
102D2
330
FEC5
100
AcDbEntity
100
AcDbCircle
8
KBL_FEEDER_7_8
10
-535
20
1848
30
0
40
12.32
0
CIRCLE
5
102D3
330
FEC5
100
AcDbEntity
100
AcDbCircle
8
KBL_FEEDER_7_8
10
-535
20
1848
30
0
40
10.08
0
CIRCLE
5
102D4
330
FEC5
100
AcDbEntity
100
AcDbCircle
8
KBL_FEEDER_7_8
10
-535
20
1848
30
0
40
4.8999999999999995
0
CIRCLE
5
102D5
330
FEC5
100
AcDbEntity
100
AcDbCircle
8
KBL_FEEDER_7_8
10
-535
20
1848
30
0
40
3.08
0
LINE
5
102D6
330
FEC5
100
AcDbEntity
100
AcDbLine
8
KBL_FEEDER_7_8
10
-538.5
20
1848
30
0
11
-531.5
21
1848
31
0
0
LINE
5
102D7
330
FEC5
100
AcDbEntity
100
AcDbLine
8
KBL_FEEDER_7_8
10
-535
20
1844.5
30
0
11
-535
21
1851.5
31
0
0
CIRCLE
5
102D8
330
FEC5
100
AcDbEntity
100
AcDbCircle
8
KBL_FEEDER_7_8
10
-505
20
1764
30
0
40
14
0
CIRCLE
5
102D9
330
FEC5
100
AcDbEntity
100
AcDbCircle
8
KBL_FEEDER_7_8
10
-505
20
1764
30
0
40
12.32
0
CIRCLE
5
102DA
330
FEC5
100
AcDbEntity
100
AcDbCircle
8
KBL_FEEDER_7_8
10
-505
20
1764
30
0
40
10.08
0
CIRCLE
5
102DB
330
FEC5
100
AcDbEntity
100
AcDbCircle
8
KBL_FEEDER_7_8
10
-505
20
1764
30
0
40
4.8999999999999995
0
CIRCLE
5
102DC
330
FEC5
100
AcDbEntity
100
AcDbCircle
8
KBL_FEEDER_7_8
10
-505
20
1764
30
0
40
3.08
0
LINE
5
102DD
330
FEC5
100
AcDbEntity
100
AcDbLine
8
KBL_FEEDER_7_8
10
-508.5
20
1764
30
0
11
-501.5
21
1764
31
0
0
LINE
5
102DE
330
FEC5
100
AcDbEntity
100
AcDbLine
8
KBL_FEEDER_7_8
10
-505
20
1760.5
30
0
11
-505
21
1767.5
31
0
0
CIRCLE
5
102DF
330
FEC5
100
AcDbEntity
100
AcDbCircle
8
KBL_FEEDER_7_8
10
-505
20
1792
30
0
40
14
0
CIRCLE
5
102E0
330
FEC5
100
AcDbEntity
100
AcDbCircle
8
KBL_FEEDER_7_8
10
-505
20
1792
30
0
40
12.32
0
CIRCLE
5
102E1
330
FEC5
100
AcDbEntity
100
AcDbCircle
8
KBL_FEEDER_7_8
10
-505
20
1792
30
0
40
10.08
0
CIRCLE
5
102E2
330
FEC5
100
AcDbEntity
100
AcDbCircle
8
KBL_FEEDER_7_8
10
-505
20
1792
30
0
40
4.8999999999999995
0
CIRCLE
5
102E3
330
FEC5
100
AcDbEntity
100
AcDbCircle
8
KBL_FEEDER_7_8
10
-505
20
1792
30
0
40
3.08
0
LINE
5
102E4
330
FEC5
100
AcDbEntity
100
AcDbLine
8
KBL_FEEDER_7_8
10
-508.5
20
1792
30
0
11
-501.5
21
1792
31
0
0
LINE
5
102E5
330
FEC5
100
AcDbEntity
100
AcDbLine
8
KBL_FEEDER_7_8
10
-505
20
1788.5
30
0
11
-505
21
1795.5
31
0
0
CIRCLE
5
102E6
330
FEC5
100
AcDbEntity
100
AcDbCircle
8
KBL_FEEDER_7_8
10
-505
20
1820
30
0
40
14
0
CIRCLE
5
102E7
330
FEC5
100
AcDbEntity
100
AcDbCircle
8
KBL_FEEDER_7_8
10
-505
20
1820
30
0
40
12.32
0
CIRCLE
5
102E8
330
FEC5
100
AcDbEntity
100
AcDbCircle
8
KBL_FEEDER_7_8
10
-505
20
1820
30
0
40
10.08
0
CIRCLE
5
102E9
330
FEC5
100
AcDbEntity
100
AcDbCircle
8
KBL_FEEDER_7_8
10
-505
20
1820
30
0
40
4.8999999999999995
0
CIRCLE
5
102EA
330
FEC5
100
AcDbEntity
100
AcDbCircle
8
KBL_FEEDER_7_8
10
-505
20
1820
30
0
40
3.08
0
LINE
5
102EB
330
FEC5
100
AcDbEntity
100
AcDbLine
8
KBL_FEEDER_7_8
10
-508.5
20
1820
30
0
11
-501.5
21
1820
31
0
0
LINE
5
102EC
330
FEC5
100
AcDbEntity
100
AcDbLine
8
KBL_FEEDER_7_8
10
-505
20
1816.5
30
0
11
-505
21
1823.5
31
0
0
CIRCLE
5
102ED
330
FEC5
100
AcDbEntity
100
AcDbCircle
8
KBL_FEEDER_7_8
10
-505
20
1848
30
0
40
14
0
CIRCLE
5
102EE
330
FEC5
100
AcDbEntity
100
AcDbCircle
8
KBL_FEEDER_7_8
10
-505
20
1848
30
0
40
12.32
0
CIRCLE
5
102EF
330
FEC5
100
AcDbEntity
100
AcDbCircle
8
KBL_FEEDER_7_8
10
-505
20
1848
30
0
40
10.08
0
CIRCLE
5
102F0
330
FEC5
100
AcDbEntity
100
AcDbCircle
8
KBL_FEEDER_7_8
10
-505
20
1848
30
0
40
4.8999999999999995
0
CIRCLE
5
102F1
330
FEC5
100
AcDbEntity
100
AcDbCircle
8
KBL_FEEDER_7_8
10
-505
20
1848
30
0
40
3.08
0
LINE
5
102F2
330
FEC5
100
AcDbEntity
100
AcDbLine
8
KBL_FEEDER_7_8
10
-508.5
20
1848
30
0
11
-501.5
21
1848
31
0
0
LINE
5
102F3
330
FEC5
100
AcDbEntity
100
AcDbLine
8
KBL_FEEDER_7_8
10
-505
20
1844.5
30
0
11
-505
21
1851.5
31
0
0
CIRCLE
5
1038C
330
FEC5
100
AcDbEntity
100
AcDbCircle
8
KBL_FEEDER_7_8
10
-775
20
1264
30
0
40
14
0
CIRCLE
5
1038D
330
FEC5
100
AcDbEntity
100
AcDbCircle
8
KBL_FEEDER_7_8
10
-775
20
1264
30
0
40
12.32
0
CIRCLE
5
1038E
330
FEC5
100
AcDbEntity
100
AcDbCircle
8
KBL_FEEDER_7_8
10
-775
20
1264
30
0
40
10.08
0
CIRCLE
5
1038F
330
FEC5
100
AcDbEntity
100
AcDbCircle
8
KBL_FEEDER_7_8
10
-775
20
1264
30
0
40
4.8999999999999995
0
CIRCLE
5
10390
330
FEC5
100
AcDbEntity
100
AcDbCircle
8
KBL_FEEDER_7_8
10
-775
20
1264
30
0
40
3.08
0
LINE
5
10391
330
FEC5
100
AcDbEntity
100
AcDbLine
8
KBL_FEEDER_7_8
10
-778.5
20
1264
30
0
11
-771.5
21
1264
31
0
0
LINE
5
10392
330
FEC5
100
AcDbEntity
100
AcDbLine
8
KBL_FEEDER_7_8
10
-775
20
1260.5
30
0
11
-775
21
1267.5
31
0
0
CIRCLE
5
10393
330
FEC5
100
AcDbEntity
100
AcDbCircle
8
KBL_FEEDER_7_8
10
-775
20
1292
30
0
40
14
0
CIRCLE
5
10394
330
FEC5
100
AcDbEntity
100
AcDbCircle
8
KBL_FEEDER_7_8
10
-775
20
1292
30
0
40
12.32
0
CIRCLE
5
10395
330
FEC5
100
AcDbEntity
100
AcDbCircle
8
KBL_FEEDER_7_8
10
-775
20
1292
30
0
40
10.08
0
CIRCLE
5
10396
330
FEC5
100
AcDbEntity
100
AcDbCircle
8
KBL_FEEDER_7_8
10
-775
20
1292
30
0
40
4.8999999999999995
0
CIRCLE
5
10397
330
FEC5
100
AcDbEntity
100
AcDbCircle
8
KBL_FEEDER_7_8
10
-775
20
1292
30
0
40
3.08
0
LINE
5
10398
330
FEC5
100
AcDbEntity
100
AcDbLine
8
KBL_FEEDER_7_8
10
-778.5
20
1292
30
0
11
-771.5
21
1292
31
0
0
LINE
5
10399
330
FEC5
100
AcDbEntity
100
AcDbLine
8
KBL_FEEDER_7_8
10
-775
20
1288.5
30
0
11
-775
21
1295.5
31
0
0
CIRCLE
5
1039A
330
FEC5
100
AcDbEntity
100
AcDbCircle
8
KBL_FEEDER_7_8
10
-775
20
1320
30
0
40
14
0
CIRCLE
5
1039B
330
FEC5
100
AcDbEntity
100
AcDbCircle
8
KBL_FEEDER_7_8
10
-775
20
1320
30
0
40
12.32
0
CIRCLE
5
1039C
330
FEC5
100
AcDbEntity
100
AcDbCircle
8
KBL_FEEDER_7_8
10
-775
20
1320
30
0
40
10.08
0
CIRCLE
5
1039D
330
FEC5
100
AcDbEntity
100
AcDbCircle
8
KBL_FEEDER_7_8
10
-775
20
1320
30
0
40
4.8999999999999995
0
CIRCLE
5
1039E
330
FEC5
100
AcDbEntity
100
AcDbCircle
8
KBL_FEEDER_7_8
10
-775
20
1320
30
0
40
3.08
0
LINE
5
1039F
330
FEC5
100
AcDbEntity
100
AcDbLine
8
KBL_FEEDER_7_8
10
-778.5
20
1320
30
0
11
-771.5
21
1320
31
0
0
LINE
5
103A0
330
FEC5
100
AcDbEntity
100
AcDbLine
8
KBL_FEEDER_7_8
10
-775
20
1316.5
30
0
11
-775
21
1323.5
31
0
0
CIRCLE
5
103A1
330
FEC5
100
AcDbEntity
100
AcDbCircle
8
KBL_FEEDER_7_8
10
-775
20
1348
30
0
40
14
0
CIRCLE
5
103A2
330
FEC5
100
AcDbEntity
100
AcDbCircle
8
KBL_FEEDER_7_8
10
-775
20
1348
30
0
40
12.32
0
CIRCLE
5
103A3
330
FEC5
100
AcDbEntity
100
AcDbCircle
8
KBL_FEEDER_7_8
10
-775
20
1348
30
0
40
10.08
0
CIRCLE
5
103A4
330
FEC5
100
AcDbEntity
100
AcDbCircle
8
KBL_FEEDER_7_8
10
-775
20
1348
30
0
40
4.8999999999999995
0
CIRCLE
5
103A5
330
FEC5
100
AcDbEntity
100
AcDbCircle
8
KBL_FEEDER_7_8
10
-775
20
1348
30
0
40
3.08
0
LINE
5
103A6
330
FEC5
100
AcDbEntity
100
AcDbLine
8
KBL_FEEDER_7_8
10
-778.5
20
1348
30
0
11
-771.5
21
1348
31
0
0
LINE
5
103A7
330
FEC5
100
AcDbEntity
100
AcDbLine
8
KBL_FEEDER_7_8
10
-775
20
1344.5
30
0
11
-775
21
1351.5
31
0
0
CIRCLE
5
103A8
330
FEC5
100
AcDbEntity
100
AcDbCircle
8
KBL_FEEDER_7_8
10
-745
20
1264
30
0
40
14
0
CIRCLE
5
103A9
330
FEC5
100
AcDbEntity
100
AcDbCircle
8
KBL_FEEDER_7_8
10
-745
20
1264
30
0
40
12.32
0
CIRCLE
5
103AA
330
FEC5
100
AcDbEntity
100
AcDbCircle
8
KBL_FEEDER_7_8
10
-745
20
1264
30
0
40
10.08
0
CIRCLE
5
103AB
330
FEC5
100
AcDbEntity
100
AcDbCircle
8
KBL_FEEDER_7_8
10
-745
20
1264
30
0
40
4.8999999999999995
0
CIRCLE
5
103AC
330
FEC5
100
AcDbEntity
100
AcDbCircle
8
KBL_FEEDER_7_8
10
-745
20
1264
30
0
40
3.08
0
LINE
5
103AD
330
FEC5
100
AcDbEntity
100
AcDbLine
8
KBL_FEEDER_7_8
10
-748.5
20
1264
30
0
11
-741.5
21
1264
31
0
0
LINE
5
103AE
330
FEC5
100
AcDbEntity
100
AcDbLine
8
KBL_FEEDER_7_8
10
-745
20
1260.5
30
0
11
-745
21
1267.5
31
0
0
CIRCLE
5
103AF
330
FEC5
100
AcDbEntity
100
AcDbCircle
8
KBL_FEEDER_7_8
10
-745
20
1292
30
0
40
14
0
CIRCLE
5
103B0
330
FEC5
100
AcDbEntity
100
AcDbCircle
8
KBL_FEEDER_7_8
10
-745
20
1292
30
0
40
12.32
0
CIRCLE
5
103B1
330
FEC5
100
AcDbEntity
100
AcDbCircle
8
KBL_FEEDER_7_8
10
-745
20
1292
30
0
40
10.08
0
CIRCLE
5
103B2
330
FEC5
100
AcDbEntity
100
AcDbCircle
8
KBL_FEEDER_7_8
10
-745
20
1292
30
0
40
4.8999999999999995
0
CIRCLE
5
103B3
330
FEC5
100
AcDbEntity
100
AcDbCircle
8
KBL_FEEDER_7_8
10
-745
20
1292
30
0
40
3.08
0
LINE
5
103B4
330
FEC5
100
AcDbEntity
100
AcDbLine
8
KBL_FEEDER_7_8
10
-748.5
20
1292
30
0
11
-741.5
21
1292
31
0
0
LINE
5
103B5
330
FEC5
100
AcDbEntity
100
AcDbLine
8
KBL_FEEDER_7_8
10
-745
20
1288.5
30
0
11
-745
21
1295.5
31
0
0
CIRCLE
5
103B6
330
FEC5
100
AcDbEntity
100
AcDbCircle
8
KBL_FEEDER_7_8
10
-745
20
1320
30
0
40
14
0
CIRCLE
5
103B7
330
FEC5
100
AcDbEntity
100
AcDbCircle
8
KBL_FEEDER_7_8
10
-745
20
1320
30
0
40
12.32
0
CIRCLE
5
103B8
330
FEC5
100
AcDbEntity
100
AcDbCircle
8
KBL_FEEDER_7_8
10
-745
20
1320
30
0
40
10.08
0
CIRCLE
5
103B9
330
FEC5
100
AcDbEntity
100
AcDbCircle
8
KBL_FEEDER_7_8
10
-745
20
1320
30
0
40
4.8999999999999995
0
CIRCLE
5
103BA
330
FEC5
100
AcDbEntity
100
AcDbCircle
8
KBL_FEEDER_7_8
10
-745
20
1320
30
0
40
3.08
0
LINE
5
103BB
330
FEC5
100
AcDbEntity
100
AcDbLine
8
KBL_FEEDER_7_8
10
-748.5
20
1320
30
0
11
-741.5
21
1320
31
0
0
LINE
5
103BC
330
FEC5
100
AcDbEntity
100
AcDbLine
8
KBL_FEEDER_7_8
10
-745
20
1316.5
30
0
11
-745
21
1323.5
31
0
0
CIRCLE
5
103BD
330
FEC5
100
AcDbEntity
100
AcDbCircle
8
KBL_FEEDER_7_8
10
-745
20
1348
30
0
40
14
0
CIRCLE
5
103BE
330
FEC5
100
AcDbEntity
100
AcDbCircle
8
KBL_FEEDER_7_8
10
-745
20
1348
30
0
40
12.32
0
CIRCLE
5
103BF
330
FEC5
100
AcDbEntity
100
AcDbCircle
8
KBL_FEEDER_7_8
10
-745
20
1348
30
0
40
10.08
0
CIRCLE
5
103C0
330
FEC5
100
AcDbEntity
100
AcDbCircle
8
KBL_FEEDER_7_8
10
-745
20
1348
30
0
40
4.8999999999999995
0
CIRCLE
5
103C1
330
FEC5
100
AcDbEntity
100
AcDbCircle
8
KBL_FEEDER_7_8
10
-745
20
1348
30
0
40
3.08
0
LINE
5
103C2
330
FEC5
100
AcDbEntity
100
AcDbLine
8
KBL_FEEDER_7_8
10
-748.5
20
1348
30
0
11
-741.5
21
1348
31
0
0
LINE
5
103C3
330
FEC5
100
AcDbEntity
100
AcDbLine
8
KBL_FEEDER_7_8
10
-745
20
1344.5
30
0
11
-745
21
1351.5
31
0
0
CIRCLE
5
103C4
330
FEC5
100
AcDbEntity
100
AcDbCircle
8
KBL_FEEDER_7_8
10
-715
20
1264
30
0
40
14
0
CIRCLE
5
103C5
330
FEC5
100
AcDbEntity
100
AcDbCircle
8
KBL_FEEDER_7_8
10
-715
20
1264
30
0
40
12.32
0
CIRCLE
5
103C6
330
FEC5
100
AcDbEntity
100
AcDbCircle
8
KBL_FEEDER_7_8
10
-715
20
1264
30
0
40
10.08
0
CIRCLE
5
103C7
330
FEC5
100
AcDbEntity
100
AcDbCircle
8
KBL_FEEDER_7_8
10
-715
20
1264
30
0
40
4.8999999999999995
0
CIRCLE
5
103C8
330
FEC5
100
AcDbEntity
100
AcDbCircle
8
KBL_FEEDER_7_8
10
-715
20
1264
30
0
40
3.08
0
LINE
5
103C9
330
FEC5
100
AcDbEntity
100
AcDbLine
8
KBL_FEEDER_7_8
10
-718.5
20
1264
30
0
11
-711.5
21
1264
31
0
0
LINE
5
103CA
330
FEC5
100
AcDbEntity
100
AcDbLine
8
KBL_FEEDER_7_8
10
-715
20
1260.5
30
0
11
-715
21
1267.5
31
0
0
CIRCLE
5
103CB
330
FEC5
100
AcDbEntity
100
AcDbCircle
8
KBL_FEEDER_7_8
10
-715
20
1292
30
0
40
14
0
CIRCLE
5
103CC
330
FEC5
100
AcDbEntity
100
AcDbCircle
8
KBL_FEEDER_7_8
10
-715
20
1292
30
0
40
12.32
0
CIRCLE
5
103CD
330
FEC5
100
AcDbEntity
100
AcDbCircle
8
KBL_FEEDER_7_8
10
-715
20
1292
30
0
40
10.08
0
CIRCLE
5
103CE
330
FEC5
100
AcDbEntity
100
AcDbCircle
8
KBL_FEEDER_7_8
10
-715
20
1292
30
0
40
4.8999999999999995
0
CIRCLE
5
103CF
330
FEC5
100
AcDbEntity
100
AcDbCircle
8
KBL_FEEDER_7_8
10
-715
20
1292
30
0
40
3.08
0
LINE
5
103D0
330
FEC5
100
AcDbEntity
100
AcDbLine
8
KBL_FEEDER_7_8
10
-718.5
20
1292
30
0
11
-711.5
21
1292
31
0
0
LINE
5
103D1
330
FEC5
100
AcDbEntity
100
AcDbLine
8
KBL_FEEDER_7_8
10
-715
20
1288.5
30
0
11
-715
21
1295.5
31
0
0
CIRCLE
5
103D2
330
FEC5
100
AcDbEntity
100
AcDbCircle
8
KBL_FEEDER_7_8
10
-715
20
1320
30
0
40
14
0
CIRCLE
5
103D3
330
FEC5
100
AcDbEntity
100
AcDbCircle
8
KBL_FEEDER_7_8
10
-715
20
1320
30
0
40
12.32
0
CIRCLE
5
103D4
330
FEC5
100
AcDbEntity
100
AcDbCircle
8
KBL_FEEDER_7_8
10
-715
20
1320
30
0
40
10.08
0
CIRCLE
5
103D5
330
FEC5
100
AcDbEntity
100
AcDbCircle
8
KBL_FEEDER_7_8
10
-715
20
1320
30
0
40
4.8999999999999995
0
CIRCLE
5
103D6
330
FEC5
100
AcDbEntity
100
AcDbCircle
8
KBL_FEEDER_7_8
10
-715
20
1320
30
0
40
3.08
0
LINE
5
103D7
330
FEC5
100
AcDbEntity
100
AcDbLine
8
KBL_FEEDER_7_8
10
-718.5
20
1320
30
0
11
-711.5
21
1320
31
0
0
LINE
5
103D8
330
FEC5
100
AcDbEntity
100
AcDbLine
8
KBL_FEEDER_7_8
10
-715
20
1316.5
30
0
11
-715
21
1323.5
31
0
0
CIRCLE
5
103D9
330
FEC5
100
AcDbEntity
100
AcDbCircle
8
KBL_FEEDER_7_8
10
-715
20
1348
30
0
40
14
0
CIRCLE
5
103DA
330
FEC5
100
AcDbEntity
100
AcDbCircle
8
KBL_FEEDER_7_8
10
-715
20
1348
30
0
40
12.32
0
CIRCLE
5
103DB
330
FEC5
100
AcDbEntity
100
AcDbCircle
8
KBL_FEEDER_7_8
10
-715
20
1348
30
0
40
10.08
0
CIRCLE
5
103DC
330
FEC5
100
AcDbEntity
100
AcDbCircle
8
KBL_FEEDER_7_8
10
-715
20
1348
30
0
40
4.8999999999999995
0
CIRCLE
5
103DD
330
FEC5
100
AcDbEntity
100
AcDbCircle
8
KBL_FEEDER_7_8
10
-715
20
1348
30
0
40
3.08
0
LINE
5
103DE
330
FEC5
100
AcDbEntity
100
AcDbLine
8
KBL_FEEDER_7_8
10
-718.5
20
1348
30
0
11
-711.5
21
1348
31
0
0
LINE
5
103DF
330
FEC5
100
AcDbEntity
100
AcDbLine
8
KBL_FEEDER_7_8
10
-715
20
1344.5
30
0
11
-715
21
1351.5
31
0
0
CIRCLE
5
103E0
330
FEC5
100
AcDbEntity
100
AcDbCircle
8
KBL_FEEDER_7_8
10
-685
20
1264
30
0
40
14
0
CIRCLE
5
103E1
330
FEC5
100
AcDbEntity
100
AcDbCircle
8
KBL_FEEDER_7_8
10
-685
20
1264
30
0
40
12.32
0
CIRCLE
5
103E2
330
FEC5
100
AcDbEntity
100
AcDbCircle
8
KBL_FEEDER_7_8
10
-685
20
1264
30
0
40
10.08
0
CIRCLE
5
103E3
330
FEC5
100
AcDbEntity
100
AcDbCircle
8
KBL_FEEDER_7_8
10
-685
20
1264
30
0
40
4.8999999999999995
0
CIRCLE
5
103E4
330
FEC5
100
AcDbEntity
100
AcDbCircle
8
KBL_FEEDER_7_8
10
-685
20
1264
30
0
40
3.08
0
LINE
5
103E5
330
FEC5
100
AcDbEntity
100
AcDbLine
8
KBL_FEEDER_7_8
10
-688.5
20
1264
30
0
11
-681.5
21
1264
31
0
0
LINE
5
103E6
330
FEC5
100
AcDbEntity
100
AcDbLine
8
KBL_FEEDER_7_8
10
-685
20
1260.5
30
0
11
-685
21
1267.5
31
0
0
CIRCLE
5
103E7
330
FEC5
100
AcDbEntity
100
AcDbCircle
8
KBL_FEEDER_7_8
10
-685
20
1292
30
0
40
14
0
CIRCLE
5
103E8
330
FEC5
100
AcDbEntity
100
AcDbCircle
8
KBL_FEEDER_7_8
10
-685
20
1292
30
0
40
12.32
0
CIRCLE
5
103E9
330
FEC5
100
AcDbEntity
100
AcDbCircle
8
KBL_FEEDER_7_8
10
-685
20
1292
30
0
40
10.08
0
CIRCLE
5
103EA
330
FEC5
100
AcDbEntity
100
AcDbCircle
8
KBL_FEEDER_7_8
10
-685
20
1292
30
0
40
4.8999999999999995
0
CIRCLE
5
103EB
330
FEC5
100
AcDbEntity
100
AcDbCircle
8
KBL_FEEDER_7_8
10
-685
20
1292
30
0
40
3.08
0
LINE
5
103EC
330
FEC5
100
AcDbEntity
100
AcDbLine
8
KBL_FEEDER_7_8
10
-688.5
20
1292
30
0
11
-681.5
21
1292
31
0
0
LINE
5
103ED
330
FEC5
100
AcDbEntity
100
AcDbLine
8
KBL_FEEDER_7_8
10
-685
20
1288.5
30
0
11
-685
21
1295.5
31
0
0
CIRCLE
5
103EE
330
FEC5
100
AcDbEntity
100
AcDbCircle
8
KBL_FEEDER_7_8
10
-685
20
1320
30
0
40
14
0
CIRCLE
5
103EF
330
FEC5
100
AcDbEntity
100
AcDbCircle
8
KBL_FEEDER_7_8
10
-685
20
1320
30
0
40
12.32
0
CIRCLE
5
103F0
330
FEC5
100
AcDbEntity
100
AcDbCircle
8
KBL_FEEDER_7_8
10
-685
20
1320
30
0
40
10.08
0
CIRCLE
5
103F1
330
FEC5
100
AcDbEntity
100
AcDbCircle
8
KBL_FEEDER_7_8
10
-685
20
1320
30
0
40
4.8999999999999995
0
CIRCLE
5
103F2
330
FEC5
100
AcDbEntity
100
AcDbCircle
8
KBL_FEEDER_7_8
10
-685
20
1320
30
0
40
3.08
0
LINE
5
103F3
330
FEC5
100
AcDbEntity
100
AcDbLine
8
KBL_FEEDER_7_8
10
-688.5
20
1320
30
0
11
-681.5
21
1320
31
0
0
LINE
5
103F4
330
FEC5
100
AcDbEntity
100
AcDbLine
8
KBL_FEEDER_7_8
10
-685
20
1316.5
30
0
11
-685
21
1323.5
31
0
0
CIRCLE
5
103F5
330
FEC5
100
AcDbEntity
100
AcDbCircle
8
KBL_FEEDER_7_8
10
-685
20
1348
30
0
40
14
0
CIRCLE
5
103F6
330
FEC5
100
AcDbEntity
100
AcDbCircle
8
KBL_FEEDER_7_8
10
-685
20
1348
30
0
40
12.32
0
CIRCLE
5
103F7
330
FEC5
100
AcDbEntity
100
AcDbCircle
8
KBL_FEEDER_7_8
10
-685
20
1348
30
0
40
10.08
0
CIRCLE
5
103F8
330
FEC5
100
AcDbEntity
100
AcDbCircle
8
KBL_FEEDER_7_8
10
-685
20
1348
30
0
40
4.8999999999999995
0
CIRCLE
5
103F9
330
FEC5
100
AcDbEntity
100
AcDbCircle
8
KBL_FEEDER_7_8
10
-685
20
1348
30
0
40
3.08
0
LINE
5
103FA
330
FEC5
100
AcDbEntity
100
AcDbLine
8
KBL_FEEDER_7_8
10
-688.5
20
1348
30
0
11
-681.5
21
1348
31
0
0
LINE
5
103FB
330
FEC5
100
AcDbEntity
100
AcDbLine
8
KBL_FEEDER_7_8
10
-685
20
1344.5
30
0
11
-685
21
1351.5
31
0
0
CIRCLE
5
103FC
330
FEC5
100
AcDbEntity
100
AcDbCircle
8
KBL_FEEDER_7_8
10
-655
20
1264
30
0
40
14
0
CIRCLE
5
103FD
330
FEC5
100
AcDbEntity
100
AcDbCircle
8
KBL_FEEDER_7_8
10
-655
20
1264
30
0
40
12.32
0
CIRCLE
5
103FE
330
FEC5
100
AcDbEntity
100
AcDbCircle
8
KBL_FEEDER_7_8
10
-655
20
1264
30
0
40
10.08
0
CIRCLE
5
103FF
330
FEC5
100
AcDbEntity
100
AcDbCircle
8
KBL_FEEDER_7_8
10
-655
20
1264
30
0
40
4.8999999999999995
0
CIRCLE
5
10400
330
FEC5
100
AcDbEntity
100
AcDbCircle
8
KBL_FEEDER_7_8
10
-655
20
1264
30
0
40
3.08
0
LINE
5
10401
330
FEC5
100
AcDbEntity
100
AcDbLine
8
KBL_FEEDER_7_8
10
-658.5
20
1264
30
0
11
-651.5
21
1264
31
0
0
LINE
5
10402
330
FEC5
100
AcDbEntity
100
AcDbLine
8
KBL_FEEDER_7_8
10
-655
20
1260.5
30
0
11
-655
21
1267.5
31
0
0
CIRCLE
5
10403
330
FEC5
100
AcDbEntity
100
AcDbCircle
8
KBL_FEEDER_7_8
10
-655
20
1292
30
0
40
14
0
CIRCLE
5
10404
330
FEC5
100
AcDbEntity
100
AcDbCircle
8
KBL_FEEDER_7_8
10
-655
20
1292
30
0
40
12.32
0
CIRCLE
5
10405
330
FEC5
100
AcDbEntity
100
AcDbCircle
8
KBL_FEEDER_7_8
10
-655
20
1292
30
0
40
10.08
0
CIRCLE
5
10406
330
FEC5
100
AcDbEntity
100
AcDbCircle
8
KBL_FEEDER_7_8
10
-655
20
1292
30
0
40
4.8999999999999995
0
CIRCLE
5
10407
330
FEC5
100
AcDbEntity
100
AcDbCircle
8
KBL_FEEDER_7_8
10
-655
20
1292
30
0
40
3.08
0
LINE
5
10408
330
FEC5
100
AcDbEntity
100
AcDbLine
8
KBL_FEEDER_7_8
10
-658.5
20
1292
30
0
11
-651.5
21
1292
31
0
0
LINE
5
10409
330
FEC5
100
AcDbEntity
100
AcDbLine
8
KBL_FEEDER_7_8
10
-655
20
1288.5
30
0
11
-655
21
1295.5
31
0
0
CIRCLE
5
1040A
330
FEC5
100
AcDbEntity
100
AcDbCircle
8
KBL_FEEDER_7_8
10
-655
20
1320
30
0
40
14
0
CIRCLE
5
1040B
330
FEC5
100
AcDbEntity
100
AcDbCircle
8
KBL_FEEDER_7_8
10
-655
20
1320
30
0
40
12.32
0
CIRCLE
5
1040C
330
FEC5
100
AcDbEntity
100
AcDbCircle
8
KBL_FEEDER_7_8
10
-655
20
1320
30
0
40
10.08
0
CIRCLE
5
1040D
330
FEC5
100
AcDbEntity
100
AcDbCircle
8
KBL_FEEDER_7_8
10
-655
20
1320
30
0
40
4.8999999999999995
0
CIRCLE
5
1040E
330
FEC5
100
AcDbEntity
100
AcDbCircle
8
KBL_FEEDER_7_8
10
-655
20
1320
30
0
40
3.08
0
LINE
5
1040F
330
FEC5
100
AcDbEntity
100
AcDbLine
8
KBL_FEEDER_7_8
10
-658.5
20
1320
30
0
11
-651.5
21
1320
31
0
0
LINE
5
10410
330
FEC5
100
AcDbEntity
100
AcDbLine
8
KBL_FEEDER_7_8
10
-655
20
1316.5
30
0
11
-655
21
1323.5
31
0
0
CIRCLE
5
10411
330
FEC5
100
AcDbEntity
100
AcDbCircle
8
KBL_FEEDER_7_8
10
-655
20
1348
30
0
40
14
0
CIRCLE
5
10412
330
FEC5
100
AcDbEntity
100
AcDbCircle
8
KBL_FEEDER_7_8
10
-655
20
1348
30
0
40
12.32
0
CIRCLE
5
10413
330
FEC5
100
AcDbEntity
100
AcDbCircle
8
KBL_FEEDER_7_8
10
-655
20
1348
30
0
40
10.08
0
CIRCLE
5
10414
330
FEC5
100
AcDbEntity
100
AcDbCircle
8
KBL_FEEDER_7_8
10
-655
20
1348
30
0
40
4.8999999999999995
0
CIRCLE
5
10415
330
FEC5
100
AcDbEntity
100
AcDbCircle
8
KBL_FEEDER_7_8
10
-655
20
1348
30
0
40
3.08
0
LINE
5
10416
330
FEC5
100
AcDbEntity
100
AcDbLine
8
KBL_FEEDER_7_8
10
-658.5
20
1348
30
0
11
-651.5
21
1348
31
0
0
LINE
5
10417
330
FEC5
100
AcDbEntity
100
AcDbLine
8
KBL_FEEDER_7_8
10
-655
20
1344.5
30
0
11
-655
21
1351.5
31
0
0
CIRCLE
5
10418
330
FEC5
100
AcDbEntity
100
AcDbCircle
8
KBL_FEEDER_7_8
10
-625
20
1264
30
0
40
14
0
CIRCLE
5
10419
330
FEC5
100
AcDbEntity
100
AcDbCircle
8
KBL_FEEDER_7_8
10
-625
20
1264
30
0
40
12.32
0
CIRCLE
5
1041A
330
FEC5
100
AcDbEntity
100
AcDbCircle
8
KBL_FEEDER_7_8
10
-625
20
1264
30
0
40
10.08
0
CIRCLE
5
1041B
330
FEC5
100
AcDbEntity
100
AcDbCircle
8
KBL_FEEDER_7_8
10
-625
20
1264
30
0
40
4.8999999999999995
0
CIRCLE
5
1041C
330
FEC5
100
AcDbEntity
100
AcDbCircle
8
KBL_FEEDER_7_8
10
-625
20
1264
30
0
40
3.08
0
LINE
5
1041D
330
FEC5
100
AcDbEntity
100
AcDbLine
8
KBL_FEEDER_7_8
10
-628.5
20
1264
30
0
11
-621.5
21
1264
31
0
0
LINE
5
1041E
330
FEC5
100
AcDbEntity
100
AcDbLine
8
KBL_FEEDER_7_8
10
-625
20
1260.5
30
0
11
-625
21
1267.5
31
0
0
CIRCLE
5
1041F
330
FEC5
100
AcDbEntity
100
AcDbCircle
8
KBL_FEEDER_7_8
10
-625
20
1292
30
0
40
14
0
CIRCLE
5
10420
330
FEC5
100
AcDbEntity
100
AcDbCircle
8
KBL_FEEDER_7_8
10
-625
20
1292
30
0
40
12.32
0
CIRCLE
5
10421
330
FEC5
100
AcDbEntity
100
AcDbCircle
8
KBL_FEEDER_7_8
10
-625
20
1292
30
0
40
10.08
0
CIRCLE
5
10422
330
FEC5
100
AcDbEntity
100
AcDbCircle
8
KBL_FEEDER_7_8
10
-625
20
1292
30
0
40
4.8999999999999995
0
CIRCLE
5
10423
330
FEC5
100
AcDbEntity
100
AcDbCircle
8
KBL_FEEDER_7_8
10
-625
20
1292
30
0
40
3.08
0
LINE
5
10424
330
FEC5
100
AcDbEntity
100
AcDbLine
8
KBL_FEEDER_7_8
10
-628.5
20
1292
30
0
11
-621.5
21
1292
31
0
0
LINE
5
10425
330
FEC5
100
AcDbEntity
100
AcDbLine
8
KBL_FEEDER_7_8
10
-625
20
1288.5
30
0
11
-625
21
1295.5
31
0
0
CIRCLE
5
10426
330
FEC5
100
AcDbEntity
100
AcDbCircle
8
KBL_FEEDER_7_8
10
-625
20
1320
30
0
40
14
0
CIRCLE
5
10427
330
FEC5
100
AcDbEntity
100
AcDbCircle
8
KBL_FEEDER_7_8
10
-625
20
1320
30
0
40
12.32
0
CIRCLE
5
10428
330
FEC5
100
AcDbEntity
100
AcDbCircle
8
KBL_FEEDER_7_8
10
-625
20
1320
30
0
40
10.08
0
CIRCLE
5
10429
330
FEC5
100
AcDbEntity
100
AcDbCircle
8
KBL_FEEDER_7_8
10
-625
20
1320
30
0
40
4.8999999999999995
0
CIRCLE
5
1042A
330
FEC5
100
AcDbEntity
100
AcDbCircle
8
KBL_FEEDER_7_8
10
-625
20
1320
30
0
40
3.08
0
LINE
5
1042B
330
FEC5
100
AcDbEntity
100
AcDbLine
8
KBL_FEEDER_7_8
10
-628.5
20
1320
30
0
11
-621.5
21
1320
31
0
0
LINE
5
1042C
330
FEC5
100
AcDbEntity
100
AcDbLine
8
KBL_FEEDER_7_8
10
-625
20
1316.5
30
0
11
-625
21
1323.5
31
0
0
CIRCLE
5
1042D
330
FEC5
100
AcDbEntity
100
AcDbCircle
8
KBL_FEEDER_7_8
10
-625
20
1348
30
0
40
14
0
CIRCLE
5
1042E
330
FEC5
100
AcDbEntity
100
AcDbCircle
8
KBL_FEEDER_7_8
10
-625
20
1348
30
0
40
12.32
0
CIRCLE
5
1042F
330
FEC5
100
AcDbEntity
100
AcDbCircle
8
KBL_FEEDER_7_8
10
-625
20
1348
30
0
40
10.08
0
CIRCLE
5
10430
330
FEC5
100
AcDbEntity
100
AcDbCircle
8
KBL_FEEDER_7_8
10
-625
20
1348
30
0
40
4.8999999999999995
0
CIRCLE
5
10431
330
FEC5
100
AcDbEntity
100
AcDbCircle
8
KBL_FEEDER_7_8
10
-625
20
1348
30
0
40
3.08
0
LINE
5
10432
330
FEC5
100
AcDbEntity
100
AcDbLine
8
KBL_FEEDER_7_8
10
-628.5
20
1348
30
0
11
-621.5
21
1348
31
0
0
LINE
5
10433
330
FEC5
100
AcDbEntity
100
AcDbLine
8
KBL_FEEDER_7_8
10
-625
20
1344.5
30
0
11
-625
21
1351.5
31
0
0
CIRCLE
5
10434
330
FEC5
100
AcDbEntity
100
AcDbCircle
8
KBL_FEEDER_7_8
10
-595
20
1264
30
0
40
14
0
CIRCLE
5
10435
330
FEC5
100
AcDbEntity
100
AcDbCircle
8
KBL_FEEDER_7_8
10
-595
20
1264
30
0
40
12.32
0
CIRCLE
5
10436
330
FEC5
100
AcDbEntity
100
AcDbCircle
8
KBL_FEEDER_7_8
10
-595
20
1264
30
0
40
10.08
0
CIRCLE
5
10437
330
FEC5
100
AcDbEntity
100
AcDbCircle
8
KBL_FEEDER_7_8
10
-595
20
1264
30
0
40
4.8999999999999995
0
CIRCLE
5
10438
330
FEC5
100
AcDbEntity
100
AcDbCircle
8
KBL_FEEDER_7_8
10
-595
20
1264
30
0
40
3.08
0
LINE
5
10439
330
FEC5
100
AcDbEntity
100
AcDbLine
8
KBL_FEEDER_7_8
10
-598.5
20
1264
30
0
11
-591.5
21
1264
31
0
0
LINE
5
1043A
330
FEC5
100
AcDbEntity
100
AcDbLine
8
KBL_FEEDER_7_8
10
-595
20
1260.5
30
0
11
-595
21
1267.5
31
0
0
CIRCLE
5
1043B
330
FEC5
100
AcDbEntity
100
AcDbCircle
8
KBL_FEEDER_7_8
10
-595
20
1292
30
0
40
14
0
CIRCLE
5
1043C
330
FEC5
100
AcDbEntity
100
AcDbCircle
8
KBL_FEEDER_7_8
10
-595
20
1292
30
0
40
12.32
0
CIRCLE
5
1043D
330
FEC5
100
AcDbEntity
100
AcDbCircle
8
KBL_FEEDER_7_8
10
-595
20
1292
30
0
40
10.08
0
CIRCLE
5
1043E
330
FEC5
100
AcDbEntity
100
AcDbCircle
8
KBL_FEEDER_7_8
10
-595
20
1292
30
0
40
4.8999999999999995
0
CIRCLE
5
1043F
330
FEC5
100
AcDbEntity
100
AcDbCircle
8
KBL_FEEDER_7_8
10
-595
20
1292
30
0
40
3.08
0
LINE
5
10440
330
FEC5
100
AcDbEntity
100
AcDbLine
8
KBL_FEEDER_7_8
10
-598.5
20
1292
30
0
11
-591.5
21
1292
31
0
0
LINE
5
10441
330
FEC5
100
AcDbEntity
100
AcDbLine
8
KBL_FEEDER_7_8
10
-595
20
1288.5
30
0
11
-595
21
1295.5
31
0
0
CIRCLE
5
10442
330
FEC5
100
AcDbEntity
100
AcDbCircle
8
KBL_FEEDER_7_8
10
-595
20
1320
30
0
40
14
0
CIRCLE
5
10443
330
FEC5
100
AcDbEntity
100
AcDbCircle
8
KBL_FEEDER_7_8
10
-595
20
1320
30
0
40
12.32
0
CIRCLE
5
10444
330
FEC5
100
AcDbEntity
100
AcDbCircle
8
KBL_FEEDER_7_8
10
-595
20
1320
30
0
40
10.08
0
CIRCLE
5
10445
330
FEC5
100
AcDbEntity
100
AcDbCircle
8
KBL_FEEDER_7_8
10
-595
20
1320
30
0
40
4.8999999999999995
0
CIRCLE
5
10446
330
FEC5
100
AcDbEntity
100
AcDbCircle
8
KBL_FEEDER_7_8
10
-595
20
1320
30
0
40
3.08
0
LINE
5
10447
330
FEC5
100
AcDbEntity
100
AcDbLine
8
KBL_FEEDER_7_8
10
-598.5
20
1320
30
0
11
-591.5
21
1320
31
0
0
LINE
5
10448
330
FEC5
100
AcDbEntity
100
AcDbLine
8
KBL_FEEDER_7_8
10
-595
20
1316.5
30
0
11
-595
21
1323.5
31
0
0
CIRCLE
5
10449
330
FEC5
100
AcDbEntity
100
AcDbCircle
8
KBL_FEEDER_7_8
10
-595
20
1348
30
0
40
14
0
CIRCLE
5
1044A
330
FEC5
100
AcDbEntity
100
AcDbCircle
8
KBL_FEEDER_7_8
10
-595
20
1348
30
0
40
12.32
0
CIRCLE
5
1044B
330
FEC5
100
AcDbEntity
100
AcDbCircle
8
KBL_FEEDER_7_8
10
-595
20
1348
30
0
40
10.08
0
CIRCLE
5
1044C
330
FEC5
100
AcDbEntity
100
AcDbCircle
8
KBL_FEEDER_7_8
10
-595
20
1348
30
0
40
4.8999999999999995
0
CIRCLE
5
1044D
330
FEC5
100
AcDbEntity
100
AcDbCircle
8
KBL_FEEDER_7_8
10
-595
20
1348
30
0
40
3.08
0
LINE
5
1044E
330
FEC5
100
AcDbEntity
100
AcDbLine
8
KBL_FEEDER_7_8
10
-598.5
20
1348
30
0
11
-591.5
21
1348
31
0
0
LINE
5
1044F
330
FEC5
100
AcDbEntity
100
AcDbLine
8
KBL_FEEDER_7_8
10
-595
20
1344.5
30
0
11
-595
21
1351.5
31
0
0
CIRCLE
5
10450
330
FEC5
100
AcDbEntity
100
AcDbCircle
8
KBL_FEEDER_7_8
10
-565
20
1264
30
0
40
14
0
CIRCLE
5
10451
330
FEC5
100
AcDbEntity
100
AcDbCircle
8
KBL_FEEDER_7_8
10
-565
20
1264
30
0
40
12.32
0
CIRCLE
5
10452
330
FEC5
100
AcDbEntity
100
AcDbCircle
8
KBL_FEEDER_7_8
10
-565
20
1264
30
0
40
10.08
0
CIRCLE
5
10453
330
FEC5
100
AcDbEntity
100
AcDbCircle
8
KBL_FEEDER_7_8
10
-565
20
1264
30
0
40
4.8999999999999995
0
CIRCLE
5
10454
330
FEC5
100
AcDbEntity
100
AcDbCircle
8
KBL_FEEDER_7_8
10
-565
20
1264
30
0
40
3.08
0
LINE
5
10455
330
FEC5
100
AcDbEntity
100
AcDbLine
8
KBL_FEEDER_7_8
10
-568.5
20
1264
30
0
11
-561.5
21
1264
31
0
0
LINE
5
10456
330
FEC5
100
AcDbEntity
100
AcDbLine
8
KBL_FEEDER_7_8
10
-565
20
1260.5
30
0
11
-565
21
1267.5
31
0
0
CIRCLE
5
10457
330
FEC5
100
AcDbEntity
100
AcDbCircle
8
KBL_FEEDER_7_8
10
-565
20
1292
30
0
40
14
0
CIRCLE
5
10458
330
FEC5
100
AcDbEntity
100
AcDbCircle
8
KBL_FEEDER_7_8
10
-565
20
1292
30
0
40
12.32
0
CIRCLE
5
10459
330
FEC5
100
AcDbEntity
100
AcDbCircle
8
KBL_FEEDER_7_8
10
-565
20
1292
30
0
40
10.08
0
CIRCLE
5
1045A
330
FEC5
100
AcDbEntity
100
AcDbCircle
8
KBL_FEEDER_7_8
10
-565
20
1292
30
0
40
4.8999999999999995
0
CIRCLE
5
1045B
330
FEC5
100
AcDbEntity
100
AcDbCircle
8
KBL_FEEDER_7_8
10
-565
20
1292
30
0
40
3.08
0
LINE
5
1045C
330
FEC5
100
AcDbEntity
100
AcDbLine
8
KBL_FEEDER_7_8
10
-568.5
20
1292
30
0
11
-561.5
21
1292
31
0
0
LINE
5
1045D
330
FEC5
100
AcDbEntity
100
AcDbLine
8
KBL_FEEDER_7_8
10
-565
20
1288.5
30
0
11
-565
21
1295.5
31
0
0
CIRCLE
5
1045E
330
FEC5
100
AcDbEntity
100
AcDbCircle
8
KBL_FEEDER_7_8
10
-565
20
1320
30
0
40
14
0
CIRCLE
5
1045F
330
FEC5
100
AcDbEntity
100
AcDbCircle
8
KBL_FEEDER_7_8
10
-565
20
1320
30
0
40
12.32
0
CIRCLE
5
10460
330
FEC5
100
AcDbEntity
100
AcDbCircle
8
KBL_FEEDER_7_8
10
-565
20
1320
30
0
40
10.08
0
CIRCLE
5
10461
330
FEC5
100
AcDbEntity
100
AcDbCircle
8
KBL_FEEDER_7_8
10
-565
20
1320
30
0
40
4.8999999999999995
0
CIRCLE
5
10462
330
FEC5
100
AcDbEntity
100
AcDbCircle
8
KBL_FEEDER_7_8
10
-565
20
1320
30
0
40
3.08
0
LINE
5
10463
330
FEC5
100
AcDbEntity
100
AcDbLine
8
KBL_FEEDER_7_8
10
-568.5
20
1320
30
0
11
-561.5
21
1320
31
0
0
LINE
5
10464
330
FEC5
100
AcDbEntity
100
AcDbLine
8
KBL_FEEDER_7_8
10
-565
20
1316.5
30
0
11
-565
21
1323.5
31
0
0
CIRCLE
5
10465
330
FEC5
100
AcDbEntity
100
AcDbCircle
8
KBL_FEEDER_7_8
10
-565
20
1348
30
0
40
14
0
CIRCLE
5
10466
330
FEC5
100
AcDbEntity
100
AcDbCircle
8
KBL_FEEDER_7_8
10
-565
20
1348
30
0
40
12.32
0
CIRCLE
5
10467
330
FEC5
100
AcDbEntity
100
AcDbCircle
8
KBL_FEEDER_7_8
10
-565
20
1348
30
0
40
10.08
0
CIRCLE
5
10468
330
FEC5
100
AcDbEntity
100
AcDbCircle
8
KBL_FEEDER_7_8
10
-565
20
1348
30
0
40
4.8999999999999995
0
CIRCLE
5
10469
330
FEC5
100
AcDbEntity
100
AcDbCircle
8
KBL_FEEDER_7_8
10
-565
20
1348
30
0
40
3.08
0
LINE
5
1046A
330
FEC5
100
AcDbEntity
100
AcDbLine
8
KBL_FEEDER_7_8
10
-568.5
20
1348
30
0
11
-561.5
21
1348
31
0
0
LINE
5
1046B
330
FEC5
100
AcDbEntity
100
AcDbLine
8
KBL_FEEDER_7_8
10
-565
20
1344.5
30
0
11
-565
21
1351.5
31
0
0
CIRCLE
5
1046C
330
FEC5
100
AcDbEntity
100
AcDbCircle
8
KBL_FEEDER_7_8
10
-535
20
1264
30
0
40
14
0
CIRCLE
5
1046D
330
FEC5
100
AcDbEntity
100
AcDbCircle
8
KBL_FEEDER_7_8
10
-535
20
1264
30
0
40
12.32
0
CIRCLE
5
1046E
330
FEC5
100
AcDbEntity
100
AcDbCircle
8
KBL_FEEDER_7_8
10
-535
20
1264
30
0
40
10.08
0
CIRCLE
5
1046F
330
FEC5
100
AcDbEntity
100
AcDbCircle
8
KBL_FEEDER_7_8
10
-535
20
1264
30
0
40
4.8999999999999995
0
CIRCLE
5
10470
330
FEC5
100
AcDbEntity
100
AcDbCircle
8
KBL_FEEDER_7_8
10
-535
20
1264
30
0
40
3.08
0
LINE
5
10471
330
FEC5
100
AcDbEntity
100
AcDbLine
8
KBL_FEEDER_7_8
10
-538.5
20
1264
30
0
11
-531.5
21
1264
31
0
0
LINE
5
10472
330
FEC5
100
AcDbEntity
100
AcDbLine
8
KBL_FEEDER_7_8
10
-535
20
1260.5
30
0
11
-535
21
1267.5
31
0
0
CIRCLE
5
10473
330
FEC5
100
AcDbEntity
100
AcDbCircle
8
KBL_FEEDER_7_8
10
-535
20
1292
30
0
40
14
0
CIRCLE
5
10474
330
FEC5
100
AcDbEntity
100
AcDbCircle
8
KBL_FEEDER_7_8
10
-535
20
1292
30
0
40
12.32
0
CIRCLE
5
10475
330
FEC5
100
AcDbEntity
100
AcDbCircle
8
KBL_FEEDER_7_8
10
-535
20
1292
30
0
40
10.08
0
CIRCLE
5
10476
330
FEC5
100
AcDbEntity
100
AcDbCircle
8
KBL_FEEDER_7_8
10
-535
20
1292
30
0
40
4.8999999999999995
0
CIRCLE
5
10477
330
FEC5
100
AcDbEntity
100
AcDbCircle
8
KBL_FEEDER_7_8
10
-535
20
1292
30
0
40
3.08
0
LINE
5
10478
330
FEC5
100
AcDbEntity
100
AcDbLine
8
KBL_FEEDER_7_8
10
-538.5
20
1292
30
0
11
-531.5
21
1292
31
0
0
LINE
5
10479
330
FEC5
100
AcDbEntity
100
AcDbLine
8
KBL_FEEDER_7_8
10
-535
20
1288.5
30
0
11
-535
21
1295.5
31
0
0
CIRCLE
5
1047A
330
FEC5
100
AcDbEntity
100
AcDbCircle
8
KBL_FEEDER_7_8
10
-535
20
1320
30
0
40
14
0
CIRCLE
5
1047B
330
FEC5
100
AcDbEntity
100
AcDbCircle
8
KBL_FEEDER_7_8
10
-535
20
1320
30
0
40
12.32
0
CIRCLE
5
1047C
330
FEC5
100
AcDbEntity
100
AcDbCircle
8
KBL_FEEDER_7_8
10
-535
20
1320
30
0
40
10.08
0
CIRCLE
5
1047D
330
FEC5
100
AcDbEntity
100
AcDbCircle
8
KBL_FEEDER_7_8
10
-535
20
1320
30
0
40
4.8999999999999995
0
CIRCLE
5
1047E
330
FEC5
100
AcDbEntity
100
AcDbCircle
8
KBL_FEEDER_7_8
10
-535
20
1320
30
0
40
3.08
0
LINE
5
1047F
330
FEC5
100
AcDbEntity
100
AcDbLine
8
KBL_FEEDER_7_8
10
-538.5
20
1320
30
0
11
-531.5
21
1320
31
0
0
LINE
5
10480
330
FEC5
100
AcDbEntity
100
AcDbLine
8
KBL_FEEDER_7_8
10
-535
20
1316.5
30
0
11
-535
21
1323.5
31
0
0
CIRCLE
5
10481
330
FEC5
100
AcDbEntity
100
AcDbCircle
8
KBL_FEEDER_7_8
10
-535
20
1348
30
0
40
14
0
CIRCLE
5
10482
330
FEC5
100
AcDbEntity
100
AcDbCircle
8
KBL_FEEDER_7_8
10
-535
20
1348
30
0
40
12.32
0
CIRCLE
5
10483
330
FEC5
100
AcDbEntity
100
AcDbCircle
8
KBL_FEEDER_7_8
10
-535
20
1348
30
0
40
10.08
0
CIRCLE
5
10484
330
FEC5
100
AcDbEntity
100
AcDbCircle
8
KBL_FEEDER_7_8
10
-535
20
1348
30
0
40
4.8999999999999995
0
CIRCLE
5
10485
330
FEC5
100
AcDbEntity
100
AcDbCircle
8
KBL_FEEDER_7_8
10
-535
20
1348
30
0
40
3.08
0
LINE
5
10486
330
FEC5
100
AcDbEntity
100
AcDbLine
8
KBL_FEEDER_7_8
10
-538.5
20
1348
30
0
11
-531.5
21
1348
31
0
0
LINE
5
10487
330
FEC5
100
AcDbEntity
100
AcDbLine
8
KBL_FEEDER_7_8
10
-535
20
1344.5
30
0
11
-535
21
1351.5
31
0
0
CIRCLE
5
10488
330
FEC5
100
AcDbEntity
100
AcDbCircle
8
KBL_FEEDER_7_8
10
-505
20
1264
30
0
40
14
0
CIRCLE
5
10489
330
FEC5
100
AcDbEntity
100
AcDbCircle
8
KBL_FEEDER_7_8
10
-505
20
1264
30
0
40
12.32
0
CIRCLE
5
1048A
330
FEC5
100
AcDbEntity
100
AcDbCircle
8
KBL_FEEDER_7_8
10
-505
20
1264
30
0
40
10.08
0
CIRCLE
5
1048B
330
FEC5
100
AcDbEntity
100
AcDbCircle
8
KBL_FEEDER_7_8
10
-505
20
1264
30
0
40
4.8999999999999995
0
CIRCLE
5
1048C
330
FEC5
100
AcDbEntity
100
AcDbCircle
8
KBL_FEEDER_7_8
10
-505
20
1264
30
0
40
3.08
0
LINE
5
1048D
330
FEC5
100
AcDbEntity
100
AcDbLine
8
KBL_FEEDER_7_8
10
-508.5
20
1264
30
0
11
-501.5
21
1264
31
0
0
LINE
5
1048E
330
FEC5
100
AcDbEntity
100
AcDbLine
8
KBL_FEEDER_7_8
10
-505
20
1260.5
30
0
11
-505
21
1267.5
31
0
0
CIRCLE
5
1048F
330
FEC5
100
AcDbEntity
100
AcDbCircle
8
KBL_FEEDER_7_8
10
-505
20
1292
30
0
40
14
0
CIRCLE
5
10490
330
FEC5
100
AcDbEntity
100
AcDbCircle
8
KBL_FEEDER_7_8
10
-505
20
1292
30
0
40
12.32
0
CIRCLE
5
10491
330
FEC5
100
AcDbEntity
100
AcDbCircle
8
KBL_FEEDER_7_8
10
-505
20
1292
30
0
40
10.08
0
CIRCLE
5
10492
330
FEC5
100
AcDbEntity
100
AcDbCircle
8
KBL_FEEDER_7_8
10
-505
20
1292
30
0
40
4.8999999999999995
0
CIRCLE
5
10493
330
FEC5
100
AcDbEntity
100
AcDbCircle
8
KBL_FEEDER_7_8
10
-505
20
1292
30
0
40
3.08
0
LINE
5
10494
330
FEC5
100
AcDbEntity
100
AcDbLine
8
KBL_FEEDER_7_8
10
-508.5
20
1292
30
0
11
-501.5
21
1292
31
0
0
LINE
5
10495
330
FEC5
100
AcDbEntity
100
AcDbLine
8
KBL_FEEDER_7_8
10
-505
20
1288.5
30
0
11
-505
21
1295.5
31
0
0
CIRCLE
5
10496
330
FEC5
100
AcDbEntity
100
AcDbCircle
8
KBL_FEEDER_7_8
10
-505
20
1320
30
0
40
14
0
CIRCLE
5
10497
330
FEC5
100
AcDbEntity
100
AcDbCircle
8
KBL_FEEDER_7_8
10
-505
20
1320
30
0
40
12.32
0
CIRCLE
5
10498
330
FEC5
100
AcDbEntity
100
AcDbCircle
8
KBL_FEEDER_7_8
10
-505
20
1320
30
0
40
10.08
0
CIRCLE
5
10499
330
FEC5
100
AcDbEntity
100
AcDbCircle
8
KBL_FEEDER_7_8
10
-505
20
1320
30
0
40
4.8999999999999995
0
CIRCLE
5
1049A
330
FEC5
100
AcDbEntity
100
AcDbCircle
8
KBL_FEEDER_7_8
10
-505
20
1320
30
0
40
3.08
0
LINE
5
1049B
330
FEC5
100
AcDbEntity
100
AcDbLine
8
KBL_FEEDER_7_8
10
-508.5
20
1320
30
0
11
-501.5
21
1320
31
0
0
LINE
5
1049C
330
FEC5
100
AcDbEntity
100
AcDbLine
8
KBL_FEEDER_7_8
10
-505
20
1316.5
30
0
11
-505
21
1323.5
31
0
0
CIRCLE
5
1049D
330
FEC5
100
AcDbEntity
100
AcDbCircle
8
KBL_FEEDER_7_8
10
-505
20
1348
30
0
40
14
0
CIRCLE
5
1049E
330
FEC5
100
AcDbEntity
100
AcDbCircle
8
KBL_FEEDER_7_8
10
-505
20
1348
30
0
40
12.32
0
CIRCLE
5
1049F
330
FEC5
100
AcDbEntity
100
AcDbCircle
8
KBL_FEEDER_7_8
10
-505
20
1348
30
0
40
10.08
0
CIRCLE
5
104A0
330
FEC5
100
AcDbEntity
100
AcDbCircle
8
KBL_FEEDER_7_8
10
-505
20
1348
30
0
40
4.8999999999999995
0
CIRCLE
5
104A1
330
FEC5
100
AcDbEntity
100
AcDbCircle
8
KBL_FEEDER_7_8
10
-505
20
1348
30
0
40
3.08
0
LINE
5
104A2
330
FEC5
100
AcDbEntity
100
AcDbLine
8
KBL_FEEDER_7_8
10
-508.5
20
1348
30
0
11
-501.5
21
1348
31
0
0
LINE
5
104A3
330
FEC5
100
AcDbEntity
100
AcDbLine
8
KBL_FEEDER_7_8
10
-505
20
1344.5
30
0
11
-505
21
1351.5
31
0
0
CIRCLE
5
1076F
330
FEC5
100
AcDbEntity
100
AcDbCircle
8
KBL_FEEDER_7_8
10
-775
20
264
30
0
40
14
0
CIRCLE
5
10770
330
FEC5
100
AcDbEntity
100
AcDbCircle
8
KBL_FEEDER_7_8
10
-775
20
264
30
0
40
12.32
0
CIRCLE
5
10771
330
FEC5
100
AcDbEntity
100
AcDbCircle
8
KBL_FEEDER_7_8
10
-775
20
264
30
0
40
10.08
0
CIRCLE
5
10772
330
FEC5
100
AcDbEntity
100
AcDbCircle
8
KBL_FEEDER_7_8
10
-775
20
264
30
0
40
4.8999999999999995
0
CIRCLE
5
10773
330
FEC5
100
AcDbEntity
100
AcDbCircle
8
KBL_FEEDER_7_8
10
-775
20
264
30
0
40
3.08
0
LINE
5
10774
330
FEC5
100
AcDbEntity
100
AcDbLine
8
KBL_FEEDER_7_8
10
-778.5
20
264
30
0
11
-771.5
21
264
31
0
0
LINE
5
10775
330
FEC5
100
AcDbEntity
100
AcDbLine
8
KBL_FEEDER_7_8
10
-775
20
260.5
30
0
11
-775
21
267.5
31
0
0
CIRCLE
5
10776
330
FEC5
100
AcDbEntity
100
AcDbCircle
8
KBL_FEEDER_7_8
10
-775
20
292
30
0
40
14
0
CIRCLE
5
10777
330
FEC5
100
AcDbEntity
100
AcDbCircle
8
KBL_FEEDER_7_8
10
-775
20
292
30
0
40
12.32
0
CIRCLE
5
10778
330
FEC5
100
AcDbEntity
100
AcDbCircle
8
KBL_FEEDER_7_8
10
-775
20
292
30
0
40
10.08
0
CIRCLE
5
10779
330
FEC5
100
AcDbEntity
100
AcDbCircle
8
KBL_FEEDER_7_8
10
-775
20
292
30
0
40
4.8999999999999995
0
CIRCLE
5
1077A
330
FEC5
100
AcDbEntity
100
AcDbCircle
8
KBL_FEEDER_7_8
10
-775
20
292
30
0
40
3.08
0
LINE
5
1077B
330
FEC5
100
AcDbEntity
100
AcDbLine
8
KBL_FEEDER_7_8
10
-778.5
20
292
30
0
11
-771.5
21
292
31
0
0
LINE
5
1077C
330
FEC5
100
AcDbEntity
100
AcDbLine
8
KBL_FEEDER_7_8
10
-775
20
288.5
30
0
11
-775
21
295.5
31
0
0
CIRCLE
5
1077D
330
FEC5
100
AcDbEntity
100
AcDbCircle
8
KBL_FEEDER_7_8
10
-775
20
320
30
0
40
14
0
CIRCLE
5
1077E
330
FEC5
100
AcDbEntity
100
AcDbCircle
8
KBL_FEEDER_7_8
10
-775
20
320
30
0
40
12.32
0
CIRCLE
5
1077F
330
FEC5
100
AcDbEntity
100
AcDbCircle
8
KBL_FEEDER_7_8
10
-775
20
320
30
0
40
10.08
0
CIRCLE
5
10780
330
FEC5
100
AcDbEntity
100
AcDbCircle
8
KBL_FEEDER_7_8
10
-775
20
320
30
0
40
4.8999999999999995
0
CIRCLE
5
10781
330
FEC5
100
AcDbEntity
100
AcDbCircle
8
KBL_FEEDER_7_8
10
-775
20
320
30
0
40
3.08
0
LINE
5
10782
330
FEC5
100
AcDbEntity
100
AcDbLine
8
KBL_FEEDER_7_8
10
-778.5
20
320
30
0
11
-771.5
21
320
31
0
0
LINE
5
10783
330
FEC5
100
AcDbEntity
100
AcDbLine
8
KBL_FEEDER_7_8
10
-775
20
316.5
30
0
11
-775
21
323.5
31
0
0
CIRCLE
5
10784
330
FEC5
100
AcDbEntity
100
AcDbCircle
8
KBL_FEEDER_7_8
10
-775
20
348
30
0
40
14
0
CIRCLE
5
10785
330
FEC5
100
AcDbEntity
100
AcDbCircle
8
KBL_FEEDER_7_8
10
-775
20
348
30
0
40
12.32
0
CIRCLE
5
10786
330
FEC5
100
AcDbEntity
100
AcDbCircle
8
KBL_FEEDER_7_8
10
-775
20
348
30
0
40
10.08
0
CIRCLE
5
10787
330
FEC5
100
AcDbEntity
100
AcDbCircle
8
KBL_FEEDER_7_8
10
-775
20
348
30
0
40
4.8999999999999995
0
CIRCLE
5
10788
330
FEC5
100
AcDbEntity
100
AcDbCircle
8
KBL_FEEDER_7_8
10
-775
20
348
30
0
40
3.08
0
LINE
5
10789
330
FEC5
100
AcDbEntity
100
AcDbLine
8
KBL_FEEDER_7_8
10
-778.5
20
348
30
0
11
-771.5
21
348
31
0
0
LINE
5
1078A
330
FEC5
100
AcDbEntity
100
AcDbLine
8
KBL_FEEDER_7_8
10
-775
20
344.5
30
0
11
-775
21
351.5
31
0
0
CIRCLE
5
1078B
330
FEC5
100
AcDbEntity
100
AcDbCircle
8
KBL_FEEDER_7_8
10
-745
20
264
30
0
40
14
0
CIRCLE
5
1078C
330
FEC5
100
AcDbEntity
100
AcDbCircle
8
KBL_FEEDER_7_8
10
-745
20
264
30
0
40
12.32
0
CIRCLE
5
1078D
330
FEC5
100
AcDbEntity
100
AcDbCircle
8
KBL_FEEDER_7_8
10
-745
20
264
30
0
40
10.08
0
CIRCLE
5
1078E
330
FEC5
100
AcDbEntity
100
AcDbCircle
8
KBL_FEEDER_7_8
10
-745
20
264
30
0
40
4.8999999999999995
0
CIRCLE
5
1078F
330
FEC5
100
AcDbEntity
100
AcDbCircle
8
KBL_FEEDER_7_8
10
-745
20
264
30
0
40
3.08
0
LINE
5
10790
330
FEC5
100
AcDbEntity
100
AcDbLine
8
KBL_FEEDER_7_8
10
-748.5
20
264
30
0
11
-741.5
21
264
31
0
0
LINE
5
10791
330
FEC5
100
AcDbEntity
100
AcDbLine
8
KBL_FEEDER_7_8
10
-745
20
260.5
30
0
11
-745
21
267.5
31
0
0
CIRCLE
5
10792
330
FEC5
100
AcDbEntity
100
AcDbCircle
8
KBL_FEEDER_7_8
10
-745
20
292
30
0
40
14
0
CIRCLE
5
10793
330
FEC5
100
AcDbEntity
100
AcDbCircle
8
KBL_FEEDER_7_8
10
-745
20
292
30
0
40
12.32
0
CIRCLE
5
10794
330
FEC5
100
AcDbEntity
100
AcDbCircle
8
KBL_FEEDER_7_8
10
-745
20
292
30
0
40
10.08
0
CIRCLE
5
10795
330
FEC5
100
AcDbEntity
100
AcDbCircle
8
KBL_FEEDER_7_8
10
-745
20
292
30
0
40
4.8999999999999995
0
CIRCLE
5
10796
330
FEC5
100
AcDbEntity
100
AcDbCircle
8
KBL_FEEDER_7_8
10
-745
20
292
30
0
40
3.08
0
LINE
5
10797
330
FEC5
100
AcDbEntity
100
AcDbLine
8
KBL_FEEDER_7_8
10
-748.5
20
292
30
0
11
-741.5
21
292
31
0
0
LINE
5
10798
330
FEC5
100
AcDbEntity
100
AcDbLine
8
KBL_FEEDER_7_8
10
-745
20
288.5
30
0
11
-745
21
295.5
31
0
0
CIRCLE
5
10799
330
FEC5
100
AcDbEntity
100
AcDbCircle
8
KBL_FEEDER_7_8
10
-745
20
320
30
0
40
14
0
CIRCLE
5
1079A
330
FEC5
100
AcDbEntity
100
AcDbCircle
8
KBL_FEEDER_7_8
10
-745
20
320
30
0
40
12.32
0
CIRCLE
5
1079B
330
FEC5
100
AcDbEntity
100
AcDbCircle
8
KBL_FEEDER_7_8
10
-745
20
320
30
0
40
10.08
0
CIRCLE
5
1079C
330
FEC5
100
AcDbEntity
100
AcDbCircle
8
KBL_FEEDER_7_8
10
-745
20
320
30
0
40
4.8999999999999995
0
CIRCLE
5
1079D
330
FEC5
100
AcDbEntity
100
AcDbCircle
8
KBL_FEEDER_7_8
10
-745
20
320
30
0
40
3.08
0
LINE
5
1079E
330
FEC5
100
AcDbEntity
100
AcDbLine
8
KBL_FEEDER_7_8
10
-748.5
20
320
30
0
11
-741.5
21
320
31
0
0
LINE
5
1079F
330
FEC5
100
AcDbEntity
100
AcDbLine
8
KBL_FEEDER_7_8
10
-745
20
316.5
30
0
11
-745
21
323.5
31
0
0
CIRCLE
5
107A0
330
FEC5
100
AcDbEntity
100
AcDbCircle
8
KBL_FEEDER_7_8
10
-745
20
348
30
0
40
14
0
CIRCLE
5
107A1
330
FEC5
100
AcDbEntity
100
AcDbCircle
8
KBL_FEEDER_7_8
10
-745
20
348
30
0
40
12.32
0
CIRCLE
5
107A2
330
FEC5
100
AcDbEntity
100
AcDbCircle
8
KBL_FEEDER_7_8
10
-745
20
348
30
0
40
10.08
0
CIRCLE
5
107A3
330
FEC5
100
AcDbEntity
100
AcDbCircle
8
KBL_FEEDER_7_8
10
-745
20
348
30
0
40
4.8999999999999995
0
CIRCLE
5
107A4
330
FEC5
100
AcDbEntity
100
AcDbCircle
8
KBL_FEEDER_7_8
10
-745
20
348
30
0
40
3.08
0
LINE
5
107A5
330
FEC5
100
AcDbEntity
100
AcDbLine
8
KBL_FEEDER_7_8
10
-748.5
20
348
30
0
11
-741.5
21
348
31
0
0
LINE
5
107A6
330
FEC5
100
AcDbEntity
100
AcDbLine
8
KBL_FEEDER_7_8
10
-745
20
344.5
30
0
11
-745
21
351.5
31
0
0
CIRCLE
5
107A7
330
FEC5
100
AcDbEntity
100
AcDbCircle
8
KBL_FEEDER_7_8
10
-715
20
264
30
0
40
14
0
CIRCLE
5
107A8
330
FEC5
100
AcDbEntity
100
AcDbCircle
8
KBL_FEEDER_7_8
10
-715
20
264
30
0
40
12.32
0
CIRCLE
5
107A9
330
FEC5
100
AcDbEntity
100
AcDbCircle
8
KBL_FEEDER_7_8
10
-715
20
264
30
0
40
10.08
0
CIRCLE
5
107AA
330
FEC5
100
AcDbEntity
100
AcDbCircle
8
KBL_FEEDER_7_8
10
-715
20
264
30
0
40
4.8999999999999995
0
CIRCLE
5
107AB
330
FEC5
100
AcDbEntity
100
AcDbCircle
8
KBL_FEEDER_7_8
10
-715
20
264
30
0
40
3.08
0
LINE
5
107AC
330
FEC5
100
AcDbEntity
100
AcDbLine
8
KBL_FEEDER_7_8
10
-718.5
20
264
30
0
11
-711.5
21
264
31
0
0
LINE
5
107AD
330
FEC5
100
AcDbEntity
100
AcDbLine
8
KBL_FEEDER_7_8
10
-715
20
260.5
30
0
11
-715
21
267.5
31
0
0
CIRCLE
5
107AE
330
FEC5
100
AcDbEntity
100
AcDbCircle
8
KBL_FEEDER_7_8
10
-715
20
292
30
0
40
14
0
CIRCLE
5
107AF
330
FEC5
100
AcDbEntity
100
AcDbCircle
8
KBL_FEEDER_7_8
10
-715
20
292
30
0
40
12.32
0
CIRCLE
5
107B0
330
FEC5
100
AcDbEntity
100
AcDbCircle
8
KBL_FEEDER_7_8
10
-715
20
292
30
0
40
10.08
0
CIRCLE
5
107B1
330
FEC5
100
AcDbEntity
100
AcDbCircle
8
KBL_FEEDER_7_8
10
-715
20
292
30
0
40
4.8999999999999995
0
CIRCLE
5
107B2
330
FEC5
100
AcDbEntity
100
AcDbCircle
8
KBL_FEEDER_7_8
10
-715
20
292
30
0
40
3.08
0
LINE
5
107B3
330
FEC5
100
AcDbEntity
100
AcDbLine
8
KBL_FEEDER_7_8
10
-718.5
20
292
30
0
11
-711.5
21
292
31
0
0
LINE
5
107B4
330
FEC5
100
AcDbEntity
100
AcDbLine
8
KBL_FEEDER_7_8
10
-715
20
288.5
30
0
11
-715
21
295.5
31
0
0
CIRCLE
5
107B5
330
FEC5
100
AcDbEntity
100
AcDbCircle
8
KBL_FEEDER_7_8
10
-715
20
320
30
0
40
14
0
CIRCLE
5
107B6
330
FEC5
100
AcDbEntity
100
AcDbCircle
8
KBL_FEEDER_7_8
10
-715
20
320
30
0
40
12.32
0
CIRCLE
5
107B7
330
FEC5
100
AcDbEntity
100
AcDbCircle
8
KBL_FEEDER_7_8
10
-715
20
320
30
0
40
10.08
0
CIRCLE
5
107B8
330
FEC5
100
AcDbEntity
100
AcDbCircle
8
KBL_FEEDER_7_8
10
-715
20
320
30
0
40
4.8999999999999995
0
CIRCLE
5
107B9
330
FEC5
100
AcDbEntity
100
AcDbCircle
8
KBL_FEEDER_7_8
10
-715
20
320
30
0
40
3.08
0
LINE
5
107BA
330
FEC5
100
AcDbEntity
100
AcDbLine
8
KBL_FEEDER_7_8
10
-718.5
20
320
30
0
11
-711.5
21
320
31
0
0
LINE
5
107BB
330
FEC5
100
AcDbEntity
100
AcDbLine
8
KBL_FEEDER_7_8
10
-715
20
316.5
30
0
11
-715
21
323.5
31
0
0
CIRCLE
5
107BC
330
FEC5
100
AcDbEntity
100
AcDbCircle
8
KBL_FEEDER_7_8
10
-715
20
348
30
0
40
14
0
CIRCLE
5
107BD
330
FEC5
100
AcDbEntity
100
AcDbCircle
8
KBL_FEEDER_7_8
10
-715
20
348
30
0
40
12.32
0
CIRCLE
5
107BE
330
FEC5
100
AcDbEntity
100
AcDbCircle
8
KBL_FEEDER_7_8
10
-715
20
348
30
0
40
10.08
0
CIRCLE
5
107BF
330
FEC5
100
AcDbEntity
100
AcDbCircle
8
KBL_FEEDER_7_8
10
-715
20
348
30
0
40
4.8999999999999995
0
CIRCLE
5
107C0
330
FEC5
100
AcDbEntity
100
AcDbCircle
8
KBL_FEEDER_7_8
10
-715
20
348
30
0
40
3.08
0
LINE
5
107C1
330
FEC5
100
AcDbEntity
100
AcDbLine
8
KBL_FEEDER_7_8
10
-718.5
20
348
30
0
11
-711.5
21
348
31
0
0
LINE
5
107C2
330
FEC5
100
AcDbEntity
100
AcDbLine
8
KBL_FEEDER_7_8
10
-715
20
344.5
30
0
11
-715
21
351.5
31
0
0
CIRCLE
5
107C3
330
FEC5
100
AcDbEntity
100
AcDbCircle
8
KBL_FEEDER_7_8
10
-685
20
264
30
0
40
14
0
CIRCLE
5
107C4
330
FEC5
100
AcDbEntity
100
AcDbCircle
8
KBL_FEEDER_7_8
10
-685
20
264
30
0
40
12.32
0
CIRCLE
5
107C5
330
FEC5
100
AcDbEntity
100
AcDbCircle
8
KBL_FEEDER_7_8
10
-685
20
264
30
0
40
10.08
0
CIRCLE
5
107C6
330
FEC5
100
AcDbEntity
100
AcDbCircle
8
KBL_FEEDER_7_8
10
-685
20
264
30
0
40
4.8999999999999995
0
CIRCLE
5
107C7
330
FEC5
100
AcDbEntity
100
AcDbCircle
8
KBL_FEEDER_7_8
10
-685
20
264
30
0
40
3.08
0
LINE
5
107C8
330
FEC5
100
AcDbEntity
100
AcDbLine
8
KBL_FEEDER_7_8
10
-688.5
20
264
30
0
11
-681.5
21
264
31
0
0
LINE
5
107C9
330
FEC5
100
AcDbEntity
100
AcDbLine
8
KBL_FEEDER_7_8
10
-685
20
260.5
30
0
11
-685
21
267.5
31
0
0
CIRCLE
5
107CA
330
FEC5
100
AcDbEntity
100
AcDbCircle
8
KBL_FEEDER_7_8
10
-685
20
292
30
0
40
14
0
CIRCLE
5
107CB
330
FEC5
100
AcDbEntity
100
AcDbCircle
8
KBL_FEEDER_7_8
10
-685
20
292
30
0
40
12.32
0
CIRCLE
5
107CC
330
FEC5
100
AcDbEntity
100
AcDbCircle
8
KBL_FEEDER_7_8
10
-685
20
292
30
0
40
10.08
0
CIRCLE
5
107CD
330
FEC5
100
AcDbEntity
100
AcDbCircle
8
KBL_FEEDER_7_8
10
-685
20
292
30
0
40
4.8999999999999995
0
CIRCLE
5
107CE
330
FEC5
100
AcDbEntity
100
AcDbCircle
8
KBL_FEEDER_7_8
10
-685
20
292
30
0
40
3.08
0
LINE
5
107CF
330
FEC5
100
AcDbEntity
100
AcDbLine
8
KBL_FEEDER_7_8
10
-688.5
20
292
30
0
11
-681.5
21
292
31
0
0
LINE
5
107D0
330
FEC5
100
AcDbEntity
100
AcDbLine
8
KBL_FEEDER_7_8
10
-685
20
288.5
30
0
11
-685
21
295.5
31
0
0
CIRCLE
5
107D1
330
FEC5
100
AcDbEntity
100
AcDbCircle
8
KBL_FEEDER_7_8
10
-685
20
320
30
0
40
14
0
CIRCLE
5
107D2
330
FEC5
100
AcDbEntity
100
AcDbCircle
8
KBL_FEEDER_7_8
10
-685
20
320
30
0
40
12.32
0
CIRCLE
5
107D3
330
FEC5
100
AcDbEntity
100
AcDbCircle
8
KBL_FEEDER_7_8
10
-685
20
320
30
0
40
10.08
0
CIRCLE
5
107D4
330
FEC5
100
AcDbEntity
100
AcDbCircle
8
KBL_FEEDER_7_8
10
-685
20
320
30
0
40
4.8999999999999995
0
CIRCLE
5
107D5
330
FEC5
100
AcDbEntity
100
AcDbCircle
8
KBL_FEEDER_7_8
10
-685
20
320
30
0
40
3.08
0
LINE
5
107D6
330
FEC5
100
AcDbEntity
100
AcDbLine
8
KBL_FEEDER_7_8
10
-688.5
20
320
30
0
11
-681.5
21
320
31
0
0
LINE
5
107D7
330
FEC5
100
AcDbEntity
100
AcDbLine
8
KBL_FEEDER_7_8
10
-685
20
316.5
30
0
11
-685
21
323.5
31
0
0
CIRCLE
5
107D8
330
FEC5
100
AcDbEntity
100
AcDbCircle
8
KBL_FEEDER_7_8
10
-685
20
348
30
0
40
14
0
CIRCLE
5
107D9
330
FEC5
100
AcDbEntity
100
AcDbCircle
8
KBL_FEEDER_7_8
10
-685
20
348
30
0
40
12.32
0
CIRCLE
5
107DA
330
FEC5
100
AcDbEntity
100
AcDbCircle
8
KBL_FEEDER_7_8
10
-685
20
348
30
0
40
10.08
0
CIRCLE
5
107DB
330
FEC5
100
AcDbEntity
100
AcDbCircle
8
KBL_FEEDER_7_8
10
-685
20
348
30
0
40
4.8999999999999995
0
CIRCLE
5
107DC
330
FEC5
100
AcDbEntity
100
AcDbCircle
8
KBL_FEEDER_7_8
10
-685
20
348
30
0
40
3.08
0
LINE
5
107DD
330
FEC5
100
AcDbEntity
100
AcDbLine
8
KBL_FEEDER_7_8
10
-688.5
20
348
30
0
11
-681.5
21
348
31
0
0
LINE
5
107DE
330
FEC5
100
AcDbEntity
100
AcDbLine
8
KBL_FEEDER_7_8
10
-685
20
344.5
30
0
11
-685
21
351.5
31
0
0
CIRCLE
5
107DF
330
FEC5
100
AcDbEntity
100
AcDbCircle
8
KBL_FEEDER_7_8
10
-655
20
264
30
0
40
14
0
CIRCLE
5
107E0
330
FEC5
100
AcDbEntity
100
AcDbCircle
8
KBL_FEEDER_7_8
10
-655
20
264
30
0
40
12.32
0
CIRCLE
5
107E1
330
FEC5
100
AcDbEntity
100
AcDbCircle
8
KBL_FEEDER_7_8
10
-655
20
264
30
0
40
10.08
0
CIRCLE
5
107E2
330
FEC5
100
AcDbEntity
100
AcDbCircle
8
KBL_FEEDER_7_8
10
-655
20
264
30
0
40
4.8999999999999995
0
CIRCLE
5
107E3
330
FEC5
100
AcDbEntity
100
AcDbCircle
8
KBL_FEEDER_7_8
10
-655
20
264
30
0
40
3.08
0
LINE
5
107E4
330
FEC5
100
AcDbEntity
100
AcDbLine
8
KBL_FEEDER_7_8
10
-658.5
20
264
30
0
11
-651.5
21
264
31
0
0
LINE
5
107E5
330
FEC5
100
AcDbEntity
100
AcDbLine
8
KBL_FEEDER_7_8
10
-655
20
260.5
30
0
11
-655
21
267.5
31
0
0
CIRCLE
5
107E6
330
FEC5
100
AcDbEntity
100
AcDbCircle
8
KBL_FEEDER_7_8
10
-655
20
292
30
0
40
14
0
CIRCLE
5
107E7
330
FEC5
100
AcDbEntity
100
AcDbCircle
8
KBL_FEEDER_7_8
10
-655
20
292
30
0
40
12.32
0
CIRCLE
5
107E8
330
FEC5
100
AcDbEntity
100
AcDbCircle
8
KBL_FEEDER_7_8
10
-655
20
292
30
0
40
10.08
0
CIRCLE
5
107E9
330
FEC5
100
AcDbEntity
100
AcDbCircle
8
KBL_FEEDER_7_8
10
-655
20
292
30
0
40
4.8999999999999995
0
CIRCLE
5
107EA
330
FEC5
100
AcDbEntity
100
AcDbCircle
8
KBL_FEEDER_7_8
10
-655
20
292
30
0
40
3.08
0
LINE
5
107EB
330
FEC5
100
AcDbEntity
100
AcDbLine
8
KBL_FEEDER_7_8
10
-658.5
20
292
30
0
11
-651.5
21
292
31
0
0
LINE
5
107EC
330
FEC5
100
AcDbEntity
100
AcDbLine
8
KBL_FEEDER_7_8
10
-655
20
288.5
30
0
11
-655
21
295.5
31
0
0
CIRCLE
5
107ED
330
FEC5
100
AcDbEntity
100
AcDbCircle
8
KBL_FEEDER_7_8
10
-655
20
320
30
0
40
14
0
CIRCLE
5
107EE
330
FEC5
100
AcDbEntity
100
AcDbCircle
8
KBL_FEEDER_7_8
10
-655
20
320
30
0
40
12.32
0
CIRCLE
5
107EF
330
FEC5
100
AcDbEntity
100
AcDbCircle
8
KBL_FEEDER_7_8
10
-655
20
320
30
0
40
10.08
0
CIRCLE
5
107F0
330
FEC5
100
AcDbEntity
100
AcDbCircle
8
KBL_FEEDER_7_8
10
-655
20
320
30
0
40
4.8999999999999995
0
CIRCLE
5
107F1
330
FEC5
100
AcDbEntity
100
AcDbCircle
8
KBL_FEEDER_7_8
10
-655
20
320
30
0
40
3.08
0
LINE
5
107F2
330
FEC5
100
AcDbEntity
100
AcDbLine
8
KBL_FEEDER_7_8
10
-658.5
20
320
30
0
11
-651.5
21
320
31
0
0
LINE
5
107F3
330
FEC5
100
AcDbEntity
100
AcDbLine
8
KBL_FEEDER_7_8
10
-655
20
316.5
30
0
11
-655
21
323.5
31
0
0
CIRCLE
5
107F4
330
FEC5
100
AcDbEntity
100
AcDbCircle
8
KBL_FEEDER_7_8
10
-655
20
348
30
0
40
14
0
CIRCLE
5
107F5
330
FEC5
100
AcDbEntity
100
AcDbCircle
8
KBL_FEEDER_7_8
10
-655
20
348
30
0
40
12.32
0
CIRCLE
5
107F6
330
FEC5
100
AcDbEntity
100
AcDbCircle
8
KBL_FEEDER_7_8
10
-655
20
348
30
0
40
10.08
0
CIRCLE
5
107F7
330
FEC5
100
AcDbEntity
100
AcDbCircle
8
KBL_FEEDER_7_8
10
-655
20
348
30
0
40
4.8999999999999995
0
CIRCLE
5
107F8
330
FEC5
100
AcDbEntity
100
AcDbCircle
8
KBL_FEEDER_7_8
10
-655
20
348
30
0
40
3.08
0
LINE
5
107F9
330
FEC5
100
AcDbEntity
100
AcDbLine
8
KBL_FEEDER_7_8
10
-658.5
20
348
30
0
11
-651.5
21
348
31
0
0
LINE
5
107FA
330
FEC5
100
AcDbEntity
100
AcDbLine
8
KBL_FEEDER_7_8
10
-655
20
344.5
30
0
11
-655
21
351.5
31
0
0
CIRCLE
5
107FB
330
FEC5
100
AcDbEntity
100
AcDbCircle
8
KBL_FEEDER_7_8
10
-625
20
264
30
0
40
14
0
CIRCLE
5
107FC
330
FEC5
100
AcDbEntity
100
AcDbCircle
8
KBL_FEEDER_7_8
10
-625
20
264
30
0
40
12.32
0
CIRCLE
5
107FD
330
FEC5
100
AcDbEntity
100
AcDbCircle
8
KBL_FEEDER_7_8
10
-625
20
264
30
0
40
10.08
0
CIRCLE
5
107FE
330
FEC5
100
AcDbEntity
100
AcDbCircle
8
KBL_FEEDER_7_8
10
-625
20
264
30
0
40
4.8999999999999995
0
CIRCLE
5
107FF
330
FEC5
100
AcDbEntity
100
AcDbCircle
8
KBL_FEEDER_7_8
10
-625
20
264
30
0
40
3.08
0
LINE
5
10800
330
FEC5
100
AcDbEntity
100
AcDbLine
8
KBL_FEEDER_7_8
10
-628.5
20
264
30
0
11
-621.5
21
264
31
0
0
LINE
5
10801
330
FEC5
100
AcDbEntity
100
AcDbLine
8
KBL_FEEDER_7_8
10
-625
20
260.5
30
0
11
-625
21
267.5
31
0
0
CIRCLE
5
10802
330
FEC5
100
AcDbEntity
100
AcDbCircle
8
KBL_FEEDER_7_8
10
-625
20
292
30
0
40
14
0
CIRCLE
5
10803
330
FEC5
100
AcDbEntity
100
AcDbCircle
8
KBL_FEEDER_7_8
10
-625
20
292
30
0
40
12.32
0
CIRCLE
5
10804
330
FEC5
100
AcDbEntity
100
AcDbCircle
8
KBL_FEEDER_7_8
10
-625
20
292
30
0
40
10.08
0
CIRCLE
5
10805
330
FEC5
100
AcDbEntity
100
AcDbCircle
8
KBL_FEEDER_7_8
10
-625
20
292
30
0
40
4.8999999999999995
0
CIRCLE
5
10806
330
FEC5
100
AcDbEntity
100
AcDbCircle
8
KBL_FEEDER_7_8
10
-625
20
292
30
0
40
3.08
0
LINE
5
10807
330
FEC5
100
AcDbEntity
100
AcDbLine
8
KBL_FEEDER_7_8
10
-628.5
20
292
30
0
11
-621.5
21
292
31
0
0
LINE
5
10808
330
FEC5
100
AcDbEntity
100
AcDbLine
8
KBL_FEEDER_7_8
10
-625
20
288.5
30
0
11
-625
21
295.5
31
0
0
CIRCLE
5
10809
330
FEC5
100
AcDbEntity
100
AcDbCircle
8
KBL_FEEDER_7_8
10
-625
20
320
30
0
40
14
0
CIRCLE
5
1080A
330
FEC5
100
AcDbEntity
100
AcDbCircle
8
KBL_FEEDER_7_8
10
-625
20
320
30
0
40
12.32
0
CIRCLE
5
1080B
330
FEC5
100
AcDbEntity
100
AcDbCircle
8
KBL_FEEDER_7_8
10
-625
20
320
30
0
40
10.08
0
CIRCLE
5
1080C
330
FEC5
100
AcDbEntity
100
AcDbCircle
8
KBL_FEEDER_7_8
10
-625
20
320
30
0
40
4.8999999999999995
0
CIRCLE
5
1080D
330
FEC5
100
AcDbEntity
100
AcDbCircle
8
KBL_FEEDER_7_8
10
-625
20
320
30
0
40
3.08
0
LINE
5
1080E
330
FEC5
100
AcDbEntity
100
AcDbLine
8
KBL_FEEDER_7_8
10
-628.5
20
320
30
0
11
-621.5
21
320
31
0
0
LINE
5
1080F
330
FEC5
100
AcDbEntity
100
AcDbLine
8
KBL_FEEDER_7_8
10
-625
20
316.5
30
0
11
-625
21
323.5
31
0
0
CIRCLE
5
10810
330
FEC5
100
AcDbEntity
100
AcDbCircle
8
KBL_FEEDER_7_8
10
-625
20
348
30
0
40
14
0
CIRCLE
5
10811
330
FEC5
100
AcDbEntity
100
AcDbCircle
8
KBL_FEEDER_7_8
10
-625
20
348
30
0
40
12.32
0
CIRCLE
5
10812
330
FEC5
100
AcDbEntity
100
AcDbCircle
8
KBL_FEEDER_7_8
10
-625
20
348
30
0
40
10.08
0
CIRCLE
5
10813
330
FEC5
100
AcDbEntity
100
AcDbCircle
8
KBL_FEEDER_7_8
10
-625
20
348
30
0
40
4.8999999999999995
0
CIRCLE
5
10814
330
FEC5
100
AcDbEntity
100
AcDbCircle
8
KBL_FEEDER_7_8
10
-625
20
348
30
0
40
3.08
0
LINE
5
10815
330
FEC5
100
AcDbEntity
100
AcDbLine
8
KBL_FEEDER_7_8
10
-628.5
20
348
30
0
11
-621.5
21
348
31
0
0
LINE
5
10816
330
FEC5
100
AcDbEntity
100
AcDbLine
8
KBL_FEEDER_7_8
10
-625
20
344.5
30
0
11
-625
21
351.5
31
0
0
CIRCLE
5
10817
330
FEC5
100
AcDbEntity
100
AcDbCircle
8
KBL_FEEDER_7_8
10
-595
20
264
30
0
40
14
0
CIRCLE
5
10818
330
FEC5
100
AcDbEntity
100
AcDbCircle
8
KBL_FEEDER_7_8
10
-595
20
264
30
0
40
12.32
0
CIRCLE
5
10819
330
FEC5
100
AcDbEntity
100
AcDbCircle
8
KBL_FEEDER_7_8
10
-595
20
264
30
0
40
10.08
0
CIRCLE
5
1081A
330
FEC5
100
AcDbEntity
100
AcDbCircle
8
KBL_FEEDER_7_8
10
-595
20
264
30
0
40
4.8999999999999995
0
CIRCLE
5
1081B
330
FEC5
100
AcDbEntity
100
AcDbCircle
8
KBL_FEEDER_7_8
10
-595
20
264
30
0
40
3.08
0
LINE
5
1081C
330
FEC5
100
AcDbEntity
100
AcDbLine
8
KBL_FEEDER_7_8
10
-598.5
20
264
30
0
11
-591.5
21
264
31
0
0
LINE
5
1081D
330
FEC5
100
AcDbEntity
100
AcDbLine
8
KBL_FEEDER_7_8
10
-595
20
260.5
30
0
11
-595
21
267.5
31
0
0
CIRCLE
5
1081E
330
FEC5
100
AcDbEntity
100
AcDbCircle
8
KBL_FEEDER_7_8
10
-595
20
292
30
0
40
14
0
CIRCLE
5
1081F
330
FEC5
100
AcDbEntity
100
AcDbCircle
8
KBL_FEEDER_7_8
10
-595
20
292
30
0
40
12.32
0
CIRCLE
5
10820
330
FEC5
100
AcDbEntity
100
AcDbCircle
8
KBL_FEEDER_7_8
10
-595
20
292
30
0
40
10.08
0
CIRCLE
5
10821
330
FEC5
100
AcDbEntity
100
AcDbCircle
8
KBL_FEEDER_7_8
10
-595
20
292
30
0
40
4.8999999999999995
0
CIRCLE
5
10822
330
FEC5
100
AcDbEntity
100
AcDbCircle
8
KBL_FEEDER_7_8
10
-595
20
292
30
0
40
3.08
0
LINE
5
10823
330
FEC5
100
AcDbEntity
100
AcDbLine
8
KBL_FEEDER_7_8
10
-598.5
20
292
30
0
11
-591.5
21
292
31
0
0
LINE
5
10824
330
FEC5
100
AcDbEntity
100
AcDbLine
8
KBL_FEEDER_7_8
10
-595
20
288.5
30
0
11
-595
21
295.5
31
0
0
CIRCLE
5
10825
330
FEC5
100
AcDbEntity
100
AcDbCircle
8
KBL_FEEDER_7_8
10
-595
20
320
30
0
40
14
0
CIRCLE
5
10826
330
FEC5
100
AcDbEntity
100
AcDbCircle
8
KBL_FEEDER_7_8
10
-595
20
320
30
0
40
12.32
0
CIRCLE
5
10827
330
FEC5
100
AcDbEntity
100
AcDbCircle
8
KBL_FEEDER_7_8
10
-595
20
320
30
0
40
10.08
0
CIRCLE
5
10828
330
FEC5
100
AcDbEntity
100
AcDbCircle
8
KBL_FEEDER_7_8
10
-595
20
320
30
0
40
4.8999999999999995
0
CIRCLE
5
10829
330
FEC5
100
AcDbEntity
100
AcDbCircle
8
KBL_FEEDER_7_8
10
-595
20
320
30
0
40
3.08
0
LINE
5
1082A
330
FEC5
100
AcDbEntity
100
AcDbLine
8
KBL_FEEDER_7_8
10
-598.5
20
320
30
0
11
-591.5
21
320
31
0
0
LINE
5
1082B
330
FEC5
100
AcDbEntity
100
AcDbLine
8
KBL_FEEDER_7_8
10
-595
20
316.5
30
0
11
-595
21
323.5
31
0
0
CIRCLE
5
1082C
330
FEC5
100
AcDbEntity
100
AcDbCircle
8
KBL_FEEDER_7_8
10
-595
20
348
30
0
40
14
0
CIRCLE
5
1082D
330
FEC5
100
AcDbEntity
100
AcDbCircle
8
KBL_FEEDER_7_8
10
-595
20
348
30
0
40
12.32
0
CIRCLE
5
1082E
330
FEC5
100
AcDbEntity
100
AcDbCircle
8
KBL_FEEDER_7_8
10
-595
20
348
30
0
40
10.08
0
CIRCLE
5
1082F
330
FEC5
100
AcDbEntity
100
AcDbCircle
8
KBL_FEEDER_7_8
10
-595
20
348
30
0
40
4.8999999999999995
0
CIRCLE
5
10830
330
FEC5
100
AcDbEntity
100
AcDbCircle
8
KBL_FEEDER_7_8
10
-595
20
348
30
0
40
3.08
0
LINE
5
10831
330
FEC5
100
AcDbEntity
100
AcDbLine
8
KBL_FEEDER_7_8
10
-598.5
20
348
30
0
11
-591.5
21
348
31
0
0
LINE
5
10832
330
FEC5
100
AcDbEntity
100
AcDbLine
8
KBL_FEEDER_7_8
10
-595
20
344.5
30
0
11
-595
21
351.5
31
0
0
CIRCLE
5
10833
330
FEC5
100
AcDbEntity
100
AcDbCircle
8
KBL_FEEDER_7_8
10
-565
20
264
30
0
40
14
0
CIRCLE
5
10834
330
FEC5
100
AcDbEntity
100
AcDbCircle
8
KBL_FEEDER_7_8
10
-565
20
264
30
0
40
12.32
0
CIRCLE
5
10835
330
FEC5
100
AcDbEntity
100
AcDbCircle
8
KBL_FEEDER_7_8
10
-565
20
264
30
0
40
10.08
0
CIRCLE
5
10836
330
FEC5
100
AcDbEntity
100
AcDbCircle
8
KBL_FEEDER_7_8
10
-565
20
264
30
0
40
4.8999999999999995
0
CIRCLE
5
10837
330
FEC5
100
AcDbEntity
100
AcDbCircle
8
KBL_FEEDER_7_8
10
-565
20
264
30
0
40
3.08
0
LINE
5
10838
330
FEC5
100
AcDbEntity
100
AcDbLine
8
KBL_FEEDER_7_8
10
-568.5
20
264
30
0
11
-561.5
21
264
31
0
0
LINE
5
10839
330
FEC5
100
AcDbEntity
100
AcDbLine
8
KBL_FEEDER_7_8
10
-565
20
260.5
30
0
11
-565
21
267.5
31
0
0
CIRCLE
5
1083A
330
FEC5
100
AcDbEntity
100
AcDbCircle
8
KBL_FEEDER_7_8
10
-565
20
292
30
0
40
14
0
CIRCLE
5
1083B
330
FEC5
100
AcDbEntity
100
AcDbCircle
8
KBL_FEEDER_7_8
10
-565
20
292
30
0
40
12.32
0
CIRCLE
5
1083C
330
FEC5
100
AcDbEntity
100
AcDbCircle
8
KBL_FEEDER_7_8
10
-565
20
292
30
0
40
10.08
0
CIRCLE
5
1083D
330
FEC5
100
AcDbEntity
100
AcDbCircle
8
KBL_FEEDER_7_8
10
-565
20
292
30
0
40
4.8999999999999995
0
CIRCLE
5
1083E
330
FEC5
100
AcDbEntity
100
AcDbCircle
8
KBL_FEEDER_7_8
10
-565
20
292
30
0
40
3.08
0
LINE
5
1083F
330
FEC5
100
AcDbEntity
100
AcDbLine
8
KBL_FEEDER_7_8
10
-568.5
20
292
30
0
11
-561.5
21
292
31
0
0
LINE
5
10840
330
FEC5
100
AcDbEntity
100
AcDbLine
8
KBL_FEEDER_7_8
10
-565
20
288.5
30
0
11
-565
21
295.5
31
0
0
CIRCLE
5
10841
330
FEC5
100
AcDbEntity
100
AcDbCircle
8
KBL_FEEDER_7_8
10
-565
20
320
30
0
40
14
0
CIRCLE
5
10842
330
FEC5
100
AcDbEntity
100
AcDbCircle
8
KBL_FEEDER_7_8
10
-565
20
320
30
0
40
12.32
0
CIRCLE
5
10843
330
FEC5
100
AcDbEntity
100
AcDbCircle
8
KBL_FEEDER_7_8
10
-565
20
320
30
0
40
10.08
0
CIRCLE
5
10844
330
FEC5
100
AcDbEntity
100
AcDbCircle
8
KBL_FEEDER_7_8
10
-565
20
320
30
0
40
4.8999999999999995
0
CIRCLE
5
10845
330
FEC5
100
AcDbEntity
100
AcDbCircle
8
KBL_FEEDER_7_8
10
-565
20
320
30
0
40
3.08
0
LINE
5
10846
330
FEC5
100
AcDbEntity
100
AcDbLine
8
KBL_FEEDER_7_8
10
-568.5
20
320
30
0
11
-561.5
21
320
31
0
0
LINE
5
10847
330
FEC5
100
AcDbEntity
100
AcDbLine
8
KBL_FEEDER_7_8
10
-565
20
316.5
30
0
11
-565
21
323.5
31
0
0
CIRCLE
5
10848
330
FEC5
100
AcDbEntity
100
AcDbCircle
8
KBL_FEEDER_7_8
10
-565
20
348
30
0
40
14
0
CIRCLE
5
10849
330
FEC5
100
AcDbEntity
100
AcDbCircle
8
KBL_FEEDER_7_8
10
-565
20
348
30
0
40
12.32
0
CIRCLE
5
1084A
330
FEC5
100
AcDbEntity
100
AcDbCircle
8
KBL_FEEDER_7_8
10
-565
20
348
30
0
40
10.08
0
CIRCLE
5
1084B
330
FEC5
100
AcDbEntity
100
AcDbCircle
8
KBL_FEEDER_7_8
10
-565
20
348
30
0
40
4.8999999999999995
0
CIRCLE
5
1084C
330
FEC5
100
AcDbEntity
100
AcDbCircle
8
KBL_FEEDER_7_8
10
-565
20
348
30
0
40
3.08
0
LINE
5
1084D
330
FEC5
100
AcDbEntity
100
AcDbLine
8
KBL_FEEDER_7_8
10
-568.5
20
348
30
0
11
-561.5
21
348
31
0
0
LINE
5
1084E
330
FEC5
100
AcDbEntity
100
AcDbLine
8
KBL_FEEDER_7_8
10
-565
20
344.5
30
0
11
-565
21
351.5
31
0
0
CIRCLE
5
1084F
330
FEC5
100
AcDbEntity
100
AcDbCircle
8
KBL_FEEDER_7_8
10
-535
20
264
30
0
40
14
0
CIRCLE
5
10850
330
FEC5
100
AcDbEntity
100
AcDbCircle
8
KBL_FEEDER_7_8
10
-535
20
264
30
0
40
12.32
0
CIRCLE
5
10851
330
FEC5
100
AcDbEntity
100
AcDbCircle
8
KBL_FEEDER_7_8
10
-535
20
264
30
0
40
10.08
0
CIRCLE
5
10852
330
FEC5
100
AcDbEntity
100
AcDbCircle
8
KBL_FEEDER_7_8
10
-535
20
264
30
0
40
4.8999999999999995
0
CIRCLE
5
10853
330
FEC5
100
AcDbEntity
100
AcDbCircle
8
KBL_FEEDER_7_8
10
-535
20
264
30
0
40
3.08
0
LINE
5
10854
330
FEC5
100
AcDbEntity
100
AcDbLine
8
KBL_FEEDER_7_8
10
-538.5
20
264
30
0
11
-531.5
21
264
31
0
0
LINE
5
10855
330
FEC5
100
AcDbEntity
100
AcDbLine
8
KBL_FEEDER_7_8
10
-535
20
260.5
30
0
11
-535
21
267.5
31
0
0
CIRCLE
5
10856
330
FEC5
100
AcDbEntity
100
AcDbCircle
8
KBL_FEEDER_7_8
10
-535
20
292
30
0
40
14
0
CIRCLE
5
10857
330
FEC5
100
AcDbEntity
100
AcDbCircle
8
KBL_FEEDER_7_8
10
-535
20
292
30
0
40
12.32
0
CIRCLE
5
10858
330
FEC5
100
AcDbEntity
100
AcDbCircle
8
KBL_FEEDER_7_8
10
-535
20
292
30
0
40
10.08
0
CIRCLE
5
10859
330
FEC5
100
AcDbEntity
100
AcDbCircle
8
KBL_FEEDER_7_8
10
-535
20
292
30
0
40
4.8999999999999995
0
CIRCLE
5
1085A
330
FEC5
100
AcDbEntity
100
AcDbCircle
8
KBL_FEEDER_7_8
10
-535
20
292
30
0
40
3.08
0
LINE
5
1085B
330
FEC5
100
AcDbEntity
100
AcDbLine
8
KBL_FEEDER_7_8
10
-538.5
20
292
30
0
11
-531.5
21
292
31
0
0
LINE
5
1085C
330
FEC5
100
AcDbEntity
100
AcDbLine
8
KBL_FEEDER_7_8
10
-535
20
288.5
30
0
11
-535
21
295.5
31
0
0
CIRCLE
5
1085D
330
FEC5
100
AcDbEntity
100
AcDbCircle
8
KBL_FEEDER_7_8
10
-535
20
320
30
0
40
14
0
CIRCLE
5
1085E
330
FEC5
100
AcDbEntity
100
AcDbCircle
8
KBL_FEEDER_7_8
10
-535
20
320
30
0
40
12.32
0
CIRCLE
5
1085F
330
FEC5
100
AcDbEntity
100
AcDbCircle
8
KBL_FEEDER_7_8
10
-535
20
320
30
0
40
10.08
0
CIRCLE
5
10860
330
FEC5
100
AcDbEntity
100
AcDbCircle
8
KBL_FEEDER_7_8
10
-535
20
320
30
0
40
4.8999999999999995
0
CIRCLE
5
10861
330
FEC5
100
AcDbEntity
100
AcDbCircle
8
KBL_FEEDER_7_8
10
-535
20
320
30
0
40
3.08
0
LINE
5
10862
330
FEC5
100
AcDbEntity
100
AcDbLine
8
KBL_FEEDER_7_8
10
-538.5
20
320
30
0
11
-531.5
21
320
31
0
0
LINE
5
10863
330
FEC5
100
AcDbEntity
100
AcDbLine
8
KBL_FEEDER_7_8
10
-535
20
316.5
30
0
11
-535
21
323.5
31
0
0
CIRCLE
5
10864
330
FEC5
100
AcDbEntity
100
AcDbCircle
8
KBL_FEEDER_7_8
10
-535
20
348
30
0
40
14
0
CIRCLE
5
10865
330
FEC5
100
AcDbEntity
100
AcDbCircle
8
KBL_FEEDER_7_8
10
-535
20
348
30
0
40
12.32
0
CIRCLE
5
10866
330
FEC5
100
AcDbEntity
100
AcDbCircle
8
KBL_FEEDER_7_8
10
-535
20
348
30
0
40
10.08
0
CIRCLE
5
10867
330
FEC5
100
AcDbEntity
100
AcDbCircle
8
KBL_FEEDER_7_8
10
-535
20
348
30
0
40
4.8999999999999995
0
CIRCLE
5
10868
330
FEC5
100
AcDbEntity
100
AcDbCircle
8
KBL_FEEDER_7_8
10
-535
20
348
30
0
40
3.08
0
LINE
5
10869
330
FEC5
100
AcDbEntity
100
AcDbLine
8
KBL_FEEDER_7_8
10
-538.5
20
348
30
0
11
-531.5
21
348
31
0
0
LINE
5
1086A
330
FEC5
100
AcDbEntity
100
AcDbLine
8
KBL_FEEDER_7_8
10
-535
20
344.5
30
0
11
-535
21
351.5
31
0
0
CIRCLE
5
1086B
330
FEC5
100
AcDbEntity
100
AcDbCircle
8
KBL_FEEDER_7_8
10
-505
20
264
30
0
40
14
0
CIRCLE
5
1086C
330
FEC5
100
AcDbEntity
100
AcDbCircle
8
KBL_FEEDER_7_8
10
-505
20
264
30
0
40
12.32
0
CIRCLE
5
1086D
330
FEC5
100
AcDbEntity
100
AcDbCircle
8
KBL_FEEDER_7_8
10
-505
20
264
30
0
40
10.08
0
CIRCLE
5
1086E
330
FEC5
100
AcDbEntity
100
AcDbCircle
8
KBL_FEEDER_7_8
10
-505
20
264
30
0
40
4.8999999999999995
0
CIRCLE
5
1086F
330
FEC5
100
AcDbEntity
100
AcDbCircle
8
KBL_FEEDER_7_8
10
-505
20
264
30
0
40
3.08
0
LINE
5
10870
330
FEC5
100
AcDbEntity
100
AcDbLine
8
KBL_FEEDER_7_8
10
-508.5
20
264
30
0
11
-501.5
21
264
31
0
0
LINE
5
10871
330
FEC5
100
AcDbEntity
100
AcDbLine
8
KBL_FEEDER_7_8
10
-505
20
260.5
30
0
11
-505
21
267.5
31
0
0
CIRCLE
5
10872
330
FEC5
100
AcDbEntity
100
AcDbCircle
8
KBL_FEEDER_7_8
10
-505
20
292
30
0
40
14
0
CIRCLE
5
10873
330
FEC5
100
AcDbEntity
100
AcDbCircle
8
KBL_FEEDER_7_8
10
-505
20
292
30
0
40
12.32
0
CIRCLE
5
10874
330
FEC5
100
AcDbEntity
100
AcDbCircle
8
KBL_FEEDER_7_8
10
-505
20
292
30
0
40
10.08
0
CIRCLE
5
10875
330
FEC5
100
AcDbEntity
100
AcDbCircle
8
KBL_FEEDER_7_8
10
-505
20
292
30
0
40
4.8999999999999995
0
CIRCLE
5
10876
330
FEC5
100
AcDbEntity
100
AcDbCircle
8
KBL_FEEDER_7_8
10
-505
20
292
30
0
40
3.08
0
LINE
5
10877
330
FEC5
100
AcDbEntity
100
AcDbLine
8
KBL_FEEDER_7_8
10
-508.5
20
292
30
0
11
-501.5
21
292
31
0
0
LINE
5
10878
330
FEC5
100
AcDbEntity
100
AcDbLine
8
KBL_FEEDER_7_8
10
-505
20
288.5
30
0
11
-505
21
295.5
31
0
0
CIRCLE
5
10879
330
FEC5
100
AcDbEntity
100
AcDbCircle
8
KBL_FEEDER_7_8
10
-505
20
320
30
0
40
14
0
CIRCLE
5
1087A
330
FEC5
100
AcDbEntity
100
AcDbCircle
8
KBL_FEEDER_7_8
10
-505
20
320
30
0
40
12.32
0
CIRCLE
5
1087B
330
FEC5
100
AcDbEntity
100
AcDbCircle
8
KBL_FEEDER_7_8
10
-505
20
320
30
0
40
10.08
0
CIRCLE
5
1087C
330
FEC5
100
AcDbEntity
100
AcDbCircle
8
KBL_FEEDER_7_8
10
-505
20
320
30
0
40
4.8999999999999995
0
CIRCLE
5
1087D
330
FEC5
100
AcDbEntity
100
AcDbCircle
8
KBL_FEEDER_7_8
10
-505
20
320
30
0
40
3.08
0
LINE
5
1087E
330
FEC5
100
AcDbEntity
100
AcDbLine
8
KBL_FEEDER_7_8
10
-508.5
20
320
30
0
11
-501.5
21
320
31
0
0
LINE
5
1087F
330
FEC5
100
AcDbEntity
100
AcDbLine
8
KBL_FEEDER_7_8
10
-505
20
316.5
30
0
11
-505
21
323.5
31
0
0
CIRCLE
5
10880
330
FEC5
100
AcDbEntity
100
AcDbCircle
8
KBL_FEEDER_7_8
10
-505
20
348
30
0
40
14
0
CIRCLE
5
10881
330
FEC5
100
AcDbEntity
100
AcDbCircle
8
KBL_FEEDER_7_8
10
-505
20
348
30
0
40
12.32
0
CIRCLE
5
10882
330
FEC5
100
AcDbEntity
100
AcDbCircle
8
KBL_FEEDER_7_8
10
-505
20
348
30
0
40
10.08
0
CIRCLE
5
10883
330
FEC5
100
AcDbEntity
100
AcDbCircle
8
KBL_FEEDER_7_8
10
-505
20
348
30
0
40
4.8999999999999995
0
CIRCLE
5
10884
330
FEC5
100
AcDbEntity
100
AcDbCircle
8
KBL_FEEDER_7_8
10
-505
20
348
30
0
40
3.08
0
LINE
5
10885
330
FEC5
100
AcDbEntity
100
AcDbLine
8
KBL_FEEDER_7_8
10
-508.5
20
348
30
0
11
-501.5
21
348
31
0
0
LINE
5
10886
330
FEC5
100
AcDbEntity
100
AcDbLine
8
KBL_FEEDER_7_8
10
-505
20
344.5
30
0
11
-505
21
351.5
31
0
0
CIRCLE
5
10A08
330
FEC5
100
AcDbEntity
100
AcDbCircle
8
KBL_FEEDER_7_8
10
340
20
764
30
0
40
14
0
CIRCLE
5
10A09
330
FEC5
100
AcDbEntity
100
AcDbCircle
8
KBL_FEEDER_7_8
10
340
20
764
30
0
40
12.32
0
CIRCLE
5
10A0A
330
FEC5
100
AcDbEntity
100
AcDbCircle
8
KBL_FEEDER_7_8
10
340
20
764
30
0
40
10.08
0
CIRCLE
5
10A0B
330
FEC5
100
AcDbEntity
100
AcDbCircle
8
KBL_FEEDER_7_8
10
340
20
764
30
0
40
4.8999999999999995
0
CIRCLE
5
10A0C
330
FEC5
100
AcDbEntity
100
AcDbCircle
8
KBL_FEEDER_7_8
10
340
20
764
30
0
40
3.08
0
LINE
5
10A0D
330
FEC5
100
AcDbEntity
100
AcDbLine
8
KBL_FEEDER_7_8
10
336.5
20
764
30
0
11
343.5
21
764
31
0
0
LINE
5
10A0E
330
FEC5
100
AcDbEntity
100
AcDbLine
8
KBL_FEEDER_7_8
10
340
20
760.5
30
0
11
340
21
767.5
31
0
0
CIRCLE
5
10A10
330
FEC5
100
AcDbEntity
100
AcDbCircle
8
KBL_FEEDER_7_8
10
400
20
764
30
0
40
14
0
CIRCLE
5
10A11
330
FEC5
100
AcDbEntity
100
AcDbCircle
8
KBL_FEEDER_7_8
10
400
20
764
30
0
40
12.32
0
CIRCLE
5
10A12
330
FEC5
100
AcDbEntity
100
AcDbCircle
8
KBL_FEEDER_7_8
10
400
20
764
30
0
40
10.08
0
CIRCLE
5
10A13
330
FEC5
100
AcDbEntity
100
AcDbCircle
8
KBL_FEEDER_7_8
10
400
20
764
30
0
40
4.8999999999999995
0
CIRCLE
5
10A14
330
FEC5
100
AcDbEntity
100
AcDbCircle
8
KBL_FEEDER_7_8
10
400
20
764
30
0
40
3.08
0
LINE
5
10A15
330
FEC5
100
AcDbEntity
100
AcDbLine
8
KBL_FEEDER_7_8
10
396.5
20
764
30
0
11
403.5
21
764
31
0
0
LINE
5
10A16
330
FEC5
100
AcDbEntity
100
AcDbLine
8
KBL_FEEDER_7_8
10
400
20
760.5
30
0
11
400
21
767.5
31
0
0
CIRCLE
5
10A18
330
FEC5
100
AcDbEntity
100
AcDbCircle
8
KBL_FEEDER_7_8
10
460
20
764
30
0
40
14
0
CIRCLE
5
10A19
330
FEC5
100
AcDbEntity
100
AcDbCircle
8
KBL_FEEDER_7_8
10
460
20
764
30
0
40
12.32
0
CIRCLE
5
10A1A
330
FEC5
100
AcDbEntity
100
AcDbCircle
8
KBL_FEEDER_7_8
10
460
20
764
30
0
40
10.08
0
CIRCLE
5
10A1B
330
FEC5
100
AcDbEntity
100
AcDbCircle
8
KBL_FEEDER_7_8
10
460
20
764
30
0
40
4.8999999999999995
0
CIRCLE
5
10A1C
330
FEC5
100
AcDbEntity
100
AcDbCircle
8
KBL_FEEDER_7_8
10
460
20
764
30
0
40
3.08
0
LINE
5
10A1D
330
FEC5
100
AcDbEntity
100
AcDbLine
8
KBL_FEEDER_7_8
10
456.5
20
764
30
0
11
463.5
21
764
31
0
0
LINE
5
10A1E
330
FEC5
100
AcDbEntity
100
AcDbLine
8
KBL_FEEDER_7_8
10
460
20
760.5
30
0
11
460
21
767.5
31
0
0
CIRCLE
5
10A20
330
FEC5
100
AcDbEntity
100
AcDbCircle
8
KBL_FEEDER_7_8
10
520
20
764
30
0
40
14
0
CIRCLE
5
10A21
330
FEC5
100
AcDbEntity
100
AcDbCircle
8
KBL_FEEDER_7_8
10
520
20
764
30
0
40
12.32
0
CIRCLE
5
10A22
330
FEC5
100
AcDbEntity
100
AcDbCircle
8
KBL_FEEDER_7_8
10
520
20
764
30
0
40
10.08
0
CIRCLE
5
10A23
330
FEC5
100
AcDbEntity
100
AcDbCircle
8
KBL_FEEDER_7_8
10
520
20
764
30
0
40
4.8999999999999995
0
CIRCLE
5
10A24
330
FEC5
100
AcDbEntity
100
AcDbCircle
8
KBL_FEEDER_7_8
10
520
20
764
30
0
40
3.08
0
LINE
5
10A25
330
FEC5
100
AcDbEntity
100
AcDbLine
8
KBL_FEEDER_7_8
10
516.5
20
764
30
0
11
523.5
21
764
31
0
0
LINE
5
10A26
330
FEC5
100
AcDbEntity
100
AcDbLine
8
KBL_FEEDER_7_8
10
520
20
760.5
30
0
11
520
21
767.5
31
0
0
CIRCLE
5
10A28
330
FEC5
100
AcDbEntity
100
AcDbCircle
8
KBL_FEEDER_7_8
10
580
20
764
30
0
40
14
0
CIRCLE
5
10A29
330
FEC5
100
AcDbEntity
100
AcDbCircle
8
KBL_FEEDER_7_8
10
580
20
764
30
0
40
12.32
0
CIRCLE
5
10A2A
330
FEC5
100
AcDbEntity
100
AcDbCircle
8
KBL_FEEDER_7_8
10
580
20
764
30
0
40
10.08
0
CIRCLE
5
10A2B
330
FEC5
100
AcDbEntity
100
AcDbCircle
8
KBL_FEEDER_7_8
10
580
20
764
30
0
40
4.8999999999999995
0
CIRCLE
5
10A2C
330
FEC5
100
AcDbEntity
100
AcDbCircle
8
KBL_FEEDER_7_8
10
580
20
764
30
0
40
3.08
0
LINE
5
10A2D
330
FEC5
100
AcDbEntity
100
AcDbLine
8
KBL_FEEDER_7_8
10
576.5
20
764
30
0
11
583.5
21
764
31
0
0
LINE
5
10A2E
330
FEC5
100
AcDbEntity
100
AcDbLine
8
KBL_FEEDER_7_8
10
580
20
760.5
30
0
11
580
21
767.5
31
0
0
CIRCLE
5
10A30
330
FEC5
100
AcDbEntity
100
AcDbCircle
8
KBL_FEEDER_7_8
10
640
20
764
30
0
40
14
0
CIRCLE
5
10A31
330
FEC5
100
AcDbEntity
100
AcDbCircle
8
KBL_FEEDER_7_8
10
640
20
764
30
0
40
12.32
0
CIRCLE
5
10A32
330
FEC5
100
AcDbEntity
100
AcDbCircle
8
KBL_FEEDER_7_8
10
640
20
764
30
0
40
10.08
0
CIRCLE
5
10A33
330
FEC5
100
AcDbEntity
100
AcDbCircle
8
KBL_FEEDER_7_8
10
640
20
764
30
0
40
4.8999999999999995
0
CIRCLE
5
10A34
330
FEC5
100
AcDbEntity
100
AcDbCircle
8
KBL_FEEDER_7_8
10
640
20
764
30
0
40
3.08
0
LINE
5
10A35
330
FEC5
100
AcDbEntity
100
AcDbLine
8
KBL_FEEDER_7_8
10
636.5
20
764
30
0
11
643.5
21
764
31
0
0
LINE
5
10A36
330
FEC5
100
AcDbEntity
100
AcDbLine
8
KBL_FEEDER_7_8
10
640
20
760.5
30
0
11
640
21
767.5
31
0
0
CIRCLE
5
10A38
330
FEC5
100
AcDbEntity
100
AcDbCircle
8
KBL_FEEDER_7_8
10
700
20
764
30
0
40
14
0
CIRCLE
5
10A39
330
FEC5
100
AcDbEntity
100
AcDbCircle
8
KBL_FEEDER_7_8
10
700
20
764
30
0
40
12.32
0
CIRCLE
5
10A3A
330
FEC5
100
AcDbEntity
100
AcDbCircle
8
KBL_FEEDER_7_8
10
700
20
764
30
0
40
10.08
0
CIRCLE
5
10A3B
330
FEC5
100
AcDbEntity
100
AcDbCircle
8
KBL_FEEDER_7_8
10
700
20
764
30
0
40
4.8999999999999995
0
CIRCLE
5
10A3C
330
FEC5
100
AcDbEntity
100
AcDbCircle
8
KBL_FEEDER_7_8
10
700
20
764
30
0
40
3.08
0
LINE
5
10A3D
330
FEC5
100
AcDbEntity
100
AcDbLine
8
KBL_FEEDER_7_8
10
696.5
20
764
30
0
11
703.5
21
764
31
0
0
LINE
5
10A3E
330
FEC5
100
AcDbEntity
100
AcDbLine
8
KBL_FEEDER_7_8
10
700
20
760.5
30
0
11
700
21
767.5
31
0
0
CIRCLE
5
10A40
330
FEC5
100
AcDbEntity
100
AcDbCircle
8
KBL_FEEDER_7_8
10
760
20
764
30
0
40
14
0
CIRCLE
5
10A41
330
FEC5
100
AcDbEntity
100
AcDbCircle
8
KBL_FEEDER_7_8
10
760
20
764
30
0
40
12.32
0
CIRCLE
5
10A42
330
FEC5
100
AcDbEntity
100
AcDbCircle
8
KBL_FEEDER_7_8
10
760
20
764
30
0
40
10.08
0
CIRCLE
5
10A43
330
FEC5
100
AcDbEntity
100
AcDbCircle
8
KBL_FEEDER_7_8
10
760
20
764
30
0
40
4.8999999999999995
0
CIRCLE
5
10A44
330
FEC5
100
AcDbEntity
100
AcDbCircle
8
KBL_FEEDER_7_8
10
760
20
764
30
0
40
3.08
0
LINE
5
10A45
330
FEC5
100
AcDbEntity
100
AcDbLine
8
KBL_FEEDER_7_8
10
756.5
20
764
30
0
11
763.5
21
764
31
0
0
LINE
5
10A46
330
FEC5
100
AcDbEntity
100
AcDbLine
8
KBL_FEEDER_7_8
10
760
20
760.5
30
0
11
760
21
767.5
31
0
0
CIRCLE
5
10A4D
330
FEC5
100
AcDbEntity
100
AcDbCircle
8
KBL_FEEDER_7_8
10
370
20
295
30
0
40
14
0
CIRCLE
5
10A4E
330
FEC5
100
AcDbEntity
100
AcDbCircle
8
KBL_FEEDER_7_8
10
370
20
295
30
0
40
12.32
0
CIRCLE
5
10A4F
330
FEC5
100
AcDbEntity
100
AcDbCircle
8
KBL_FEEDER_7_8
10
370
20
295
30
0
40
10.08
0
CIRCLE
5
10A50
330
FEC5
100
AcDbEntity
100
AcDbCircle
8
KBL_FEEDER_7_8
10
370
20
295
30
0
40
4.8999999999999995
0
CIRCLE
5
10A51
330
FEC5
100
AcDbEntity
100
AcDbCircle
8
KBL_FEEDER_7_8
10
370
20
295
30
0
40
3.08
0
LINE
5
10A52
330
FEC5
100
AcDbEntity
100
AcDbLine
8
KBL_FEEDER_7_8
10
366.5
20
295
30
0
11
373.5
21
295
31
0
0
LINE
5
10A53
330
FEC5
100
AcDbEntity
100
AcDbLine
8
KBL_FEEDER_7_8
10
370
20
291.5
30
0
11
370
21
298.5
31
0
0
CIRCLE
5
102F5
330
FEC5
100
AcDbEntity
100
AcDbCircle
8
KBL_ENERJI_2X25
10
-445
20
1760.5
30
0
40
10.5
0
CIRCLE
5
102F6
330
FEC5
100
AcDbEntity
100
AcDbCircle
8
KBL_ENERJI_2X25
10
-445
20
1760.5
30
0
40
9.450000000000001
0
CIRCLE
5
102F7
330
FEC5
100
AcDbEntity
100
AcDbCircle
8
KBL_ENERJI_2X25
10
-448.99
20
1760.5
30
0
40
3.78
0
CIRCLE
5
102F8
330
FEC5
100
AcDbEntity
100
AcDbCircle
8
KBL_ENERJI_2X25
10
-448.99
20
1760.5
30
0
40
2.646
0
CIRCLE
5
102F9
330
FEC5
100
AcDbEntity
100
AcDbCircle
8
KBL_ENERJI_2X25
10
-441.01
20
1760.5
30
0
40
3.78
0
CIRCLE
5
102FA
330
FEC5
100
AcDbEntity
100
AcDbCircle
8
KBL_ENERJI_2X25
10
-441.01
20
1760.5
30
0
40
2.646
0
CIRCLE
5
102FB
330
FEC5
100
AcDbEntity
100
AcDbCircle
8
KBL_ENERJI_2X25
10
-422
20
1760.5
30
0
40
10.5
0
CIRCLE
5
102FC
330
FEC5
100
AcDbEntity
100
AcDbCircle
8
KBL_ENERJI_2X25
10
-422
20
1760.5
30
0
40
9.450000000000001
0
CIRCLE
5
102FD
330
FEC5
100
AcDbEntity
100
AcDbCircle
8
KBL_ENERJI_2X25
10
-425.99
20
1760.5
30
0
40
3.78
0
CIRCLE
5
102FE
330
FEC5
100
AcDbEntity
100
AcDbCircle
8
KBL_ENERJI_2X25
10
-425.99
20
1760.5
30
0
40
2.646
0
CIRCLE
5
102FF
330
FEC5
100
AcDbEntity
100
AcDbCircle
8
KBL_ENERJI_2X25
10
-418.01
20
1760.5
30
0
40
3.78
0
CIRCLE
5
10300
330
FEC5
100
AcDbEntity
100
AcDbCircle
8
KBL_ENERJI_2X25
10
-418.01
20
1760.5
30
0
40
2.646
0
CIRCLE
5
10301
330
FEC5
100
AcDbEntity
100
AcDbCircle
8
KBL_ENERJI_2X25
10
-399
20
1760.5
30
0
40
10.5
0
CIRCLE
5
10302
330
FEC5
100
AcDbEntity
100
AcDbCircle
8
KBL_ENERJI_2X25
10
-399
20
1760.5
30
0
40
9.450000000000001
0
CIRCLE
5
10303
330
FEC5
100
AcDbEntity
100
AcDbCircle
8
KBL_ENERJI_2X25
10
-402.99
20
1760.5
30
0
40
3.78
0
CIRCLE
5
10304
330
FEC5
100
AcDbEntity
100
AcDbCircle
8
KBL_ENERJI_2X25
10
-402.99
20
1760.5
30
0
40
2.646
0
CIRCLE
5
10305
330
FEC5
100
AcDbEntity
100
AcDbCircle
8
KBL_ENERJI_2X25
10
-395.01
20
1760.5
30
0
40
3.78
0
CIRCLE
5
10306
330
FEC5
100
AcDbEntity
100
AcDbCircle
8
KBL_ENERJI_2X25
10
-395.01
20
1760.5
30
0
40
2.646
0
CIRCLE
5
10307
330
FEC5
100
AcDbEntity
100
AcDbCircle
8
KBL_ENERJI_2X25
10
-376
20
1760.5
30
0
40
10.5
0
CIRCLE
5
10308
330
FEC5
100
AcDbEntity
100
AcDbCircle
8
KBL_ENERJI_2X25
10
-376
20
1760.5
30
0
40
9.450000000000001
0
CIRCLE
5
10309
330
FEC5
100
AcDbEntity
100
AcDbCircle
8
KBL_ENERJI_2X25
10
-379.99
20
1760.5
30
0
40
3.78
0
CIRCLE
5
1030A
330
FEC5
100
AcDbEntity
100
AcDbCircle
8
KBL_ENERJI_2X25
10
-379.99
20
1760.5
30
0
40
2.646
0
CIRCLE
5
1030B
330
FEC5
100
AcDbEntity
100
AcDbCircle
8
KBL_ENERJI_2X25
10
-372.01
20
1760.5
30
0
40
3.78
0
CIRCLE
5
1030C
330
FEC5
100
AcDbEntity
100
AcDbCircle
8
KBL_ENERJI_2X25
10
-372.01
20
1760.5
30
0
40
2.646
0
CIRCLE
5
1030D
330
FEC5
100
AcDbEntity
100
AcDbCircle
8
KBL_ENERJI_2X25
10
-445
20
1782.5
30
0
40
10.5
0
CIRCLE
5
1030E
330
FEC5
100
AcDbEntity
100
AcDbCircle
8
KBL_ENERJI_2X25
10
-445
20
1782.5
30
0
40
9.450000000000001
0
CIRCLE
5
1030F
330
FEC5
100
AcDbEntity
100
AcDbCircle
8
KBL_ENERJI_2X25
10
-448.99
20
1782.5
30
0
40
3.78
0
CIRCLE
5
10310
330
FEC5
100
AcDbEntity
100
AcDbCircle
8
KBL_ENERJI_2X25
10
-448.99
20
1782.5
30
0
40
2.646
0
CIRCLE
5
10311
330
FEC5
100
AcDbEntity
100
AcDbCircle
8
KBL_ENERJI_2X25
10
-441.01
20
1782.5
30
0
40
3.78
0
CIRCLE
5
10312
330
FEC5
100
AcDbEntity
100
AcDbCircle
8
KBL_ENERJI_2X25
10
-441.01
20
1782.5
30
0
40
2.646
0
CIRCLE
5
10313
330
FEC5
100
AcDbEntity
100
AcDbCircle
8
KBL_ENERJI_2X25
10
-422
20
1782.5
30
0
40
10.5
0
CIRCLE
5
10314
330
FEC5
100
AcDbEntity
100
AcDbCircle
8
KBL_ENERJI_2X25
10
-422
20
1782.5
30
0
40
9.450000000000001
0
CIRCLE
5
10315
330
FEC5
100
AcDbEntity
100
AcDbCircle
8
KBL_ENERJI_2X25
10
-425.99
20
1782.5
30
0
40
3.78
0
CIRCLE
5
10316
330
FEC5
100
AcDbEntity
100
AcDbCircle
8
KBL_ENERJI_2X25
10
-425.99
20
1782.5
30
0
40
2.646
0
CIRCLE
5
10317
330
FEC5
100
AcDbEntity
100
AcDbCircle
8
KBL_ENERJI_2X25
10
-418.01
20
1782.5
30
0
40
3.78
0
CIRCLE
5
10318
330
FEC5
100
AcDbEntity
100
AcDbCircle
8
KBL_ENERJI_2X25
10
-418.01
20
1782.5
30
0
40
2.646
0
CIRCLE
5
10319
330
FEC5
100
AcDbEntity
100
AcDbCircle
8
KBL_ENERJI_2X25
10
-399
20
1782.5
30
0
40
10.5
0
CIRCLE
5
1031A
330
FEC5
100
AcDbEntity
100
AcDbCircle
8
KBL_ENERJI_2X25
10
-399
20
1782.5
30
0
40
9.450000000000001
0
CIRCLE
5
1031B
330
FEC5
100
AcDbEntity
100
AcDbCircle
8
KBL_ENERJI_2X25
10
-402.99
20
1782.5
30
0
40
3.78
0
CIRCLE
5
1031C
330
FEC5
100
AcDbEntity
100
AcDbCircle
8
KBL_ENERJI_2X25
10
-402.99
20
1782.5
30
0
40
2.646
0
CIRCLE
5
1031D
330
FEC5
100
AcDbEntity
100
AcDbCircle
8
KBL_ENERJI_2X25
10
-395.01
20
1782.5
30
0
40
3.78
0
CIRCLE
5
1031E
330
FEC5
100
AcDbEntity
100
AcDbCircle
8
KBL_ENERJI_2X25
10
-395.01
20
1782.5
30
0
40
2.646
0
CIRCLE
5
1031F
330
FEC5
100
AcDbEntity
100
AcDbCircle
8
KBL_ENERJI_2X25
10
-376
20
1782.5
30
0
40
10.5
0
CIRCLE
5
10320
330
FEC5
100
AcDbEntity
100
AcDbCircle
8
KBL_ENERJI_2X25
10
-376
20
1782.5
30
0
40
9.450000000000001
0
CIRCLE
5
10321
330
FEC5
100
AcDbEntity
100
AcDbCircle
8
KBL_ENERJI_2X25
10
-379.99
20
1782.5
30
0
40
3.78
0
CIRCLE
5
10322
330
FEC5
100
AcDbEntity
100
AcDbCircle
8
KBL_ENERJI_2X25
10
-379.99
20
1782.5
30
0
40
2.646
0
CIRCLE
5
10323
330
FEC5
100
AcDbEntity
100
AcDbCircle
8
KBL_ENERJI_2X25
10
-372.01
20
1782.5
30
0
40
3.78
0
CIRCLE
5
10324
330
FEC5
100
AcDbEntity
100
AcDbCircle
8
KBL_ENERJI_2X25
10
-372.01
20
1782.5
30
0
40
2.646
0
CIRCLE
5
10325
330
FEC5
100
AcDbEntity
100
AcDbCircle
8
KBL_ENERJI_2X25
10
-445
20
1804.5
30
0
40
10.5
0
CIRCLE
5
10326
330
FEC5
100
AcDbEntity
100
AcDbCircle
8
KBL_ENERJI_2X25
10
-445
20
1804.5
30
0
40
9.450000000000001
0
CIRCLE
5
10327
330
FEC5
100
AcDbEntity
100
AcDbCircle
8
KBL_ENERJI_2X25
10
-448.99
20
1804.5
30
0
40
3.78
0
CIRCLE
5
10328
330
FEC5
100
AcDbEntity
100
AcDbCircle
8
KBL_ENERJI_2X25
10
-448.99
20
1804.5
30
0
40
2.646
0
CIRCLE
5
10329
330
FEC5
100
AcDbEntity
100
AcDbCircle
8
KBL_ENERJI_2X25
10
-441.01
20
1804.5
30
0
40
3.78
0
CIRCLE
5
1032A
330
FEC5
100
AcDbEntity
100
AcDbCircle
8
KBL_ENERJI_2X25
10
-441.01
20
1804.5
30
0
40
2.646
0
CIRCLE
5
1032B
330
FEC5
100
AcDbEntity
100
AcDbCircle
8
KBL_ENERJI_2X25
10
-422
20
1804.5
30
0
40
10.5
0
CIRCLE
5
1032C
330
FEC5
100
AcDbEntity
100
AcDbCircle
8
KBL_ENERJI_2X25
10
-422
20
1804.5
30
0
40
9.450000000000001
0
CIRCLE
5
1032D
330
FEC5
100
AcDbEntity
100
AcDbCircle
8
KBL_ENERJI_2X25
10
-425.99
20
1804.5
30
0
40
3.78
0
CIRCLE
5
1032E
330
FEC5
100
AcDbEntity
100
AcDbCircle
8
KBL_ENERJI_2X25
10
-425.99
20
1804.5
30
0
40
2.646
0
CIRCLE
5
1032F
330
FEC5
100
AcDbEntity
100
AcDbCircle
8
KBL_ENERJI_2X25
10
-418.01
20
1804.5
30
0
40
3.78
0
CIRCLE
5
10330
330
FEC5
100
AcDbEntity
100
AcDbCircle
8
KBL_ENERJI_2X25
10
-418.01
20
1804.5
30
0
40
2.646
0
CIRCLE
5
10331
330
FEC5
100
AcDbEntity
100
AcDbCircle
8
KBL_ENERJI_2X25
10
-399
20
1804.5
30
0
40
10.5
0
CIRCLE
5
10332
330
FEC5
100
AcDbEntity
100
AcDbCircle
8
KBL_ENERJI_2X25
10
-399
20
1804.5
30
0
40
9.450000000000001
0
CIRCLE
5
10333
330
FEC5
100
AcDbEntity
100
AcDbCircle
8
KBL_ENERJI_2X25
10
-402.99
20
1804.5
30
0
40
3.78
0
CIRCLE
5
10334
330
FEC5
100
AcDbEntity
100
AcDbCircle
8
KBL_ENERJI_2X25
10
-402.99
20
1804.5
30
0
40
2.646
0
CIRCLE
5
10335
330
FEC5
100
AcDbEntity
100
AcDbCircle
8
KBL_ENERJI_2X25
10
-395.01
20
1804.5
30
0
40
3.78
0
CIRCLE
5
10336
330
FEC5
100
AcDbEntity
100
AcDbCircle
8
KBL_ENERJI_2X25
10
-395.01
20
1804.5
30
0
40
2.646
0
CIRCLE
5
10337
330
FEC5
100
AcDbEntity
100
AcDbCircle
8
KBL_ENERJI_2X25
10
-376
20
1804.5
30
0
40
10.5
0
CIRCLE
5
10338
330
FEC5
100
AcDbEntity
100
AcDbCircle
8
KBL_ENERJI_2X25
10
-376
20
1804.5
30
0
40
9.450000000000001
0
CIRCLE
5
10339
330
FEC5
100
AcDbEntity
100
AcDbCircle
8
KBL_ENERJI_2X25
10
-379.99
20
1804.5
30
0
40
3.78
0
CIRCLE
5
1033A
330
FEC5
100
AcDbEntity
100
AcDbCircle
8
KBL_ENERJI_2X25
10
-379.99
20
1804.5
30
0
40
2.646
0
CIRCLE
5
1033B
330
FEC5
100
AcDbEntity
100
AcDbCircle
8
KBL_ENERJI_2X25
10
-372.01
20
1804.5
30
0
40
3.78
0
CIRCLE
5
1033C
330
FEC5
100
AcDbEntity
100
AcDbCircle
8
KBL_ENERJI_2X25
10
-372.01
20
1804.5
30
0
40
2.646
0
CIRCLE
5
1033D
330
FEC5
100
AcDbEntity
100
AcDbCircle
8
KBL_ENERJI_2X25
10
-445
20
1826.5
30
0
40
10.5
0
CIRCLE
5
1033E
330
FEC5
100
AcDbEntity
100
AcDbCircle
8
KBL_ENERJI_2X25
10
-445
20
1826.5
30
0
40
9.450000000000001
0
CIRCLE
5
1033F
330
FEC5
100
AcDbEntity
100
AcDbCircle
8
KBL_ENERJI_2X25
10
-448.99
20
1826.5
30
0
40
3.78
0
CIRCLE
5
10340
330
FEC5
100
AcDbEntity
100
AcDbCircle
8
KBL_ENERJI_2X25
10
-448.99
20
1826.5
30
0
40
2.646
0
CIRCLE
5
10341
330
FEC5
100
AcDbEntity
100
AcDbCircle
8
KBL_ENERJI_2X25
10
-441.01
20
1826.5
30
0
40
3.78
0
CIRCLE
5
10342
330
FEC5
100
AcDbEntity
100
AcDbCircle
8
KBL_ENERJI_2X25
10
-441.01
20
1826.5
30
0
40
2.646
0
CIRCLE
5
10973
330
FEC5
100
AcDbEntity
100
AcDbCircle
8
KBL_ENERJI_2X25
10
340
20
1260.5
30
0
40
10.5
0
CIRCLE
5
10974
330
FEC5
100
AcDbEntity
100
AcDbCircle
8
KBL_ENERJI_2X25
10
340
20
1260.5
30
0
40
9.450000000000001
0
CIRCLE
5
10975
330
FEC5
100
AcDbEntity
100
AcDbCircle
8
KBL_ENERJI_2X25
10
336.01
20
1260.5
30
0
40
3.78
0
CIRCLE
5
10976
330
FEC5
100
AcDbEntity
100
AcDbCircle
8
KBL_ENERJI_2X25
10
336.01
20
1260.5
30
0
40
2.646
0
CIRCLE
5
10977
330
FEC5
100
AcDbEntity
100
AcDbCircle
8
KBL_ENERJI_2X25
10
343.99
20
1260.5
30
0
40
3.78
0
CIRCLE
5
10978
330
FEC5
100
AcDbEntity
100
AcDbCircle
8
KBL_ENERJI_2X25
10
343.99
20
1260.5
30
0
40
2.646
0
CIRCLE
5
10979
330
FEC5
100
AcDbEntity
100
AcDbCircle
8
KBL_ENERJI_2X25
10
372
20
1260.5
30
0
40
10.5
0
CIRCLE
5
1097A
330
FEC5
100
AcDbEntity
100
AcDbCircle
8
KBL_ENERJI_2X25
10
372
20
1260.5
30
0
40
9.450000000000001
0
CIRCLE
5
1097B
330
FEC5
100
AcDbEntity
100
AcDbCircle
8
KBL_ENERJI_2X25
10
368.01
20
1260.5
30
0
40
3.78
0
CIRCLE
5
1097C
330
FEC5
100
AcDbEntity
100
AcDbCircle
8
KBL_ENERJI_2X25
10
368.01
20
1260.5
30
0
40
2.646
0
CIRCLE
5
1097D
330
FEC5
100
AcDbEntity
100
AcDbCircle
8
KBL_ENERJI_2X25
10
375.99
20
1260.5
30
0
40
3.78
0
CIRCLE
5
1097E
330
FEC5
100
AcDbEntity
100
AcDbCircle
8
KBL_ENERJI_2X25
10
375.99
20
1260.5
30
0
40
2.646
0
CIRCLE
5
1097F
330
FEC5
100
AcDbEntity
100
AcDbCircle
8
KBL_ENERJI_2X25
10
404
20
1260.5
30
0
40
10.5
0
CIRCLE
5
10980
330
FEC5
100
AcDbEntity
100
AcDbCircle
8
KBL_ENERJI_2X25
10
404
20
1260.5
30
0
40
9.450000000000001
0
CIRCLE
5
10981
330
FEC5
100
AcDbEntity
100
AcDbCircle
8
KBL_ENERJI_2X25
10
400.01
20
1260.5
30
0
40
3.78
0
CIRCLE
5
10982
330
FEC5
100
AcDbEntity
100
AcDbCircle
8
KBL_ENERJI_2X25
10
400.01
20
1260.5
30
0
40
2.646
0
CIRCLE
5
10983
330
FEC5
100
AcDbEntity
100
AcDbCircle
8
KBL_ENERJI_2X25
10
407.99
20
1260.5
30
0
40
3.78
0
CIRCLE
5
10984
330
FEC5
100
AcDbEntity
100
AcDbCircle
8
KBL_ENERJI_2X25
10
407.99
20
1260.5
30
0
40
2.646
0
CIRCLE
5
10985
330
FEC5
100
AcDbEntity
100
AcDbCircle
8
KBL_ENERJI_2X25
10
436
20
1260.5
30
0
40
10.5
0
CIRCLE
5
10986
330
FEC5
100
AcDbEntity
100
AcDbCircle
8
KBL_ENERJI_2X25
10
436
20
1260.5
30
0
40
9.450000000000001
0
CIRCLE
5
10987
330
FEC5
100
AcDbEntity
100
AcDbCircle
8
KBL_ENERJI_2X25
10
432.01
20
1260.5
30
0
40
3.78
0
CIRCLE
5
10988
330
FEC5
100
AcDbEntity
100
AcDbCircle
8
KBL_ENERJI_2X25
10
432.01
20
1260.5
30
0
40
2.646
0
CIRCLE
5
10989
330
FEC5
100
AcDbEntity
100
AcDbCircle
8
KBL_ENERJI_2X25
10
439.99
20
1260.5
30
0
40
3.78
0
CIRCLE
5
1098A
330
FEC5
100
AcDbEntity
100
AcDbCircle
8
KBL_ENERJI_2X25
10
439.99
20
1260.5
30
0
40
2.646
0
CIRCLE
5
1098B
330
FEC5
100
AcDbEntity
100
AcDbCircle
8
KBL_ENERJI_2X25
10
468
20
1260.5
30
0
40
10.5
0
CIRCLE
5
1098C
330
FEC5
100
AcDbEntity
100
AcDbCircle
8
KBL_ENERJI_2X25
10
468
20
1260.5
30
0
40
9.450000000000001
0
CIRCLE
5
1098D
330
FEC5
100
AcDbEntity
100
AcDbCircle
8
KBL_ENERJI_2X25
10
464.01
20
1260.5
30
0
40
3.78
0
CIRCLE
5
1098E
330
FEC5
100
AcDbEntity
100
AcDbCircle
8
KBL_ENERJI_2X25
10
464.01
20
1260.5
30
0
40
2.646
0
CIRCLE
5
1098F
330
FEC5
100
AcDbEntity
100
AcDbCircle
8
KBL_ENERJI_2X25
10
471.99
20
1260.5
30
0
40
3.78
0
CIRCLE
5
10990
330
FEC5
100
AcDbEntity
100
AcDbCircle
8
KBL_ENERJI_2X25
10
471.99
20
1260.5
30
0
40
2.646
0
CIRCLE
5
10991
330
FEC5
100
AcDbEntity
100
AcDbCircle
8
KBL_ENERJI_2X25
10
500
20
1260.5
30
0
40
10.5
0
CIRCLE
5
10992
330
FEC5
100
AcDbEntity
100
AcDbCircle
8
KBL_ENERJI_2X25
10
500
20
1260.5
30
0
40
9.450000000000001
0
CIRCLE
5
10993
330
FEC5
100
AcDbEntity
100
AcDbCircle
8
KBL_ENERJI_2X25
10
496.01
20
1260.5
30
0
40
3.78
0
CIRCLE
5
10994
330
FEC5
100
AcDbEntity
100
AcDbCircle
8
KBL_ENERJI_2X25
10
496.01
20
1260.5
30
0
40
2.646
0
CIRCLE
5
10995
330
FEC5
100
AcDbEntity
100
AcDbCircle
8
KBL_ENERJI_2X25
10
503.99
20
1260.5
30
0
40
3.78
0
CIRCLE
5
10996
330
FEC5
100
AcDbEntity
100
AcDbCircle
8
KBL_ENERJI_2X25
10
503.99
20
1260.5
30
0
40
2.646
0
CIRCLE
5
10997
330
FEC5
100
AcDbEntity
100
AcDbCircle
8
KBL_ENERJI_2X25
10
532
20
1260.5
30
0
40
10.5
0
CIRCLE
5
10998
330
FEC5
100
AcDbEntity
100
AcDbCircle
8
KBL_ENERJI_2X25
10
532
20
1260.5
30
0
40
9.450000000000001
0
CIRCLE
5
10999
330
FEC5
100
AcDbEntity
100
AcDbCircle
8
KBL_ENERJI_2X25
10
528.01
20
1260.5
30
0
40
3.78
0
CIRCLE
5
1099A
330
FEC5
100
AcDbEntity
100
AcDbCircle
8
KBL_ENERJI_2X25
10
528.01
20
1260.5
30
0
40
2.646
0
CIRCLE
5
1099B
330
FEC5
100
AcDbEntity
100
AcDbCircle
8
KBL_ENERJI_2X25
10
535.99
20
1260.5
30
0
40
3.78
0
CIRCLE
5
1099C
330
FEC5
100
AcDbEntity
100
AcDbCircle
8
KBL_ENERJI_2X25
10
535.99
20
1260.5
30
0
40
2.646
0
CIRCLE
5
1099D
330
FEC5
100
AcDbEntity
100
AcDbCircle
8
KBL_ENERJI_2X25
10
340
20
1286.5
30
0
40
10.5
0
CIRCLE
5
1099E
330
FEC5
100
AcDbEntity
100
AcDbCircle
8
KBL_ENERJI_2X25
10
340
20
1286.5
30
0
40
9.450000000000001
0
CIRCLE
5
1099F
330
FEC5
100
AcDbEntity
100
AcDbCircle
8
KBL_ENERJI_2X25
10
336.01
20
1286.5
30
0
40
3.78
0
CIRCLE
5
109A0
330
FEC5
100
AcDbEntity
100
AcDbCircle
8
KBL_ENERJI_2X25
10
336.01
20
1286.5
30
0
40
2.646
0
CIRCLE
5
109A1
330
FEC5
100
AcDbEntity
100
AcDbCircle
8
KBL_ENERJI_2X25
10
343.99
20
1286.5
30
0
40
3.78
0
CIRCLE
5
109A2
330
FEC5
100
AcDbEntity
100
AcDbCircle
8
KBL_ENERJI_2X25
10
343.99
20
1286.5
30
0
40
2.646
0
CIRCLE
5
109A3
330
FEC5
100
AcDbEntity
100
AcDbCircle
8
KBL_ENERJI_2X25
10
372
20
1286.5
30
0
40
10.5
0
CIRCLE
5
109A4
330
FEC5
100
AcDbEntity
100
AcDbCircle
8
KBL_ENERJI_2X25
10
372
20
1286.5
30
0
40
9.450000000000001
0
CIRCLE
5
109A5
330
FEC5
100
AcDbEntity
100
AcDbCircle
8
KBL_ENERJI_2X25
10
368.01
20
1286.5
30
0
40
3.78
0
CIRCLE
5
109A6
330
FEC5
100
AcDbEntity
100
AcDbCircle
8
KBL_ENERJI_2X25
10
368.01
20
1286.5
30
0
40
2.646
0
CIRCLE
5
109A7
330
FEC5
100
AcDbEntity
100
AcDbCircle
8
KBL_ENERJI_2X25
10
375.99
20
1286.5
30
0
40
3.78
0
CIRCLE
5
109A8
330
FEC5
100
AcDbEntity
100
AcDbCircle
8
KBL_ENERJI_2X25
10
375.99
20
1286.5
30
0
40
2.646
0
CIRCLE
5
109A9
330
FEC5
100
AcDbEntity
100
AcDbCircle
8
KBL_ENERJI_2X25
10
404
20
1286.5
30
0
40
10.5
0
CIRCLE
5
109AA
330
FEC5
100
AcDbEntity
100
AcDbCircle
8
KBL_ENERJI_2X25
10
404
20
1286.5
30
0
40
9.450000000000001
0
CIRCLE
5
109AB
330
FEC5
100
AcDbEntity
100
AcDbCircle
8
KBL_ENERJI_2X25
10
400.01
20
1286.5
30
0
40
3.78
0
CIRCLE
5
109AC
330
FEC5
100
AcDbEntity
100
AcDbCircle
8
KBL_ENERJI_2X25
10
400.01
20
1286.5
30
0
40
2.646
0
CIRCLE
5
109AD
330
FEC5
100
AcDbEntity
100
AcDbCircle
8
KBL_ENERJI_2X25
10
407.99
20
1286.5
30
0
40
3.78
0
CIRCLE
5
109AE
330
FEC5
100
AcDbEntity
100
AcDbCircle
8
KBL_ENERJI_2X25
10
407.99
20
1286.5
30
0
40
2.646
0
CIRCLE
5
109AF
330
FEC5
100
AcDbEntity
100
AcDbCircle
8
KBL_ENERJI_2X25
10
436
20
1286.5
30
0
40
10.5
0
CIRCLE
5
109B0
330
FEC5
100
AcDbEntity
100
AcDbCircle
8
KBL_ENERJI_2X25
10
436
20
1286.5
30
0
40
9.450000000000001
0
CIRCLE
5
109B1
330
FEC5
100
AcDbEntity
100
AcDbCircle
8
KBL_ENERJI_2X25
10
432.01
20
1286.5
30
0
40
3.78
0
CIRCLE
5
109B2
330
FEC5
100
AcDbEntity
100
AcDbCircle
8
KBL_ENERJI_2X25
10
432.01
20
1286.5
30
0
40
2.646
0
CIRCLE
5
109B3
330
FEC5
100
AcDbEntity
100
AcDbCircle
8
KBL_ENERJI_2X25
10
439.99
20
1286.5
30
0
40
3.78
0
CIRCLE
5
109B4
330
FEC5
100
AcDbEntity
100
AcDbCircle
8
KBL_ENERJI_2X25
10
439.99
20
1286.5
30
0
40
2.646
0
CIRCLE
5
109B5
330
FEC5
100
AcDbEntity
100
AcDbCircle
8
KBL_ENERJI_2X25
10
468
20
1286.5
30
0
40
10.5
0
CIRCLE
5
109B6
330
FEC5
100
AcDbEntity
100
AcDbCircle
8
KBL_ENERJI_2X25
10
468
20
1286.5
30
0
40
9.450000000000001
0
CIRCLE
5
109B7
330
FEC5
100
AcDbEntity
100
AcDbCircle
8
KBL_ENERJI_2X25
10
464.01
20
1286.5
30
0
40
3.78
0
CIRCLE
5
109B8
330
FEC5
100
AcDbEntity
100
AcDbCircle
8
KBL_ENERJI_2X25
10
464.01
20
1286.5
30
0
40
2.646
0
CIRCLE
5
109B9
330
FEC5
100
AcDbEntity
100
AcDbCircle
8
KBL_ENERJI_2X25
10
471.99
20
1286.5
30
0
40
3.78
0
CIRCLE
5
109BA
330
FEC5
100
AcDbEntity
100
AcDbCircle
8
KBL_ENERJI_2X25
10
471.99
20
1286.5
30
0
40
2.646
0
CIRCLE
5
109BB
330
FEC5
100
AcDbEntity
100
AcDbCircle
8
KBL_ENERJI_2X25
10
500
20
1286.5
30
0
40
10.5
0
CIRCLE
5
109BC
330
FEC5
100
AcDbEntity
100
AcDbCircle
8
KBL_ENERJI_2X25
10
500
20
1286.5
30
0
40
9.450000000000001
0
CIRCLE
5
109BD
330
FEC5
100
AcDbEntity
100
AcDbCircle
8
KBL_ENERJI_2X25
10
496.01
20
1286.5
30
0
40
3.78
0
CIRCLE
5
109BE
330
FEC5
100
AcDbEntity
100
AcDbCircle
8
KBL_ENERJI_2X25
10
496.01
20
1286.5
30
0
40
2.646
0
CIRCLE
5
109BF
330
FEC5
100
AcDbEntity
100
AcDbCircle
8
KBL_ENERJI_2X25
10
503.99
20
1286.5
30
0
40
3.78
0
CIRCLE
5
109C0
330
FEC5
100
AcDbEntity
100
AcDbCircle
8
KBL_ENERJI_2X25
10
503.99
20
1286.5
30
0
40
2.646
0
CIRCLE
5
10A5D
330
FEC5
100
AcDbEntity
100
AcDbCircle
8
KBL_ENERJI_2X25
10
610
20
295
30
0
40
10.5
0
CIRCLE
5
10A5E
330
FEC5
100
AcDbEntity
100
AcDbCircle
8
KBL_ENERJI_2X25
10
610
20
295
30
0
40
9.450000000000001
0
CIRCLE
5
10A5F
330
FEC5
100
AcDbEntity
100
AcDbCircle
8
KBL_ENERJI_2X25
10
606.01
20
295
30
0
40
3.78
0
CIRCLE
5
10A60
330
FEC5
100
AcDbEntity
100
AcDbCircle
8
KBL_ENERJI_2X25
10
606.01
20
295
30
0
40
2.646
0
CIRCLE
5
10A61
330
FEC5
100
AcDbEntity
100
AcDbCircle
8
KBL_ENERJI_2X25
10
613.99
20
295
30
0
40
3.78
0
CIRCLE
5
10A62
330
FEC5
100
AcDbEntity
100
AcDbCircle
8
KBL_ENERJI_2X25
10
613.99
20
295
30
0
40
2.646
0
CIRCLE
5
10344
330
FEC5
100
AcDbEntity
100
AcDbCircle
8
KBL_FIBER_OPTIK
10
-345
20
1756
30
0
40
6
0
CIRCLE
5
10345
330
FEC5
100
AcDbEntity
100
AcDbCircle
8
KBL_FIBER_OPTIK
10
-345
20
1756
30
0
40
5.1
0
CIRCLE
5
10346
330
FEC5
100
AcDbEntity
100
AcDbCircle
8
KBL_FIBER_OPTIK
10
-345
20
1756
30
0
40
3.9000000000000004
0
CIRCLE
5
10347
330
FEC5
100
AcDbEntity
100
AcDbCircle
8
KBL_FIBER_OPTIK
10
-345
20
1756
30
0
40
1.6800000000000002
0
CIRCLE
5
10348
330
FEC5
100
AcDbEntity
100
AcDbCircle
8
KBL_FIBER_OPTIK
10
-347.7
20
1756
30
0
40
0.72
0
CIRCLE
5
10349
330
FEC5
100
AcDbEntity
100
AcDbCircle
8
KBL_FIBER_OPTIK
10
-342.3
20
1756
30
0
40
0.72
0
CIRCLE
5
1034A
330
FEC5
100
AcDbEntity
100
AcDbCircle
8
KBL_FIBER_OPTIK
10
-345
20
1753.3
30
0
40
0.72
0
CIRCLE
5
1034B
330
FEC5
100
AcDbEntity
100
AcDbCircle
8
KBL_FIBER_OPTIK
10
-345
20
1758.7
30
0
40
0.72
0
CIRCLE
5
1034C
330
FEC5
100
AcDbEntity
100
AcDbCircle
8
KBL_FIBER_OPTIK
10
-331
20
1756
30
0
40
6
0
CIRCLE
5
1034D
330
FEC5
100
AcDbEntity
100
AcDbCircle
8
KBL_FIBER_OPTIK
10
-331
20
1756
30
0
40
5.1
0
CIRCLE
5
1034E
330
FEC5
100
AcDbEntity
100
AcDbCircle
8
KBL_FIBER_OPTIK
10
-331
20
1756
30
0
40
3.9000000000000004
0
CIRCLE
5
1034F
330
FEC5
100
AcDbEntity
100
AcDbCircle
8
KBL_FIBER_OPTIK
10
-331
20
1756
30
0
40
1.6800000000000002
0
CIRCLE
5
10350
330
FEC5
100
AcDbEntity
100
AcDbCircle
8
KBL_FIBER_OPTIK
10
-333.7
20
1756
30
0
40
0.72
0
CIRCLE
5
10351
330
FEC5
100
AcDbEntity
100
AcDbCircle
8
KBL_FIBER_OPTIK
10
-328.3
20
1756
30
0
40
0.72
0
CIRCLE
5
10352
330
FEC5
100
AcDbEntity
100
AcDbCircle
8
KBL_FIBER_OPTIK
10
-331
20
1753.3
30
0
40
0.72
0
CIRCLE
5
10353
330
FEC5
100
AcDbEntity
100
AcDbCircle
8
KBL_FIBER_OPTIK
10
-331
20
1758.7
30
0
40
0.72
0
CIRCLE
5
10354
330
FEC5
100
AcDbEntity
100
AcDbCircle
8
KBL_FIBER_OPTIK
10
-317
20
1756
30
0
40
6
0
CIRCLE
5
10355
330
FEC5
100
AcDbEntity
100
AcDbCircle
8
KBL_FIBER_OPTIK
10
-317
20
1756
30
0
40
5.1
0
CIRCLE
5
10356
330
FEC5
100
AcDbEntity
100
AcDbCircle
8
KBL_FIBER_OPTIK
10
-317
20
1756
30
0
40
3.9000000000000004
0
CIRCLE
5
10357
330
FEC5
100
AcDbEntity
100
AcDbCircle
8
KBL_FIBER_OPTIK
10
-317
20
1756
30
0
40
1.6800000000000002
0
CIRCLE
5
10358
330
FEC5
100
AcDbEntity
100
AcDbCircle
8
KBL_FIBER_OPTIK
10
-319.7
20
1756
30
0
40
0.72
0
CIRCLE
5
10359
330
FEC5
100
AcDbEntity
100
AcDbCircle
8
KBL_FIBER_OPTIK
10
-314.3
20
1756
30
0
40
0.72
0
CIRCLE
5
1035A
330
FEC5
100
AcDbEntity
100
AcDbCircle
8
KBL_FIBER_OPTIK
10
-317
20
1753.3
30
0
40
0.72
0
CIRCLE
5
1035B
330
FEC5
100
AcDbEntity
100
AcDbCircle
8
KBL_FIBER_OPTIK
10
-317
20
1758.7
30
0
40
0.72
0
CIRCLE
5
109C1
330
FEC5
100
AcDbEntity
100
AcDbCircle
8
KBL_FIBER_OPTIK
10
660
20
1256
30
0
40
6
0
CIRCLE
5
109C2
330
FEC5
100
AcDbEntity
100
AcDbCircle
8
KBL_FIBER_OPTIK
10
660
20
1256
30
0
40
5.1
0
CIRCLE
5
109C3
330
FEC5
100
AcDbEntity
100
AcDbCircle
8
KBL_FIBER_OPTIK
10
660
20
1256
30
0
40
3.9000000000000004
0
CIRCLE
5
109C4
330
FEC5
100
AcDbEntity
100
AcDbCircle
8
KBL_FIBER_OPTIK
10
660
20
1256
30
0
40
1.6800000000000002
0
CIRCLE
5
109C5
330
FEC5
100
AcDbEntity
100
AcDbCircle
8
KBL_FIBER_OPTIK
10
657.3
20
1256
30
0
40
0.72
0
CIRCLE
5
109C6
330
FEC5
100
AcDbEntity
100
AcDbCircle
8
KBL_FIBER_OPTIK
10
662.7
20
1256
30
0
40
0.72
0
CIRCLE
5
109C7
330
FEC5
100
AcDbEntity
100
AcDbCircle
8
KBL_FIBER_OPTIK
10
660
20
1253.3
30
0
40
0.72
0
CIRCLE
5
109C8
330
FEC5
100
AcDbEntity
100
AcDbCircle
8
KBL_FIBER_OPTIK
10
660
20
1258.7
30
0
40
0.72
0
CIRCLE
5
109C9
330
FEC5
100
AcDbEntity
100
AcDbCircle
8
KBL_FIBER_OPTIK
10
695
20
1256
30
0
40
6
0
CIRCLE
5
109CA
330
FEC5
100
AcDbEntity
100
AcDbCircle
8
KBL_FIBER_OPTIK
10
695
20
1256
30
0
40
5.1
0
CIRCLE
5
109CB
330
FEC5
100
AcDbEntity
100
AcDbCircle
8
KBL_FIBER_OPTIK
10
695
20
1256
30
0
40
3.9000000000000004
0
CIRCLE
5
109CC
330
FEC5
100
AcDbEntity
100
AcDbCircle
8
KBL_FIBER_OPTIK
10
695
20
1256
30
0
40
1.6800000000000002
0
CIRCLE
5
109CD
330
FEC5
100
AcDbEntity
100
AcDbCircle
8
KBL_FIBER_OPTIK
10
692.3
20
1256
30
0
40
0.72
0
CIRCLE
5
109CE
330
FEC5
100
AcDbEntity
100
AcDbCircle
8
KBL_FIBER_OPTIK
10
697.7
20
1256
30
0
40
0.72
0
CIRCLE
5
109CF
330
FEC5
100
AcDbEntity
100
AcDbCircle
8
KBL_FIBER_OPTIK
10
695
20
1253.3
30
0
40
0.72
0
CIRCLE
5
109D0
330
FEC5
100
AcDbEntity
100
AcDbCircle
8
KBL_FIBER_OPTIK
10
695
20
1258.7
30
0
40
0.72
0
CIRCLE
5
109D1
330
FEC5
100
AcDbEntity
100
AcDbCircle
8
KBL_FIBER_OPTIK
10
730
20
1256
30
0
40
6
0
CIRCLE
5
109D2
330
FEC5
100
AcDbEntity
100
AcDbCircle
8
KBL_FIBER_OPTIK
10
730
20
1256
30
0
40
5.1
0
CIRCLE
5
109D3
330
FEC5
100
AcDbEntity
100
AcDbCircle
8
KBL_FIBER_OPTIK
10
730
20
1256
30
0
40
3.9000000000000004
0
CIRCLE
5
109D4
330
FEC5
100
AcDbEntity
100
AcDbCircle
8
KBL_FIBER_OPTIK
10
730
20
1256
30
0
40
1.6800000000000002
0
CIRCLE
5
109D5
330
FEC5
100
AcDbEntity
100
AcDbCircle
8
KBL_FIBER_OPTIK
10
727.3
20
1256
30
0
40
0.72
0
CIRCLE
5
109D6
330
FEC5
100
AcDbEntity
100
AcDbCircle
8
KBL_FIBER_OPTIK
10
732.7
20
1256
30
0
40
0.72
0
CIRCLE
5
109D7
330
FEC5
100
AcDbEntity
100
AcDbCircle
8
KBL_FIBER_OPTIK
10
730
20
1253.3
30
0
40
0.72
0
CIRCLE
5
109D8
330
FEC5
100
AcDbEntity
100
AcDbCircle
8
KBL_FIBER_OPTIK
10
730
20
1258.7
30
0
40
0.72
0
CIRCLE
5
10A64
330
FEC5
100
AcDbEntity
100
AcDbCircle
8
KBL_FIBER_OPTIK
10
730
20
295
30
0
40
6
0
CIRCLE
5
10A65
330
FEC5
100
AcDbEntity
100
AcDbCircle
8
KBL_FIBER_OPTIK
10
730
20
295
30
0
40
5.1
0
CIRCLE
5
10A66
330
FEC5
100
AcDbEntity
100
AcDbCircle
8
KBL_FIBER_OPTIK
10
730
20
295
30
0
40
3.9000000000000004
0
CIRCLE
5
10A67
330
FEC5
100
AcDbEntity
100
AcDbCircle
8
KBL_FIBER_OPTIK
10
730
20
295
30
0
40
1.6800000000000002
0
CIRCLE
5
10A68
330
FEC5
100
AcDbEntity
100
AcDbCircle
8
KBL_FIBER_OPTIK
10
727.3
20
295
30
0
40
0.72
0
CIRCLE
5
10A69
330
FEC5
100
AcDbEntity
100
AcDbCircle
8
KBL_FIBER_OPTIK
10
732.7
20
295
30
0
40
0.72
0
CIRCLE
5
10A6A
330
FEC5
100
AcDbEntity
100
AcDbCircle
8
KBL_FIBER_OPTIK
10
730
20
292.3
30
0
40
0.72
0
CIRCLE
5
10A6B
330
FEC5
100
AcDbEntity
100
AcDbCircle
8
KBL_FIBER_OPTIK
10
730
20
297.7
30
0
40
0.72
0
CIRCLE
5
104A5
330
FEC5
100
AcDbEntity
100
AcDbCircle
8
KBL_FEEDER_1_2
10
-440
20
1258
30
0
40
8
0
CIRCLE
5
104A6
330
FEC5
100
AcDbEntity
100
AcDbCircle
8
KBL_FEEDER_1_2
10
-440
20
1258
30
0
40
7.04
0
CIRCLE
5
104A7
330
FEC5
100
AcDbEntity
100
AcDbCircle
8
KBL_FEEDER_1_2
10
-440
20
1258
30
0
40
5.76
0
CIRCLE
5
104A8
330
FEC5
100
AcDbEntity
100
AcDbCircle
8
KBL_FEEDER_1_2
10
-440
20
1258
30
0
40
2.8
0
CIRCLE
5
104A9
330
FEC5
100
AcDbEntity
100
AcDbCircle
8
KBL_FEEDER_1_2
10
-440
20
1258
30
0
40
1.76
0
LINE
5
104AA
330
FEC5
100
AcDbEntity
100
AcDbLine
8
KBL_FEEDER_1_2
10
-442
20
1258
30
0
11
-438
21
1258
31
0
0
LINE
5
104AB
330
FEC5
100
AcDbEntity
100
AcDbLine
8
KBL_FEEDER_1_2
10
-440
20
1256
30
0
11
-440
21
1260
31
0
0
CIRCLE
5
104AC
330
FEC5
100
AcDbEntity
100
AcDbCircle
8
KBL_FEEDER_1_2
10
-422
20
1258
30
0
40
8
0
CIRCLE
5
104AD
330
FEC5
100
AcDbEntity
100
AcDbCircle
8
KBL_FEEDER_1_2
10
-422
20
1258
30
0
40
7.04
0
CIRCLE
5
104AE
330
FEC5
100
AcDbEntity
100
AcDbCircle
8
KBL_FEEDER_1_2
10
-422
20
1258
30
0
40
5.76
0
CIRCLE
5
104AF
330
FEC5
100
AcDbEntity
100
AcDbCircle
8
KBL_FEEDER_1_2
10
-422
20
1258
30
0
40
2.8
0
CIRCLE
5
104B0
330
FEC5
100
AcDbEntity
100
AcDbCircle
8
KBL_FEEDER_1_2
10
-422
20
1258
30
0
40
1.76
0
LINE
5
104B1
330
FEC5
100
AcDbEntity
100
AcDbLine
8
KBL_FEEDER_1_2
10
-424
20
1258
30
0
11
-420
21
1258
31
0
0
LINE
5
104B2
330
FEC5
100
AcDbEntity
100
AcDbLine
8
KBL_FEEDER_1_2
10
-422
20
1256
30
0
11
-422
21
1260
31
0
0
CIRCLE
5
104B3
330
FEC5
100
AcDbEntity
100
AcDbCircle
8
KBL_FEEDER_1_2
10
-404
20
1258
30
0
40
8
0
CIRCLE
5
104B4
330
FEC5
100
AcDbEntity
100
AcDbCircle
8
KBL_FEEDER_1_2
10
-404
20
1258
30
0
40
7.04
0
CIRCLE
5
104B5
330
FEC5
100
AcDbEntity
100
AcDbCircle
8
KBL_FEEDER_1_2
10
-404
20
1258
30
0
40
5.76
0
CIRCLE
5
104B6
330
FEC5
100
AcDbEntity
100
AcDbCircle
8
KBL_FEEDER_1_2
10
-404
20
1258
30
0
40
2.8
0
CIRCLE
5
104B7
330
FEC5
100
AcDbEntity
100
AcDbCircle
8
KBL_FEEDER_1_2
10
-404
20
1258
30
0
40
1.76
0
LINE
5
104B8
330
FEC5
100
AcDbEntity
100
AcDbLine
8
KBL_FEEDER_1_2
10
-406
20
1258
30
0
11
-402
21
1258
31
0
0
LINE
5
104B9
330
FEC5
100
AcDbEntity
100
AcDbLine
8
KBL_FEEDER_1_2
10
-404
20
1256
30
0
11
-404
21
1260
31
0
0
CIRCLE
5
104BA
330
FEC5
100
AcDbEntity
100
AcDbCircle
8
KBL_FEEDER_1_2
10
-386
20
1258
30
0
40
8
0
CIRCLE
5
104BB
330
FEC5
100
AcDbEntity
100
AcDbCircle
8
KBL_FEEDER_1_2
10
-386
20
1258
30
0
40
7.04
0
CIRCLE
5
104BC
330
FEC5
100
AcDbEntity
100
AcDbCircle
8
KBL_FEEDER_1_2
10
-386
20
1258
30
0
40
5.76
0
CIRCLE
5
104BD
330
FEC5
100
AcDbEntity
100
AcDbCircle
8
KBL_FEEDER_1_2
10
-386
20
1258
30
0
40
2.8
0
CIRCLE
5
104BE
330
FEC5
100
AcDbEntity
100
AcDbCircle
8
KBL_FEEDER_1_2
10
-386
20
1258
30
0
40
1.76
0
LINE
5
104BF
330
FEC5
100
AcDbEntity
100
AcDbLine
8
KBL_FEEDER_1_2
10
-388
20
1258
30
0
11
-384
21
1258
31
0
0
LINE
5
104C0
330
FEC5
100
AcDbEntity
100
AcDbLine
8
KBL_FEEDER_1_2
10
-386
20
1256
30
0
11
-386
21
1260
31
0
0
CIRCLE
5
104C1
330
FEC5
100
AcDbEntity
100
AcDbCircle
8
KBL_FEEDER_1_2
10
-368
20
1258
30
0
40
8
0
CIRCLE
5
104C2
330
FEC5
100
AcDbEntity
100
AcDbCircle
8
KBL_FEEDER_1_2
10
-368
20
1258
30
0
40
7.04
0
CIRCLE
5
104C3
330
FEC5
100
AcDbEntity
100
AcDbCircle
8
KBL_FEEDER_1_2
10
-368
20
1258
30
0
40
5.76
0
CIRCLE
5
104C4
330
FEC5
100
AcDbEntity
100
AcDbCircle
8
KBL_FEEDER_1_2
10
-368
20
1258
30
0
40
2.8
0
CIRCLE
5
104C5
330
FEC5
100
AcDbEntity
100
AcDbCircle
8
KBL_FEEDER_1_2
10
-368
20
1258
30
0
40
1.76
0
LINE
5
104C6
330
FEC5
100
AcDbEntity
100
AcDbLine
8
KBL_FEEDER_1_2
10
-370
20
1258
30
0
11
-366
21
1258
31
0
0
LINE
5
104C7
330
FEC5
100
AcDbEntity
100
AcDbLine
8
KBL_FEEDER_1_2
10
-368
20
1256
30
0
11
-368
21
1260
31
0
0
CIRCLE
5
104C8
330
FEC5
100
AcDbEntity
100
AcDbCircle
8
KBL_FEEDER_1_2
10
-440
20
1276
30
0
40
8
0
CIRCLE
5
104C9
330
FEC5
100
AcDbEntity
100
AcDbCircle
8
KBL_FEEDER_1_2
10
-440
20
1276
30
0
40
7.04
0
CIRCLE
5
104CA
330
FEC5
100
AcDbEntity
100
AcDbCircle
8
KBL_FEEDER_1_2
10
-440
20
1276
30
0
40
5.76
0
CIRCLE
5
104CB
330
FEC5
100
AcDbEntity
100
AcDbCircle
8
KBL_FEEDER_1_2
10
-440
20
1276
30
0
40
2.8
0
CIRCLE
5
104CC
330
FEC5
100
AcDbEntity
100
AcDbCircle
8
KBL_FEEDER_1_2
10
-440
20
1276
30
0
40
1.76
0
LINE
5
104CD
330
FEC5
100
AcDbEntity
100
AcDbLine
8
KBL_FEEDER_1_2
10
-442
20
1276
30
0
11
-438
21
1276
31
0
0
LINE
5
104CE
330
FEC5
100
AcDbEntity
100
AcDbLine
8
KBL_FEEDER_1_2
10
-440
20
1274
30
0
11
-440
21
1278
31
0
0
CIRCLE
5
104CF
330
FEC5
100
AcDbEntity
100
AcDbCircle
8
KBL_FEEDER_1_2
10
-422
20
1276
30
0
40
8
0
CIRCLE
5
104D0
330
FEC5
100
AcDbEntity
100
AcDbCircle
8
KBL_FEEDER_1_2
10
-422
20
1276
30
0
40
7.04
0
CIRCLE
5
104D1
330
FEC5
100
AcDbEntity
100
AcDbCircle
8
KBL_FEEDER_1_2
10
-422
20
1276
30
0
40
5.76
0
CIRCLE
5
104D2
330
FEC5
100
AcDbEntity
100
AcDbCircle
8
KBL_FEEDER_1_2
10
-422
20
1276
30
0
40
2.8
0
CIRCLE
5
104D3
330
FEC5
100
AcDbEntity
100
AcDbCircle
8
KBL_FEEDER_1_2
10
-422
20
1276
30
0
40
1.76
0
LINE
5
104D4
330
FEC5
100
AcDbEntity
100
AcDbLine
8
KBL_FEEDER_1_2
10
-424
20
1276
30
0
11
-420
21
1276
31
0
0
LINE
5
104D5
330
FEC5
100
AcDbEntity
100
AcDbLine
8
KBL_FEEDER_1_2
10
-422
20
1274
30
0
11
-422
21
1278
31
0
0
CIRCLE
5
104D6
330
FEC5
100
AcDbEntity
100
AcDbCircle
8
KBL_FEEDER_1_2
10
-404
20
1276
30
0
40
8
0
CIRCLE
5
104D7
330
FEC5
100
AcDbEntity
100
AcDbCircle
8
KBL_FEEDER_1_2
10
-404
20
1276
30
0
40
7.04
0
CIRCLE
5
104D8
330
FEC5
100
AcDbEntity
100
AcDbCircle
8
KBL_FEEDER_1_2
10
-404
20
1276
30
0
40
5.76
0
CIRCLE
5
104D9
330
FEC5
100
AcDbEntity
100
AcDbCircle
8
KBL_FEEDER_1_2
10
-404
20
1276
30
0
40
2.8
0
CIRCLE
5
104DA
330
FEC5
100
AcDbEntity
100
AcDbCircle
8
KBL_FEEDER_1_2
10
-404
20
1276
30
0
40
1.76
0
LINE
5
104DB
330
FEC5
100
AcDbEntity
100
AcDbLine
8
KBL_FEEDER_1_2
10
-406
20
1276
30
0
11
-402
21
1276
31
0
0
LINE
5
104DC
330
FEC5
100
AcDbEntity
100
AcDbLine
8
KBL_FEEDER_1_2
10
-404
20
1274
30
0
11
-404
21
1278
31
0
0
CIRCLE
5
104DD
330
FEC5
100
AcDbEntity
100
AcDbCircle
8
KBL_FEEDER_1_2
10
-386
20
1276
30
0
40
8
0
CIRCLE
5
104DE
330
FEC5
100
AcDbEntity
100
AcDbCircle
8
KBL_FEEDER_1_2
10
-386
20
1276
30
0
40
7.04
0
CIRCLE
5
104DF
330
FEC5
100
AcDbEntity
100
AcDbCircle
8
KBL_FEEDER_1_2
10
-386
20
1276
30
0
40
5.76
0
CIRCLE
5
104E0
330
FEC5
100
AcDbEntity
100
AcDbCircle
8
KBL_FEEDER_1_2
10
-386
20
1276
30
0
40
2.8
0
CIRCLE
5
104E1
330
FEC5
100
AcDbEntity
100
AcDbCircle
8
KBL_FEEDER_1_2
10
-386
20
1276
30
0
40
1.76
0
LINE
5
104E2
330
FEC5
100
AcDbEntity
100
AcDbLine
8
KBL_FEEDER_1_2
10
-388
20
1276
30
0
11
-384
21
1276
31
0
0
LINE
5
104E3
330
FEC5
100
AcDbEntity
100
AcDbLine
8
KBL_FEEDER_1_2
10
-386
20
1274
30
0
11
-386
21
1278
31
0
0
CIRCLE
5
104E4
330
FEC5
100
AcDbEntity
100
AcDbCircle
8
KBL_FEEDER_1_2
10
-368
20
1276
30
0
40
8
0
CIRCLE
5
104E5
330
FEC5
100
AcDbEntity
100
AcDbCircle
8
KBL_FEEDER_1_2
10
-368
20
1276
30
0
40
7.04
0
CIRCLE
5
104E6
330
FEC5
100
AcDbEntity
100
AcDbCircle
8
KBL_FEEDER_1_2
10
-368
20
1276
30
0
40
5.76
0
CIRCLE
5
104E7
330
FEC5
100
AcDbEntity
100
AcDbCircle
8
KBL_FEEDER_1_2
10
-368
20
1276
30
0
40
2.8
0
CIRCLE
5
104E8
330
FEC5
100
AcDbEntity
100
AcDbCircle
8
KBL_FEEDER_1_2
10
-368
20
1276
30
0
40
1.76
0
LINE
5
104E9
330
FEC5
100
AcDbEntity
100
AcDbLine
8
KBL_FEEDER_1_2
10
-370
20
1276
30
0
11
-366
21
1276
31
0
0
LINE
5
104EA
330
FEC5
100
AcDbEntity
100
AcDbLine
8
KBL_FEEDER_1_2
10
-368
20
1274
30
0
11
-368
21
1278
31
0
0
CIRCLE
5
1051E
330
FEC5
100
AcDbEntity
100
AcDbCircle
8
KBL_FEEDER_1_2
10
-770
20
758
30
0
40
8
0
CIRCLE
5
1051F
330
FEC5
100
AcDbEntity
100
AcDbCircle
8
KBL_FEEDER_1_2
10
-770
20
758
30
0
40
7.04
0
CIRCLE
5
10520
330
FEC5
100
AcDbEntity
100
AcDbCircle
8
KBL_FEEDER_1_2
10
-770
20
758
30
0
40
5.76
0
CIRCLE
5
10521
330
FEC5
100
AcDbEntity
100
AcDbCircle
8
KBL_FEEDER_1_2
10
-770
20
758
30
0
40
2.8
0
CIRCLE
5
10522
330
FEC5
100
AcDbEntity
100
AcDbCircle
8
KBL_FEEDER_1_2
10
-770
20
758
30
0
40
1.76
0
LINE
5
10523
330
FEC5
100
AcDbEntity
100
AcDbLine
8
KBL_FEEDER_1_2
10
-772
20
758
30
0
11
-768
21
758
31
0
0
LINE
5
10524
330
FEC5
100
AcDbEntity
100
AcDbLine
8
KBL_FEEDER_1_2
10
-770
20
756
30
0
11
-770
21
760
31
0
0
CIRCLE
5
10525
330
FEC5
100
AcDbEntity
100
AcDbCircle
8
KBL_FEEDER_1_2
10
-770
20
776
30
0
40
8
0
CIRCLE
5
10526
330
FEC5
100
AcDbEntity
100
AcDbCircle
8
KBL_FEEDER_1_2
10
-770
20
776
30
0
40
7.04
0
CIRCLE
5
10527
330
FEC5
100
AcDbEntity
100
AcDbCircle
8
KBL_FEEDER_1_2
10
-770
20
776
30
0
40
5.76
0
CIRCLE
5
10528
330
FEC5
100
AcDbEntity
100
AcDbCircle
8
KBL_FEEDER_1_2
10
-770
20
776
30
0
40
2.8
0
CIRCLE
5
10529
330
FEC5
100
AcDbEntity
100
AcDbCircle
8
KBL_FEEDER_1_2
10
-770
20
776
30
0
40
1.76
0
LINE
5
1052A
330
FEC5
100
AcDbEntity
100
AcDbLine
8
KBL_FEEDER_1_2
10
-772
20
776
30
0
11
-768
21
776
31
0
0
LINE
5
1052B
330
FEC5
100
AcDbEntity
100
AcDbLine
8
KBL_FEEDER_1_2
10
-770
20
774
30
0
11
-770
21
778
31
0
0
CIRCLE
5
1052C
330
FEC5
100
AcDbEntity
100
AcDbCircle
8
KBL_FEEDER_1_2
10
-770
20
794
30
0
40
8
0
CIRCLE
5
1052D
330
FEC5
100
AcDbEntity
100
AcDbCircle
8
KBL_FEEDER_1_2
10
-770
20
794
30
0
40
7.04
0
CIRCLE
5
1052E
330
FEC5
100
AcDbEntity
100
AcDbCircle
8
KBL_FEEDER_1_2
10
-770
20
794
30
0
40
5.76
0
CIRCLE
5
1052F
330
FEC5
100
AcDbEntity
100
AcDbCircle
8
KBL_FEEDER_1_2
10
-770
20
794
30
0
40
2.8
0
CIRCLE
5
10530
330
FEC5
100
AcDbEntity
100
AcDbCircle
8
KBL_FEEDER_1_2
10
-770
20
794
30
0
40
1.76
0
LINE
5
10531
330
FEC5
100
AcDbEntity
100
AcDbLine
8
KBL_FEEDER_1_2
10
-772
20
794
30
0
11
-768
21
794
31
0
0
LINE
5
10532
330
FEC5
100
AcDbEntity
100
AcDbLine
8
KBL_FEEDER_1_2
10
-770
20
792
30
0
11
-770
21
796
31
0
0
CIRCLE
5
10533
330
FEC5
100
AcDbEntity
100
AcDbCircle
8
KBL_FEEDER_1_2
10
-770
20
812
30
0
40
8
0
CIRCLE
5
10534
330
FEC5
100
AcDbEntity
100
AcDbCircle
8
KBL_FEEDER_1_2
10
-770
20
812
30
0
40
7.04
0
CIRCLE
5
10535
330
FEC5
100
AcDbEntity
100
AcDbCircle
8
KBL_FEEDER_1_2
10
-770
20
812
30
0
40
5.76
0
CIRCLE
5
10536
330
FEC5
100
AcDbEntity
100
AcDbCircle
8
KBL_FEEDER_1_2
10
-770
20
812
30
0
40
2.8
0
CIRCLE
5
10537
330
FEC5
100
AcDbEntity
100
AcDbCircle
8
KBL_FEEDER_1_2
10
-770
20
812
30
0
40
1.76
0
LINE
5
10538
330
FEC5
100
AcDbEntity
100
AcDbLine
8
KBL_FEEDER_1_2
10
-772
20
812
30
0
11
-768
21
812
31
0
0
LINE
5
10539
330
FEC5
100
AcDbEntity
100
AcDbLine
8
KBL_FEEDER_1_2
10
-770
20
810
30
0
11
-770
21
814
31
0
0
CIRCLE
5
1053A
330
FEC5
100
AcDbEntity
100
AcDbCircle
8
KBL_FEEDER_1_2
10
-750
20
758
30
0
40
8
0
CIRCLE
5
1053B
330
FEC5
100
AcDbEntity
100
AcDbCircle
8
KBL_FEEDER_1_2
10
-750
20
758
30
0
40
7.04
0
CIRCLE
5
1053C
330
FEC5
100
AcDbEntity
100
AcDbCircle
8
KBL_FEEDER_1_2
10
-750
20
758
30
0
40
5.76
0
CIRCLE
5
1053D
330
FEC5
100
AcDbEntity
100
AcDbCircle
8
KBL_FEEDER_1_2
10
-750
20
758
30
0
40
2.8
0
CIRCLE
5
1053E
330
FEC5
100
AcDbEntity
100
AcDbCircle
8
KBL_FEEDER_1_2
10
-750
20
758
30
0
40
1.76
0
LINE
5
1053F
330
FEC5
100
AcDbEntity
100
AcDbLine
8
KBL_FEEDER_1_2
10
-752
20
758
30
0
11
-748
21
758
31
0
0
LINE
5
10540
330
FEC5
100
AcDbEntity
100
AcDbLine
8
KBL_FEEDER_1_2
10
-750
20
756
30
0
11
-750
21
760
31
0
0
CIRCLE
5
10541
330
FEC5
100
AcDbEntity
100
AcDbCircle
8
KBL_FEEDER_1_2
10
-750
20
776
30
0
40
8
0
CIRCLE
5
10542
330
FEC5
100
AcDbEntity
100
AcDbCircle
8
KBL_FEEDER_1_2
10
-750
20
776
30
0
40
7.04
0
CIRCLE
5
10543
330
FEC5
100
AcDbEntity
100
AcDbCircle
8
KBL_FEEDER_1_2
10
-750
20
776
30
0
40
5.76
0
CIRCLE
5
10544
330
FEC5
100
AcDbEntity
100
AcDbCircle
8
KBL_FEEDER_1_2
10
-750
20
776
30
0
40
2.8
0
CIRCLE
5
10545
330
FEC5
100
AcDbEntity
100
AcDbCircle
8
KBL_FEEDER_1_2
10
-750
20
776
30
0
40
1.76
0
LINE
5
10546
330
FEC5
100
AcDbEntity
100
AcDbLine
8
KBL_FEEDER_1_2
10
-752
20
776
30
0
11
-748
21
776
31
0
0
LINE
5
10547
330
FEC5
100
AcDbEntity
100
AcDbLine
8
KBL_FEEDER_1_2
10
-750
20
774
30
0
11
-750
21
778
31
0
0
CIRCLE
5
10548
330
FEC5
100
AcDbEntity
100
AcDbCircle
8
KBL_FEEDER_1_2
10
-750
20
794
30
0
40
8
0
CIRCLE
5
10549
330
FEC5
100
AcDbEntity
100
AcDbCircle
8
KBL_FEEDER_1_2
10
-750
20
794
30
0
40
7.04
0
CIRCLE
5
1054A
330
FEC5
100
AcDbEntity
100
AcDbCircle
8
KBL_FEEDER_1_2
10
-750
20
794
30
0
40
5.76
0
CIRCLE
5
1054B
330
FEC5
100
AcDbEntity
100
AcDbCircle
8
KBL_FEEDER_1_2
10
-750
20
794
30
0
40
2.8
0
CIRCLE
5
1054C
330
FEC5
100
AcDbEntity
100
AcDbCircle
8
KBL_FEEDER_1_2
10
-750
20
794
30
0
40
1.76
0
LINE
5
1054D
330
FEC5
100
AcDbEntity
100
AcDbLine
8
KBL_FEEDER_1_2
10
-752
20
794
30
0
11
-748
21
794
31
0
0
LINE
5
1054E
330
FEC5
100
AcDbEntity
100
AcDbLine
8
KBL_FEEDER_1_2
10
-750
20
792
30
0
11
-750
21
796
31
0
0
CIRCLE
5
1054F
330
FEC5
100
AcDbEntity
100
AcDbCircle
8
KBL_FEEDER_1_2
10
-750
20
812
30
0
40
8
0
CIRCLE
5
10550
330
FEC5
100
AcDbEntity
100
AcDbCircle
8
KBL_FEEDER_1_2
10
-750
20
812
30
0
40
7.04
0
CIRCLE
5
10551
330
FEC5
100
AcDbEntity
100
AcDbCircle
8
KBL_FEEDER_1_2
10
-750
20
812
30
0
40
5.76
0
CIRCLE
5
10552
330
FEC5
100
AcDbEntity
100
AcDbCircle
8
KBL_FEEDER_1_2
10
-750
20
812
30
0
40
2.8
0
CIRCLE
5
10553
330
FEC5
100
AcDbEntity
100
AcDbCircle
8
KBL_FEEDER_1_2
10
-750
20
812
30
0
40
1.76
0
LINE
5
10554
330
FEC5
100
AcDbEntity
100
AcDbLine
8
KBL_FEEDER_1_2
10
-752
20
812
30
0
11
-748
21
812
31
0
0
LINE
5
10555
330
FEC5
100
AcDbEntity
100
AcDbLine
8
KBL_FEEDER_1_2
10
-750
20
810
30
0
11
-750
21
814
31
0
0
CIRCLE
5
10556
330
FEC5
100
AcDbEntity
100
AcDbCircle
8
KBL_FEEDER_1_2
10
-730
20
758
30
0
40
8
0
CIRCLE
5
10557
330
FEC5
100
AcDbEntity
100
AcDbCircle
8
KBL_FEEDER_1_2
10
-730
20
758
30
0
40
7.04
0
CIRCLE
5
10558
330
FEC5
100
AcDbEntity
100
AcDbCircle
8
KBL_FEEDER_1_2
10
-730
20
758
30
0
40
5.76
0
CIRCLE
5
10559
330
FEC5
100
AcDbEntity
100
AcDbCircle
8
KBL_FEEDER_1_2
10
-730
20
758
30
0
40
2.8
0
CIRCLE
5
1055A
330
FEC5
100
AcDbEntity
100
AcDbCircle
8
KBL_FEEDER_1_2
10
-730
20
758
30
0
40
1.76
0
LINE
5
1055B
330
FEC5
100
AcDbEntity
100
AcDbLine
8
KBL_FEEDER_1_2
10
-732
20
758
30
0
11
-728
21
758
31
0
0
LINE
5
1055C
330
FEC5
100
AcDbEntity
100
AcDbLine
8
KBL_FEEDER_1_2
10
-730
20
756
30
0
11
-730
21
760
31
0
0
CIRCLE
5
1055D
330
FEC5
100
AcDbEntity
100
AcDbCircle
8
KBL_FEEDER_1_2
10
-730
20
776
30
0
40
8
0
CIRCLE
5
1055E
330
FEC5
100
AcDbEntity
100
AcDbCircle
8
KBL_FEEDER_1_2
10
-730
20
776
30
0
40
7.04
0
CIRCLE
5
1055F
330
FEC5
100
AcDbEntity
100
AcDbCircle
8
KBL_FEEDER_1_2
10
-730
20
776
30
0
40
5.76
0
CIRCLE
5
10560
330
FEC5
100
AcDbEntity
100
AcDbCircle
8
KBL_FEEDER_1_2
10
-730
20
776
30
0
40
2.8
0
CIRCLE
5
10561
330
FEC5
100
AcDbEntity
100
AcDbCircle
8
KBL_FEEDER_1_2
10
-730
20
776
30
0
40
1.76
0
LINE
5
10562
330
FEC5
100
AcDbEntity
100
AcDbLine
8
KBL_FEEDER_1_2
10
-732
20
776
30
0
11
-728
21
776
31
0
0
LINE
5
10563
330
FEC5
100
AcDbEntity
100
AcDbLine
8
KBL_FEEDER_1_2
10
-730
20
774
30
0
11
-730
21
778
31
0
0
CIRCLE
5
10564
330
FEC5
100
AcDbEntity
100
AcDbCircle
8
KBL_FEEDER_1_2
10
-730
20
794
30
0
40
8
0
CIRCLE
5
10565
330
FEC5
100
AcDbEntity
100
AcDbCircle
8
KBL_FEEDER_1_2
10
-730
20
794
30
0
40
7.04
0
CIRCLE
5
10566
330
FEC5
100
AcDbEntity
100
AcDbCircle
8
KBL_FEEDER_1_2
10
-730
20
794
30
0
40
5.76
0
CIRCLE
5
10567
330
FEC5
100
AcDbEntity
100
AcDbCircle
8
KBL_FEEDER_1_2
10
-730
20
794
30
0
40
2.8
0
CIRCLE
5
10568
330
FEC5
100
AcDbEntity
100
AcDbCircle
8
KBL_FEEDER_1_2
10
-730
20
794
30
0
40
1.76
0
LINE
5
10569
330
FEC5
100
AcDbEntity
100
AcDbLine
8
KBL_FEEDER_1_2
10
-732
20
794
30
0
11
-728
21
794
31
0
0
LINE
5
1056A
330
FEC5
100
AcDbEntity
100
AcDbLine
8
KBL_FEEDER_1_2
10
-730
20
792
30
0
11
-730
21
796
31
0
0
CIRCLE
5
1056B
330
FEC5
100
AcDbEntity
100
AcDbCircle
8
KBL_FEEDER_1_2
10
-730
20
812
30
0
40
8
0
CIRCLE
5
1056C
330
FEC5
100
AcDbEntity
100
AcDbCircle
8
KBL_FEEDER_1_2
10
-730
20
812
30
0
40
7.04
0
CIRCLE
5
1056D
330
FEC5
100
AcDbEntity
100
AcDbCircle
8
KBL_FEEDER_1_2
10
-730
20
812
30
0
40
5.76
0
CIRCLE
5
1056E
330
FEC5
100
AcDbEntity
100
AcDbCircle
8
KBL_FEEDER_1_2
10
-730
20
812
30
0
40
2.8
0
CIRCLE
5
1056F
330
FEC5
100
AcDbEntity
100
AcDbCircle
8
KBL_FEEDER_1_2
10
-730
20
812
30
0
40
1.76
0
LINE
5
10570
330
FEC5
100
AcDbEntity
100
AcDbLine
8
KBL_FEEDER_1_2
10
-732
20
812
30
0
11
-728
21
812
31
0
0
LINE
5
10571
330
FEC5
100
AcDbEntity
100
AcDbLine
8
KBL_FEEDER_1_2
10
-730
20
810
30
0
11
-730
21
814
31
0
0
CIRCLE
5
10572
330
FEC5
100
AcDbEntity
100
AcDbCircle
8
KBL_FEEDER_1_2
10
-710
20
758
30
0
40
8
0
CIRCLE
5
10573
330
FEC5
100
AcDbEntity
100
AcDbCircle
8
KBL_FEEDER_1_2
10
-710
20
758
30
0
40
7.04
0
CIRCLE
5
10574
330
FEC5
100
AcDbEntity
100
AcDbCircle
8
KBL_FEEDER_1_2
10
-710
20
758
30
0
40
5.76
0
CIRCLE
5
10575
330
FEC5
100
AcDbEntity
100
AcDbCircle
8
KBL_FEEDER_1_2
10
-710
20
758
30
0
40
2.8
0
CIRCLE
5
10576
330
FEC5
100
AcDbEntity
100
AcDbCircle
8
KBL_FEEDER_1_2
10
-710
20
758
30
0
40
1.76
0
LINE
5
10577
330
FEC5
100
AcDbEntity
100
AcDbLine
8
KBL_FEEDER_1_2
10
-712
20
758
30
0
11
-708
21
758
31
0
0
LINE
5
10578
330
FEC5
100
AcDbEntity
100
AcDbLine
8
KBL_FEEDER_1_2
10
-710
20
756
30
0
11
-710
21
760
31
0
0
CIRCLE
5
10579
330
FEC5
100
AcDbEntity
100
AcDbCircle
8
KBL_FEEDER_1_2
10
-710
20
776
30
0
40
8
0
CIRCLE
5
1057A
330
FEC5
100
AcDbEntity
100
AcDbCircle
8
KBL_FEEDER_1_2
10
-710
20
776
30
0
40
7.04
0
CIRCLE
5
1057B
330
FEC5
100
AcDbEntity
100
AcDbCircle
8
KBL_FEEDER_1_2
10
-710
20
776
30
0
40
5.76
0
CIRCLE
5
1057C
330
FEC5
100
AcDbEntity
100
AcDbCircle
8
KBL_FEEDER_1_2
10
-710
20
776
30
0
40
2.8
0
CIRCLE
5
1057D
330
FEC5
100
AcDbEntity
100
AcDbCircle
8
KBL_FEEDER_1_2
10
-710
20
776
30
0
40
1.76
0
LINE
5
1057E
330
FEC5
100
AcDbEntity
100
AcDbLine
8
KBL_FEEDER_1_2
10
-712
20
776
30
0
11
-708
21
776
31
0
0
LINE
5
1057F
330
FEC5
100
AcDbEntity
100
AcDbLine
8
KBL_FEEDER_1_2
10
-710
20
774
30
0
11
-710
21
778
31
0
0
CIRCLE
5
10580
330
FEC5
100
AcDbEntity
100
AcDbCircle
8
KBL_FEEDER_1_2
10
-710
20
794
30
0
40
8
0
CIRCLE
5
10581
330
FEC5
100
AcDbEntity
100
AcDbCircle
8
KBL_FEEDER_1_2
10
-710
20
794
30
0
40
7.04
0
CIRCLE
5
10582
330
FEC5
100
AcDbEntity
100
AcDbCircle
8
KBL_FEEDER_1_2
10
-710
20
794
30
0
40
5.76
0
CIRCLE
5
10583
330
FEC5
100
AcDbEntity
100
AcDbCircle
8
KBL_FEEDER_1_2
10
-710
20
794
30
0
40
2.8
0
CIRCLE
5
10584
330
FEC5
100
AcDbEntity
100
AcDbCircle
8
KBL_FEEDER_1_2
10
-710
20
794
30
0
40
1.76
0
LINE
5
10585
330
FEC5
100
AcDbEntity
100
AcDbLine
8
KBL_FEEDER_1_2
10
-712
20
794
30
0
11
-708
21
794
31
0
0
LINE
5
10586
330
FEC5
100
AcDbEntity
100
AcDbLine
8
KBL_FEEDER_1_2
10
-710
20
792
30
0
11
-710
21
796
31
0
0
CIRCLE
5
10587
330
FEC5
100
AcDbEntity
100
AcDbCircle
8
KBL_FEEDER_1_2
10
-710
20
812
30
0
40
8
0
CIRCLE
5
10588
330
FEC5
100
AcDbEntity
100
AcDbCircle
8
KBL_FEEDER_1_2
10
-710
20
812
30
0
40
7.04
0
CIRCLE
5
10589
330
FEC5
100
AcDbEntity
100
AcDbCircle
8
KBL_FEEDER_1_2
10
-710
20
812
30
0
40
5.76
0
CIRCLE
5
1058A
330
FEC5
100
AcDbEntity
100
AcDbCircle
8
KBL_FEEDER_1_2
10
-710
20
812
30
0
40
2.8
0
CIRCLE
5
1058B
330
FEC5
100
AcDbEntity
100
AcDbCircle
8
KBL_FEEDER_1_2
10
-710
20
812
30
0
40
1.76
0
LINE
5
1058C
330
FEC5
100
AcDbEntity
100
AcDbLine
8
KBL_FEEDER_1_2
10
-712
20
812
30
0
11
-708
21
812
31
0
0
LINE
5
1058D
330
FEC5
100
AcDbEntity
100
AcDbLine
8
KBL_FEEDER_1_2
10
-710
20
810
30
0
11
-710
21
814
31
0
0
CIRCLE
5
1058E
330
FEC5
100
AcDbEntity
100
AcDbCircle
8
KBL_FEEDER_1_2
10
-690
20
758
30
0
40
8
0
CIRCLE
5
1058F
330
FEC5
100
AcDbEntity
100
AcDbCircle
8
KBL_FEEDER_1_2
10
-690
20
758
30
0
40
7.04
0
CIRCLE
5
10590
330
FEC5
100
AcDbEntity
100
AcDbCircle
8
KBL_FEEDER_1_2
10
-690
20
758
30
0
40
5.76
0
CIRCLE
5
10591
330
FEC5
100
AcDbEntity
100
AcDbCircle
8
KBL_FEEDER_1_2
10
-690
20
758
30
0
40
2.8
0
CIRCLE
5
10592
330
FEC5
100
AcDbEntity
100
AcDbCircle
8
KBL_FEEDER_1_2
10
-690
20
758
30
0
40
1.76
0
LINE
5
10593
330
FEC5
100
AcDbEntity
100
AcDbLine
8
KBL_FEEDER_1_2
10
-692
20
758
30
0
11
-688
21
758
31
0
0
LINE
5
10594
330
FEC5
100
AcDbEntity
100
AcDbLine
8
KBL_FEEDER_1_2
10
-690
20
756
30
0
11
-690
21
760
31
0
0
CIRCLE
5
10595
330
FEC5
100
AcDbEntity
100
AcDbCircle
8
KBL_FEEDER_1_2
10
-690
20
776
30
0
40
8
0
CIRCLE
5
10596
330
FEC5
100
AcDbEntity
100
AcDbCircle
8
KBL_FEEDER_1_2
10
-690
20
776
30
0
40
7.04
0
CIRCLE
5
10597
330
FEC5
100
AcDbEntity
100
AcDbCircle
8
KBL_FEEDER_1_2
10
-690
20
776
30
0
40
5.76
0
CIRCLE
5
10598
330
FEC5
100
AcDbEntity
100
AcDbCircle
8
KBL_FEEDER_1_2
10
-690
20
776
30
0
40
2.8
0
CIRCLE
5
10599
330
FEC5
100
AcDbEntity
100
AcDbCircle
8
KBL_FEEDER_1_2
10
-690
20
776
30
0
40
1.76
0
LINE
5
1059A
330
FEC5
100
AcDbEntity
100
AcDbLine
8
KBL_FEEDER_1_2
10
-692
20
776
30
0
11
-688
21
776
31
0
0
LINE
5
1059B
330
FEC5
100
AcDbEntity
100
AcDbLine
8
KBL_FEEDER_1_2
10
-690
20
774
30
0
11
-690
21
778
31
0
0
CIRCLE
5
1059C
330
FEC5
100
AcDbEntity
100
AcDbCircle
8
KBL_FEEDER_1_2
10
-690
20
794
30
0
40
8
0
CIRCLE
5
1059D
330
FEC5
100
AcDbEntity
100
AcDbCircle
8
KBL_FEEDER_1_2
10
-690
20
794
30
0
40
7.04
0
CIRCLE
5
1059E
330
FEC5
100
AcDbEntity
100
AcDbCircle
8
KBL_FEEDER_1_2
10
-690
20
794
30
0
40
5.76
0
CIRCLE
5
1059F
330
FEC5
100
AcDbEntity
100
AcDbCircle
8
KBL_FEEDER_1_2
10
-690
20
794
30
0
40
2.8
0
CIRCLE
5
105A0
330
FEC5
100
AcDbEntity
100
AcDbCircle
8
KBL_FEEDER_1_2
10
-690
20
794
30
0
40
1.76
0
LINE
5
105A1
330
FEC5
100
AcDbEntity
100
AcDbLine
8
KBL_FEEDER_1_2
10
-692
20
794
30
0
11
-688
21
794
31
0
0
LINE
5
105A2
330
FEC5
100
AcDbEntity
100
AcDbLine
8
KBL_FEEDER_1_2
10
-690
20
792
30
0
11
-690
21
796
31
0
0
CIRCLE
5
105A3
330
FEC5
100
AcDbEntity
100
AcDbCircle
8
KBL_FEEDER_1_2
10
-690
20
812
30
0
40
8
0
CIRCLE
5
105A4
330
FEC5
100
AcDbEntity
100
AcDbCircle
8
KBL_FEEDER_1_2
10
-690
20
812
30
0
40
7.04
0
CIRCLE
5
105A5
330
FEC5
100
AcDbEntity
100
AcDbCircle
8
KBL_FEEDER_1_2
10
-690
20
812
30
0
40
5.76
0
CIRCLE
5
105A6
330
FEC5
100
AcDbEntity
100
AcDbCircle
8
KBL_FEEDER_1_2
10
-690
20
812
30
0
40
2.8
0
CIRCLE
5
105A7
330
FEC5
100
AcDbEntity
100
AcDbCircle
8
KBL_FEEDER_1_2
10
-690
20
812
30
0
40
1.76
0
LINE
5
105A8
330
FEC5
100
AcDbEntity
100
AcDbLine
8
KBL_FEEDER_1_2
10
-692
20
812
30
0
11
-688
21
812
31
0
0
LINE
5
105A9
330
FEC5
100
AcDbEntity
100
AcDbLine
8
KBL_FEEDER_1_2
10
-690
20
810
30
0
11
-690
21
814
31
0
0
CIRCLE
5
105AA
330
FEC5
100
AcDbEntity
100
AcDbCircle
8
KBL_FEEDER_1_2
10
-620
20
758
30
0
40
8
0
CIRCLE
5
105AB
330
FEC5
100
AcDbEntity
100
AcDbCircle
8
KBL_FEEDER_1_2
10
-620
20
758
30
0
40
7.04
0
CIRCLE
5
105AC
330
FEC5
100
AcDbEntity
100
AcDbCircle
8
KBL_FEEDER_1_2
10
-620
20
758
30
0
40
5.76
0
CIRCLE
5
105AD
330
FEC5
100
AcDbEntity
100
AcDbCircle
8
KBL_FEEDER_1_2
10
-620
20
758
30
0
40
2.8
0
CIRCLE
5
105AE
330
FEC5
100
AcDbEntity
100
AcDbCircle
8
KBL_FEEDER_1_2
10
-620
20
758
30
0
40
1.76
0
LINE
5
105AF
330
FEC5
100
AcDbEntity
100
AcDbLine
8
KBL_FEEDER_1_2
10
-622
20
758
30
0
11
-618
21
758
31
0
0
LINE
5
105B0
330
FEC5
100
AcDbEntity
100
AcDbLine
8
KBL_FEEDER_1_2
10
-620
20
756
30
0
11
-620
21
760
31
0
0
CIRCLE
5
105B1
330
FEC5
100
AcDbEntity
100
AcDbCircle
8
KBL_FEEDER_1_2
10
-600
20
758
30
0
40
8
0
CIRCLE
5
105B2
330
FEC5
100
AcDbEntity
100
AcDbCircle
8
KBL_FEEDER_1_2
10
-600
20
758
30
0
40
7.04
0
CIRCLE
5
105B3
330
FEC5
100
AcDbEntity
100
AcDbCircle
8
KBL_FEEDER_1_2
10
-600
20
758
30
0
40
5.76
0
CIRCLE
5
105B4
330
FEC5
100
AcDbEntity
100
AcDbCircle
8
KBL_FEEDER_1_2
10
-600
20
758
30
0
40
2.8
0
CIRCLE
5
105B5
330
FEC5
100
AcDbEntity
100
AcDbCircle
8
KBL_FEEDER_1_2
10
-600
20
758
30
0
40
1.76
0
LINE
5
105B6
330
FEC5
100
AcDbEntity
100
AcDbLine
8
KBL_FEEDER_1_2
10
-602
20
758
30
0
11
-598
21
758
31
0
0
LINE
5
105B7
330
FEC5
100
AcDbEntity
100
AcDbLine
8
KBL_FEEDER_1_2
10
-600
20
756
30
0
11
-600
21
760
31
0
0
CIRCLE
5
105B8
330
FEC5
100
AcDbEntity
100
AcDbCircle
8
KBL_FEEDER_1_2
10
-580
20
758
30
0
40
8
0
CIRCLE
5
105B9
330
FEC5
100
AcDbEntity
100
AcDbCircle
8
KBL_FEEDER_1_2
10
-580
20
758
30
0
40
7.04
0
CIRCLE
5
105BA
330
FEC5
100
AcDbEntity
100
AcDbCircle
8
KBL_FEEDER_1_2
10
-580
20
758
30
0
40
5.76
0
CIRCLE
5
105BB
330
FEC5
100
AcDbEntity
100
AcDbCircle
8
KBL_FEEDER_1_2
10
-580
20
758
30
0
40
2.8
0
CIRCLE
5
105BC
330
FEC5
100
AcDbEntity
100
AcDbCircle
8
KBL_FEEDER_1_2
10
-580
20
758
30
0
40
1.76
0
LINE
5
105BD
330
FEC5
100
AcDbEntity
100
AcDbLine
8
KBL_FEEDER_1_2
10
-582
20
758
30
0
11
-578
21
758
31
0
0
LINE
5
105BE
330
FEC5
100
AcDbEntity
100
AcDbLine
8
KBL_FEEDER_1_2
10
-580
20
756
30
0
11
-580
21
760
31
0
0
CIRCLE
5
105BF
330
FEC5
100
AcDbEntity
100
AcDbCircle
8
KBL_FEEDER_1_2
10
-560
20
758
30
0
40
8
0
CIRCLE
5
105C0
330
FEC5
100
AcDbEntity
100
AcDbCircle
8
KBL_FEEDER_1_2
10
-560
20
758
30
0
40
7.04
0
CIRCLE
5
105C1
330
FEC5
100
AcDbEntity
100
AcDbCircle
8
KBL_FEEDER_1_2
10
-560
20
758
30
0
40
5.76
0
CIRCLE
5
105C2
330
FEC5
100
AcDbEntity
100
AcDbCircle
8
KBL_FEEDER_1_2
10
-560
20
758
30
0
40
2.8
0
CIRCLE
5
105C3
330
FEC5
100
AcDbEntity
100
AcDbCircle
8
KBL_FEEDER_1_2
10
-560
20
758
30
0
40
1.76
0
LINE
5
105C4
330
FEC5
100
AcDbEntity
100
AcDbLine
8
KBL_FEEDER_1_2
10
-562
20
758
30
0
11
-558
21
758
31
0
0
LINE
5
105C5
330
FEC5
100
AcDbEntity
100
AcDbLine
8
KBL_FEEDER_1_2
10
-560
20
756
30
0
11
-560
21
760
31
0
0
CIRCLE
5
105C6
330
FEC5
100
AcDbEntity
100
AcDbCircle
8
KBL_FEEDER_1_2
10
-540
20
758
30
0
40
8
0
CIRCLE
5
105C7
330
FEC5
100
AcDbEntity
100
AcDbCircle
8
KBL_FEEDER_1_2
10
-540
20
758
30
0
40
7.04
0
CIRCLE
5
105C8
330
FEC5
100
AcDbEntity
100
AcDbCircle
8
KBL_FEEDER_1_2
10
-540
20
758
30
0
40
5.76
0
CIRCLE
5
105C9
330
FEC5
100
AcDbEntity
100
AcDbCircle
8
KBL_FEEDER_1_2
10
-540
20
758
30
0
40
2.8
0
CIRCLE
5
105CA
330
FEC5
100
AcDbEntity
100
AcDbCircle
8
KBL_FEEDER_1_2
10
-540
20
758
30
0
40
1.76
0
LINE
5
105CB
330
FEC5
100
AcDbEntity
100
AcDbLine
8
KBL_FEEDER_1_2
10
-542
20
758
30
0
11
-538
21
758
31
0
0
LINE
5
105CC
330
FEC5
100
AcDbEntity
100
AcDbLine
8
KBL_FEEDER_1_2
10
-540
20
756
30
0
11
-540
21
760
31
0
0
CIRCLE
5
105CD
330
FEC5
100
AcDbEntity
100
AcDbCircle
8
KBL_FEEDER_1_2
10
-520
20
758
30
0
40
8
0
CIRCLE
5
105CE
330
FEC5
100
AcDbEntity
100
AcDbCircle
8
KBL_FEEDER_1_2
10
-520
20
758
30
0
40
7.04
0
CIRCLE
5
105CF
330
FEC5
100
AcDbEntity
100
AcDbCircle
8
KBL_FEEDER_1_2
10
-520
20
758
30
0
40
5.76
0
CIRCLE
5
105D0
330
FEC5
100
AcDbEntity
100
AcDbCircle
8
KBL_FEEDER_1_2
10
-520
20
758
30
0
40
2.8
0
CIRCLE
5
105D1
330
FEC5
100
AcDbEntity
100
AcDbCircle
8
KBL_FEEDER_1_2
10
-520
20
758
30
0
40
1.76
0
LINE
5
105D2
330
FEC5
100
AcDbEntity
100
AcDbLine
8
KBL_FEEDER_1_2
10
-522
20
758
30
0
11
-518
21
758
31
0
0
LINE
5
105D3
330
FEC5
100
AcDbEntity
100
AcDbLine
8
KBL_FEEDER_1_2
10
-520
20
756
30
0
11
-520
21
760
31
0
0
CIRCLE
5
105D4
330
FEC5
100
AcDbEntity
100
AcDbCircle
8
KBL_FEEDER_1_2
10
-500
20
758
30
0
40
8
0
CIRCLE
5
105D5
330
FEC5
100
AcDbEntity
100
AcDbCircle
8
KBL_FEEDER_1_2
10
-500
20
758
30
0
40
7.04
0
CIRCLE
5
105D6
330
FEC5
100
AcDbEntity
100
AcDbCircle
8
KBL_FEEDER_1_2
10
-500
20
758
30
0
40
5.76
0
CIRCLE
5
105D7
330
FEC5
100
AcDbEntity
100
AcDbCircle
8
KBL_FEEDER_1_2
10
-500
20
758
30
0
40
2.8
0
CIRCLE
5
105D8
330
FEC5
100
AcDbEntity
100
AcDbCircle
8
KBL_FEEDER_1_2
10
-500
20
758
30
0
40
1.76
0
LINE
5
105D9
330
FEC5
100
AcDbEntity
100
AcDbLine
8
KBL_FEEDER_1_2
10
-502
20
758
30
0
11
-498
21
758
31
0
0
LINE
5
105DA
330
FEC5
100
AcDbEntity
100
AcDbLine
8
KBL_FEEDER_1_2
10
-500
20
756
30
0
11
-500
21
760
31
0
0
CIRCLE
5
105DB
330
FEC5
100
AcDbEntity
100
AcDbCircle
8
KBL_FEEDER_1_2
10
-480
20
758
30
0
40
8
0
CIRCLE
5
105DC
330
FEC5
100
AcDbEntity
100
AcDbCircle
8
KBL_FEEDER_1_2
10
-480
20
758
30
0
40
7.04
0
CIRCLE
5
105DD
330
FEC5
100
AcDbEntity
100
AcDbCircle
8
KBL_FEEDER_1_2
10
-480
20
758
30
0
40
5.76
0
CIRCLE
5
105DE
330
FEC5
100
AcDbEntity
100
AcDbCircle
8
KBL_FEEDER_1_2
10
-480
20
758
30
0
40
2.8
0
CIRCLE
5
105DF
330
FEC5
100
AcDbEntity
100
AcDbCircle
8
KBL_FEEDER_1_2
10
-480
20
758
30
0
40
1.76
0
LINE
5
105E0
330
FEC5
100
AcDbEntity
100
AcDbLine
8
KBL_FEEDER_1_2
10
-482
20
758
30
0
11
-478
21
758
31
0
0
LINE
5
105E1
330
FEC5
100
AcDbEntity
100
AcDbLine
8
KBL_FEEDER_1_2
10
-480
20
756
30
0
11
-480
21
760
31
0
0
CIRCLE
5
105E2
330
FEC5
100
AcDbEntity
100
AcDbCircle
8
KBL_FEEDER_1_2
10
-460
20
758
30
0
40
8
0
CIRCLE
5
105E3
330
FEC5
100
AcDbEntity
100
AcDbCircle
8
KBL_FEEDER_1_2
10
-460
20
758
30
0
40
7.04
0
CIRCLE
5
105E4
330
FEC5
100
AcDbEntity
100
AcDbCircle
8
KBL_FEEDER_1_2
10
-460
20
758
30
0
40
5.76
0
CIRCLE
5
105E5
330
FEC5
100
AcDbEntity
100
AcDbCircle
8
KBL_FEEDER_1_2
10
-460
20
758
30
0
40
2.8
0
CIRCLE
5
105E6
330
FEC5
100
AcDbEntity
100
AcDbCircle
8
KBL_FEEDER_1_2
10
-460
20
758
30
0
40
1.76
0
LINE
5
105E7
330
FEC5
100
AcDbEntity
100
AcDbLine
8
KBL_FEEDER_1_2
10
-462
20
758
30
0
11
-458
21
758
31
0
0
LINE
5
105E8
330
FEC5
100
AcDbEntity
100
AcDbLine
8
KBL_FEEDER_1_2
10
-460
20
756
30
0
11
-460
21
760
31
0
0
CIRCLE
5
105E9
330
FEC5
100
AcDbEntity
100
AcDbCircle
8
KBL_FEEDER_1_2
10
-440
20
758
30
0
40
8
0
CIRCLE
5
105EA
330
FEC5
100
AcDbEntity
100
AcDbCircle
8
KBL_FEEDER_1_2
10
-440
20
758
30
0
40
7.04
0
CIRCLE
5
105EB
330
FEC5
100
AcDbEntity
100
AcDbCircle
8
KBL_FEEDER_1_2
10
-440
20
758
30
0
40
5.76
0
CIRCLE
5
105EC
330
FEC5
100
AcDbEntity
100
AcDbCircle
8
KBL_FEEDER_1_2
10
-440
20
758
30
0
40
2.8
0
CIRCLE
5
105ED
330
FEC5
100
AcDbEntity
100
AcDbCircle
8
KBL_FEEDER_1_2
10
-440
20
758
30
0
40
1.76
0
LINE
5
105EE
330
FEC5
100
AcDbEntity
100
AcDbLine
8
KBL_FEEDER_1_2
10
-442
20
758
30
0
11
-438
21
758
31
0
0
LINE
5
105EF
330
FEC5
100
AcDbEntity
100
AcDbLine
8
KBL_FEEDER_1_2
10
-440
20
756
30
0
11
-440
21
760
31
0
0
CIRCLE
5
105F0
330
FEC5
100
AcDbEntity
100
AcDbCircle
8
KBL_FEEDER_1_2
10
-420
20
758
30
0
40
8
0
CIRCLE
5
105F1
330
FEC5
100
AcDbEntity
100
AcDbCircle
8
KBL_FEEDER_1_2
10
-420
20
758
30
0
40
7.04
0
CIRCLE
5
105F2
330
FEC5
100
AcDbEntity
100
AcDbCircle
8
KBL_FEEDER_1_2
10
-420
20
758
30
0
40
5.76
0
CIRCLE
5
105F3
330
FEC5
100
AcDbEntity
100
AcDbCircle
8
KBL_FEEDER_1_2
10
-420
20
758
30
0
40
2.8
0
CIRCLE
5
105F4
330
FEC5
100
AcDbEntity
100
AcDbCircle
8
KBL_FEEDER_1_2
10
-420
20
758
30
0
40
1.76
0
LINE
5
105F5
330
FEC5
100
AcDbEntity
100
AcDbLine
8
KBL_FEEDER_1_2
10
-422
20
758
30
0
11
-418
21
758
31
0
0
LINE
5
105F6
330
FEC5
100
AcDbEntity
100
AcDbLine
8
KBL_FEEDER_1_2
10
-420
20
756
30
0
11
-420
21
760
31
0
0
CIRCLE
5
105F7
330
FEC5
100
AcDbEntity
100
AcDbCircle
8
KBL_FEEDER_1_2
10
-400
20
758
30
0
40
8
0
CIRCLE
5
105F8
330
FEC5
100
AcDbEntity
100
AcDbCircle
8
KBL_FEEDER_1_2
10
-400
20
758
30
0
40
7.04
0
CIRCLE
5
105F9
330
FEC5
100
AcDbEntity
100
AcDbCircle
8
KBL_FEEDER_1_2
10
-400
20
758
30
0
40
5.76
0
CIRCLE
5
105FA
330
FEC5
100
AcDbEntity
100
AcDbCircle
8
KBL_FEEDER_1_2
10
-400
20
758
30
0
40
2.8
0
CIRCLE
5
105FB
330
FEC5
100
AcDbEntity
100
AcDbCircle
8
KBL_FEEDER_1_2
10
-400
20
758
30
0
40
1.76
0
LINE
5
105FC
330
FEC5
100
AcDbEntity
100
AcDbLine
8
KBL_FEEDER_1_2
10
-402
20
758
30
0
11
-398
21
758
31
0
0
LINE
5
105FD
330
FEC5
100
AcDbEntity
100
AcDbLine
8
KBL_FEEDER_1_2
10
-400
20
756
30
0
11
-400
21
760
31
0
0
CIRCLE
5
105FE
330
FEC5
100
AcDbEntity
100
AcDbCircle
8
KBL_FEEDER_1_2
10
-380
20
758
30
0
40
8
0
CIRCLE
5
105FF
330
FEC5
100
AcDbEntity
100
AcDbCircle
8
KBL_FEEDER_1_2
10
-380
20
758
30
0
40
7.04
0
CIRCLE
5
10600
330
FEC5
100
AcDbEntity
100
AcDbCircle
8
KBL_FEEDER_1_2
10
-380
20
758
30
0
40
5.76
0
CIRCLE
5
10601
330
FEC5
100
AcDbEntity
100
AcDbCircle
8
KBL_FEEDER_1_2
10
-380
20
758
30
0
40
2.8
0
CIRCLE
5
10602
330
FEC5
100
AcDbEntity
100
AcDbCircle
8
KBL_FEEDER_1_2
10
-380
20
758
30
0
40
1.76
0
LINE
5
10603
330
FEC5
100
AcDbEntity
100
AcDbLine
8
KBL_FEEDER_1_2
10
-382
20
758
30
0
11
-378
21
758
31
0
0
LINE
5
10604
330
FEC5
100
AcDbEntity
100
AcDbLine
8
KBL_FEEDER_1_2
10
-380
20
756
30
0
11
-380
21
760
31
0
0
CIRCLE
5
10605
330
FEC5
100
AcDbEntity
100
AcDbCircle
8
KBL_FEEDER_1_2
10
-360
20
758
30
0
40
8
0
CIRCLE
5
10606
330
FEC5
100
AcDbEntity
100
AcDbCircle
8
KBL_FEEDER_1_2
10
-360
20
758
30
0
40
7.04
0
CIRCLE
5
10607
330
FEC5
100
AcDbEntity
100
AcDbCircle
8
KBL_FEEDER_1_2
10
-360
20
758
30
0
40
5.76
0
CIRCLE
5
10608
330
FEC5
100
AcDbEntity
100
AcDbCircle
8
KBL_FEEDER_1_2
10
-360
20
758
30
0
40
2.8
0
CIRCLE
5
10609
330
FEC5
100
AcDbEntity
100
AcDbCircle
8
KBL_FEEDER_1_2
10
-360
20
758
30
0
40
1.76
0
LINE
5
1060A
330
FEC5
100
AcDbEntity
100
AcDbLine
8
KBL_FEEDER_1_2
10
-362
20
758
30
0
11
-358
21
758
31
0
0
LINE
5
1060B
330
FEC5
100
AcDbEntity
100
AcDbLine
8
KBL_FEEDER_1_2
10
-360
20
756
30
0
11
-360
21
760
31
0
0
CIRCLE
5
1060C
330
FEC5
100
AcDbEntity
100
AcDbCircle
8
KBL_FEEDER_1_2
10
-340
20
758
30
0
40
8
0
CIRCLE
5
1060D
330
FEC5
100
AcDbEntity
100
AcDbCircle
8
KBL_FEEDER_1_2
10
-340
20
758
30
0
40
7.04
0
CIRCLE
5
1060E
330
FEC5
100
AcDbEntity
100
AcDbCircle
8
KBL_FEEDER_1_2
10
-340
20
758
30
0
40
5.76
0
CIRCLE
5
1060F
330
FEC5
100
AcDbEntity
100
AcDbCircle
8
KBL_FEEDER_1_2
10
-340
20
758
30
0
40
2.8
0
CIRCLE
5
10610
330
FEC5
100
AcDbEntity
100
AcDbCircle
8
KBL_FEEDER_1_2
10
-340
20
758
30
0
40
1.76
0
LINE
5
10611
330
FEC5
100
AcDbEntity
100
AcDbLine
8
KBL_FEEDER_1_2
10
-342
20
758
30
0
11
-338
21
758
31
0
0
LINE
5
10612
330
FEC5
100
AcDbEntity
100
AcDbLine
8
KBL_FEEDER_1_2
10
-340
20
756
30
0
11
-340
21
760
31
0
0
CIRCLE
5
10613
330
FEC5
100
AcDbEntity
100
AcDbCircle
8
KBL_FEEDER_1_2
10
-620
20
776
30
0
40
8
0
CIRCLE
5
10614
330
FEC5
100
AcDbEntity
100
AcDbCircle
8
KBL_FEEDER_1_2
10
-620
20
776
30
0
40
7.04
0
CIRCLE
5
10615
330
FEC5
100
AcDbEntity
100
AcDbCircle
8
KBL_FEEDER_1_2
10
-620
20
776
30
0
40
5.76
0
CIRCLE
5
10616
330
FEC5
100
AcDbEntity
100
AcDbCircle
8
KBL_FEEDER_1_2
10
-620
20
776
30
0
40
2.8
0
CIRCLE
5
10617
330
FEC5
100
AcDbEntity
100
AcDbCircle
8
KBL_FEEDER_1_2
10
-620
20
776
30
0
40
1.76
0
LINE
5
10618
330
FEC5
100
AcDbEntity
100
AcDbLine
8
KBL_FEEDER_1_2
10
-622
20
776
30
0
11
-618
21
776
31
0
0
LINE
5
10619
330
FEC5
100
AcDbEntity
100
AcDbLine
8
KBL_FEEDER_1_2
10
-620
20
774
30
0
11
-620
21
778
31
0
0
CIRCLE
5
1061A
330
FEC5
100
AcDbEntity
100
AcDbCircle
8
KBL_FEEDER_1_2
10
-600
20
776
30
0
40
8
0
CIRCLE
5
1061B
330
FEC5
100
AcDbEntity
100
AcDbCircle
8
KBL_FEEDER_1_2
10
-600
20
776
30
0
40
7.04
0
CIRCLE
5
1061C
330
FEC5
100
AcDbEntity
100
AcDbCircle
8
KBL_FEEDER_1_2
10
-600
20
776
30
0
40
5.76
0
CIRCLE
5
1061D
330
FEC5
100
AcDbEntity
100
AcDbCircle
8
KBL_FEEDER_1_2
10
-600
20
776
30
0
40
2.8
0
CIRCLE
5
1061E
330
FEC5
100
AcDbEntity
100
AcDbCircle
8
KBL_FEEDER_1_2
10
-600
20
776
30
0
40
1.76
0
LINE
5
1061F
330
FEC5
100
AcDbEntity
100
AcDbLine
8
KBL_FEEDER_1_2
10
-602
20
776
30
0
11
-598
21
776
31
0
0
LINE
5
10620
330
FEC5
100
AcDbEntity
100
AcDbLine
8
KBL_FEEDER_1_2
10
-600
20
774
30
0
11
-600
21
778
31
0
0
CIRCLE
5
10621
330
FEC5
100
AcDbEntity
100
AcDbCircle
8
KBL_FEEDER_1_2
10
-580
20
776
30
0
40
8
0
CIRCLE
5
10622
330
FEC5
100
AcDbEntity
100
AcDbCircle
8
KBL_FEEDER_1_2
10
-580
20
776
30
0
40
7.04
0
CIRCLE
5
10623
330
FEC5
100
AcDbEntity
100
AcDbCircle
8
KBL_FEEDER_1_2
10
-580
20
776
30
0
40
5.76
0
CIRCLE
5
10624
330
FEC5
100
AcDbEntity
100
AcDbCircle
8
KBL_FEEDER_1_2
10
-580
20
776
30
0
40
2.8
0
CIRCLE
5
10625
330
FEC5
100
AcDbEntity
100
AcDbCircle
8
KBL_FEEDER_1_2
10
-580
20
776
30
0
40
1.76
0
LINE
5
10626
330
FEC5
100
AcDbEntity
100
AcDbLine
8
KBL_FEEDER_1_2
10
-582
20
776
30
0
11
-578
21
776
31
0
0
LINE
5
10627
330
FEC5
100
AcDbEntity
100
AcDbLine
8
KBL_FEEDER_1_2
10
-580
20
774
30
0
11
-580
21
778
31
0
0
CIRCLE
5
10628
330
FEC5
100
AcDbEntity
100
AcDbCircle
8
KBL_FEEDER_1_2
10
-560
20
776
30
0
40
8
0
CIRCLE
5
10629
330
FEC5
100
AcDbEntity
100
AcDbCircle
8
KBL_FEEDER_1_2
10
-560
20
776
30
0
40
7.04
0
CIRCLE
5
1062A
330
FEC5
100
AcDbEntity
100
AcDbCircle
8
KBL_FEEDER_1_2
10
-560
20
776
30
0
40
5.76
0
CIRCLE
5
1062B
330
FEC5
100
AcDbEntity
100
AcDbCircle
8
KBL_FEEDER_1_2
10
-560
20
776
30
0
40
2.8
0
CIRCLE
5
1062C
330
FEC5
100
AcDbEntity
100
AcDbCircle
8
KBL_FEEDER_1_2
10
-560
20
776
30
0
40
1.76
0
LINE
5
1062D
330
FEC5
100
AcDbEntity
100
AcDbLine
8
KBL_FEEDER_1_2
10
-562
20
776
30
0
11
-558
21
776
31
0
0
LINE
5
1062E
330
FEC5
100
AcDbEntity
100
AcDbLine
8
KBL_FEEDER_1_2
10
-560
20
774
30
0
11
-560
21
778
31
0
0
CIRCLE
5
1062F
330
FEC5
100
AcDbEntity
100
AcDbCircle
8
KBL_FEEDER_1_2
10
-540
20
776
30
0
40
8
0
CIRCLE
5
10630
330
FEC5
100
AcDbEntity
100
AcDbCircle
8
KBL_FEEDER_1_2
10
-540
20
776
30
0
40
7.04
0
CIRCLE
5
10631
330
FEC5
100
AcDbEntity
100
AcDbCircle
8
KBL_FEEDER_1_2
10
-540
20
776
30
0
40
5.76
0
CIRCLE
5
10632
330
FEC5
100
AcDbEntity
100
AcDbCircle
8
KBL_FEEDER_1_2
10
-540
20
776
30
0
40
2.8
0
CIRCLE
5
10633
330
FEC5
100
AcDbEntity
100
AcDbCircle
8
KBL_FEEDER_1_2
10
-540
20
776
30
0
40
1.76
0
LINE
5
10634
330
FEC5
100
AcDbEntity
100
AcDbLine
8
KBL_FEEDER_1_2
10
-542
20
776
30
0
11
-538
21
776
31
0
0
LINE
5
10635
330
FEC5
100
AcDbEntity
100
AcDbLine
8
KBL_FEEDER_1_2
10
-540
20
774
30
0
11
-540
21
778
31
0
0
CIRCLE
5
10636
330
FEC5
100
AcDbEntity
100
AcDbCircle
8
KBL_FEEDER_1_2
10
-520
20
776
30
0
40
8
0
CIRCLE
5
10637
330
FEC5
100
AcDbEntity
100
AcDbCircle
8
KBL_FEEDER_1_2
10
-520
20
776
30
0
40
7.04
0
CIRCLE
5
10638
330
FEC5
100
AcDbEntity
100
AcDbCircle
8
KBL_FEEDER_1_2
10
-520
20
776
30
0
40
5.76
0
CIRCLE
5
10639
330
FEC5
100
AcDbEntity
100
AcDbCircle
8
KBL_FEEDER_1_2
10
-520
20
776
30
0
40
2.8
0
CIRCLE
5
1063A
330
FEC5
100
AcDbEntity
100
AcDbCircle
8
KBL_FEEDER_1_2
10
-520
20
776
30
0
40
1.76
0
LINE
5
1063B
330
FEC5
100
AcDbEntity
100
AcDbLine
8
KBL_FEEDER_1_2
10
-522
20
776
30
0
11
-518
21
776
31
0
0
LINE
5
1063C
330
FEC5
100
AcDbEntity
100
AcDbLine
8
KBL_FEEDER_1_2
10
-520
20
774
30
0
11
-520
21
778
31
0
0
CIRCLE
5
1063D
330
FEC5
100
AcDbEntity
100
AcDbCircle
8
KBL_FEEDER_1_2
10
-500
20
776
30
0
40
8
0
CIRCLE
5
1063E
330
FEC5
100
AcDbEntity
100
AcDbCircle
8
KBL_FEEDER_1_2
10
-500
20
776
30
0
40
7.04
0
CIRCLE
5
1063F
330
FEC5
100
AcDbEntity
100
AcDbCircle
8
KBL_FEEDER_1_2
10
-500
20
776
30
0
40
5.76
0
CIRCLE
5
10640
330
FEC5
100
AcDbEntity
100
AcDbCircle
8
KBL_FEEDER_1_2
10
-500
20
776
30
0
40
2.8
0
CIRCLE
5
10641
330
FEC5
100
AcDbEntity
100
AcDbCircle
8
KBL_FEEDER_1_2
10
-500
20
776
30
0
40
1.76
0
LINE
5
10642
330
FEC5
100
AcDbEntity
100
AcDbLine
8
KBL_FEEDER_1_2
10
-502
20
776
30
0
11
-498
21
776
31
0
0
LINE
5
10643
330
FEC5
100
AcDbEntity
100
AcDbLine
8
KBL_FEEDER_1_2
10
-500
20
774
30
0
11
-500
21
778
31
0
0
CIRCLE
5
10644
330
FEC5
100
AcDbEntity
100
AcDbCircle
8
KBL_FEEDER_1_2
10
-480
20
776
30
0
40
8
0
CIRCLE
5
10645
330
FEC5
100
AcDbEntity
100
AcDbCircle
8
KBL_FEEDER_1_2
10
-480
20
776
30
0
40
7.04
0
CIRCLE
5
10646
330
FEC5
100
AcDbEntity
100
AcDbCircle
8
KBL_FEEDER_1_2
10
-480
20
776
30
0
40
5.76
0
CIRCLE
5
10647
330
FEC5
100
AcDbEntity
100
AcDbCircle
8
KBL_FEEDER_1_2
10
-480
20
776
30
0
40
2.8
0
CIRCLE
5
10648
330
FEC5
100
AcDbEntity
100
AcDbCircle
8
KBL_FEEDER_1_2
10
-480
20
776
30
0
40
1.76
0
LINE
5
10649
330
FEC5
100
AcDbEntity
100
AcDbLine
8
KBL_FEEDER_1_2
10
-482
20
776
30
0
11
-478
21
776
31
0
0
LINE
5
1064A
330
FEC5
100
AcDbEntity
100
AcDbLine
8
KBL_FEEDER_1_2
10
-480
20
774
30
0
11
-480
21
778
31
0
0
CIRCLE
5
1064B
330
FEC5
100
AcDbEntity
100
AcDbCircle
8
KBL_FEEDER_1_2
10
-460
20
776
30
0
40
8
0
CIRCLE
5
1064C
330
FEC5
100
AcDbEntity
100
AcDbCircle
8
KBL_FEEDER_1_2
10
-460
20
776
30
0
40
7.04
0
CIRCLE
5
1064D
330
FEC5
100
AcDbEntity
100
AcDbCircle
8
KBL_FEEDER_1_2
10
-460
20
776
30
0
40
5.76
0
CIRCLE
5
1064E
330
FEC5
100
AcDbEntity
100
AcDbCircle
8
KBL_FEEDER_1_2
10
-460
20
776
30
0
40
2.8
0
CIRCLE
5
1064F
330
FEC5
100
AcDbEntity
100
AcDbCircle
8
KBL_FEEDER_1_2
10
-460
20
776
30
0
40
1.76
0
LINE
5
10650
330
FEC5
100
AcDbEntity
100
AcDbLine
8
KBL_FEEDER_1_2
10
-462
20
776
30
0
11
-458
21
776
31
0
0
LINE
5
10651
330
FEC5
100
AcDbEntity
100
AcDbLine
8
KBL_FEEDER_1_2
10
-460
20
774
30
0
11
-460
21
778
31
0
0
CIRCLE
5
10652
330
FEC5
100
AcDbEntity
100
AcDbCircle
8
KBL_FEEDER_1_2
10
-440
20
776
30
0
40
8
0
CIRCLE
5
10653
330
FEC5
100
AcDbEntity
100
AcDbCircle
8
KBL_FEEDER_1_2
10
-440
20
776
30
0
40
7.04
0
CIRCLE
5
10654
330
FEC5
100
AcDbEntity
100
AcDbCircle
8
KBL_FEEDER_1_2
10
-440
20
776
30
0
40
5.76
0
CIRCLE
5
10655
330
FEC5
100
AcDbEntity
100
AcDbCircle
8
KBL_FEEDER_1_2
10
-440
20
776
30
0
40
2.8
0
CIRCLE
5
10656
330
FEC5
100
AcDbEntity
100
AcDbCircle
8
KBL_FEEDER_1_2
10
-440
20
776
30
0
40
1.76
0
LINE
5
10657
330
FEC5
100
AcDbEntity
100
AcDbLine
8
KBL_FEEDER_1_2
10
-442
20
776
30
0
11
-438
21
776
31
0
0
LINE
5
10658
330
FEC5
100
AcDbEntity
100
AcDbLine
8
KBL_FEEDER_1_2
10
-440
20
774
30
0
11
-440
21
778
31
0
0
CIRCLE
5
10659
330
FEC5
100
AcDbEntity
100
AcDbCircle
8
KBL_FEEDER_1_2
10
-420
20
776
30
0
40
8
0
CIRCLE
5
1065A
330
FEC5
100
AcDbEntity
100
AcDbCircle
8
KBL_FEEDER_1_2
10
-420
20
776
30
0
40
7.04
0
CIRCLE
5
1065B
330
FEC5
100
AcDbEntity
100
AcDbCircle
8
KBL_FEEDER_1_2
10
-420
20
776
30
0
40
5.76
0
CIRCLE
5
1065C
330
FEC5
100
AcDbEntity
100
AcDbCircle
8
KBL_FEEDER_1_2
10
-420
20
776
30
0
40
2.8
0
CIRCLE
5
1065D
330
FEC5
100
AcDbEntity
100
AcDbCircle
8
KBL_FEEDER_1_2
10
-420
20
776
30
0
40
1.76
0
LINE
5
1065E
330
FEC5
100
AcDbEntity
100
AcDbLine
8
KBL_FEEDER_1_2
10
-422
20
776
30
0
11
-418
21
776
31
0
0
LINE
5
1065F
330
FEC5
100
AcDbEntity
100
AcDbLine
8
KBL_FEEDER_1_2
10
-420
20
774
30
0
11
-420
21
778
31
0
0
CIRCLE
5
10660
330
FEC5
100
AcDbEntity
100
AcDbCircle
8
KBL_FEEDER_1_2
10
-400
20
776
30
0
40
8
0
CIRCLE
5
10661
330
FEC5
100
AcDbEntity
100
AcDbCircle
8
KBL_FEEDER_1_2
10
-400
20
776
30
0
40
7.04
0
CIRCLE
5
10662
330
FEC5
100
AcDbEntity
100
AcDbCircle
8
KBL_FEEDER_1_2
10
-400
20
776
30
0
40
5.76
0
CIRCLE
5
10663
330
FEC5
100
AcDbEntity
100
AcDbCircle
8
KBL_FEEDER_1_2
10
-400
20
776
30
0
40
2.8
0
CIRCLE
5
10664
330
FEC5
100
AcDbEntity
100
AcDbCircle
8
KBL_FEEDER_1_2
10
-400
20
776
30
0
40
1.76
0
LINE
5
10665
330
FEC5
100
AcDbEntity
100
AcDbLine
8
KBL_FEEDER_1_2
10
-402
20
776
30
0
11
-398
21
776
31
0
0
LINE
5
10666
330
FEC5
100
AcDbEntity
100
AcDbLine
8
KBL_FEEDER_1_2
10
-400
20
774
30
0
11
-400
21
778
31
0
0
CIRCLE
5
10667
330
FEC5
100
AcDbEntity
100
AcDbCircle
8
KBL_FEEDER_1_2
10
-380
20
776
30
0
40
8
0
CIRCLE
5
10668
330
FEC5
100
AcDbEntity
100
AcDbCircle
8
KBL_FEEDER_1_2
10
-380
20
776
30
0
40
7.04
0
CIRCLE
5
10669
330
FEC5
100
AcDbEntity
100
AcDbCircle
8
KBL_FEEDER_1_2
10
-380
20
776
30
0
40
5.76
0
CIRCLE
5
1066A
330
FEC5
100
AcDbEntity
100
AcDbCircle
8
KBL_FEEDER_1_2
10
-380
20
776
30
0
40
2.8
0
CIRCLE
5
1066B
330
FEC5
100
AcDbEntity
100
AcDbCircle
8
KBL_FEEDER_1_2
10
-380
20
776
30
0
40
1.76
0
LINE
5
1066C
330
FEC5
100
AcDbEntity
100
AcDbLine
8
KBL_FEEDER_1_2
10
-382
20
776
30
0
11
-378
21
776
31
0
0
LINE
5
1066D
330
FEC5
100
AcDbEntity
100
AcDbLine
8
KBL_FEEDER_1_2
10
-380
20
774
30
0
11
-380
21
778
31
0
0
CIRCLE
5
1066E
330
FEC5
100
AcDbEntity
100
AcDbCircle
8
KBL_FEEDER_1_2
10
-360
20
776
30
0
40
8
0
CIRCLE
5
1066F
330
FEC5
100
AcDbEntity
100
AcDbCircle
8
KBL_FEEDER_1_2
10
-360
20
776
30
0
40
7.04
0
CIRCLE
5
10670
330
FEC5
100
AcDbEntity
100
AcDbCircle
8
KBL_FEEDER_1_2
10
-360
20
776
30
0
40
5.76
0
CIRCLE
5
10671
330
FEC5
100
AcDbEntity
100
AcDbCircle
8
KBL_FEEDER_1_2
10
-360
20
776
30
0
40
2.8
0
CIRCLE
5
10672
330
FEC5
100
AcDbEntity
100
AcDbCircle
8
KBL_FEEDER_1_2
10
-360
20
776
30
0
40
1.76
0
LINE
5
10673
330
FEC5
100
AcDbEntity
100
AcDbLine
8
KBL_FEEDER_1_2
10
-362
20
776
30
0
11
-358
21
776
31
0
0
LINE
5
10674
330
FEC5
100
AcDbEntity
100
AcDbLine
8
KBL_FEEDER_1_2
10
-360
20
774
30
0
11
-360
21
778
31
0
0
CIRCLE
5
10675
330
FEC5
100
AcDbEntity
100
AcDbCircle
8
KBL_FEEDER_1_2
10
-340
20
776
30
0
40
8
0
CIRCLE
5
10676
330
FEC5
100
AcDbEntity
100
AcDbCircle
8
KBL_FEEDER_1_2
10
-340
20
776
30
0
40
7.04
0
CIRCLE
5
10677
330
FEC5
100
AcDbEntity
100
AcDbCircle
8
KBL_FEEDER_1_2
10
-340
20
776
30
0
40
5.76
0
CIRCLE
5
10678
330
FEC5
100
AcDbEntity
100
AcDbCircle
8
KBL_FEEDER_1_2
10
-340
20
776
30
0
40
2.8
0
CIRCLE
5
10679
330
FEC5
100
AcDbEntity
100
AcDbCircle
8
KBL_FEEDER_1_2
10
-340
20
776
30
0
40
1.76
0
LINE
5
1067A
330
FEC5
100
AcDbEntity
100
AcDbLine
8
KBL_FEEDER_1_2
10
-342
20
776
30
0
11
-338
21
776
31
0
0
LINE
5
1067B
330
FEC5
100
AcDbEntity
100
AcDbLine
8
KBL_FEEDER_1_2
10
-340
20
774
30
0
11
-340
21
778
31
0
0
CIRCLE
5
1067C
330
FEC5
100
AcDbEntity
100
AcDbCircle
8
KBL_FEEDER_1_2
10
-620
20
794
30
0
40
8
0
CIRCLE
5
1067D
330
FEC5
100
AcDbEntity
100
AcDbCircle
8
KBL_FEEDER_1_2
10
-620
20
794
30
0
40
7.04
0
CIRCLE
5
1067E
330
FEC5
100
AcDbEntity
100
AcDbCircle
8
KBL_FEEDER_1_2
10
-620
20
794
30
0
40
5.76
0
CIRCLE
5
1067F
330
FEC5
100
AcDbEntity
100
AcDbCircle
8
KBL_FEEDER_1_2
10
-620
20
794
30
0
40
2.8
0
CIRCLE
5
10680
330
FEC5
100
AcDbEntity
100
AcDbCircle
8
KBL_FEEDER_1_2
10
-620
20
794
30
0
40
1.76
0
LINE
5
10681
330
FEC5
100
AcDbEntity
100
AcDbLine
8
KBL_FEEDER_1_2
10
-622
20
794
30
0
11
-618
21
794
31
0
0
LINE
5
10682
330
FEC5
100
AcDbEntity
100
AcDbLine
8
KBL_FEEDER_1_2
10
-620
20
792
30
0
11
-620
21
796
31
0
0
CIRCLE
5
10683
330
FEC5
100
AcDbEntity
100
AcDbCircle
8
KBL_FEEDER_1_2
10
-600
20
794
30
0
40
8
0
CIRCLE
5
10684
330
FEC5
100
AcDbEntity
100
AcDbCircle
8
KBL_FEEDER_1_2
10
-600
20
794
30
0
40
7.04
0
CIRCLE
5
10685
330
FEC5
100
AcDbEntity
100
AcDbCircle
8
KBL_FEEDER_1_2
10
-600
20
794
30
0
40
5.76
0
CIRCLE
5
10686
330
FEC5
100
AcDbEntity
100
AcDbCircle
8
KBL_FEEDER_1_2
10
-600
20
794
30
0
40
2.8
0
CIRCLE
5
10687
330
FEC5
100
AcDbEntity
100
AcDbCircle
8
KBL_FEEDER_1_2
10
-600
20
794
30
0
40
1.76
0
LINE
5
10688
330
FEC5
100
AcDbEntity
100
AcDbLine
8
KBL_FEEDER_1_2
10
-602
20
794
30
0
11
-598
21
794
31
0
0
LINE
5
10689
330
FEC5
100
AcDbEntity
100
AcDbLine
8
KBL_FEEDER_1_2
10
-600
20
792
30
0
11
-600
21
796
31
0
0
CIRCLE
5
1068A
330
FEC5
100
AcDbEntity
100
AcDbCircle
8
KBL_FEEDER_1_2
10
-580
20
794
30
0
40
8
0
CIRCLE
5
1068B
330
FEC5
100
AcDbEntity
100
AcDbCircle
8
KBL_FEEDER_1_2
10
-580
20
794
30
0
40
7.04
0
CIRCLE
5
1068C
330
FEC5
100
AcDbEntity
100
AcDbCircle
8
KBL_FEEDER_1_2
10
-580
20
794
30
0
40
5.76
0
CIRCLE
5
1068D
330
FEC5
100
AcDbEntity
100
AcDbCircle
8
KBL_FEEDER_1_2
10
-580
20
794
30
0
40
2.8
0
CIRCLE
5
1068E
330
FEC5
100
AcDbEntity
100
AcDbCircle
8
KBL_FEEDER_1_2
10
-580
20
794
30
0
40
1.76
0
LINE
5
1068F
330
FEC5
100
AcDbEntity
100
AcDbLine
8
KBL_FEEDER_1_2
10
-582
20
794
30
0
11
-578
21
794
31
0
0
LINE
5
10690
330
FEC5
100
AcDbEntity
100
AcDbLine
8
KBL_FEEDER_1_2
10
-580
20
792
30
0
11
-580
21
796
31
0
0
CIRCLE
5
10691
330
FEC5
100
AcDbEntity
100
AcDbCircle
8
KBL_FEEDER_1_2
10
-560
20
794
30
0
40
8
0
CIRCLE
5
10692
330
FEC5
100
AcDbEntity
100
AcDbCircle
8
KBL_FEEDER_1_2
10
-560
20
794
30
0
40
7.04
0
CIRCLE
5
10693
330
FEC5
100
AcDbEntity
100
AcDbCircle
8
KBL_FEEDER_1_2
10
-560
20
794
30
0
40
5.76
0
CIRCLE
5
10694
330
FEC5
100
AcDbEntity
100
AcDbCircle
8
KBL_FEEDER_1_2
10
-560
20
794
30
0
40
2.8
0
CIRCLE
5
10695
330
FEC5
100
AcDbEntity
100
AcDbCircle
8
KBL_FEEDER_1_2
10
-560
20
794
30
0
40
1.76
0
LINE
5
10696
330
FEC5
100
AcDbEntity
100
AcDbLine
8
KBL_FEEDER_1_2
10
-562
20
794
30
0
11
-558
21
794
31
0
0
LINE
5
10697
330
FEC5
100
AcDbEntity
100
AcDbLine
8
KBL_FEEDER_1_2
10
-560
20
792
30
0
11
-560
21
796
31
0
0
CIRCLE
5
10698
330
FEC5
100
AcDbEntity
100
AcDbCircle
8
KBL_FEEDER_1_2
10
-540
20
794
30
0
40
8
0
CIRCLE
5
10699
330
FEC5
100
AcDbEntity
100
AcDbCircle
8
KBL_FEEDER_1_2
10
-540
20
794
30
0
40
7.04
0
CIRCLE
5
1069A
330
FEC5
100
AcDbEntity
100
AcDbCircle
8
KBL_FEEDER_1_2
10
-540
20
794
30
0
40
5.76
0
CIRCLE
5
1069B
330
FEC5
100
AcDbEntity
100
AcDbCircle
8
KBL_FEEDER_1_2
10
-540
20
794
30
0
40
2.8
0
CIRCLE
5
1069C
330
FEC5
100
AcDbEntity
100
AcDbCircle
8
KBL_FEEDER_1_2
10
-540
20
794
30
0
40
1.76
0
LINE
5
1069D
330
FEC5
100
AcDbEntity
100
AcDbLine
8
KBL_FEEDER_1_2
10
-542
20
794
30
0
11
-538
21
794
31
0
0
LINE
5
1069E
330
FEC5
100
AcDbEntity
100
AcDbLine
8
KBL_FEEDER_1_2
10
-540
20
792
30
0
11
-540
21
796
31
0
0
CIRCLE
5
1069F
330
FEC5
100
AcDbEntity
100
AcDbCircle
8
KBL_FEEDER_1_2
10
-520
20
794
30
0
40
8
0
CIRCLE
5
106A0
330
FEC5
100
AcDbEntity
100
AcDbCircle
8
KBL_FEEDER_1_2
10
-520
20
794
30
0
40
7.04
0
CIRCLE
5
106A1
330
FEC5
100
AcDbEntity
100
AcDbCircle
8
KBL_FEEDER_1_2
10
-520
20
794
30
0
40
5.76
0
CIRCLE
5
106A2
330
FEC5
100
AcDbEntity
100
AcDbCircle
8
KBL_FEEDER_1_2
10
-520
20
794
30
0
40
2.8
0
CIRCLE
5
106A3
330
FEC5
100
AcDbEntity
100
AcDbCircle
8
KBL_FEEDER_1_2
10
-520
20
794
30
0
40
1.76
0
LINE
5
106A4
330
FEC5
100
AcDbEntity
100
AcDbLine
8
KBL_FEEDER_1_2
10
-522
20
794
30
0
11
-518
21
794
31
0
0
LINE
5
106A5
330
FEC5
100
AcDbEntity
100
AcDbLine
8
KBL_FEEDER_1_2
10
-520
20
792
30
0
11
-520
21
796
31
0
0
CIRCLE
5
106A6
330
FEC5
100
AcDbEntity
100
AcDbCircle
8
KBL_FEEDER_1_2
10
-500
20
794
30
0
40
8
0
CIRCLE
5
106A7
330
FEC5
100
AcDbEntity
100
AcDbCircle
8
KBL_FEEDER_1_2
10
-500
20
794
30
0
40
7.04
0
CIRCLE
5
106A8
330
FEC5
100
AcDbEntity
100
AcDbCircle
8
KBL_FEEDER_1_2
10
-500
20
794
30
0
40
5.76
0
CIRCLE
5
106A9
330
FEC5
100
AcDbEntity
100
AcDbCircle
8
KBL_FEEDER_1_2
10
-500
20
794
30
0
40
2.8
0
CIRCLE
5
106AA
330
FEC5
100
AcDbEntity
100
AcDbCircle
8
KBL_FEEDER_1_2
10
-500
20
794
30
0
40
1.76
0
LINE
5
106AB
330
FEC5
100
AcDbEntity
100
AcDbLine
8
KBL_FEEDER_1_2
10
-502
20
794
30
0
11
-498
21
794
31
0
0
LINE
5
106AC
330
FEC5
100
AcDbEntity
100
AcDbLine
8
KBL_FEEDER_1_2
10
-500
20
792
30
0
11
-500
21
796
31
0
0
CIRCLE
5
106AD
330
FEC5
100
AcDbEntity
100
AcDbCircle
8
KBL_FEEDER_1_2
10
-480
20
794
30
0
40
8
0
CIRCLE
5
106AE
330
FEC5
100
AcDbEntity
100
AcDbCircle
8
KBL_FEEDER_1_2
10
-480
20
794
30
0
40
7.04
0
CIRCLE
5
106AF
330
FEC5
100
AcDbEntity
100
AcDbCircle
8
KBL_FEEDER_1_2
10
-480
20
794
30
0
40
5.76
0
CIRCLE
5
106B0
330
FEC5
100
AcDbEntity
100
AcDbCircle
8
KBL_FEEDER_1_2
10
-480
20
794
30
0
40
2.8
0
CIRCLE
5
106B1
330
FEC5
100
AcDbEntity
100
AcDbCircle
8
KBL_FEEDER_1_2
10
-480
20
794
30
0
40
1.76
0
LINE
5
106B2
330
FEC5
100
AcDbEntity
100
AcDbLine
8
KBL_FEEDER_1_2
10
-482
20
794
30
0
11
-478
21
794
31
0
0
LINE
5
106B3
330
FEC5
100
AcDbEntity
100
AcDbLine
8
KBL_FEEDER_1_2
10
-480
20
792
30
0
11
-480
21
796
31
0
0
CIRCLE
5
106B4
330
FEC5
100
AcDbEntity
100
AcDbCircle
8
KBL_FEEDER_1_2
10
-460
20
794
30
0
40
8
0
CIRCLE
5
106B5
330
FEC5
100
AcDbEntity
100
AcDbCircle
8
KBL_FEEDER_1_2
10
-460
20
794
30
0
40
7.04
0
CIRCLE
5
106B6
330
FEC5
100
AcDbEntity
100
AcDbCircle
8
KBL_FEEDER_1_2
10
-460
20
794
30
0
40
5.76
0
CIRCLE
5
106B7
330
FEC5
100
AcDbEntity
100
AcDbCircle
8
KBL_FEEDER_1_2
10
-460
20
794
30
0
40
2.8
0
CIRCLE
5
106B8
330
FEC5
100
AcDbEntity
100
AcDbCircle
8
KBL_FEEDER_1_2
10
-460
20
794
30
0
40
1.76
0
LINE
5
106B9
330
FEC5
100
AcDbEntity
100
AcDbLine
8
KBL_FEEDER_1_2
10
-462
20
794
30
0
11
-458
21
794
31
0
0
LINE
5
106BA
330
FEC5
100
AcDbEntity
100
AcDbLine
8
KBL_FEEDER_1_2
10
-460
20
792
30
0
11
-460
21
796
31
0
0
CIRCLE
5
106BB
330
FEC5
100
AcDbEntity
100
AcDbCircle
8
KBL_FEEDER_1_2
10
-440
20
794
30
0
40
8
0
CIRCLE
5
106BC
330
FEC5
100
AcDbEntity
100
AcDbCircle
8
KBL_FEEDER_1_2
10
-440
20
794
30
0
40
7.04
0
CIRCLE
5
106BD
330
FEC5
100
AcDbEntity
100
AcDbCircle
8
KBL_FEEDER_1_2
10
-440
20
794
30
0
40
5.76
0
CIRCLE
5
106BE
330
FEC5
100
AcDbEntity
100
AcDbCircle
8
KBL_FEEDER_1_2
10
-440
20
794
30
0
40
2.8
0
CIRCLE
5
106BF
330
FEC5
100
AcDbEntity
100
AcDbCircle
8
KBL_FEEDER_1_2
10
-440
20
794
30
0
40
1.76
0
LINE
5
106C0
330
FEC5
100
AcDbEntity
100
AcDbLine
8
KBL_FEEDER_1_2
10
-442
20
794
30
0
11
-438
21
794
31
0
0
LINE
5
106C1
330
FEC5
100
AcDbEntity
100
AcDbLine
8
KBL_FEEDER_1_2
10
-440
20
792
30
0
11
-440
21
796
31
0
0
CIRCLE
5
106C2
330
FEC5
100
AcDbEntity
100
AcDbCircle
8
KBL_FEEDER_1_2
10
-420
20
794
30
0
40
8
0
CIRCLE
5
106C3
330
FEC5
100
AcDbEntity
100
AcDbCircle
8
KBL_FEEDER_1_2
10
-420
20
794
30
0
40
7.04
0
CIRCLE
5
106C4
330
FEC5
100
AcDbEntity
100
AcDbCircle
8
KBL_FEEDER_1_2
10
-420
20
794
30
0
40
5.76
0
CIRCLE
5
106C5
330
FEC5
100
AcDbEntity
100
AcDbCircle
8
KBL_FEEDER_1_2
10
-420
20
794
30
0
40
2.8
0
CIRCLE
5
106C6
330
FEC5
100
AcDbEntity
100
AcDbCircle
8
KBL_FEEDER_1_2
10
-420
20
794
30
0
40
1.76
0
LINE
5
106C7
330
FEC5
100
AcDbEntity
100
AcDbLine
8
KBL_FEEDER_1_2
10
-422
20
794
30
0
11
-418
21
794
31
0
0
LINE
5
106C8
330
FEC5
100
AcDbEntity
100
AcDbLine
8
KBL_FEEDER_1_2
10
-420
20
792
30
0
11
-420
21
796
31
0
0
CIRCLE
5
106C9
330
FEC5
100
AcDbEntity
100
AcDbCircle
8
KBL_FEEDER_1_2
10
-400
20
794
30
0
40
8
0
CIRCLE
5
106CA
330
FEC5
100
AcDbEntity
100
AcDbCircle
8
KBL_FEEDER_1_2
10
-400
20
794
30
0
40
7.04
0
CIRCLE
5
106CB
330
FEC5
100
AcDbEntity
100
AcDbCircle
8
KBL_FEEDER_1_2
10
-400
20
794
30
0
40
5.76
0
CIRCLE
5
106CC
330
FEC5
100
AcDbEntity
100
AcDbCircle
8
KBL_FEEDER_1_2
10
-400
20
794
30
0
40
2.8
0
CIRCLE
5
106CD
330
FEC5
100
AcDbEntity
100
AcDbCircle
8
KBL_FEEDER_1_2
10
-400
20
794
30
0
40
1.76
0
LINE
5
106CE
330
FEC5
100
AcDbEntity
100
AcDbLine
8
KBL_FEEDER_1_2
10
-402
20
794
30
0
11
-398
21
794
31
0
0
LINE
5
106CF
330
FEC5
100
AcDbEntity
100
AcDbLine
8
KBL_FEEDER_1_2
10
-400
20
792
30
0
11
-400
21
796
31
0
0
CIRCLE
5
106D0
330
FEC5
100
AcDbEntity
100
AcDbCircle
8
KBL_FEEDER_1_2
10
-380
20
794
30
0
40
8
0
CIRCLE
5
106D1
330
FEC5
100
AcDbEntity
100
AcDbCircle
8
KBL_FEEDER_1_2
10
-380
20
794
30
0
40
7.04
0
CIRCLE
5
106D2
330
FEC5
100
AcDbEntity
100
AcDbCircle
8
KBL_FEEDER_1_2
10
-380
20
794
30
0
40
5.76
0
CIRCLE
5
106D3
330
FEC5
100
AcDbEntity
100
AcDbCircle
8
KBL_FEEDER_1_2
10
-380
20
794
30
0
40
2.8
0
CIRCLE
5
106D4
330
FEC5
100
AcDbEntity
100
AcDbCircle
8
KBL_FEEDER_1_2
10
-380
20
794
30
0
40
1.76
0
LINE
5
106D5
330
FEC5
100
AcDbEntity
100
AcDbLine
8
KBL_FEEDER_1_2
10
-382
20
794
30
0
11
-378
21
794
31
0
0
LINE
5
106D6
330
FEC5
100
AcDbEntity
100
AcDbLine
8
KBL_FEEDER_1_2
10
-380
20
792
30
0
11
-380
21
796
31
0
0
CIRCLE
5
106D7
330
FEC5
100
AcDbEntity
100
AcDbCircle
8
KBL_FEEDER_1_2
10
-360
20
794
30
0
40
8
0
CIRCLE
5
106D8
330
FEC5
100
AcDbEntity
100
AcDbCircle
8
KBL_FEEDER_1_2
10
-360
20
794
30
0
40
7.04
0
CIRCLE
5
106D9
330
FEC5
100
AcDbEntity
100
AcDbCircle
8
KBL_FEEDER_1_2
10
-360
20
794
30
0
40
5.76
0
CIRCLE
5
106DA
330
FEC5
100
AcDbEntity
100
AcDbCircle
8
KBL_FEEDER_1_2
10
-360
20
794
30
0
40
2.8
0
CIRCLE
5
106DB
330
FEC5
100
AcDbEntity
100
AcDbCircle
8
KBL_FEEDER_1_2
10
-360
20
794
30
0
40
1.76
0
LINE
5
106DC
330
FEC5
100
AcDbEntity
100
AcDbLine
8
KBL_FEEDER_1_2
10
-362
20
794
30
0
11
-358
21
794
31
0
0
LINE
5
106DD
330
FEC5
100
AcDbEntity
100
AcDbLine
8
KBL_FEEDER_1_2
10
-360
20
792
30
0
11
-360
21
796
31
0
0
CIRCLE
5
106DE
330
FEC5
100
AcDbEntity
100
AcDbCircle
8
KBL_FEEDER_1_2
10
-340
20
794
30
0
40
8
0
CIRCLE
5
106DF
330
FEC5
100
AcDbEntity
100
AcDbCircle
8
KBL_FEEDER_1_2
10
-340
20
794
30
0
40
7.04
0
CIRCLE
5
106E0
330
FEC5
100
AcDbEntity
100
AcDbCircle
8
KBL_FEEDER_1_2
10
-340
20
794
30
0
40
5.76
0
CIRCLE
5
106E1
330
FEC5
100
AcDbEntity
100
AcDbCircle
8
KBL_FEEDER_1_2
10
-340
20
794
30
0
40
2.8
0
CIRCLE
5
106E2
330
FEC5
100
AcDbEntity
100
AcDbCircle
8
KBL_FEEDER_1_2
10
-340
20
794
30
0
40
1.76
0
LINE
5
106E3
330
FEC5
100
AcDbEntity
100
AcDbLine
8
KBL_FEEDER_1_2
10
-342
20
794
30
0
11
-338
21
794
31
0
0
LINE
5
106E4
330
FEC5
100
AcDbEntity
100
AcDbLine
8
KBL_FEEDER_1_2
10
-340
20
792
30
0
11
-340
21
796
31
0
0
CIRCLE
5
106E5
330
FEC5
100
AcDbEntity
100
AcDbCircle
8
KBL_FEEDER_1_2
10
-620
20
812
30
0
40
8
0
CIRCLE
5
106E6
330
FEC5
100
AcDbEntity
100
AcDbCircle
8
KBL_FEEDER_1_2
10
-620
20
812
30
0
40
7.04
0
CIRCLE
5
106E7
330
FEC5
100
AcDbEntity
100
AcDbCircle
8
KBL_FEEDER_1_2
10
-620
20
812
30
0
40
5.76
0
CIRCLE
5
106E8
330
FEC5
100
AcDbEntity
100
AcDbCircle
8
KBL_FEEDER_1_2
10
-620
20
812
30
0
40
2.8
0
CIRCLE
5
106E9
330
FEC5
100
AcDbEntity
100
AcDbCircle
8
KBL_FEEDER_1_2
10
-620
20
812
30
0
40
1.76
0
LINE
5
106EA
330
FEC5
100
AcDbEntity
100
AcDbLine
8
KBL_FEEDER_1_2
10
-622
20
812
30
0
11
-618
21
812
31
0
0
LINE
5
106EB
330
FEC5
100
AcDbEntity
100
AcDbLine
8
KBL_FEEDER_1_2
10
-620
20
810
30
0
11
-620
21
814
31
0
0
CIRCLE
5
106EC
330
FEC5
100
AcDbEntity
100
AcDbCircle
8
KBL_FEEDER_1_2
10
-600
20
812
30
0
40
8
0
CIRCLE
5
106ED
330
FEC5
100
AcDbEntity
100
AcDbCircle
8
KBL_FEEDER_1_2
10
-600
20
812
30
0
40
7.04
0
CIRCLE
5
106EE
330
FEC5
100
AcDbEntity
100
AcDbCircle
8
KBL_FEEDER_1_2
10
-600
20
812
30
0
40
5.76
0
CIRCLE
5
106EF
330
FEC5
100
AcDbEntity
100
AcDbCircle
8
KBL_FEEDER_1_2
10
-600
20
812
30
0
40
2.8
0
CIRCLE
5
106F0
330
FEC5
100
AcDbEntity
100
AcDbCircle
8
KBL_FEEDER_1_2
10
-600
20
812
30
0
40
1.76
0
LINE
5
106F1
330
FEC5
100
AcDbEntity
100
AcDbLine
8
KBL_FEEDER_1_2
10
-602
20
812
30
0
11
-598
21
812
31
0
0
LINE
5
106F2
330
FEC5
100
AcDbEntity
100
AcDbLine
8
KBL_FEEDER_1_2
10
-600
20
810
30
0
11
-600
21
814
31
0
0
CIRCLE
5
106F3
330
FEC5
100
AcDbEntity
100
AcDbCircle
8
KBL_FEEDER_1_2
10
-580
20
812
30
0
40
8
0
CIRCLE
5
106F4
330
FEC5
100
AcDbEntity
100
AcDbCircle
8
KBL_FEEDER_1_2
10
-580
20
812
30
0
40
7.04
0
CIRCLE
5
106F5
330
FEC5
100
AcDbEntity
100
AcDbCircle
8
KBL_FEEDER_1_2
10
-580
20
812
30
0
40
5.76
0
CIRCLE
5
106F6
330
FEC5
100
AcDbEntity
100
AcDbCircle
8
KBL_FEEDER_1_2
10
-580
20
812
30
0
40
2.8
0
CIRCLE
5
106F7
330
FEC5
100
AcDbEntity
100
AcDbCircle
8
KBL_FEEDER_1_2
10
-580
20
812
30
0
40
1.76
0
LINE
5
106F8
330
FEC5
100
AcDbEntity
100
AcDbLine
8
KBL_FEEDER_1_2
10
-582
20
812
30
0
11
-578
21
812
31
0
0
LINE
5
106F9
330
FEC5
100
AcDbEntity
100
AcDbLine
8
KBL_FEEDER_1_2
10
-580
20
810
30
0
11
-580
21
814
31
0
0
CIRCLE
5
106FA
330
FEC5
100
AcDbEntity
100
AcDbCircle
8
KBL_FEEDER_1_2
10
-560
20
812
30
0
40
8
0
CIRCLE
5
106FB
330
FEC5
100
AcDbEntity
100
AcDbCircle
8
KBL_FEEDER_1_2
10
-560
20
812
30
0
40
7.04
0
CIRCLE
5
106FC
330
FEC5
100
AcDbEntity
100
AcDbCircle
8
KBL_FEEDER_1_2
10
-560
20
812
30
0
40
5.76
0
CIRCLE
5
106FD
330
FEC5
100
AcDbEntity
100
AcDbCircle
8
KBL_FEEDER_1_2
10
-560
20
812
30
0
40
2.8
0
CIRCLE
5
106FE
330
FEC5
100
AcDbEntity
100
AcDbCircle
8
KBL_FEEDER_1_2
10
-560
20
812
30
0
40
1.76
0
LINE
5
106FF
330
FEC5
100
AcDbEntity
100
AcDbLine
8
KBL_FEEDER_1_2
10
-562
20
812
30
0
11
-558
21
812
31
0
0
LINE
5
10700
330
FEC5
100
AcDbEntity
100
AcDbLine
8
KBL_FEEDER_1_2
10
-560
20
810
30
0
11
-560
21
814
31
0
0
CIRCLE
5
10701
330
FEC5
100
AcDbEntity
100
AcDbCircle
8
KBL_FEEDER_1_2
10
-540
20
812
30
0
40
8
0
CIRCLE
5
10702
330
FEC5
100
AcDbEntity
100
AcDbCircle
8
KBL_FEEDER_1_2
10
-540
20
812
30
0
40
7.04
0
CIRCLE
5
10703
330
FEC5
100
AcDbEntity
100
AcDbCircle
8
KBL_FEEDER_1_2
10
-540
20
812
30
0
40
5.76
0
CIRCLE
5
10704
330
FEC5
100
AcDbEntity
100
AcDbCircle
8
KBL_FEEDER_1_2
10
-540
20
812
30
0
40
2.8
0
CIRCLE
5
10705
330
FEC5
100
AcDbEntity
100
AcDbCircle
8
KBL_FEEDER_1_2
10
-540
20
812
30
0
40
1.76
0
LINE
5
10706
330
FEC5
100
AcDbEntity
100
AcDbLine
8
KBL_FEEDER_1_2
10
-542
20
812
30
0
11
-538
21
812
31
0
0
LINE
5
10707
330
FEC5
100
AcDbEntity
100
AcDbLine
8
KBL_FEEDER_1_2
10
-540
20
810
30
0
11
-540
21
814
31
0
0
CIRCLE
5
10708
330
FEC5
100
AcDbEntity
100
AcDbCircle
8
KBL_FEEDER_1_2
10
-520
20
812
30
0
40
8
0
CIRCLE
5
10709
330
FEC5
100
AcDbEntity
100
AcDbCircle
8
KBL_FEEDER_1_2
10
-520
20
812
30
0
40
7.04
0
CIRCLE
5
1070A
330
FEC5
100
AcDbEntity
100
AcDbCircle
8
KBL_FEEDER_1_2
10
-520
20
812
30
0
40
5.76
0
CIRCLE
5
1070B
330
FEC5
100
AcDbEntity
100
AcDbCircle
8
KBL_FEEDER_1_2
10
-520
20
812
30
0
40
2.8
0
CIRCLE
5
1070C
330
FEC5
100
AcDbEntity
100
AcDbCircle
8
KBL_FEEDER_1_2
10
-520
20
812
30
0
40
1.76
0
LINE
5
1070D
330
FEC5
100
AcDbEntity
100
AcDbLine
8
KBL_FEEDER_1_2
10
-522
20
812
30
0
11
-518
21
812
31
0
0
LINE
5
1070E
330
FEC5
100
AcDbEntity
100
AcDbLine
8
KBL_FEEDER_1_2
10
-520
20
810
30
0
11
-520
21
814
31
0
0
CIRCLE
5
1070F
330
FEC5
100
AcDbEntity
100
AcDbCircle
8
KBL_FEEDER_1_2
10
-500
20
812
30
0
40
8
0
CIRCLE
5
10710
330
FEC5
100
AcDbEntity
100
AcDbCircle
8
KBL_FEEDER_1_2
10
-500
20
812
30
0
40
7.04
0
CIRCLE
5
10711
330
FEC5
100
AcDbEntity
100
AcDbCircle
8
KBL_FEEDER_1_2
10
-500
20
812
30
0
40
5.76
0
CIRCLE
5
10712
330
FEC5
100
AcDbEntity
100
AcDbCircle
8
KBL_FEEDER_1_2
10
-500
20
812
30
0
40
2.8
0
CIRCLE
5
10713
330
FEC5
100
AcDbEntity
100
AcDbCircle
8
KBL_FEEDER_1_2
10
-500
20
812
30
0
40
1.76
0
LINE
5
10714
330
FEC5
100
AcDbEntity
100
AcDbLine
8
KBL_FEEDER_1_2
10
-502
20
812
30
0
11
-498
21
812
31
0
0
LINE
5
10715
330
FEC5
100
AcDbEntity
100
AcDbLine
8
KBL_FEEDER_1_2
10
-500
20
810
30
0
11
-500
21
814
31
0
0
CIRCLE
5
10716
330
FEC5
100
AcDbEntity
100
AcDbCircle
8
KBL_FEEDER_1_2
10
-480
20
812
30
0
40
8
0
CIRCLE
5
10717
330
FEC5
100
AcDbEntity
100
AcDbCircle
8
KBL_FEEDER_1_2
10
-480
20
812
30
0
40
7.04
0
CIRCLE
5
10718
330
FEC5
100
AcDbEntity
100
AcDbCircle
8
KBL_FEEDER_1_2
10
-480
20
812
30
0
40
5.76
0
CIRCLE
5
10719
330
FEC5
100
AcDbEntity
100
AcDbCircle
8
KBL_FEEDER_1_2
10
-480
20
812
30
0
40
2.8
0
CIRCLE
5
1071A
330
FEC5
100
AcDbEntity
100
AcDbCircle
8
KBL_FEEDER_1_2
10
-480
20
812
30
0
40
1.76
0
LINE
5
1071B
330
FEC5
100
AcDbEntity
100
AcDbLine
8
KBL_FEEDER_1_2
10
-482
20
812
30
0
11
-478
21
812
31
0
0
LINE
5
1071C
330
FEC5
100
AcDbEntity
100
AcDbLine
8
KBL_FEEDER_1_2
10
-480
20
810
30
0
11
-480
21
814
31
0
0
CIRCLE
5
1071D
330
FEC5
100
AcDbEntity
100
AcDbCircle
8
KBL_FEEDER_1_2
10
-460
20
812
30
0
40
8
0
CIRCLE
5
1071E
330
FEC5
100
AcDbEntity
100
AcDbCircle
8
KBL_FEEDER_1_2
10
-460
20
812
30
0
40
7.04
0
CIRCLE
5
1071F
330
FEC5
100
AcDbEntity
100
AcDbCircle
8
KBL_FEEDER_1_2
10
-460
20
812
30
0
40
5.76
0
CIRCLE
5
10720
330
FEC5
100
AcDbEntity
100
AcDbCircle
8
KBL_FEEDER_1_2
10
-460
20
812
30
0
40
2.8
0
CIRCLE
5
10721
330
FEC5
100
AcDbEntity
100
AcDbCircle
8
KBL_FEEDER_1_2
10
-460
20
812
30
0
40
1.76
0
LINE
5
10722
330
FEC5
100
AcDbEntity
100
AcDbLine
8
KBL_FEEDER_1_2
10
-462
20
812
30
0
11
-458
21
812
31
0
0
LINE
5
10723
330
FEC5
100
AcDbEntity
100
AcDbLine
8
KBL_FEEDER_1_2
10
-460
20
810
30
0
11
-460
21
814
31
0
0
CIRCLE
5
10724
330
FEC5
100
AcDbEntity
100
AcDbCircle
8
KBL_FEEDER_1_2
10
-440
20
812
30
0
40
8
0
CIRCLE
5
10725
330
FEC5
100
AcDbEntity
100
AcDbCircle
8
KBL_FEEDER_1_2
10
-440
20
812
30
0
40
7.04
0
CIRCLE
5
10726
330
FEC5
100
AcDbEntity
100
AcDbCircle
8
KBL_FEEDER_1_2
10
-440
20
812
30
0
40
5.76
0
CIRCLE
5
10727
330
FEC5
100
AcDbEntity
100
AcDbCircle
8
KBL_FEEDER_1_2
10
-440
20
812
30
0
40
2.8
0
CIRCLE
5
10728
330
FEC5
100
AcDbEntity
100
AcDbCircle
8
KBL_FEEDER_1_2
10
-440
20
812
30
0
40
1.76
0
LINE
5
10729
330
FEC5
100
AcDbEntity
100
AcDbLine
8
KBL_FEEDER_1_2
10
-442
20
812
30
0
11
-438
21
812
31
0
0
LINE
5
1072A
330
FEC5
100
AcDbEntity
100
AcDbLine
8
KBL_FEEDER_1_2
10
-440
20
810
30
0
11
-440
21
814
31
0
0
CIRCLE
5
1072B
330
FEC5
100
AcDbEntity
100
AcDbCircle
8
KBL_FEEDER_1_2
10
-420
20
812
30
0
40
8
0
CIRCLE
5
1072C
330
FEC5
100
AcDbEntity
100
AcDbCircle
8
KBL_FEEDER_1_2
10
-420
20
812
30
0
40
7.04
0
CIRCLE
5
1072D
330
FEC5
100
AcDbEntity
100
AcDbCircle
8
KBL_FEEDER_1_2
10
-420
20
812
30
0
40
5.76
0
CIRCLE
5
1072E
330
FEC5
100
AcDbEntity
100
AcDbCircle
8
KBL_FEEDER_1_2
10
-420
20
812
30
0
40
2.8
0
CIRCLE
5
1072F
330
FEC5
100
AcDbEntity
100
AcDbCircle
8
KBL_FEEDER_1_2
10
-420
20
812
30
0
40
1.76
0
LINE
5
10730
330
FEC5
100
AcDbEntity
100
AcDbLine
8
KBL_FEEDER_1_2
10
-422
20
812
30
0
11
-418
21
812
31
0
0
LINE
5
10731
330
FEC5
100
AcDbEntity
100
AcDbLine
8
KBL_FEEDER_1_2
10
-420
20
810
30
0
11
-420
21
814
31
0
0
CIRCLE
5
10732
330
FEC5
100
AcDbEntity
100
AcDbCircle
8
KBL_FEEDER_1_2
10
-400
20
812
30
0
40
8
0
CIRCLE
5
10733
330
FEC5
100
AcDbEntity
100
AcDbCircle
8
KBL_FEEDER_1_2
10
-400
20
812
30
0
40
7.04
0
CIRCLE
5
10734
330
FEC5
100
AcDbEntity
100
AcDbCircle
8
KBL_FEEDER_1_2
10
-400
20
812
30
0
40
5.76
0
CIRCLE
5
10735
330
FEC5
100
AcDbEntity
100
AcDbCircle
8
KBL_FEEDER_1_2
10
-400
20
812
30
0
40
2.8
0
CIRCLE
5
10736
330
FEC5
100
AcDbEntity
100
AcDbCircle
8
KBL_FEEDER_1_2
10
-400
20
812
30
0
40
1.76
0
LINE
5
10737
330
FEC5
100
AcDbEntity
100
AcDbLine
8
KBL_FEEDER_1_2
10
-402
20
812
30
0
11
-398
21
812
31
0
0
LINE
5
10738
330
FEC5
100
AcDbEntity
100
AcDbLine
8
KBL_FEEDER_1_2
10
-400
20
810
30
0
11
-400
21
814
31
0
0
CIRCLE
5
10739
330
FEC5
100
AcDbEntity
100
AcDbCircle
8
KBL_FEEDER_1_2
10
-380
20
812
30
0
40
8
0
CIRCLE
5
1073A
330
FEC5
100
AcDbEntity
100
AcDbCircle
8
KBL_FEEDER_1_2
10
-380
20
812
30
0
40
7.04
0
CIRCLE
5
1073B
330
FEC5
100
AcDbEntity
100
AcDbCircle
8
KBL_FEEDER_1_2
10
-380
20
812
30
0
40
5.76
0
CIRCLE
5
1073C
330
FEC5
100
AcDbEntity
100
AcDbCircle
8
KBL_FEEDER_1_2
10
-380
20
812
30
0
40
2.8
0
CIRCLE
5
1073D
330
FEC5
100
AcDbEntity
100
AcDbCircle
8
KBL_FEEDER_1_2
10
-380
20
812
30
0
40
1.76
0
LINE
5
1073E
330
FEC5
100
AcDbEntity
100
AcDbLine
8
KBL_FEEDER_1_2
10
-382
20
812
30
0
11
-378
21
812
31
0
0
LINE
5
1073F
330
FEC5
100
AcDbEntity
100
AcDbLine
8
KBL_FEEDER_1_2
10
-380
20
810
30
0
11
-380
21
814
31
0
0
CIRCLE
5
108B5
330
FEC5
100
AcDbEntity
100
AcDbCircle
8
KBL_FEEDER_1_2
10
350
20
1758
30
0
40
8
0
CIRCLE
5
108B6
330
FEC5
100
AcDbEntity
100
AcDbCircle
8
KBL_FEEDER_1_2
10
350
20
1758
30
0
40
7.04
0
CIRCLE
5
108B7
330
FEC5
100
AcDbEntity
100
AcDbCircle
8
KBL_FEEDER_1_2
10
350
20
1758
30
0
40
5.76
0
CIRCLE
5
108B8
330
FEC5
100
AcDbEntity
100
AcDbCircle
8
KBL_FEEDER_1_2
10
350
20
1758
30
0
40
2.8
0
CIRCLE
5
108B9
330
FEC5
100
AcDbEntity
100
AcDbCircle
8
KBL_FEEDER_1_2
10
350
20
1758
30
0
40
1.76
0
LINE
5
108BA
330
FEC5
100
AcDbEntity
100
AcDbLine
8
KBL_FEEDER_1_2
10
348
20
1758
30
0
11
352
21
1758
31
0
0
LINE
5
108BB
330
FEC5
100
AcDbEntity
100
AcDbLine
8
KBL_FEEDER_1_2
10
350
20
1756
30
0
11
350
21
1760
31
0
0
CIRCLE
5
108BC
330
FEC5
100
AcDbEntity
100
AcDbCircle
8
KBL_FEEDER_1_2
10
394
20
1758
30
0
40
8
0
CIRCLE
5
108BD
330
FEC5
100
AcDbEntity
100
AcDbCircle
8
KBL_FEEDER_1_2
10
394
20
1758
30
0
40
7.04
0
CIRCLE
5
108BE
330
FEC5
100
AcDbEntity
100
AcDbCircle
8
KBL_FEEDER_1_2
10
394
20
1758
30
0
40
5.76
0
CIRCLE
5
108BF
330
FEC5
100
AcDbEntity
100
AcDbCircle
8
KBL_FEEDER_1_2
10
394
20
1758
30
0
40
2.8
0
CIRCLE
5
108C0
330
FEC5
100
AcDbEntity
100
AcDbCircle
8
KBL_FEEDER_1_2
10
394
20
1758
30
0
40
1.76
0
LINE
5
108C1
330
FEC5
100
AcDbEntity
100
AcDbLine
8
KBL_FEEDER_1_2
10
392
20
1758
30
0
11
396
21
1758
31
0
0
LINE
5
108C2
330
FEC5
100
AcDbEntity
100
AcDbLine
8
KBL_FEEDER_1_2
10
394
20
1756
30
0
11
394
21
1760
31
0
0
CIRCLE
5
108C3
330
FEC5
100
AcDbEntity
100
AcDbCircle
8
KBL_FEEDER_1_2
10
438
20
1758
30
0
40
8
0
CIRCLE
5
108C4
330
FEC5
100
AcDbEntity
100
AcDbCircle
8
KBL_FEEDER_1_2
10
438
20
1758
30
0
40
7.04
0
CIRCLE
5
108C5
330
FEC5
100
AcDbEntity
100
AcDbCircle
8
KBL_FEEDER_1_2
10
438
20
1758
30
0
40
5.76
0
CIRCLE
5
108C6
330
FEC5
100
AcDbEntity
100
AcDbCircle
8
KBL_FEEDER_1_2
10
438
20
1758
30
0
40
2.8
0
CIRCLE
5
108C7
330
FEC5
100
AcDbEntity
100
AcDbCircle
8
KBL_FEEDER_1_2
10
438
20
1758
30
0
40
1.76
0
LINE
5
108C8
330
FEC5
100
AcDbEntity
100
AcDbLine
8
KBL_FEEDER_1_2
10
436
20
1758
30
0
11
440
21
1758
31
0
0
LINE
5
108C9
330
FEC5
100
AcDbEntity
100
AcDbLine
8
KBL_FEEDER_1_2
10
438
20
1756
30
0
11
438
21
1760
31
0
0
CIRCLE
5
108CA
330
FEC5
100
AcDbEntity
100
AcDbCircle
8
KBL_FEEDER_1_2
10
482
20
1758
30
0
40
8
0
CIRCLE
5
108CB
330
FEC5
100
AcDbEntity
100
AcDbCircle
8
KBL_FEEDER_1_2
10
482
20
1758
30
0
40
7.04
0
CIRCLE
5
108CC
330
FEC5
100
AcDbEntity
100
AcDbCircle
8
KBL_FEEDER_1_2
10
482
20
1758
30
0
40
5.76
0
CIRCLE
5
108CD
330
FEC5
100
AcDbEntity
100
AcDbCircle
8
KBL_FEEDER_1_2
10
482
20
1758
30
0
40
2.8
0
CIRCLE
5
108CE
330
FEC5
100
AcDbEntity
100
AcDbCircle
8
KBL_FEEDER_1_2
10
482
20
1758
30
0
40
1.76
0
LINE
5
108CF
330
FEC5
100
AcDbEntity
100
AcDbLine
8
KBL_FEEDER_1_2
10
480
20
1758
30
0
11
484
21
1758
31
0
0
LINE
5
108D0
330
FEC5
100
AcDbEntity
100
AcDbLine
8
KBL_FEEDER_1_2
10
482
20
1756
30
0
11
482
21
1760
31
0
0
CIRCLE
5
108D1
330
FEC5
100
AcDbEntity
100
AcDbCircle
8
KBL_FEEDER_1_2
10
526
20
1758
30
0
40
8
0
CIRCLE
5
108D2
330
FEC5
100
AcDbEntity
100
AcDbCircle
8
KBL_FEEDER_1_2
10
526
20
1758
30
0
40
7.04
0
CIRCLE
5
108D3
330
FEC5
100
AcDbEntity
100
AcDbCircle
8
KBL_FEEDER_1_2
10
526
20
1758
30
0
40
5.76
0
CIRCLE
5
108D4
330
FEC5
100
AcDbEntity
100
AcDbCircle
8
KBL_FEEDER_1_2
10
526
20
1758
30
0
40
2.8
0
CIRCLE
5
108D5
330
FEC5
100
AcDbEntity
100
AcDbCircle
8
KBL_FEEDER_1_2
10
526
20
1758
30
0
40
1.76
0
LINE
5
108D6
330
FEC5
100
AcDbEntity
100
AcDbLine
8
KBL_FEEDER_1_2
10
524
20
1758
30
0
11
528
21
1758
31
0
0
LINE
5
108D7
330
FEC5
100
AcDbEntity
100
AcDbLine
8
KBL_FEEDER_1_2
10
526
20
1756
30
0
11
526
21
1760
31
0
0
CIRCLE
5
108D8
330
FEC5
100
AcDbEntity
100
AcDbCircle
8
KBL_FEEDER_1_2
10
570
20
1758
30
0
40
8
0
CIRCLE
5
108D9
330
FEC5
100
AcDbEntity
100
AcDbCircle
8
KBL_FEEDER_1_2
10
570
20
1758
30
0
40
7.04
0
CIRCLE
5
108DA
330
FEC5
100
AcDbEntity
100
AcDbCircle
8
KBL_FEEDER_1_2
10
570
20
1758
30
0
40
5.76
0
CIRCLE
5
108DB
330
FEC5
100
AcDbEntity
100
AcDbCircle
8
KBL_FEEDER_1_2
10
570
20
1758
30
0
40
2.8
0
CIRCLE
5
108DC
330
FEC5
100
AcDbEntity
100
AcDbCircle
8
KBL_FEEDER_1_2
10
570
20
1758
30
0
40
1.76
0
LINE
5
108DD
330
FEC5
100
AcDbEntity
100
AcDbLine
8
KBL_FEEDER_1_2
10
568
20
1758
30
0
11
572
21
1758
31
0
0
LINE
5
108DE
330
FEC5
100
AcDbEntity
100
AcDbLine
8
KBL_FEEDER_1_2
10
570
20
1756
30
0
11
570
21
1760
31
0
0
CIRCLE
5
108DF
330
FEC5
100
AcDbEntity
100
AcDbCircle
8
KBL_FEEDER_1_2
10
614
20
1758
30
0
40
8
0
CIRCLE
5
108E0
330
FEC5
100
AcDbEntity
100
AcDbCircle
8
KBL_FEEDER_1_2
10
614
20
1758
30
0
40
7.04
0
CIRCLE
5
108E1
330
FEC5
100
AcDbEntity
100
AcDbCircle
8
KBL_FEEDER_1_2
10
614
20
1758
30
0
40
5.76
0
CIRCLE
5
108E2
330
FEC5
100
AcDbEntity
100
AcDbCircle
8
KBL_FEEDER_1_2
10
614
20
1758
30
0
40
2.8
0
CIRCLE
5
108E3
330
FEC5
100
AcDbEntity
100
AcDbCircle
8
KBL_FEEDER_1_2
10
614
20
1758
30
0
40
1.76
0
LINE
5
108E4
330
FEC5
100
AcDbEntity
100
AcDbLine
8
KBL_FEEDER_1_2
10
612
20
1758
30
0
11
616
21
1758
31
0
0
LINE
5
108E5
330
FEC5
100
AcDbEntity
100
AcDbLine
8
KBL_FEEDER_1_2
10
614
20
1756
30
0
11
614
21
1760
31
0
0
CIRCLE
5
108E6
330
FEC5
100
AcDbEntity
100
AcDbCircle
8
KBL_FEEDER_1_2
10
658
20
1758
30
0
40
8
0
CIRCLE
5
108E7
330
FEC5
100
AcDbEntity
100
AcDbCircle
8
KBL_FEEDER_1_2
10
658
20
1758
30
0
40
7.04
0
CIRCLE
5
108E8
330
FEC5
100
AcDbEntity
100
AcDbCircle
8
KBL_FEEDER_1_2
10
658
20
1758
30
0
40
5.76
0
CIRCLE
5
108E9
330
FEC5
100
AcDbEntity
100
AcDbCircle
8
KBL_FEEDER_1_2
10
658
20
1758
30
0
40
2.8
0
CIRCLE
5
108EA
330
FEC5
100
AcDbEntity
100
AcDbCircle
8
KBL_FEEDER_1_2
10
658
20
1758
30
0
40
1.76
0
LINE
5
108EB
330
FEC5
100
AcDbEntity
100
AcDbLine
8
KBL_FEEDER_1_2
10
656
20
1758
30
0
11
660
21
1758
31
0
0
LINE
5
108EC
330
FEC5
100
AcDbEntity
100
AcDbLine
8
KBL_FEEDER_1_2
10
658
20
1756
30
0
11
658
21
1760
31
0
0
CIRCLE
5
108ED
330
FEC5
100
AcDbEntity
100
AcDbCircle
8
KBL_FEEDER_1_2
10
702
20
1758
30
0
40
8
0
CIRCLE
5
108EE
330
FEC5
100
AcDbEntity
100
AcDbCircle
8
KBL_FEEDER_1_2
10
702
20
1758
30
0
40
7.04
0
CIRCLE
5
108EF
330
FEC5
100
AcDbEntity
100
AcDbCircle
8
KBL_FEEDER_1_2
10
702
20
1758
30
0
40
5.76
0
CIRCLE
5
108F0
330
FEC5
100
AcDbEntity
100
AcDbCircle
8
KBL_FEEDER_1_2
10
702
20
1758
30
0
40
2.8
0
CIRCLE
5
108F1
330
FEC5
100
AcDbEntity
100
AcDbCircle
8
KBL_FEEDER_1_2
10
702
20
1758
30
0
40
1.76
0
LINE
5
108F2
330
FEC5
100
AcDbEntity
100
AcDbLine
8
KBL_FEEDER_1_2
10
700
20
1758
30
0
11
704
21
1758
31
0
0
LINE
5
108F3
330
FEC5
100
AcDbEntity
100
AcDbLine
8
KBL_FEEDER_1_2
10
702
20
1756
30
0
11
702
21
1760
31
0
0
CIRCLE
5
108F4
330
FEC5
100
AcDbEntity
100
AcDbCircle
8
KBL_FEEDER_1_2
10
746
20
1758
30
0
40
8
0
CIRCLE
5
108F5
330
FEC5
100
AcDbEntity
100
AcDbCircle
8
KBL_FEEDER_1_2
10
746
20
1758
30
0
40
7.04
0
CIRCLE
5
108F6
330
FEC5
100
AcDbEntity
100
AcDbCircle
8
KBL_FEEDER_1_2
10
746
20
1758
30
0
40
5.76
0
CIRCLE
5
108F7
330
FEC5
100
AcDbEntity
100
AcDbCircle
8
KBL_FEEDER_1_2
10
746
20
1758
30
0
40
2.8
0
CIRCLE
5
108F8
330
FEC5
100
AcDbEntity
100
AcDbCircle
8
KBL_FEEDER_1_2
10
746
20
1758
30
0
40
1.76
0
LINE
5
108F9
330
FEC5
100
AcDbEntity
100
AcDbLine
8
KBL_FEEDER_1_2
10
744
20
1758
30
0
11
748
21
1758
31
0
0
LINE
5
108FA
330
FEC5
100
AcDbEntity
100
AcDbLine
8
KBL_FEEDER_1_2
10
746
20
1756
30
0
11
746
21
1760
31
0
0
CIRCLE
5
108FB
330
FEC5
100
AcDbEntity
100
AcDbCircle
8
KBL_FEEDER_1_2
10
350
20
1783
30
0
40
8
0
CIRCLE
5
108FC
330
FEC5
100
AcDbEntity
100
AcDbCircle
8
KBL_FEEDER_1_2
10
350
20
1783
30
0
40
7.04
0
CIRCLE
5
108FD
330
FEC5
100
AcDbEntity
100
AcDbCircle
8
KBL_FEEDER_1_2
10
350
20
1783
30
0
40
5.76
0
CIRCLE
5
108FE
330
FEC5
100
AcDbEntity
100
AcDbCircle
8
KBL_FEEDER_1_2
10
350
20
1783
30
0
40
2.8
0
CIRCLE
5
108FF
330
FEC5
100
AcDbEntity
100
AcDbCircle
8
KBL_FEEDER_1_2
10
350
20
1783
30
0
40
1.76
0
LINE
5
10900
330
FEC5
100
AcDbEntity
100
AcDbLine
8
KBL_FEEDER_1_2
10
348
20
1783
30
0
11
352
21
1783
31
0
0
LINE
5
10901
330
FEC5
100
AcDbEntity
100
AcDbLine
8
KBL_FEEDER_1_2
10
350
20
1781
30
0
11
350
21
1785
31
0
0
CIRCLE
5
10902
330
FEC5
100
AcDbEntity
100
AcDbCircle
8
KBL_FEEDER_1_2
10
394
20
1783
30
0
40
8
0
CIRCLE
5
10903
330
FEC5
100
AcDbEntity
100
AcDbCircle
8
KBL_FEEDER_1_2
10
394
20
1783
30
0
40
7.04
0
CIRCLE
5
10904
330
FEC5
100
AcDbEntity
100
AcDbCircle
8
KBL_FEEDER_1_2
10
394
20
1783
30
0
40
5.76
0
CIRCLE
5
10905
330
FEC5
100
AcDbEntity
100
AcDbCircle
8
KBL_FEEDER_1_2
10
394
20
1783
30
0
40
2.8
0
CIRCLE
5
10906
330
FEC5
100
AcDbEntity
100
AcDbCircle
8
KBL_FEEDER_1_2
10
394
20
1783
30
0
40
1.76
0
LINE
5
10907
330
FEC5
100
AcDbEntity
100
AcDbLine
8
KBL_FEEDER_1_2
10
392
20
1783
30
0
11
396
21
1783
31
0
0
LINE
5
10908
330
FEC5
100
AcDbEntity
100
AcDbLine
8
KBL_FEEDER_1_2
10
394
20
1781
30
0
11
394
21
1785
31
0
0
CIRCLE
5
10909
330
FEC5
100
AcDbEntity
100
AcDbCircle
8
KBL_FEEDER_1_2
10
438
20
1783
30
0
40
8
0
CIRCLE
5
1090A
330
FEC5
100
AcDbEntity
100
AcDbCircle
8
KBL_FEEDER_1_2
10
438
20
1783
30
0
40
7.04
0
CIRCLE
5
1090B
330
FEC5
100
AcDbEntity
100
AcDbCircle
8
KBL_FEEDER_1_2
10
438
20
1783
30
0
40
5.76
0
CIRCLE
5
1090C
330
FEC5
100
AcDbEntity
100
AcDbCircle
8
KBL_FEEDER_1_2
10
438
20
1783
30
0
40
2.8
0
CIRCLE
5
1090D
330
FEC5
100
AcDbEntity
100
AcDbCircle
8
KBL_FEEDER_1_2
10
438
20
1783
30
0
40
1.76
0
LINE
5
1090E
330
FEC5
100
AcDbEntity
100
AcDbLine
8
KBL_FEEDER_1_2
10
436
20
1783
30
0
11
440
21
1783
31
0
0
LINE
5
1090F
330
FEC5
100
AcDbEntity
100
AcDbLine
8
KBL_FEEDER_1_2
10
438
20
1781
30
0
11
438
21
1785
31
0
0
CIRCLE
5
10910
330
FEC5
100
AcDbEntity
100
AcDbCircle
8
KBL_FEEDER_1_2
10
482
20
1783
30
0
40
8
0
CIRCLE
5
10911
330
FEC5
100
AcDbEntity
100
AcDbCircle
8
KBL_FEEDER_1_2
10
482
20
1783
30
0
40
7.04
0
CIRCLE
5
10912
330
FEC5
100
AcDbEntity
100
AcDbCircle
8
KBL_FEEDER_1_2
10
482
20
1783
30
0
40
5.76
0
CIRCLE
5
10913
330
FEC5
100
AcDbEntity
100
AcDbCircle
8
KBL_FEEDER_1_2
10
482
20
1783
30
0
40
2.8
0
CIRCLE
5
10914
330
FEC5
100
AcDbEntity
100
AcDbCircle
8
KBL_FEEDER_1_2
10
482
20
1783
30
0
40
1.76
0
LINE
5
10915
330
FEC5
100
AcDbEntity
100
AcDbLine
8
KBL_FEEDER_1_2
10
480
20
1783
30
0
11
484
21
1783
31
0
0
LINE
5
10916
330
FEC5
100
AcDbEntity
100
AcDbLine
8
KBL_FEEDER_1_2
10
482
20
1781
30
0
11
482
21
1785
31
0
0
CIRCLE
5
10917
330
FEC5
100
AcDbEntity
100
AcDbCircle
8
KBL_FEEDER_1_2
10
526
20
1783
30
0
40
8
0
CIRCLE
5
10918
330
FEC5
100
AcDbEntity
100
AcDbCircle
8
KBL_FEEDER_1_2
10
526
20
1783
30
0
40
7.04
0
CIRCLE
5
10919
330
FEC5
100
AcDbEntity
100
AcDbCircle
8
KBL_FEEDER_1_2
10
526
20
1783
30
0
40
5.76
0
CIRCLE
5
1091A
330
FEC5
100
AcDbEntity
100
AcDbCircle
8
KBL_FEEDER_1_2
10
526
20
1783
30
0
40
2.8
0
CIRCLE
5
1091B
330
FEC5
100
AcDbEntity
100
AcDbCircle
8
KBL_FEEDER_1_2
10
526
20
1783
30
0
40
1.76
0
LINE
5
1091C
330
FEC5
100
AcDbEntity
100
AcDbLine
8
KBL_FEEDER_1_2
10
524
20
1783
30
0
11
528
21
1783
31
0
0
LINE
5
1091D
330
FEC5
100
AcDbEntity
100
AcDbLine
8
KBL_FEEDER_1_2
10
526
20
1781
30
0
11
526
21
1785
31
0
0
CIRCLE
5
1091E
330
FEC5
100
AcDbEntity
100
AcDbCircle
8
KBL_FEEDER_1_2
10
570
20
1783
30
0
40
8
0
CIRCLE
5
1091F
330
FEC5
100
AcDbEntity
100
AcDbCircle
8
KBL_FEEDER_1_2
10
570
20
1783
30
0
40
7.04
0
CIRCLE
5
10920
330
FEC5
100
AcDbEntity
100
AcDbCircle
8
KBL_FEEDER_1_2
10
570
20
1783
30
0
40
5.76
0
CIRCLE
5
10921
330
FEC5
100
AcDbEntity
100
AcDbCircle
8
KBL_FEEDER_1_2
10
570
20
1783
30
0
40
2.8
0
CIRCLE
5
10922
330
FEC5
100
AcDbEntity
100
AcDbCircle
8
KBL_FEEDER_1_2
10
570
20
1783
30
0
40
1.76
0
LINE
5
10923
330
FEC5
100
AcDbEntity
100
AcDbLine
8
KBL_FEEDER_1_2
10
568
20
1783
30
0
11
572
21
1783
31
0
0
LINE
5
10924
330
FEC5
100
AcDbEntity
100
AcDbLine
8
KBL_FEEDER_1_2
10
570
20
1781
30
0
11
570
21
1785
31
0
0
CIRCLE
5
10925
330
FEC5
100
AcDbEntity
100
AcDbCircle
8
KBL_FEEDER_1_2
10
614
20
1783
30
0
40
8
0
CIRCLE
5
10926
330
FEC5
100
AcDbEntity
100
AcDbCircle
8
KBL_FEEDER_1_2
10
614
20
1783
30
0
40
7.04
0
CIRCLE
5
10927
330
FEC5
100
AcDbEntity
100
AcDbCircle
8
KBL_FEEDER_1_2
10
614
20
1783
30
0
40
5.76
0
CIRCLE
5
10928
330
FEC5
100
AcDbEntity
100
AcDbCircle
8
KBL_FEEDER_1_2
10
614
20
1783
30
0
40
2.8
0
CIRCLE
5
10929
330
FEC5
100
AcDbEntity
100
AcDbCircle
8
KBL_FEEDER_1_2
10
614
20
1783
30
0
40
1.76
0
LINE
5
1092A
330
FEC5
100
AcDbEntity
100
AcDbLine
8
KBL_FEEDER_1_2
10
612
20
1783
30
0
11
616
21
1783
31
0
0
LINE
5
1092B
330
FEC5
100
AcDbEntity
100
AcDbLine
8
KBL_FEEDER_1_2
10
614
20
1781
30
0
11
614
21
1785
31
0
0
CIRCLE
5
1092C
330
FEC5
100
AcDbEntity
100
AcDbCircle
8
KBL_FEEDER_1_2
10
658
20
1783
30
0
40
8
0
CIRCLE
5
1092D
330
FEC5
100
AcDbEntity
100
AcDbCircle
8
KBL_FEEDER_1_2
10
658
20
1783
30
0
40
7.04
0
CIRCLE
5
1092E
330
FEC5
100
AcDbEntity
100
AcDbCircle
8
KBL_FEEDER_1_2
10
658
20
1783
30
0
40
5.76
0
CIRCLE
5
1092F
330
FEC5
100
AcDbEntity
100
AcDbCircle
8
KBL_FEEDER_1_2
10
658
20
1783
30
0
40
2.8
0
CIRCLE
5
10930
330
FEC5
100
AcDbEntity
100
AcDbCircle
8
KBL_FEEDER_1_2
10
658
20
1783
30
0
40
1.76
0
LINE
5
10931
330
FEC5
100
AcDbEntity
100
AcDbLine
8
KBL_FEEDER_1_2
10
656
20
1783
30
0
11
660
21
1783
31
0
0
LINE
5
10932
330
FEC5
100
AcDbEntity
100
AcDbLine
8
KBL_FEEDER_1_2
10
658
20
1781
30
0
11
658
21
1785
31
0
0
CIRCLE
5
10933
330
FEC5
100
AcDbEntity
100
AcDbCircle
8
KBL_FEEDER_1_2
10
702
20
1783
30
0
40
8
0
CIRCLE
5
10934
330
FEC5
100
AcDbEntity
100
AcDbCircle
8
KBL_FEEDER_1_2
10
702
20
1783
30
0
40
7.04
0
CIRCLE
5
10935
330
FEC5
100
AcDbEntity
100
AcDbCircle
8
KBL_FEEDER_1_2
10
702
20
1783
30
0
40
5.76
0
CIRCLE
5
10936
330
FEC5
100
AcDbEntity
100
AcDbCircle
8
KBL_FEEDER_1_2
10
702
20
1783
30
0
40
2.8
0
CIRCLE
5
10937
330
FEC5
100
AcDbEntity
100
AcDbCircle
8
KBL_FEEDER_1_2
10
702
20
1783
30
0
40
1.76
0
LINE
5
10938
330
FEC5
100
AcDbEntity
100
AcDbLine
8
KBL_FEEDER_1_2
10
700
20
1783
30
0
11
704
21
1783
31
0
0
LINE
5
10939
330
FEC5
100
AcDbEntity
100
AcDbLine
8
KBL_FEEDER_1_2
10
702
20
1781
30
0
11
702
21
1785
31
0
0
CIRCLE
5
1093A
330
FEC5
100
AcDbEntity
100
AcDbCircle
8
KBL_FEEDER_1_2
10
746
20
1783
30
0
40
8
0
CIRCLE
5
1093B
330
FEC5
100
AcDbEntity
100
AcDbCircle
8
KBL_FEEDER_1_2
10
746
20
1783
30
0
40
7.04
0
CIRCLE
5
1093C
330
FEC5
100
AcDbEntity
100
AcDbCircle
8
KBL_FEEDER_1_2
10
746
20
1783
30
0
40
5.76
0
CIRCLE
5
1093D
330
FEC5
100
AcDbEntity
100
AcDbCircle
8
KBL_FEEDER_1_2
10
746
20
1783
30
0
40
2.8
0
CIRCLE
5
1093E
330
FEC5
100
AcDbEntity
100
AcDbCircle
8
KBL_FEEDER_1_2
10
746
20
1783
30
0
40
1.76
0
LINE
5
1093F
330
FEC5
100
AcDbEntity
100
AcDbLine
8
KBL_FEEDER_1_2
10
744
20
1783
30
0
11
748
21
1783
31
0
0
LINE
5
10940
330
FEC5
100
AcDbEntity
100
AcDbLine
8
KBL_FEEDER_1_2
10
746
20
1781
30
0
11
746
21
1785
31
0
0
CIRCLE
5
10A55
330
FEC5
100
AcDbEntity
100
AcDbCircle
8
KBL_FEEDER_1_2
10
490
20
295
30
0
40
8
0
CIRCLE
5
10A56
330
FEC5
100
AcDbEntity
100
AcDbCircle
8
KBL_FEEDER_1_2
10
490
20
295
30
0
40
7.04
0
CIRCLE
5
10A57
330
FEC5
100
AcDbEntity
100
AcDbCircle
8
KBL_FEEDER_1_2
10
490
20
295
30
0
40
5.76
0
CIRCLE
5
10A58
330
FEC5
100
AcDbEntity
100
AcDbCircle
8
KBL_FEEDER_1_2
10
490
20
295
30
0
40
2.8
0
CIRCLE
5
10A59
330
FEC5
100
AcDbEntity
100
AcDbCircle
8
KBL_FEEDER_1_2
10
490
20
295
30
0
40
1.76
0
LINE
5
10A5A
330
FEC5
100
AcDbEntity
100
AcDbLine
8
KBL_FEEDER_1_2
10
488
20
295
30
0
11
492
21
295
31
0
0
LINE
5
10A5B
330
FEC5
100
AcDbEntity
100
AcDbLine
8
KBL_FEEDER_1_2
10
490
20
293
30
0
11
490
21
297
31
0
0
ENDSEC
0
SECTION
2
OBJECTS
0
DICTIONARY
5
FEB3
330
0
100
AcDbDictionary
281
1
3
ACAD_GROUP
350
FEC9
0
DICTIONARY
5
FEC9
330
FEB3
100
AcDbDictionary
281
1
0
ENDSEC
0
EOF